wide corpus: 4594 entries, 50% of inputs
frontier lanes: 20% of inputs
interesting corpus: 0 entries, 0% of inputs
run: /Users/janwillem/Developer/Xcode/ApusApus/SwiftSyntaxFuzzer/runs/worker-1/2026-10-07T08-39-21Z
seed: 4354586892308818372
iterations: 100000
probe mode: persistent
seed corpus: /Users/janwillem/Developer/Xcode/ApusApus/SwiftSyntaxFuzzer/seeds/known-problems.txt (63 entries)
artifact cap: 10000 files, 1024 MB
artifact statuses: advent-no-generated-tree,advent-overaccept,advent-underaccept,crash,invalid-probe-output,probe-error,residual-ambiguity,timeout,tree-difference
artifact cap per status: 500
artifact dedupe: signal
interesting passes: /Users/janwillem/Developer/Xcode/ApusApus/SwiftSyntaxFuzzer/runs/worker-1/2026-10-07T08-39-21Z/interesting.jsonl (cap 2000)
[1/100000] same closure-call len=57 artifacts=0 same=1
[24/100000] reference-disagreement member-list-wide-boundary len=146 artifacts=0 reference-disagreement=1 same=23
[30/100000] reference-disagreement wide:closure:raw:real:Parser:909 len=426 artifacts=0 reference-disagreement=2 same=28
[49/100000] reference-disagreement binding-pattern len=458 artifacts=0 reference-disagreement=3 same=46
[60/100000] reference-disagreement wide:extension-member:raw:real:ResultBuilders:375 len=196 artifacts=0 reference-disagreement=4 same=56
[73/100000] reference-disagreement nested-ifconfig-boundary len=163 artifacts=0 reference-disagreement=5 same=68
[81/100000] reference-disagreement wide:trailing-closure:newline+newline:real:Syntax+StringInterpolation:478 len=149 artifacts=0 reference-disagreement=6 same=75
[104/100000] reference-disagreement tspl-divergence-accessor-commitment len=49 artifacts=0 reference-disagreement=7 same=97
[111/100000] reference-disagreement wide:extension-member:raw:real:BuildableNodes:1588 len=1063 artifacts=0 reference-disagreement=8 same=103
[118/100000] reference-disagreement wide:before-statement:line-comment+line-comment:translated:testInvalid33#1 len=85 artifacts=0 reference-disagreement=9 same=109
[147/100000] reference-disagreement wide:extension-member:raw:real:SyntaxTraits:170 len=436 artifacts=0 reference-disagreement=10 same=137
[172/100000] reference-disagreement wide:ifconfig:raw:translated:testOperatorDeclDesignatedTypes9#1 len=73 artifacts=0 reference-disagreement=11 same=161
[174/100000] reference-disagreement wide:closure:raw:real:RawSyntaxNodesQRS:17 len=89 artifacts=0 reference-disagreement=12 same=162
[184/100000] reference-disagreement wide:closure:glue:real:ResultBuilders:741+expression:testAwaitIf3#1 len=226 artifacts=0 reference-disagreement=13 same=171
[200/100000] reference-disagreement wide:struct-member:raw:translated:testDiagnosticMissingFuncKeyword3#1 len=33 artifacts=0 reference-disagreement=14 same=186
[220/100000] reference-disagreement tspl-divergence-protocol-body len=225 artifacts=0 reference-disagreement=15 same=205
[239/100000] reference-disagreement wide:func-body:block-comment+line-comment+block-comment:translated:testInvalidStringInterpolationProtocol3#1 len=465 artifacts=0 reference-disagreement=16 same=223
[240/100000] reference-disagreement binding-pattern len=458 artifacts=0 reference-disagreement=17 same=223
[250/100000] same frontier:condition-trailing-closure-scope len=467 artifacts=0 reference-disagreement=17 same=233
[268/100000] reference-disagreement wide:trailing-closure:newline+glue+glue:real:RegexLiteralLexer:577 len=472 artifacts=0 reference-disagreement=18 same=250
[287/100000] reference-disagreement tspl-divergence-protocol-body len=175 artifacts=0 reference-disagreement=19 same=268
[296/100000] reference-disagreement grammarish-member-list len=265 artifacts=0 reference-disagreement=20 same=276
[313/100000] reference-disagreement wide:trailing-closure:raw:real:Parameters:56 len=79 artifacts=0 reference-disagreement=21 same=292
[321/100000] reference-disagreement wide:ifconfig:raw:declaration:testOpenVarInCodeBlockItemList#1 len=49 artifacts=0 reference-disagreement=22 same=299
[333/100000] reference-disagreement wide:trailing-closure:raw:translated:testForwardSlashRegex175#1+real:Syntax+StringInterpolation:526 len=72 artifacts=0 reference-disagreement=23 same=310
[337/100000] reference-disagreement wide:extension-member:line-comment+newline:real:Declarations:1336 len=1017 artifacts=0 reference-disagreement=24 same=313
[338/100000] reference-disagreement grammarish-member-list len=435 artifacts=0 reference-disagreement=25 same=313
[364/100000] reference-disagreement wide:closure:raw:real:Syntax+StringInterpolation:527 len=92 artifacts=0 reference-disagreement=26 same=338
[391/100000] reference-disagreement wide:closure:raw:real:GrammarNode:62 len=337 artifacts=0 reference-disagreement=27 same=364
[406/100000] reference-disagreement wide:ifconfig:delete:type:testClosureSignatures#2+translated:testObjectLiterals2b#1 len=88 artifacts=0 reference-disagreement=28 same=378
[434/100000] reference-disagreement attribute-ifconfig-elseif-list len=116 artifacts=0 reference-disagreement=29 same=405
[435/100000] reference-disagreement attribute-ifconfig-elseif-list len=130 artifacts=0 reference-disagreement=30 same=405
[436/100000] reference-disagreement statement-list len=600 artifacts=0 reference-disagreement=31 same=405
[489/100000] reference-disagreement wide:func-body:line-comment:translated:testForwardSlashRegexSkipping23#1+translated:testEffectfulProperties6#1 len=156 artifacts=0 reference-disagreement=32 same=457
[500/100000] same seed-corpus-wrapped:generic-where-newline len=105 artifacts=0 reference-disagreement=32 same=468
[563/100000] reference-disagreement wide:after-statement:raw:declaration:testVariableDeclarations#11 len=69 artifacts=0 reference-disagreement=33 same=530
[565/100000] reference-disagreement wide:closure:block-comment:real:JSONDecoding:405 len=764 artifacts=0 reference-disagreement=34 same=531
[572/100000] reference-disagreement wide:closure:space+keyword:real:SyntaxExpressibleByStringInterpolationConformances:208 len=144 artifacts=0 reference-disagreement=35 same=537
[588/100000] reference-disagreement binding-pattern len=458 artifacts=0 reference-disagreement=36 same=552
[598/100000] reference-disagreement wide:top:newline+block-comment+splice:phase4-type:func-type-args len=38 artifacts=0 reference-disagreement=37 same=561
[614/100000] reference-disagreement wide:extension-member:raw:type:testNonisolatedSpecifier#16+real:Attributes:390 len=751 artifacts=0 reference-disagreement=38 same=576
[625/100000] reference-disagreement wide:struct-member:glue:real:SyntaxEditUtils:70 len=741 artifacts=0 reference-disagreement=39 same=586
[637/100000] reference-disagreement wide:struct-member:space+block-comment:real:CustomTraits:35 len=179 artifacts=0 reference-disagreement=40 same=597
[640/100000] reference-disagreement grammarish-member-list len=109 artifacts=0 reference-disagreement=41 same=599
[675/100000] reference-disagreement tspl-divergence-accessor-commitment len=49 artifacts=0 reference-disagreement=42 same=633
[686/100000] reference-disagreement tspl-divergence-protocol-body len=111 artifacts=0 reference-disagreement=43 same=643
[700/100000] reference-disagreement wide:func-body:block-comment+space+newline:real:Attributes:821 len=514 artifacts=0 reference-disagreement=44 same=656
[715/100000] reference-disagreement wide:func-body:newline+newline:real:ResultBuilders:502 len=138 artifacts=0 reference-disagreement=45 same=670
[736/100000] reference-disagreement func-body len=458 artifacts=0 reference-disagreement=46 same=690
[750/100000] same frontier:statement-member-context len=93 artifacts=0 reference-disagreement=46 same=704
[779/100000] reference-disagreement attribute-ifconfig-elseif-list len=120 artifacts=0 reference-disagreement=47 same=732
[794/100000] reference-disagreement wide:trailing-closure:newline+glue:declaration:testParsePreconcurrency#2 len=48 artifacts=0 reference-disagreement=48 same=746
[795/100000] reference-disagreement nested-ifconfig-boundary len=163 artifacts=0 reference-disagreement=49 same=746
[838/100000] reference-disagreement wide:extension-member:space+space+newline:phase4-closure:capture-named+real:MissingNodeInitializers:26 len=176 artifacts=0 reference-disagreement=50 same=788
[841/100000] reference-disagreement wide:trailing-closure:raw:real:RawSyntaxLayoutView:13 len=418 artifacts=0 reference-disagreement=51 same=790
[862/100000] reference-disagreement statement-list len=650 artifacts=0 reference-disagreement=52 same=810
[874/100000] reference-disagreement statement-list len=458 artifacts=0 reference-disagreement=53 same=821
[927/100000] reference-disagreement tspl-divergence-accessor-commitment len=78 artifacts=0 reference-disagreement=54 same=873
[970/100000] reference-disagreement wide:trailing-closure:line-comment+newline:translated:testOperators13#1 len=55 artifacts=0 reference-disagreement=55 same=915
[989/100000] reference-disagreement wide:func-body:block-comment:translated:testSwitch65#1 len=39 artifacts=0 reference-disagreement=56 same=933
[1000/100000] same pattern-switch len=107 artifacts=0 reference-disagreement=56 same=944
[1013/100000] reference-disagreement wide:struct-member:keyword+newline:real:CompilerPlugin:107 len=442 artifacts=0 reference-disagreement=57 same=956
[1023/100000] reference-disagreement wide:trailing-closure:raw:real:ResultBuilders:280 len=125 artifacts=0 reference-disagreement=58 same=965
[1030/100000] reference-disagreement wide:before-statement:raw:declaration:testConstAsArgumentLabel#3 len=51 artifacts=0 reference-disagreement=59 same=971
[1040/100000] reference-disagreement wide:closure:glue:translated:testOptionalChainLvalues5#1 len=146 artifacts=0 reference-disagreement=60 same=980
[1056/100000] reference-disagreement wide:extension-member:line-comment:real:Syntax+StringInterpolation:471 len=83 artifacts=0 reference-disagreement=61 same=995
[1074/100000] reference-disagreement member-list-wide-boundary len=328 artifacts=0 reference-disagreement=62 same=1012
[1084/100000] reference-disagreement cast-try-operator-cluster len=24 artifacts=0 reference-disagreement=63 same=1021
[1110/100000] reference-disagreement tspl-divergence-accessor-commitment len=78 artifacts=0 reference-disagreement=64 same=1046
[1170/100000] reference-disagreement wide:struct-member:raw:real:SourceLocation:784 len=539 artifacts=0 reference-disagreement=65 same=1105
[1176/100000] reference-disagreement wide:struct-member:space+glue:real:DeclSyntaxParseable:62 len=70 artifacts=0 reference-disagreement=66 same=1110
[1186/100000] reference-disagreement attribute-ifconfig-elseif-list len=126 artifacts=0 reference-disagreement=67 same=1119
[1187/100000] reference-disagreement wide:struct-member:space+space:translated:testDiagnoseAvailability5#1 len=97 artifacts=0 reference-disagreement=68 same=1119
[1191/100000] reference-disagreement wide:closure:newline+newline:real:SyntaxTraits:790 len=140 artifacts=0 reference-disagreement=69 same=1122
[1194/100000] reference-disagreement wide:func-body:raw:real:SyntaxTraits:772 len=78 artifacts=0 reference-disagreement=70 same=1124
[1250/100000] same seed-corpus-wrapped:ownership-consuming-param len=56 artifacts=0 reference-disagreement=70 same=1180
[1257/100000] reference-disagreement attribute-ifconfig-elseif-list len=108 artifacts=0 reference-disagreement=71 same=1186
[1274/100000] reference-disagreement tspl-divergence-protocol-body len=235 artifacts=0 reference-disagreement=72 same=1202
[1288/100000] reference-disagreement wide:after-statement:duplicate:real:Trivia:159+statement:testIdentifierPattern#1 len=415 artifacts=0 reference-disagreement=73 same=1215
[1302/100000] reference-disagreement keypath-boundary len=37 artifacts=0 reference-disagreement=74 same=1228
[1303/100000] reference-disagreement wide:closure:raw:real:Convenience:128 len=311 artifacts=0 reference-disagreement=75 same=1228
[1312/100000] reference-disagreement wide:before-statement:newline:translated:testEffectfulProperties5#1+real:CompilerPlugin:57 len=208 artifacts=0 reference-disagreement=76 same=1236
[1318/100000] reference-disagreement wide:struct-member:raw:real:SyntaxTraits:120 len=676 artifacts=0 reference-disagreement=77 same=1241
[1340/100000] reference-disagreement wide:closure:raw:translated:testInitDeinit14#1 len=151 artifacts=0 reference-disagreement=78 same=1262
[1346/100000] reference-disagreement wide:after-statement:raw:translated:testSubscripting17#1 len=59 artifacts=0 reference-disagreement=79 same=1267
[1353/100000] reference-disagreement grammarish-member-list len=303 artifacts=0 reference-disagreement=80 same=1273
[1383/100000] reference-disagreement wide:top:glue:translated:testModuleSelectorAttrs#1 len=80 artifacts=0 reference-disagreement=81 same=1302
[1389/100000] reference-disagreement tspl-divergence-protocol-body len=145 artifacts=0 reference-disagreement=82 same=1307
[1400/100000] reference-disagreement tspl-divergence-accessor-commitment len=78 artifacts=0 reference-disagreement=83 same=1317
[1451/100000] reference-disagreement wide:closure:raw:real:ParserDiagnosticMessages:581 len=199 artifacts=0 reference-disagreement=84 same=1367
[1466/100000] reference-disagreement wide:extension-member:block-comment:real:SyntaxTraits:702 len=81 artifacts=0 reference-disagreement=85 same=1381
[1474/100000] reference-disagreement tspl-divergence-protocol-body len=188 artifacts=0 reference-disagreement=86 same=1388
[1491/100000] reference-disagreement wide:top:keyword:attribute:testABIAttribute#7 len=67 artifacts=0 reference-disagreement=87 same=1404
[1497/100000] reference-disagreement wide:top:newline+space:attribute:testABIAttribute#8+translated:testTypeExpr11#7 len=97 artifacts=0 reference-disagreement=88 same=1409
[1500/100000] same type-let len=45 artifacts=0 reference-disagreement=88 same=1412
[1514/100000] reference-disagreement statement-list len=644 artifacts=0 reference-disagreement=89 same=1425
[1520/100000] reference-disagreement wide:func-body:newline+line-comment:translated:testMatchingPatterns29#1+translated:testRegex4#1 len=266 artifacts=0 reference-disagreement=90 same=1430
[1524/100000] reference-disagreement tspl-divergence-protocol-body len=151 artifacts=0 reference-disagreement=91 same=1433
[1535/100000] reference-disagreement wide:trailing-closure:glue+newline:real:SwiftSyntaxCompatibility:462 len=827 artifacts=0 reference-disagreement=92 same=1443
[1540/100000] reference-disagreement wide:after-statement:block-comment+delete:statement:testTypedThrows#2 len=48 artifacts=0 reference-disagreement=93 same=1447
[1551/100000] reference-disagreement wide:before-statement:line-comment:reject:testABIAttribute#8 len=125 artifacts=0 reference-disagreement=94 same=1457
[1574/100000] reference-disagreement grammarish-member-list len=139 artifacts=0 reference-disagreement=95 same=1479
[1578/100000] reference-disagreement attribute-ifconfig-elseif-list len=133 artifacts=0 reference-disagreement=96 same=1482
[1581/100000] reference-disagreement wide:top:keyword+newline:declaration:testAttributedMacroExpansionDeclaration#6+attribute:testLexicalLifetimes#1 len=55 artifacts=0 reference-disagreement=97 same=1484
[1590/100000] reference-disagreement wide:before-statement:keyword:translated:testEffectfulProperties14#1 len=92 artifacts=0 reference-disagreement=98 same=1492
[1599/100000] reference-disagreement keypath-component-matrix len=40 artifacts=0 reference-disagreement=99 same=1500
[1618/100000] reference-disagreement attribute-ifconfig-elseif-list len=116 artifacts=0 reference-disagreement=100 same=1518
[1625/100000] reference-disagreement wide:trailing-closure:glue+line-comment:real:ParserDiagnosticMessages:461 len=755 artifacts=0 reference-disagreement=101 same=1524
[1649/100000] reference-disagreement wide:interpolation:raw:translated:testForwardSlashRegex177#1 len=18 artifacts=0 reference-disagreement=102 same=1547
[1663/100000] reference-disagreement grammarish-member-list len=241 artifacts=0 reference-disagreement=103 same=1560
[1668/100000] reference-disagreement wide:interpolation:raw:translated:testAvailabilityQuery11#1 len=33 artifacts=0 reference-disagreement=104 same=1564
[1731/100000] reference-disagreement tspl-divergence-protocol-body len=173 artifacts=0 reference-disagreement=105 same=1626
[1750/100000] same tspl-divergence-type-shape len=91 artifacts=0 reference-disagreement=105 same=1645
[1751/100000] reference-disagreement tspl-divergence-accessor-commitment len=78 artifacts=0 reference-disagreement=106 same=1645
[1767/100000] reference-disagreement wide:trailing-closure:line-comment+line-comment:real:ParserDiagnosticMessages:488 len=290 artifacts=0 reference-disagreement=107 same=1660
[1768/100000] reference-disagreement tspl-divergence-protocol-body len=97 artifacts=0 reference-disagreement=108 same=1660
[1787/100000] reference-disagreement wide:extension-member:raw:translated:testInvalid39#1 len=47 artifacts=0 reference-disagreement=109 same=1678
[1807/100000] reference-disagreement cast-try-operator-cluster len=24 artifacts=0 reference-disagreement=110 same=1697
[1820/100000] reference-disagreement wide:func-body:raw:real:Attributes:930+phase4-ifconfig:if-not len=1005 artifacts=0 reference-disagreement=111 same=1709
[1824/100000] reference-disagreement wide:before-statement:raw:translated:testSwitch17#1 len=64 artifacts=0 reference-disagreement=112 same=1712
[1846/100000] reference-disagreement wide:func-body:raw:real:ConvenienceInitializers:189 len=78 artifacts=0 reference-disagreement=113 same=1733
[1852/100000] reference-disagreement member-list-wide-boundary len=358 artifacts=0 reference-disagreement=114 same=1738
[1879/100000] reference-disagreement grammarish-member-list len=176 artifacts=0 reference-disagreement=115 same=1764
[1881/100000] reference-disagreement wide:extension-member:raw:translated:testForwardSlashRegexSkipping29#1+translated:testDeinitAsync#1 len=95 artifacts=0 reference-disagreement=116 same=1765
[1888/100000] reference-disagreement wide:closure:newline:translated:testOperatorDecl5#1 len=48 artifacts=0 reference-disagreement=117 same=1771
[1927/100000] reference-disagreement wide:struct-member:keyword:real:BuildConfiguration:28 len=354 artifacts=0 reference-disagreement=118 same=1809
[1942/100000] reference-disagreement tspl-divergence-protocol-body len=98 artifacts=0 reference-disagreement=119 same=1823
[1944/100000] reference-disagreement tspl-divergence-protocol-body len=101 artifacts=0 reference-disagreement=120 same=1824
[1954/100000] reference-disagreement wide:top:newline:translated:testOperatorDeclDesignatedTypes19#1 len=44 artifacts=0 reference-disagreement=121 same=1833
[1961/100000] reference-disagreement wide:trailing-closure:duplicate:real:ResultBuilders:719 len=186 artifacts=0 reference-disagreement=122 same=1839
[1966/100000] reference-disagreement wide:after-statement:raw:reject:testModuleSelectorExpr#16 len=30 artifacts=0 reference-disagreement=123 same=1843
[1973/100000] reference-disagreement member-list-wide-boundary len=184 artifacts=0 reference-disagreement=124 same=1849
[1991/100000] reference-disagreement wide:struct-member:newline+newline:phase4-misc:unavail-cond len=66 artifacts=0 reference-disagreement=125 same=1866
[2000/100000] same wide:func-body:swap+splice:attribute:testABIAttribute#11 len=68 artifacts=0 reference-disagreement=125 same=1875
[2008/100000] reference-disagreement wide:extension-member:line-comment:real:SyntaxTraits:738 len=99 artifacts=0 reference-disagreement=126 same=1882
[2011/100000] reference-disagreement keypath-component-matrix len=31 artifacts=0 reference-disagreement=127 same=1884
[2021/100000] reference-disagreement wide:func-body:glue:real:SyntaxTraits:758+attribute:testEffects#2 len=244 artifacts=0 reference-disagreement=128 same=1893
[2028/100000] reference-disagreement tspl-divergence-protocol-body len=164 artifacts=0 reference-disagreement=129 same=1899
[2030/100000] reference-disagreement wide:struct-member:newline:translated:testSwitch41#1+phase2-infix:ternary len=647 artifacts=0 reference-disagreement=130 same=1900
[2043/100000] reference-disagreement wide:func-body:raw:real:SyntaxExpressibleByStringInterpolationConformances:253+translated:testModuleSelectorCorrectCode#7 len=209 artifacts=0 reference-disagreement=131 same=1912
[2050/100000] reference-disagreement member-list-wide-boundary len=132 artifacts=0 reference-disagreement=132 same=1918
[2127/100000] reference-disagreement wide:after-statement:splice+newline:reject:testModuleSelectorType#3 len=42 artifacts=0 reference-disagreement=133 same=1994
[2132/100000] reference-disagreement wide:after-statement:glue:statement:testHangingYieldArgument#1 len=36 artifacts=0 reference-disagreement=134 same=1998
[2133/100000] reference-disagreement keypath-component-matrix len=34 artifacts=0 reference-disagreement=135 same=1998
[2139/100000] reference-disagreement tspl-divergence-accessor-commitment len=49 artifacts=0 reference-disagreement=136 same=2003
[2149/100000] reference-disagreement wide:struct-member:raw:real:ResultBuilderExtensions:97 len=390 artifacts=0 reference-disagreement=137 same=2012
[2162/100000] reference-disagreement wide:ifconfig:delete+duplicate:phase2-postfix:subscript len=30 artifacts=0 reference-disagreement=138 same=2024
[2179/100000] reference-disagreement wide:ifconfig:line-comment+newline+newline:translated:testInitDeinit21#1 len=64 artifacts=0 reference-disagreement=139 same=2040
[2187/100000] reference-disagreement wide:interpolation:splice+space+swap:translated:testForwardSlashRegex182#1 len=21 artifacts=0 reference-disagreement=140 same=2047
[2192/100000] reference-disagreement cast-try-operator-cluster len=24 artifacts=0 reference-disagreement=141 same=2051
[2199/100000] reference-disagreement wide:func-body:space+line-comment:real:Parameters:35+declaration:testDeinitializers#2 len=96 artifacts=0 reference-disagreement=142 same=2057
[2241/100000] reference-disagreement wide:func-body:raw:real:SyntaxTraits:388 len=421 artifacts=0 reference-disagreement=143 same=2098
[2250/100000] same frontier:interpolation-delimiter len=364 artifacts=0 reference-disagreement=143 same=2107
[2254/100000] reference-disagreement tspl-divergence-accessor-commitment len=78 artifacts=0 reference-disagreement=144 same=2110
[2259/100000] reference-disagreement wide:func-body:line-comment+space+newline:reject:testTernary#2+translated:testSwitch47#1 len=119 artifacts=0 reference-disagreement=145 same=2114
[2260/100000] advent-overaccept wide:closure:newline:declaration:testUsing#4+translated:testOriginalDefinedInAttr8#1 len=184 artifacts=1 advent-overaccept=1 reference-disagreement=145 same=2114
[2277/100000] reference-disagreement wide:ifconfig:raw:translated:testInvalid39#1 len=43 artifacts=1 advent-overaccept=1 reference-disagreement=146 same=2130
[2282/100000] reference-disagreement wide:trailing-closure:raw:real:SyntaxCollections:990+real:BasicMacroExpansionContext:109 len=762 artifacts=1 advent-overaccept=1 reference-disagreement=147 same=2134
[2285/100000] reference-disagreement attribute-ifconfig-elseif-list len=122 artifacts=1 advent-overaccept=1 reference-disagreement=148 same=2136
[2320/100000] reference-disagreement wide:before-statement:space:translated:testEnum36#1+expression:testKeyPathMethodAndInitializers#18 len=152 artifacts=1 advent-overaccept=1 reference-disagreement=149 same=2170
[2321/100000] reference-disagreement wide:struct-member:keyword+space:real:BuildableNodes:1503 len=1034 artifacts=1 advent-overaccept=1 reference-disagreement=150 same=2170
[2322/100000] reference-disagreement wide:after-statement:raw:translated:testEffectfulProperties9#1 len=137 artifacts=1 advent-overaccept=1 reference-disagreement=151 same=2170
[2326/100000] reference-disagreement wide:trailing-closure:raw:translated:testEnum77#1+translated:testPatternWithoutVariables6#1 len=209 artifacts=1 advent-overaccept=1 reference-disagreement=152 same=2173
[2340/100000] reference-disagreement wide:closure:line-comment:real:IfConfigEvaluation:520 len=780 artifacts=1 advent-overaccept=1 reference-disagreement=153 same=2186
[2345/100000] reference-disagreement tspl-divergence-protocol-body len=160 artifacts=1 advent-overaccept=1 reference-disagreement=154 same=2190
[2369/100000] reference-disagreement tspl-divergence-protocol-body len=212 artifacts=1 advent-overaccept=1 reference-disagreement=155 same=2213
[2383/100000] reference-disagreement wide:trailing-closure:line-comment:real:MissingNodeInitializers:119 len=228 artifacts=1 advent-overaccept=1 reference-disagreement=156 same=2226
[2404/100000] reference-disagreement wide:top:space+block-comment+splice:translated:testSwitch38#1+translated:testEffectfulProperties8#1 len=178 artifacts=1 advent-overaccept=1 reference-disagreement=157 same=2246
[2413/100000] reference-disagreement wide:closure:glue+line-comment+keyword:real:ConvenienceInitializers:40 len=171 artifacts=1 advent-overaccept=1 reference-disagreement=158 same=2254
[2438/100000] reference-disagreement wide:closure:newline:real:ConfiguredRegions:112 len=760 artifacts=1 advent-overaccept=1 reference-disagreement=159 same=2278
[2447/100000] reference-disagreement tspl-divergence-protocol-body len=131 artifacts=1 advent-overaccept=1 reference-disagreement=160 same=2286
[2451/100000] reference-disagreement wide:extension-member:space+duplicate:expression:testObjectLiterals#2 len=191 artifacts=1 advent-overaccept=1 reference-disagreement=161 same=2289
[2458/100000] reference-disagreement wide:extension-member:duplicate+space:attribute:testSpiAttributeWithoutParameter#1 len=46 artifacts=1 advent-overaccept=1 reference-disagreement=162 same=2295
[2476/100000] reference-disagreement wide:extension-member:glue+glue:real:SyntaxTraits:734 len=65 artifacts=1 advent-overaccept=1 reference-disagreement=163 same=2312
[2480/100000] reference-disagreement attribute-ifconfig-elseif-list len=132 artifacts=1 advent-overaccept=1 reference-disagreement=164 same=2315
[2486/100000] reference-disagreement tspl-divergence-protocol-body len=225 artifacts=1 advent-overaccept=1 reference-disagreement=165 same=2320
[2490/100000] reference-disagreement tspl-divergence-accessor-commitment len=49 artifacts=1 advent-overaccept=1 reference-disagreement=166 same=2323
[2491/100000] reference-disagreement wide:trailing-closure:raw:translated:testResultBuilder4#1+real:ResultBuilders:63 len=403 artifacts=1 advent-overaccept=1 reference-disagreement=167 same=2323
[2499/100000] reference-disagreement wide:extension-member:raw:real:BuildableNodes:794 len=1340 artifacts=1 advent-overaccept=1 reference-disagreement=168 same=2330
[2500/100000] same frontier:statement-member-context len=66 artifacts=1 advent-overaccept=1 reference-disagreement=168 same=2331
[2536/100000] reference-disagreement tspl-divergence-protocol-body len=240 artifacts=1 advent-overaccept=1 reference-disagreement=169 same=2366
[2545/100000] reference-disagreement declaration-modifier-stack len=34 artifacts=1 advent-overaccept=1 reference-disagreement=170 same=2374
[2557/100000] reference-disagreement wide:trailing-closure:glue+newline:real:Syntax+StringInterpolation:282 len=53 artifacts=1 advent-overaccept=1 reference-disagreement=171 same=2385
[2564/100000] reference-disagreement wide:closure:block-comment:real:RenamedChildrenBuilderCompatibility:460 len=1303 artifacts=1 advent-overaccept=1 reference-disagreement=172 same=2391
[2574/100000] reference-disagreement binding-pattern len=458 artifacts=1 advent-overaccept=1 reference-disagreement=173 same=2400
[2579/100000] reference-disagreement tspl-divergence-accessor-commitment len=78 artifacts=1 advent-overaccept=1 reference-disagreement=174 same=2404
[2584/100000] reference-disagreement wide:struct-member:block-comment:translated:testOperators18#1 len=74 artifacts=1 advent-overaccept=1 reference-disagreement=175 same=2408
[2597/100000] reference-disagreement wide:trailing-closure:newline+duplicate+newline:translated:testEscapedIdentifiers3#1 len=30 artifacts=1 advent-overaccept=1 reference-disagreement=176 same=2420
[2604/100000] reference-disagreement wide:extension-member:raw:attribute:testDerivativeAttribute#1+real:SourceLength:61 len=1172 artifacts=1 advent-overaccept=1 reference-disagreement=177 same=2426
[2630/100000] reference-disagreement grammarish-member-list len=280 artifacts=1 advent-overaccept=1 reference-disagreement=178 same=2451
[2635/100000] reference-disagreement wide:trailing-closure:raw:real:Utils:19 len=845 artifacts=1 advent-overaccept=1 reference-disagreement=179 same=2455
[2645/100000] reference-disagreement attribute-ifconfig-elseif-list len=126 artifacts=1 advent-overaccept=1 reference-disagreement=180 same=2464
[2652/100000] reference-disagreement wide:func-body:keyword:translated:testOperatorDeclDesignatedTypes10#1 len=45 artifacts=1 advent-overaccept=1 reference-disagreement=181 same=2470
[2658/100000] reference-disagreement wide:struct-member:newline:real:LayoutNodes+Parsable:87+real:BuildableNodes:825 len=1127 artifacts=1 advent-overaccept=1 reference-disagreement=182 same=2475
[2664/100000] reference-disagreement wide:trailing-closure:raw:real:LayoutNodes+Parsable:207+real:SyntaxExpressibleByStringInterpolationConformances:169 len=260 artifacts=1 advent-overaccept=1 reference-disagreement=183 same=2480
[2675/100000] reference-disagreement tspl-divergence-protocol-body len=164 artifacts=1 advent-overaccept=1 reference-disagreement=184 same=2490
[2724/100000] reference-disagreement tspl-divergence-protocol-body len=164 artifacts=1 advent-overaccept=1 reference-disagreement=185 same=2538
[2750/100000] same member-keyword len=29 artifacts=1 advent-overaccept=1 reference-disagreement=185 same=2564
[2757/100000] reference-disagreement wide:trailing-closure:newline+space+glue:real:ConvenienceInitializers:88 len=76 artifacts=1 advent-overaccept=1 reference-disagreement=186 same=2570
[2779/100000] reference-disagreement attribute-ifconfig-elseif-list len=122 artifacts=1 advent-overaccept=1 reference-disagreement=187 same=2591
[2782/100000] reference-disagreement wide:interpolation:delete+space+block-comment:expression:testSendableAttributeInClosure#1 len=43 artifacts=1 advent-overaccept=1 reference-disagreement=188 same=2593
[2817/100000] reference-disagreement keypath-boundary len=33 artifacts=1 advent-overaccept=1 reference-disagreement=189 same=2627
[2824/100000] reference-disagreement wide:struct-member:newline:real:DeclarationMacro:36 len=189 artifacts=1 advent-overaccept=1 reference-disagreement=190 same=2633
[2838/100000] reference-disagreement wide:before-statement:keyword:declaration:testAttributedMacroExpansionDeclaration#6+real:SyntaxExpressibleByStringInterpolationConformances:268 len=99 artifacts=1 advent-overaccept=1 reference-disagreement=191 same=2646
[2870/100000] reference-disagreement wide:struct-member:glue:real:Convenience:19 len=457 artifacts=1 advent-overaccept=1 reference-disagreement=192 same=2677
[2876/100000] reference-disagreement tspl-divergence-accessor-commitment len=78 artifacts=1 advent-overaccept=1 reference-disagreement=193 same=2682
[2895/100000] reference-disagreement wide:extension-member:line-comment+newline:real:ConvenienceInitializers:302 len=390 artifacts=1 advent-overaccept=1 reference-disagreement=194 same=2700
[2904/100000] reference-disagreement wide:struct-member:block-comment:real:ConvenienceInitializers:40 len=171 artifacts=1 advent-overaccept=1 reference-disagreement=195 same=2708
[2905/100000] reference-disagreement attribute-ifconfig-elseif-list len=144 artifacts=1 advent-overaccept=1 reference-disagreement=196 same=2708
[2918/100000] reference-disagreement wide:func-body:newline+glue+newline:attribute:testDerivativeAttribute#5 len=63 artifacts=1 advent-overaccept=1 reference-disagreement=197 same=2720
[2924/100000] reference-disagreement wide:struct-member:raw:real:SyntaxTraits:824 len=81 artifacts=1 advent-overaccept=1 reference-disagreement=198 same=2725
[2927/100000] reference-disagreement wide:ifconfig:block-comment:attribute:testBackDeployed#3 len=138 artifacts=1 advent-overaccept=1 reference-disagreement=199 same=2727
[2961/100000] reference-disagreement wide:func-body:glue+splice:real:Attributes:390+translated:testEnum83#1 len=743 artifacts=1 advent-overaccept=1 reference-disagreement=200 same=2760
[2964/100000] reference-disagreement keypath-boundary len=38 artifacts=1 advent-overaccept=1 reference-disagreement=201 same=2762
[2971/100000] reference-disagreement member-list-wide-boundary len=287 artifacts=1 advent-overaccept=1 reference-disagreement=202 same=2768
[2991/100000] reference-disagreement wide:func-body:raw:real:BuildableNodes:848 len=1268 artifacts=1 advent-overaccept=1 reference-disagreement=203 same=2787
[3000/100000] same operator-boundary len=39 artifacts=1 advent-overaccept=1 reference-disagreement=203 same=2796
[3005/100000] reference-disagreement wide:ifconfig:line-comment+block-comment:declaration:testModifiedParameter#4 len=106 artifacts=1 advent-overaccept=1 reference-disagreement=204 same=2800
[3025/100000] reference-disagreement wide:trailing-closure:glue:translated:testOperatorDeclDesignatedTypes1#1 len=65 artifacts=1 advent-overaccept=1 reference-disagreement=205 same=2819
[3051/100000] reference-disagreement wide:top:newline+duplicate:expression:testBorrowExpression#7 len=19 artifacts=1 advent-overaccept=1 reference-disagreement=206 same=2844
[3076/100000] reference-disagreement wide:extension-member:newline:attribute:testExpose#2 len=52 artifacts=1 advent-overaccept=1 reference-disagreement=207 same=2868
[3093/100000] reference-disagreement wide:closure:block-comment:real:ResultBuilders:85 len=135 artifacts=1 advent-overaccept=1 reference-disagreement=208 same=2884
[3095/100000] reference-disagreement wide:closure:raw:real:IncrementalParseTestUtils:148 len=595 artifacts=1 advent-overaccept=1 reference-disagreement=209 same=2885
[3097/100000] reference-disagreement wide:trailing-closure:block-comment+glue:real:SwiftSyntaxCompatibility:252 len=256 artifacts=1 advent-overaccept=1 reference-disagreement=210 same=2886
[3109/100000] advent-overaccept wide:before-statement:keyword+line-comment+delete:statement:testTrailingClosureInIfCondition#2 len=39 artifacts=2 advent-overaccept=2 reference-disagreement=210 same=2897
[3139/100000] reference-disagreement wide:before-statement:raw:attribute:testUnavailableFromAsync#4 len=68 artifacts=2 advent-overaccept=2 reference-disagreement=211 same=2926
[3142/100000] reference-disagreement keypath-component-matrix len=45 artifacts=2 advent-overaccept=2 reference-disagreement=212 same=2928
[3151/100000] reference-disagreement wide:top:raw:translated:testSwitch48#1 len=89 artifacts=2 advent-overaccept=2 reference-disagreement=213 same=2936
[3158/100000] reference-disagreement wide:func-body:raw:real:ResultBuilders:76+real:FixIt:35 len=896 artifacts=2 advent-overaccept=2 reference-disagreement=214 same=2942
[3170/100000] reference-disagreement tspl-divergence-accessor-commitment len=49 artifacts=2 advent-overaccept=2 reference-disagreement=215 same=2953
[3173/100000] reference-disagreement wide:func-body:raw:real:Convenience:19 len=464 artifacts=2 advent-overaccept=2 reference-disagreement=216 same=2955
[3187/100000] reference-disagreement wide:top:newline+newline:attribute:testUnavailableFromAsync#4 len=51 artifacts=2 advent-overaccept=2 reference-disagreement=217 same=2968
[3188/100000] reference-disagreement wide:struct-member:glue:attribute:testOriginallyDefinedIn#1+real:SyntaxTraits:754 len=183 artifacts=2 advent-overaccept=2 reference-disagreement=218 same=2968
[3220/100000] reference-disagreement wide:struct-member:splice+newline:real:Attributes:993+real:NominalTypeDeclSyntax:22 len=2110 artifacts=2 advent-overaccept=2 reference-disagreement=219 same=2999
[3225/100000] reference-disagreement wide:extension-member:newline+space+newline:real:Indenter:19+real:DiagnosticDecorator:69 len=979 artifacts=2 advent-overaccept=2 reference-disagreement=220 same=3003
[3229/100000] reference-disagreement wide:struct-member:raw:real:SourceLocation:477 len=74 artifacts=2 advent-overaccept=2 reference-disagreement=221 same=3006
[3235/100000] reference-disagreement tspl-divergence-protocol-body len=112 artifacts=2 advent-overaccept=2 reference-disagreement=222 same=3011
[3250/100000] same extension-type len=64 artifacts=2 advent-overaccept=2 reference-disagreement=222 same=3026
[3256/100000] reference-disagreement wide:top:delete:declaration:testModifiedParameter#3 len=49 artifacts=2 advent-overaccept=2 reference-disagreement=223 same=3031
[3270/100000] reference-disagreement wide:ifconfig:newline:attribute:testABIAttribute#18 len=50 artifacts=2 advent-overaccept=2 reference-disagreement=224 same=3044
[3274/100000] reference-disagreement member-list-wide-boundary len=216 artifacts=2 advent-overaccept=2 reference-disagreement=225 same=3047
[3292/100000] reference-disagreement wide:trailing-closure:newline+newline:real:MissingNodeInitializers:92+type:testNonisolatedSpecifier#13 len=283 artifacts=2 advent-overaccept=2 reference-disagreement=226 same=3064
[3302/100000] reference-disagreement statement-list len=595 artifacts=2 advent-overaccept=2 reference-disagreement=227 same=3073
[3318/100000] advent-overaccept wide:trailing-closure:keyword+glue:phase3-type:extension-func len=29 artifacts=3 advent-overaccept=3 reference-disagreement=227 same=3088
[3360/100000] advent-overaccept wide:ifconfig:line-comment+block-comment:type:testInverseTypes#1 len=39 artifacts=4 advent-overaccept=4 reference-disagreement=227 same=3129
[3375/100000] reference-disagreement wide:trailing-closure:raw:real:MacroSystem:1512 len=998 artifacts=4 advent-overaccept=4 reference-disagreement=228 same=3143
[3389/100000] reference-disagreement grammarish-member-list len=215 artifacts=4 advent-overaccept=4 reference-disagreement=229 same=3156
[3393/100000] reference-disagreement wide:struct-member:block-comment+space:real:SwiftSyntaxCompatibility:486+real:SyntaxNodeWithBody:100 len=616 artifacts=4 advent-overaccept=4 reference-disagreement=230 same=3159
[3427/100000] advent-overaccept wide:trailing-closure:line-comment+newline:reject:testRecovery147#1 len=34 artifacts=5 advent-overaccept=5 reference-disagreement=230 same=3192
[3463/100000] reference-disagreement wide:extension-member:glue+space:real:VersionTuple:60 len=224 artifacts=5 advent-overaccept=5 reference-disagreement=231 same=3227
[3466/100000] reference-disagreement attribute-ifconfig-elseif-list len=122 artifacts=5 advent-overaccept=5 reference-disagreement=232 same=3229
[3471/100000] reference-disagreement tspl-divergence-protocol-body len=189 artifacts=5 advent-overaccept=5 reference-disagreement=233 same=3233
[3500/100000] same statement-control-boundary len=482 artifacts=5 advent-overaccept=5 reference-disagreement=233 same=3262
[3516/100000] reference-disagreement wide:closure:raw:real:SyntaxBaseNodes:634 len=88 artifacts=5 advent-overaccept=5 reference-disagreement=234 same=3277
[3522/100000] reference-disagreement statement-list len=568 artifacts=5 advent-overaccept=5 reference-disagreement=235 same=3282
[3523/100000] reference-disagreement wide:trailing-closure:glue:translated:testEnum47#1+real:MacroSystem:1498 len=666 artifacts=5 advent-overaccept=5 reference-disagreement=236 same=3282
[3585/100000] reference-disagreement wide:func-body:raw:real:ScopeSyntax:51 len=824 artifacts=5 advent-overaccept=5 reference-disagreement=237 same=3343
[3590/100000] reference-disagreement wide:func-body:block-comment:real:PackageTarget:149 len=359 artifacts=5 advent-overaccept=5 reference-disagreement=238 same=3347
[3591/100000] reference-disagreement wide:closure:raw:real:Syntax+StringInterpolation:253 len=264 artifacts=5 advent-overaccept=5 reference-disagreement=239 same=3347
[3594/100000] reference-disagreement wide:func-body:raw:real:SyntaxTraits:840+real:MissingNodeInitializers:119 len=281 artifacts=5 advent-overaccept=5 reference-disagreement=240 same=3349
[3599/100000] reference-disagreement grammarish-member-list len=266 artifacts=5 advent-overaccept=5 reference-disagreement=241 same=3353
[3613/100000] compiler-timeout wide:interpolation:delete:translated:testForwardSlashRegex182#1 len=18 artifacts=5 advent-overaccept=5 compiler-timeout=1 reference-disagreement=241 same=3366
[3630/100000] reference-disagreement tspl-divergence-protocol-body len=216 artifacts=5 advent-overaccept=5 compiler-timeout=1 reference-disagreement=242 same=3382
[3651/100000] advent-underaccept wide:ifconfig:raw:real:SyntaxTraits:352+translated:testForwardSlashRegex168#1 len=697 artifacts=6 advent-overaccept=5 advent-underaccept=1 compiler-timeout=1 reference-disagreement=242 same=3402
[3655/100000] reference-disagreement wide:struct-member:block-comment:real:SyntaxTraits:736 len=67 artifacts=6 advent-overaccept=5 advent-underaccept=1 compiler-timeout=1 reference-disagreement=243 same=3405
[3662/100000] reference-disagreement keypath-component-matrix len=38 artifacts=6 advent-overaccept=5 advent-underaccept=1 compiler-timeout=1 reference-disagreement=244 same=3411
[3665/100000] reference-disagreement tspl-divergence-accessor-commitment len=78 artifacts=6 advent-overaccept=5 advent-underaccept=1 compiler-timeout=1 reference-disagreement=245 same=3413
[3683/100000] reference-disagreement wide:ifconfig:newline+newline+glue:translated:testAvailabilityQuery31#1 len=65 artifacts=6 advent-overaccept=5 advent-underaccept=1 compiler-timeout=1 reference-disagreement=246 same=3430
[3723/100000] reference-disagreement keypath-boundary len=37 artifacts=6 advent-overaccept=5 advent-underaccept=1 compiler-timeout=1 reference-disagreement=247 same=3469
[3733/100000] reference-disagreement wide:struct-member:newline:real:SyntaxExpressibleByStringInterpolationConformances:124 len=79 artifacts=6 advent-overaccept=5 advent-underaccept=1 compiler-timeout=1 reference-disagreement=248 same=3478
[3747/100000] reference-disagreement keypath-component-matrix len=44 artifacts=6 advent-overaccept=5 advent-underaccept=1 compiler-timeout=1 reference-disagreement=249 same=3491
[3748/100000] reference-disagreement keypath-boundary len=44 artifacts=6 advent-overaccept=5 advent-underaccept=1 compiler-timeout=1 reference-disagreement=250 same=3491
[3750/100000] same member-list-boundary len=131 artifacts=6 advent-overaccept=5 advent-underaccept=1 compiler-timeout=1 reference-disagreement=250 same=3493
[3751/100000] reference-disagreement tspl-divergence-protocol-body len=133 artifacts=6 advent-overaccept=5 advent-underaccept=1 compiler-timeout=1 reference-disagreement=251 same=3493
[3762/100000] compiler-timeout wide:interpolation:space:reject:testForwardSlashRegex139#1 len=17 artifacts=6 advent-overaccept=5 advent-underaccept=1 compiler-timeout=2 reference-disagreement=251 same=3503
[3764/100000] advent-overaccept wide:closure:splice:declaration:testOpenVarInCodeBlockItemList#1 len=59 artifacts=7 advent-overaccept=6 advent-underaccept=1 compiler-timeout=2 reference-disagreement=251 same=3504
[3793/100000] reference-disagreement keypath-boundary len=40 artifacts=7 advent-overaccept=6 advent-underaccept=1 compiler-timeout=2 reference-disagreement=252 same=3532
[3815/100000] reference-disagreement wide:struct-member:raw:real:SyntaxTraits:170 len=433 artifacts=7 advent-overaccept=6 advent-underaccept=1 compiler-timeout=2 reference-disagreement=253 same=3553
[3852/100000] reference-disagreement declaration-modifier-stack len=34 artifacts=7 advent-overaccept=6 advent-underaccept=1 compiler-timeout=2 reference-disagreement=254 same=3589
[3864/100000] reference-disagreement attribute-ifconfig-elseif-list len=145 artifacts=7 advent-overaccept=6 advent-underaccept=1 compiler-timeout=2 reference-disagreement=255 same=3600
[3889/100000] reference-disagreement wide:closure:raw:translated:testRawString2#1+real:ScopeImplementations:752 len=405 artifacts=7 advent-overaccept=6 advent-underaccept=1 compiler-timeout=2 reference-disagreement=256 same=3624
[3894/100000] reference-disagreement wide:top:keyword:phase4-type:member-generic len=23 artifacts=7 advent-overaccept=6 advent-underaccept=1 compiler-timeout=2 reference-disagreement=257 same=3628
[3895/100000] reference-disagreement wide:struct-member:block-comment:real:SyntaxTraits:850 len=81 artifacts=7 advent-overaccept=6 advent-underaccept=1 compiler-timeout=2 reference-disagreement=258 same=3628
[3898/100000] reference-disagreement member-list-wide-boundary len=269 artifacts=7 advent-overaccept=6 advent-underaccept=1 compiler-timeout=2 reference-disagreement=259 same=3630
[3914/100000] advent-overaccept wide:trailing-closure:raw:declaration:testUsing#3 len=20 artifacts=8 advent-overaccept=7 advent-underaccept=1 compiler-timeout=2 reference-disagreement=259 same=3645
[3923/100000] reference-disagreement func-body len=458 artifacts=8 advent-overaccept=7 advent-underaccept=1 compiler-timeout=2 reference-disagreement=260 same=3653
[3933/100000] reference-disagreement wide:trailing-closure:raw:reject:testMissingDeclarationAfterAttributes#1+real:SyntaxTraits:714 len=93 artifacts=8 advent-overaccept=7 advent-underaccept=1 compiler-timeout=2 reference-disagreement=261 same=3662
[3943/100000] reference-disagreement wide:func-body:block-comment+newline:real:ParserDiagnosticMessages:399 len=246 artifacts=8 advent-overaccept=7 advent-underaccept=1 compiler-timeout=2 reference-disagreement=262 same=3671
[3963/100000] reference-disagreement wide:extension-member:raw:real:RawSyntaxNodeProtocol:64+declaration:testBorrowingConsumingParameterSpecifiers#15 len=412 artifacts=8 advent-overaccept=7 advent-underaccept=1 compiler-timeout=2 reference-disagreement=263 same=3690
[3987/100000] reference-disagreement wide:after-statement:block-comment:phase4-coroutine:op-designated len=67 artifacts=8 advent-overaccept=7 advent-underaccept=1 compiler-timeout=2 reference-disagreement=264 same=3713
[3990/100000] reference-disagreement tspl-divergence-protocol-body len=147 artifacts=8 advent-overaccept=7 advent-underaccept=1 compiler-timeout=2 reference-disagreement=265 same=3715
[3991/100000] reference-disagreement member-list-wide-boundary len=362 artifacts=8 advent-overaccept=7 advent-underaccept=1 compiler-timeout=2 reference-disagreement=266 same=3715
[4000/100000] same wide:extension-member:keyword:real:SyntaxTraits:720 len=60 artifacts=8 advent-overaccept=7 advent-underaccept=1 compiler-timeout=2 reference-disagreement=266 same=3724
[4019/100000] reference-disagreement tspl-divergence-protocol-body len=221 artifacts=8 advent-overaccept=7 advent-underaccept=1 compiler-timeout=2 reference-disagreement=267 same=3742
[4025/100000] reference-disagreement wide:trailing-closure:raw:real:ParserDiagnosticMessages:589 len=775 artifacts=8 advent-overaccept=7 advent-underaccept=1 compiler-timeout=2 reference-disagreement=268 same=3747
[4066/100000] reference-disagreement member-list-wide-boundary len=364 artifacts=8 advent-overaccept=7 advent-underaccept=1 compiler-timeout=2 reference-disagreement=269 same=3787
[4068/100000] reference-disagreement wide:func-body:newline+swap:real:SourceLocation:784+real:ExpressionInterpretedAsVersionTuple:19 len=1711 artifacts=8 advent-overaccept=7 advent-underaccept=1 compiler-timeout=2 reference-disagreement=270 same=3788
[4088/100000] advent-overaccept wide:func-body:newline:translated:testOperatorDeclDesignatedTypes19#1 len=59 artifacts=9 advent-overaccept=8 advent-underaccept=1 compiler-timeout=2 reference-disagreement=270 same=3807
[4105/100000] reference-disagreement wide:closure:line-comment:real:SyntaxClassifier:19 len=491 artifacts=9 advent-overaccept=8 advent-underaccept=1 compiler-timeout=2 reference-disagreement=271 same=3823
[4169/100000] reference-disagreement tspl-divergence-protocol-body len=192 artifacts=9 advent-overaccept=8 advent-underaccept=1 compiler-timeout=2 reference-disagreement=272 same=3886
[4179/100000] reference-disagreement wide:interpolation:raw:translated:testForwardSlashRegex182#1 len=20 artifacts=9 advent-overaccept=8 advent-underaccept=1 compiler-timeout=2 reference-disagreement=273 same=3895
[4186/100000] reference-disagreement wide:struct-member:line-comment:declaration:testAccessorBlockDisambiguationMarker#1+real:JSONDecoding:405 len=806 artifacts=9 advent-overaccept=8 advent-underaccept=1 compiler-timeout=2 reference-disagreement=274 same=3901
[4190/100000] reference-disagreement wide:struct-member:glue+newline:real:LayoutNodes+Parsable:207 len=181 artifacts=9 advent-overaccept=8 advent-underaccept=1 compiler-timeout=2 reference-disagreement=275 same=3904
[4194/100000] advent-overaccept wide:extension-member:block-comment+block-comment:translated:testOperatorDeclDesignatedTypes19#1 len=72 artifacts=10 advent-overaccept=9 advent-underaccept=1 compiler-timeout=2 reference-disagreement=275 same=3907
[4219/100000] reference-disagreement member-list-wide-boundary len=214 artifacts=10 advent-overaccept=9 advent-underaccept=1 compiler-timeout=2 reference-disagreement=276 same=3931
[4228/100000] reference-disagreement member-list-wide-boundary len=291 artifacts=10 advent-overaccept=9 advent-underaccept=1 compiler-timeout=2 reference-disagreement=277 same=3939
[4233/100000] advent-overaccept wide:func-body:block-comment+duplicate:real:Expressions:2835+type:testNamedOpaqueReturnTypes#1 len=716 artifacts=11 advent-overaccept=10 advent-underaccept=1 compiler-timeout=2 reference-disagreement=277 same=3943
[4242/100000] reference-disagreement wide:after-statement:space:translated:testOperatorDecl5#1 len=45 artifacts=11 advent-overaccept=10 advent-underaccept=1 compiler-timeout=2 reference-disagreement=278 same=3951
[4249/100000] reference-disagreement wide:trailing-closure:raw:real:SyntaxTraits:625 len=704 artifacts=11 advent-overaccept=10 advent-underaccept=1 compiler-timeout=2 reference-disagreement=279 same=3957
[4250/100000] same frontier:generic-member-type-shape len=288 artifacts=11 advent-overaccept=10 advent-underaccept=1 compiler-timeout=2 reference-disagreement=279 same=3958
[4259/100000] reference-disagreement wide:func-body:newline+space+newline:real:CharacterInfo:13 len=443 artifacts=11 advent-overaccept=10 advent-underaccept=1 compiler-timeout=2 reference-disagreement=280 same=3966
[4304/100000] reference-disagreement wide:closure:line-comment+space:real:SyntaxCollections:1387 len=535 artifacts=11 advent-overaccept=10 advent-underaccept=1 compiler-timeout=2 reference-disagreement=281 same=4010
[4311/100000] reference-disagreement tspl-divergence-protocol-body len=144 artifacts=11 advent-overaccept=10 advent-underaccept=1 compiler-timeout=2 reference-disagreement=282 same=4016
[4316/100000] reference-disagreement member-list-wide-boundary len=191 artifacts=11 advent-overaccept=10 advent-underaccept=1 compiler-timeout=2 reference-disagreement=283 same=4020
[4338/100000] reference-disagreement wide:func-body:newline:real:SyntaxExpressibleByStringInterpolationConformances:91 len=178 artifacts=11 advent-overaccept=10 advent-underaccept=1 compiler-timeout=2 reference-disagreement=284 same=4041
[4419/100000] reference-disagreement cast-try-operator-cluster len=24 artifacts=11 advent-overaccept=10 advent-underaccept=1 compiler-timeout=2 reference-disagreement=285 same=4121
[4424/100000] reference-disagreement keypath-component-matrix len=34 artifacts=11 advent-overaccept=10 advent-underaccept=1 compiler-timeout=2 reference-disagreement=286 same=4125
[4429/100000] reference-disagreement member-list-wide-boundary len=254 artifacts=11 advent-overaccept=10 advent-underaccept=1 compiler-timeout=2 reference-disagreement=287 same=4129
[4462/100000] reference-disagreement wide:func-body:block-comment:real:ResultBuilders:608+declaration:testClassParsing#2 len=510 artifacts=11 advent-overaccept=10 advent-underaccept=1 compiler-timeout=2 reference-disagreement=288 same=4161
[4480/100000] reference-disagreement wide:closure:newline+space+block-comment:real:Syntax+StringInterpolation:269 len=265 artifacts=11 advent-overaccept=10 advent-underaccept=1 compiler-timeout=2 reference-disagreement=289 same=4178
[4500/100000] same closure-label len=73 artifacts=11 advent-overaccept=10 advent-underaccept=1 compiler-timeout=2 reference-disagreement=289 same=4198
[4512/100000] reference-disagreement wide:func-body:newline:real:Message:38 len=387 artifacts=11 advent-overaccept=10 advent-underaccept=1 compiler-timeout=2 reference-disagreement=290 same=4209
[4515/100000] reference-disagreement wide:func-body:newline+glue:real:SyntaxCollections:431 len=527 artifacts=11 advent-overaccept=10 advent-underaccept=1 compiler-timeout=2 reference-disagreement=291 same=4211
[4524/100000] reference-disagreement wide:trailing-closure:space+newline+glue:real:Parameters:27 len=68 artifacts=11 advent-overaccept=10 advent-underaccept=1 compiler-timeout=2 reference-disagreement=292 same=4219
[4534/100000] reference-disagreement nested-ifconfig-boundary len=146 artifacts=11 advent-overaccept=10 advent-underaccept=1 compiler-timeout=2 reference-disagreement=293 same=4228
[4544/100000] reference-disagreement wide:trailing-closure:glue+newline+splice:real:CharacterInfo:13 len=434 artifacts=11 advent-overaccept=10 advent-underaccept=1 compiler-timeout=2 reference-disagreement=294 same=4237
[4552/100000] reference-disagreement wide:closure:raw:real:SyntaxExpressibleByStringInterpolationConformances:256 len=98 artifacts=11 advent-overaccept=10 advent-underaccept=1 compiler-timeout=2 reference-disagreement=295 same=4244
[4556/100000] reference-disagreement keypath-boundary len=44 artifacts=11 advent-overaccept=10 advent-underaccept=1 compiler-timeout=2 reference-disagreement=296 same=4247
[4562/100000] reference-disagreement wide:struct-member:splice:real:LayoutNodes+Parsable:167 len=202 artifacts=11 advent-overaccept=10 advent-underaccept=1 compiler-timeout=2 reference-disagreement=297 same=4252
[4564/100000] reference-disagreement wide:extension-member:glue:real:DeclSyntaxParseable:53 len=73 artifacts=11 advent-overaccept=10 advent-underaccept=1 compiler-timeout=2 reference-disagreement=298 same=4253
[4570/100000] reference-disagreement declaration-modifier-stack len=34 artifacts=11 advent-overaccept=10 advent-underaccept=1 compiler-timeout=2 reference-disagreement=299 same=4258
[4583/100000] reference-disagreement wide:closure:newline:translated:testIfconfigExpr1#1 len=80 artifacts=11 advent-overaccept=10 advent-underaccept=1 compiler-timeout=2 reference-disagreement=300 same=4270
[4601/100000] reference-disagreement tspl-divergence-protocol-body len=192 artifacts=11 advent-overaccept=10 advent-underaccept=1 compiler-timeout=2 reference-disagreement=301 same=4287
[4618/100000] reference-disagreement wide:func-body:space+newline:translated:testTypeExpr4#1 len=109 artifacts=11 advent-overaccept=10 advent-underaccept=1 compiler-timeout=2 reference-disagreement=302 same=4303
[4634/100000] reference-disagreement member-list-wide-boundary len=415 artifacts=11 advent-overaccept=10 advent-underaccept=1 compiler-timeout=2 reference-disagreement=303 same=4318
[4653/100000] reference-disagreement wide:func-body:glue+block-comment+duplicate:real:Parameters:35 len=91 artifacts=11 advent-overaccept=10 advent-underaccept=1 compiler-timeout=2 reference-disagreement=304 same=4336
[4685/100000] reference-disagreement wide:struct-member:raw:phase4-keypath:kp-root-member-not-meta+real:MissingNodeInitializers:13 len=309 artifacts=11 advent-overaccept=10 advent-underaccept=1 compiler-timeout=2 reference-disagreement=305 same=4367
[4698/100000] reference-disagreement wide:before-statement:raw:translated:testModuleSelectorCorrectCode#3 len=189 artifacts=11 advent-overaccept=10 advent-underaccept=1 compiler-timeout=2 reference-disagreement=306 same=4379
[4739/100000] reference-disagreement grammarish-member-list len=202 artifacts=11 advent-overaccept=10 advent-underaccept=1 compiler-timeout=2 reference-disagreement=307 same=4419
[4746/100000] reference-disagreement wide:struct-member:raw:real:ConvenienceInitializers:194 len=1010 artifacts=11 advent-overaccept=10 advent-underaccept=1 compiler-timeout=2 reference-disagreement=308 same=4425
[4750/100000] same frontier:generic-member-type-shape len=274 artifacts=11 advent-overaccept=10 advent-underaccept=1 compiler-timeout=2 reference-disagreement=308 same=4429
[4804/100000] reference-disagreement member-list-wide-boundary len=115 artifacts=11 advent-overaccept=10 advent-underaccept=1 compiler-timeout=2 reference-disagreement=309 same=4482
[4808/100000] reference-disagreement wide:func-body:raw:phase4-import:import-dotted len=28 artifacts=11 advent-overaccept=10 advent-underaccept=1 compiler-timeout=2 reference-disagreement=310 same=4485
[4811/100000] reference-disagreement tspl-divergence-protocol-body len=114 artifacts=11 advent-overaccept=10 advent-underaccept=1 compiler-timeout=2 reference-disagreement=311 same=4487
[4833/100000] reference-disagreement wide:trailing-closure:raw:real:ParserDiagnosticMessages:279 len=314 artifacts=11 advent-overaccept=10 advent-underaccept=1 compiler-timeout=2 reference-disagreement=312 same=4508
[4841/100000] reference-disagreement wide:trailing-closure:line-comment:real:Expressions:2820 len=556 artifacts=11 advent-overaccept=10 advent-underaccept=1 compiler-timeout=2 reference-disagreement=313 same=4515
[4892/100000] reference-disagreement statement-list len=686 artifacts=11 advent-overaccept=10 advent-underaccept=1 compiler-timeout=2 reference-disagreement=314 same=4565
[4908/100000] reference-disagreement wide:struct-member:line-comment+newline:real:SyntaxTraits:810 len=90 artifacts=11 advent-overaccept=10 advent-underaccept=1 compiler-timeout=2 reference-disagreement=315 same=4580
[4915/100000] reference-disagreement wide:extension-member:raw:attribute:testBackDeployed#3 len=137 artifacts=11 advent-overaccept=10 advent-underaccept=1 compiler-timeout=2 reference-disagreement=316 same=4586
[4917/100000] reference-disagreement member-list-wide-boundary len=166 artifacts=11 advent-overaccept=10 advent-underaccept=1 compiler-timeout=2 reference-disagreement=317 same=4587
[4954/100000] reference-disagreement tspl-divergence-protocol-body len=87 artifacts=11 advent-overaccept=10 advent-underaccept=1 compiler-timeout=2 reference-disagreement=318 same=4623
[4960/100000] reference-disagreement member-list-wide-boundary len=77 artifacts=11 advent-overaccept=10 advent-underaccept=1 compiler-timeout=2 reference-disagreement=319 same=4628
[4963/100000] advent-overaccept wide:before-statement:block-comment+newline+block-comment:real:SyntaxCollections:510 len=503 artifacts=12 advent-overaccept=11 advent-underaccept=1 compiler-timeout=2 reference-disagreement=319 same=4630
[4964/100000] reference-disagreement tspl-divergence-protocol-body len=159 artifacts=12 advent-overaccept=11 advent-underaccept=1 compiler-timeout=2 reference-disagreement=320 same=4630
[4989/100000] reference-disagreement binding-pattern len=458 artifacts=12 advent-overaccept=11 advent-underaccept=1 compiler-timeout=2 reference-disagreement=321 same=4654
[5000/100000] same trailing-closure-boundary len=80 artifacts=12 advent-overaccept=11 advent-underaccept=1 compiler-timeout=2 reference-disagreement=321 same=4665
[5014/100000] reference-disagreement seed-corpus-structural-splice:extension-optional-type len=81 artifacts=12 advent-overaccept=11 advent-underaccept=1 compiler-timeout=2 reference-disagreement=322 same=4678
[5050/100000] reference-disagreement keypath-boundary len=38 artifacts=12 advent-overaccept=11 advent-underaccept=1 compiler-timeout=2 reference-disagreement=323 same=4713
[5093/100000] reference-disagreement wide:func-body:raw:attribute:testTransposeAttribute#4 len=126 artifacts=12 advent-overaccept=11 advent-underaccept=1 compiler-timeout=2 reference-disagreement=324 same=4755
[5105/100000] reference-disagreement declaration-modifier-stack len=34 artifacts=12 advent-overaccept=11 advent-underaccept=1 compiler-timeout=2 reference-disagreement=325 same=4766
[5111/100000] reference-disagreement func-body len=458 artifacts=12 advent-overaccept=11 advent-underaccept=1 compiler-timeout=2 reference-disagreement=326 same=4771
[5118/100000] reference-disagreement wide:struct-member:delete:real:WarningControlDeclSyntax:87 len=317 artifacts=12 advent-overaccept=11 advent-underaccept=1 compiler-timeout=2 reference-disagreement=327 same=4777
[5138/100000] reference-disagreement wide:closure:raw:translated:testOptionalLvalues13#1+real:Syntax+StringInterpolation:528 len=113 artifacts=12 advent-overaccept=11 advent-underaccept=1 compiler-timeout=2 reference-disagreement=328 same=4796
[5145/100000] reference-disagreement wide:extension-member:raw:translated:testEnum78#1+reject:testInitAccessorsWithDefaultValues#1 len=144 artifacts=12 advent-overaccept=11 advent-underaccept=1 compiler-timeout=2 reference-disagreement=329 same=4802
[5152/100000] reference-disagreement grammarish-member-list len=197 artifacts=12 advent-overaccept=11 advent-underaccept=1 compiler-timeout=2 reference-disagreement=330 same=4808
[5156/100000] reference-disagreement wide:closure:newline:translated:testDeprecatedWhere11#1 len=261 artifacts=12 advent-overaccept=11 advent-underaccept=1 compiler-timeout=2 reference-disagreement=331 same=4811
[5168/100000] reference-disagreement attribute-ifconfig-elseif-list len=118 artifacts=12 advent-overaccept=11 advent-underaccept=1 compiler-timeout=2 reference-disagreement=332 same=4822
[5176/100000] reference-disagreement keypath-boundary len=38 artifacts=12 advent-overaccept=11 advent-underaccept=1 compiler-timeout=2 reference-disagreement=333 same=4829
[5229/100000] reference-disagreement wide:trailing-closure:line-comment+newline:real:SyntaxTraits:702+phase3-function:func-empty len=80 artifacts=12 advent-overaccept=11 advent-underaccept=1 compiler-timeout=2 reference-disagreement=334 same=4881
[5230/100000] reference-disagreement grammarish-member-list len=248 artifacts=12 advent-overaccept=11 advent-underaccept=1 compiler-timeout=2 reference-disagreement=335 same=4881
[5250/100000] same enum-case-pattern-boundary len=163 artifacts=12 advent-overaccept=11 advent-underaccept=1 compiler-timeout=2 reference-disagreement=335 same=4901
[5251/100000] reference-disagreement wide:trailing-closure:line-comment+line-comment+space:real:RenamedChildrenBuilderCompatibility:460 len=1294 artifacts=12 advent-overaccept=11 advent-underaccept=1 compiler-timeout=2 reference-disagreement=336 same=4901
[5264/100000] reference-disagreement attribute-ifconfig-elseif-list len=126 artifacts=12 advent-overaccept=11 advent-underaccept=1 compiler-timeout=2 reference-disagreement=337 same=4913
[5265/100000] reference-disagreement member-list-wide-boundary len=265 artifacts=12 advent-overaccept=11 advent-underaccept=1 compiler-timeout=2 reference-disagreement=338 same=4913
[5281/100000] reference-disagreement member-list-wide-boundary len=329 artifacts=12 advent-overaccept=11 advent-underaccept=1 compiler-timeout=2 reference-disagreement=339 same=4928
[5295/100000] reference-disagreement tspl-divergence-protocol-body len=76 artifacts=12 advent-overaccept=11 advent-underaccept=1 compiler-timeout=2 reference-disagreement=340 same=4941
[5300/100000] reference-disagreement wide:struct-member:newline+line-comment:real:LayoutNodes+Parsable:175 len=223 artifacts=12 advent-overaccept=11 advent-underaccept=1 compiler-timeout=2 reference-disagreement=341 same=4945
[5316/100000] reference-disagreement wide:trailing-closure:splice:translated:testInitDeinit15#1+real:SyntaxClassifier:32 len=577 artifacts=12 advent-overaccept=11 advent-underaccept=1 compiler-timeout=2 reference-disagreement=342 same=4960
[5319/100000] reference-disagreement wide:before-statement:raw:attribute:testBackDeployed#6 len=135 artifacts=12 advent-overaccept=11 advent-underaccept=1 compiler-timeout=2 reference-disagreement=343 same=4962
[5328/100000] reference-disagreement keypath-boundary len=44 artifacts=12 advent-overaccept=11 advent-underaccept=1 compiler-timeout=2 reference-disagreement=344 same=4970
[5331/100000] reference-disagreement wide:struct-member:newline+line-comment+newline:translated:testTry2#1 len=300 artifacts=12 advent-overaccept=11 advent-underaccept=1 compiler-timeout=2 reference-disagreement=345 same=4972
[5341/100000] reference-disagreement grammarish-member-list len=110 artifacts=12 advent-overaccept=11 advent-underaccept=1 compiler-timeout=2 reference-disagreement=346 same=4981
[5357/100000] reference-disagreement wide:struct-member:space:real:SyntaxExpressibleByStringInterpolationConformances:52 len=95 artifacts=12 advent-overaccept=11 advent-underaccept=1 compiler-timeout=2 reference-disagreement=347 same=4996
[5389/100000] reference-disagreement wide:closure:raw:translated:testEnum12#1 len=61 artifacts=12 advent-overaccept=11 advent-underaccept=1 compiler-timeout=2 reference-disagreement=348 same=5027
[5399/100000] reference-disagreement nested-ifconfig-boundary len=146 artifacts=12 advent-overaccept=11 advent-underaccept=1 compiler-timeout=2 reference-disagreement=349 same=5036
[5419/100000] reference-disagreement wide:struct-member:splice+newline:real:SyntaxExpressibleByStringInterpolationConformances:91+real:ResultBuilderExtensions:107 len=538 artifacts=12 advent-overaccept=11 advent-underaccept=1 compiler-timeout=2 reference-disagreement=350 same=5055
[5425/100000] reference-disagreement wide:trailing-closure:newline:real:SyntaxNodeWithBody:101 len=60 artifacts=12 advent-overaccept=11 advent-underaccept=1 compiler-timeout=2 reference-disagreement=351 same=5060
[5446/100000] reference-disagreement attribute-ifconfig-elseif-list len=110 artifacts=12 advent-overaccept=11 advent-underaccept=1 compiler-timeout=2 reference-disagreement=352 same=5080
[5456/100000] reference-disagreement wide:func-body:newline:phase3-enum-case:case-assoc-two+real:IndentationUtils:101 len=232 artifacts=12 advent-overaccept=11 advent-underaccept=1 compiler-timeout=2 reference-disagreement=353 same=5089
[5468/100000] reference-disagreement tspl-divergence-protocol-body len=247 artifacts=12 advent-overaccept=11 advent-underaccept=1 compiler-timeout=2 reference-disagreement=354 same=5100
[5474/100000] reference-disagreement wide:closure:newline:real:SyntaxNodeWithBody:305 len=865 artifacts=12 advent-overaccept=11 advent-underaccept=1 compiler-timeout=2 reference-disagreement=355 same=5105
[5489/100000] reference-disagreement tspl-divergence-accessor-commitment len=78 artifacts=12 advent-overaccept=11 advent-underaccept=1 compiler-timeout=2 reference-disagreement=356 same=5119
[5500/100000] same wide:after-statement:newline+splice+delete:reject:testSwitch5#1 len=73 artifacts=12 advent-overaccept=11 advent-underaccept=1 compiler-timeout=2 reference-disagreement=356 same=5130
[5508/100000] reference-disagreement wide:extension-member:raw:phase4-pattern:case-let-optional+phase4-precedence:pg-multi len=131 artifacts=12 advent-overaccept=11 advent-underaccept=1 compiler-timeout=2 reference-disagreement=357 same=5137
[5530/100000] reference-disagreement wide:closure:space:real:SyntaxExpressibleByStringInterpolationConformances:217 len=178 artifacts=12 advent-overaccept=11 advent-underaccept=1 compiler-timeout=2 reference-disagreement=358 same=5158
[5537/100000] reference-disagreement attribute-ifconfig-elseif-list len=115 artifacts=12 advent-overaccept=11 advent-underaccept=1 compiler-timeout=2 reference-disagreement=359 same=5164
[5557/100000] reference-disagreement wide:before-statement:raw:translated:testAvailabilityQuery23#1 len=120 artifacts=12 advent-overaccept=11 advent-underaccept=1 compiler-timeout=2 reference-disagreement=360 same=5183
[5558/100000] reference-disagreement statement-list len=592 artifacts=12 advent-overaccept=11 advent-underaccept=1 compiler-timeout=2 reference-disagreement=361 same=5183
[5639/100000] reference-disagreement tspl-divergence-protocol-body len=198 artifacts=12 advent-overaccept=11 advent-underaccept=1 compiler-timeout=2 reference-disagreement=362 same=5263
[5676/100000] reference-disagreement statement-list len=568 artifacts=12 advent-overaccept=11 advent-underaccept=1 compiler-timeout=2 reference-disagreement=363 same=5299
[5696/100000] reference-disagreement wide:top:line-comment:reject:testLiteralWithTrailingClosure#3 len=24 artifacts=12 advent-overaccept=11 advent-underaccept=1 compiler-timeout=2 reference-disagreement=364 same=5318
[5708/100000] reference-disagreement wide:extension-member:raw:real:SyntaxExpressibleByStringInterpolationConformances:229 len=90 artifacts=12 advent-overaccept=11 advent-underaccept=1 compiler-timeout=2 reference-disagreement=365 same=5329
[5710/100000] reference-disagreement wide:trailing-closure:raw:translated:testForwardSlashRegexSkipping15#1+real:SyntaxCollections:934 len=572 artifacts=12 advent-overaccept=11 advent-underaccept=1 compiler-timeout=2 reference-disagreement=366 same=5330
[5712/100000] reference-disagreement member-list-wide-boundary len=74 artifacts=12 advent-overaccept=11 advent-underaccept=1 compiler-timeout=2 reference-disagreement=367 same=5331
[5718/100000] reference-disagreement wide:extension-member:keyword:real:MissingNodeInitializers:110 len=233 artifacts=12 advent-overaccept=11 advent-underaccept=1 compiler-timeout=2 reference-disagreement=368 same=5336
[5725/100000] advent-overaccept wide:top:block-comment+delete:real:SyntaxCollections:278 len=459 artifacts=12 advent-overaccept=12 advent-underaccept=1 compiler-timeout=2 reference-disagreement=368 same=5342
[5744/100000] reference-disagreement attribute-ifconfig-elseif-list len=112 artifacts=12 advent-overaccept=12 advent-underaccept=1 compiler-timeout=2 reference-disagreement=369 same=5360
[5750/100000] same wide:struct-member:delete+swap+keyword:real:SwiftSyntaxCompatibility:252 len=239 artifacts=12 advent-overaccept=12 advent-underaccept=1 compiler-timeout=2 reference-disagreement=369 same=5366
[5770/100000] reference-disagreement keypath-component-matrix len=41 artifacts=12 advent-overaccept=12 advent-underaccept=1 compiler-timeout=2 reference-disagreement=370 same=5385
[5776/100000] reference-disagreement tspl-divergence-protocol-body len=154 artifacts=12 advent-overaccept=12 advent-underaccept=1 compiler-timeout=2 reference-disagreement=371 same=5390
[5827/100000] reference-disagreement wide:struct-member:block-comment:real:Lexer:252 len=713 artifacts=12 advent-overaccept=12 advent-underaccept=1 compiler-timeout=2 reference-disagreement=372 same=5440
[5840/100000] reference-disagreement wide:closure:newline:real:SyntaxExpressibleByStringInterpolationConformances:115 len=91 artifacts=12 advent-overaccept=12 advent-underaccept=1 compiler-timeout=2 reference-disagreement=373 same=5452
[5850/100000] reference-disagreement wide:func-body:newline:real:NominalTypeDeclSyntax:16 len=321 artifacts=12 advent-overaccept=12 advent-underaccept=1 compiler-timeout=2 reference-disagreement=374 same=5461
[5865/100000] reference-disagreement wide:extension-member:raw:real:Expressions:2344 len=889 artifacts=12 advent-overaccept=12 advent-underaccept=1 compiler-timeout=2 reference-disagreement=375 same=5475
[5872/100000] reference-disagreement keypath-component-matrix len=59 artifacts=12 advent-overaccept=12 advent-underaccept=1 compiler-timeout=2 reference-disagreement=376 same=5481
[5902/100000] reference-disagreement wide:closure:newline+space+space:real:SyntaxNodeWithBody:42 len=223 artifacts=12 advent-overaccept=12 advent-underaccept=1 compiler-timeout=2 reference-disagreement=377 same=5510
[5917/100000] reference-disagreement attribute-boundary len=37 artifacts=12 advent-overaccept=12 advent-underaccept=1 compiler-timeout=2 reference-disagreement=378 same=5524
[5946/100000] reference-disagreement func-body len=458 artifacts=12 advent-overaccept=12 advent-underaccept=1 compiler-timeout=2 reference-disagreement=379 same=5552
[5948/100000] reference-disagreement wide:extension-member:space+newline+space:real:SyntaxTraits:836 len=125 artifacts=12 advent-overaccept=12 advent-underaccept=1 compiler-timeout=2 reference-disagreement=380 same=5553
[5971/100000] reference-disagreement wide:extension-member:raw:translated:testEnum30#1+reject:testABIAttribute#8 len=212 artifacts=12 advent-overaccept=12 advent-underaccept=1 compiler-timeout=2 reference-disagreement=381 same=5575
[5972/100000] reference-disagreement declaration-modifier-stack len=34 artifacts=12 advent-overaccept=12 advent-underaccept=1 compiler-timeout=2 reference-disagreement=382 same=5575
[5980/100000] reference-disagreement binding-pattern len=458 artifacts=12 advent-overaccept=12 advent-underaccept=1 compiler-timeout=2 reference-disagreement=383 same=5582
[6000/100000] same wide:top:newline+block-comment:translated:testEscapedIdentifiers6#1 len=13 artifacts=12 advent-overaccept=12 advent-underaccept=1 compiler-timeout=2 reference-disagreement=383 same=5602
[6004/100000] reference-disagreement wide:struct-member:glue+newline:real:ResultBuilders:557 len=215 artifacts=12 advent-overaccept=12 advent-underaccept=1 compiler-timeout=2 reference-disagreement=384 same=5605
[6061/100000] reference-disagreement wide:func-body:glue+line-comment+space:translated:testForwardSlashRegex175#1+real:SyntaxNodeWithBody:213 len=91 artifacts=12 advent-overaccept=12 advent-underaccept=1 compiler-timeout=2 reference-disagreement=385 same=5661
[6079/100000] reference-disagreement wide:closure:space+duplicate+swap:phase3-enum-case:case-one+real:Syntax+StringInterpolation:334 len=461 artifacts=12 advent-overaccept=12 advent-underaccept=1 compiler-timeout=2 reference-disagreement=386 same=5678
[6081/100000] reference-disagreement wide:trailing-closure:raw:translated:testSwitch32#1 len=531 artifacts=12 advent-overaccept=12 advent-underaccept=1 compiler-timeout=2 reference-disagreement=387 same=5679
[6124/100000] reference-disagreement wide:struct-member:newline+glue:real:SyntaxExpressibleByStringInterpolationConformances:22 len=91 artifacts=12 advent-overaccept=12 advent-underaccept=1 compiler-timeout=2 reference-disagreement=388 same=5721
[6143/100000] reference-disagreement wide:closure:raw:real:ExpandEditorPlaceholder:169 len=1161 artifacts=12 advent-overaccept=12 advent-underaccept=1 compiler-timeout=2 reference-disagreement=389 same=5739
[6166/100000] reference-disagreement wide:func-body:raw:real:SyntaxTraits:716 len=73 artifacts=12 advent-overaccept=12 advent-underaccept=1 compiler-timeout=2 reference-disagreement=390 same=5761
[6177/100000] reference-disagreement wide:closure:newline+line-comment:real:SyntaxTraits:842 len=72 artifacts=12 advent-overaccept=12 advent-underaccept=1 compiler-timeout=2 reference-disagreement=391 same=5771
[6179/100000] reference-disagreement wide:trailing-closure:block-comment+newline+glue:translated:testEnum71#1+declaration:testParseIsolatedConformances#3 len=115 artifacts=12 advent-overaccept=12 advent-underaccept=1 compiler-timeout=2 reference-disagreement=392 same=5772
[6198/100000] reference-disagreement cast-try-operator-cluster len=24 artifacts=12 advent-overaccept=12 advent-underaccept=1 compiler-timeout=2 reference-disagreement=393 same=5790
[6201/100000] reference-disagreement seed-corpus-wrapped:operator-question-assignment len=126 artifacts=12 advent-overaccept=12 advent-underaccept=1 compiler-timeout=2 reference-disagreement=394 same=5792
[6205/100000] reference-disagreement wide:extension-member:raw:real:Parameters:37 len=85 artifacts=12 advent-overaccept=12 advent-underaccept=1 compiler-timeout=2 reference-disagreement=395 same=5795
[6206/100000] reference-disagreement tspl-divergence-protocol-body len=302 artifacts=12 advent-overaccept=12 advent-underaccept=1 compiler-timeout=2 reference-disagreement=396 same=5795
[6235/100000] reference-disagreement wide:struct-member:line-comment:real:BuildableNodes:1301 len=1066 artifacts=12 advent-overaccept=12 advent-underaccept=1 compiler-timeout=2 reference-disagreement=397 same=5823
[6237/100000] reference-disagreement wide:func-body:newline+block-comment:real:Syntax+StringInterpolation:528 len=81 artifacts=12 advent-overaccept=12 advent-underaccept=1 compiler-timeout=2 reference-disagreement=398 same=5824
[6250/100000] same wide:trailing-closure:keyword+keyword+swap:real:ResultBuilders:427 len=168 artifacts=12 advent-overaccept=12 advent-underaccept=1 compiler-timeout=2 reference-disagreement=398 same=5837
[6267/100000] reference-disagreement tspl-divergence-protocol-body len=243 artifacts=12 advent-overaccept=12 advent-underaccept=1 compiler-timeout=2 reference-disagreement=399 same=5853
[6273/100000] reference-disagreement cast-try-operator-cluster len=24 artifacts=12 advent-overaccept=12 advent-underaccept=1 compiler-timeout=2 reference-disagreement=400 same=5858
[6338/100000] reference-disagreement tspl-divergence-accessor-commitment len=78 artifacts=12 advent-overaccept=12 advent-underaccept=1 compiler-timeout=2 reference-disagreement=401 same=5922
[6341/100000] reference-disagreement attribute-boundary len=101 artifacts=12 advent-overaccept=12 advent-underaccept=1 compiler-timeout=2 reference-disagreement=402 same=5924
[6353/100000] reference-disagreement wide:trailing-closure:glue:real:ConfiguredRegions:131 len=238 artifacts=12 advent-overaccept=12 advent-underaccept=1 compiler-timeout=2 reference-disagreement=403 same=5935
[6366/100000] reference-disagreement tspl-divergence-protocol-body len=98 artifacts=12 advent-overaccept=12 advent-underaccept=1 compiler-timeout=2 reference-disagreement=404 same=5947
[6371/100000] reference-disagreement wide:func-body:raw:real:SyntaxEditUtils:31+translated:testInvalid33#1 len=615 artifacts=12 advent-overaccept=12 advent-underaccept=1 compiler-timeout=2 reference-disagreement=405 same=5951
[6376/100000] reference-disagreement wide:trailing-closure:raw:real:ConvenienceInitializers:23 len=420 artifacts=12 advent-overaccept=12 advent-underaccept=1 compiler-timeout=2 reference-disagreement=406 same=5955
[6382/100000] reference-disagreement binding-pattern len=458 artifacts=12 advent-overaccept=12 advent-underaccept=1 compiler-timeout=2 reference-disagreement=407 same=5960
[6420/100000] reference-disagreement tspl-divergence-protocol-body len=240 artifacts=12 advent-overaccept=12 advent-underaccept=1 compiler-timeout=2 reference-disagreement=408 same=5997
[6431/100000] reference-disagreement member-list-wide-boundary len=249 artifacts=12 advent-overaccept=12 advent-underaccept=1 compiler-timeout=2 reference-disagreement=409 same=6007
[6435/100000] reference-disagreement wide:func-body:raw:real:ExperimentalFeatures:16 len=250 artifacts=12 advent-overaccept=12 advent-underaccept=1 compiler-timeout=2 reference-disagreement=410 same=6010
[6436/100000] reference-disagreement binding-pattern len=458 artifacts=12 advent-overaccept=12 advent-underaccept=1 compiler-timeout=2 reference-disagreement=411 same=6010
[6439/100000] reference-disagreement wide:trailing-closure:newline:real:SyntaxTraits:341 len=406 artifacts=12 advent-overaccept=12 advent-underaccept=1 compiler-timeout=2 reference-disagreement=412 same=6012
[6474/100000] reference-disagreement ifconfig-member-context-boundary len=89 artifacts=12 advent-overaccept=12 advent-underaccept=1 compiler-timeout=2 reference-disagreement=413 same=6046
[6475/100000] reference-disagreement member-list-wide-boundary len=156 artifacts=12 advent-overaccept=12 advent-underaccept=1 compiler-timeout=2 reference-disagreement=414 same=6046
[6485/100000] reference-disagreement wide:extension-member:raw:real:SyntaxNodeWithBody:98 len=66 artifacts=12 advent-overaccept=12 advent-underaccept=1 compiler-timeout=2 reference-disagreement=415 same=6055
[6500/100000] same wide:func-body:swap:real:SyntaxUtils:287 len=173 artifacts=12 advent-overaccept=12 advent-underaccept=1 compiler-timeout=2 reference-disagreement=415 same=6070
[6516/100000] reference-disagreement attribute-ifconfig-elseif-list len=125 artifacts=12 advent-overaccept=12 advent-underaccept=1 compiler-timeout=2 reference-disagreement=416 same=6085
[6540/100000] reference-disagreement wide:extension-member:line-comment+line-comment+line-comment:real:Macro:22+real:WarningControlDeclSyntax:65 len=940 artifacts=12 advent-overaccept=12 advent-underaccept=1 compiler-timeout=2 reference-disagreement=417 same=6108
[6556/100000] reference-disagreement wide:trailing-closure:keyword+space:real:MacroExpansion:41 len=576 artifacts=12 advent-overaccept=12 advent-underaccept=1 compiler-timeout=2 reference-disagreement=418 same=6123
[6559/100000] reference-disagreement member-list-wide-boundary len=297 artifacts=12 advent-overaccept=12 advent-underaccept=1 compiler-timeout=2 reference-disagreement=419 same=6125
[6565/100000] advent-overaccept wide:closure:newline+keyword+glue:real:ConfiguredRegions:138+declaration:testCoroutineAccessors#2 len=427 artifacts=13 advent-overaccept=13 advent-underaccept=1 compiler-timeout=2 reference-disagreement=419 same=6130
[6578/100000] reference-disagreement wide:closure:newline+glue+glue:real:SyntaxExpressibleByStringInterpolationConformances:43 len=93 artifacts=13 advent-overaccept=13 advent-underaccept=1 compiler-timeout=2 reference-disagreement=420 same=6142
[6599/100000] reference-disagreement wide:extension-member:raw:real:SyntaxTraits:720 len=79 artifacts=13 advent-overaccept=13 advent-underaccept=1 compiler-timeout=2 reference-disagreement=421 same=6162
[6605/100000] reference-disagreement tspl-divergence-protocol-body len=206 artifacts=13 advent-overaccept=13 advent-underaccept=1 compiler-timeout=2 reference-disagreement=422 same=6167
[6621/100000] reference-disagreement attribute-ifconfig-elseif-list len=104 artifacts=13 advent-overaccept=13 advent-underaccept=1 compiler-timeout=2 reference-disagreement=423 same=6182
[6631/100000] reference-disagreement nested-ifconfig-boundary len=113 artifacts=13 advent-overaccept=13 advent-underaccept=1 compiler-timeout=2 reference-disagreement=424 same=6191
[6652/100000] reference-disagreement wide:struct-member:newline:phase4-decl:op-prefix+phase2-infix:as-optional len=53 artifacts=13 advent-overaccept=13 advent-underaccept=1 compiler-timeout=2 reference-disagreement=425 same=6211
[6675/100000] reference-disagreement keypath-boundary len=37 artifacts=13 advent-overaccept=13 advent-underaccept=1 compiler-timeout=2 reference-disagreement=426 same=6233
[6721/100000] reference-disagreement tspl-divergence-protocol-body len=171 artifacts=13 advent-overaccept=13 advent-underaccept=1 compiler-timeout=2 reference-disagreement=427 same=6278
[6724/100000] reference-disagreement wide:struct-member:raw:real:BuildableNodes:211 len=1053 artifacts=13 advent-overaccept=13 advent-underaccept=1 compiler-timeout=2 reference-disagreement=428 same=6280
[6739/100000] reference-disagreement wide:trailing-closure:raw:real:MacroExpansionContext:173 len=616 artifacts=13 advent-overaccept=13 advent-underaccept=1 compiler-timeout=2 reference-disagreement=429 same=6294
[6750/100000] same frontier:protocol-accessor-shape len=117 artifacts=13 advent-overaccept=13 advent-underaccept=1 compiler-timeout=2 reference-disagreement=429 same=6305
[6762/100000] reference-disagreement tspl-divergence-accessor-commitment len=49 artifacts=13 advent-overaccept=13 advent-underaccept=1 compiler-timeout=2 reference-disagreement=430 same=6316
[6802/100000] reference-disagreement attribute-ifconfig-elseif-list len=126 artifacts=13 advent-overaccept=13 advent-underaccept=1 compiler-timeout=2 reference-disagreement=431 same=6355
[6806/100000] advent-underaccept wide:top:splice+space:translated:testForwardSlashRegex1#1 len=57 artifacts=14 advent-overaccept=13 advent-underaccept=2 compiler-timeout=2 reference-disagreement=431 same=6358
[6817/100000] reference-disagreement wide:closure:raw:real:SyntaxProtocol:35 len=130 artifacts=14 advent-overaccept=13 advent-underaccept=2 compiler-timeout=2 reference-disagreement=432 same=6368
[6838/100000] reference-disagreement wide:after-statement:raw:translated:testModuleSelectorExpr#8 len=70 artifacts=14 advent-overaccept=13 advent-underaccept=2 compiler-timeout=2 reference-disagreement=433 same=6388
[6855/100000] reference-disagreement member-list-wide-boundary len=153 artifacts=14 advent-overaccept=13 advent-underaccept=2 compiler-timeout=2 reference-disagreement=434 same=6404
[6861/100000] reference-disagreement wide:func-body:raw:real:PeerMacro:19 len=522 artifacts=14 advent-overaccept=13 advent-underaccept=2 compiler-timeout=2 reference-disagreement=435 same=6409
[6878/100000] reference-disagreement wide:trailing-closure:keyword:real:SyntaxTraits:852 len=46 artifacts=14 advent-overaccept=13 advent-underaccept=2 compiler-timeout=2 reference-disagreement=436 same=6425
[6897/100000] reference-disagreement tspl-divergence-accessor-commitment len=78 artifacts=14 advent-overaccept=13 advent-underaccept=2 compiler-timeout=2 reference-disagreement=437 same=6443
[6899/100000] reference-disagreement wide:extension-member:newline+newline:translated:testForwardSlashRegex8#1 len=89 artifacts=14 advent-overaccept=13 advent-underaccept=2 compiler-timeout=2 reference-disagreement=438 same=6444
[6927/100000] advent-overaccept wide:after-statement:line-comment:reject:testOperatorDecl1c#1 len=45 artifacts=15 advent-overaccept=14 advent-underaccept=2 compiler-timeout=2 reference-disagreement=438 same=6471
[6972/100000] reference-disagreement tspl-divergence-protocol-body len=92 artifacts=15 advent-overaccept=14 advent-underaccept=2 compiler-timeout=2 reference-disagreement=439 same=6515
[6984/100000] reference-disagreement grammarish-member-list len=248 artifacts=15 advent-overaccept=14 advent-underaccept=2 compiler-timeout=2 reference-disagreement=440 same=6526
[6997/100000] reference-disagreement wide:struct-member:duplicate:expression:testIfExprInCoercion#1+real:MissingNodeInitializers:68 len=450 artifacts=15 advent-overaccept=14 advent-underaccept=2 compiler-timeout=2 reference-disagreement=441 same=6538
[7000/100000] same wide:top:raw:phase4-misc:borrowing-param len=27 artifacts=15 advent-overaccept=14 advent-underaccept=2 compiler-timeout=2 reference-disagreement=441 same=6541
[7009/100000] reference-disagreement member-list-wide-boundary len=253 artifacts=15 advent-overaccept=14 advent-underaccept=2 compiler-timeout=2 reference-disagreement=442 same=6549
[7035/100000] reference-disagreement statement-list len=604 artifacts=15 advent-overaccept=14 advent-underaccept=2 compiler-timeout=2 reference-disagreement=443 same=6574
[7043/100000] reference-disagreement wide:closure:raw:real:SyntaxNodeWithBody:98 len=69 artifacts=15 advent-overaccept=14 advent-underaccept=2 compiler-timeout=2 reference-disagreement=444 same=6581
[7057/100000] reference-disagreement wide:top:newline+space:attribute:testABIAttribute#13 len=84 artifacts=15 advent-overaccept=14 advent-underaccept=2 compiler-timeout=2 reference-disagreement=445 same=6594
[7085/100000] reference-disagreement wide:extension-member:raw:translated:testOperatorDeclDesignatedTypes9#1 len=77 artifacts=15 advent-overaccept=14 advent-underaccept=2 compiler-timeout=2 reference-disagreement=446 same=6621
[7102/100000] reference-disagreement tspl-divergence-protocol-body len=197 artifacts=15 advent-overaccept=14 advent-underaccept=2 compiler-timeout=2 reference-disagreement=447 same=6637
[7106/100000] reference-disagreement wide:func-body:swap:real:Names:19 len=934 artifacts=15 advent-overaccept=14 advent-underaccept=2 compiler-timeout=2 reference-disagreement=448 same=6640
[7124/100000] reference-disagreement wide:ifconfig:block-comment+newline:translated:testTypeExpr4#1+expression:testCollectionLiterals#6 len=167 artifacts=15 advent-overaccept=14 advent-underaccept=2 compiler-timeout=2 reference-disagreement=449 same=6657
[7127/100000] advent-underaccept wide:trailing-closure:block-comment+glue:real:TokenSpecSet:768 len=605 artifacts=16 advent-overaccept=14 advent-underaccept=3 compiler-timeout=2 reference-disagreement=449 same=6659
[7130/100000] reference-disagreement wide:struct-member:space:real:SyntaxTraits:826 len=125 artifacts=16 advent-overaccept=14 advent-underaccept=3 compiler-timeout=2 reference-disagreement=450 same=6661
[7136/100000] reference-disagreement wide:extension-member:keyword:real:Expressions:1547+phase4-keypath:kp-root-meta-force len=547 artifacts=16 advent-overaccept=14 advent-underaccept=3 compiler-timeout=2 reference-disagreement=451 same=6666
[7164/100000] reference-disagreement wide:extension-member:raw:real:CompilerPlugin:63 len=842 artifacts=16 advent-overaccept=14 advent-underaccept=3 compiler-timeout=2 reference-disagreement=452 same=6693
[7206/100000] reference-disagreement wide:closure:raw:attribute:testMacroRoleNames#5 len=85 artifacts=16 advent-overaccept=14 advent-underaccept=3 compiler-timeout=2 reference-disagreement=453 same=6734
[7218/100000] reference-disagreement wide:trailing-closure:splice+newline:real:ExpandEditorPlaceholder:505 len=47 artifacts=16 advent-overaccept=14 advent-underaccept=3 compiler-timeout=2 reference-disagreement=454 same=6745
[7227/100000] reference-disagreement wide:closure:raw:real:NameMatcher:447 len=489 artifacts=16 advent-overaccept=14 advent-underaccept=3 compiler-timeout=2 reference-disagreement=455 same=6753
[7243/100000] reference-disagreement wide:struct-member:raw:real:SyntaxExpressibleByStringInterpolationConformances:211+real:SyntaxCollections:1139 len=576 artifacts=16 advent-overaccept=14 advent-underaccept=3 compiler-timeout=2 reference-disagreement=456 same=6768
[7250/100000] same wide:closure:newline+block-comment:translated:testOptionalLvalues6#1 len=184 artifacts=16 advent-overaccept=14 advent-underaccept=3 compiler-timeout=2 reference-disagreement=456 same=6775
[7332/100000] reference-disagreement wide:closure:duplicate+keyword:real:SyntaxTraits:702 len=66 artifacts=16 advent-overaccept=14 advent-underaccept=3 compiler-timeout=2 reference-disagreement=457 same=6856
[7337/100000] reference-disagreement keypath-component-matrix len=38 artifacts=16 advent-overaccept=14 advent-underaccept=3 compiler-timeout=2 reference-disagreement=458 same=6860
[7359/100000] reference-disagreement wide:extension-member:glue:real:DeclSyntaxParseable:45 len=76 artifacts=16 advent-overaccept=14 advent-underaccept=3 compiler-timeout=2 reference-disagreement=459 same=6881
[7362/100000] reference-disagreement wide:after-statement:newline+block-comment+glue:real:LayoutNodes+Parsable:207 len=187 artifacts=16 advent-overaccept=14 advent-underaccept=3 compiler-timeout=2 reference-disagreement=460 same=6883
[7408/100000] reference-disagreement tspl-divergence-protocol-body len=168 artifacts=16 advent-overaccept=14 advent-underaccept=3 compiler-timeout=2 reference-disagreement=461 same=6928
[7417/100000] reference-disagreement keypath-component-matrix len=34 artifacts=16 advent-overaccept=14 advent-underaccept=3 compiler-timeout=2 reference-disagreement=462 same=6936
[7440/100000] reference-disagreement wide:trailing-closure:raw:real:SyntaxExpressibleByStringInterpolationConformances:22 len=85 artifacts=16 advent-overaccept=14 advent-underaccept=3 compiler-timeout=2 reference-disagreement=463 same=6958
[7449/100000] reference-disagreement declaration-modifier-stack len=34 artifacts=16 advent-overaccept=14 advent-underaccept=3 compiler-timeout=2 reference-disagreement=464 same=6966
[7498/100000] reference-disagreement wide:struct-member:raw:translated:testInvalid28#1+real:ParserDiagnosticMessages:315 len=840 artifacts=16 advent-overaccept=14 advent-underaccept=3 compiler-timeout=2 reference-disagreement=465 same=7014
[7500/100000] same wide:extension-member:duplicate:reject:testDiagnosticMissingFuncKeyword2e#1 len=79 artifacts=16 advent-overaccept=14 advent-underaccept=3 compiler-timeout=2 reference-disagreement=465 same=7016
[7508/100000] reference-disagreement wide:func-body:splice:real:FunctionParameterUtils:19 len=628 artifacts=16 advent-overaccept=14 advent-underaccept=3 compiler-timeout=2 reference-disagreement=466 same=7023
[7511/100000] reference-disagreement wide:after-statement:raw:translated:testInitDeinit6#1+phase4-ifconfig:regex-extended len=77 artifacts=16 advent-overaccept=14 advent-underaccept=3 compiler-timeout=2 reference-disagreement=467 same=7025
[7526/100000] reference-disagreement tspl-divergence-protocol-body len=181 artifacts=16 advent-overaccept=14 advent-underaccept=3 compiler-timeout=2 reference-disagreement=468 same=7039
[7552/100000] reference-disagreement wide:closure:space:real:SyntaxTraits:798 len=115 artifacts=16 advent-overaccept=14 advent-underaccept=3 compiler-timeout=2 reference-disagreement=469 same=7064
[7558/100000] reference-disagreement wide:before-statement:raw:translated:testSwitch32#1 len=540 artifacts=16 advent-overaccept=14 advent-underaccept=3 compiler-timeout=2 reference-disagreement=470 same=7069
[7563/100000] reference-disagreement tspl-divergence-accessor-commitment len=78 artifacts=16 advent-overaccept=14 advent-underaccept=3 compiler-timeout=2 reference-disagreement=471 same=7073
[7577/100000] reference-disagreement attribute-ifconfig-elseif-list len=126 artifacts=16 advent-overaccept=14 advent-underaccept=3 compiler-timeout=2 reference-disagreement=472 same=7086
[7589/100000] reference-disagreement wide:closure:space+space:translated:testTypeExpr25a#1+real:DeclSyntaxParseable:50 len=98 artifacts=16 advent-overaccept=14 advent-underaccept=3 compiler-timeout=2 reference-disagreement=473 same=7097
[7590/100000] reference-disagreement attribute-ifconfig-elseif-list len=115 artifacts=16 advent-overaccept=14 advent-underaccept=3 compiler-timeout=2 reference-disagreement=474 same=7097
[7594/100000] reference-disagreement attribute-ifconfig-elseif-list len=122 artifacts=16 advent-overaccept=14 advent-underaccept=3 compiler-timeout=2 reference-disagreement=475 same=7100
[7604/100000] reference-disagreement binding-pattern len=458 artifacts=16 advent-overaccept=14 advent-underaccept=3 compiler-timeout=2 reference-disagreement=476 same=7109
[7617/100000] reference-disagreement tspl-divergence-protocol-body len=239 artifacts=16 advent-overaccept=14 advent-underaccept=3 compiler-timeout=2 reference-disagreement=477 same=7121
[7627/100000] reference-disagreement member-list-wide-boundary len=162 artifacts=16 advent-overaccept=14 advent-underaccept=3 compiler-timeout=2 reference-disagreement=478 same=7130
[7677/100000] reference-disagreement declaration-modifier-stack len=34 artifacts=16 advent-overaccept=14 advent-underaccept=3 compiler-timeout=2 reference-disagreement=479 same=7179
[7703/100000] reference-disagreement member-list-wide-boundary len=223 artifacts=16 advent-overaccept=14 advent-underaccept=3 compiler-timeout=2 reference-disagreement=480 same=7204
[7750/100000] same grammarish-member-list len=194 artifacts=16 advent-overaccept=14 advent-underaccept=3 compiler-timeout=2 reference-disagreement=480 same=7251
[7761/100000] reference-disagreement keypath-boundary len=44 artifacts=16 advent-overaccept=14 advent-underaccept=3 compiler-timeout=2 reference-disagreement=481 same=7261
[7765/100000] reference-disagreement tspl-divergence-protocol-body len=198 artifacts=16 advent-overaccept=14 advent-underaccept=3 compiler-timeout=2 reference-disagreement=482 same=7264
[7826/100000] reference-disagreement wide:func-body:space:real:MissingNodesError:26 len=149 artifacts=16 advent-overaccept=14 advent-underaccept=3 compiler-timeout=2 reference-disagreement=483 same=7324
[7846/100000] reference-disagreement wide:trailing-closure:raw:real:SyntaxTraits:784+translated:testInvalid7#1 len=77 artifacts=16 advent-overaccept=14 advent-underaccept=3 compiler-timeout=2 reference-disagreement=484 same=7343
[7856/100000] reference-disagreement statement-list len=519 artifacts=16 advent-overaccept=14 advent-underaccept=3 compiler-timeout=2 reference-disagreement=485 same=7352
[7922/100000] reference-disagreement tspl-divergence-accessor-commitment len=49 artifacts=16 advent-overaccept=14 advent-underaccept=3 compiler-timeout=2 reference-disagreement=486 same=7417
[7923/100000] reference-disagreement wide:closure:raw:translated:testOperatorDeclDesignatedTypes17#1 len=109 artifacts=16 advent-overaccept=14 advent-underaccept=3 compiler-timeout=2 reference-disagreement=487 same=7417
[7932/100000] reference-disagreement tspl-divergence-protocol-body len=155 artifacts=16 advent-overaccept=14 advent-underaccept=3 compiler-timeout=2 reference-disagreement=488 same=7425
[7935/100000] reference-disagreement wide:ifconfig:delete:reject:testRecovery21#1 len=21 artifacts=16 advent-overaccept=14 advent-underaccept=3 compiler-timeout=2 reference-disagreement=489 same=7427
[7969/100000] reference-disagreement wide:closure:delete+keyword:real:ParserDiagnosticMessages:554 len=247 artifacts=16 advent-overaccept=14 advent-underaccept=3 compiler-timeout=2 reference-disagreement=490 same=7460
[8000/100000] same wide:before-statement:splice:translated:testSwitch9#1 len=29 artifacts=16 advent-overaccept=14 advent-underaccept=3 compiler-timeout=2 reference-disagreement=490 same=7491
[8018/100000] reference-disagreement wide:func-body:delete+newline:real:ResultBuilders:531 len=217 artifacts=16 advent-overaccept=14 advent-underaccept=3 compiler-timeout=2 reference-disagreement=491 same=7508
[8026/100000] reference-disagreement wide:struct-member:raw:real:SyntaxTraits:774 len=65 artifacts=16 advent-overaccept=14 advent-underaccept=3 compiler-timeout=2 reference-disagreement=492 same=7515
[8041/100000] reference-disagreement wide:extension-member:keyword+space:translated:testModuleSelectorAttrs#2 len=128 artifacts=16 advent-overaccept=14 advent-underaccept=3 compiler-timeout=2 reference-disagreement=493 same=7529
[8044/100000] reference-disagreement wide:closure:newline+space:real:MissingNodeInitializers:58+real:Utils:46 len=400 artifacts=16 advent-overaccept=14 advent-underaccept=3 compiler-timeout=2 reference-disagreement=494 same=7531
[8054/100000] reference-disagreement cast-try-operator-cluster len=24 artifacts=16 advent-overaccept=14 advent-underaccept=3 compiler-timeout=2 reference-disagreement=495 same=7540
[8062/100000] reference-disagreement wide:struct-member:newline+newline:real:ResultBuilders:29 len=189 artifacts=16 advent-overaccept=14 advent-underaccept=3 compiler-timeout=2 reference-disagreement=496 same=7547
[8087/100000] reference-disagreement wide:trailing-closure:space:real:Syntax+StringInterpolation:233+real:CompilerPlugin:57 len=894 artifacts=16 advent-overaccept=14 advent-underaccept=3 compiler-timeout=2 reference-disagreement=497 same=7571
[8106/100000] reference-disagreement wide:before-statement:splice+glue:translated:testOperatorDeclDesignatedTypes9#1+real:DeclSyntaxParseable:62 len=130 artifacts=16 advent-overaccept=14 advent-underaccept=3 compiler-timeout=2 reference-disagreement=498 same=7589
[8110/100000] reference-disagreement cast-try-operator-cluster len=24 artifacts=16 advent-overaccept=14 advent-underaccept=3 compiler-timeout=2 reference-disagreement=499 same=7592
[8111/100000] reference-disagreement tspl-divergence-accessor-commitment len=78 artifacts=16 advent-overaccept=14 advent-underaccept=3 compiler-timeout=2 reference-disagreement=500 same=7592
[8119/100000] reference-disagreement wide:func-body:glue:real:String+TrimmingTrailingWhitespace:13 len=259 artifacts=16 advent-overaccept=14 advent-underaccept=3 compiler-timeout=2 reference-disagreement=501 same=7599
[8126/100000] reference-disagreement wide:struct-member:raw:real:Attributes:930 len=977 artifacts=16 advent-overaccept=14 advent-underaccept=3 compiler-timeout=2 reference-disagreement=502 same=7605
[8161/100000] reference-disagreement wide:trailing-closure:newline:real:PackageDependency:91 len=196 artifacts=16 advent-overaccept=14 advent-underaccept=3 compiler-timeout=2 reference-disagreement=503 same=7639
[8164/100000] reference-disagreement attribute-ifconfig-elseif-list len=122 artifacts=16 advent-overaccept=14 advent-underaccept=3 compiler-timeout=2 reference-disagreement=504 same=7641
[8166/100000] reference-disagreement keypath-boundary len=38 artifacts=16 advent-overaccept=14 advent-underaccept=3 compiler-timeout=2 reference-disagreement=505 same=7642
[8172/100000] reference-disagreement nested-ifconfig-boundary len=113 artifacts=16 advent-overaccept=14 advent-underaccept=3 compiler-timeout=2 reference-disagreement=506 same=7647
[8174/100000] reference-disagreement tspl-divergence-protocol-body len=200 artifacts=16 advent-overaccept=14 advent-underaccept=3 compiler-timeout=2 reference-disagreement=507 same=7648
[8176/100000] advent-overaccept wide:after-statement:raw:reject:testConflictMarkers14#1 len=198 artifacts=17 advent-overaccept=15 advent-underaccept=3 compiler-timeout=2 reference-disagreement=507 same=7649
[8201/100000] reference-disagreement wide:func-body:newline+line-comment:real:MissingNodeInitializers:92 len=244 artifacts=17 advent-overaccept=15 advent-underaccept=3 compiler-timeout=2 reference-disagreement=508 same=7673
[8211/100000] reference-disagreement wide:trailing-closure:raw:expression:testKeyPathMethodAndInitializers#6 len=45 artifacts=17 advent-overaccept=15 advent-underaccept=3 compiler-timeout=2 reference-disagreement=509 same=7682
[8212/100000] reference-disagreement wide:extension-member:duplicate:declaration:testVariableDeclarations#3 len=63 artifacts=17 advent-overaccept=15 advent-underaccept=3 compiler-timeout=2 reference-disagreement=510 same=7682
[8219/100000] reference-disagreement grammarish-member-list len=263 artifacts=17 advent-overaccept=15 advent-underaccept=3 compiler-timeout=2 reference-disagreement=511 same=7688
[8221/100000] reference-disagreement wide:func-body:line-comment+newline:attribute:testRethrowsAttribute#1 len=46 artifacts=17 advent-overaccept=15 advent-underaccept=3 compiler-timeout=2 reference-disagreement=512 same=7689
[8250/100000] same frontier:generic-member-type-shape len=277 artifacts=17 advent-overaccept=15 advent-underaccept=3 compiler-timeout=2 reference-disagreement=512 same=7718
[8252/100000] reference-disagreement binding-pattern len=458 artifacts=17 advent-overaccept=15 advent-underaccept=3 compiler-timeout=2 reference-disagreement=513 same=7719
[8286/100000] reference-disagreement wide:extension-member:raw:real:SyntaxExpressibleByStringInterpolationConformances:241+declaration:testDifferentiableAttribute#1 len=401 artifacts=17 advent-overaccept=15 advent-underaccept=3 compiler-timeout=2 reference-disagreement=514 same=7752
[8297/100000] reference-disagreement keypath-boundary len=38 artifacts=17 advent-overaccept=15 advent-underaccept=3 compiler-timeout=2 reference-disagreement=515 same=7762
[8312/100000] reference-disagreement attribute-boundary len=37 artifacts=17 advent-overaccept=15 advent-underaccept=3 compiler-timeout=2 reference-disagreement=516 same=7776
[8326/100000] reference-disagreement wide:after-statement:raw:translated:testSubscripting17#1 len=59 artifacts=17 advent-overaccept=15 advent-underaccept=3 compiler-timeout=2 reference-disagreement=517 same=7789
[8341/100000] reference-disagreement wide:trailing-closure:raw:translated:testOperatorDecl11d#1 len=28 artifacts=17 advent-overaccept=15 advent-underaccept=3 compiler-timeout=2 reference-disagreement=518 same=7803
[8342/100000] reference-disagreement wide:struct-member:glue+space:translated:testForwardSlashRegexSkipping36#1+real:IsValidIdentifier:41 len=1056 artifacts=17 advent-overaccept=15 advent-underaccept=3 compiler-timeout=2 reference-disagreement=519 same=7803
[8347/100000] reference-disagreement wide:func-body:newline+glue:real:ResultBuilders:193 len=188 artifacts=17 advent-overaccept=15 advent-underaccept=3 compiler-timeout=2 reference-disagreement=520 same=7807
[8350/100000] reference-disagreement grammarish-member-list len=170 artifacts=17 advent-overaccept=15 advent-underaccept=3 compiler-timeout=2 reference-disagreement=521 same=7809
[8359/100000] reference-disagreement wide:func-body:space+block-comment:real:SwiftSyntaxCompatibility:747 len=920 artifacts=17 advent-overaccept=15 advent-underaccept=3 compiler-timeout=2 reference-disagreement=522 same=7817
[8368/100000] reference-disagreement wide:struct-member:block-comment+line-comment:translated:testOperators25#1 len=48 artifacts=17 advent-overaccept=15 advent-underaccept=3 compiler-timeout=2 reference-disagreement=523 same=7825
[8389/100000] reference-disagreement declaration-modifier-stack len=34 artifacts=17 advent-overaccept=15 advent-underaccept=3 compiler-timeout=2 reference-disagreement=524 same=7845
[8399/100000] reference-disagreement attribute-boundary len=101 artifacts=17 advent-overaccept=15 advent-underaccept=3 compiler-timeout=2 reference-disagreement=525 same=7854
[8427/100000] reference-disagreement wide:trailing-closure:raw:real:RawSyntaxNodesTUVWXYZ:17+real:RefactoringProvider:50 len=635 artifacts=17 advent-overaccept=15 advent-underaccept=3 compiler-timeout=2 reference-disagreement=526 same=7881
[8435/100000] advent-underaccept wide:closure:keyword:phase1:let-nil len=35 artifacts=18 advent-overaccept=15 advent-underaccept=4 compiler-timeout=2 reference-disagreement=526 same=7888
[8440/100000] reference-disagreement attribute-ifconfig-elseif-list len=106 artifacts=18 advent-overaccept=15 advent-underaccept=4 compiler-timeout=2 reference-disagreement=527 same=7892
[8497/100000] reference-disagreement attribute-boundary len=39 artifacts=18 advent-overaccept=15 advent-underaccept=4 compiler-timeout=2 reference-disagreement=528 same=7948
[8500/100000] same wide:closure:splice+splice+delete:translated:testCompositionTypeExpr#1 len=25 artifacts=18 advent-overaccept=15 advent-underaccept=4 compiler-timeout=2 reference-disagreement=528 same=7951
[8529/100000] reference-disagreement wide:extension-member:raw:real:VersionTuple:58 len=65 artifacts=18 advent-overaccept=15 advent-underaccept=4 compiler-timeout=2 reference-disagreement=529 same=7979
[8540/100000] reference-disagreement keypath-component-matrix len=33 artifacts=18 advent-overaccept=15 advent-underaccept=4 compiler-timeout=2 reference-disagreement=530 same=7989
[8553/100000] reference-disagreement wide:closure:newline:real:ParserDiagnosticMessages:407 len=301 artifacts=18 advent-overaccept=15 advent-underaccept=4 compiler-timeout=2 reference-disagreement=531 same=8001
[8556/100000] tree-difference wide:trailing-closure:glue+splice:translated:testForwardSlashRegex43#1 len=22 artifacts=19 advent-overaccept=15 advent-underaccept=4 compiler-timeout=2 reference-disagreement=531 same=8003 tree-difference=1
[8603/100000] reference-disagreement wide:extension-member:newline+duplicate:real:SyntaxEditUtils:19 len=64 artifacts=19 advent-overaccept=15 advent-underaccept=4 compiler-timeout=2 reference-disagreement=532 same=8049 tree-difference=1
[8607/100000] reference-disagreement keypath-boundary len=37 artifacts=19 advent-overaccept=15 advent-underaccept=4 compiler-timeout=2 reference-disagreement=533 same=8052 tree-difference=1
[8636/100000] reference-disagreement tspl-divergence-protocol-body len=76 artifacts=19 advent-overaccept=15 advent-underaccept=4 compiler-timeout=2 reference-disagreement=534 same=8080 tree-difference=1
[8637/100000] reference-disagreement wide:top:duplicate+keyword:translated:testOperators26#1 len=28 artifacts=19 advent-overaccept=15 advent-underaccept=4 compiler-timeout=2 reference-disagreement=535 same=8080 tree-difference=1
[8656/100000] reference-disagreement member-list-wide-boundary len=300 artifacts=19 advent-overaccept=15 advent-underaccept=4 compiler-timeout=2 reference-disagreement=536 same=8098 tree-difference=1
[8664/100000] reference-disagreement tspl-divergence-protocol-body len=191 artifacts=19 advent-overaccept=15 advent-underaccept=4 compiler-timeout=2 reference-disagreement=537 same=8105 tree-difference=1
[8666/100000] reference-disagreement seed-corpus-wrapped:preconcurrency-import len=49 artifacts=19 advent-overaccept=15 advent-underaccept=4 compiler-timeout=2 reference-disagreement=538 same=8106 tree-difference=1
[8681/100000] reference-disagreement wide:top:newline+keyword+line-comment:type:testClosureSignatures#3+declaration:testAccessors#1 len=127 artifacts=19 advent-overaccept=15 advent-underaccept=4 compiler-timeout=2 reference-disagreement=539 same=8120 tree-difference=1
[8685/100000] reference-disagreement tspl-divergence-protocol-body len=132 artifacts=19 advent-overaccept=15 advent-underaccept=4 compiler-timeout=2 reference-disagreement=540 same=8123 tree-difference=1
[8691/100000] reference-disagreement wide:func-body:newline+line-comment:declaration:testImports#1 len=40 artifacts=19 advent-overaccept=15 advent-underaccept=4 compiler-timeout=2 reference-disagreement=541 same=8128 tree-difference=1
[8712/100000] reference-disagreement tspl-divergence-protocol-body len=178 artifacts=19 advent-overaccept=15 advent-underaccept=4 compiler-timeout=2 reference-disagreement=542 same=8148 tree-difference=1
[8715/100000] reference-disagreement wide:trailing-closure:raw:translated:testTypeExpr4#1+declaration:testUsing#9 len=118 artifacts=19 advent-overaccept=15 advent-underaccept=4 compiler-timeout=2 reference-disagreement=543 same=8150 tree-difference=1
[8724/100000] reference-disagreement nested-ifconfig-boundary len=163 artifacts=19 advent-overaccept=15 advent-underaccept=4 compiler-timeout=2 reference-disagreement=544 same=8158 tree-difference=1
[8726/100000] reference-disagreement member-list-wide-boundary len=472 artifacts=19 advent-overaccept=15 advent-underaccept=4 compiler-timeout=2 reference-disagreement=545 same=8159 tree-difference=1
[8742/100000] reference-disagreement wide:extension-member:raw:real:SwiftSyntaxCompatibility:771 len=147 artifacts=19 advent-overaccept=15 advent-underaccept=4 compiler-timeout=2 reference-disagreement=546 same=8174 tree-difference=1
[8750/100000] same wide:ifconfig:duplicate:translated:testTypeExpr25b#1 len=41 artifacts=19 advent-overaccept=15 advent-underaccept=4 compiler-timeout=2 reference-disagreement=546 same=8182 tree-difference=1
[8766/100000] advent-overaccept wide:trailing-closure:newline:declaration:testUsing#3 len=21 artifacts=19 advent-overaccept=16 advent-underaccept=4 compiler-timeout=2 reference-disagreement=546 same=8197 tree-difference=1
[8770/100000] reference-disagreement wide:extension-member:keyword+newline+swap:real:StaticBuildConfiguration:427 len=228 artifacts=19 advent-overaccept=16 advent-underaccept=4 compiler-timeout=2 reference-disagreement=547 same=8200 tree-difference=1
[8773/100000] reference-disagreement wide:struct-member:line-comment+newline:real:SyntaxExpressibleByStringInterpolationConformances:184+real:SyntaxTraits:854 len=210 artifacts=19 advent-overaccept=16 advent-underaccept=4 compiler-timeout=2 reference-disagreement=548 same=8202 tree-difference=1
[8774/100000] reference-disagreement member-list-wide-boundary len=255 artifacts=19 advent-overaccept=16 advent-underaccept=4 compiler-timeout=2 reference-disagreement=549 same=8202 tree-difference=1
[8801/100000] reference-disagreement wide:before-statement:raw:translated:testSwitch14#1 len=55 artifacts=19 advent-overaccept=16 advent-underaccept=4 compiler-timeout=2 reference-disagreement=550 same=8228 tree-difference=1
[8825/100000] reference-disagreement wide:func-body:newline:attribute:testDocumentationAttribute#2 len=87 artifacts=19 advent-overaccept=16 advent-underaccept=4 compiler-timeout=2 reference-disagreement=551 same=8251 tree-difference=1
[8827/100000] reference-disagreement func-body len=458 artifacts=19 advent-overaccept=16 advent-underaccept=4 compiler-timeout=2 reference-disagreement=552 same=8252 tree-difference=1
[8837/100000] reference-disagreement wide:closure:raw:real:SyntaxTraits:794 len=93 artifacts=19 advent-overaccept=16 advent-underaccept=4 compiler-timeout=2 reference-disagreement=553 same=8261 tree-difference=1
[8843/100000] reference-disagreement declaration-modifier-stack len=34 artifacts=19 advent-overaccept=16 advent-underaccept=4 compiler-timeout=2 reference-disagreement=554 same=8266 tree-difference=1
[8846/100000] reference-disagreement tspl-divergence-protocol-body len=152 artifacts=19 advent-overaccept=16 advent-underaccept=4 compiler-timeout=2 reference-disagreement=555 same=8268 tree-difference=1
[8890/100000] reference-disagreement attribute-ifconfig-elseif-list len=106 artifacts=19 advent-overaccept=16 advent-underaccept=4 compiler-timeout=2 reference-disagreement=556 same=8311 tree-difference=1
[8903/100000] reference-disagreement wide:ifconfig:raw:translated:testInitDeinit12#1 len=41 artifacts=19 advent-overaccept=16 advent-underaccept=4 compiler-timeout=2 reference-disagreement=557 same=8323 tree-difference=1
[8910/100000] reference-disagreement wide:trailing-closure:raw:real:ConvenienceInitializers:93 len=523 artifacts=19 advent-overaccept=16 advent-underaccept=4 compiler-timeout=2 reference-disagreement=558 same=8329 tree-difference=1
[8925/100000] reference-disagreement wide:extension-member:space:attribute:testImportAttributes#1 len=147 artifacts=19 advent-overaccept=16 advent-underaccept=4 compiler-timeout=2 reference-disagreement=559 same=8343 tree-difference=1
[8928/100000] reference-disagreement wide:after-statement:raw:reject:testForwardSlashRegex142#1+translated:testTupleTypeExpr#15 len=49 artifacts=19 advent-overaccept=16 advent-underaccept=4 compiler-timeout=2 reference-disagreement=560 same=8345 tree-difference=1
[8948/100000] reference-disagreement attribute-ifconfig-elseif-list len=124 artifacts=19 advent-overaccept=16 advent-underaccept=4 compiler-timeout=2 reference-disagreement=561 same=8364 tree-difference=1
[8950/100000] reference-disagreement attribute-ifconfig-elseif-list len=137 artifacts=19 advent-overaccept=16 advent-underaccept=4 compiler-timeout=2 reference-disagreement=562 same=8365 tree-difference=1
[8955/100000] reference-disagreement wide:func-body:glue+line-comment:real:ExpandEditorPlaceholder:506 len=62 artifacts=19 advent-overaccept=16 advent-underaccept=4 compiler-timeout=2 reference-disagreement=563 same=8369 tree-difference=1
[9000/100000] same macro-pound-boundary len=25 artifacts=19 advent-overaccept=16 advent-underaccept=4 compiler-timeout=2 reference-disagreement=563 same=8414 tree-difference=1
[9002/100000] reference-disagreement tspl-divergence-accessor-commitment len=78 artifacts=19 advent-overaccept=16 advent-underaccept=4 compiler-timeout=2 reference-disagreement=564 same=8415 tree-difference=1
[9016/100000] reference-disagreement wide:trailing-closure:line-comment:real:PrecedenceGroup:134+translated:testPropertyWrapperWithCopy#1 len=977 artifacts=19 advent-overaccept=16 advent-underaccept=4 compiler-timeout=2 reference-disagreement=565 same=8428 tree-difference=1
[9028/100000] reference-disagreement wide:struct-member:newline+glue:real:MacroReplacement:78 len=402 artifacts=19 advent-overaccept=16 advent-underaccept=4 compiler-timeout=2 reference-disagreement=566 same=8439 tree-difference=1
[9039/100000] reference-disagreement member-list-wide-boundary len=576 artifacts=19 advent-overaccept=16 advent-underaccept=4 compiler-timeout=2 reference-disagreement=567 same=8449 tree-difference=1
[9087/100000] reference-disagreement wide:closure:raw:real:Names:19 len=940 artifacts=19 advent-overaccept=16 advent-underaccept=4 compiler-timeout=2 reference-disagreement=568 same=8496 tree-difference=1
[9091/100000] reference-disagreement declaration-modifier-stack len=34 artifacts=19 advent-overaccept=16 advent-underaccept=4 compiler-timeout=2 reference-disagreement=569 same=8499 tree-difference=1
[9094/100000] reference-disagreement tspl-divergence-protocol-body len=187 artifacts=19 advent-overaccept=16 advent-underaccept=4 compiler-timeout=2 reference-disagreement=570 same=8501 tree-difference=1
[9098/100000] reference-disagreement wide:trailing-closure:raw:real:SyntaxProtocol:35 len=117 artifacts=19 advent-overaccept=16 advent-underaccept=4 compiler-timeout=2 reference-disagreement=571 same=8504 tree-difference=1
[9107/100000] reference-disagreement wide:closure:raw:real:Syntax:348 len=152 artifacts=19 advent-overaccept=16 advent-underaccept=4 compiler-timeout=2 reference-disagreement=572 same=8512 tree-difference=1
[9133/100000] reference-disagreement wide:trailing-closure:space+block-comment:real:Trivia+commentValue:149+real:String+TrimmingTrailingWhitespace:23 len=366 artifacts=19 advent-overaccept=16 advent-underaccept=4 compiler-timeout=2 reference-disagreement=573 same=8537 tree-difference=1
[9155/100000] reference-disagreement cast-try-operator-cluster len=24 artifacts=19 advent-overaccept=16 advent-underaccept=4 compiler-timeout=2 reference-disagreement=574 same=8558 tree-difference=1
[9165/100000] reference-disagreement attribute-ifconfig-elseif-list len=127 artifacts=19 advent-overaccept=16 advent-underaccept=4 compiler-timeout=2 reference-disagreement=575 same=8567 tree-difference=1
[9166/100000] reference-disagreement tspl-divergence-protocol-body len=76 artifacts=19 advent-overaccept=16 advent-underaccept=4 compiler-timeout=2 reference-disagreement=576 same=8567 tree-difference=1
[9178/100000] reference-disagreement wide:struct-member:block-comment+space+line-comment:real:DeclSyntaxParseable:57 len=86 artifacts=19 advent-overaccept=16 advent-underaccept=4 compiler-timeout=2 reference-disagreement=577 same=8578 tree-difference=1
[9182/100000] reference-disagreement wide:func-body:newline+space:real:SyntaxCollections:647 len=559 artifacts=19 advent-overaccept=16 advent-underaccept=4 compiler-timeout=2 reference-disagreement=578 same=8581 tree-difference=1
[9188/100000] reference-disagreement wide:top:raw:translated:testDeprecatedWhere5#1 len=266 artifacts=19 advent-overaccept=16 advent-underaccept=4 compiler-timeout=2 reference-disagreement=579 same=8586 tree-difference=1
[9207/100000] reference-disagreement wide:closure:newline:real:ResultBuilders:267 len=156 artifacts=19 advent-overaccept=16 advent-underaccept=4 compiler-timeout=2 reference-disagreement=580 same=8604 tree-difference=1
[9249/100000] reference-disagreement wide:func-body:splice+glue:translated:testInvalidStringInterpolationProtocol5#1 len=251 artifacts=19 advent-overaccept=16 advent-underaccept=4 compiler-timeout=2 reference-disagreement=581 same=8645 tree-difference=1
[9250/100000] same tspl-divergence-specialized-attribute len=79 artifacts=19 advent-overaccept=16 advent-underaccept=4 compiler-timeout=2 reference-disagreement=581 same=8646 tree-difference=1
[9263/100000] reference-disagreement wide:extension-member:raw:expression:testObjectLiterals#1 len=153 artifacts=19 advent-overaccept=16 advent-underaccept=4 compiler-timeout=2 reference-disagreement=582 same=8658 tree-difference=1
[9268/100000] reference-disagreement tspl-divergence-accessor-commitment len=78 artifacts=19 advent-overaccept=16 advent-underaccept=4 compiler-timeout=2 reference-disagreement=583 same=8662 tree-difference=1
[9271/100000] reference-disagreement tspl-divergence-protocol-body len=138 artifacts=19 advent-overaccept=16 advent-underaccept=4 compiler-timeout=2 reference-disagreement=584 same=8664 tree-difference=1
[9277/100000] reference-disagreement wide:struct-member:keyword+space+newline:real:Parameters:25+real:SyntaxExpressibleByStringInterpolationConformances:247 len=133 artifacts=19 advent-overaccept=16 advent-underaccept=4 compiler-timeout=2 reference-disagreement=585 same=8669 tree-difference=1
[9286/100000] reference-disagreement wide:extension-member:raw:translated:testPatternWithoutVariables6#1 len=109 artifacts=19 advent-overaccept=16 advent-underaccept=4 compiler-timeout=2 reference-disagreement=586 same=8677 tree-difference=1
[9294/100000] reference-disagreement tspl-divergence-protocol-body len=111 artifacts=19 advent-overaccept=16 advent-underaccept=4 compiler-timeout=2 reference-disagreement=587 same=8684 tree-difference=1
[9300/100000] reference-disagreement wide:func-body:raw:real:Statements:344 len=862 artifacts=19 advent-overaccept=16 advent-underaccept=4 compiler-timeout=2 reference-disagreement=588 same=8689 tree-difference=1
[9302/100000] reference-disagreement wide:trailing-closure:glue+line-comment:attribute:testBackDeployed#6 len=132 artifacts=19 advent-overaccept=16 advent-underaccept=4 compiler-timeout=2 reference-disagreement=589 same=8690 tree-difference=1
[9330/100000] reference-disagreement tspl-divergence-protocol-body len=76 artifacts=19 advent-overaccept=16 advent-underaccept=4 compiler-timeout=2 reference-disagreement=590 same=8717 tree-difference=1
[9347/100000] reference-disagreement member-list-wide-boundary len=271 artifacts=19 advent-overaccept=16 advent-underaccept=4 compiler-timeout=2 reference-disagreement=591 same=8733 tree-difference=1
[9380/100000] reference-disagreement wide:trailing-closure:raw:attribute:testQualifiedAttribute#1 len=78 artifacts=19 advent-overaccept=16 advent-underaccept=4 compiler-timeout=2 reference-disagreement=592 same=8765 tree-difference=1
[9422/100000] reference-disagreement tspl-divergence-protocol-body len=98 artifacts=19 advent-overaccept=16 advent-underaccept=4 compiler-timeout=2 reference-disagreement=593 same=8806 tree-difference=1
[9443/100000] reference-disagreement cast-try-operator-cluster len=24 artifacts=19 advent-overaccept=16 advent-underaccept=4 compiler-timeout=2 reference-disagreement=594 same=8826 tree-difference=1
[9456/100000] reference-disagreement ifconfig-member-context-boundary len=71 artifacts=19 advent-overaccept=16 advent-underaccept=4 compiler-timeout=2 reference-disagreement=595 same=8838 tree-difference=1
[9463/100000] reference-disagreement wide:closure:raw:translated:testIfconfigExpr11#1+real:EditorPlaceholder:72 len=406 artifacts=19 advent-overaccept=16 advent-underaccept=4 compiler-timeout=2 reference-disagreement=596 same=8844 tree-difference=1
[9479/100000] reference-disagreement nested-ifconfig-boundary len=117 artifacts=19 advent-overaccept=16 advent-underaccept=4 compiler-timeout=2 reference-disagreement=597 same=8859 tree-difference=1
[9500/100000] same wide:interpolation:raw:translated:testDollarIdentifier6#1 len=73 artifacts=19 advent-overaccept=16 advent-underaccept=4 compiler-timeout=2 reference-disagreement=597 same=8880 tree-difference=1
[9535/100000] reference-disagreement wide:trailing-closure:glue:translated:testDeprecatedWhere9#1 len=221 artifacts=19 advent-overaccept=16 advent-underaccept=4 compiler-timeout=2 reference-disagreement=598 same=8914 tree-difference=1
[9541/100000] reference-disagreement tspl-divergence-protocol-body len=119 artifacts=19 advent-overaccept=16 advent-underaccept=4 compiler-timeout=2 reference-disagreement=599 same=8919 tree-difference=1
[9596/100000] reference-disagreement keypath-boundary len=38 artifacts=19 advent-overaccept=16 advent-underaccept=4 compiler-timeout=2 reference-disagreement=600 same=8973 tree-difference=1
[9598/100000] reference-disagreement tspl-divergence-protocol-body len=133 artifacts=19 advent-overaccept=16 advent-underaccept=4 compiler-timeout=2 reference-disagreement=601 same=8974 tree-difference=1
[9600/100000] reference-disagreement attribute-ifconfig-elseif-list len=111 artifacts=19 advent-overaccept=16 advent-underaccept=4 compiler-timeout=2 reference-disagreement=602 same=8975 tree-difference=1
[9618/100000] reference-disagreement nested-ifconfig-boundary len=163 artifacts=19 advent-overaccept=16 advent-underaccept=4 compiler-timeout=2 reference-disagreement=603 same=8992 tree-difference=1
[9629/100000] reference-disagreement wide:extension-member:raw:real:ParserDiagnosticMessages:30 len=296 artifacts=19 advent-overaccept=16 advent-underaccept=4 compiler-timeout=2 reference-disagreement=604 same=9002 tree-difference=1
[9630/100000] reference-disagreement wide:trailing-closure:keyword:real:BuildableNodes:379 len=1034 artifacts=19 advent-overaccept=16 advent-underaccept=4 compiler-timeout=2 reference-disagreement=605 same=9002 tree-difference=1
[9651/100000] reference-disagreement tspl-divergence-protocol-body len=127 artifacts=19 advent-overaccept=16 advent-underaccept=4 compiler-timeout=2 reference-disagreement=606 same=9022 tree-difference=1
[9687/100000] reference-disagreement statement-list len=644 artifacts=19 advent-overaccept=16 advent-underaccept=4 compiler-timeout=2 reference-disagreement=607 same=9057 tree-difference=1
[9691/100000] reference-disagreement wide:ifconfig:space:translated:testInitDeinit5a#1+expression:testCollectionLiterals#5 len=93 artifacts=19 advent-overaccept=16 advent-underaccept=4 compiler-timeout=2 reference-disagreement=608 same=9060 tree-difference=1
[9692/100000] reference-disagreement wide:struct-member:keyword+glue+space:phase4-import:import-kind len=47 artifacts=19 advent-overaccept=16 advent-underaccept=4 compiler-timeout=2 reference-disagreement=609 same=9060 tree-difference=1
[9696/100000] reference-disagreement wide:struct-member:glue:translated:testInitDeinit26#1+real:ResultBuilders:719 len=246 artifacts=19 advent-overaccept=16 advent-underaccept=4 compiler-timeout=2 reference-disagreement=610 same=9063 tree-difference=1
[9708/100000] reference-disagreement wide:closure:raw:real:SyntaxTraits:826 len=130 artifacts=19 advent-overaccept=16 advent-underaccept=4 compiler-timeout=2 reference-disagreement=611 same=9074 tree-difference=1
[9730/100000] reference-disagreement tspl-divergence-accessor-commitment len=78 artifacts=19 advent-overaccept=16 advent-underaccept=4 compiler-timeout=2 reference-disagreement=612 same=9095 tree-difference=1
[9736/100000] reference-disagreement attribute-ifconfig-elseif-list len=138 artifacts=19 advent-overaccept=16 advent-underaccept=4 compiler-timeout=2 reference-disagreement=613 same=9100 tree-difference=1
[9745/100000] reference-disagreement attribute-ifconfig-elseif-list len=114 artifacts=19 advent-overaccept=16 advent-underaccept=4 compiler-timeout=2 reference-disagreement=614 same=9108 tree-difference=1
[9750/100000] same collection-type-boundary len=104 artifacts=19 advent-overaccept=16 advent-underaccept=4 compiler-timeout=2 reference-disagreement=614 same=9113 tree-difference=1
[9783/100000] reference-disagreement wide:func-body:splice+block-comment+block-comment:real:SyntaxCollections:1912 len=516 artifacts=19 advent-overaccept=16 advent-underaccept=4 compiler-timeout=2 reference-disagreement=615 same=9145 tree-difference=1
[9784/100000] reference-disagreement wide:struct-member:line-comment:real:SyntaxTraits:794 len=93 artifacts=19 advent-overaccept=16 advent-underaccept=4 compiler-timeout=2 reference-disagreement=616 same=9145 tree-difference=1
[9790/100000] reference-disagreement attribute-ifconfig-elseif-list len=133 artifacts=19 advent-overaccept=16 advent-underaccept=4 compiler-timeout=2 reference-disagreement=617 same=9150 tree-difference=1
[9810/100000] reference-disagreement tspl-divergence-protocol-body len=183 artifacts=19 advent-overaccept=16 advent-underaccept=4 compiler-timeout=2 reference-disagreement=618 same=9169 tree-difference=1
[9816/100000] reference-disagreement wide:closure:newline:real:ResultBuilders:189 len=132 artifacts=19 advent-overaccept=16 advent-underaccept=4 compiler-timeout=2 reference-disagreement=619 same=9174 tree-difference=1
[9831/100000] reference-disagreement wide:trailing-closure:raw:real:MemoryLayout:14 len=837 artifacts=19 advent-overaccept=16 advent-underaccept=4 compiler-timeout=2 reference-disagreement=620 same=9188 tree-difference=1
[9864/100000] reference-disagreement wide:func-body:line-comment:real:IdentifiableSyntax:58 len=128 artifacts=19 advent-overaccept=16 advent-underaccept=4 compiler-timeout=2 reference-disagreement=621 same=9220 tree-difference=1
[9902/100000] reference-disagreement wide:closure:newline:translated:testForwardSlashRegex8#1 len=92 artifacts=19 advent-overaccept=16 advent-underaccept=4 compiler-timeout=2 reference-disagreement=622 same=9257 tree-difference=1
[9909/100000] reference-disagreement wide:closure:space:real:DiagnosticGroupInheritanceTree:65 len=289 artifacts=19 advent-overaccept=16 advent-underaccept=4 compiler-timeout=2 reference-disagreement=623 same=9263 tree-difference=1
[9955/100000] reference-disagreement wide:func-body:newline:reject:testModuleSelectorType#3 len=40 artifacts=19 advent-overaccept=16 advent-underaccept=4 compiler-timeout=2 reference-disagreement=624 same=9308 tree-difference=1
[9956/100000] reference-disagreement wide:extension-member:raw:real:ConvenienceInitializers:76 len=229 artifacts=19 advent-overaccept=16 advent-underaccept=4 compiler-timeout=2 reference-disagreement=625 same=9308 tree-difference=1
[9958/100000] reference-disagreement wide:closure:raw:real:Trivia:110 len=587 artifacts=19 advent-overaccept=16 advent-underaccept=4 compiler-timeout=2 reference-disagreement=626 same=9309 tree-difference=1
[10000/100000] same delimiter-recovery-boundary len=23 artifacts=19 advent-overaccept=16 advent-underaccept=4 compiler-timeout=2 reference-disagreement=626 same=9351 tree-difference=1
[10006/100000] reference-disagreement wide:trailing-closure:glue:declaration:testOperators#1 len=44 artifacts=19 advent-overaccept=16 advent-underaccept=4 compiler-timeout=2 reference-disagreement=627 same=9356 tree-difference=1
[10015/100000] advent-overaccept wide:ifconfig:glue+newline:type:probeTildeCommaTight#1 len=32 artifacts=20 advent-overaccept=17 advent-underaccept=4 compiler-timeout=2 reference-disagreement=627 same=9364 tree-difference=1
[10040/100000] reference-disagreement keypath-boundary len=44 artifacts=20 advent-overaccept=17 advent-underaccept=4 compiler-timeout=2 reference-disagreement=628 same=9388 tree-difference=1
[10054/100000] reference-disagreement seed-corpus-wrapped:declaration-modifier-stack len=54 artifacts=20 advent-overaccept=17 advent-underaccept=4 compiler-timeout=2 reference-disagreement=629 same=9401 tree-difference=1
[10111/100000] reference-disagreement declaration-modifier-stack len=34 artifacts=20 advent-overaccept=17 advent-underaccept=4 compiler-timeout=2 reference-disagreement=630 same=9457 tree-difference=1
[10166/100000] reference-disagreement tspl-divergence-protocol-body len=226 artifacts=20 advent-overaccept=17 advent-underaccept=4 compiler-timeout=2 reference-disagreement=631 same=9511 tree-difference=1
[10202/100000] reference-disagreement grammarish-member-list len=377 artifacts=20 advent-overaccept=17 advent-underaccept=4 compiler-timeout=2 reference-disagreement=632 same=9546 tree-difference=1
[10216/100000] reference-disagreement binding-pattern len=458 artifacts=20 advent-overaccept=17 advent-underaccept=4 compiler-timeout=2 reference-disagreement=633 same=9559 tree-difference=1
[10225/100000] reference-disagreement wide:after-statement:line-comment+newline:attribute:testABIAttribute#7 len=90 artifacts=20 advent-overaccept=17 advent-underaccept=4 compiler-timeout=2 reference-disagreement=634 same=9567 tree-difference=1
[10228/100000] reference-disagreement grammarish-member-list len=147 artifacts=20 advent-overaccept=17 advent-underaccept=4 compiler-timeout=2 reference-disagreement=635 same=9569 tree-difference=1
[10250/100000] same wide:before-statement:space+space+newline:reject:testConsecutiveStatements4a#1 len=134 artifacts=20 advent-overaccept=17 advent-underaccept=4 compiler-timeout=2 reference-disagreement=635 same=9591 tree-difference=1
[10251/100000] reference-disagreement wide:extension-member:raw:translated:testOperatorDecl17#1 len=95 artifacts=20 advent-overaccept=17 advent-underaccept=4 compiler-timeout=2 reference-disagreement=636 same=9591 tree-difference=1
[10258/100000] reference-disagreement wide:extension-member:space+newline:real:SyntaxTraits:788 len=89 artifacts=20 advent-overaccept=17 advent-underaccept=4 compiler-timeout=2 reference-disagreement=637 same=9597 tree-difference=1
[10261/100000] reference-disagreement wide:closure:raw:real:SyntaxExpressibleByStringInterpolationConformances:211 len=91 artifacts=20 advent-overaccept=17 advent-underaccept=4 compiler-timeout=2 reference-disagreement=638 same=9599 tree-difference=1
[10263/100000] reference-disagreement statement-list len=641 artifacts=20 advent-overaccept=17 advent-underaccept=4 compiler-timeout=2 reference-disagreement=639 same=9600 tree-difference=1
[10280/100000] reference-disagreement wide:struct-member:raw:real:GrammarNode:303 len=1192 artifacts=20 advent-overaccept=17 advent-underaccept=4 compiler-timeout=2 reference-disagreement=640 same=9616 tree-difference=1
[10282/100000] reference-disagreement statement-list len=630 artifacts=20 advent-overaccept=17 advent-underaccept=4 compiler-timeout=2 reference-disagreement=641 same=9617 tree-difference=1
[10313/100000] reference-disagreement wide:func-body:keyword:real:LayoutNodes+Parsable:79+phase3-modifier:open-class len=214 artifacts=20 advent-overaccept=17 advent-underaccept=4 compiler-timeout=2 reference-disagreement=642 same=9647 tree-difference=1
[10319/100000] reference-disagreement wide:extension-member:block-comment:real:UnicodeScalarExtensions:264+translated:testEnum54#1 len=324 artifacts=20 advent-overaccept=17 advent-underaccept=4 compiler-timeout=2 reference-disagreement=643 same=9652 tree-difference=1
[10335/100000] reference-disagreement binding-pattern len=458 artifacts=20 advent-overaccept=17 advent-underaccept=4 compiler-timeout=2 reference-disagreement=644 same=9667 tree-difference=1
[10352/100000] reference-disagreement nested-ifconfig-boundary len=117 artifacts=20 advent-overaccept=17 advent-underaccept=4 compiler-timeout=2 reference-disagreement=645 same=9683 tree-difference=1
[10354/100000] reference-disagreement wide:closure:block-comment:real:ParserDiagnosticMessages:63 len=105 artifacts=20 advent-overaccept=17 advent-underaccept=4 compiler-timeout=2 reference-disagreement=646 same=9684 tree-difference=1
[10376/100000] reference-disagreement wide:ifconfig:raw:expression:testClosureWithExternalParameterName#2 len=39 artifacts=20 advent-overaccept=17 advent-underaccept=4 compiler-timeout=2 reference-disagreement=647 same=9705 tree-difference=1
[10400/100000] reference-disagreement wide:closure:raw:real:RegexLiteralLexer:339 len=335 artifacts=20 advent-overaccept=17 advent-underaccept=4 compiler-timeout=2 reference-disagreement=648 same=9728 tree-difference=1
[10416/100000] reference-disagreement member-list-wide-boundary len=175 artifacts=20 advent-overaccept=17 advent-underaccept=4 compiler-timeout=2 reference-disagreement=649 same=9743 tree-difference=1
[10417/100000] reference-disagreement ifconfig-member-context-boundary len=77 artifacts=20 advent-overaccept=17 advent-underaccept=4 compiler-timeout=2 reference-disagreement=650 same=9743 tree-difference=1
[10423/100000] reference-disagreement wide:ifconfig:raw:declaration:testDeinitializers#2 len=21 artifacts=20 advent-overaccept=17 advent-underaccept=4 compiler-timeout=2 reference-disagreement=651 same=9748 tree-difference=1
[10428/100000] advent-overaccept wide:func-body:line-comment+keyword:expression:testSequence#1 len=65 artifacts=21 advent-overaccept=18 advent-underaccept=4 compiler-timeout=2 reference-disagreement=651 same=9752 tree-difference=1
[10437/100000] reference-disagreement wide:extension-member:space:real:SyntaxTraits:752 len=77 artifacts=21 advent-overaccept=18 advent-underaccept=4 compiler-timeout=2 reference-disagreement=652 same=9760 tree-difference=1
[10465/100000] reference-disagreement wide:after-statement:newline+duplicate+glue:attribute:testMacroRoleNames#1 len=75 artifacts=21 advent-overaccept=18 advent-underaccept=4 compiler-timeout=2 reference-disagreement=653 same=9787 tree-difference=1
[10467/100000] reference-disagreement wide:func-body:splice:real:SyntaxTraits:571 len=127 artifacts=21 advent-overaccept=18 advent-underaccept=4 compiler-timeout=2 reference-disagreement=654 same=9788 tree-difference=1
[10500/100000] same frontier:statement-member-context len=168 artifacts=21 advent-overaccept=18 advent-underaccept=4 compiler-timeout=2 reference-disagreement=654 same=9821 tree-difference=1
[10512/100000] reference-disagreement wide:trailing-closure:raw:real:ResultBuilders:531 len=216 artifacts=21 advent-overaccept=18 advent-underaccept=4 compiler-timeout=2 reference-disagreement=655 same=9832 tree-difference=1
[10527/100000] reference-disagreement wide:func-body:line-comment+space:real:SyntaxNodeWithBody:185 len=1093 artifacts=21 advent-overaccept=18 advent-underaccept=4 compiler-timeout=2 reference-disagreement=656 same=9846 tree-difference=1
[10542/100000] reference-disagreement statement-list len=599 artifacts=21 advent-overaccept=18 advent-underaccept=4 compiler-timeout=2 reference-disagreement=657 same=9860 tree-difference=1
[10575/100000] reference-disagreement wide:closure:newline:declaration:testParseIsolatedConformances#1 len=53 artifacts=21 advent-overaccept=18 advent-underaccept=4 compiler-timeout=2 reference-disagreement=658 same=9892 tree-difference=1
[10577/100000] reference-disagreement grammarish-member-list len=110 artifacts=21 advent-overaccept=18 advent-underaccept=4 compiler-timeout=2 reference-disagreement=659 same=9893 tree-difference=1
[10582/100000] reference-disagreement wide:extension-member:raw:real:RawSyntax:958 len=360 artifacts=21 advent-overaccept=18 advent-underaccept=4 compiler-timeout=2 reference-disagreement=660 same=9897 tree-difference=1
[10593/100000] reference-disagreement nested-ifconfig-boundary len=113 artifacts=21 advent-overaccept=18 advent-underaccept=4 compiler-timeout=2 reference-disagreement=661 same=9907 tree-difference=1
[10642/100000] reference-disagreement tspl-divergence-protocol-body len=165 artifacts=21 advent-overaccept=18 advent-underaccept=4 compiler-timeout=2 reference-disagreement=662 same=9955 tree-difference=1
[10661/100000] reference-disagreement member-list-wide-boundary len=145 artifacts=21 advent-overaccept=18 advent-underaccept=4 compiler-timeout=2 reference-disagreement=663 same=9973 tree-difference=1
[10667/100000] reference-disagreement keypath-boundary len=44 artifacts=21 advent-overaccept=18 advent-underaccept=4 compiler-timeout=2 reference-disagreement=664 same=9978 tree-difference=1
[10671/100000] reference-disagreement cast-try-operator-cluster len=24 artifacts=21 advent-overaccept=18 advent-underaccept=4 compiler-timeout=2 reference-disagreement=665 same=9981 tree-difference=1
[10675/100000] reference-disagreement tspl-divergence-protocol-body len=109 artifacts=21 advent-overaccept=18 advent-underaccept=4 compiler-timeout=2 reference-disagreement=666 same=9984 tree-difference=1
[10689/100000] reference-disagreement wide:trailing-closure:newline+space:translated:testTry2#1 len=289 artifacts=21 advent-overaccept=18 advent-underaccept=4 compiler-timeout=2 reference-disagreement=667 same=9997 tree-difference=1
[10719/100000] reference-disagreement wide:struct-member:splice+line-comment+line-comment:real:FormatRawStringLiteral:72 len=445 artifacts=21 advent-overaccept=18 advent-underaccept=4 compiler-timeout=2 reference-disagreement=668 same=10026 tree-difference=1
[10729/100000] reference-disagreement attribute-ifconfig-elseif-list len=133 artifacts=21 advent-overaccept=18 advent-underaccept=4 compiler-timeout=2 reference-disagreement=669 same=10035 tree-difference=1
[10739/100000] reference-disagreement wide:extension-member:splice+keyword+newline:phase4-macro:borrow len=67 artifacts=21 advent-overaccept=18 advent-underaccept=4 compiler-timeout=2 reference-disagreement=670 same=10044 tree-difference=1
[10750/100000] same wide:extension-member:line-comment+line-comment:translated:testRegexParseError1#1 len=38 artifacts=21 advent-overaccept=18 advent-underaccept=4 compiler-timeout=2 reference-disagreement=670 same=10055 tree-difference=1
[10772/100000] reference-disagreement tspl-divergence-accessor-commitment len=78 artifacts=21 advent-overaccept=18 advent-underaccept=4 compiler-timeout=2 reference-disagreement=671 same=10076 tree-difference=1
[10785/100000] reference-disagreement wide:struct-member:space:real:SyntaxBaseNodes:899+real:SyntaxExpressibleByStringInterpolationConformances:139 len=153 artifacts=21 advent-overaccept=18 advent-underaccept=4 compiler-timeout=2 reference-disagreement=672 same=10088 tree-difference=1
[10786/100000] reference-disagreement tspl-divergence-protocol-body len=155 artifacts=21 advent-overaccept=18 advent-underaccept=4 compiler-timeout=2 reference-disagreement=673 same=10088 tree-difference=1
[10809/100000] reference-disagreement wide:extension-member:keyword:real:LayoutNodes+Parsable:79 len=191 artifacts=21 advent-overaccept=18 advent-underaccept=4 compiler-timeout=2 reference-disagreement=674 same=10110 tree-difference=1
[10859/100000] reference-disagreement declaration-modifier-stack len=34 artifacts=21 advent-overaccept=18 advent-underaccept=4 compiler-timeout=2 reference-disagreement=675 same=10159 tree-difference=1
[10871/100000] advent-underaccept wide:ifconfig:block-comment+line-comment+line-comment:real:SyntaxExpressibleByStringInterpolationConformances:55 len=196 artifacts=22 advent-overaccept=18 advent-underaccept=5 compiler-timeout=2 reference-disagreement=675 same=10170 tree-difference=1
[10884/100000] reference-disagreement member-list-wide-boundary len=376 artifacts=22 advent-overaccept=18 advent-underaccept=5 compiler-timeout=2 reference-disagreement=676 same=10182 tree-difference=1
[10894/100000] reference-disagreement keypath-boundary len=33 artifacts=22 advent-overaccept=18 advent-underaccept=5 compiler-timeout=2 reference-disagreement=677 same=10191 tree-difference=1
[10899/100000] reference-disagreement wide:trailing-closure:glue:real:Syntax+StringInterpolation:453 len=566 artifacts=22 advent-overaccept=18 advent-underaccept=5 compiler-timeout=2 reference-disagreement=678 same=10195 tree-difference=1
[10905/100000] reference-disagreement tspl-divergence-protocol-body len=189 artifacts=22 advent-overaccept=18 advent-underaccept=5 compiler-timeout=2 reference-disagreement=679 same=10200 tree-difference=1
[10913/100000] reference-disagreement wide:closure:newline:declaration:testReferenceToOpenThatLooksLikeDeclarationModifier#1 len=58 artifacts=22 advent-overaccept=18 advent-underaccept=5 compiler-timeout=2 reference-disagreement=680 same=10207 tree-difference=1
[10915/100000] reference-disagreement wide:struct-member:space+glue:phase4-decl:op-infix len=34 artifacts=22 advent-overaccept=18 advent-underaccept=5 compiler-timeout=2 reference-disagreement=681 same=10208 tree-difference=1
[10934/100000] reference-disagreement wide:extension-member:newline:real:SyntaxExpressibleByStringInterpolationConformances:271 len=184 artifacts=22 advent-overaccept=18 advent-underaccept=5 compiler-timeout=2 reference-disagreement=682 same=10226 tree-difference=1
[10941/100000] reference-disagreement keypath-boundary len=44 artifacts=22 advent-overaccept=18 advent-underaccept=5 compiler-timeout=2 reference-disagreement=683 same=10232 tree-difference=1
[10946/100000] reference-disagreement grammarish-member-list len=183 artifacts=22 advent-overaccept=18 advent-underaccept=5 compiler-timeout=2 reference-disagreement=684 same=10236 tree-difference=1
[10980/100000] reference-disagreement grammarish-member-list len=183 artifacts=22 advent-overaccept=18 advent-underaccept=5 compiler-timeout=2 reference-disagreement=685 same=10269 tree-difference=1
[10990/100000] reference-disagreement wide:func-body:glue:real:LayoutNodes+Parsable:151 len=185 artifacts=22 advent-overaccept=18 advent-underaccept=5 compiler-timeout=2 reference-disagreement=686 same=10278 tree-difference=1
[10994/100000] reference-disagreement wide:closure:newline:declaration:testParsePoundError#1 len=53 artifacts=22 advent-overaccept=18 advent-underaccept=5 compiler-timeout=2 reference-disagreement=687 same=10281 tree-difference=1
[11000/100000] same wide:after-statement:newline+duplicate:translated:testSwitch24#1 len=57 artifacts=22 advent-overaccept=18 advent-underaccept=5 compiler-timeout=2 reference-disagreement=687 same=10287 tree-difference=1
[11028/100000] reference-disagreement declaration-modifier-stack len=34 artifacts=22 advent-overaccept=18 advent-underaccept=5 compiler-timeout=2 reference-disagreement=688 same=10314 tree-difference=1
[11046/100000] reference-disagreement grammarish-member-list len=243 artifacts=22 advent-overaccept=18 advent-underaccept=5 compiler-timeout=2 reference-disagreement=689 same=10331 tree-difference=1
[11048/100000] reference-disagreement wide:closure:block-comment+line-comment:expression:testCollectionLiterals#1+real:WarningControlRegions:210 len=491 artifacts=22 advent-overaccept=18 advent-underaccept=5 compiler-timeout=2 reference-disagreement=690 same=10332 tree-difference=1
[11049/100000] tree-difference wide:after-statement:block-comment+glue:expression:testSubscript#2 len=32 artifacts=23 advent-overaccept=18 advent-underaccept=5 compiler-timeout=2 reference-disagreement=690 same=10332 tree-difference=2
[11088/100000] reference-disagreement cast-try-operator-cluster len=24 artifacts=23 advent-overaccept=18 advent-underaccept=5 compiler-timeout=2 reference-disagreement=691 same=10370 tree-difference=2
[11106/100000] reference-disagreement wide:before-statement:newline:translated:testForwardSlashRegex36#1+attribute:testSendable#1 len=97 artifacts=23 advent-overaccept=18 advent-underaccept=5 compiler-timeout=2 reference-disagreement=692 same=10387 tree-difference=2
[11117/100000] advent-overaccept wide:before-statement:raw:translated:testOperatorDeclDesignatedTypes19#1 len=61 artifacts=24 advent-overaccept=19 advent-underaccept=5 compiler-timeout=2 reference-disagreement=692 same=10397 tree-difference=2
[11119/100000] reference-disagreement wide:struct-member:newline+line-comment+block-comment:translated:testTypeExpr5#1 len=55 artifacts=24 advent-overaccept=19 advent-underaccept=5 compiler-timeout=2 reference-disagreement=693 same=10398 tree-difference=2
[11122/100000] reference-disagreement member-list-wide-boundary len=294 artifacts=24 advent-overaccept=19 advent-underaccept=5 compiler-timeout=2 reference-disagreement=694 same=10400 tree-difference=2
[11132/100000] reference-disagreement wide:extension-member:newline+space+keyword:translated:testForwardSlashRegex8#1 len=89 artifacts=24 advent-overaccept=19 advent-underaccept=5 compiler-timeout=2 reference-disagreement=695 same=10409 tree-difference=2
[11144/100000] reference-disagreement ifconfig-member-context-boundary len=71 artifacts=24 advent-overaccept=19 advent-underaccept=5 compiler-timeout=2 reference-disagreement=696 same=10420 tree-difference=2
[11145/100000] reference-disagreement wide:closure:raw:real:DeclSyntaxParseable:48+real:ParserDiagnosticMessages:416 len=502 artifacts=24 advent-overaccept=19 advent-underaccept=5 compiler-timeout=2 reference-disagreement=697 same=10420 tree-difference=2
[11150/100000] reference-disagreement wide:before-statement:keyword:expression:testCollectionLiterals#4 len=58 artifacts=24 advent-overaccept=19 advent-underaccept=5 compiler-timeout=2 reference-disagreement=698 same=10424 tree-difference=2
[11187/100000] reference-disagreement wide:func-body:raw:real:SyntaxHashable:14 len=94 artifacts=24 advent-overaccept=19 advent-underaccept=5 compiler-timeout=2 reference-disagreement=699 same=10460 tree-difference=2
[11204/100000] reference-disagreement wide:struct-member:raw:declaration:testModifiedParameter#2 len=56 artifacts=24 advent-overaccept=19 advent-underaccept=5 compiler-timeout=2 reference-disagreement=700 same=10476 tree-difference=2
[11208/100000] reference-disagreement wide:closure:raw:real:ResultBuilders:38+real:LayoutNodes+Parsable:183 len=310 artifacts=24 advent-overaccept=19 advent-underaccept=5 compiler-timeout=2 reference-disagreement=701 same=10479 tree-difference=2
[11222/100000] reference-disagreement attribute-ifconfig-elseif-list len=119 artifacts=24 advent-overaccept=19 advent-underaccept=5 compiler-timeout=2 reference-disagreement=702 same=10492 tree-difference=2
[11250/100000] same tspl-divergence-protocol-body len=211 artifacts=24 advent-overaccept=19 advent-underaccept=5 compiler-timeout=2 reference-disagreement=702 same=10520 tree-difference=2
[11252/100000] reference-disagreement wide:func-body:raw:reject:testMacroRoleNames#1 len=64 artifacts=24 advent-overaccept=19 advent-underaccept=5 compiler-timeout=2 reference-disagreement=703 same=10521 tree-difference=2
[11254/100000] reference-disagreement statement-list len=494 artifacts=24 advent-overaccept=19 advent-underaccept=5 compiler-timeout=2 reference-disagreement=704 same=10522 tree-difference=2
[11266/100000] reference-disagreement wide:struct-member:line-comment:real:StaticBuildConfiguration:427 len=247 artifacts=24 advent-overaccept=19 advent-underaccept=5 compiler-timeout=2 reference-disagreement=705 same=10533 tree-difference=2
[11276/100000] reference-disagreement wide:trailing-closure:raw:real:PackageTarget:161 len=131 artifacts=24 advent-overaccept=19 advent-underaccept=5 compiler-timeout=2 reference-disagreement=706 same=10542 tree-difference=2
[11285/100000] reference-disagreement wide:func-body:raw:real:CustomTraits:13 len=176 artifacts=24 advent-overaccept=19 advent-underaccept=5 compiler-timeout=2 reference-disagreement=707 same=10550 tree-difference=2
[11340/100000] reference-disagreement wide:func-body:raw:real:SyntaxHashable:14 len=94 artifacts=24 advent-overaccept=19 advent-underaccept=5 compiler-timeout=2 reference-disagreement=708 same=10604 tree-difference=2
[11376/100000] reference-disagreement wide:ifconfig:newline+block-comment:translated:testDeprecatedWhere8#1 len=248 artifacts=24 advent-overaccept=19 advent-underaccept=5 compiler-timeout=2 reference-disagreement=709 same=10639 tree-difference=2
[11388/100000] reference-disagreement attribute-ifconfig-elseif-list len=128 artifacts=24 advent-overaccept=19 advent-underaccept=5 compiler-timeout=2 reference-disagreement=710 same=10650 tree-difference=2
[11390/100000] reference-disagreement attribute-ifconfig-elseif-list len=133 artifacts=24 advent-overaccept=19 advent-underaccept=5 compiler-timeout=2 reference-disagreement=711 same=10651 tree-difference=2
[11391/100000] reference-disagreement tspl-divergence-protocol-body len=209 artifacts=24 advent-overaccept=19 advent-underaccept=5 compiler-timeout=2 reference-disagreement=712 same=10651 tree-difference=2
[11400/100000] reference-disagreement member-list-wide-boundary len=256 artifacts=24 advent-overaccept=19 advent-underaccept=5 compiler-timeout=2 reference-disagreement=713 same=10659 tree-difference=2
[11401/100000] reference-disagreement wide:struct-member:swap+swap:real:SyntaxExpressibleByStringInterpolationConformances:97 len=88 artifacts=24 advent-overaccept=19 advent-underaccept=5 compiler-timeout=2 reference-disagreement=714 same=10659 tree-difference=2
[11411/100000] reference-disagreement tspl-divergence-protocol-body len=237 artifacts=24 advent-overaccept=19 advent-underaccept=5 compiler-timeout=2 reference-disagreement=715 same=10668 tree-difference=2
[11412/100000] reference-disagreement wide:func-body:space:translated:testEnum68#1+real:SyntaxExpressibleByStringInterpolationConformances:154 len=245 artifacts=24 advent-overaccept=19 advent-underaccept=5 compiler-timeout=2 reference-disagreement=716 same=10668 tree-difference=2
[11419/100000] reference-disagreement wide:func-body:block-comment+line-comment+newline:declaration:testAttributedMacroExpansionDeclaration#8+translated:testSwitch28#1 len=149 artifacts=24 advent-overaccept=19 advent-underaccept=5 compiler-timeout=2 reference-disagreement=717 same=10674 tree-difference=2
[11420/100000] reference-disagreement wide:struct-member:glue+newline:real:LayoutNodes+Parsable:167 len=207 artifacts=24 advent-overaccept=19 advent-underaccept=5 compiler-timeout=2 reference-disagreement=718 same=10674 tree-difference=2
[11485/100000] reference-disagreement wide:struct-member:newline:attribute:testObjcImplementationAttribute#1+translated:testForwardSlashRegexSkipping5#1 len=192 artifacts=24 advent-overaccept=19 advent-underaccept=5 compiler-timeout=2 reference-disagreement=719 same=10738 tree-difference=2
[11500/100000] same wide:trailing-closure:raw:phase3-enum-case:case-raw-list len=42 artifacts=24 advent-overaccept=19 advent-underaccept=5 compiler-timeout=2 reference-disagreement=719 same=10753 tree-difference=2
[11501/100000] reference-disagreement keypath-boundary len=38 artifacts=24 advent-overaccept=19 advent-underaccept=5 compiler-timeout=2 reference-disagreement=720 same=10753 tree-difference=2
[11517/100000] reference-disagreement wide:extension-member:raw:translated:testOperatorDeclDesignatedTypes15#1 len=79 artifacts=24 advent-overaccept=19 advent-underaccept=5 compiler-timeout=2 reference-disagreement=721 same=10768 tree-difference=2
[11528/100000] reference-disagreement wide:struct-member:raw:translated:testOperatorDeclDesignatedTypes11#1 len=56 artifacts=24 advent-overaccept=19 advent-underaccept=5 compiler-timeout=2 reference-disagreement=722 same=10778 tree-difference=2
[11535/100000] reference-disagreement statement-list len=484 artifacts=24 advent-overaccept=19 advent-underaccept=5 compiler-timeout=2 reference-disagreement=723 same=10784 tree-difference=2
[11540/100000] reference-disagreement attribute-ifconfig-elseif-list len=128 artifacts=24 advent-overaccept=19 advent-underaccept=5 compiler-timeout=2 reference-disagreement=724 same=10788 tree-difference=2
[11542/100000] reference-disagreement wide:extension-member:raw:translated:testResultBuilder2#1+real:ConvenienceInitializers:93 len=627 artifacts=24 advent-overaccept=19 advent-underaccept=5 compiler-timeout=2 reference-disagreement=725 same=10789 tree-difference=2
[11543/100000] reference-disagreement wide:func-body:glue+keyword:real:SyntaxTraits:553 len=690 artifacts=24 advent-overaccept=19 advent-underaccept=5 compiler-timeout=2 reference-disagreement=726 same=10789 tree-difference=2
[11574/100000] reference-disagreement wide:trailing-closure:glue+splice:phase3-modifier:open-class len=32 artifacts=24 advent-overaccept=19 advent-underaccept=5 compiler-timeout=2 reference-disagreement=727 same=10819 tree-difference=2
[11581/100000] reference-disagreement wide:extension-member:line-comment:real:DeclSyntaxParseable:61 len=78 artifacts=24 advent-overaccept=19 advent-underaccept=5 compiler-timeout=2 reference-disagreement=728 same=10825 tree-difference=2
[11589/100000] reference-disagreement wide:closure:raw:translated:testEnum14#1 len=102 artifacts=24 advent-overaccept=19 advent-underaccept=5 compiler-timeout=2 reference-disagreement=729 same=10832 tree-difference=2
[11619/100000] reference-disagreement wide:trailing-closure:line-comment+space+keyword:real:MemberAttributeMacro:21+type:testInverseTypes#2 len=821 artifacts=24 advent-overaccept=19 advent-underaccept=5 compiler-timeout=2 reference-disagreement=730 same=10861 tree-difference=2
[11620/100000] reference-disagreement wide:extension-member:raw:real:SyntaxTraits:708 len=85 artifacts=24 advent-overaccept=19 advent-underaccept=5 compiler-timeout=2 reference-disagreement=731 same=10861 tree-difference=2
[11685/100000] advent-overaccept wide:func-body:raw:type:testLifetimeSpecifier#4+translated:testOperatorDeclDesignatedTypes8#1 len=94 artifacts=25 advent-overaccept=20 advent-underaccept=5 compiler-timeout=2 reference-disagreement=731 same=10925 tree-difference=2
[11691/100000] reference-disagreement declaration-modifier-stack len=34 artifacts=25 advent-overaccept=20 advent-underaccept=5 compiler-timeout=2 reference-disagreement=732 same=10930 tree-difference=2
[11728/100000] reference-disagreement grammarish-member-list len=272 artifacts=25 advent-overaccept=20 advent-underaccept=5 compiler-timeout=2 reference-disagreement=733 same=10966 tree-difference=2
[11729/100000] reference-disagreement statement-list len=604 artifacts=25 advent-overaccept=20 advent-underaccept=5 compiler-timeout=2 reference-disagreement=734 same=10966 tree-difference=2
[11739/100000] reference-disagreement wide:trailing-closure:newline+line-comment:real:SyntaxSynthesis:78 len=197 artifacts=25 advent-overaccept=20 advent-underaccept=5 compiler-timeout=2 reference-disagreement=735 same=10975 tree-difference=2
[11741/100000] reference-disagreement wide:extension-member:glue:declaration:testParseIsolatedConformances#1 len=50 artifacts=25 advent-overaccept=20 advent-underaccept=5 compiler-timeout=2 reference-disagreement=736 same=10976 tree-difference=2
[11745/100000] reference-disagreement statement-list len=493 artifacts=25 advent-overaccept=20 advent-underaccept=5 compiler-timeout=2 reference-disagreement=737 same=10979 tree-difference=2
[11750/100000] same wide:struct-member:duplicate+line-comment:phase3-statement:tuple-bind len=43 artifacts=25 advent-overaccept=20 advent-underaccept=5 compiler-timeout=2 reference-disagreement=737 same=10984 tree-difference=2
[11759/100000] reference-disagreement tspl-divergence-protocol-body len=163 artifacts=25 advent-overaccept=20 advent-underaccept=5 compiler-timeout=2 reference-disagreement=738 same=10992 tree-difference=2
[11775/100000] reference-disagreement wide:trailing-closure:newline:attribute:testMacroRoleNames#5 len=73 artifacts=25 advent-overaccept=20 advent-underaccept=5 compiler-timeout=2 reference-disagreement=739 same=11007 tree-difference=2
[11837/100000] reference-disagreement tspl-divergence-protocol-body len=192 artifacts=25 advent-overaccept=20 advent-underaccept=5 compiler-timeout=2 reference-disagreement=740 same=11068 tree-difference=2
[11848/100000] reference-disagreement wide:closure:raw:declaration:testOpenVarInCodeBlockItemList#1+type:testVariadics#1 len=203 artifacts=25 advent-overaccept=20 advent-underaccept=5 compiler-timeout=2 reference-disagreement=741 same=11078 tree-difference=2
[11850/100000] reference-disagreement wide:extension-member:newline:translated:testDebugger2#1 len=60 artifacts=25 advent-overaccept=20 advent-underaccept=5 compiler-timeout=2 reference-disagreement=742 same=11079 tree-difference=2
[11878/100000] reference-disagreement tspl-divergence-protocol-body len=179 artifacts=25 advent-overaccept=20 advent-underaccept=5 compiler-timeout=2 reference-disagreement=743 same=11106 tree-difference=2
[11883/100000] reference-disagreement keypath-boundary len=40 artifacts=25 advent-overaccept=20 advent-underaccept=5 compiler-timeout=2 reference-disagreement=744 same=11110 tree-difference=2
[11886/100000] reference-disagreement wide:closure:line-comment:real:String+TrimmingTrailingWhitespace:23 len=206 artifacts=25 advent-overaccept=20 advent-underaccept=5 compiler-timeout=2 reference-disagreement=745 same=11112 tree-difference=2
[11925/100000] reference-disagreement attribute-ifconfig-elseif-list len=129 artifacts=25 advent-overaccept=20 advent-underaccept=5 compiler-timeout=2 reference-disagreement=746 same=11150 tree-difference=2
[11945/100000] reference-disagreement wide:struct-member:newline+line-comment:phase4-precedence:pg-empty len=42 artifacts=25 advent-overaccept=20 advent-underaccept=5 compiler-timeout=2 reference-disagreement=747 same=11169 tree-difference=2
[11961/100000] reference-disagreement tspl-divergence-protocol-body len=122 artifacts=25 advent-overaccept=20 advent-underaccept=5 compiler-timeout=2 reference-disagreement=748 same=11184 tree-difference=2
[11983/100000] reference-disagreement tspl-divergence-protocol-body len=233 artifacts=25 advent-overaccept=20 advent-underaccept=5 compiler-timeout=2 reference-disagreement=749 same=11205 tree-difference=2
[11994/100000] reference-disagreement wide:closure:raw:translated:testEscapedIdentifiers10#1+real:SyntaxTraits:684 len=112 artifacts=25 advent-overaccept=20 advent-underaccept=5 compiler-timeout=2 reference-disagreement=750 same=11215 tree-difference=2
[11998/100000] reference-disagreement wide:trailing-closure:keyword+newline:real:RawSyntaxNodesD:17 len=58 artifacts=25 advent-overaccept=20 advent-underaccept=5 compiler-timeout=2 reference-disagreement=751 same=11218 tree-difference=2
[12000/100000] same wide:after-statement:keyword:translated:testOperatorDeclDesignatedTypes3#1 len=36 artifacts=25 advent-overaccept=20 advent-underaccept=5 compiler-timeout=2 reference-disagreement=751 same=11220 tree-difference=2
[12006/100000] reference-disagreement wide:extension-member:newline+newline+block-comment:translated:testResultBuilder4#1 len=253 artifacts=25 advent-overaccept=20 advent-underaccept=5 compiler-timeout=2 reference-disagreement=752 same=11225 tree-difference=2
[12014/100000] reference-disagreement tspl-divergence-accessor-commitment len=49 artifacts=25 advent-overaccept=20 advent-underaccept=5 compiler-timeout=2 reference-disagreement=753 same=11232 tree-difference=2
[12029/100000] reference-disagreement declaration-modifier-stack len=34 artifacts=25 advent-overaccept=20 advent-underaccept=5 compiler-timeout=2 reference-disagreement=754 same=11246 tree-difference=2
[12030/100000] reference-disagreement grammarish-member-list len=320 artifacts=25 advent-overaccept=20 advent-underaccept=5 compiler-timeout=2 reference-disagreement=755 same=11246 tree-difference=2
[12043/100000] reference-disagreement keypath-boundary len=40 artifacts=25 advent-overaccept=20 advent-underaccept=5 compiler-timeout=2 reference-disagreement=756 same=11258 tree-difference=2
[12050/100000] reference-disagreement wide:struct-member:splice+block-comment+newline:real:SyntaxUtils:79 len=926 artifacts=25 advent-overaccept=20 advent-underaccept=5 compiler-timeout=2 reference-disagreement=757 same=11264 tree-difference=2
[12052/100000] reference-disagreement wide:after-statement:space:translated:testSwitch20#1 len=56 artifacts=25 advent-overaccept=20 advent-underaccept=5 compiler-timeout=2 reference-disagreement=758 same=11265 tree-difference=2
[12058/100000] reference-disagreement tspl-divergence-protocol-body len=215 artifacts=25 advent-overaccept=20 advent-underaccept=5 compiler-timeout=2 reference-disagreement=759 same=11270 tree-difference=2
[12088/100000] reference-disagreement attribute-ifconfig-elseif-list len=117 artifacts=25 advent-overaccept=20 advent-underaccept=5 compiler-timeout=2 reference-disagreement=760 same=11299 tree-difference=2
[12089/100000] reference-disagreement attribute-ifconfig-elseif-list len=115 artifacts=25 advent-overaccept=20 advent-underaccept=5 compiler-timeout=2 reference-disagreement=761 same=11299 tree-difference=2
[12104/100000] advent-overaccept wide:closure:keyword:statement:testTrailingClosureInIfCondition#2 len=41 artifacts=26 advent-overaccept=21 advent-underaccept=5 compiler-timeout=2 reference-disagreement=761 same=11313 tree-difference=2
[12123/100000] reference-disagreement wide:ifconfig:glue+glue+space:translated:testModuleSelectorExpr#8 len=67 artifacts=26 advent-overaccept=21 advent-underaccept=5 compiler-timeout=2 reference-disagreement=762 same=11331 tree-difference=2
[12130/100000] reference-disagreement wide:struct-member:glue+block-comment:real:Statements:387 len=464 artifacts=26 advent-overaccept=21 advent-underaccept=5 compiler-timeout=2 reference-disagreement=763 same=11337 tree-difference=2
[12158/100000] reference-disagreement binding-pattern len=458 artifacts=26 advent-overaccept=21 advent-underaccept=5 compiler-timeout=2 reference-disagreement=764 same=11364 tree-difference=2
[12171/100000] reference-disagreement member-list-wide-boundary len=462 artifacts=26 advent-overaccept=21 advent-underaccept=5 compiler-timeout=2 reference-disagreement=765 same=11376 tree-difference=2
[12236/100000] reference-disagreement wide:extension-member:space:real:CompilerPlugin:97+real:SyntaxUtils:35 len=627 artifacts=26 advent-overaccept=21 advent-underaccept=5 compiler-timeout=2 reference-disagreement=766 same=11440 tree-difference=2
[12250/100000] same wide:top:glue+duplicate:translated:testDollarIdentifier6#1 len=61 artifacts=26 advent-overaccept=21 advent-underaccept=5 compiler-timeout=2 reference-disagreement=766 same=11454 tree-difference=2
[12251/100000] reference-disagreement wide:closure:splice:real:SyntaxText:250 len=286 artifacts=26 advent-overaccept=21 advent-underaccept=5 compiler-timeout=2 reference-disagreement=767 same=11454 tree-difference=2
[12267/100000] reference-disagreement wide:trailing-closure:newline+space:real:CallLikeSyntax:29 len=79 artifacts=26 advent-overaccept=21 advent-underaccept=5 compiler-timeout=2 reference-disagreement=768 same=11469 tree-difference=2
[12272/100000] reference-disagreement wide:trailing-closure:newline:real:ConvenienceInitializers:40 len=159 artifacts=26 advent-overaccept=21 advent-underaccept=5 compiler-timeout=2 reference-disagreement=769 same=11473 tree-difference=2
[12276/100000] reference-disagreement wide:func-body:raw:phase4-import:import-kind len=45 artifacts=26 advent-overaccept=21 advent-underaccept=5 compiler-timeout=2 reference-disagreement=770 same=11476 tree-difference=2
[12283/100000] reference-disagreement wide:trailing-closure:block-comment:real:NameMatcher:447 len=481 artifacts=26 advent-overaccept=21 advent-underaccept=5 compiler-timeout=2 reference-disagreement=771 same=11482 tree-difference=2
[12285/100000] reference-disagreement wide:trailing-closure:newline:translated:testAvailabilityQueryUnavailability13#1 len=42 artifacts=26 advent-overaccept=21 advent-underaccept=5 compiler-timeout=2 reference-disagreement=772 same=11483 tree-difference=2
[12294/100000] reference-disagreement wide:closure:newline+keyword:declaration:testProtocolParsing#3 len=150 artifacts=26 advent-overaccept=21 advent-underaccept=5 compiler-timeout=2 reference-disagreement=773 same=11491 tree-difference=2
[12315/100000] reference-disagreement wide:closure:raw:translated:testTupleTypeExpr#7+real:CompilerPluginMessageHandler:287 len=408 artifacts=26 advent-overaccept=21 advent-underaccept=5 compiler-timeout=2 reference-disagreement=774 same=11511 tree-difference=2
[12327/100000] reference-disagreement wide:struct-member:raw:real:BuildableNodes:1557 len=1263 artifacts=26 advent-overaccept=21 advent-underaccept=5 compiler-timeout=2 reference-disagreement=775 same=11522 tree-difference=2
[12336/100000] reference-disagreement binding-pattern len=458 artifacts=26 advent-overaccept=21 advent-underaccept=5 compiler-timeout=2 reference-disagreement=776 same=11530 tree-difference=2
[12340/100000] reference-disagreement wide:closure:raw:real:MacroSystem:1498+expression:testMultiLineStringInInterpolationOfSingleLineStringLiteral#1 len=563 artifacts=26 advent-overaccept=21 advent-underaccept=5 compiler-timeout=2 reference-disagreement=777 same=11533 tree-difference=2
[12394/100000] reference-disagreement wide:trailing-closure:block-comment:real:SyntaxNodeWithBody:212 len=74 artifacts=26 advent-overaccept=21 advent-underaccept=5 compiler-timeout=2 reference-disagreement=778 same=11586 tree-difference=2
[12436/100000] reference-disagreement wide:closure:keyword+line-comment+space:translated:testInitDeinit5a#1 len=72 artifacts=26 advent-overaccept=21 advent-underaccept=5 compiler-timeout=2 reference-disagreement=779 same=11627 tree-difference=2
[12441/100000] reference-disagreement cast-try-operator-cluster len=24 artifacts=26 advent-overaccept=21 advent-underaccept=5 compiler-timeout=2 reference-disagreement=780 same=11631 tree-difference=2
[12445/100000] reference-disagreement wide:func-body:raw:real:PackageDependency:79 len=176 artifacts=26 advent-overaccept=21 advent-underaccept=5 compiler-timeout=2 reference-disagreement=781 same=11634 tree-difference=2
[12481/100000] reference-disagreement wide:extension-member:line-comment+line-comment:real:SyntaxNodeWithBody:209 len=87 artifacts=26 advent-overaccept=21 advent-underaccept=5 compiler-timeout=2 reference-disagreement=782 same=11669 tree-difference=2
[12488/100000] reference-disagreement wide:top:raw:phase4-macro:macro-args len=21 artifacts=26 advent-overaccept=21 advent-underaccept=5 compiler-timeout=2 reference-disagreement=783 same=11675 tree-difference=2
[12500/100000] same frontier:protocol-accessor-shape len=83 artifacts=26 advent-overaccept=21 advent-underaccept=5 compiler-timeout=2 reference-disagreement=783 same=11687 tree-difference=2
[12509/100000] reference-disagreement grammarish-member-list len=322 artifacts=26 advent-overaccept=21 advent-underaccept=5 compiler-timeout=2 reference-disagreement=784 same=11695 tree-difference=2
[12531/100000] reference-disagreement binding-pattern len=458 artifacts=26 advent-overaccept=21 advent-underaccept=5 compiler-timeout=2 reference-disagreement=785 same=11716 tree-difference=2
[12556/100000] reference-disagreement wide:struct-member:raw:translated:testOperatorDecl11a#1+translated:testEnum84#1 len=81 artifacts=26 advent-overaccept=21 advent-underaccept=5 compiler-timeout=2 reference-disagreement=786 same=11740 tree-difference=2
[12574/100000] reference-disagreement declaration-modifier-stack len=34 artifacts=26 advent-overaccept=21 advent-underaccept=5 compiler-timeout=2 reference-disagreement=787 same=11757 tree-difference=2
[12585/100000] reference-disagreement wide:closure:raw:attribute:testSpiAttributeWithUnderscore#2 len=41 artifacts=26 advent-overaccept=21 advent-underaccept=5 compiler-timeout=2 reference-disagreement=788 same=11767 tree-difference=2
[12589/100000] reference-disagreement wide:closure:swap+newline:real:Note:30+translated:testForwardSlashRegexSkipping56#1 len=212 artifacts=26 advent-overaccept=21 advent-underaccept=5 compiler-timeout=2 reference-disagreement=789 same=11770 tree-difference=2
[12592/100000] reference-disagreement wide:before-statement:raw:translated:testOperatorDeclDesignatedTypes16#1 len=61 artifacts=26 advent-overaccept=21 advent-underaccept=5 compiler-timeout=2 reference-disagreement=790 same=11772 tree-difference=2
[12616/100000] reference-disagreement wide:closure:glue:real:ResultBuilders:706 len=196 artifacts=26 advent-overaccept=21 advent-underaccept=5 compiler-timeout=2 reference-disagreement=791 same=11795 tree-difference=2
[12627/100000] reference-disagreement tspl-divergence-accessor-commitment len=49 artifacts=26 advent-overaccept=21 advent-underaccept=5 compiler-timeout=2 reference-disagreement=792 same=11805 tree-difference=2
[12649/100000] reference-disagreement wide:func-body:line-comment+space:real:ANSIDiagnosticDecorator:13 len=180 artifacts=26 advent-overaccept=21 advent-underaccept=5 compiler-timeout=2 reference-disagreement=793 same=11826 tree-difference=2
[12662/100000] reference-disagreement wide:func-body:line-comment+newline:real:SyntaxTraits:856 len=85 artifacts=26 advent-overaccept=21 advent-underaccept=5 compiler-timeout=2 reference-disagreement=794 same=11838 tree-difference=2
[12674/100000] reference-disagreement grammarish-member-list len=173 artifacts=26 advent-overaccept=21 advent-underaccept=5 compiler-timeout=2 reference-disagreement=795 same=11849 tree-difference=2
[12676/100000] reference-disagreement wide:func-body:line-comment+splice:translated:testSwitch33#1 len=102 artifacts=26 advent-overaccept=21 advent-underaccept=5 compiler-timeout=2 reference-disagreement=796 same=11850 tree-difference=2
[12684/100000] reference-disagreement wide:struct-member:keyword:real:MacroSystem:1512 len=1010 artifacts=26 advent-overaccept=21 advent-underaccept=5 compiler-timeout=2 reference-disagreement=797 same=11857 tree-difference=2
[12720/100000] reference-disagreement wide:extension-member:newline:real:ResultBuilders:141 len=230 artifacts=26 advent-overaccept=21 advent-underaccept=5 compiler-timeout=2 reference-disagreement=798 same=11892 tree-difference=2
[12736/100000] reference-disagreement grammarish-member-list len=242 artifacts=26 advent-overaccept=21 advent-underaccept=5 compiler-timeout=2 reference-disagreement=799 same=11907 tree-difference=2
[12740/100000] tree-difference wide:top:raw:statement:testMissingIfClauseIntroducer#1+real:IndentationUtils:21 len=284 artifacts=27 advent-overaccept=21 advent-underaccept=5 compiler-timeout=2 reference-disagreement=799 same=11910 tree-difference=3
[12746/100000] reference-disagreement ifconfig-member-context-boundary len=89 artifacts=27 advent-overaccept=21 advent-underaccept=5 compiler-timeout=2 reference-disagreement=800 same=11915 tree-difference=3
[12750/100000] same wide:after-statement:swap+duplicate+swap:real:PrecedenceGroup:26 len=829 artifacts=27 advent-overaccept=21 advent-underaccept=5 compiler-timeout=2 reference-disagreement=800 same=11919 tree-difference=3
[12751/100000] reference-disagreement cast-try-operator-cluster len=24 artifacts=27 advent-overaccept=21 advent-underaccept=5 compiler-timeout=2 reference-disagreement=801 same=11919 tree-difference=3
[12753/100000] reference-disagreement wide:struct-member:raw:real:EditorPlaceholder:69+real:Utils:46 len=313 artifacts=27 advent-overaccept=21 advent-underaccept=5 compiler-timeout=2 reference-disagreement=802 same=11920 tree-difference=3
[12799/100000] reference-disagreement wide:closure:raw:real:ResultBuilderExtensions:117 len=370 artifacts=27 advent-overaccept=21 advent-underaccept=5 compiler-timeout=2 reference-disagreement=803 same=11965 tree-difference=3
[12803/100000] reference-disagreement wide:extension-member:splice:real:ConvenienceInitializers:40 len=172 artifacts=27 advent-overaccept=21 advent-underaccept=5 compiler-timeout=2 reference-disagreement=804 same=11968 tree-difference=3
[12844/100000] reference-disagreement tspl-divergence-protocol-body len=156 artifacts=27 advent-overaccept=21 advent-underaccept=5 compiler-timeout=2 reference-disagreement=805 same=12008 tree-difference=3
[12853/100000] reference-disagreement attribute-ifconfig-elseif-list len=127 artifacts=27 advent-overaccept=21 advent-underaccept=5 compiler-timeout=2 reference-disagreement=806 same=12016 tree-difference=3
[12870/100000] reference-disagreement wide:trailing-closure:raw:real:PluginMessageCompatibility:14 len=638 artifacts=27 advent-overaccept=21 advent-underaccept=5 compiler-timeout=2 reference-disagreement=807 same=12032 tree-difference=3
[12884/100000] reference-disagreement wide:struct-member:raw:real:RenamedChildrenBuilderCompatibility:460 len=1288 artifacts=27 advent-overaccept=21 advent-underaccept=5 compiler-timeout=2 reference-disagreement=808 same=12045 tree-difference=3
[12885/100000] reference-disagreement attribute-ifconfig-elseif-list len=132 artifacts=27 advent-overaccept=21 advent-underaccept=5 compiler-timeout=2 reference-disagreement=809 same=12045 tree-difference=3
[12887/100000] reference-disagreement wide:interpolation:space:translated:testAvailabilityQuery11#1 len=34 artifacts=27 advent-overaccept=21 advent-underaccept=5 compiler-timeout=2 reference-disagreement=810 same=12046 tree-difference=3
[12910/100000] reference-disagreement wide:closure:glue:real:SyntaxTraits:840 len=73 artifacts=27 advent-overaccept=21 advent-underaccept=5 compiler-timeout=2 reference-disagreement=811 same=12068 tree-difference=3
[12921/100000] reference-disagreement wide:after-statement:block-comment+newline:attribute:testSpiAttributeWithoutParameter#1 len=44 artifacts=27 advent-overaccept=21 advent-underaccept=5 compiler-timeout=2 reference-disagreement=812 same=12078 tree-difference=3
[12922/100000] reference-disagreement wide:trailing-closure:block-comment:translated:testDeprecatedWhere5#1 len=280 artifacts=27 advent-overaccept=21 advent-underaccept=5 compiler-timeout=2 reference-disagreement=813 same=12078 tree-difference=3
[12939/100000] reference-disagreement attribute-ifconfig-elseif-list len=111 artifacts=27 advent-overaccept=21 advent-underaccept=5 compiler-timeout=2 reference-disagreement=814 same=12094 tree-difference=3
[12940/100000] reference-disagreement member-list-wide-boundary len=150 artifacts=27 advent-overaccept=21 advent-underaccept=5 compiler-timeout=2 reference-disagreement=815 same=12094 tree-difference=3
[12941/100000] reference-disagreement wide:interpolation:splice:expression:testKeyPathMethodAndInitializers#7 len=24 artifacts=27 advent-overaccept=21 advent-underaccept=5 compiler-timeout=2 reference-disagreement=816 same=12094 tree-difference=3
[12942/100000] reference-disagreement wide:struct-member:duplicate:real:Oracle:210+declaration:testReasyncFunctions#1 len=986 artifacts=27 advent-overaccept=21 advent-underaccept=5 compiler-timeout=2 reference-disagreement=817 same=12094 tree-difference=3
[12960/100000] reference-disagreement tspl-divergence-protocol-body len=246 artifacts=27 advent-overaccept=21 advent-underaccept=5 compiler-timeout=2 reference-disagreement=818 same=12111 tree-difference=3
[12962/100000] reference-disagreement tspl-divergence-accessor-commitment len=78 artifacts=27 advent-overaccept=21 advent-underaccept=5 compiler-timeout=2 reference-disagreement=819 same=12112 tree-difference=3
[12972/100000] reference-disagreement wide:func-body:space:real:ResultBuilders:215 len=131 artifacts=27 advent-overaccept=21 advent-underaccept=5 compiler-timeout=2 reference-disagreement=820 same=12121 tree-difference=3
[12975/100000] reference-disagreement tspl-divergence-protocol-body len=221 artifacts=27 advent-overaccept=21 advent-underaccept=5 compiler-timeout=2 reference-disagreement=821 same=12123 tree-difference=3
[12989/100000] reference-disagreement wide:closure:raw:real:SyntaxTraits:553 len=710 artifacts=27 advent-overaccept=21 advent-underaccept=5 compiler-timeout=2 reference-disagreement=822 same=12136 tree-difference=3
[13000/100000] same declaration-modifier-stack len=33 artifacts=27 advent-overaccept=21 advent-underaccept=5 compiler-timeout=2 reference-disagreement=822 same=12147 tree-difference=3
[13001/100000] reference-disagreement tspl-divergence-protocol-body len=123 artifacts=27 advent-overaccept=21 advent-underaccept=5 compiler-timeout=2 reference-disagreement=823 same=12147 tree-difference=3
[13022/100000] reference-disagreement keypath-boundary len=37 artifacts=27 advent-overaccept=21 advent-underaccept=5 compiler-timeout=2 reference-disagreement=824 same=12167 tree-difference=3
[13023/100000] reference-disagreement tspl-divergence-protocol-body len=263 artifacts=27 advent-overaccept=21 advent-underaccept=5 compiler-timeout=2 reference-disagreement=825 same=12167 tree-difference=3
[13046/100000] reference-disagreement keypath-boundary len=40 artifacts=27 advent-overaccept=21 advent-underaccept=5 compiler-timeout=2 reference-disagreement=826 same=12189 tree-difference=3
[13048/100000] reference-disagreement tspl-divergence-protocol-body len=220 artifacts=27 advent-overaccept=21 advent-underaccept=5 compiler-timeout=2 reference-disagreement=827 same=12190 tree-difference=3
[13061/100000] reference-disagreement binding-pattern len=458 artifacts=27 advent-overaccept=21 advent-underaccept=5 compiler-timeout=2 reference-disagreement=828 same=12202 tree-difference=3
[13073/100000] reference-disagreement member-list-wide-boundary len=299 artifacts=27 advent-overaccept=21 advent-underaccept=5 compiler-timeout=2 reference-disagreement=829 same=12213 tree-difference=3
[13079/100000] reference-disagreement wide:struct-member:newline+swap:real:SyntaxProtocol+Formatted:19 len=264 artifacts=27 advent-overaccept=21 advent-underaccept=5 compiler-timeout=2 reference-disagreement=830 same=12218 tree-difference=3
[13137/100000] compiler-timeout wide:interpolation:duplicate:translated:testForwardSlashRegex136#1 len=24 artifacts=27 advent-overaccept=21 advent-underaccept=5 compiler-timeout=3 reference-disagreement=830 same=12275 tree-difference=3
[13145/100000] reference-disagreement wide:func-body:line-comment:real:SyntaxCollections:732 len=512 artifacts=27 advent-overaccept=21 advent-underaccept=5 compiler-timeout=3 reference-disagreement=831 same=12282 tree-difference=3
[13156/100000] tree-difference wide:interpolation:raw:statement:testMissingIfClauseIntroducer#1 len=23 artifacts=28 advent-overaccept=21 advent-underaccept=5 compiler-timeout=3 reference-disagreement=831 same=12292 tree-difference=4
[13180/100000] reference-disagreement wide:trailing-closure:space:real:AddPackageTarget:154 len=812 artifacts=28 advent-overaccept=21 advent-underaccept=5 compiler-timeout=3 reference-disagreement=832 same=12315 tree-difference=4
[13197/100000] reference-disagreement tspl-divergence-protocol-body len=76 artifacts=28 advent-overaccept=21 advent-underaccept=5 compiler-timeout=3 reference-disagreement=833 same=12331 tree-difference=4
[13199/100000] reference-disagreement wide:extension-member:newline:phase4-closure:closure-body+real:ConvenienceInitializers:76 len=245 artifacts=28 advent-overaccept=21 advent-underaccept=5 compiler-timeout=3 reference-disagreement=834 same=12332 tree-difference=4
[13201/100000] reference-disagreement statement-list len=669 artifacts=28 advent-overaccept=21 advent-underaccept=5 compiler-timeout=3 reference-disagreement=835 same=12333 tree-difference=4
[13220/100000] reference-disagreement attribute-boundary len=41 artifacts=28 advent-overaccept=21 advent-underaccept=5 compiler-timeout=3 reference-disagreement=836 same=12351 tree-difference=4
[13229/100000] reference-disagreement wide:struct-member:newline:real:Syntax+StringInterpolation:325 len=65 artifacts=28 advent-overaccept=21 advent-underaccept=5 compiler-timeout=3 reference-disagreement=837 same=12359 tree-difference=4
[13239/100000] reference-disagreement wide:struct-member:glue:real:BuildConfiguration:311 len=326 artifacts=28 advent-overaccept=21 advent-underaccept=5 compiler-timeout=3 reference-disagreement=838 same=12368 tree-difference=4
[13250/100000] same macro-pound-boundary len=25 artifacts=28 advent-overaccept=21 advent-underaccept=5 compiler-timeout=3 reference-disagreement=838 same=12379 tree-difference=4
[13271/100000] reference-disagreement member-list-wide-boundary len=186 artifacts=28 advent-overaccept=21 advent-underaccept=5 compiler-timeout=3 reference-disagreement=839 same=12399 tree-difference=4
[13304/100000] reference-disagreement wide:trailing-closure:newline+splice:real:RawSyntaxNodesOP:17+phase4-type:generic-member-call len=99 artifacts=28 advent-overaccept=21 advent-underaccept=5 compiler-timeout=3 reference-disagreement=840 same=12431 tree-difference=4
[13316/100000] reference-disagreement wide:struct-member:raw:phase4-import:actor-empty+real:SyntaxProtocol:590 len=462 artifacts=28 advent-overaccept=21 advent-underaccept=5 compiler-timeout=3 reference-disagreement=841 same=12442 tree-difference=4
[13331/100000] reference-disagreement tspl-divergence-protocol-body len=193 artifacts=28 advent-overaccept=21 advent-underaccept=5 compiler-timeout=3 reference-disagreement=842 same=12456 tree-difference=4
[13425/100000] reference-disagreement wide:struct-member:raw:real:BuildConfiguration:311 len=326 artifacts=28 advent-overaccept=21 advent-underaccept=5 compiler-timeout=3 reference-disagreement=843 same=12549 tree-difference=4
[13439/100000] reference-disagreement wide:trailing-closure:block-comment+keyword:real:MigrateToNewIfLetSyntax:41 len=1466 artifacts=28 advent-overaccept=21 advent-underaccept=5 compiler-timeout=3 reference-disagreement=844 same=12562 tree-difference=4
[13451/100000] reference-disagreement tspl-divergence-protocol-body len=174 artifacts=28 advent-overaccept=21 advent-underaccept=5 compiler-timeout=3 reference-disagreement=845 same=12573 tree-difference=4
[13465/100000] reference-disagreement wide:top:raw:translated:testEnum61#1 len=66 artifacts=28 advent-overaccept=21 advent-underaccept=5 compiler-timeout=3 reference-disagreement=846 same=12586 tree-difference=4
[13472/100000] reference-disagreement member-list-wide-boundary len=269 artifacts=28 advent-overaccept=21 advent-underaccept=5 compiler-timeout=3 reference-disagreement=847 same=12592 tree-difference=4
[13475/100000] reference-disagreement wide:func-body:line-comment:real:WarningGroupControl:16 len=239 artifacts=28 advent-overaccept=21 advent-underaccept=5 compiler-timeout=3 reference-disagreement=848 same=12594 tree-difference=4
[13476/100000] reference-disagreement declaration-modifier-stack len=34 artifacts=28 advent-overaccept=21 advent-underaccept=5 compiler-timeout=3 reference-disagreement=849 same=12594 tree-difference=4
[13480/100000] reference-disagreement statement-list len=578 artifacts=28 advent-overaccept=21 advent-underaccept=5 compiler-timeout=3 reference-disagreement=850 same=12597 tree-difference=4
[13500/100000] same frontier:statement-member-context len=168 artifacts=28 advent-overaccept=21 advent-underaccept=5 compiler-timeout=3 reference-disagreement=850 same=12617 tree-difference=4
[13510/100000] reference-disagreement member-list-wide-boundary len=213 artifacts=28 advent-overaccept=21 advent-underaccept=5 compiler-timeout=3 reference-disagreement=851 same=12626 tree-difference=4
[13521/100000] reference-disagreement cast-try-operator-cluster len=24 artifacts=28 advent-overaccept=21 advent-underaccept=5 compiler-timeout=3 reference-disagreement=852 same=12636 tree-difference=4
[13536/100000] reference-disagreement statement-list len=579 artifacts=28 advent-overaccept=21 advent-underaccept=5 compiler-timeout=3 reference-disagreement=853 same=12650 tree-difference=4
[13546/100000] reference-disagreement attribute-ifconfig-elseif-list len=104 artifacts=28 advent-overaccept=21 advent-underaccept=5 compiler-timeout=3 reference-disagreement=854 same=12659 tree-difference=4
[13548/100000] reference-disagreement wide:struct-member:raw:translated:testInitDeinit21#1 len=58 artifacts=28 advent-overaccept=21 advent-underaccept=5 compiler-timeout=3 reference-disagreement=855 same=12660 tree-difference=4
[13552/100000] reference-disagreement attribute-ifconfig-elseif-list len=118 artifacts=28 advent-overaccept=21 advent-underaccept=5 compiler-timeout=3 reference-disagreement=856 same=12663 tree-difference=4
[13566/100000] reference-disagreement wide:struct-member:raw:real:LayoutNodes+Parsable:231 len=195 artifacts=28 advent-overaccept=21 advent-underaccept=5 compiler-timeout=3 reference-disagreement=857 same=12676 tree-difference=4
[13575/100000] reference-disagreement tspl-divergence-protocol-body len=269 artifacts=28 advent-overaccept=21 advent-underaccept=5 compiler-timeout=3 reference-disagreement=858 same=12684 tree-difference=4
[13587/100000] reference-disagreement attribute-boundary len=34 artifacts=28 advent-overaccept=21 advent-underaccept=5 compiler-timeout=3 reference-disagreement=859 same=12695 tree-difference=4
[13594/100000] reference-disagreement grammarish-member-list len=308 artifacts=28 advent-overaccept=21 advent-underaccept=5 compiler-timeout=3 reference-disagreement=860 same=12701 tree-difference=4
[13596/100000] advent-overaccept wide:before-statement:line-comment+glue+block-comment:reject:testAsync4#1 len=68 artifacts=29 advent-overaccept=22 advent-underaccept=5 compiler-timeout=3 reference-disagreement=860 same=12702 tree-difference=4
[13620/100000] reference-disagreement statement-list len=665 artifacts=29 advent-overaccept=22 advent-underaccept=5 compiler-timeout=3 reference-disagreement=861 same=12725 tree-difference=4
[13668/100000] reference-disagreement binding-pattern len=458 artifacts=29 advent-overaccept=22 advent-underaccept=5 compiler-timeout=3 reference-disagreement=862 same=12772 tree-difference=4
[13678/100000] reference-disagreement wide:closure:block-comment+glue:real:MemberMacro:63 len=321 artifacts=29 advent-overaccept=22 advent-underaccept=5 compiler-timeout=3 reference-disagreement=863 same=12781 tree-difference=4
[13681/100000] reference-disagreement wide:ifconfig:space:translated:testErrors3#1 len=98 artifacts=29 advent-overaccept=22 advent-underaccept=5 compiler-timeout=3 reference-disagreement=864 same=12783 tree-difference=4
[13686/100000] reference-disagreement statement-list len=567 artifacts=29 advent-overaccept=22 advent-underaccept=5 compiler-timeout=3 reference-disagreement=865 same=12787 tree-difference=4
[13697/100000] reference-disagreement tspl-divergence-protocol-body len=147 artifacts=29 advent-overaccept=22 advent-underaccept=5 compiler-timeout=3 reference-disagreement=866 same=12797 tree-difference=4
[13703/100000] reference-disagreement wide:before-statement:block-comment+space:reject:testKeypathExpression#3 len=49 artifacts=29 advent-overaccept=22 advent-underaccept=5 compiler-timeout=3 reference-disagreement=867 same=12802 tree-difference=4
[13714/100000] reference-disagreement keypath-boundary len=33 artifacts=29 advent-overaccept=22 advent-underaccept=5 compiler-timeout=3 reference-disagreement=868 same=12812 tree-difference=4
[13722/100000] reference-disagreement wide:extension-member:line-comment:real:Types:1605 len=653 artifacts=29 advent-overaccept=22 advent-underaccept=5 compiler-timeout=3 reference-disagreement=869 same=12819 tree-difference=4
[13750/100000] same wide:closure:raw:reject:testIfConfigExpr36#1 len=89 artifacts=29 advent-overaccept=22 advent-underaccept=5 compiler-timeout=3 reference-disagreement=869 same=12847 tree-difference=4
[13797/100000] reference-disagreement keypath-component-matrix len=46 artifacts=29 advent-overaccept=22 advent-underaccept=5 compiler-timeout=3 reference-disagreement=870 same=12893 tree-difference=4
[13800/100000] reference-disagreement member-list-wide-boundary len=266 artifacts=29 advent-overaccept=22 advent-underaccept=5 compiler-timeout=3 reference-disagreement=871 same=12895 tree-difference=4
[13804/100000] reference-disagreement tspl-divergence-protocol-body len=68 artifacts=29 advent-overaccept=22 advent-underaccept=5 compiler-timeout=3 reference-disagreement=872 same=12898 tree-difference=4
[13810/100000] reference-disagreement wide:closure:raw:real:FreestandingMacro:15 len=66 artifacts=29 advent-overaccept=22 advent-underaccept=5 compiler-timeout=3 reference-disagreement=873 same=12903 tree-difference=4
[13813/100000] advent-underaccept wide:struct-member:delete:reject:testForwardSlashRegexSkippingInvalid2#1 len=37 artifacts=30 advent-overaccept=22 advent-underaccept=6 compiler-timeout=3 reference-disagreement=873 same=12905 tree-difference=4
[13822/100000] reference-disagreement wide:func-body:splice+splice:real:WithTrailingCommaSyntax+EnsuringTrailingComma:19 len=218 artifacts=30 advent-overaccept=22 advent-underaccept=6 compiler-timeout=3 reference-disagreement=874 same=12913 tree-difference=4
[13851/100000] reference-disagreement tspl-divergence-protocol-body len=127 artifacts=30 advent-overaccept=22 advent-underaccept=6 compiler-timeout=3 reference-disagreement=875 same=12941 tree-difference=4
[13873/100000] reference-disagreement attribute-ifconfig-elseif-list len=127 artifacts=30 advent-overaccept=22 advent-underaccept=6 compiler-timeout=3 reference-disagreement=876 same=12962 tree-difference=4
[13889/100000] reference-disagreement wide:ifconfig:newline+line-comment+block-comment:statement:testSwitch#2 len=64 artifacts=30 advent-overaccept=22 advent-underaccept=6 compiler-timeout=3 reference-disagreement=877 same=12977 tree-difference=4
[13896/100000] reference-disagreement attribute-ifconfig-elseif-list len=107 artifacts=30 advent-overaccept=22 advent-underaccept=6 compiler-timeout=3 reference-disagreement=878 same=12983 tree-difference=4
[13899/100000] reference-disagreement wide:trailing-closure:space+line-comment:real:CommonAncestor:14 len=440 artifacts=30 advent-overaccept=22 advent-underaccept=6 compiler-timeout=3 reference-disagreement=879 same=12985 tree-difference=4
[13901/100000] reference-disagreement wide:func-body:space:real:SyntaxEnum:920 len=1187 artifacts=30 advent-overaccept=22 advent-underaccept=6 compiler-timeout=3 reference-disagreement=880 same=12986 tree-difference=4
[13902/100000] reference-disagreement wide:func-body:raw:translated:testDebugger1#1 len=41 artifacts=30 advent-overaccept=22 advent-underaccept=6 compiler-timeout=3 reference-disagreement=881 same=12986 tree-difference=4
[13915/100000] reference-disagreement wide:struct-member:raw:real:RegexLiteralLexer:577 len=484 artifacts=30 advent-overaccept=22 advent-underaccept=6 compiler-timeout=3 reference-disagreement=882 same=12998 tree-difference=4
[13917/100000] reference-disagreement tspl-divergence-protocol-body len=193 artifacts=30 advent-overaccept=22 advent-underaccept=6 compiler-timeout=3 reference-disagreement=883 same=12999 tree-difference=4
[13919/100000] reference-disagreement tspl-divergence-protocol-body len=198 artifacts=30 advent-overaccept=22 advent-underaccept=6 compiler-timeout=3 reference-disagreement=884 same=13000 tree-difference=4
[13948/100000] reference-disagreement wide:func-body:line-comment+duplicate:phase4-keypath:kp-root-member-not-meta len=47 artifacts=30 advent-overaccept=22 advent-underaccept=6 compiler-timeout=3 reference-disagreement=885 same=13028 tree-difference=4
[13950/100000] reference-disagreement wide:extension-member:raw:real:DeclSyntaxParseable:62+real:BuildableNodes:1503 len=1098 artifacts=30 advent-overaccept=22 advent-underaccept=6 compiler-timeout=3 reference-disagreement=886 same=13029 tree-difference=4
[13952/100000] reference-disagreement wide:before-statement:space+delete+newline:phase3-enum-case:case-separate+statement:testTypedThrows#2 len=73 artifacts=30 advent-overaccept=22 advent-underaccept=6 compiler-timeout=3 reference-disagreement=887 same=13030 tree-difference=4
[13977/100000] reference-disagreement wide:extension-member:block-comment:real:CollectionNodes+Parsable:118 len=779 artifacts=30 advent-overaccept=22 advent-underaccept=6 compiler-timeout=3 reference-disagreement=888 same=13054 tree-difference=4
[13992/100000] reference-disagreement wide:trailing-closure:space+line-comment+line-comment:real:RawSyntax:17 len=246 artifacts=30 advent-overaccept=22 advent-underaccept=6 compiler-timeout=3 reference-disagreement=889 same=13068 tree-difference=4
[14000/100000] same closure-label len=57 artifacts=30 advent-overaccept=22 advent-underaccept=6 compiler-timeout=3 reference-disagreement=889 same=13076 tree-difference=4
[14006/100000] reference-disagreement wide:func-body:line-comment+line-comment:real:SyntaxNodeWithBody:88 len=335 artifacts=30 advent-overaccept=22 advent-underaccept=6 compiler-timeout=3 reference-disagreement=890 same=13081 tree-difference=4
[14028/100000] advent-overaccept wide:struct-member:raw:type:testLifetimeSpecifier#3 len=64 artifacts=31 advent-overaccept=23 advent-underaccept=6 compiler-timeout=3 reference-disagreement=890 same=13102 tree-difference=4
[14032/100000] reference-disagreement wide:func-body:raw:real:CompilerPluginMessageHandler:41 len=558 artifacts=31 advent-overaccept=23 advent-underaccept=6 compiler-timeout=3 reference-disagreement=891 same=13105 tree-difference=4
[14034/100000] reference-disagreement keypath-boundary len=40 artifacts=31 advent-overaccept=23 advent-underaccept=6 compiler-timeout=3 reference-disagreement=892 same=13106 tree-difference=4
[14042/100000] reference-disagreement wide:extension-member:keyword:real:ConfiguredRegions:112 len=755 artifacts=31 advent-overaccept=23 advent-underaccept=6 compiler-timeout=3 reference-disagreement=893 same=13113 tree-difference=4
[14044/100000] reference-disagreement member-list-wide-boundary len=176 artifacts=31 advent-overaccept=23 advent-underaccept=6 compiler-timeout=3 reference-disagreement=894 same=13114 tree-difference=4
[14082/100000] reference-disagreement grammarish-member-list len=258 artifacts=31 advent-overaccept=23 advent-underaccept=6 compiler-timeout=3 reference-disagreement=895 same=13151 tree-difference=4
[14084/100000] reference-disagreement attribute-ifconfig-elseif-list len=110 artifacts=31 advent-overaccept=23 advent-underaccept=6 compiler-timeout=3 reference-disagreement=896 same=13152 tree-difference=4
[14107/100000] reference-disagreement wide:func-body:newline:real:BuildableNodes:110 len=1060 artifacts=31 advent-overaccept=23 advent-underaccept=6 compiler-timeout=3 reference-disagreement=897 same=13174 tree-difference=4
[14119/100000] reference-disagreement attribute-ifconfig-elseif-list len=119 artifacts=31 advent-overaccept=23 advent-underaccept=6 compiler-timeout=3 reference-disagreement=898 same=13185 tree-difference=4
[14134/100000] reference-disagreement wide:func-body:raw:real:Names:371 len=257 artifacts=31 advent-overaccept=23 advent-underaccept=6 compiler-timeout=3 reference-disagreement=899 same=13199 tree-difference=4
[14138/100000] reference-disagreement attribute-ifconfig-elseif-list len=123 artifacts=31 advent-overaccept=23 advent-underaccept=6 compiler-timeout=3 reference-disagreement=900 same=13202 tree-difference=4
[14142/100000] reference-disagreement wide:func-body:newline+newline:real:SyntaxEditUtils:166 len=297 artifacts=31 advent-overaccept=23 advent-underaccept=6 compiler-timeout=3 reference-disagreement=901 same=13205 tree-difference=4
[14143/100000] reference-disagreement wide:trailing-closure:delete+glue+splice:declaration:testSuppressedImplicitConformance#3 len=36 artifacts=31 advent-overaccept=23 advent-underaccept=6 compiler-timeout=3 reference-disagreement=902 same=13205 tree-difference=4
[14165/100000] reference-disagreement wide:extension-member:delete+newline:real:String+TrimmingTrailingWhitespace:23 len=193 artifacts=31 advent-overaccept=23 advent-underaccept=6 compiler-timeout=3 reference-disagreement=903 same=13226 tree-difference=4
[14190/100000] reference-disagreement wide:trailing-closure:raw:real:LexerDiagnosticMessages:49 len=289 artifacts=31 advent-overaccept=23 advent-underaccept=6 compiler-timeout=3 reference-disagreement=904 same=13250 tree-difference=4
[14203/100000] reference-disagreement member-list-wide-boundary len=162 artifacts=31 advent-overaccept=23 advent-underaccept=6 compiler-timeout=3 reference-disagreement=905 same=13262 tree-difference=4
[14226/100000] reference-disagreement wide:extension-member:space+glue+line-comment:declaration:testImports#1 len=42 artifacts=31 advent-overaccept=23 advent-underaccept=6 compiler-timeout=3 reference-disagreement=906 same=13284 tree-difference=4
[14250/100000] same protocol-requirement-boundary len=96 artifacts=31 advent-overaccept=23 advent-underaccept=6 compiler-timeout=3 reference-disagreement=906 same=13308 tree-difference=4
[14264/100000] reference-disagreement wide:top:space+space:translated:testOperatorDeclDesignatedTypes10#1 len=41 artifacts=31 advent-overaccept=23 advent-underaccept=6 compiler-timeout=3 reference-disagreement=907 same=13321 tree-difference=4
[14265/100000] reference-disagreement keypath-component-matrix len=37 artifacts=31 advent-overaccept=23 advent-underaccept=6 compiler-timeout=3 reference-disagreement=908 same=13321 tree-difference=4
[14268/100000] reference-disagreement attribute-ifconfig-elseif-list len=134 artifacts=31 advent-overaccept=23 advent-underaccept=6 compiler-timeout=3 reference-disagreement=909 same=13323 tree-difference=4
[14286/100000] reference-disagreement wide:interpolation:raw:translated:testAvailabilityQuery15#1 len=44 artifacts=31 advent-overaccept=23 advent-underaccept=6 compiler-timeout=3 reference-disagreement=910 same=13340 tree-difference=4
[14290/100000] reference-disagreement keypath-boundary len=36 artifacts=31 advent-overaccept=23 advent-underaccept=6 compiler-timeout=3 reference-disagreement=911 same=13343 tree-difference=4
[14291/100000] reference-disagreement tspl-divergence-protocol-body len=84 artifacts=31 advent-overaccept=23 advent-underaccept=6 compiler-timeout=3 reference-disagreement=912 same=13343 tree-difference=4
[14292/100000] reference-disagreement keypath-boundary len=38 artifacts=31 advent-overaccept=23 advent-underaccept=6 compiler-timeout=3 reference-disagreement=913 same=13343 tree-difference=4
[14306/100000] reference-disagreement tspl-divergence-protocol-body len=136 artifacts=31 advent-overaccept=23 advent-underaccept=6 compiler-timeout=3 reference-disagreement=914 same=13356 tree-difference=4
[14364/100000] reference-disagreement keypath-boundary len=36 artifacts=31 advent-overaccept=23 advent-underaccept=6 compiler-timeout=3 reference-disagreement=915 same=13413 tree-difference=4
[14369/100000] reference-disagreement wide:struct-member:block-comment:real:SyntaxUtils:79 len=922 artifacts=31 advent-overaccept=23 advent-underaccept=6 compiler-timeout=3 reference-disagreement=916 same=13417 tree-difference=4
[14395/100000] reference-disagreement wide:closure:glue+block-comment+newline:real:ResultBuilders:193 len=203 artifacts=31 advent-overaccept=23 advent-underaccept=6 compiler-timeout=3 reference-disagreement=917 same=13442 tree-difference=4
[14402/100000] reference-disagreement statement-list len=570 artifacts=31 advent-overaccept=23 advent-underaccept=6 compiler-timeout=3 reference-disagreement=918 same=13448 tree-difference=4
[14420/100000] reference-disagreement wide:extension-member:raw:real:SyntaxTraits:834 len=154 artifacts=31 advent-overaccept=23 advent-underaccept=6 compiler-timeout=3 reference-disagreement=919 same=13465 tree-difference=4
[14426/100000] reference-disagreement attribute-ifconfig-elseif-list len=140 artifacts=31 advent-overaccept=23 advent-underaccept=6 compiler-timeout=3 reference-disagreement=920 same=13470 tree-difference=4
[14429/100000] reference-disagreement wide:ifconfig:raw:translated:testPatternWithoutVariables6#1 len=105 artifacts=31 advent-overaccept=23 advent-underaccept=6 compiler-timeout=3 reference-disagreement=921 same=13472 tree-difference=4
[14440/100000] reference-disagreement tspl-divergence-protocol-body len=195 artifacts=31 advent-overaccept=23 advent-underaccept=6 compiler-timeout=3 reference-disagreement=922 same=13482 tree-difference=4
[14480/100000] reference-disagreement tspl-divergence-protocol-body len=127 artifacts=31 advent-overaccept=23 advent-underaccept=6 compiler-timeout=3 reference-disagreement=923 same=13521 tree-difference=4
[14485/100000] reference-disagreement tspl-divergence-accessor-commitment len=78 artifacts=31 advent-overaccept=23 advent-underaccept=6 compiler-timeout=3 reference-disagreement=924 same=13525 tree-difference=4
[14491/100000] reference-disagreement wide:struct-member:block-comment:real:CustomTraits:35 len=178 artifacts=31 advent-overaccept=23 advent-underaccept=6 compiler-timeout=3 reference-disagreement=925 same=13530 tree-difference=4
[14500/100000] same frontier:interpolation-delimiter len=362 artifacts=31 advent-overaccept=23 advent-underaccept=6 compiler-timeout=3 reference-disagreement=925 same=13539 tree-difference=4
[14502/100000] reference-disagreement wide:func-body:raw:declaration:testSuppressedImplicitConformance#8+real:CharacterInfo:13 len=476 artifacts=31 advent-overaccept=23 advent-underaccept=6 compiler-timeout=3 reference-disagreement=926 same=13540 tree-difference=4
[14515/100000] reference-disagreement wide:closure:line-comment+newline:real:SyntaxTraits:854 len=150 artifacts=31 advent-overaccept=23 advent-underaccept=6 compiler-timeout=3 reference-disagreement=927 same=13552 tree-difference=4
[14518/100000] reference-disagreement attribute-ifconfig-elseif-list len=139 artifacts=31 advent-overaccept=23 advent-underaccept=6 compiler-timeout=3 reference-disagreement=928 same=13554 tree-difference=4
[14528/100000] reference-disagreement wide:top:space+newline:translated:testSwitch45#1 len=66 artifacts=31 advent-overaccept=23 advent-underaccept=6 compiler-timeout=3 reference-disagreement=929 same=13563 tree-difference=4
[14545/100000] reference-disagreement tspl-divergence-protocol-body len=114 artifacts=31 advent-overaccept=23 advent-underaccept=6 compiler-timeout=3 reference-disagreement=930 same=13579 tree-difference=4
[14563/100000] reference-disagreement attribute-ifconfig-elseif-list len=117 artifacts=31 advent-overaccept=23 advent-underaccept=6 compiler-timeout=3 reference-disagreement=931 same=13596 tree-difference=4
[14574/100000] reference-disagreement wide:closure:block-comment+glue+block-comment:real:ParserDiagnosticMessages:799 len=424 artifacts=31 advent-overaccept=23 advent-underaccept=6 compiler-timeout=3 reference-disagreement=932 same=13606 tree-difference=4
[14581/100000] reference-disagreement tspl-divergence-protocol-body len=179 artifacts=31 advent-overaccept=23 advent-underaccept=6 compiler-timeout=3 reference-disagreement=933 same=13612 tree-difference=4
[14585/100000] reference-disagreement member-list-wide-boundary len=389 artifacts=31 advent-overaccept=23 advent-underaccept=6 compiler-timeout=3 reference-disagreement=934 same=13615 tree-difference=4
[14600/100000] reference-disagreement wide:closure:raw:real:SyntaxTraits:770+translated:testMultilineString9#1 len=138 artifacts=31 advent-overaccept=23 advent-underaccept=6 compiler-timeout=3 reference-disagreement=935 same=13629 tree-difference=4
[14627/100000] reference-disagreement wide:trailing-closure:block-comment:translated:testSelfRebinding6#1+translated:testOperatorDeclDesignatedTypes18#1 len=638 artifacts=31 advent-overaccept=23 advent-underaccept=6 compiler-timeout=3 reference-disagreement=936 same=13655 tree-difference=4
[14628/100000] reference-disagreement wide:struct-member:raw:real:IncrementalParseTransition:19 len=770 artifacts=31 advent-overaccept=23 advent-underaccept=6 compiler-timeout=3 reference-disagreement=937 same=13655 tree-difference=4
[14671/100000] reference-disagreement wide:closure:raw:phase3-modifier:open-class len=37 artifacts=31 advent-overaccept=23 advent-underaccept=6 compiler-timeout=3 reference-disagreement=938 same=13697 tree-difference=4
[14672/100000] reference-disagreement wide:closure:block-comment+glue:attribute:testDifferentiableAttribute#1+translated:testRecovery154#1 len=297 artifacts=31 advent-overaccept=23 advent-underaccept=6 compiler-timeout=3 reference-disagreement=939 same=13697 tree-difference=4
[14674/100000] reference-disagreement wide:trailing-closure:newline:real:Syntax+StringInterpolation:328+real:ChildNameForDiagnostics:385 len=346 artifacts=31 advent-overaccept=23 advent-underaccept=6 compiler-timeout=3 reference-disagreement=940 same=13698 tree-difference=4
[14691/100000] reference-disagreement keypath-component-matrix len=44 artifacts=31 advent-overaccept=23 advent-underaccept=6 compiler-timeout=3 reference-disagreement=941 same=13714 tree-difference=4
[14695/100000] reference-disagreement wide:func-body:raw:real:RenamedChildrenBuilderCompatibility:522 len=1042 artifacts=31 advent-overaccept=23 advent-underaccept=6 compiler-timeout=3 reference-disagreement=942 same=13717 tree-difference=4
[14697/100000] reference-disagreement wide:func-body:block-comment+duplicate:real:LexerDiagnosticMessages:30 len=312 artifacts=31 advent-overaccept=23 advent-underaccept=6 compiler-timeout=3 reference-disagreement=943 same=13718 tree-difference=4
[14698/100000] reference-disagreement wide:closure:raw:phase4-attr:attr-with-modifier len=46 artifacts=31 advent-overaccept=23 advent-underaccept=6 compiler-timeout=3 reference-disagreement=944 same=13718 tree-difference=4
[14704/100000] reference-disagreement wide:before-statement:swap+splice+keyword:reject:testAsync4#1 len=54 artifacts=31 advent-overaccept=23 advent-underaccept=6 compiler-timeout=3 reference-disagreement=945 same=13723 tree-difference=4
[14708/100000] reference-disagreement nested-ifconfig-boundary len=113 artifacts=31 advent-overaccept=23 advent-underaccept=6 compiler-timeout=3 reference-disagreement=946 same=13726 tree-difference=4
[14711/100000] reference-disagreement wide:extension-member:space+space+block-comment:real:Trivia+commentValue:128+translated:testOriginalDefinedInAttr1#1 len=705 artifacts=31 advent-overaccept=23 advent-underaccept=6 compiler-timeout=3 reference-disagreement=947 same=13728 tree-difference=4
[14725/100000] reference-disagreement nested-ifconfig-boundary len=146 artifacts=31 advent-overaccept=23 advent-underaccept=6 compiler-timeout=3 reference-disagreement=948 same=13741 tree-difference=4
[14727/100000] reference-disagreement keypath-boundary len=38 artifacts=31 advent-overaccept=23 advent-underaccept=6 compiler-timeout=3 reference-disagreement=949 same=13742 tree-difference=4
[14729/100000] reference-disagreement tspl-divergence-protocol-body len=174 artifacts=31 advent-overaccept=23 advent-underaccept=6 compiler-timeout=3 reference-disagreement=950 same=13743 tree-difference=4
[14750/100000] same regex-boundary len=61 artifacts=31 advent-overaccept=23 advent-underaccept=6 compiler-timeout=3 reference-disagreement=950 same=13764 tree-difference=4
[14758/100000] reference-disagreement wide:closure:newline+line-comment:real:LexerDiagnosticMessages:136+translated:testEnum63#1 len=568 artifacts=31 advent-overaccept=23 advent-underaccept=6 compiler-timeout=3 reference-disagreement=951 same=13771 tree-difference=4
[14767/100000] reference-disagreement member-list-wide-boundary len=496 artifacts=31 advent-overaccept=23 advent-underaccept=6 compiler-timeout=3 reference-disagreement=952 same=13779 tree-difference=4
[14780/100000] reference-disagreement wide:struct-member:block-comment+newline:translated:testOperatorDecl11a#1+real:LocationMarkers:14 len=283 artifacts=31 advent-overaccept=23 advent-underaccept=6 compiler-timeout=3 reference-disagreement=953 same=13791 tree-difference=4
[14821/100000] reference-disagreement binding-pattern len=458 artifacts=31 advent-overaccept=23 advent-underaccept=6 compiler-timeout=3 reference-disagreement=954 same=13831 tree-difference=4
[14832/100000] reference-disagreement attribute-ifconfig-elseif-list len=122 artifacts=31 advent-overaccept=23 advent-underaccept=6 compiler-timeout=3 reference-disagreement=955 same=13841 tree-difference=4
[14860/100000] reference-disagreement wide:extension-member:block-comment:real:RawSyntaxTokenView:13 len=430 artifacts=31 advent-overaccept=23 advent-underaccept=6 compiler-timeout=3 reference-disagreement=956 same=13868 tree-difference=4
[14869/100000] reference-disagreement wide:closure:raw:real:VersionTuple:58+expression:testCollectionLiterals#7 len=123 artifacts=31 advent-overaccept=23 advent-underaccept=6 compiler-timeout=3 reference-disagreement=957 same=13876 tree-difference=4
[14877/100000] reference-disagreement attribute-ifconfig-elseif-list len=129 artifacts=31 advent-overaccept=23 advent-underaccept=6 compiler-timeout=3 reference-disagreement=958 same=13883 tree-difference=4
[14881/100000] reference-disagreement attribute-ifconfig-elseif-list len=120 artifacts=31 advent-overaccept=23 advent-underaccept=6 compiler-timeout=3 reference-disagreement=959 same=13886 tree-difference=4
[14886/100000] reference-disagreement wide:ifconfig:raw:translated:testSwitch32#1 len=537 artifacts=31 advent-overaccept=23 advent-underaccept=6 compiler-timeout=3 reference-disagreement=960 same=13890 tree-difference=4
[14909/100000] reference-disagreement wide:closure:block-comment:translated:testAlwaysEmitConformanceMetadataAttr#1+real:ResultBuilders:375 len=257 artifacts=31 advent-overaccept=23 advent-underaccept=6 compiler-timeout=3 reference-disagreement=961 same=13912 tree-difference=4
[14923/100000] reference-disagreement cast-try-operator-cluster len=24 artifacts=31 advent-overaccept=23 advent-underaccept=6 compiler-timeout=3 reference-disagreement=962 same=13925 tree-difference=4
[14929/100000] reference-disagreement member-list-wide-boundary len=250 artifacts=31 advent-overaccept=23 advent-underaccept=6 compiler-timeout=3 reference-disagreement=963 same=13930 tree-difference=4
[14931/100000] reference-disagreement keypath-boundary len=38 artifacts=31 advent-overaccept=23 advent-underaccept=6 compiler-timeout=3 reference-disagreement=964 same=13931 tree-difference=4
[14944/100000] reference-disagreement wide:closure:newline:translated:testSwitch12#1 len=59 artifacts=31 advent-overaccept=23 advent-underaccept=6 compiler-timeout=3 reference-disagreement=965 same=13943 tree-difference=4
[14947/100000] reference-disagreement wide:top:raw:attribute:testABIAttribute#2 len=51 artifacts=31 advent-overaccept=23 advent-underaccept=6 compiler-timeout=3 reference-disagreement=966 same=13945 tree-difference=4
[14957/100000] reference-disagreement member-list-wide-boundary len=334 artifacts=31 advent-overaccept=23 advent-underaccept=6 compiler-timeout=3 reference-disagreement=967 same=13954 tree-difference=4
[14962/100000] reference-disagreement wide:closure:duplicate+glue:translated:testMatchingPatterns7#1+real:ActiveSyntaxRewriter:423 len=395 artifacts=31 advent-overaccept=23 advent-underaccept=6 compiler-timeout=3 reference-disagreement=968 same=13958 tree-difference=4
[14963/100000] reference-disagreement wide:ifconfig:splice+newline:translated:testSwitch23#1 len=37 artifacts=31 advent-overaccept=23 advent-underaccept=6 compiler-timeout=3 reference-disagreement=969 same=13958 tree-difference=4
[14970/100000] reference-disagreement member-list-wide-boundary len=262 artifacts=31 advent-overaccept=23 advent-underaccept=6 compiler-timeout=3 reference-disagreement=970 same=13964 tree-difference=4
[14974/100000] reference-disagreement wide:func-body:duplicate:real:ParserDiagnosticMessages:416 len=451 artifacts=31 advent-overaccept=23 advent-underaccept=6 compiler-timeout=3 reference-disagreement=971 same=13967 tree-difference=4
[15000/100000] same attribute-ifconfig-elseif-list len=134 artifacts=31 advent-overaccept=23 advent-underaccept=6 compiler-timeout=3 reference-disagreement=971 same=13993 tree-difference=4
[15013/100000] reference-disagreement grammarish-member-list len=455 artifacts=31 advent-overaccept=23 advent-underaccept=6 compiler-timeout=3 reference-disagreement=972 same=14005 tree-difference=4
[15021/100000] reference-disagreement wide:func-body:newline:real:BasicDiagnosticDecorator:13 len=177 artifacts=31 advent-overaccept=23 advent-underaccept=6 compiler-timeout=3 reference-disagreement=973 same=14012 tree-difference=4
[15069/100000] reference-disagreement wide:closure:newline:translated:testInitDeinit18#1 len=100 artifacts=31 advent-overaccept=23 advent-underaccept=6 compiler-timeout=3 reference-disagreement=974 same=14059 tree-difference=4
[15073/100000] reference-disagreement tspl-divergence-accessor-commitment len=49 artifacts=31 advent-overaccept=23 advent-underaccept=6 compiler-timeout=3 reference-disagreement=975 same=14062 tree-difference=4
[15101/100000] reference-disagreement tspl-divergence-protocol-body len=103 artifacts=31 advent-overaccept=23 advent-underaccept=6 compiler-timeout=3 reference-disagreement=976 same=14089 tree-difference=4
[15105/100000] reference-disagreement tspl-divergence-protocol-body len=159 artifacts=31 advent-overaccept=23 advent-underaccept=6 compiler-timeout=3 reference-disagreement=977 same=14092 tree-difference=4
[15112/100000] reference-disagreement wide:trailing-closure:keyword+space+glue:real:JSONEncoding:244 len=259 artifacts=31 advent-overaccept=23 advent-underaccept=6 compiler-timeout=3 reference-disagreement=978 same=14098 tree-difference=4
[15113/100000] reference-disagreement wide:closure:glue:real:DeclSyntaxParseable:54 len=73 artifacts=31 advent-overaccept=23 advent-underaccept=6 compiler-timeout=3 reference-disagreement=979 same=14098 tree-difference=4
[15127/100000] reference-disagreement wide:func-body:block-comment:real:NominalTypeDeclSyntax:16 len=325 artifacts=31 advent-overaccept=23 advent-underaccept=6 compiler-timeout=3 reference-disagreement=980 same=14111 tree-difference=4
[15156/100000] reference-disagreement tspl-divergence-protocol-body len=123 artifacts=31 advent-overaccept=23 advent-underaccept=6 compiler-timeout=3 reference-disagreement=981 same=14139 tree-difference=4
[15191/100000] reference-disagreement wide:trailing-closure:raw:real:SyntaxText:242+expression:testKeypathExpression#13 len=418 artifacts=31 advent-overaccept=23 advent-underaccept=6 compiler-timeout=3 reference-disagreement=982 same=14173 tree-difference=4
[15193/100000] reference-disagreement func-body len=458 artifacts=31 advent-overaccept=23 advent-underaccept=6 compiler-timeout=3 reference-disagreement=983 same=14174 tree-difference=4
[15250/100000] same wide:trailing-closure:splice:reject:testNonisolatedSpecifier#1 len=89 artifacts=31 advent-overaccept=23 advent-underaccept=6 compiler-timeout=3 reference-disagreement=983 same=14231 tree-difference=4
[15275/100000] reference-disagreement wide:func-body:raw:real:SyntaxExpressibleByStringInterpolationConformances:28 len=178 artifacts=31 advent-overaccept=23 advent-underaccept=6 compiler-timeout=3 reference-disagreement=984 same=14255 tree-difference=4
[15296/100000] reference-disagreement wide:top:newline+duplicate+space:real:ResultBuilders:384 len=130 artifacts=31 advent-overaccept=23 advent-underaccept=6 compiler-timeout=3 reference-disagreement=985 same=14275 tree-difference=4
[15314/100000] reference-disagreement member-list-wide-boundary len=417 artifacts=31 advent-overaccept=23 advent-underaccept=6 compiler-timeout=3 reference-disagreement=986 same=14292 tree-difference=4
[15339/100000] reference-disagreement keypath-component-matrix len=37 artifacts=31 advent-overaccept=23 advent-underaccept=6 compiler-timeout=3 reference-disagreement=987 same=14316 tree-difference=4
[15344/100000] reference-disagreement ifconfig-member-context-boundary len=72 artifacts=31 advent-overaccept=23 advent-underaccept=6 compiler-timeout=3 reference-disagreement=988 same=14320 tree-difference=4
[15387/100000] reference-disagreement wide:closure:raw:declaration:testParseDynamicReplacement#2 len=159 artifacts=31 advent-overaccept=23 advent-underaccept=6 compiler-timeout=3 reference-disagreement=989 same=14362 tree-difference=4
[15396/100000] advent-overaccept wide:top:swap+line-comment:reject:testCoroutineAccessors#2 len=79 artifacts=32 advent-overaccept=24 advent-underaccept=6 compiler-timeout=3 reference-disagreement=989 same=14370 tree-difference=4
[15437/100000] reference-disagreement grammarish-member-list len=257 artifacts=32 advent-overaccept=24 advent-underaccept=6 compiler-timeout=3 reference-disagreement=990 same=14410 tree-difference=4
[15439/100000] reference-disagreement tspl-divergence-protocol-body len=272 artifacts=32 advent-overaccept=24 advent-underaccept=6 compiler-timeout=3 reference-disagreement=991 same=14411 tree-difference=4
[15440/100000] reference-disagreement tspl-divergence-protocol-body len=178 artifacts=32 advent-overaccept=24 advent-underaccept=6 compiler-timeout=3 reference-disagreement=992 same=14411 tree-difference=4
[15443/100000] reference-disagreement statement-list len=604 artifacts=32 advent-overaccept=24 advent-underaccept=6 compiler-timeout=3 reference-disagreement=993 same=14413 tree-difference=4
[15476/100000] reference-disagreement statement-list len=686 artifacts=32 advent-overaccept=24 advent-underaccept=6 compiler-timeout=3 reference-disagreement=994 same=14445 tree-difference=4
[15486/100000] reference-disagreement wide:struct-member:newline:real:Attributes:839 len=526 artifacts=32 advent-overaccept=24 advent-underaccept=6 compiler-timeout=3 reference-disagreement=995 same=14454 tree-difference=4
[15500/100000] same wide:func-body:swap+duplicate:expression:testCollectionLiterals#1+expression:testClosureParameterWithAttribute#2 len=80 artifacts=32 advent-overaccept=24 advent-underaccept=6 compiler-timeout=3 reference-disagreement=995 same=14468 tree-difference=4
[15506/100000] reference-disagreement wide:extension-member:raw:real:LoopProgressCondition:60 len=672 artifacts=32 advent-overaccept=24 advent-underaccept=6 compiler-timeout=3 reference-disagreement=996 same=14473 tree-difference=4
[15537/100000] reference-disagreement statement-list len=616 artifacts=32 advent-overaccept=24 advent-underaccept=6 compiler-timeout=3 reference-disagreement=997 same=14503 tree-difference=4
[15543/100000] reference-disagreement wide:trailing-closure:newline:real:AssertEqualWithDiff:15 len=379 artifacts=32 advent-overaccept=24 advent-underaccept=6 compiler-timeout=3 reference-disagreement=998 same=14508 tree-difference=4
[15572/100000] reference-disagreement tspl-divergence-protocol-body len=188 artifacts=32 advent-overaccept=24 advent-underaccept=6 compiler-timeout=3 reference-disagreement=999 same=14536 tree-difference=4
[15593/100000] reference-disagreement binding-pattern len=458 artifacts=32 advent-overaccept=24 advent-underaccept=6 compiler-timeout=3 reference-disagreement=1000 same=14556 tree-difference=4
[15601/100000] reference-disagreement wide:ifconfig:line-comment+splice+block-comment:translated:testPatternWithoutVariables5#1 len=477 artifacts=32 advent-overaccept=24 advent-underaccept=6 compiler-timeout=3 reference-disagreement=1001 same=14563 tree-difference=4
[15604/100000] reference-disagreement wide:trailing-closure:block-comment:real:Specifiers:581 len=513 artifacts=32 advent-overaccept=24 advent-underaccept=6 compiler-timeout=3 reference-disagreement=1002 same=14565 tree-difference=4
[15658/100000] reference-disagreement attribute-ifconfig-elseif-list len=119 artifacts=32 advent-overaccept=24 advent-underaccept=6 compiler-timeout=3 reference-disagreement=1003 same=14618 tree-difference=4
[15675/100000] reference-disagreement wide:closure:block-comment+splice+line-comment:translated:testOptionalLvalues7#1+declaration:testImports#4 len=230 artifacts=32 advent-overaccept=24 advent-underaccept=6 compiler-timeout=3 reference-disagreement=1004 same=14634 tree-difference=4
[15692/100000] reference-disagreement tspl-divergence-protocol-body len=186 artifacts=32 advent-overaccept=24 advent-underaccept=6 compiler-timeout=3 reference-disagreement=1005 same=14650 tree-difference=4
[15695/100000] reference-disagreement wide:before-statement:space+line-comment:expression:testKeyPathMethodAndInitializers#8 len=38 artifacts=32 advent-overaccept=24 advent-underaccept=6 compiler-timeout=3 reference-disagreement=1006 same=14652 tree-difference=4
[15700/100000] reference-disagreement tspl-divergence-accessor-commitment len=78 artifacts=32 advent-overaccept=24 advent-underaccept=6 compiler-timeout=3 reference-disagreement=1007 same=14656 tree-difference=4
[15702/100000] reference-disagreement wide:interpolation:block-comment+block-comment:translated:testForwardSlashRegex178#1 len=32 artifacts=32 advent-overaccept=24 advent-underaccept=6 compiler-timeout=3 reference-disagreement=1008 same=14657 tree-difference=4
[15730/100000] reference-disagreement wide:struct-member:newline+newline:real:Nominals:381+real:Syntax+StringInterpolation:472 len=443 artifacts=32 advent-overaccept=24 advent-underaccept=6 compiler-timeout=3 reference-disagreement=1009 same=14684 tree-difference=4
[15732/100000] reference-disagreement wide:struct-member:line-comment+newline:real:BuildableNodes:1414 len=1036 artifacts=32 advent-overaccept=24 advent-underaccept=6 compiler-timeout=3 reference-disagreement=1010 same=14685 tree-difference=4
[15750/100000] same frontier:generic-member-type-shape len=280 artifacts=32 advent-overaccept=24 advent-underaccept=6 compiler-timeout=3 reference-disagreement=1010 same=14703 tree-difference=4
[15780/100000] reference-disagreement wide:before-statement:space:translated:testDeprecatedWhere9#1 len=231 artifacts=32 advent-overaccept=24 advent-underaccept=6 compiler-timeout=3 reference-disagreement=1011 same=14732 tree-difference=4
[15804/100000] reference-disagreement wide:trailing-closure:glue+keyword:translated:testEffectfulProperties5#1 len=119 artifacts=32 advent-overaccept=24 advent-underaccept=6 compiler-timeout=3 reference-disagreement=1012 same=14755 tree-difference=4
[15808/100000] reference-disagreement keypath-component-matrix len=34 artifacts=32 advent-overaccept=24 advent-underaccept=6 compiler-timeout=3 reference-disagreement=1013 same=14758 tree-difference=4
[15832/100000] reference-disagreement wide:func-body:raw:real:SyntaxCollections:2140 len=506 artifacts=32 advent-overaccept=24 advent-underaccept=6 compiler-timeout=3 reference-disagreement=1014 same=14781 tree-difference=4
[15843/100000] reference-disagreement wide:extension-member:block-comment:expression:testClosureLiterals#3+real:SyntaxUtils:21 len=1155 artifacts=32 advent-overaccept=24 advent-underaccept=6 compiler-timeout=3 reference-disagreement=1015 same=14791 tree-difference=4
[15854/100000] reference-disagreement wide:closure:splice+newline+space:real:SyntaxCollections:591 len=509 artifacts=32 advent-overaccept=24 advent-underaccept=6 compiler-timeout=3 reference-disagreement=1016 same=14801 tree-difference=4
[15898/100000] reference-disagreement wide:closure:line-comment:declaration:testParsePoundError#1 len=58 artifacts=32 advent-overaccept=24 advent-underaccept=6 compiler-timeout=3 reference-disagreement=1017 same=14844 tree-difference=4
[15928/100000] reference-disagreement tspl-divergence-protocol-body len=192 artifacts=32 advent-overaccept=24 advent-underaccept=6 compiler-timeout=3 reference-disagreement=1018 same=14873 tree-difference=4
[15930/100000] reference-disagreement statement-list len=618 artifacts=32 advent-overaccept=24 advent-underaccept=6 compiler-timeout=3 reference-disagreement=1019 same=14874 tree-difference=4
[15933/100000] reference-disagreement wide:func-body:raw:translated:testEnum6#1+translated:testInitDeinit21#1 len=110 artifacts=32 advent-overaccept=24 advent-underaccept=6 compiler-timeout=3 reference-disagreement=1020 same=14876 tree-difference=4
[15959/100000] reference-disagreement wide:closure:newline:statement:testReturn#5+real:Note:30 len=206 artifacts=32 advent-overaccept=24 advent-underaccept=6 compiler-timeout=3 reference-disagreement=1021 same=14901 tree-difference=4
[15984/100000] reference-disagreement wide:closure:line-comment+space:declaration:testPrecedenceGroup#1 len=156 artifacts=32 advent-overaccept=24 advent-underaccept=6 compiler-timeout=3 reference-disagreement=1022 same=14925 tree-difference=4
[16000/100000] same frontier:protocol-accessor-shape len=86 artifacts=32 advent-overaccept=24 advent-underaccept=6 compiler-timeout=3 reference-disagreement=1022 same=14941 tree-difference=4
[16002/100000] reference-disagreement wide:func-body:glue+space+line-comment:real:SyntaxExpressibleByStringInterpolationConformances:151 len=99 artifacts=32 advent-overaccept=24 advent-underaccept=6 compiler-timeout=3 reference-disagreement=1023 same=14942 tree-difference=4
[16006/100000] reference-disagreement wide:before-statement:line-comment+newline+glue:attribute:testImplementsAttribute#1 len=324 artifacts=32 advent-overaccept=24 advent-underaccept=6 compiler-timeout=3 reference-disagreement=1024 same=14945 tree-difference=4
[16014/100000] reference-disagreement wide:func-body:raw:expression:testClosureParameterWithModifier#1+translated:testOptionalChainLvalues2#1 len=251 artifacts=32 advent-overaccept=24 advent-underaccept=6 compiler-timeout=3 reference-disagreement=1025 same=14952 tree-difference=4
[16024/100000] advent-underaccept wide:ifconfig:space+block-comment:real:RawSyntaxTokenView:13+translated:testForwardSlashRegex168#1 len=431 artifacts=33 advent-overaccept=24 advent-underaccept=7 compiler-timeout=3 reference-disagreement=1025 same=14961 tree-difference=4
[16030/100000] reference-disagreement wide:extension-member:raw:real:SyntaxExpressibleByStringInterpolationConformances:139 len=82 artifacts=33 advent-overaccept=24 advent-underaccept=7 compiler-timeout=3 reference-disagreement=1026 same=14966 tree-difference=4
[16066/100000] reference-disagreement wide:func-body:block-comment+space:real:BuildableNodes:1251 len=1302 artifacts=33 advent-overaccept=24 advent-underaccept=7 compiler-timeout=3 reference-disagreement=1027 same=15001 tree-difference=4
[16103/100000] reference-disagreement attribute-boundary len=32 artifacts=33 advent-overaccept=24 advent-underaccept=7 compiler-timeout=3 reference-disagreement=1028 same=15037 tree-difference=4
[16135/100000] reference-disagreement wide:struct-member:glue+keyword:real:BumpPtrAllocator:179 len=653 artifacts=33 advent-overaccept=24 advent-underaccept=7 compiler-timeout=3 reference-disagreement=1029 same=15068 tree-difference=4
[16153/100000] reference-disagreement wide:closure:space+space+block-comment:real:NameMatcher:447 len=496 artifacts=33 advent-overaccept=24 advent-underaccept=7 compiler-timeout=3 reference-disagreement=1030 same=15085 tree-difference=4
[16155/100000] reference-disagreement tspl-divergence-accessor-commitment len=78 artifacts=33 advent-overaccept=24 advent-underaccept=7 compiler-timeout=3 reference-disagreement=1031 same=15086 tree-difference=4
[16159/100000] reference-disagreement wide:closure:newline:real:LayoutNodes+Parsable:111 len=203 artifacts=33 advent-overaccept=24 advent-underaccept=7 compiler-timeout=3 reference-disagreement=1032 same=15089 tree-difference=4
[16181/100000] reference-disagreement keypath-component-matrix len=49 artifacts=33 advent-overaccept=24 advent-underaccept=7 compiler-timeout=3 reference-disagreement=1033 same=15110 tree-difference=4
[16213/100000] reference-disagreement wide:extension-member:raw:translated:testSwitch41#1 len=725 artifacts=33 advent-overaccept=24 advent-underaccept=7 compiler-timeout=3 reference-disagreement=1034 same=15141 tree-difference=4
[16221/100000] reference-disagreement keypath-boundary len=37 artifacts=33 advent-overaccept=24 advent-underaccept=7 compiler-timeout=3 reference-disagreement=1035 same=15148 tree-difference=4
[16238/100000] reference-disagreement member-list-wide-boundary len=411 artifacts=33 advent-overaccept=24 advent-underaccept=7 compiler-timeout=3 reference-disagreement=1036 same=15164 tree-difference=4
[16239/100000] reference-disagreement grammarish-member-list len=263 artifacts=33 advent-overaccept=24 advent-underaccept=7 compiler-timeout=3 reference-disagreement=1037 same=15164 tree-difference=4
[16250/100000] same grammarish-member-list len=157 artifacts=33 advent-overaccept=24 advent-underaccept=7 compiler-timeout=3 reference-disagreement=1037 same=15175 tree-difference=4
[16253/100000] reference-disagreement tspl-divergence-protocol-body len=159 artifacts=33 advent-overaccept=24 advent-underaccept=7 compiler-timeout=3 reference-disagreement=1038 same=15177 tree-difference=4
[16255/100000] tree-difference wide:ifconfig:space+line-comment:translated:testTrailingClosures5#1 len=60 artifacts=34 advent-overaccept=24 advent-underaccept=7 compiler-timeout=3 reference-disagreement=1038 same=15178 tree-difference=5
[16282/100000] reference-disagreement statement-list len=564 artifacts=34 advent-overaccept=24 advent-underaccept=7 compiler-timeout=3 reference-disagreement=1039 same=15204 tree-difference=5
[16313/100000] reference-disagreement member-list-wide-boundary len=111 artifacts=34 advent-overaccept=24 advent-underaccept=7 compiler-timeout=3 reference-disagreement=1040 same=15234 tree-difference=5
[16314/100000] reference-disagreement wide:top:space:attribute:testABIAttribute#14 len=29 artifacts=34 advent-overaccept=24 advent-underaccept=7 compiler-timeout=3 reference-disagreement=1041 same=15234 tree-difference=5
[16361/100000] reference-disagreement tspl-divergence-accessor-commitment len=49 artifacts=34 advent-overaccept=24 advent-underaccept=7 compiler-timeout=3 reference-disagreement=1042 same=15280 tree-difference=5
[16364/100000] reference-disagreement wide:trailing-closure:glue:real:MacroExpansionDiagnosticMessages:64 len=274 artifacts=34 advent-overaccept=24 advent-underaccept=7 compiler-timeout=3 reference-disagreement=1043 same=15282 tree-difference=5
[16369/100000] reference-disagreement statement-list len=683 artifacts=34 advent-overaccept=24 advent-underaccept=7 compiler-timeout=3 reference-disagreement=1044 same=15286 tree-difference=5
[16388/100000] reference-disagreement attribute-ifconfig-elseif-list len=112 artifacts=34 advent-overaccept=24 advent-underaccept=7 compiler-timeout=3 reference-disagreement=1045 same=15304 tree-difference=5
[16395/100000] reference-disagreement wide:trailing-closure:block-comment+block-comment+newline:real:SwiftSyntaxCompatibility:771 len=152 artifacts=34 advent-overaccept=24 advent-underaccept=7 compiler-timeout=3 reference-disagreement=1046 same=15310 tree-difference=5
[16411/100000] reference-disagreement member-list-wide-boundary len=176 artifacts=34 advent-overaccept=24 advent-underaccept=7 compiler-timeout=3 reference-disagreement=1047 same=15325 tree-difference=5
[16457/100000] reference-disagreement keypath-boundary len=38 artifacts=34 advent-overaccept=24 advent-underaccept=7 compiler-timeout=3 reference-disagreement=1048 same=15370 tree-difference=5
[16460/100000] reference-disagreement wide:func-body:raw:translated:testOriginalDefinedInAttr7#3 len=126 artifacts=34 advent-overaccept=24 advent-underaccept=7 compiler-timeout=3 reference-disagreement=1049 same=15372 tree-difference=5
[16483/100000] reference-disagreement wide:trailing-closure:raw:real:ParserDiagnosticMessages:799 len=401 artifacts=34 advent-overaccept=24 advent-underaccept=7 compiler-timeout=3 reference-disagreement=1050 same=15394 tree-difference=5
[16485/100000] reference-disagreement binding-pattern len=458 artifacts=34 advent-overaccept=24 advent-underaccept=7 compiler-timeout=3 reference-disagreement=1051 same=15395 tree-difference=5
[16493/100000] reference-disagreement wide:extension-member:line-comment:real:Trivia:210+translated:testTrailingClosures9#1 len=425 artifacts=34 advent-overaccept=24 advent-underaccept=7 compiler-timeout=3 reference-disagreement=1052 same=15402 tree-difference=5
[16500/100000] same binding-pattern len=489 artifacts=34 advent-overaccept=24 advent-underaccept=7 compiler-timeout=3 reference-disagreement=1052 same=15409 tree-difference=5
[16521/100000] reference-disagreement wide:struct-member:newline:real:ResultBuilders:362+translated:testDiagnoseAvailabilityWindows3#1 len=306 artifacts=34 advent-overaccept=24 advent-underaccept=7 compiler-timeout=3 reference-disagreement=1053 same=15429 tree-difference=5
[16556/100000] reference-disagreement member-list-wide-boundary len=106 artifacts=34 advent-overaccept=24 advent-underaccept=7 compiler-timeout=3 reference-disagreement=1054 same=15463 tree-difference=5
[16567/100000] reference-disagreement declaration-modifier-stack len=34 artifacts=34 advent-overaccept=24 advent-underaccept=7 compiler-timeout=3 reference-disagreement=1055 same=15473 tree-difference=5
[16579/100000] reference-disagreement keypath-component-matrix len=37 artifacts=34 advent-overaccept=24 advent-underaccept=7 compiler-timeout=3 reference-disagreement=1056 same=15484 tree-difference=5
[16588/100000] reference-disagreement tspl-divergence-protocol-body len=306 artifacts=34 advent-overaccept=24 advent-underaccept=7 compiler-timeout=3 reference-disagreement=1057 same=15492 tree-difference=5
[16609/100000] reference-disagreement wide:extension-member:newline:real:WarningControlDeclSyntax:55 len=392 artifacts=34 advent-overaccept=24 advent-underaccept=7 compiler-timeout=3 reference-disagreement=1058 same=15512 tree-difference=5
[16622/100000] reference-disagreement tspl-divergence-protocol-body len=136 artifacts=34 advent-overaccept=24 advent-underaccept=7 compiler-timeout=3 reference-disagreement=1059 same=15524 tree-difference=5
[16672/100000] reference-disagreement wide:before-statement:splice:attribute:testMacroRoleNames#8 len=76 artifacts=34 advent-overaccept=24 advent-underaccept=7 compiler-timeout=3 reference-disagreement=1060 same=15573 tree-difference=5
[16691/100000] reference-disagreement tspl-divergence-protocol-body len=195 artifacts=34 advent-overaccept=24 advent-underaccept=7 compiler-timeout=3 reference-disagreement=1061 same=15591 tree-difference=5
[16695/100000] reference-disagreement wide:struct-member:raw:real:SwiftSyntaxCompatibility:188 len=135 artifacts=34 advent-overaccept=24 advent-underaccept=7 compiler-timeout=3 reference-disagreement=1062 same=15594 tree-difference=5
[16711/100000] reference-disagreement tspl-divergence-protocol-body len=98 artifacts=34 advent-overaccept=24 advent-underaccept=7 compiler-timeout=3 reference-disagreement=1063 same=15609 tree-difference=5
[16719/100000] reference-disagreement nested-ifconfig-boundary len=146 artifacts=34 advent-overaccept=24 advent-underaccept=7 compiler-timeout=3 reference-disagreement=1064 same=15616 tree-difference=5
[16750/100000] same wide:trailing-closure:keyword:real:Parser:447+real:SyntaxTraits:181 len=744 artifacts=34 advent-overaccept=24 advent-underaccept=7 compiler-timeout=3 reference-disagreement=1064 same=15647 tree-difference=5
[16775/100000] reference-disagreement wide:extension-member:raw:real:IdentifiableSyntax:34 len=129 artifacts=34 advent-overaccept=24 advent-underaccept=7 compiler-timeout=3 reference-disagreement=1065 same=15671 tree-difference=5
[16802/100000] reference-disagreement wide:trailing-closure:newline:translated:testSuper2b#1+translated:testModuleSelectorAttrs#2 len=197 artifacts=34 advent-overaccept=24 advent-underaccept=7 compiler-timeout=3 reference-disagreement=1066 same=15697 tree-difference=5
[16813/100000] reference-disagreement tspl-divergence-protocol-body len=186 artifacts=34 advent-overaccept=24 advent-underaccept=7 compiler-timeout=3 reference-disagreement=1067 same=15707 tree-difference=5
[16823/100000] reference-disagreement wide:extension-member:space:real:SyntaxExpressibleByStringInterpolationConformances:76 len=90 artifacts=34 advent-overaccept=24 advent-underaccept=7 compiler-timeout=3 reference-disagreement=1068 same=15716 tree-difference=5
[16853/100000] advent-overaccept wide:trailing-closure:splice:translated:testFunctionTypeExpr#1 len=21 artifacts=35 advent-overaccept=25 advent-underaccept=7 compiler-timeout=3 reference-disagreement=1068 same=15745 tree-difference=5
[16856/100000] reference-disagreement member-list-wide-boundary len=414 artifacts=35 advent-overaccept=25 advent-underaccept=7 compiler-timeout=3 reference-disagreement=1069 same=15747 tree-difference=5
[16859/100000] reference-disagreement wide:struct-member:line-comment:real:ConvenienceInitializers:187 len=90 artifacts=35 advent-overaccept=25 advent-underaccept=7 compiler-timeout=3 reference-disagreement=1070 same=15749 tree-difference=5
[16880/100000] reference-disagreement wide:extension-member:keyword:translated:testDeinitAsync#1 len=70 artifacts=35 advent-overaccept=25 advent-underaccept=7 compiler-timeout=3 reference-disagreement=1071 same=15769 tree-difference=5
[16883/100000] tree-difference wide:func-body:newline+line-comment+duplicate:type:testInverseTypesAsExpr#3 len=47 artifacts=36 advent-overaccept=25 advent-underaccept=7 compiler-timeout=3 reference-disagreement=1071 same=15771 tree-difference=6
[16934/100000] reference-disagreement wide:extension-member:raw:real:IfConfigEvaluation:520 len=771 artifacts=36 advent-overaccept=25 advent-underaccept=7 compiler-timeout=3 reference-disagreement=1072 same=15821 tree-difference=6
[16938/100000] reference-disagreement binding-pattern len=458 artifacts=36 advent-overaccept=25 advent-underaccept=7 compiler-timeout=3 reference-disagreement=1073 same=15824 tree-difference=6
[16941/100000] reference-disagreement wide:before-statement:duplicate+space:real:ResultBuilderExtensions:97 len=400 artifacts=36 advent-overaccept=25 advent-underaccept=7 compiler-timeout=3 reference-disagreement=1074 same=15826 tree-difference=6
[16943/100000] reference-disagreement wide:closure:raw:real:Lookahead:165 len=247 artifacts=36 advent-overaccept=25 advent-underaccept=7 compiler-timeout=3 reference-disagreement=1075 same=15827 tree-difference=6
[16951/100000] reference-disagreement tspl-divergence-protocol-body len=221 artifacts=36 advent-overaccept=25 advent-underaccept=7 compiler-timeout=3 reference-disagreement=1076 same=15834 tree-difference=6
[16965/100000] reference-disagreement wide:trailing-closure:line-comment+line-comment+newline:real:LayoutNodes+Parsable:215 len=197 artifacts=36 advent-overaccept=25 advent-underaccept=7 compiler-timeout=3 reference-disagreement=1077 same=15847 tree-difference=6
[16975/100000] reference-disagreement wide:trailing-closure:raw:phase3-type:enum-empty+real:Utils:46 len=268 artifacts=36 advent-overaccept=25 advent-underaccept=7 compiler-timeout=3 reference-disagreement=1078 same=15856 tree-difference=6
[16980/100000] reference-disagreement cast-try-operator-cluster len=24 artifacts=36 advent-overaccept=25 advent-underaccept=7 compiler-timeout=3 reference-disagreement=1079 same=15860 tree-difference=6
[16994/100000] reference-disagreement nested-ifconfig-boundary len=163 artifacts=36 advent-overaccept=25 advent-underaccept=7 compiler-timeout=3 reference-disagreement=1080 same=15873 tree-difference=6
[17000/100000] same wide:closure:delete:reject:testDiagnoseInitializerAsTypedPattern8a#1 len=32 artifacts=36 advent-overaccept=25 advent-underaccept=7 compiler-timeout=3 reference-disagreement=1080 same=15879 tree-difference=6
[17001/100000] reference-disagreement keypath-component-matrix len=34 artifacts=36 advent-overaccept=25 advent-underaccept=7 compiler-timeout=3 reference-disagreement=1081 same=15879 tree-difference=6
[17011/100000] reference-disagreement attribute-ifconfig-elseif-list len=108 artifacts=36 advent-overaccept=25 advent-underaccept=7 compiler-timeout=3 reference-disagreement=1082 same=15888 tree-difference=6
[17015/100000] reference-disagreement cast-try-operator-cluster len=24 artifacts=36 advent-overaccept=25 advent-underaccept=7 compiler-timeout=3 reference-disagreement=1083 same=15891 tree-difference=6
[17044/100000] reference-disagreement wide:ifconfig:raw:translated:testInitDeinit5a#1 len=58 artifacts=36 advent-overaccept=25 advent-underaccept=7 compiler-timeout=3 reference-disagreement=1084 same=15919 tree-difference=6
[17066/100000] reference-disagreement tspl-divergence-protocol-body len=178 artifacts=36 advent-overaccept=25 advent-underaccept=7 compiler-timeout=3 reference-disagreement=1085 same=15940 tree-difference=6
[17090/100000] reference-disagreement attribute-ifconfig-elseif-list len=116 artifacts=36 advent-overaccept=25 advent-underaccept=7 compiler-timeout=3 reference-disagreement=1086 same=15963 tree-difference=6
[17122/100000] reference-disagreement member-list-wide-boundary len=422 artifacts=36 advent-overaccept=25 advent-underaccept=7 compiler-timeout=3 reference-disagreement=1087 same=15994 tree-difference=6
[17161/100000] reference-disagreement wide:trailing-closure:delete:translated:testBorrowingContextualParsing#1 len=45 artifacts=36 advent-overaccept=25 advent-underaccept=7 compiler-timeout=3 reference-disagreement=1088 same=16032 tree-difference=6
[17178/100000] reference-disagreement tspl-divergence-protocol-body len=198 artifacts=36 advent-overaccept=25 advent-underaccept=7 compiler-timeout=3 reference-disagreement=1089 same=16048 tree-difference=6
[17192/100000] reference-disagreement wide:trailing-closure:splice+splice:translated:testModuleSelectorWhitespace#2+attribute:testSilgenName#2 len=58 artifacts=36 advent-overaccept=25 advent-underaccept=7 compiler-timeout=3 reference-disagreement=1090 same=16061 tree-difference=6
[17205/100000] reference-disagreement ifconfig-member-context-boundary len=77 artifacts=36 advent-overaccept=25 advent-underaccept=7 compiler-timeout=3 reference-disagreement=1091 same=16073 tree-difference=6
[17219/100000] reference-disagreement tspl-divergence-protocol-body len=221 artifacts=36 advent-overaccept=25 advent-underaccept=7 compiler-timeout=3 reference-disagreement=1092 same=16086 tree-difference=6
[17247/100000] reference-disagreement grammarish-member-list len=253 artifacts=36 advent-overaccept=25 advent-underaccept=7 compiler-timeout=3 reference-disagreement=1093 same=16113 tree-difference=6
[17250/100000] same frontier:protocol-accessor-shape len=117 artifacts=36 advent-overaccept=25 advent-underaccept=7 compiler-timeout=3 reference-disagreement=1093 same=16116 tree-difference=6
[17266/100000] reference-disagreement wide:after-statement:raw:attribute:testABIAttribute#18 len=53 artifacts=36 advent-overaccept=25 advent-underaccept=7 compiler-timeout=3 reference-disagreement=1094 same=16131 tree-difference=6
[17272/100000] reference-disagreement wide:func-body:raw:real:Oracle:168 len=100 artifacts=36 advent-overaccept=25 advent-underaccept=7 compiler-timeout=3 reference-disagreement=1095 same=16136 tree-difference=6
[17296/100000] reference-disagreement wide:closure:raw:real:ApusTerminals:138+real:AbsolutePosition:15 len=1527 artifacts=36 advent-overaccept=25 advent-underaccept=7 compiler-timeout=3 reference-disagreement=1096 same=16159 tree-difference=6
[17313/100000] reference-disagreement wide:trailing-closure:splice:declaration:testProtocolParsing#1+reject:testModuleSelectorExpr#16 len=41 artifacts=36 advent-overaccept=25 advent-underaccept=7 compiler-timeout=3 reference-disagreement=1097 same=16175 tree-difference=6
[17351/100000] reference-disagreement wide:func-body:newline+newline+block-comment:real:BuildableNodes:406 len=1260 artifacts=36 advent-overaccept=25 advent-underaccept=7 compiler-timeout=3 reference-disagreement=1098 same=16212 tree-difference=6
[17352/100000] reference-disagreement tspl-divergence-protocol-body len=162 artifacts=36 advent-overaccept=25 advent-underaccept=7 compiler-timeout=3 reference-disagreement=1099 same=16212 tree-difference=6
[17368/100000] reference-disagreement wide:trailing-closure:glue+newline:translated:testModuleSelectorCorrectCode#3 len=181 artifacts=36 advent-overaccept=25 advent-underaccept=7 compiler-timeout=3 reference-disagreement=1100 same=16227 tree-difference=6
[17369/100000] reference-disagreement wide:extension-member:space:real:Syntax+StringInterpolation:287 len=65 artifacts=36 advent-overaccept=25 advent-underaccept=7 compiler-timeout=3 reference-disagreement=1101 same=16227 tree-difference=6
[17373/100000] reference-disagreement wide:func-body:newline+block-comment+newline:real:LayoutNodes+Parsable:199 len=197 artifacts=36 advent-overaccept=25 advent-underaccept=7 compiler-timeout=3 reference-disagreement=1102 same=16230 tree-difference=6
[17379/100000] reference-disagreement wide:closure:space:translated:testInitDeinit22#1 len=163 artifacts=36 advent-overaccept=25 advent-underaccept=7 compiler-timeout=3 reference-disagreement=1103 same=16235 tree-difference=6
[17380/100000] reference-disagreement attribute-ifconfig-elseif-list len=128 artifacts=36 advent-overaccept=25 advent-underaccept=7 compiler-timeout=3 reference-disagreement=1104 same=16235 tree-difference=6
[17389/100000] reference-disagreement binding-pattern len=458 artifacts=36 advent-overaccept=25 advent-underaccept=7 compiler-timeout=3 reference-disagreement=1105 same=16243 tree-difference=6
[17392/100000] reference-disagreement cast-try-operator-cluster len=24 artifacts=36 advent-overaccept=25 advent-underaccept=7 compiler-timeout=3 reference-disagreement=1106 same=16245 tree-difference=6
[17394/100000] reference-disagreement wide:func-body:raw:real:CollectionNodes+Parsable:118+declaration:testUsing#10 len=820 artifacts=36 advent-overaccept=25 advent-underaccept=7 compiler-timeout=3 reference-disagreement=1107 same=16246 tree-difference=6
[17426/100000] reference-disagreement wide:extension-member:block-comment+newline:real:Attributes:362 len=910 artifacts=36 advent-overaccept=25 advent-underaccept=7 compiler-timeout=3 reference-disagreement=1108 same=16277 tree-difference=6
[17429/100000] reference-disagreement wide:trailing-closure:newline+line-comment:real:RegexLiteralLexer:348 len=559 artifacts=36 advent-overaccept=25 advent-underaccept=7 compiler-timeout=3 reference-disagreement=1109 same=16279 tree-difference=6
[17440/100000] reference-disagreement tspl-divergence-protocol-body len=123 artifacts=36 advent-overaccept=25 advent-underaccept=7 compiler-timeout=3 reference-disagreement=1110 same=16289 tree-difference=6
[17473/100000] reference-disagreement member-list-wide-boundary len=262 artifacts=36 advent-overaccept=25 advent-underaccept=7 compiler-timeout=3 reference-disagreement=1111 same=16321 tree-difference=6
[17483/100000] reference-disagreement wide:func-body:space+space:real:ParserDiagnosticMessages:279 len=323 artifacts=36 advent-overaccept=25 advent-underaccept=7 compiler-timeout=3 reference-disagreement=1112 same=16330 tree-difference=6
[17493/100000] reference-disagreement tspl-divergence-accessor-commitment len=78 artifacts=36 advent-overaccept=25 advent-underaccept=7 compiler-timeout=3 reference-disagreement=1113 same=16339 tree-difference=6
[17498/100000] reference-disagreement wide:trailing-closure:line-comment:real:SwiftVersion:13 len=158 artifacts=36 advent-overaccept=25 advent-underaccept=7 compiler-timeout=3 reference-disagreement=1114 same=16343 tree-difference=6
[17500/100000] same frontier:generic-member-type-shape len=297 artifacts=36 advent-overaccept=25 advent-underaccept=7 compiler-timeout=3 reference-disagreement=1114 same=16345 tree-difference=6
[17503/100000] reference-disagreement wide:after-statement:duplicate:phase4-closure:trailing-labeled len=46 artifacts=36 advent-overaccept=25 advent-underaccept=7 compiler-timeout=3 reference-disagreement=1115 same=16347 tree-difference=6
[17512/100000] reference-disagreement wide:struct-member:raw:real:ConfiguredRegions:112 len=753 artifacts=36 advent-overaccept=25 advent-underaccept=7 compiler-timeout=3 reference-disagreement=1116 same=16355 tree-difference=6
[17528/100000] reference-disagreement wide:ifconfig:duplicate+space+newline:translated:testEffectfulProperties3#1 len=92 artifacts=36 advent-overaccept=25 advent-underaccept=7 compiler-timeout=3 reference-disagreement=1117 same=16370 tree-difference=6
[17562/100000] reference-disagreement wide:extension-member:newline+newline:real:ConfiguredRegions:131 len=250 artifacts=36 advent-overaccept=25 advent-underaccept=7 compiler-timeout=3 reference-disagreement=1118 same=16403 tree-difference=6
[17565/100000] reference-disagreement wide:extension-member:raw:real:SyntaxTraits:36 len=396 artifacts=36 advent-overaccept=25 advent-underaccept=7 compiler-timeout=3 reference-disagreement=1119 same=16405 tree-difference=6
[17598/100000] reference-disagreement member-list-wide-boundary len=150 artifacts=36 advent-overaccept=25 advent-underaccept=7 compiler-timeout=3 reference-disagreement=1120 same=16437 tree-difference=6
[17607/100000] reference-disagreement attribute-ifconfig-elseif-list len=108 artifacts=36 advent-overaccept=25 advent-underaccept=7 compiler-timeout=3 reference-disagreement=1121 same=16445 tree-difference=6
[17650/100000] reference-disagreement wide:closure:raw:real:Trivia+commentValue:128 len=632 artifacts=36 advent-overaccept=25 advent-underaccept=7 compiler-timeout=3 reference-disagreement=1122 same=16487 tree-difference=6
[17653/100000] reference-disagreement wide:func-body:keyword+newline:attribute:testTransposeAttribute#1 len=132 artifacts=36 advent-overaccept=25 advent-underaccept=7 compiler-timeout=3 reference-disagreement=1123 same=16489 tree-difference=6
[17665/100000] reference-disagreement wide:extension-member:raw:real:Trivia+commentValue:128+real:SwiftSyntaxCompatibility:422 len=681 artifacts=36 advent-overaccept=25 advent-underaccept=7 compiler-timeout=3 reference-disagreement=1124 same=16500 tree-difference=6
[17669/100000] reference-disagreement wide:func-body:raw:real:SyntaxCollections:2140 len=506 artifacts=36 advent-overaccept=25 advent-underaccept=7 compiler-timeout=3 reference-disagreement=1125 same=16503 tree-difference=6
[17711/100000] reference-disagreement keypath-boundary len=33 artifacts=36 advent-overaccept=25 advent-underaccept=7 compiler-timeout=3 reference-disagreement=1126 same=16544 tree-difference=6
[17738/100000] reference-disagreement ifconfig-member-context-boundary len=72 artifacts=36 advent-overaccept=25 advent-underaccept=7 compiler-timeout=3 reference-disagreement=1127 same=16570 tree-difference=6
[17746/100000] reference-disagreement wide:top:newline+block-comment+line-comment:translated:testRecovery27#1 len=56 artifacts=36 advent-overaccept=25 advent-underaccept=7 compiler-timeout=3 reference-disagreement=1128 same=16577 tree-difference=6
[17750/100000] same attribute-boundary len=34 artifacts=36 advent-overaccept=25 advent-underaccept=7 compiler-timeout=3 reference-disagreement=1128 same=16581 tree-difference=6
[17796/100000] reference-disagreement tspl-divergence-protocol-body len=189 artifacts=36 advent-overaccept=25 advent-underaccept=7 compiler-timeout=3 reference-disagreement=1129 same=16626 tree-difference=6
[17816/100000] reference-disagreement tspl-divergence-protocol-body len=164 artifacts=36 advent-overaccept=25 advent-underaccept=7 compiler-timeout=3 reference-disagreement=1130 same=16645 tree-difference=6
[17820/100000] reference-disagreement wide:closure:block-comment+line-comment:real:Parser:848 len=623 artifacts=36 advent-overaccept=25 advent-underaccept=7 compiler-timeout=3 reference-disagreement=1131 same=16648 tree-difference=6
[17866/100000] reference-disagreement wide:struct-member:newline:real:SyntaxExpressibleByStringInterpolationConformances:124 len=80 artifacts=36 advent-overaccept=25 advent-underaccept=7 compiler-timeout=3 reference-disagreement=1132 same=16693 tree-difference=6
[17870/100000] reference-disagreement grammarish-member-list len=146 artifacts=36 advent-overaccept=25 advent-underaccept=7 compiler-timeout=3 reference-disagreement=1133 same=16696 tree-difference=6
[17873/100000] reference-disagreement cast-try-operator-cluster len=24 artifacts=36 advent-overaccept=25 advent-underaccept=7 compiler-timeout=3 reference-disagreement=1134 same=16698 tree-difference=6
[17877/100000] reference-disagreement tspl-divergence-protocol-body len=127 artifacts=36 advent-overaccept=25 advent-underaccept=7 compiler-timeout=3 reference-disagreement=1135 same=16701 tree-difference=6
[17884/100000] reference-disagreement member-list-wide-boundary len=242 artifacts=36 advent-overaccept=25 advent-underaccept=7 compiler-timeout=3 reference-disagreement=1136 same=16707 tree-difference=6
[17907/100000] reference-disagreement grammarish-member-list len=194 artifacts=36 advent-overaccept=25 advent-underaccept=7 compiler-timeout=3 reference-disagreement=1137 same=16729 tree-difference=6
[17943/100000] reference-disagreement wide:before-statement:line-comment+block-comment+newline:declaration:testDeinitializers#1 len=32 artifacts=36 advent-overaccept=25 advent-underaccept=7 compiler-timeout=3 reference-disagreement=1138 same=16764 tree-difference=6
[17952/100000] advent-overaccept wide:after-statement:splice+keyword+glue:translated:testForwardSlashRegex67#1 len=34 artifacts=37 advent-overaccept=26 advent-underaccept=7 compiler-timeout=3 reference-disagreement=1138 same=16772 tree-difference=6
[17994/100000] reference-disagreement wide:closure:delete:real:SyntaxCollections:537 len=503 artifacts=37 advent-overaccept=26 advent-underaccept=7 compiler-timeout=3 reference-disagreement=1139 same=16813 tree-difference=6
[18000/100000] same frontier:parser-mode-scope len=58 artifacts=37 advent-overaccept=26 advent-underaccept=7 compiler-timeout=3 reference-disagreement=1139 same=16819 tree-difference=6
[18001/100000] reference-disagreement ifconfig-member-context-boundary len=72 artifacts=37 advent-overaccept=26 advent-underaccept=7 compiler-timeout=3 reference-disagreement=1140 same=16819 tree-difference=6
[18023/100000] reference-disagreement grammarish-member-list len=175 artifacts=37 advent-overaccept=26 advent-underaccept=7 compiler-timeout=3 reference-disagreement=1141 same=16840 tree-difference=6
[18028/100000] reference-disagreement attribute-ifconfig-elseif-list len=119 artifacts=37 advent-overaccept=26 advent-underaccept=7 compiler-timeout=3 reference-disagreement=1142 same=16844 tree-difference=6
[18054/100000] reference-disagreement keypath-boundary len=36 artifacts=37 advent-overaccept=26 advent-underaccept=7 compiler-timeout=3 reference-disagreement=1143 same=16869 tree-difference=6
[18073/100000] reference-disagreement member-list-wide-boundary len=250 artifacts=37 advent-overaccept=26 advent-underaccept=7 compiler-timeout=3 reference-disagreement=1144 same=16887 tree-difference=6
[18076/100000] reference-disagreement wide:extension-member:raw:translated:testOperatorDeclDesignatedTypes10#1 len=58 artifacts=37 advent-overaccept=26 advent-underaccept=7 compiler-timeout=3 reference-disagreement=1145 same=16889 tree-difference=6
[18078/100000] reference-disagreement wide:after-statement:newline:phase3-modifier:private-set len=54 artifacts=37 advent-overaccept=26 advent-underaccept=7 compiler-timeout=3 reference-disagreement=1146 same=16890 tree-difference=6
[18086/100000] reference-disagreement keypath-component-matrix len=40 artifacts=37 advent-overaccept=26 advent-underaccept=7 compiler-timeout=3 reference-disagreement=1147 same=16897 tree-difference=6
[18098/100000] reference-disagreement wide:struct-member:block-comment:real:FixItApplier:139+translated:testPatternWithoutVariables6#1 len=261 artifacts=37 advent-overaccept=26 advent-underaccept=7 compiler-timeout=3 reference-disagreement=1148 same=16908 tree-difference=6
[18141/100000] reference-disagreement wide:struct-member:raw:real:SyntaxExpressibleByStringInterpolationConformances:169 len=98 artifacts=37 advent-overaccept=26 advent-underaccept=7 compiler-timeout=3 reference-disagreement=1149 same=16950 tree-difference=6
[18195/100000] reference-disagreement attribute-ifconfig-elseif-list len=125 artifacts=37 advent-overaccept=26 advent-underaccept=7 compiler-timeout=3 reference-disagreement=1150 same=17003 tree-difference=6
[18209/100000] reference-disagreement wide:closure:block-comment:real:SyntaxTraits:370 len=390 artifacts=37 advent-overaccept=26 advent-underaccept=7 compiler-timeout=3 reference-disagreement=1151 same=17016 tree-difference=6
[18219/100000] reference-disagreement keypath-boundary len=38 artifacts=37 advent-overaccept=26 advent-underaccept=7 compiler-timeout=3 reference-disagreement=1152 same=17025 tree-difference=6
[18227/100000] reference-disagreement tspl-divergence-accessor-commitment len=78 artifacts=37 advent-overaccept=26 advent-underaccept=7 compiler-timeout=3 reference-disagreement=1153 same=17032 tree-difference=6
[18238/100000] reference-disagreement tspl-divergence-protocol-body len=122 artifacts=37 advent-overaccept=26 advent-underaccept=7 compiler-timeout=3 reference-disagreement=1154 same=17042 tree-difference=6
[18250/100000] same wide:extension-member:raw:real:LexerDiagnosticMessages:128 len=226 artifacts=37 advent-overaccept=26 advent-underaccept=7 compiler-timeout=3 reference-disagreement=1154 same=17054 tree-difference=6
[18303/100000] reference-disagreement wide:struct-member:raw:real:ResultBuilders:29 len=187 artifacts=37 advent-overaccept=26 advent-underaccept=7 compiler-timeout=3 reference-disagreement=1155 same=17106 tree-difference=6
[18322/100000] reference-disagreement keypath-component-matrix len=50 artifacts=37 advent-overaccept=26 advent-underaccept=7 compiler-timeout=3 reference-disagreement=1156 same=17124 tree-difference=6
[18324/100000] reference-disagreement wide:trailing-closure:glue+block-comment+line-comment:real:BuildableNodes:767 len=1076 artifacts=37 advent-overaccept=26 advent-underaccept=7 compiler-timeout=3 reference-disagreement=1157 same=17125 tree-difference=6
[18343/100000] reference-disagreement tspl-divergence-accessor-commitment len=78 artifacts=37 advent-overaccept=26 advent-underaccept=7 compiler-timeout=3 reference-disagreement=1158 same=17143 tree-difference=6
[18363/100000] reference-disagreement wide:top:raw:translated:testSwitch63#1 len=53 artifacts=37 advent-overaccept=26 advent-underaccept=7 compiler-timeout=3 reference-disagreement=1159 same=17162 tree-difference=6
[18390/100000] reference-disagreement wide:func-body:newline:translated:testSwitch52#1 len=95 artifacts=37 advent-overaccept=26 advent-underaccept=7 compiler-timeout=3 reference-disagreement=1160 same=17188 tree-difference=6
[18441/100000] reference-disagreement wide:struct-member:raw:real:InferIndentation:127 len=113 artifacts=37 advent-overaccept=26 advent-underaccept=7 compiler-timeout=3 reference-disagreement=1161 same=17238 tree-difference=6
[18445/100000] reference-disagreement grammarish-member-list len=244 artifacts=37 advent-overaccept=26 advent-underaccept=7 compiler-timeout=3 reference-disagreement=1162 same=17241 tree-difference=6
[18500/100000] same wide:ifconfig:raw:translated:testRegex6#1 len=64 artifacts=37 advent-overaccept=26 advent-underaccept=7 compiler-timeout=3 reference-disagreement=1162 same=17296 tree-difference=6
[18522/100000] reference-disagreement wide:trailing-closure:raw:real:SyntaxExpressibleByStringInterpolationConformances:43 len=80 artifacts=37 advent-overaccept=26 advent-underaccept=7 compiler-timeout=3 reference-disagreement=1163 same=17317 tree-difference=6
[18528/100000] reference-disagreement wide:struct-member:block-comment:real:ResultBuilders:271 len=228 artifacts=37 advent-overaccept=26 advent-underaccept=7 compiler-timeout=3 reference-disagreement=1164 same=17322 tree-difference=6
[18531/100000] reference-disagreement wide:trailing-closure:glue:real:SyntaxTraits:752 len=66 artifacts=37 advent-overaccept=26 advent-underaccept=7 compiler-timeout=3 reference-disagreement=1165 same=17324 tree-difference=6
[18543/100000] reference-disagreement wide:extension-member:newline+keyword+block-comment:translated:testOperatorDeclDesignatedTypes18#1 len=288 artifacts=37 advent-overaccept=26 advent-underaccept=7 compiler-timeout=3 reference-disagreement=1166 same=17335 tree-difference=6
[18598/100000] advent-overaccept wide:before-statement:space:declaration:testUsing#2 len=36 artifacts=38 advent-overaccept=27 advent-underaccept=7 compiler-timeout=3 reference-disagreement=1166 same=17389 tree-difference=6
[18601/100000] reference-disagreement member-list-wide-boundary len=151 artifacts=38 advent-overaccept=27 advent-underaccept=7 compiler-timeout=3 reference-disagreement=1167 same=17391 tree-difference=6
[18614/100000] reference-disagreement wide:extension-member:raw:real:Expressions:1877 len=381 artifacts=38 advent-overaccept=27 advent-underaccept=7 compiler-timeout=3 reference-disagreement=1168 same=17403 tree-difference=6
[18620/100000] reference-disagreement wide:struct-member:keyword+delete:real:BuildableNodes:848 len=1269 artifacts=38 advent-overaccept=27 advent-underaccept=7 compiler-timeout=3 reference-disagreement=1169 same=17408 tree-difference=6
[18625/100000] reference-disagreement wide:trailing-closure:line-comment:real:ActiveSyntaxRewriter:423 len=312 artifacts=38 advent-overaccept=27 advent-underaccept=7 compiler-timeout=3 reference-disagreement=1170 same=17412 tree-difference=6
[18631/100000] reference-disagreement wide:struct-member:newline:real:ResultBuilders:76 len=211 artifacts=38 advent-overaccept=27 advent-underaccept=7 compiler-timeout=3 reference-disagreement=1171 same=17417 tree-difference=6
[18662/100000] reference-disagreement attribute-ifconfig-elseif-list len=115 artifacts=38 advent-overaccept=27 advent-underaccept=7 compiler-timeout=3 reference-disagreement=1172 same=17447 tree-difference=6
[18669/100000] reference-disagreement wide:after-statement:splice:expression:testKeyPathMethodAndInitializers#7 len=34 artifacts=38 advent-overaccept=27 advent-underaccept=7 compiler-timeout=3 reference-disagreement=1173 same=17453 tree-difference=6
[18680/100000] reference-disagreement member-list-wide-boundary len=237 artifacts=38 advent-overaccept=27 advent-underaccept=7 compiler-timeout=3 reference-disagreement=1174 same=17463 tree-difference=6
[18681/100000] reference-disagreement wide:top:space+newline+newline:translated:testSwitch43#1 len=64 artifacts=38 advent-overaccept=27 advent-underaccept=7 compiler-timeout=3 reference-disagreement=1175 same=17463 tree-difference=6
[18692/100000] reference-disagreement nested-ifconfig-boundary len=163 artifacts=38 advent-overaccept=27 advent-underaccept=7 compiler-timeout=3 reference-disagreement=1176 same=17473 tree-difference=6
[18720/100000] reference-disagreement wide:struct-member:line-comment:reject:testEnum11#1+real:IdentifiableSyntax:58 len=184 artifacts=38 advent-overaccept=27 advent-underaccept=7 compiler-timeout=3 reference-disagreement=1177 same=17500 tree-difference=6
[18721/100000] reference-disagreement wide:func-body:delete+newline:phase4-loop:deinit-body+phase4-keypath:kp-bare-subscript len=53 artifacts=38 advent-overaccept=27 advent-underaccept=7 compiler-timeout=3 reference-disagreement=1178 same=17500 tree-difference=6
[18740/100000] reference-disagreement nested-ifconfig-boundary len=117 artifacts=38 advent-overaccept=27 advent-underaccept=7 compiler-timeout=3 reference-disagreement=1179 same=17518 tree-difference=6
[18744/100000] reference-disagreement grammarish-member-list len=91 artifacts=38 advent-overaccept=27 advent-underaccept=7 compiler-timeout=3 reference-disagreement=1180 same=17521 tree-difference=6
[18750/100000] same extension-type len=64 artifacts=38 advent-overaccept=27 advent-underaccept=7 compiler-timeout=3 reference-disagreement=1180 same=17527 tree-difference=6
[18760/100000] reference-disagreement wide:struct-member:line-comment:real:SyntaxEnum:1190+translated:testTypeExpr24#1 len=421 artifacts=38 advent-overaccept=27 advent-underaccept=7 compiler-timeout=3 reference-disagreement=1181 same=17536 tree-difference=6
[18765/100000] reference-disagreement attribute-ifconfig-elseif-list len=111 artifacts=38 advent-overaccept=27 advent-underaccept=7 compiler-timeout=3 reference-disagreement=1182 same=17540 tree-difference=6
[18788/100000] reference-disagreement wide:closure:raw:real:SwiftVersion:13 len=165 artifacts=38 advent-overaccept=27 advent-underaccept=7 compiler-timeout=3 reference-disagreement=1183 same=17562 tree-difference=6
[18798/100000] reference-disagreement wide:func-body:newline:translated:testOperators3#1 len=110 artifacts=38 advent-overaccept=27 advent-underaccept=7 compiler-timeout=3 reference-disagreement=1184 same=17571 tree-difference=6
[18820/100000] reference-disagreement wide:top:newline+glue+delete:phase4-closure:closure-empty len=9 artifacts=38 advent-overaccept=27 advent-underaccept=7 compiler-timeout=3 reference-disagreement=1185 same=17592 tree-difference=6
[18829/100000] reference-disagreement tspl-divergence-protocol-body len=81 artifacts=38 advent-overaccept=27 advent-underaccept=7 compiler-timeout=3 reference-disagreement=1186 same=17600 tree-difference=6
[18841/100000] reference-disagreement func-body len=458 artifacts=38 advent-overaccept=27 advent-underaccept=7 compiler-timeout=3 reference-disagreement=1187 same=17611 tree-difference=6
[18845/100000] reference-disagreement wide:extension-member:duplicate+newline:declaration:testInitAccessor#3 len=117 artifacts=38 advent-overaccept=27 advent-underaccept=7 compiler-timeout=3 reference-disagreement=1188 same=17614 tree-difference=6
[18861/100000] reference-disagreement statement-list len=676 artifacts=38 advent-overaccept=27 advent-underaccept=7 compiler-timeout=3 reference-disagreement=1189 same=17629 tree-difference=6
[18862/100000] reference-disagreement wide:func-body:block-comment+glue+line-comment:real:SyntaxTraits:860 len=79 artifacts=38 advent-overaccept=27 advent-underaccept=7 compiler-timeout=3 reference-disagreement=1190 same=17629 tree-difference=6
[18876/100000] reference-disagreement wide:trailing-closure:raw:real:SyntaxTraits:535 len=126 artifacts=38 advent-overaccept=27 advent-underaccept=7 compiler-timeout=3 reference-disagreement=1191 same=17642 tree-difference=6
[18886/100000] reference-disagreement wide:extension-member:block-comment+glue+line-comment:real:Convenience:13+translated:testSwitch65#1 len=1090 artifacts=38 advent-overaccept=27 advent-underaccept=7 compiler-timeout=3 reference-disagreement=1192 same=17651 tree-difference=6
[18912/100000] reference-disagreement wide:func-body:newline+newline:real:AbstractSourceLocation:22 len=817 artifacts=38 advent-overaccept=27 advent-underaccept=7 compiler-timeout=3 reference-disagreement=1193 same=17676 tree-difference=6
[18919/100000] reference-disagreement tspl-divergence-protocol-body len=114 artifacts=38 advent-overaccept=27 advent-underaccept=7 compiler-timeout=3 reference-disagreement=1194 same=17682 tree-difference=6
[18949/100000] reference-disagreement seed-corpus-structural-splice:declaration-modifier-stack len=84 artifacts=38 advent-overaccept=27 advent-underaccept=7 compiler-timeout=3 reference-disagreement=1195 same=17711 tree-difference=6
[18953/100000] reference-disagreement ifconfig-member-context-boundary len=89 artifacts=38 advent-overaccept=27 advent-underaccept=7 compiler-timeout=3 reference-disagreement=1196 same=17714 tree-difference=6
[18957/100000] reference-disagreement wide:func-body:raw:real:ConvenienceInitializers:111 len=668 artifacts=38 advent-overaccept=27 advent-underaccept=7 compiler-timeout=3 reference-disagreement=1197 same=17717 tree-difference=6
[18958/100000] reference-disagreement wide:extension-member:raw:real:SyntaxExpressibleByStringInterpolationConformances:235+real:LayoutNodes+Parsable:135 len=357 artifacts=38 advent-overaccept=27 advent-underaccept=7 compiler-timeout=3 reference-disagreement=1198 same=17717 tree-difference=6
[18973/100000] reference-disagreement member-list-wide-boundary len=134 artifacts=38 advent-overaccept=27 advent-underaccept=7 compiler-timeout=3 reference-disagreement=1199 same=17731 tree-difference=6
[18983/100000] reference-disagreement wide:extension-member:delete:reject:testOperatorDecl12e#1 len=37 artifacts=38 advent-overaccept=27 advent-underaccept=7 compiler-timeout=3 reference-disagreement=1200 same=17740 tree-difference=6
[18990/100000] reference-disagreement wide:trailing-closure:keyword:real:SyntaxTraits:722 len=56 artifacts=38 advent-overaccept=27 advent-underaccept=7 compiler-timeout=3 reference-disagreement=1201 same=17746 tree-difference=6
[18992/100000] reference-disagreement wide:trailing-closure:newline:translated:testEnum83#1 len=44 artifacts=38 advent-overaccept=27 advent-underaccept=7 compiler-timeout=3 reference-disagreement=1202 same=17747 tree-difference=6
[18997/100000] reference-disagreement grammarish-member-list len=235 artifacts=38 advent-overaccept=27 advent-underaccept=7 compiler-timeout=3 reference-disagreement=1203 same=17751 tree-difference=6
[19000/100000] same wide:interpolation:raw:real:RenamedChildrenBuilderCompatibility:522 len=1037 artifacts=38 advent-overaccept=27 advent-underaccept=7 compiler-timeout=3 reference-disagreement=1203 same=17754 tree-difference=6
[19002/100000] reference-disagreement attribute-ifconfig-elseif-list len=116 artifacts=38 advent-overaccept=27 advent-underaccept=7 compiler-timeout=3 reference-disagreement=1204 same=17755 tree-difference=6
[19045/100000] reference-disagreement wide:extension-member:space+space:real:PackageDependency:85 len=214 artifacts=38 advent-overaccept=27 advent-underaccept=7 compiler-timeout=3 reference-disagreement=1205 same=17797 tree-difference=6
[19071/100000] reference-disagreement tspl-divergence-accessor-commitment len=78 artifacts=38 advent-overaccept=27 advent-underaccept=7 compiler-timeout=3 reference-disagreement=1206 same=17822 tree-difference=6
[19073/100000] reference-disagreement member-list-wide-boundary len=108 artifacts=38 advent-overaccept=27 advent-underaccept=7 compiler-timeout=3 reference-disagreement=1207 same=17823 tree-difference=6
[19123/100000] reference-disagreement wide:closure:block-comment:real:SyntaxSynthesis:29 len=892 artifacts=38 advent-overaccept=27 advent-underaccept=7 compiler-timeout=3 reference-disagreement=1208 same=17872 tree-difference=6
[19127/100000] reference-disagreement cast-try-operator-cluster len=24 artifacts=38 advent-overaccept=27 advent-underaccept=7 compiler-timeout=3 reference-disagreement=1209 same=17875 tree-difference=6
[19147/100000] reference-disagreement wide:struct-member:newline:real:SyntaxTraits:578 len=454 artifacts=38 advent-overaccept=27 advent-underaccept=7 compiler-timeout=3 reference-disagreement=1210 same=17894 tree-difference=6
[19149/100000] reference-disagreement keypath-component-matrix len=33 artifacts=38 advent-overaccept=27 advent-underaccept=7 compiler-timeout=3 reference-disagreement=1211 same=17895 tree-difference=6
[19162/100000] reference-disagreement wide:trailing-closure:block-comment:reject:testModuleSelectorExpr#15 len=26 artifacts=38 advent-overaccept=27 advent-underaccept=7 compiler-timeout=3 reference-disagreement=1212 same=17907 tree-difference=6
[19169/100000] reference-disagreement wide:func-body:line-comment:real:Syntax+StringInterpolation:291 len=69 artifacts=38 advent-overaccept=27 advent-underaccept=7 compiler-timeout=3 reference-disagreement=1213 same=17913 tree-difference=6
[19196/100000] reference-disagreement tspl-divergence-accessor-commitment len=78 artifacts=38 advent-overaccept=27 advent-underaccept=7 compiler-timeout=3 reference-disagreement=1214 same=17939 tree-difference=6
[19197/100000] reference-disagreement member-list-wide-boundary len=343 artifacts=38 advent-overaccept=27 advent-underaccept=7 compiler-timeout=3 reference-disagreement=1215 same=17939 tree-difference=6
[19229/100000] reference-disagreement wide:ifconfig:glue+keyword+keyword:translated:testInitDeinit12#1 len=43 artifacts=38 advent-overaccept=27 advent-underaccept=7 compiler-timeout=3 reference-disagreement=1216 same=17970 tree-difference=6
[19250/100000] same frontier:condition-trailing-closure-scope len=514 artifacts=38 advent-overaccept=27 advent-underaccept=7 compiler-timeout=3 reference-disagreement=1216 same=17991 tree-difference=6
[19268/100000] advent-underaccept wide:top:newline:translated:testForwardSlashRegex128#1 len=40 artifacts=39 advent-overaccept=27 advent-underaccept=8 compiler-timeout=3 reference-disagreement=1216 same=18008 tree-difference=6
[19280/100000] reference-disagreement tspl-divergence-accessor-commitment len=49 artifacts=39 advent-overaccept=27 advent-underaccept=8 compiler-timeout=3 reference-disagreement=1217 same=18019 tree-difference=6
[19292/100000] reference-disagreement wide:extension-member:keyword:real:SyntaxExpressibleByStringInterpolationConformances:184 len=76 artifacts=39 advent-overaccept=27 advent-underaccept=8 compiler-timeout=3 reference-disagreement=1218 same=18030 tree-difference=6
[19293/100000] reference-disagreement wide:extension-member:raw:real:Syntax+StringInterpolation:325 len=67 artifacts=39 advent-overaccept=27 advent-underaccept=8 compiler-timeout=3 reference-disagreement=1219 same=18030 tree-difference=6
[19294/100000] reference-disagreement wide:func-body:space:real:SyntaxExpressibleByStringInterpolationConformances:178 len=87 artifacts=39 advent-overaccept=27 advent-underaccept=8 compiler-timeout=3 reference-disagreement=1220 same=18030 tree-difference=6
[19301/100000] reference-disagreement wide:struct-member:space:real:ActiveSyntaxRewriter:423+phase4-decl:arrow-throws len=343 artifacts=39 advent-overaccept=27 advent-underaccept=8 compiler-timeout=3 reference-disagreement=1221 same=18036 tree-difference=6
[19311/100000] reference-disagreement wide:struct-member:glue:real:Syntax+StringInterpolation:530 len=69 artifacts=39 advent-overaccept=27 advent-underaccept=8 compiler-timeout=3 reference-disagreement=1222 same=18045 tree-difference=6
[19317/100000] reference-disagreement keypath-component-matrix len=41 artifacts=39 advent-overaccept=27 advent-underaccept=8 compiler-timeout=3 reference-disagreement=1223 same=18050 tree-difference=6
[19329/100000] reference-disagreement keypath-component-matrix len=53 artifacts=39 advent-overaccept=27 advent-underaccept=8 compiler-timeout=3 reference-disagreement=1224 same=18061 tree-difference=6
[19338/100000] reference-disagreement member-list-wide-boundary len=354 artifacts=39 advent-overaccept=27 advent-underaccept=8 compiler-timeout=3 reference-disagreement=1225 same=18069 tree-difference=6
[19404/100000] reference-disagreement wide:trailing-closure:block-comment+line-comment+duplicate:statement:testYield#1 len=67 artifacts=39 advent-overaccept=27 advent-underaccept=8 compiler-timeout=3 reference-disagreement=1226 same=18134 tree-difference=6
[19405/100000] reference-disagreement cast-try-operator-cluster len=24 artifacts=39 advent-overaccept=27 advent-underaccept=8 compiler-timeout=3 reference-disagreement=1227 same=18134 tree-difference=6
[19411/100000] reference-disagreement tspl-divergence-protocol-body len=250 artifacts=39 advent-overaccept=27 advent-underaccept=8 compiler-timeout=3 reference-disagreement=1228 same=18139 tree-difference=6
[19424/100000] reference-disagreement wide:before-statement:raw:statement:testTrailingClosureInIfCondition#1+translated:testSwitch52#1 len=114 artifacts=39 advent-overaccept=27 advent-underaccept=8 compiler-timeout=3 reference-disagreement=1229 same=18151 tree-difference=6
[19446/100000] reference-disagreement tspl-divergence-protocol-body len=202 artifacts=39 advent-overaccept=27 advent-underaccept=8 compiler-timeout=3 reference-disagreement=1230 same=18172 tree-difference=6
[19450/100000] reference-disagreement grammarish-member-list len=110 artifacts=39 advent-overaccept=27 advent-underaccept=8 compiler-timeout=3 reference-disagreement=1231 same=18175 tree-difference=6
[19460/100000] reference-disagreement wide:trailing-closure:raw:real:ResultBuilders:437 len=145 artifacts=39 advent-overaccept=27 advent-underaccept=8 compiler-timeout=3 reference-disagreement=1232 same=18184 tree-difference=6
[19478/100000] reference-disagreement wide:trailing-closure:raw:real:SyntaxExpressibleByStringInterpolationConformances:229 len=80 artifacts=39 advent-overaccept=27 advent-underaccept=8 compiler-timeout=3 reference-disagreement=1233 same=18201 tree-difference=6
[19483/100000] reference-disagreement wide:after-statement:block-comment+glue:translated:testInitDeinit4#1 len=92 artifacts=39 advent-overaccept=27 advent-underaccept=8 compiler-timeout=3 reference-disagreement=1234 same=18205 tree-difference=6
[19487/100000] advent-overaccept wide:extension-member:block-comment:real:IndentationUtils:64 len=464 artifacts=40 advent-overaccept=28 advent-underaccept=8 compiler-timeout=3 reference-disagreement=1234 same=18208 tree-difference=6
[19500/100000] same enum-case-pattern-boundary len=163 artifacts=40 advent-overaccept=28 advent-underaccept=8 compiler-timeout=3 reference-disagreement=1234 same=18221 tree-difference=6
[19517/100000] reference-disagreement wide:struct-member:line-comment+newline+glue:real:LocationMarkers:22+declaration:testSuppressedImplicitConformance#2 len=233 artifacts=40 advent-overaccept=28 advent-underaccept=8 compiler-timeout=3 reference-disagreement=1235 same=18237 tree-difference=6
[19523/100000] reference-disagreement keypath-component-matrix len=40 artifacts=40 advent-overaccept=28 advent-underaccept=8 compiler-timeout=3 reference-disagreement=1236 same=18242 tree-difference=6
[19540/100000] reference-disagreement wide:trailing-closure:line-comment+splice+line-comment:translated:testSwitch69#1 len=57 artifacts=40 advent-overaccept=28 advent-underaccept=8 compiler-timeout=3 reference-disagreement=1237 same=18258 tree-difference=6
[19544/100000] reference-disagreement declaration-modifier-stack len=34 artifacts=40 advent-overaccept=28 advent-underaccept=8 compiler-timeout=3 reference-disagreement=1238 same=18261 tree-difference=6
[19581/100000] reference-disagreement wide:struct-member:raw:real:BasicMacroExpansionContext:118 len=1039 artifacts=40 advent-overaccept=28 advent-underaccept=8 compiler-timeout=3 reference-disagreement=1239 same=18297 tree-difference=6
[19582/100000] reference-disagreement declaration-modifier-stack len=34 artifacts=40 advent-overaccept=28 advent-underaccept=8 compiler-timeout=3 reference-disagreement=1240 same=18297 tree-difference=6
[19609/100000] reference-disagreement attribute-ifconfig-elseif-list len=119 artifacts=40 advent-overaccept=28 advent-underaccept=8 compiler-timeout=3 reference-disagreement=1241 same=18323 tree-difference=6
[19615/100000] reference-disagreement tspl-divergence-protocol-body len=164 artifacts=40 advent-overaccept=28 advent-underaccept=8 compiler-timeout=3 reference-disagreement=1242 same=18328 tree-difference=6
[19617/100000] reference-disagreement attribute-ifconfig-elseif-list len=110 artifacts=40 advent-overaccept=28 advent-underaccept=8 compiler-timeout=3 reference-disagreement=1243 same=18329 tree-difference=6
[19689/100000] reference-disagreement wide:closure:raw:real:IsValidIdentifier:41+translated:testForwardSlashRegex134#1 len=1049 artifacts=40 advent-overaccept=28 advent-underaccept=8 compiler-timeout=3 reference-disagreement=1244 same=18400 tree-difference=6
[19690/100000] reference-disagreement wide:func-body:block-comment+block-comment:translated:testSwitch48#1+translated:testNoimplicitcopyAttr1#1 len=231 artifacts=40 advent-overaccept=28 advent-underaccept=8 compiler-timeout=3 reference-disagreement=1245 same=18400 tree-difference=6
[19692/100000] reference-disagreement wide:trailing-closure:space:translated:testForwardSlashRegex99#1+real:UnicodeScalarExtensions:273 len=450 artifacts=40 advent-overaccept=28 advent-underaccept=8 compiler-timeout=3 reference-disagreement=1246 same=18401 tree-difference=6
[19710/100000] reference-disagreement wide:after-statement:raw:fuzz-harvest:any-optional+phase4-coroutine:coroutine-modify len=84 artifacts=40 advent-overaccept=28 advent-underaccept=8 compiler-timeout=3 reference-disagreement=1247 same=18418 tree-difference=6
[19750/100000] same trailing-closure-boundary len=96 artifacts=40 advent-overaccept=28 advent-underaccept=8 compiler-timeout=3 reference-disagreement=1247 same=18458 tree-difference=6
[19758/100000] reference-disagreement wide:closure:raw:real:Expressions:2835 len=379 artifacts=40 advent-overaccept=28 advent-underaccept=8 compiler-timeout=3 reference-disagreement=1248 same=18465 tree-difference=6
[19780/100000] reference-disagreement keypath-boundary len=38 artifacts=40 advent-overaccept=28 advent-underaccept=8 compiler-timeout=3 reference-disagreement=1249 same=18486 tree-difference=6
[19781/100000] reference-disagreement wide:closure:space:real:Diagnostic:97 len=310 artifacts=40 advent-overaccept=28 advent-underaccept=8 compiler-timeout=3 reference-disagreement=1250 same=18486 tree-difference=6
[19782/100000] advent-underaccept wide:closure:space+delete:reject:testRecovery153#1 len=57 artifacts=41 advent-overaccept=28 advent-underaccept=9 compiler-timeout=3 reference-disagreement=1250 same=18486 tree-difference=6
[19786/100000] reference-disagreement wide:closure:block-comment:real:ConvenienceInitializers:232 len=93 artifacts=41 advent-overaccept=28 advent-underaccept=9 compiler-timeout=3 reference-disagreement=1251 same=18489 tree-difference=6
[19787/100000] reference-disagreement binding-pattern len=458 artifacts=41 advent-overaccept=28 advent-underaccept=9 compiler-timeout=3 reference-disagreement=1252 same=18489 tree-difference=6
[19791/100000] reference-disagreement wide:trailing-closure:raw:translated:testInitDeinit22#1 len=149 artifacts=41 advent-overaccept=28 advent-underaccept=9 compiler-timeout=3 reference-disagreement=1253 same=18492 tree-difference=6
[19838/100000] reference-disagreement wide:func-body:splice:translated:testOptionalLvalues2#1 len=264 artifacts=41 advent-overaccept=28 advent-underaccept=9 compiler-timeout=3 reference-disagreement=1254 same=18538 tree-difference=6
[19853/100000] reference-disagreement wide:trailing-closure:raw:real:NominalTypeDeclSyntax:16 len=313 artifacts=41 advent-overaccept=28 advent-underaccept=9 compiler-timeout=3 reference-disagreement=1255 same=18552 tree-difference=6
[19858/100000] reference-disagreement wide:after-statement:swap+space+block-comment:translated:testInitDeinit13#1 len=68 artifacts=41 advent-overaccept=28 advent-underaccept=9 compiler-timeout=3 reference-disagreement=1256 same=18556 tree-difference=6
[19883/100000] reference-disagreement attribute-boundary len=32 artifacts=41 advent-overaccept=28 advent-underaccept=9 compiler-timeout=3 reference-disagreement=1257 same=18580 tree-difference=6
[19913/100000] reference-disagreement tspl-divergence-protocol-body len=76 artifacts=41 advent-overaccept=28 advent-underaccept=9 compiler-timeout=3 reference-disagreement=1258 same=18609 tree-difference=6
[19928/100000] reference-disagreement cast-try-operator-cluster len=24 artifacts=41 advent-overaccept=28 advent-underaccept=9 compiler-timeout=3 reference-disagreement=1259 same=18623 tree-difference=6
[19929/100000] reference-disagreement statement-list len=644 artifacts=41 advent-overaccept=28 advent-underaccept=9 compiler-timeout=3 reference-disagreement=1260 same=18623 tree-difference=6
[19936/100000] reference-disagreement tspl-divergence-protocol-body len=238 artifacts=41 advent-overaccept=28 advent-underaccept=9 compiler-timeout=3 reference-disagreement=1261 same=18629 tree-difference=6
[19939/100000] reference-disagreement wide:trailing-closure:space:real:Lookahead:165 len=235 artifacts=41 advent-overaccept=28 advent-underaccept=9 compiler-timeout=3 reference-disagreement=1262 same=18631 tree-difference=6
[19971/100000] reference-disagreement wide:struct-member:keyword+splice:phase4-precedence:pg-lower len=50 artifacts=41 advent-overaccept=28 advent-underaccept=9 compiler-timeout=3 reference-disagreement=1263 same=18662 tree-difference=6
[19974/100000] reference-disagreement wide:func-body:raw:real:SyntaxCollections:1912 len=502 artifacts=41 advent-overaccept=28 advent-underaccept=9 compiler-timeout=3 reference-disagreement=1264 same=18664 tree-difference=6
[19979/100000] reference-disagreement binding-pattern len=458 artifacts=41 advent-overaccept=28 advent-underaccept=9 compiler-timeout=3 reference-disagreement=1265 same=18668 tree-difference=6
[19989/100000] reference-disagreement wide:trailing-closure:line-comment+glue:real:SyntaxExpressibleByStringInterpolationConformances:157 len=96 artifacts=41 advent-overaccept=28 advent-underaccept=9 compiler-timeout=3 reference-disagreement=1266 same=18677 tree-difference=6
[20000/100000] same wide:before-statement:raw:reject:testAsync5#1+real:TokenSpecSet:745 len=651 artifacts=41 advent-overaccept=28 advent-underaccept=9 compiler-timeout=3 reference-disagreement=1266 same=18688 tree-difference=6
[20022/100000] reference-disagreement tspl-divergence-protocol-body len=146 artifacts=41 advent-overaccept=28 advent-underaccept=9 compiler-timeout=3 reference-disagreement=1267 same=18709 tree-difference=6
[20029/100000] reference-disagreement wide:trailing-closure:newline:real:Parameters:27 len=68 artifacts=41 advent-overaccept=28 advent-underaccept=9 compiler-timeout=3 reference-disagreement=1268 same=18715 tree-difference=6
[20052/100000] reference-disagreement keypath-boundary len=40 artifacts=41 advent-overaccept=28 advent-underaccept=9 compiler-timeout=3 reference-disagreement=1269 same=18737 tree-difference=6
[20119/100000] reference-disagreement keypath-component-matrix len=36 artifacts=41 advent-overaccept=28 advent-underaccept=9 compiler-timeout=3 reference-disagreement=1270 same=18803 tree-difference=6
[20132/100000] reference-disagreement wide:struct-member:newline+newline+newline:translated:testTypeExpr4#1 len=110 artifacts=41 advent-overaccept=28 advent-underaccept=9 compiler-timeout=3 reference-disagreement=1271 same=18815 tree-difference=6
[20166/100000] reference-disagreement tspl-divergence-protocol-body len=264 artifacts=41 advent-overaccept=28 advent-underaccept=9 compiler-timeout=3 reference-disagreement=1272 same=18848 tree-difference=6
[20181/100000] reference-disagreement keypath-component-matrix len=31 artifacts=41 advent-overaccept=28 advent-underaccept=9 compiler-timeout=3 reference-disagreement=1273 same=18862 tree-difference=6
[20185/100000] reference-disagreement tspl-divergence-accessor-commitment len=78 artifacts=41 advent-overaccept=28 advent-underaccept=9 compiler-timeout=3 reference-disagreement=1274 same=18865 tree-difference=6
[20187/100000] reference-disagreement keypath-boundary len=44 artifacts=41 advent-overaccept=28 advent-underaccept=9 compiler-timeout=3 reference-disagreement=1275 same=18866 tree-difference=6
[20192/100000] reference-disagreement keypath-component-matrix len=34 artifacts=41 advent-overaccept=28 advent-underaccept=9 compiler-timeout=3 reference-disagreement=1276 same=18870 tree-difference=6
[20196/100000] reference-disagreement tspl-divergence-protocol-body len=156 artifacts=41 advent-overaccept=28 advent-underaccept=9 compiler-timeout=3 reference-disagreement=1277 same=18873 tree-difference=6
[20200/100000] reference-disagreement binding-pattern len=458 artifacts=41 advent-overaccept=28 advent-underaccept=9 compiler-timeout=3 reference-disagreement=1278 same=18876 tree-difference=6
[20225/100000] reference-disagreement wide:func-body:raw:real:Attributes:930 len=977 artifacts=41 advent-overaccept=28 advent-underaccept=9 compiler-timeout=3 reference-disagreement=1279 same=18900 tree-difference=6
[20228/100000] reference-disagreement grammarish-member-list len=377 artifacts=41 advent-overaccept=28 advent-underaccept=9 compiler-timeout=3 reference-disagreement=1280 same=18902 tree-difference=6
[20250/100000] same frontier:statement-member-context len=168 artifacts=41 advent-overaccept=28 advent-underaccept=9 compiler-timeout=3 reference-disagreement=1280 same=18924 tree-difference=6
[20290/100000] reference-disagreement cast-try-operator-cluster len=24 artifacts=41 advent-overaccept=28 advent-underaccept=9 compiler-timeout=3 reference-disagreement=1281 same=18963 tree-difference=6
[20350/100000] advent-overaccept wide:ifconfig:raw:type:testLifetimeSpecifier#2 len=46 artifacts=42 advent-overaccept=29 advent-underaccept=9 compiler-timeout=3 reference-disagreement=1281 same=19022 tree-difference=6
[20360/100000] reference-disagreement grammarish-member-list len=266 artifacts=42 advent-overaccept=29 advent-underaccept=9 compiler-timeout=3 reference-disagreement=1282 same=19031 tree-difference=6
[20377/100000] reference-disagreement grammarish-member-list len=90 artifacts=42 advent-overaccept=29 advent-underaccept=9 compiler-timeout=3 reference-disagreement=1283 same=19047 tree-difference=6
[20413/100000] reference-disagreement wide:func-body:glue+newline:real:ResultBuilders:336 len=196 artifacts=42 advent-overaccept=29 advent-underaccept=9 compiler-timeout=3 reference-disagreement=1284 same=19082 tree-difference=6
[20414/100000] reference-disagreement wide:closure:raw:real:Cursor:40 len=284 artifacts=42 advent-overaccept=29 advent-underaccept=9 compiler-timeout=3 reference-disagreement=1285 same=19082 tree-difference=6
[20420/100000] reference-disagreement wide:trailing-closure:glue:real:Macro+Format:25 len=89 artifacts=42 advent-overaccept=29 advent-underaccept=9 compiler-timeout=3 reference-disagreement=1286 same=19087 tree-difference=6
[20434/100000] reference-disagreement cast-try-operator-cluster len=24 artifacts=42 advent-overaccept=29 advent-underaccept=9 compiler-timeout=3 reference-disagreement=1287 same=19100 tree-difference=6
[20440/100000] reference-disagreement wide:before-statement:duplicate+line-comment:real:RawSyntaxNodeProtocol:16 len=457 artifacts=42 advent-overaccept=29 advent-underaccept=9 compiler-timeout=3 reference-disagreement=1288 same=19105 tree-difference=6
[20448/100000] reference-disagreement wide:trailing-closure:newline+line-comment+splice:real:ParserDiagnosticMessages:440 len=857 artifacts=42 advent-overaccept=29 advent-underaccept=9 compiler-timeout=3 reference-disagreement=1289 same=19112 tree-difference=6
[20464/100000] reference-disagreement wide:closure:newline+newline+line-comment:phase4-loop:repeat-while+real:BuildableNodes:1530 len=1109 artifacts=42 advent-overaccept=29 advent-underaccept=9 compiler-timeout=3 reference-disagreement=1290 same=19127 tree-difference=6
[20466/100000] reference-disagreement grammarish-member-list len=281 artifacts=42 advent-overaccept=29 advent-underaccept=9 compiler-timeout=3 reference-disagreement=1291 same=19128 tree-difference=6
[20473/100000] reference-disagreement wide:ifconfig:raw:expression:testKeyPathMethodAndInitializers#3 len=35 artifacts=42 advent-overaccept=29 advent-underaccept=9 compiler-timeout=3 reference-disagreement=1292 same=19134 tree-difference=6
[20479/100000] advent-overaccept wide:before-statement:duplicate:type:testInverseTypesAsExpr#3 len=42 artifacts=43 advent-overaccept=30 advent-underaccept=9 compiler-timeout=3 reference-disagreement=1292 same=19139 tree-difference=6
[20488/100000] reference-disagreement wide:trailing-closure:raw:real:SyntaxHashable:14 len=87 artifacts=43 advent-overaccept=30 advent-underaccept=9 compiler-timeout=3 reference-disagreement=1293 same=19147 tree-difference=6
[20500/100000] same wide:closure:newline+swap:translated:testInvalidStringInterpolationProtocol2#1 len=261 artifacts=43 advent-overaccept=30 advent-underaccept=9 compiler-timeout=3 reference-disagreement=1293 same=19159 tree-difference=6
[20508/100000] reference-disagreement wide:struct-member:raw:real:SyntaxTraits:702 len=69 artifacts=43 advent-overaccept=30 advent-underaccept=9 compiler-timeout=3 reference-disagreement=1294 same=19166 tree-difference=6
[20520/100000] reference-disagreement wide:extension-member:space+newline:real:SyntaxNodeWithBody:213 len=80 artifacts=43 advent-overaccept=30 advent-underaccept=9 compiler-timeout=3 reference-disagreement=1295 same=19177 tree-difference=6
[20527/100000] reference-disagreement member-list-wide-boundary len=218 artifacts=43 advent-overaccept=30 advent-underaccept=9 compiler-timeout=3 reference-disagreement=1296 same=19183 tree-difference=6
[20542/100000] reference-disagreement tspl-divergence-protocol-body len=166 artifacts=43 advent-overaccept=30 advent-underaccept=9 compiler-timeout=3 reference-disagreement=1297 same=19197 tree-difference=6
[20571/100000] reference-disagreement tspl-divergence-protocol-body len=169 artifacts=43 advent-overaccept=30 advent-underaccept=9 compiler-timeout=3 reference-disagreement=1298 same=19225 tree-difference=6
[20616/100000] reference-disagreement tspl-divergence-protocol-body len=167 artifacts=43 advent-overaccept=30 advent-underaccept=9 compiler-timeout=3 reference-disagreement=1299 same=19269 tree-difference=6
[20621/100000] reference-disagreement tspl-divergence-accessor-commitment len=49 artifacts=43 advent-overaccept=30 advent-underaccept=9 compiler-timeout=3 reference-disagreement=1300 same=19273 tree-difference=6
[20626/100000] reference-disagreement wide:func-body:block-comment+splice+space:real:BuildableNodes:740 len=1087 artifacts=43 advent-overaccept=30 advent-underaccept=9 compiler-timeout=3 reference-disagreement=1301 same=19277 tree-difference=6
[20630/100000] reference-disagreement wide:closure:raw:real:Trivia+commentValue:128 len=632 artifacts=43 advent-overaccept=30 advent-underaccept=9 compiler-timeout=3 reference-disagreement=1302 same=19280 tree-difference=6
[20647/100000] reference-disagreement statement-list len=609 artifacts=43 advent-overaccept=30 advent-underaccept=9 compiler-timeout=3 reference-disagreement=1303 same=19296 tree-difference=6
[20651/100000] reference-disagreement wide:extension-member:line-comment+glue:real:BodyMacro:51 len=276 artifacts=43 advent-overaccept=30 advent-underaccept=9 compiler-timeout=3 reference-disagreement=1304 same=19299 tree-difference=6
[20656/100000] reference-disagreement wide:after-statement:raw:translated:testInitDeinit16#1 len=71 artifacts=43 advent-overaccept=30 advent-underaccept=9 compiler-timeout=3 reference-disagreement=1305 same=19303 tree-difference=6
[20669/100000] reference-disagreement keypath-boundary len=37 artifacts=43 advent-overaccept=30 advent-underaccept=9 compiler-timeout=3 reference-disagreement=1306 same=19315 tree-difference=6
[20686/100000] reference-disagreement wide:before-statement:raw:attribute:testABIAttribute#7+translated:testTypeExpr25d#1 len=156 artifacts=43 advent-overaccept=30 advent-underaccept=9 compiler-timeout=3 reference-disagreement=1307 same=19331 tree-difference=6
[20697/100000] reference-disagreement func-body len=459 artifacts=43 advent-overaccept=30 advent-underaccept=9 compiler-timeout=3 reference-disagreement=1308 same=19341 tree-difference=6
[20717/100000] reference-disagreement wide:extension-member:raw:real:AddPackageTarget:137+translated:testEnumCaseWithWildcardAsFirstName#2 len=532 artifacts=43 advent-overaccept=30 advent-underaccept=9 compiler-timeout=3 reference-disagreement=1309 same=19360 tree-difference=6
[20736/100000] reference-disagreement member-list-wide-boundary len=254 artifacts=43 advent-overaccept=30 advent-underaccept=9 compiler-timeout=3 reference-disagreement=1310 same=19378 tree-difference=6
[20750/100000] same wide:top:line-comment:translated:testEffectfulProperties5#1+reject:testOperatorDecl6#1 len=126 artifacts=43 advent-overaccept=30 advent-underaccept=9 compiler-timeout=3 reference-disagreement=1310 same=19392 tree-difference=6
[20759/100000] reference-disagreement cast-try-operator-cluster len=24 artifacts=43 advent-overaccept=30 advent-underaccept=9 compiler-timeout=3 reference-disagreement=1311 same=19400 tree-difference=6
[20763/100000] reference-disagreement tspl-divergence-protocol-body len=125 artifacts=43 advent-overaccept=30 advent-underaccept=9 compiler-timeout=3 reference-disagreement=1312 same=19403 tree-difference=6
[20771/100000] reference-disagreement func-body len=458 artifacts=43 advent-overaccept=30 advent-underaccept=9 compiler-timeout=3 reference-disagreement=1313 same=19410 tree-difference=6
[20772/100000] reference-disagreement keypath-boundary len=33 artifacts=43 advent-overaccept=30 advent-underaccept=9 compiler-timeout=3 reference-disagreement=1314 same=19410 tree-difference=6
[20783/100000] reference-disagreement wide:func-body:delete:real:SyntaxTraits:506 len=446 artifacts=43 advent-overaccept=30 advent-underaccept=9 compiler-timeout=3 reference-disagreement=1315 same=19420 tree-difference=6
[20797/100000] reference-disagreement tspl-divergence-protocol-body len=167 artifacts=43 advent-overaccept=30 advent-underaccept=9 compiler-timeout=3 reference-disagreement=1316 same=19433 tree-difference=6
[20816/100000] reference-disagreement attribute-ifconfig-elseif-list len=118 artifacts=43 advent-overaccept=30 advent-underaccept=9 compiler-timeout=3 reference-disagreement=1317 same=19451 tree-difference=6
[20822/100000] reference-disagreement wide:top:block-comment+keyword:reject:testKeypathExpression#2 len=30 artifacts=43 advent-overaccept=30 advent-underaccept=9 compiler-timeout=3 reference-disagreement=1318 same=19456 tree-difference=6
[20829/100000] reference-disagreement grammarish-member-list len=391 artifacts=43 advent-overaccept=30 advent-underaccept=9 compiler-timeout=3 reference-disagreement=1319 same=19462 tree-difference=6
[20834/100000] reference-disagreement wide:extension-member:newline+newline:real:SwiftSyntaxCompatibility:238+real:ResultBuilders:176 len=263 artifacts=43 advent-overaccept=30 advent-underaccept=9 compiler-timeout=3 reference-disagreement=1320 same=19466 tree-difference=6
[20854/100000] reference-disagreement wide:closure:glue:real:TokenSequence:131 len=253 artifacts=43 advent-overaccept=30 advent-underaccept=9 compiler-timeout=3 reference-disagreement=1321 same=19485 tree-difference=6
[20864/100000] reference-disagreement wide:closure:splice+glue+line-comment:real:SyntaxBaseNodes:1183+statement:testYield#3 len=133 artifacts=43 advent-overaccept=30 advent-underaccept=9 compiler-timeout=3 reference-disagreement=1322 same=19494 tree-difference=6
[20879/100000] reference-disagreement wide:trailing-closure:line-comment:attribute:testABIAttribute#16 len=99 artifacts=43 advent-overaccept=30 advent-underaccept=9 compiler-timeout=3 reference-disagreement=1323 same=19508 tree-difference=6
[20918/100000] reference-disagreement binding-pattern len=458 artifacts=43 advent-overaccept=30 advent-underaccept=9 compiler-timeout=3 reference-disagreement=1324 same=19546 tree-difference=6
[20929/100000] reference-disagreement tspl-divergence-protocol-body len=157 artifacts=43 advent-overaccept=30 advent-underaccept=9 compiler-timeout=3 reference-disagreement=1325 same=19556 tree-difference=6
[20991/100000] reference-disagreement wide:trailing-closure:newline+block-comment:real:Parameters:56 len=84 artifacts=43 advent-overaccept=30 advent-underaccept=9 compiler-timeout=3 reference-disagreement=1326 same=19617 tree-difference=6
[20993/100000] reference-disagreement wide:closure:raw:reject:testKeypathExpression#3 len=43 artifacts=43 advent-overaccept=30 advent-underaccept=9 compiler-timeout=3 reference-disagreement=1327 same=19618 tree-difference=6
[21000/100000] same tspl-divergence-protocol-body len=238 artifacts=43 advent-overaccept=30 advent-underaccept=9 compiler-timeout=3 reference-disagreement=1327 same=19625 tree-difference=6
[21016/100000] reference-disagreement tspl-divergence-accessor-commitment len=78 artifacts=43 advent-overaccept=30 advent-underaccept=9 compiler-timeout=3 reference-disagreement=1328 same=19640 tree-difference=6
[21038/100000] reference-disagreement wide:struct-member:line-comment+newline+line-comment:real:Attributes:993 len=977 artifacts=43 advent-overaccept=30 advent-underaccept=9 compiler-timeout=3 reference-disagreement=1329 same=19661 tree-difference=6
[21046/100000] reference-disagreement tspl-divergence-accessor-commitment len=78 artifacts=43 advent-overaccept=30 advent-underaccept=9 compiler-timeout=3 reference-disagreement=1330 same=19668 tree-difference=6
[21048/100000] reference-disagreement nested-ifconfig-boundary len=146 artifacts=43 advent-overaccept=30 advent-underaccept=9 compiler-timeout=3 reference-disagreement=1331 same=19669 tree-difference=6
[21056/100000] reference-disagreement tspl-divergence-protocol-body len=103 artifacts=43 advent-overaccept=30 advent-underaccept=9 compiler-timeout=3 reference-disagreement=1332 same=19676 tree-difference=6
[21062/100000] reference-disagreement wide:struct-member:raw:real:SyntaxExtensions:207+declaration:testAttributedMacroExpansionDeclaration#1 len=191 artifacts=43 advent-overaccept=30 advent-underaccept=9 compiler-timeout=3 reference-disagreement=1333 same=19681 tree-difference=6
[21065/100000] advent-overaccept wide:closure:newline+splice:translated:testTypeExpr25d#1 len=93 artifacts=44 advent-overaccept=31 advent-underaccept=9 compiler-timeout=3 reference-disagreement=1333 same=19683 tree-difference=6
[21069/100000] reference-disagreement attribute-ifconfig-elseif-list len=125 artifacts=44 advent-overaccept=31 advent-underaccept=9 compiler-timeout=3 reference-disagreement=1334 same=19686 tree-difference=6
[21076/100000] advent-overaccept wide:extension-member:raw:type:testLifetimeSpecifier#2 len=50 artifacts=44 advent-overaccept=32 advent-underaccept=9 compiler-timeout=3 reference-disagreement=1334 same=19692 tree-difference=6
[21094/100000] reference-disagreement wide:trailing-closure:splice+newline+block-comment:real:SyntaxExpressibleByStringInterpolationConformances:193 len=83 artifacts=44 advent-overaccept=32 advent-underaccept=9 compiler-timeout=3 reference-disagreement=1335 same=19709 tree-difference=6
[21096/100000] reference-disagreement wide:func-body:newline:real:ResultBuilders:258 len=242 artifacts=44 advent-overaccept=32 advent-underaccept=9 compiler-timeout=3 reference-disagreement=1336 same=19710 tree-difference=6
[21113/100000] reference-disagreement wide:func-body:delete:translated:testTypeExpr27#1+translated:testOperatorDeclDesignatedTypes12#1 len=287 artifacts=44 advent-overaccept=32 advent-underaccept=9 compiler-timeout=3 reference-disagreement=1337 same=19726 tree-difference=6
[21116/100000] reference-disagreement seed-corpus-wrapped:extension-optional-type len=43 artifacts=44 advent-overaccept=32 advent-underaccept=9 compiler-timeout=3 reference-disagreement=1338 same=19728 tree-difference=6
[21150/100000] reference-disagreement statement-list len=534 artifacts=44 advent-overaccept=32 advent-underaccept=9 compiler-timeout=3 reference-disagreement=1339 same=19761 tree-difference=6
[21168/100000] reference-disagreement member-list-wide-boundary len=215 artifacts=44 advent-overaccept=32 advent-underaccept=9 compiler-timeout=3 reference-disagreement=1340 same=19778 tree-difference=6
[21185/100000] reference-disagreement wide:struct-member:block-comment:translated:testOperatorDecl11b#1+real:ResultBuilders:540 len=165 artifacts=44 advent-overaccept=32 advent-underaccept=9 compiler-timeout=3 reference-disagreement=1341 same=19794 tree-difference=6
[21205/100000] reference-disagreement wide:closure:glue+newline:declaration:testParsePoundError#1 len=53 artifacts=44 advent-overaccept=32 advent-underaccept=9 compiler-timeout=3 reference-disagreement=1342 same=19813 tree-difference=6
[21227/100000] reference-disagreement wide:struct-member:newline:real:BuildableNodes:211+real:LocationMarkers:55 len=1619 artifacts=44 advent-overaccept=32 advent-underaccept=9 compiler-timeout=3 reference-disagreement=1343 same=19834 tree-difference=6
[21250/100000] same frontier:protocol-accessor-shape len=117 artifacts=44 advent-overaccept=32 advent-underaccept=9 compiler-timeout=3 reference-disagreement=1343 same=19857 tree-difference=6
[21312/100000] reference-disagreement wide:struct-member:newline+block-comment:translated:testForwardSlashRegex1#1 len=78 artifacts=44 advent-overaccept=32 advent-underaccept=9 compiler-timeout=3 reference-disagreement=1344 same=19918 tree-difference=6
[21324/100000] reference-disagreement wide:ifconfig:space+line-comment:translated:testAvailabilityQuery35#1 len=83 artifacts=44 advent-overaccept=32 advent-underaccept=9 compiler-timeout=3 reference-disagreement=1345 same=19929 tree-difference=6
[21340/100000] reference-disagreement wide:func-body:delete:real:ScopeImplementations:208 len=455 artifacts=44 advent-overaccept=32 advent-underaccept=9 compiler-timeout=3 reference-disagreement=1346 same=19944 tree-difference=6
[21357/100000] reference-disagreement wide:trailing-closure:raw:real:ConvenienceInitializers:23 len=420 artifacts=44 advent-overaccept=32 advent-underaccept=9 compiler-timeout=3 reference-disagreement=1347 same=19960 tree-difference=6
[21414/100000] reference-disagreement wide:extension-member:newline+newline+newline:translated:testInvalidStringInterpolationProtocol5#1 len=261 artifacts=44 advent-overaccept=32 advent-underaccept=9 compiler-timeout=3 reference-disagreement=1348 same=20016 tree-difference=6
[21447/100000] reference-disagreement wide:struct-member:space+glue:real:CollectionNodes+Parsable:84 len=595 artifacts=44 advent-overaccept=32 advent-underaccept=9 compiler-timeout=3 reference-disagreement=1349 same=20048 tree-difference=6
[21450/100000] reference-disagreement wide:extension-member:raw:translated:testPoundAssert2#1+real:RefactoringProvider:105 len=591 artifacts=44 advent-overaccept=32 advent-underaccept=9 compiler-timeout=3 reference-disagreement=1350 same=20050 tree-difference=6
[21458/100000] reference-disagreement member-list-wide-boundary len=512 artifacts=44 advent-overaccept=32 advent-underaccept=9 compiler-timeout=3 reference-disagreement=1351 same=20057 tree-difference=6
[21461/100000] reference-disagreement statement-list len=616 artifacts=44 advent-overaccept=32 advent-underaccept=9 compiler-timeout=3 reference-disagreement=1352 same=20059 tree-difference=6
[21462/100000] reference-disagreement nested-ifconfig-boundary len=163 artifacts=44 advent-overaccept=32 advent-underaccept=9 compiler-timeout=3 reference-disagreement=1353 same=20059 tree-difference=6
[21470/100000] reference-disagreement wide:after-statement:newline+newline+space:statement:testYield#2 len=487 artifacts=44 advent-overaccept=32 advent-underaccept=9 compiler-timeout=3 reference-disagreement=1354 same=20066 tree-difference=6
[21500/100000] same enum-case-pattern-boundary len=57 artifacts=44 advent-overaccept=32 advent-underaccept=9 compiler-timeout=3 reference-disagreement=1354 same=20096 tree-difference=6
[21501/100000] reference-disagreement cast-try-operator-cluster len=24 artifacts=44 advent-overaccept=32 advent-underaccept=9 compiler-timeout=3 reference-disagreement=1355 same=20096 tree-difference=6
[21506/100000] reference-disagreement wide:extension-member:space+delete:real:Trivia:203 len=253 artifacts=44 advent-overaccept=32 advent-underaccept=9 compiler-timeout=3 reference-disagreement=1356 same=20100 tree-difference=6
[21538/100000] advent-overaccept wide:before-statement:newline:phase4-coroutine:op-trailing-comma len=59 artifacts=44 advent-overaccept=33 advent-underaccept=9 compiler-timeout=3 reference-disagreement=1356 same=20131 tree-difference=6
[21543/100000] reference-disagreement wide:closure:block-comment+block-comment:declaration:testImports#1 len=53 artifacts=44 advent-overaccept=33 advent-underaccept=9 compiler-timeout=3 reference-disagreement=1357 same=20135 tree-difference=6
[21545/100000] reference-disagreement wide:func-body:raw:real:SyntaxTraits:860+translated:testForwardSlashRegex60#1 len=83 artifacts=44 advent-overaccept=33 advent-underaccept=9 compiler-timeout=3 reference-disagreement=1358 same=20136 tree-difference=6
[21574/100000] reference-disagreement wide:func-body:newline+newline+glue:real:SyntaxExpressibleByStringInterpolationConformances:253 len=174 artifacts=44 advent-overaccept=33 advent-underaccept=9 compiler-timeout=3 reference-disagreement=1359 same=20164 tree-difference=6
[21602/100000] reference-disagreement wide:struct-member:raw:real:ResultBuilders:232 len=202 artifacts=44 advent-overaccept=33 advent-underaccept=9 compiler-timeout=3 reference-disagreement=1360 same=20191 tree-difference=6
[21605/100000] reference-disagreement statement-list len=684 artifacts=44 advent-overaccept=33 advent-underaccept=9 compiler-timeout=3 reference-disagreement=1361 same=20193 tree-difference=6
[21619/100000] reference-disagreement wide:struct-member:line-comment:real:IfConfigEvaluation:520 len=774 artifacts=44 advent-overaccept=33 advent-underaccept=9 compiler-timeout=3 reference-disagreement=1362 same=20206 tree-difference=6
[21659/100000] reference-disagreement wide:top:raw:translated:testDeprecatedWhere11#1 len=239 artifacts=44 advent-overaccept=33 advent-underaccept=9 compiler-timeout=3 reference-disagreement=1363 same=20245 tree-difference=6
[21665/100000] reference-disagreement wide:top:line-comment:translated:testInitDeinit14#1 len=135 artifacts=44 advent-overaccept=33 advent-underaccept=9 compiler-timeout=3 reference-disagreement=1364 same=20250 tree-difference=6
[21670/100000] reference-disagreement wide:top:space+newline:translated:testOperatorDecl19#1 len=35 artifacts=44 advent-overaccept=33 advent-underaccept=9 compiler-timeout=3 reference-disagreement=1365 same=20254 tree-difference=6
[21704/100000] reference-disagreement wide:before-statement:duplicate:translated:testForwardSlashRegexSkipping23#1+type:testNonisolatedSpecifier#15 len=88 artifacts=44 advent-overaccept=33 advent-underaccept=9 compiler-timeout=3 reference-disagreement=1366 same=20287 tree-difference=6
[21708/100000] reference-disagreement grammarish-member-list len=214 artifacts=44 advent-overaccept=33 advent-underaccept=9 compiler-timeout=3 reference-disagreement=1367 same=20290 tree-difference=6
[21750/100000] same keypath-boundary len=30 artifacts=44 advent-overaccept=33 advent-underaccept=9 compiler-timeout=3 reference-disagreement=1367 same=20332 tree-difference=6
[21777/100000] reference-disagreement member-list-wide-boundary len=380 artifacts=44 advent-overaccept=33 advent-underaccept=9 compiler-timeout=3 reference-disagreement=1368 same=20358 tree-difference=6
[21784/100000] reference-disagreement tspl-divergence-protocol-body len=121 artifacts=44 advent-overaccept=33 advent-underaccept=9 compiler-timeout=3 reference-disagreement=1369 same=20364 tree-difference=6
[21809/100000] reference-disagreement wide:trailing-closure:duplicate+keyword+newline:translated:testSwitch65#1+statement:testReturn#1 len=40 artifacts=44 advent-overaccept=33 advent-underaccept=9 compiler-timeout=3 reference-disagreement=1370 same=20388 tree-difference=6
[21855/100000] reference-disagreement tspl-divergence-protocol-body len=169 artifacts=44 advent-overaccept=33 advent-underaccept=9 compiler-timeout=3 reference-disagreement=1371 same=20433 tree-difference=6
[21872/100000] reference-disagreement wide:closure:raw:declaration:testOperators#1 len=58 artifacts=44 advent-overaccept=33 advent-underaccept=9 compiler-timeout=3 reference-disagreement=1372 same=20449 tree-difference=6
[21890/100000] reference-disagreement wide:trailing-closure:raw:real:BuildableNodes:1588 len=1053 artifacts=44 advent-overaccept=33 advent-underaccept=9 compiler-timeout=3 reference-disagreement=1373 same=20466 tree-difference=6
[21907/100000] reference-disagreement attribute-ifconfig-elseif-list len=125 artifacts=44 advent-overaccept=33 advent-underaccept=9 compiler-timeout=3 reference-disagreement=1374 same=20482 tree-difference=6
[21908/100000] reference-disagreement wide:ifconfig:space+duplicate:real:LexerDiagnosticMessages:23 len=75 artifacts=44 advent-overaccept=33 advent-underaccept=9 compiler-timeout=3 reference-disagreement=1375 same=20482 tree-difference=6
[21917/100000] reference-disagreement member-list-wide-boundary len=229 artifacts=44 advent-overaccept=33 advent-underaccept=9 compiler-timeout=3 reference-disagreement=1376 same=20490 tree-difference=6
[21934/100000] reference-disagreement tspl-divergence-accessor-commitment len=78 artifacts=44 advent-overaccept=33 advent-underaccept=9 compiler-timeout=3 reference-disagreement=1377 same=20506 tree-difference=6
[21949/100000] reference-disagreement binding-pattern len=458 artifacts=44 advent-overaccept=33 advent-underaccept=9 compiler-timeout=3 reference-disagreement=1378 same=20520 tree-difference=6
[21956/100000] reference-disagreement tspl-divergence-protocol-body len=184 artifacts=44 advent-overaccept=33 advent-underaccept=9 compiler-timeout=3 reference-disagreement=1379 same=20526 tree-difference=6
[21965/100000] reference-disagreement nested-ifconfig-boundary len=146 artifacts=44 advent-overaccept=33 advent-underaccept=9 compiler-timeout=3 reference-disagreement=1380 same=20534 tree-difference=6
[21966/100000] reference-disagreement keypath-boundary len=38 artifacts=44 advent-overaccept=33 advent-underaccept=9 compiler-timeout=3 reference-disagreement=1381 same=20534 tree-difference=6
[21971/100000] reference-disagreement wide:extension-member:raw:real:SyntaxExpressibleByStringInterpolationConformances:199 len=174 artifacts=44 advent-overaccept=33 advent-underaccept=9 compiler-timeout=3 reference-disagreement=1382 same=20538 tree-difference=6
[21973/100000] reference-disagreement tspl-divergence-protocol-body len=219 artifacts=44 advent-overaccept=33 advent-underaccept=9 compiler-timeout=3 reference-disagreement=1383 same=20539 tree-difference=6
[21975/100000] reference-disagreement wide:extension-member:raw:real:DiagnosticGroupInheritanceTree:32+translated:testMatchingPatterns23#1 len=1017 artifacts=44 advent-overaccept=33 advent-underaccept=9 compiler-timeout=3 reference-disagreement=1384 same=20540 tree-difference=6
[21979/100000] reference-disagreement wide:trailing-closure:raw:real:LayoutNodes+Parsable:143+real:SyntaxCollections:591 len=689 artifacts=44 advent-overaccept=33 advent-underaccept=9 compiler-timeout=3 reference-disagreement=1385 same=20543 tree-difference=6
[21981/100000] reference-disagreement wide:func-body:raw:translated:testOsFuncCall#1+statement:testTypedThrows#3 len=55 artifacts=44 advent-overaccept=33 advent-underaccept=9 compiler-timeout=3 reference-disagreement=1386 same=20544 tree-difference=6
[21991/100000] reference-disagreement tspl-divergence-protocol-body len=156 artifacts=44 advent-overaccept=33 advent-underaccept=9 compiler-timeout=3 reference-disagreement=1387 same=20553 tree-difference=6
[21997/100000] reference-disagreement keypath-boundary len=38 artifacts=44 advent-overaccept=33 advent-underaccept=9 compiler-timeout=3 reference-disagreement=1388 same=20558 tree-difference=6
[21999/100000] reference-disagreement wide:trailing-closure:space:translated:testOriginalDefinedInAttr3#1 len=89 artifacts=44 advent-overaccept=33 advent-underaccept=9 compiler-timeout=3 reference-disagreement=1389 same=20559 tree-difference=6
[22000/100000] same keypath-boundary len=53 artifacts=44 advent-overaccept=33 advent-underaccept=9 compiler-timeout=3 reference-disagreement=1389 same=20560 tree-difference=6
[22008/100000] reference-disagreement ifconfig-member-context-boundary len=77 artifacts=44 advent-overaccept=33 advent-underaccept=9 compiler-timeout=3 reference-disagreement=1390 same=20567 tree-difference=6
[22024/100000] reference-disagreement wide:func-body:raw:real:SyntaxExpressibleByStringInterpolationConformances:247 len=88 artifacts=44 advent-overaccept=33 advent-underaccept=9 compiler-timeout=3 reference-disagreement=1391 same=20582 tree-difference=6
[22055/100000] reference-disagreement wide:struct-member:raw:real:MissingNodeInitializers:92 len=237 artifacts=44 advent-overaccept=33 advent-underaccept=9 compiler-timeout=3 reference-disagreement=1392 same=20612 tree-difference=6
[22077/100000] reference-disagreement attribute-ifconfig-elseif-list len=114 artifacts=44 advent-overaccept=33 advent-underaccept=9 compiler-timeout=3 reference-disagreement=1393 same=20633 tree-difference=6
[22094/100000] reference-disagreement wide:closure:line-comment+newline+newline:real:ResultBuilders:745 len=216 artifacts=44 advent-overaccept=33 advent-underaccept=9 compiler-timeout=3 reference-disagreement=1394 same=20649 tree-difference=6
[22113/100000] reference-disagreement tspl-divergence-accessor-commitment len=49 artifacts=44 advent-overaccept=33 advent-underaccept=9 compiler-timeout=3 reference-disagreement=1395 same=20667 tree-difference=6
[22119/100000] reference-disagreement wide:top:glue+duplicate+delete:phase4-accessor:accessor-async len=38 artifacts=44 advent-overaccept=33 advent-underaccept=9 compiler-timeout=3 reference-disagreement=1396 same=20672 tree-difference=6
[22124/100000] reference-disagreement attribute-ifconfig-elseif-list len=112 artifacts=44 advent-overaccept=33 advent-underaccept=9 compiler-timeout=3 reference-disagreement=1397 same=20676 tree-difference=6
[22134/100000] reference-disagreement wide:closure:newline:phase4-macro:macro-args len=44 artifacts=44 advent-overaccept=33 advent-underaccept=9 compiler-timeout=3 reference-disagreement=1398 same=20685 tree-difference=6
[22174/100000] reference-disagreement cast-try-operator-cluster len=24 artifacts=44 advent-overaccept=33 advent-underaccept=9 compiler-timeout=3 reference-disagreement=1399 same=20724 tree-difference=6
[22202/100000] reference-disagreement wide:func-body:newline:translated:testOrinalDefinedInAttr12#1 len=93 artifacts=44 advent-overaccept=33 advent-underaccept=9 compiler-timeout=3 reference-disagreement=1400 same=20751 tree-difference=6
[22221/100000] reference-disagreement func-body len=458 artifacts=44 advent-overaccept=33 advent-underaccept=9 compiler-timeout=3 reference-disagreement=1401 same=20769 tree-difference=6
[22222/100000] reference-disagreement wide:struct-member:glue+space:translated:testOperatorDeclDesignatedTypes12#1 len=100 artifacts=44 advent-overaccept=33 advent-underaccept=9 compiler-timeout=3 reference-disagreement=1402 same=20769 tree-difference=6
[22227/100000] reference-disagreement wide:func-body:newline:real:JSONDecoding:819 len=112 artifacts=44 advent-overaccept=33 advent-underaccept=9 compiler-timeout=3 reference-disagreement=1403 same=20773 tree-difference=6
[22250/100000] same frontier:generic-member-type-shape len=294 artifacts=44 advent-overaccept=33 advent-underaccept=9 compiler-timeout=3 reference-disagreement=1403 same=20796 tree-difference=6
[22260/100000] reference-disagreement wide:extension-member:raw:real:SwiftParserCompatibility:22+real:SyntaxExpressibleByStringInterpolationConformances:76 len=375 artifacts=44 advent-overaccept=33 advent-underaccept=9 compiler-timeout=3 reference-disagreement=1404 same=20805 tree-difference=6
[22270/100000] reference-disagreement wide:closure:duplicate:real:SyntaxTraits:370 len=493 artifacts=44 advent-overaccept=33 advent-underaccept=9 compiler-timeout=3 reference-disagreement=1405 same=20814 tree-difference=6
[22278/100000] reference-disagreement wide:struct-member:newline+splice+space:real:Trivia:139 len=334 artifacts=44 advent-overaccept=33 advent-underaccept=9 compiler-timeout=3 reference-disagreement=1406 same=20821 tree-difference=6
[22295/100000] reference-disagreement wide:struct-member:raw:real:SyntaxTraits:258 len=473 artifacts=44 advent-overaccept=33 advent-underaccept=9 compiler-timeout=3 reference-disagreement=1407 same=20837 tree-difference=6
[22303/100000] reference-disagreement wide:before-statement:raw:translated:testOperatorDecl18#1 len=92 artifacts=44 advent-overaccept=33 advent-underaccept=9 compiler-timeout=3 reference-disagreement=1408 same=20844 tree-difference=6
[22318/100000] reference-disagreement wide:before-statement:newline+newline:translated:testSwitch42#1 len=82 artifacts=44 advent-overaccept=33 advent-underaccept=9 compiler-timeout=3 reference-disagreement=1409 same=20858 tree-difference=6
[22323/100000] reference-disagreement tspl-divergence-accessor-commitment len=78 artifacts=44 advent-overaccept=33 advent-underaccept=9 compiler-timeout=3 reference-disagreement=1410 same=20862 tree-difference=6
[22364/100000] reference-disagreement wide:trailing-closure:space+glue+space:translated:testPatternWithoutVariables5#1 len=462 artifacts=44 advent-overaccept=33 advent-underaccept=9 compiler-timeout=3 reference-disagreement=1411 same=20902 tree-difference=6
[22387/100000] reference-disagreement wide:func-body:splice:phase4-keypath:kp-chain len=34 artifacts=44 advent-overaccept=33 advent-underaccept=9 compiler-timeout=3 reference-disagreement=1412 same=20924 tree-difference=6
[22389/100000] reference-disagreement wide:trailing-closure:glue:real:Trivia+commentValue:149 len=181 artifacts=44 advent-overaccept=33 advent-underaccept=9 compiler-timeout=3 reference-disagreement=1413 same=20925 tree-difference=6
[22411/100000] advent-overaccept wide:ifconfig:block-comment+block-comment:expression:probeParenKeyPathMember#1+real:Lexer:44 len=118 artifacts=45 advent-overaccept=34 advent-underaccept=9 compiler-timeout=3 reference-disagreement=1413 same=20946 tree-difference=6
[22451/100000] tree-difference wide:before-statement:glue+line-comment+newline:translated:testForwardSlashRegex1#1 len=79 artifacts=46 advent-overaccept=34 advent-underaccept=9 compiler-timeout=3 reference-disagreement=1413 same=20985 tree-difference=7
[22456/100000] reference-disagreement wide:top:newline+line-comment:expression:testClosureWithExternalParameterName#2+real:SyntaxCollections:1082 len=513 artifacts=46 advent-overaccept=34 advent-underaccept=9 compiler-timeout=3 reference-disagreement=1414 same=20989 tree-difference=7
[22461/100000] reference-disagreement tspl-divergence-protocol-body len=218 artifacts=46 advent-overaccept=34 advent-underaccept=9 compiler-timeout=3 reference-disagreement=1415 same=20993 tree-difference=7
[22462/100000] reference-disagreement wide:closure:keyword:translated:testCompositionTypeExpr#2+declaration:testImports#1 len=51 artifacts=46 advent-overaccept=34 advent-underaccept=9 compiler-timeout=3 reference-disagreement=1416 same=20993 tree-difference=7
[22465/100000] reference-disagreement wide:func-body:keyword:translated:testBorrowingContextualParsing#5 len=143 artifacts=46 advent-overaccept=34 advent-underaccept=9 compiler-timeout=3 reference-disagreement=1417 same=20995 tree-difference=7
[22467/100000] reference-disagreement wide:trailing-closure:splice+newline:real:SyntaxCollections:1416 len=522 artifacts=46 advent-overaccept=34 advent-underaccept=9 compiler-timeout=3 reference-disagreement=1418 same=20996 tree-difference=7
[22489/100000] reference-disagreement wide:trailing-closure:raw:real:LibraryPluginProvider:185 len=165 artifacts=46 advent-overaccept=34 advent-underaccept=9 compiler-timeout=3 reference-disagreement=1419 same=21017 tree-difference=7
[22500/100000] same wide:struct-member:keyword+space:reject:testStringLiteralEof1#1 len=73 artifacts=46 advent-overaccept=34 advent-underaccept=9 compiler-timeout=3 reference-disagreement=1419 same=21028 tree-difference=7
[22507/100000] reference-disagreement grammarish-member-list len=138 artifacts=46 advent-overaccept=34 advent-underaccept=9 compiler-timeout=3 reference-disagreement=1420 same=21034 tree-difference=7
[22516/100000] reference-disagreement attribute-ifconfig-elseif-list len=126 artifacts=46 advent-overaccept=34 advent-underaccept=9 compiler-timeout=3 reference-disagreement=1421 same=21042 tree-difference=7
[22528/100000] reference-disagreement wide:trailing-closure:newline+block-comment+keyword:real:ConvenienceInitializers:23 len=421 artifacts=46 advent-overaccept=34 advent-underaccept=9 compiler-timeout=3 reference-disagreement=1422 same=21053 tree-difference=7
[22545/100000] reference-disagreement wide:extension-member:glue+newline:real:MacroExpansion:549 len=546 artifacts=46 advent-overaccept=34 advent-underaccept=9 compiler-timeout=3 reference-disagreement=1423 same=21069 tree-difference=7
[22553/100000] reference-disagreement tspl-divergence-protocol-body len=183 artifacts=46 advent-overaccept=34 advent-underaccept=9 compiler-timeout=3 reference-disagreement=1424 same=21076 tree-difference=7
[22628/100000] reference-disagreement wide:extension-member:newline+glue+glue:real:Operator:57 len=226 artifacts=46 advent-overaccept=34 advent-underaccept=9 compiler-timeout=3 reference-disagreement=1425 same=21150 tree-difference=7
[22636/100000] reference-disagreement member-list-wide-boundary len=257 artifacts=46 advent-overaccept=34 advent-underaccept=9 compiler-timeout=3 reference-disagreement=1426 same=21157 tree-difference=7
[22684/100000] reference-disagreement wide:trailing-closure:line-comment:real:ParserDiagnosticMessages:30 len=292 artifacts=46 advent-overaccept=34 advent-underaccept=9 compiler-timeout=3 reference-disagreement=1427 same=21204 tree-difference=7
[22688/100000] reference-disagreement wide:func-body:glue:real:LoopProgressCondition:45 len=659 artifacts=46 advent-overaccept=34 advent-underaccept=9 compiler-timeout=3 reference-disagreement=1428 same=21207 tree-difference=7
[22697/100000] reference-disagreement wide:struct-member:raw:real:SyntaxTraits:352 len=690 artifacts=46 advent-overaccept=34 advent-underaccept=9 compiler-timeout=3 reference-disagreement=1429 same=21215 tree-difference=7
[22698/100000] reference-disagreement wide:extension-member:raw:real:ConvenienceInitializers:23 len=430 artifacts=46 advent-overaccept=34 advent-underaccept=9 compiler-timeout=3 reference-disagreement=1430 same=21215 tree-difference=7
[22732/100000] reference-disagreement wide:interpolation:space+space:translated:testAvailabilityQueryUnavailability18#1 len=117 artifacts=46 advent-overaccept=34 advent-underaccept=9 compiler-timeout=3 reference-disagreement=1431 same=21248 tree-difference=7
[22745/100000] reference-disagreement wide:closure:raw:phase3-modifier:final-public len=45 artifacts=46 advent-overaccept=34 advent-underaccept=9 compiler-timeout=3 reference-disagreement=1432 same=21260 tree-difference=7
[22748/100000] reference-disagreement wide:extension-member:newline:real:ConvenienceInitializers:76+phase4-attr:generic-struct len=245 artifacts=46 advent-overaccept=34 advent-underaccept=9 compiler-timeout=3 reference-disagreement=1433 same=21262 tree-difference=7
[22750/100000] same frontier:interpolation-delimiter len=402 artifacts=46 advent-overaccept=34 advent-underaccept=9 compiler-timeout=3 reference-disagreement=1433 same=21264 tree-difference=7
[22753/100000] reference-disagreement attribute-ifconfig-elseif-list len=138 artifacts=46 advent-overaccept=34 advent-underaccept=9 compiler-timeout=3 reference-disagreement=1434 same=21266 tree-difference=7
[22767/100000] reference-disagreement attribute-ifconfig-elseif-list len=128 artifacts=46 advent-overaccept=34 advent-underaccept=9 compiler-timeout=3 reference-disagreement=1435 same=21279 tree-difference=7
[22797/100000] reference-disagreement binding-pattern len=458 artifacts=46 advent-overaccept=34 advent-underaccept=9 compiler-timeout=3 reference-disagreement=1436 same=21308 tree-difference=7
[22832/100000] reference-disagreement keypath-component-matrix len=40 artifacts=46 advent-overaccept=34 advent-underaccept=9 compiler-timeout=3 reference-disagreement=1437 same=21342 tree-difference=7
[22833/100000] reference-disagreement wide:extension-member:line-comment:translated:testDeprecatedWhere3#1 len=330 artifacts=46 advent-overaccept=34 advent-underaccept=9 compiler-timeout=3 reference-disagreement=1438 same=21342 tree-difference=7
[22853/100000] reference-disagreement member-list-wide-boundary len=98 artifacts=46 advent-overaccept=34 advent-underaccept=9 compiler-timeout=3 reference-disagreement=1439 same=21361 tree-difference=7
[22887/100000] reference-disagreement wide:func-body:raw:declaration:testParseIsolatedConformances#4 len=55 artifacts=46 advent-overaccept=34 advent-underaccept=9 compiler-timeout=3 reference-disagreement=1440 same=21394 tree-difference=7
[22908/100000] reference-disagreement wide:closure:delete+glue+glue:real:Macro+Format:25 len=94 artifacts=46 advent-overaccept=34 advent-underaccept=9 compiler-timeout=3 reference-disagreement=1441 same=21414 tree-difference=7
[22919/100000] reference-disagreement wide:func-body:raw:real:ScopeImplementations:34+real:Trivia:108 len=856 artifacts=46 advent-overaccept=34 advent-underaccept=9 compiler-timeout=3 reference-disagreement=1442 same=21424 tree-difference=7
[22923/100000] reference-disagreement attribute-ifconfig-elseif-list len=124 artifacts=46 advent-overaccept=34 advent-underaccept=9 compiler-timeout=3 reference-disagreement=1443 same=21427 tree-difference=7
[22929/100000] reference-disagreement declaration-modifier-stack len=34 artifacts=46 advent-overaccept=34 advent-underaccept=9 compiler-timeout=3 reference-disagreement=1444 same=21432 tree-difference=7
[22979/100000] reference-disagreement wide:trailing-closure:newline+line-comment+glue:translated:testOperators14#1+real:ResultBuilders:502 len=194 artifacts=46 advent-overaccept=34 advent-underaccept=9 compiler-timeout=3 reference-disagreement=1445 same=21481 tree-difference=7
[22999/100000] reference-disagreement wide:func-body:splice+space:translated:testAvailabilityQuery26#1 len=75 artifacts=46 advent-overaccept=34 advent-underaccept=9 compiler-timeout=3 reference-disagreement=1446 same=21500 tree-difference=7
[23000/100000] same frontier:condition-trailing-closure-scope len=514 artifacts=46 advent-overaccept=34 advent-underaccept=9 compiler-timeout=3 reference-disagreement=1446 same=21501 tree-difference=7
[23010/100000] reference-disagreement attribute-ifconfig-elseif-list len=104 artifacts=46 advent-overaccept=34 advent-underaccept=9 compiler-timeout=3 reference-disagreement=1447 same=21510 tree-difference=7
[23025/100000] reference-disagreement binding-pattern len=458 artifacts=46 advent-overaccept=34 advent-underaccept=9 compiler-timeout=3 reference-disagreement=1448 same=21524 tree-difference=7
[23046/100000] reference-disagreement wide:extension-member:newline:real:MissingNodeInitializers:58 len=143 artifacts=46 advent-overaccept=34 advent-underaccept=9 compiler-timeout=3 reference-disagreement=1449 same=21544 tree-difference=7
[23080/100000] advent-overaccept wide:top:line-comment+block-comment:translated:testForwardSlashRegex32#1 len=24 artifacts=47 advent-overaccept=35 advent-underaccept=9 compiler-timeout=3 reference-disagreement=1449 same=21577 tree-difference=7
[23086/100000] reference-disagreement statement-list len=496 artifacts=47 advent-overaccept=35 advent-underaccept=9 compiler-timeout=3 reference-disagreement=1450 same=21582 tree-difference=7
[23088/100000] reference-disagreement declaration-modifier-stack len=34 artifacts=47 advent-overaccept=35 advent-underaccept=9 compiler-timeout=3 reference-disagreement=1451 same=21583 tree-difference=7
[23095/100000] reference-disagreement wide:trailing-closure:raw:translated:testForwardSlashRegex43#1+real:Syntax:548 len=50 artifacts=47 advent-overaccept=35 advent-underaccept=9 compiler-timeout=3 reference-disagreement=1452 same=21589 tree-difference=7
[23098/100000] reference-disagreement grammarish-member-list len=182 artifacts=47 advent-overaccept=35 advent-underaccept=9 compiler-timeout=3 reference-disagreement=1453 same=21591 tree-difference=7
[23121/100000] reference-disagreement wide:extension-member:raw:translated:testMatchingPatterns29#1+translated:testErrors19#1 len=271 artifacts=47 advent-overaccept=35 advent-underaccept=9 compiler-timeout=3 reference-disagreement=1454 same=21613 tree-difference=7
[23124/100000] reference-disagreement wide:extension-member:newline:translated:testErrors4#1 len=146 artifacts=47 advent-overaccept=35 advent-underaccept=9 compiler-timeout=3 reference-disagreement=1455 same=21615 tree-difference=7
[23177/100000] reference-disagreement member-list-wide-boundary len=328 artifacts=47 advent-overaccept=35 advent-underaccept=9 compiler-timeout=3 reference-disagreement=1456 same=21667 tree-difference=7
[23186/100000] reference-disagreement wide:interpolation:raw:expression:testKeyPathMethodAndInitializers#2 len=26 artifacts=47 advent-overaccept=35 advent-underaccept=9 compiler-timeout=3 reference-disagreement=1457 same=21675 tree-difference=7
[23211/100000] reference-disagreement wide:struct-member:raw:real:CollectionNodes+Parsable:84 len=595 artifacts=47 advent-overaccept=35 advent-underaccept=9 compiler-timeout=3 reference-disagreement=1458 same=21699 tree-difference=7
[23216/100000] reference-disagreement declaration-modifier-stack len=34 artifacts=47 advent-overaccept=35 advent-underaccept=9 compiler-timeout=3 reference-disagreement=1459 same=21703 tree-difference=7
[23223/100000] reference-disagreement wide:closure:block-comment+delete:real:SyntaxCollections:2140 len=516 artifacts=47 advent-overaccept=35 advent-underaccept=9 compiler-timeout=3 reference-disagreement=1460 same=21709 tree-difference=7
[23250/100000] same import-attribute-boundary len=85 artifacts=47 advent-overaccept=35 advent-underaccept=9 compiler-timeout=3 reference-disagreement=1460 same=21736 tree-difference=7
[23254/100000] reference-disagreement cast-try-operator-cluster len=24 artifacts=47 advent-overaccept=35 advent-underaccept=9 compiler-timeout=3 reference-disagreement=1461 same=21739 tree-difference=7
[23263/100000] reference-disagreement keypath-boundary len=33 artifacts=47 advent-overaccept=35 advent-underaccept=9 compiler-timeout=3 reference-disagreement=1462 same=21747 tree-difference=7
[23284/100000] reference-disagreement wide:trailing-closure:raw:real:ScopeImplementations:294 len=919 artifacts=47 advent-overaccept=35 advent-underaccept=9 compiler-timeout=3 reference-disagreement=1463 same=21767 tree-difference=7
[23293/100000] reference-disagreement wide:ifconfig:raw:translated:testInvalid16a#1 len=52 artifacts=47 advent-overaccept=35 advent-underaccept=9 compiler-timeout=3 reference-disagreement=1464 same=21775 tree-difference=7
[23294/100000] reference-disagreement cast-try-operator-cluster len=24 artifacts=47 advent-overaccept=35 advent-underaccept=9 compiler-timeout=3 reference-disagreement=1465 same=21775 tree-difference=7
[23299/100000] reference-disagreement wide:struct-member:newline+block-comment:real:SyntaxTraits:850 len=81 artifacts=47 advent-overaccept=35 advent-underaccept=9 compiler-timeout=3 reference-disagreement=1466 same=21779 tree-difference=7
[23312/100000] reference-disagreement wide:struct-member:block-comment+space+newline:real:CallLikeSyntax:28 len=85 artifacts=47 advent-overaccept=35 advent-underaccept=9 compiler-timeout=3 reference-disagreement=1467 same=21791 tree-difference=7
[23334/100000] reference-disagreement wide:closure:raw:real:Syntax+StringInterpolation:263 len=177 artifacts=47 advent-overaccept=35 advent-underaccept=9 compiler-timeout=3 reference-disagreement=1468 same=21812 tree-difference=7
[23337/100000] reference-disagreement wide:trailing-closure:raw:translated:testSwitch17#1 len=55 artifacts=47 advent-overaccept=35 advent-underaccept=9 compiler-timeout=3 reference-disagreement=1469 same=21814 tree-difference=7
[23345/100000] reference-disagreement wide:extension-member:newline+keyword:real:SyntaxNodeWithBody:42 len=208 artifacts=47 advent-overaccept=35 advent-underaccept=9 compiler-timeout=3 reference-disagreement=1470 same=21821 tree-difference=7
[23395/100000] reference-disagreement statement-list len=666 artifacts=47 advent-overaccept=35 advent-underaccept=9 compiler-timeout=3 reference-disagreement=1471 same=21870 tree-difference=7
[23427/100000] reference-disagreement wide:top:newline+glue+line-comment:expression:testKeyPathMethodAndInitializers#19 len=49 artifacts=47 advent-overaccept=35 advent-underaccept=9 compiler-timeout=3 reference-disagreement=1472 same=21901 tree-difference=7
[23457/100000] reference-disagreement wide:closure:glue+glue:real:ResultBuilders:193 len=192 artifacts=47 advent-overaccept=35 advent-underaccept=9 compiler-timeout=3 reference-disagreement=1473 same=21930 tree-difference=7
[23472/100000] reference-disagreement wide:struct-member:raw:real:DeclSyntaxParseable:58 len=75 artifacts=47 advent-overaccept=35 advent-underaccept=9 compiler-timeout=3 reference-disagreement=1474 same=21944 tree-difference=7
[23492/100000] reference-disagreement wide:func-body:newline:real:SyntaxProtocol+Initializer:84 len=553 artifacts=47 advent-overaccept=35 advent-underaccept=9 compiler-timeout=3 reference-disagreement=1475 same=21963 tree-difference=7
[23494/100000] reference-disagreement wide:trailing-closure:raw:real:BuildableNodes:740 len=1074 artifacts=47 advent-overaccept=35 advent-underaccept=9 compiler-timeout=3 reference-disagreement=1476 same=21964 tree-difference=7
[23500/100000] same wide:interpolation:raw:real:ConvenienceInitializers:237 len=455 artifacts=47 advent-overaccept=35 advent-underaccept=9 compiler-timeout=3 reference-disagreement=1476 same=21970 tree-difference=7
[23503/100000] reference-disagreement keypath-boundary len=44 artifacts=47 advent-overaccept=35 advent-underaccept=9 compiler-timeout=3 reference-disagreement=1477 same=21972 tree-difference=7
[23507/100000] reference-disagreement wide:func-body:space:real:SyntaxExpressibleByStringInterpolationConformances:205 len=80 artifacts=47 advent-overaccept=35 advent-underaccept=9 compiler-timeout=3 reference-disagreement=1478 same=21975 tree-difference=7
[23512/100000] reference-disagreement member-list-wide-boundary len=528 artifacts=47 advent-overaccept=35 advent-underaccept=9 compiler-timeout=3 reference-disagreement=1479 same=21979 tree-difference=7
[23522/100000] reference-disagreement grammarish-member-list len=196 artifacts=47 advent-overaccept=35 advent-underaccept=9 compiler-timeout=3 reference-disagreement=1480 same=21988 tree-difference=7
[23540/100000] reference-disagreement keypath-boundary len=44 artifacts=47 advent-overaccept=35 advent-underaccept=9 compiler-timeout=3 reference-disagreement=1481 same=22005 tree-difference=7
[23558/100000] reference-disagreement keypath-component-matrix len=41 artifacts=47 advent-overaccept=35 advent-underaccept=9 compiler-timeout=3 reference-disagreement=1482 same=22022 tree-difference=7
[23561/100000] reference-disagreement keypath-boundary len=37 artifacts=47 advent-overaccept=35 advent-underaccept=9 compiler-timeout=3 reference-disagreement=1483 same=22024 tree-difference=7
[23563/100000] reference-disagreement tspl-divergence-protocol-body len=202 artifacts=47 advent-overaccept=35 advent-underaccept=9 compiler-timeout=3 reference-disagreement=1484 same=22025 tree-difference=7
[23594/100000] reference-disagreement wide:trailing-closure:line-comment:real:ParserDiagnosticMessages:279 len=320 artifacts=47 advent-overaccept=35 advent-underaccept=9 compiler-timeout=3 reference-disagreement=1485 same=22055 tree-difference=7
[23600/100000] reference-disagreement wide:before-statement:raw:translated:testInitDeinit4#1 len=88 artifacts=47 advent-overaccept=35 advent-underaccept=9 compiler-timeout=3 reference-disagreement=1486 same=22060 tree-difference=7
[23602/100000] reference-disagreement tspl-divergence-protocol-body len=193 artifacts=47 advent-overaccept=35 advent-underaccept=9 compiler-timeout=3 reference-disagreement=1487 same=22061 tree-difference=7
[23610/100000] reference-disagreement member-list-wide-boundary len=219 artifacts=47 advent-overaccept=35 advent-underaccept=9 compiler-timeout=3 reference-disagreement=1488 same=22068 tree-difference=7
[23615/100000] reference-disagreement attribute-ifconfig-elseif-list len=116 artifacts=47 advent-overaccept=35 advent-underaccept=9 compiler-timeout=3 reference-disagreement=1489 same=22072 tree-difference=7
[23637/100000] reference-disagreement wide:struct-member:newline+newline:translated:testOperatorDeclDesignatedTypes15#1 len=76 artifacts=47 advent-overaccept=35 advent-underaccept=9 compiler-timeout=3 reference-disagreement=1490 same=22093 tree-difference=7
[23639/100000] reference-disagreement wide:struct-member:line-comment+glue:attribute:testDerivativeAttribute#1+real:RawSyntaxNodeProtocol:85 len=652 artifacts=47 advent-overaccept=35 advent-underaccept=9 compiler-timeout=3 reference-disagreement=1491 same=22094 tree-difference=7
[23640/100000] reference-disagreement wide:func-body:newline+duplicate+newline:phase3-modifier:static-let len=49 artifacts=47 advent-overaccept=35 advent-underaccept=9 compiler-timeout=3 reference-disagreement=1492 same=22094 tree-difference=7
[23664/100000] reference-disagreement tspl-divergence-protocol-body len=178 artifacts=47 advent-overaccept=35 advent-underaccept=9 compiler-timeout=3 reference-disagreement=1493 same=22117 tree-difference=7
[23697/100000] reference-disagreement wide:ifconfig:newline:attribute:testUnavailableFromAsync#3 len=65 artifacts=47 advent-overaccept=35 advent-underaccept=9 compiler-timeout=3 reference-disagreement=1494 same=22149 tree-difference=7
[23714/100000] reference-disagreement ifconfig-member-context-boundary len=77 artifacts=47 advent-overaccept=35 advent-underaccept=9 compiler-timeout=3 reference-disagreement=1495 same=22165 tree-difference=7
[23723/100000] reference-disagreement keypath-component-matrix len=41 artifacts=47 advent-overaccept=35 advent-underaccept=9 compiler-timeout=3 reference-disagreement=1496 same=22173 tree-difference=7
[23727/100000] reference-disagreement keypath-component-matrix len=45 artifacts=47 advent-overaccept=35 advent-underaccept=9 compiler-timeout=3 reference-disagreement=1497 same=22176 tree-difference=7
[23750/100000] reference-disagreement wide:func-body:newline:phase4-precedence:pg-lower len=67 artifacts=47 advent-overaccept=35 advent-underaccept=9 compiler-timeout=3 reference-disagreement=1498 same=22198 tree-difference=7
[23776/100000] reference-disagreement wide:extension-member:raw:real:MemberMacro:73 len=893 artifacts=47 advent-overaccept=35 advent-underaccept=9 compiler-timeout=3 reference-disagreement=1499 same=22223 tree-difference=7
[23802/100000] advent-overaccept wide:after-statement:line-comment+splice:type:testLifetimeSpecifier#2 len=55 artifacts=48 advent-overaccept=36 advent-underaccept=9 compiler-timeout=3 reference-disagreement=1499 same=22248 tree-difference=7
[23823/100000] reference-disagreement wide:trailing-closure:raw:translated:testMultilineString31#1+real:Syntax+StringInterpolation:287 len=90 artifacts=48 advent-overaccept=36 advent-underaccept=9 compiler-timeout=3 reference-disagreement=1500 same=22268 tree-difference=7
[23834/100000] reference-disagreement tspl-divergence-accessor-commitment len=49 artifacts=48 advent-overaccept=36 advent-underaccept=9 compiler-timeout=3 reference-disagreement=1501 same=22278 tree-difference=7
[23836/100000] reference-disagreement wide:trailing-closure:raw:real:ResultBuilders:427 len=177 artifacts=48 advent-overaccept=36 advent-underaccept=9 compiler-timeout=3 reference-disagreement=1502 same=22279 tree-difference=7
[23877/100000] reference-disagreement wide:trailing-closure:block-comment:real:SyntaxUtils:79 len=919 artifacts=48 advent-overaccept=36 advent-underaccept=9 compiler-timeout=3 reference-disagreement=1503 same=22319 tree-difference=7
[23878/100000] reference-disagreement member-list-wide-boundary len=79 artifacts=48 advent-overaccept=36 advent-underaccept=9 compiler-timeout=3 reference-disagreement=1504 same=22319 tree-difference=7
[23882/100000] reference-disagreement wide:struct-member:splice:real:SyntaxTraits:848 len=51 artifacts=48 advent-overaccept=36 advent-underaccept=9 compiler-timeout=3 reference-disagreement=1505 same=22322 tree-difference=7
[23884/100000] reference-disagreement keypath-boundary len=38 artifacts=48 advent-overaccept=36 advent-underaccept=9 compiler-timeout=3 reference-disagreement=1506 same=22323 tree-difference=7
[23891/100000] reference-disagreement wide:closure:raw:attribute:testExpose#3 len=50 artifacts=48 advent-overaccept=36 advent-underaccept=9 compiler-timeout=3 reference-disagreement=1507 same=22329 tree-difference=7
[23932/100000] reference-disagreement tspl-divergence-accessor-commitment len=49 artifacts=48 advent-overaccept=36 advent-underaccept=9 compiler-timeout=3 reference-disagreement=1508 same=22369 tree-difference=7
[23938/100000] reference-disagreement wide:after-statement:raw:declaration:testOpenVarInCodeBlockItemList#1+translated:testRecovery169#1 len=177 artifacts=48 advent-overaccept=36 advent-underaccept=9 compiler-timeout=3 reference-disagreement=1509 same=22374 tree-difference=7
[23940/100000] reference-disagreement member-list-wide-boundary len=136 artifacts=48 advent-overaccept=36 advent-underaccept=9 compiler-timeout=3 reference-disagreement=1510 same=22375 tree-difference=7
[23947/100000] tree-difference wide:top:line-comment+newline:statement:testMissingIfClauseIntroducer#1 len=18 artifacts=48 advent-overaccept=36 advent-underaccept=9 compiler-timeout=3 reference-disagreement=1510 same=22381 tree-difference=8
[23951/100000] advent-overaccept wide:trailing-closure:space:translated:testOperatorDeclDesignatedTypes19#1 len=53 artifacts=49 advent-overaccept=37 advent-underaccept=9 compiler-timeout=3 reference-disagreement=1510 same=22384 tree-difference=8
[23964/100000] reference-disagreement wide:extension-member:space:real:SyntaxExpressibleByStringInterpolationConformances:49 len=98 artifacts=49 advent-overaccept=37 advent-underaccept=9 compiler-timeout=3 reference-disagreement=1511 same=22396 tree-difference=8
[23970/100000] reference-disagreement wide:struct-member:line-comment+newline+keyword:declaration:testModifiedParameter#7 len=77 artifacts=49 advent-overaccept=37 advent-underaccept=9 compiler-timeout=3 reference-disagreement=1512 same=22401 tree-difference=8
[23980/100000] reference-disagreement wide:trailing-closure:raw:real:StandardIOMessageConnection:183 len=537 artifacts=49 advent-overaccept=37 advent-underaccept=9 compiler-timeout=3 reference-disagreement=1513 same=22410 tree-difference=8
[24000/100000] reference-disagreement wide:closure:splice+newline:translated:testSwitch51#1+real:ResultBuilders:323 len=287 artifacts=49 advent-overaccept=37 advent-underaccept=9 compiler-timeout=3 reference-disagreement=1514 same=22429 tree-difference=8
[24011/100000] reference-disagreement wide:trailing-closure:splice+glue+duplicate:real:ResultBuilders:206+translated:testPrefixSlash8#1 len=201 artifacts=49 advent-overaccept=37 advent-underaccept=9 compiler-timeout=3 reference-disagreement=1515 same=22439 tree-difference=8
[24024/100000] reference-disagreement tspl-divergence-accessor-commitment len=49 artifacts=49 advent-overaccept=37 advent-underaccept=9 compiler-timeout=3 reference-disagreement=1516 same=22451 tree-difference=8
[24043/100000] reference-disagreement tspl-divergence-protocol-body len=84 artifacts=49 advent-overaccept=37 advent-underaccept=9 compiler-timeout=3 reference-disagreement=1517 same=22469 tree-difference=8
[24045/100000] reference-disagreement wide:extension-member:raw:real:InferIndentation:19 len=466 artifacts=49 advent-overaccept=37 advent-underaccept=9 compiler-timeout=3 reference-disagreement=1518 same=22470 tree-difference=8
[24083/100000] advent-underaccept wide:top:newline+space+keyword:phase4-import:if-case len=36 artifacts=50 advent-overaccept=37 advent-underaccept=10 compiler-timeout=3 reference-disagreement=1518 same=22507 tree-difference=8
[24094/100000] reference-disagreement wide:closure:raw:translated:testSwitch66#1 len=63 artifacts=50 advent-overaccept=37 advent-underaccept=10 compiler-timeout=3 reference-disagreement=1519 same=22517 tree-difference=8
[24103/100000] reference-disagreement member-list-wide-boundary len=220 artifacts=50 advent-overaccept=37 advent-underaccept=10 compiler-timeout=3 reference-disagreement=1520 same=22525 tree-difference=8
[24104/100000] reference-disagreement ifconfig-member-context-boundary len=77 artifacts=50 advent-overaccept=37 advent-underaccept=10 compiler-timeout=3 reference-disagreement=1521 same=22525 tree-difference=8
[24130/100000] reference-disagreement wide:func-body:splice+line-comment:real:Assertions:648+statement:testYield#2 len=920 artifacts=50 advent-overaccept=37 advent-underaccept=10 compiler-timeout=3 reference-disagreement=1522 same=22550 tree-difference=8
[24152/100000] reference-disagreement wide:closure:raw:translated:testInvalid39#1 len=50 artifacts=50 advent-overaccept=37 advent-underaccept=10 compiler-timeout=3 reference-disagreement=1523 same=22571 tree-difference=8
[24155/100000] reference-disagreement wide:func-body:raw:translated:testDeprecatedWhere9#1 len=228 artifacts=50 advent-overaccept=37 advent-underaccept=10 compiler-timeout=3 reference-disagreement=1524 same=22573 tree-difference=8
[24177/100000] reference-disagreement wide:closure:raw:real:SyntaxCollection:226 len=1074 artifacts=50 advent-overaccept=37 advent-underaccept=10 compiler-timeout=3 reference-disagreement=1525 same=22594 tree-difference=8
[24205/100000] reference-disagreement func-body len=458 artifacts=50 advent-overaccept=37 advent-underaccept=10 compiler-timeout=3 reference-disagreement=1526 same=22621 tree-difference=8
[24228/100000] reference-disagreement wide:struct-member:glue:real:ListBuilder:108 len=336 artifacts=50 advent-overaccept=37 advent-underaccept=10 compiler-timeout=3 reference-disagreement=1527 same=22643 tree-difference=8
[24230/100000] reference-disagreement cast-try-operator-cluster len=24 artifacts=50 advent-overaccept=37 advent-underaccept=10 compiler-timeout=3 reference-disagreement=1528 same=22644 tree-difference=8
[24250/100000] same member-list-boundary len=299 artifacts=50 advent-overaccept=37 advent-underaccept=10 compiler-timeout=3 reference-disagreement=1528 same=22664 tree-difference=8
[24259/100000] reference-disagreement keypath-boundary len=44 artifacts=50 advent-overaccept=37 advent-underaccept=10 compiler-timeout=3 reference-disagreement=1529 same=22672 tree-difference=8
[24281/100000] reference-disagreement wide:trailing-closure:raw:real:DeclSyntaxParseable:46+real:SyntaxExpressibleByStringInterpolationConformances:226 len=211 artifacts=50 advent-overaccept=37 advent-underaccept=10 compiler-timeout=3 reference-disagreement=1530 same=22693 tree-difference=8
[24287/100000] reference-disagreement wide:closure:raw:real:Statements:19+real:RefactoringProvider:105 len=1179 artifacts=50 advent-overaccept=37 advent-underaccept=10 compiler-timeout=3 reference-disagreement=1531 same=22698 tree-difference=8
[24306/100000] reference-disagreement wide:closure:raw:declaration:testBorrowingConsumingParameterSpecifiers#9+real:Macros:245 len=599 artifacts=50 advent-overaccept=37 advent-underaccept=10 compiler-timeout=3 reference-disagreement=1532 same=22716 tree-difference=8
[24308/100000] reference-disagreement grammarish-member-list len=90 artifacts=50 advent-overaccept=37 advent-underaccept=10 compiler-timeout=3 reference-disagreement=1533 same=22717 tree-difference=8
[24316/100000] reference-disagreement wide:struct-member:raw:real:BuildableNodes:767 len=1068 artifacts=50 advent-overaccept=37 advent-underaccept=10 compiler-timeout=3 reference-disagreement=1534 same=22724 tree-difference=8
[24328/100000] reference-disagreement grammarish-member-list len=376 artifacts=50 advent-overaccept=37 advent-underaccept=10 compiler-timeout=3 reference-disagreement=1535 same=22735 tree-difference=8
[24334/100000] reference-disagreement wide:before-statement:raw:translated:testRecovery27#1 len=62 artifacts=50 advent-overaccept=37 advent-underaccept=10 compiler-timeout=3 reference-disagreement=1536 same=22740 tree-difference=8
[24351/100000] reference-disagreement wide:after-statement:splice+line-comment:real:SyntaxTraits:836+attribute:testDifferentiableAttribute#1 len=248 artifacts=50 advent-overaccept=37 advent-underaccept=10 compiler-timeout=3 reference-disagreement=1537 same=22756 tree-difference=8
[24365/100000] reference-disagreement keypath-boundary len=37 artifacts=50 advent-overaccept=37 advent-underaccept=10 compiler-timeout=3 reference-disagreement=1538 same=22769 tree-difference=8
[24371/100000] reference-disagreement tspl-divergence-protocol-body len=225 artifacts=50 advent-overaccept=37 advent-underaccept=10 compiler-timeout=3 reference-disagreement=1539 same=22774 tree-difference=8
[24392/100000] reference-disagreement wide:trailing-closure:raw:phase4-pattern:case-enum-qualified+translated:testOperatorDecl11a#1 len=80 artifacts=50 advent-overaccept=37 advent-underaccept=10 compiler-timeout=3 reference-disagreement=1540 same=22794 tree-difference=8
[24436/100000] reference-disagreement wide:extension-member:line-comment:real:Parameters:54 len=95 artifacts=50 advent-overaccept=37 advent-underaccept=10 compiler-timeout=3 reference-disagreement=1541 same=22837 tree-difference=8
[24448/100000] reference-disagreement wide:struct-member:splice+keyword:attribute:testMacroRoleNames#7 len=76 artifacts=50 advent-overaccept=37 advent-underaccept=10 compiler-timeout=3 reference-disagreement=1542 same=22848 tree-difference=8
[24449/100000] advent-overaccept wide:top:keyword+delete:statement:testCaseContext#2+real:SyntaxEditUtils:31 len=592 artifacts=51 advent-overaccept=38 advent-underaccept=10 compiler-timeout=3 reference-disagreement=1542 same=22848 tree-difference=8
[24495/100000] reference-disagreement wide:extension-member:glue:real:SyntaxTraits:834 len=154 artifacts=51 advent-overaccept=38 advent-underaccept=10 compiler-timeout=3 reference-disagreement=1543 same=22893 tree-difference=8
[24500/100000] same binding-pattern len=484 artifacts=51 advent-overaccept=38 advent-underaccept=10 compiler-timeout=3 reference-disagreement=1543 same=22898 tree-difference=8
[24512/100000] reference-disagreement wide:closure:keyword+block-comment:real:RawSyntaxNodesOP:17 len=77 artifacts=51 advent-overaccept=38 advent-underaccept=10 compiler-timeout=3 reference-disagreement=1544 same=22909 tree-difference=8
[24513/100000] reference-disagreement wide:extension-member:raw:real:Syntax+StringInterpolation:269 len=256 artifacts=51 advent-overaccept=38 advent-underaccept=10 compiler-timeout=3 reference-disagreement=1545 same=22909 tree-difference=8
[24549/100000] reference-disagreement wide:func-body:keyword+keyword+space:real:ParserDiagnosticMessages:758+real:FormatRawStringLiteral:72 len=777 artifacts=51 advent-overaccept=38 advent-underaccept=10 compiler-timeout=3 reference-disagreement=1546 same=22944 tree-difference=8
[24551/100000] reference-disagreement wide:trailing-closure:line-comment+newline:real:RefactoringProvider:23 len=191 artifacts=51 advent-overaccept=38 advent-underaccept=10 compiler-timeout=3 reference-disagreement=1547 same=22945 tree-difference=8
[24560/100000] reference-disagreement nested-ifconfig-boundary len=117 artifacts=51 advent-overaccept=38 advent-underaccept=10 compiler-timeout=3 reference-disagreement=1548 same=22953 tree-difference=8
[24571/100000] reference-disagreement tspl-divergence-protocol-body len=90 artifacts=51 advent-overaccept=38 advent-underaccept=10 compiler-timeout=3 reference-disagreement=1549 same=22963 tree-difference=8
[24583/100000] reference-disagreement tspl-divergence-accessor-commitment len=49 artifacts=51 advent-overaccept=38 advent-underaccept=10 compiler-timeout=3 reference-disagreement=1550 same=22974 tree-difference=8
[24586/100000] reference-disagreement wide:closure:newline:real:LibraryPluginProvider:185 len=178 artifacts=51 advent-overaccept=38 advent-underaccept=10 compiler-timeout=3 reference-disagreement=1551 same=22976 tree-difference=8
[24593/100000] reference-disagreement tspl-divergence-protocol-body len=159 artifacts=51 advent-overaccept=38 advent-underaccept=10 compiler-timeout=3 reference-disagreement=1552 same=22982 tree-difference=8
[24607/100000] reference-disagreement member-list-wide-boundary len=480 artifacts=51 advent-overaccept=38 advent-underaccept=10 compiler-timeout=3 reference-disagreement=1553 same=22995 tree-difference=8
[24615/100000] reference-disagreement wide:struct-member:raw:real:ScopeImplementations:758 len=352 artifacts=51 advent-overaccept=38 advent-underaccept=10 compiler-timeout=3 reference-disagreement=1554 same=23002 tree-difference=8
[24631/100000] reference-disagreement wide:trailing-closure:raw:real:ResultBuilders:258+real:Syntax+StringInterpolation:188 len=648 artifacts=51 advent-overaccept=38 advent-underaccept=10 compiler-timeout=3 reference-disagreement=1555 same=23017 tree-difference=8
[24636/100000] reference-disagreement wide:trailing-closure:keyword+newline+line-comment:real:String+TrimmingTrailingWhitespace:13+real:DeclSyntaxParseable:44 len=310 artifacts=51 advent-overaccept=38 advent-underaccept=10 compiler-timeout=3 reference-disagreement=1556 same=23021 tree-difference=8
[24644/100000] reference-disagreement wide:before-statement:raw:attribute:testBackDeployed#3 len=136 artifacts=51 advent-overaccept=38 advent-underaccept=10 compiler-timeout=3 reference-disagreement=1557 same=23028 tree-difference=8
[24669/100000] reference-disagreement wide:top:block-comment:phase4-coroutine:op-designated len=49 artifacts=51 advent-overaccept=38 advent-underaccept=10 compiler-timeout=3 reference-disagreement=1558 same=23052 tree-difference=8
[24684/100000] reference-disagreement tspl-divergence-protocol-body len=202 artifacts=51 advent-overaccept=38 advent-underaccept=10 compiler-timeout=3 reference-disagreement=1559 same=23066 tree-difference=8
[24722/100000] reference-disagreement wide:func-body:newline:translated:testPatternWithoutVariables5#1 len=467 artifacts=51 advent-overaccept=38 advent-underaccept=10 compiler-timeout=3 reference-disagreement=1560 same=23103 tree-difference=8
[24727/100000] reference-disagreement member-list-wide-boundary len=289 artifacts=51 advent-overaccept=38 advent-underaccept=10 compiler-timeout=3 reference-disagreement=1561 same=23107 tree-difference=8
[24750/100000] same nested-ifconfig-boundary len=161 artifacts=51 advent-overaccept=38 advent-underaccept=10 compiler-timeout=3 reference-disagreement=1561 same=23130 tree-difference=8
[24753/100000] reference-disagreement wide:func-body:raw:phase4-precedence:pg-two-names len=54 artifacts=51 advent-overaccept=38 advent-underaccept=10 compiler-timeout=3 reference-disagreement=1562 same=23132 tree-difference=8
[24755/100000] reference-disagreement wide:func-body:space:real:JSONDecoding:179 len=482 artifacts=51 advent-overaccept=38 advent-underaccept=10 compiler-timeout=3 reference-disagreement=1563 same=23133 tree-difference=8
[24770/100000] reference-disagreement attribute-boundary len=52 artifacts=51 advent-overaccept=38 advent-underaccept=10 compiler-timeout=3 reference-disagreement=1564 same=23147 tree-difference=8
[24772/100000] reference-disagreement wide:func-body:newline:real:ResultBuilders:608 len=409 artifacts=51 advent-overaccept=38 advent-underaccept=10 compiler-timeout=3 reference-disagreement=1565 same=23148 tree-difference=8
[24774/100000] reference-disagreement wide:func-body:splice:real:JSONEncoding:13+reject:testOperatorDecl10#1 len=221 artifacts=51 advent-overaccept=38 advent-underaccept=10 compiler-timeout=3 reference-disagreement=1566 same=23149 tree-difference=8
[24787/100000] reference-disagreement wide:trailing-closure:raw:real:SyntaxExpressibleByStringInterpolationConformances:268 len=87 artifacts=51 advent-overaccept=38 advent-underaccept=10 compiler-timeout=3 reference-disagreement=1567 same=23161 tree-difference=8
[24817/100000] reference-disagreement keypath-boundary len=38 artifacts=51 advent-overaccept=38 advent-underaccept=10 compiler-timeout=3 reference-disagreement=1568 same=23190 tree-difference=8
[24872/100000] reference-disagreement tspl-divergence-protocol-body len=76 artifacts=51 advent-overaccept=38 advent-underaccept=10 compiler-timeout=3 reference-disagreement=1569 same=23244 tree-difference=8
[24881/100000] reference-disagreement wide:func-body:line-comment+keyword:real:Trivia:139 len=343 artifacts=51 advent-overaccept=38 advent-underaccept=10 compiler-timeout=3 reference-disagreement=1570 same=23252 tree-difference=8
[24886/100000] reference-disagreement wide:struct-member:raw:translated:testEffectfulProperties9#1+translated:testModuleSelectorCorrectCode#5 len=195 artifacts=51 advent-overaccept=38 advent-underaccept=10 compiler-timeout=3 reference-disagreement=1571 same=23256 tree-difference=8
[24902/100000] reference-disagreement wide:func-body:raw:phase4-decl:op-precedence+phase4-ifconfig:if-not len=83 artifacts=51 advent-overaccept=38 advent-underaccept=10 compiler-timeout=3 reference-disagreement=1572 same=23271 tree-difference=8
[24903/100000] reference-disagreement tspl-divergence-protocol-body len=111 artifacts=51 advent-overaccept=38 advent-underaccept=10 compiler-timeout=3 reference-disagreement=1573 same=23271 tree-difference=8
[24911/100000] reference-disagreement attribute-ifconfig-elseif-list len=123 artifacts=51 advent-overaccept=38 advent-underaccept=10 compiler-timeout=3 reference-disagreement=1574 same=23278 tree-difference=8
[24918/100000] reference-disagreement wide:trailing-closure:block-comment:real:SyntaxTraits:790 len=131 artifacts=51 advent-overaccept=38 advent-underaccept=10 compiler-timeout=3 reference-disagreement=1575 same=23284 tree-difference=8
[24954/100000] advent-overaccept wide:after-statement:line-comment+newline+keyword:real:SwiftSyntaxCompatibility:801+real:SyntaxExpressibleByStringInterpolationConformances:220 len=399 artifacts=52 advent-overaccept=39 advent-underaccept=10 compiler-timeout=3 reference-disagreement=1575 same=23319 tree-difference=8
[24993/100000] reference-disagreement wide:func-body:splice:phase4-misc:attr-type len=40 artifacts=52 advent-overaccept=39 advent-underaccept=10 compiler-timeout=3 reference-disagreement=1576 same=23357 tree-difference=8
[25000/100000] same frontier:statement-member-context len=93 artifacts=52 advent-overaccept=39 advent-underaccept=10 compiler-timeout=3 reference-disagreement=1576 same=23364 tree-difference=8
[25006/100000] reference-disagreement grammarish-member-list len=342 artifacts=52 advent-overaccept=39 advent-underaccept=10 compiler-timeout=3 reference-disagreement=1577 same=23369 tree-difference=8
[25014/100000] reference-disagreement wide:top:raw:translated:testInvalid36#1 len=33 artifacts=52 advent-overaccept=39 advent-underaccept=10 compiler-timeout=3 reference-disagreement=1578 same=23376 tree-difference=8
[25057/100000] reference-disagreement keypath-boundary len=38 artifacts=52 advent-overaccept=39 advent-underaccept=10 compiler-timeout=3 reference-disagreement=1579 same=23418 tree-difference=8
[25058/100000] reference-disagreement tspl-divergence-protocol-body len=177 artifacts=52 advent-overaccept=39 advent-underaccept=10 compiler-timeout=3 reference-disagreement=1580 same=23418 tree-difference=8
[25072/100000] reference-disagreement wide:func-body:line-comment:real:SyntaxExpressibleByStringInterpolationConformances:79 len=92 artifacts=52 advent-overaccept=39 advent-underaccept=10 compiler-timeout=3 reference-disagreement=1581 same=23431 tree-difference=8
[25131/100000] reference-disagreement wide:struct-member:glue+duplicate+keyword:real:SyntaxCollections:1416+real:LayoutNodes+Parsable:127 len=719 artifacts=52 advent-overaccept=39 advent-underaccept=10 compiler-timeout=3 reference-disagreement=1582 same=23489 tree-difference=8
[25137/100000] reference-disagreement tspl-divergence-accessor-commitment len=49 artifacts=52 advent-overaccept=39 advent-underaccept=10 compiler-timeout=3 reference-disagreement=1583 same=23494 tree-difference=8
[25160/100000] reference-disagreement wide:extension-member:raw:real:Attributes:839 len=529 artifacts=52 advent-overaccept=39 advent-underaccept=10 compiler-timeout=3 reference-disagreement=1584 same=23516 tree-difference=8
[25173/100000] reference-disagreement wide:struct-member:raw:real:SyntaxTraits:782 len=151 artifacts=52 advent-overaccept=39 advent-underaccept=10 compiler-timeout=3 reference-disagreement=1585 same=23528 tree-difference=8
[25197/100000] advent-overaccept wide:struct-member:glue+glue+space:real:Utils:46 len=264 artifacts=53 advent-overaccept=40 advent-underaccept=10 compiler-timeout=3 reference-disagreement=1585 same=23551 tree-difference=8
[25199/100000] reference-disagreement wide:func-body:raw:reject:testKeypathExpression#2+real:ApusTerminals:89 len=398 artifacts=53 advent-overaccept=40 advent-underaccept=10 compiler-timeout=3 reference-disagreement=1586 same=23552 tree-difference=8
[25200/100000] reference-disagreement wide:closure:block-comment:real:ActiveSyntaxRewriter:423 len=324 artifacts=53 advent-overaccept=40 advent-underaccept=10 compiler-timeout=3 reference-disagreement=1587 same=23552 tree-difference=8
[25202/100000] reference-disagreement wide:trailing-closure:keyword+glue:declaration:testCoroutineAccessors#1 len=81 artifacts=53 advent-overaccept=40 advent-underaccept=10 compiler-timeout=3 reference-disagreement=1588 same=23553 tree-difference=8
[25209/100000] reference-disagreement wide:extension-member:line-comment:real:SyntaxTraits:850 len=85 artifacts=53 advent-overaccept=40 advent-underaccept=10 compiler-timeout=3 reference-disagreement=1589 same=23559 tree-difference=8
[25225/100000] reference-disagreement attribute-ifconfig-elseif-list len=113 artifacts=53 advent-overaccept=40 advent-underaccept=10 compiler-timeout=3 reference-disagreement=1590 same=23574 tree-difference=8
[25250/100000] same wide:extension-member:delete:real:Parameters:37 len=76 artifacts=53 advent-overaccept=40 advent-underaccept=10 compiler-timeout=3 reference-disagreement=1590 same=23599 tree-difference=8
[25256/100000] advent-underaccept wide:before-statement:block-comment+line-comment:translated:testSwitch56#1 len=102 artifacts=54 advent-overaccept=40 advent-underaccept=11 compiler-timeout=3 reference-disagreement=1590 same=23604 tree-difference=8
[25327/100000] reference-disagreement wide:trailing-closure:newline:real:JSONEncoding:244 len=267 artifacts=54 advent-overaccept=40 advent-underaccept=11 compiler-timeout=3 reference-disagreement=1591 same=23674 tree-difference=8
[25328/100000] reference-disagreement wide:closure:glue:real:ListBuilder:108+attribute:testUnavailableFromAsync#2 len=394 artifacts=54 advent-overaccept=40 advent-underaccept=11 compiler-timeout=3 reference-disagreement=1592 same=23674 tree-difference=8
[25341/100000] reference-disagreement wide:func-body:raw:translated:testDebugger2#1+translated:testForwardSlashRegex74#1 len=77 artifacts=54 advent-overaccept=40 advent-underaccept=11 compiler-timeout=3 reference-disagreement=1593 same=23686 tree-difference=8
[25346/100000] reference-disagreement wide:extension-member:block-comment:real:LayoutNodes+Parsable:167 len=222 artifacts=54 advent-overaccept=40 advent-underaccept=11 compiler-timeout=3 reference-disagreement=1594 same=23690 tree-difference=8
[25352/100000] reference-disagreement tspl-divergence-protocol-body len=98 artifacts=54 advent-overaccept=40 advent-underaccept=11 compiler-timeout=3 reference-disagreement=1595 same=23695 tree-difference=8
[25373/100000] reference-disagreement wide:struct-member:raw:attribute:testSpiAttributeWithUnderscore#2 len=35 artifacts=54 advent-overaccept=40 advent-underaccept=11 compiler-timeout=3 reference-disagreement=1596 same=23715 tree-difference=8
[25379/100000] reference-disagreement keypath-boundary len=38 artifacts=54 advent-overaccept=40 advent-underaccept=11 compiler-timeout=3 reference-disagreement=1597 same=23720 tree-difference=8
[25386/100000] reference-disagreement keypath-component-matrix len=38 artifacts=54 advent-overaccept=40 advent-underaccept=11 compiler-timeout=3 reference-disagreement=1598 same=23726 tree-difference=8
[25390/100000] reference-disagreement wide:after-statement:block-comment+duplicate:phase3-statement:try-forced len=47 artifacts=54 advent-overaccept=40 advent-underaccept=11 compiler-timeout=3 reference-disagreement=1599 same=23729 tree-difference=8
[25418/100000] reference-disagreement wide:trailing-closure:raw:real:ConvenienceInitializers:111 len=661 artifacts=54 advent-overaccept=40 advent-underaccept=11 compiler-timeout=3 reference-disagreement=1600 same=23756 tree-difference=8
[25425/100000] reference-disagreement wide:func-body:newline+line-comment:phase4-accessor:accessor-throws+real:SyntaxUtils:21 len=1093 artifacts=54 advent-overaccept=40 advent-underaccept=11 compiler-timeout=3 reference-disagreement=1601 same=23762 tree-difference=8
[25427/100000] reference-disagreement wide:trailing-closure:newline+line-comment:real:SyntaxExpressibleByStringInterpolationConformances:271 len=179 artifacts=54 advent-overaccept=40 advent-underaccept=11 compiler-timeout=3 reference-disagreement=1602 same=23763 tree-difference=8
[25448/100000] reference-disagreement wide:struct-member:raw:real:SwiftSyntaxCompatibility:1132+attribute:testABIAttribute#5 len=913 artifacts=54 advent-overaccept=40 advent-underaccept=11 compiler-timeout=3 reference-disagreement=1603 same=23783 tree-difference=8
[25500/100000] same frontier:condition-trailing-closure-scope len=505 artifacts=54 advent-overaccept=40 advent-underaccept=11 compiler-timeout=3 reference-disagreement=1603 same=23835 tree-difference=8
[25516/100000] reference-disagreement wide:closure:newline:real:SyntaxTraits:746 len=85 artifacts=54 advent-overaccept=40 advent-underaccept=11 compiler-timeout=3 reference-disagreement=1604 same=23850 tree-difference=8
[25525/100000] reference-disagreement wide:func-body:line-comment:real:LayoutNodes+Parsable:159 len=211 artifacts=54 advent-overaccept=40 advent-underaccept=11 compiler-timeout=3 reference-disagreement=1605 same=23858 tree-difference=8
[25542/100000] reference-disagreement wide:extension-member:raw:translated:testEnumCaseWithWildcardAsFirstName#2 len=48 artifacts=54 advent-overaccept=40 advent-underaccept=11 compiler-timeout=3 reference-disagreement=1606 same=23874 tree-difference=8
[25543/100000] reference-disagreement wide:extension-member:raw:real:IdentifiableSyntax:46 len=122 artifacts=54 advent-overaccept=40 advent-underaccept=11 compiler-timeout=3 reference-disagreement=1607 same=23874 tree-difference=8
[25584/100000] reference-disagreement member-list-wide-boundary len=211 artifacts=54 advent-overaccept=40 advent-underaccept=11 compiler-timeout=3 reference-disagreement=1608 same=23914 tree-difference=8
[25621/100000] reference-disagreement attribute-ifconfig-elseif-list len=129 artifacts=54 advent-overaccept=40 advent-underaccept=11 compiler-timeout=3 reference-disagreement=1609 same=23950 tree-difference=8
[25631/100000] reference-disagreement wide:closure:line-comment:real:SyntaxNodeWithBody:305 len=871 artifacts=54 advent-overaccept=40 advent-underaccept=11 compiler-timeout=3 reference-disagreement=1610 same=23959 tree-difference=8
[25632/100000] reference-disagreement wide:trailing-closure:newline:real:RenamedChildrenBuilderCompatibility:522 len=1036 artifacts=54 advent-overaccept=40 advent-underaccept=11 compiler-timeout=3 reference-disagreement=1611 same=23959 tree-difference=8
[25644/100000] reference-disagreement tspl-divergence-protocol-body len=227 artifacts=54 advent-overaccept=40 advent-underaccept=11 compiler-timeout=3 reference-disagreement=1612 same=23970 tree-difference=8
[25653/100000] reference-disagreement wide:extension-member:raw:real:SyntaxExpressibleByStringInterpolationConformances:85 len=94 artifacts=54 advent-overaccept=40 advent-underaccept=11 compiler-timeout=3 reference-disagreement=1613 same=23978 tree-difference=8
[25664/100000] reference-disagreement wide:closure:newline+keyword:real:ResultBuilders:642 len=388 artifacts=54 advent-overaccept=40 advent-underaccept=11 compiler-timeout=3 reference-disagreement=1614 same=23988 tree-difference=8
[25672/100000] reference-disagreement wide:extension-member:raw:real:BuildableNodes:767 len=1071 artifacts=54 advent-overaccept=40 advent-underaccept=11 compiler-timeout=3 reference-disagreement=1615 same=23995 tree-difference=8
[25701/100000] reference-disagreement wide:closure:raw:translated:testSwitch20#1 len=59 artifacts=54 advent-overaccept=40 advent-underaccept=11 compiler-timeout=3 reference-disagreement=1616 same=24023 tree-difference=8
[25735/100000] reference-disagreement wide:trailing-closure:raw:real:SyntaxExpressibleByStringInterpolationConformances:160 len=90 artifacts=54 advent-overaccept=40 advent-underaccept=11 compiler-timeout=3 reference-disagreement=1617 same=24056 tree-difference=8
[25750/100000] same operator-boundary len=57 artifacts=54 advent-overaccept=40 advent-underaccept=11 compiler-timeout=3 reference-disagreement=1617 same=24071 tree-difference=8
[25788/100000] reference-disagreement wide:after-statement:raw:phase4-available:avail-message+translated:testDollarIdentifier8#1 len=737 artifacts=54 advent-overaccept=40 advent-underaccept=11 compiler-timeout=3 reference-disagreement=1618 same=24108 tree-difference=8
[25789/100000] reference-disagreement wide:trailing-closure:raw:real:CollectionNodes+Parsable:84+real:SyntaxTraits:840 len=640 artifacts=54 advent-overaccept=40 advent-underaccept=11 compiler-timeout=3 reference-disagreement=1619 same=24108 tree-difference=8
[25792/100000] reference-disagreement wide:extension-member:raw:fuzz-harvest:paren-generic-arg+real:RegexLiteralLexer:348 len=597 artifacts=54 advent-overaccept=40 advent-underaccept=11 compiler-timeout=3 reference-disagreement=1620 same=24110 tree-difference=8
[25794/100000] reference-disagreement wide:closure:space:real:Syntax+StringInterpolation:26+real:NameMatcher:418 len=506 artifacts=54 advent-overaccept=40 advent-underaccept=11 compiler-timeout=3 reference-disagreement=1621 same=24111 tree-difference=8
[25796/100000] reference-disagreement wide:extension-member:raw:real:SyntaxTraits:796 len=63 artifacts=54 advent-overaccept=40 advent-underaccept=11 compiler-timeout=3 reference-disagreement=1622 same=24112 tree-difference=8
[25806/100000] reference-disagreement grammarish-member-list len=249 artifacts=54 advent-overaccept=40 advent-underaccept=11 compiler-timeout=3 reference-disagreement=1623 same=24121 tree-difference=8
[25816/100000] reference-disagreement wide:ifconfig:newline+newline:reject:testDiagnoseInitializerAsTypedPattern8c#1 len=36 artifacts=54 advent-overaccept=40 advent-underaccept=11 compiler-timeout=3 reference-disagreement=1624 same=24130 tree-difference=8
[25843/100000] reference-disagreement wide:func-body:raw:real:ParserDiagnosticMessages:581 len=193 artifacts=54 advent-overaccept=40 advent-underaccept=11 compiler-timeout=3 reference-disagreement=1625 same=24156 tree-difference=8
[25849/100000] reference-disagreement wide:func-body:newline:real:IsValidIdentifier:41 len=1033 artifacts=54 advent-overaccept=40 advent-underaccept=11 compiler-timeout=3 reference-disagreement=1626 same=24161 tree-difference=8
[25889/100000] reference-disagreement tspl-divergence-accessor-commitment len=49 artifacts=54 advent-overaccept=40 advent-underaccept=11 compiler-timeout=3 reference-disagreement=1627 same=24200 tree-difference=8
[25900/100000] reference-disagreement wide:extension-member:splice:real:SyntaxTraits:836 len=109 artifacts=54 advent-overaccept=40 advent-underaccept=11 compiler-timeout=3 reference-disagreement=1628 same=24210 tree-difference=8
[25926/100000] reference-disagreement tspl-divergence-protocol-body len=181 artifacts=54 advent-overaccept=40 advent-underaccept=11 compiler-timeout=3 reference-disagreement=1629 same=24235 tree-difference=8
[25928/100000] reference-disagreement grammarish-member-list len=110 artifacts=54 advent-overaccept=40 advent-underaccept=11 compiler-timeout=3 reference-disagreement=1630 same=24236 tree-difference=8
[25967/100000] reference-disagreement wide:func-body:glue:real:SyntaxProtocol:710+real:ParserDiagnosticMessages:589 len=836 artifacts=54 advent-overaccept=40 advent-underaccept=11 compiler-timeout=3 reference-disagreement=1631 same=24274 tree-difference=8
[25969/100000] reference-disagreement wide:after-statement:raw:translated:testOptionalLvalues5#1+expression:testKeyPathMethodAndInitializers#2 len=187 artifacts=54 advent-overaccept=40 advent-underaccept=11 compiler-timeout=3 reference-disagreement=1632 same=24275 tree-difference=8
[25995/100000] reference-disagreement keypath-boundary len=40 artifacts=54 advent-overaccept=40 advent-underaccept=11 compiler-timeout=3 reference-disagreement=1633 same=24300 tree-difference=8
[26000/100000] same wide:closure:block-comment:phase4-keypath:kp-optional-spaced-dot len=62 artifacts=54 advent-overaccept=40 advent-underaccept=11 compiler-timeout=3 reference-disagreement=1633 same=24305 tree-difference=8
[26021/100000] reference-disagreement wide:extension-member:raw:real:ResultBuilders:362 len=208 artifacts=54 advent-overaccept=40 advent-underaccept=11 compiler-timeout=3 reference-disagreement=1634 same=24325 tree-difference=8
[26023/100000] reference-disagreement attribute-ifconfig-elseif-list len=113 artifacts=54 advent-overaccept=40 advent-underaccept=11 compiler-timeout=3 reference-disagreement=1635 same=24326 tree-difference=8
[26039/100000] reference-disagreement member-list-wide-boundary len=198 artifacts=54 advent-overaccept=40 advent-underaccept=11 compiler-timeout=3 reference-disagreement=1636 same=24341 tree-difference=8
[26040/100000] reference-disagreement keypath-component-matrix len=40 artifacts=54 advent-overaccept=40 advent-underaccept=11 compiler-timeout=3 reference-disagreement=1637 same=24341 tree-difference=8
[26042/100000] reference-disagreement tspl-divergence-protocol-body len=196 artifacts=54 advent-overaccept=40 advent-underaccept=11 compiler-timeout=3 reference-disagreement=1638 same=24342 tree-difference=8
[26055/100000] reference-disagreement wide:closure:block-comment+block-comment:real:Oracle:770+real:CommonAncestor:33 len=444 artifacts=54 advent-overaccept=40 advent-underaccept=11 compiler-timeout=3 reference-disagreement=1639 same=24354 tree-difference=8
[26059/100000] reference-disagreement wide:func-body:glue:attribute:testTransposeAttribute#2 len=101 artifacts=54 advent-overaccept=40 advent-underaccept=11 compiler-timeout=3 reference-disagreement=1640 same=24357 tree-difference=8
[26062/100000] reference-disagreement tspl-divergence-protocol-body len=141 artifacts=54 advent-overaccept=40 advent-underaccept=11 compiler-timeout=3 reference-disagreement=1641 same=24359 tree-difference=8
[26080/100000] reference-disagreement wide:before-statement:duplicate+space:attribute:testMacroRoleNames#1 len=75 artifacts=54 advent-overaccept=40 advent-underaccept=11 compiler-timeout=3 reference-disagreement=1642 same=24376 tree-difference=8
[26083/100000] reference-disagreement keypath-boundary len=37 artifacts=54 advent-overaccept=40 advent-underaccept=11 compiler-timeout=3 reference-disagreement=1643 same=24378 tree-difference=8
[26090/100000] reference-disagreement tspl-divergence-protocol-body len=207 artifacts=54 advent-overaccept=40 advent-underaccept=11 compiler-timeout=3 reference-disagreement=1644 same=24384 tree-difference=8
[26118/100000] reference-disagreement wide:extension-member:space+space:declaration:testBorrowingGetAccessor#1+real:SyntaxTraits:684 len=143 artifacts=54 advent-overaccept=40 advent-underaccept=11 compiler-timeout=3 reference-disagreement=1645 same=24411 tree-difference=8
[26122/100000] reference-disagreement tspl-divergence-accessor-commitment len=78 artifacts=54 advent-overaccept=40 advent-underaccept=11 compiler-timeout=3 reference-disagreement=1646 same=24414 tree-difference=8
[26129/100000] reference-disagreement wide:extension-member:raw:real:SyntaxTraits:308 len=679 artifacts=54 advent-overaccept=40 advent-underaccept=11 compiler-timeout=3 reference-disagreement=1647 same=24420 tree-difference=8
[26148/100000] reference-disagreement wide:func-body:space+glue+glue:real:LayoutNodes+Parsable:143 len=206 artifacts=54 advent-overaccept=40 advent-underaccept=11 compiler-timeout=3 reference-disagreement=1648 same=24438 tree-difference=8
[26186/100000] reference-disagreement tspl-divergence-protocol-body len=136 artifacts=54 advent-overaccept=40 advent-underaccept=11 compiler-timeout=3 reference-disagreement=1649 same=24475 tree-difference=8
[26200/100000] reference-disagreement wide:trailing-closure:raw:real:AbstractSourceLocation:22 len=808 artifacts=54 advent-overaccept=40 advent-underaccept=11 compiler-timeout=3 reference-disagreement=1650 same=24488 tree-difference=8
[26213/100000] reference-disagreement wide:closure:glue+block-comment:real:SyntaxExpressibleByStringInterpolationConformances:85 len=102 artifacts=54 advent-overaccept=40 advent-underaccept=11 compiler-timeout=3 reference-disagreement=1651 same=24500 tree-difference=8
[26218/100000] reference-disagreement declaration-modifier-stack len=34 artifacts=54 advent-overaccept=40 advent-underaccept=11 compiler-timeout=3 reference-disagreement=1652 same=24504 tree-difference=8
[26224/100000] reference-disagreement wide:ifconfig:glue+newline:expression:testKeyPathMethodAndInitializers#3+attribute:testAttachedExtensionAttribute#2 len=86 artifacts=54 advent-overaccept=40 advent-underaccept=11 compiler-timeout=3 reference-disagreement=1653 same=24509 tree-difference=8
[26229/100000] reference-disagreement grammarish-member-list len=274 artifacts=54 advent-overaccept=40 advent-underaccept=11 compiler-timeout=3 reference-disagreement=1654 same=24513 tree-difference=8
[26250/100000] same frontier:statement-member-context len=93 artifacts=54 advent-overaccept=40 advent-underaccept=11 compiler-timeout=3 reference-disagreement=1654 same=24534 tree-difference=8
[26280/100000] reference-disagreement keypath-boundary len=38 artifacts=54 advent-overaccept=40 advent-underaccept=11 compiler-timeout=3 reference-disagreement=1655 same=24563 tree-difference=8
[26303/100000] reference-disagreement tspl-divergence-protocol-body len=205 artifacts=54 advent-overaccept=40 advent-underaccept=11 compiler-timeout=3 reference-disagreement=1656 same=24585 tree-difference=8
[26320/100000] reference-disagreement wide:trailing-closure:raw:real:ResultBuilders:579+declaration:testAttributedMacroExpansionDeclaration#7 len=769 artifacts=54 advent-overaccept=40 advent-underaccept=11 compiler-timeout=3 reference-disagreement=1657 same=24601 tree-difference=8
[26327/100000] reference-disagreement tspl-divergence-protocol-body len=317 artifacts=54 advent-overaccept=40 advent-underaccept=11 compiler-timeout=3 reference-disagreement=1658 same=24607 tree-difference=8
[26365/100000] reference-disagreement wide:struct-member:newline:real:ConvenienceInitializers:194 len=1010 artifacts=54 advent-overaccept=40 advent-underaccept=11 compiler-timeout=3 reference-disagreement=1659 same=24644 tree-difference=8
[26370/100000] reference-disagreement wide:closure:raw:real:LayoutNodes+Parsable:47+translated:testSemicolon4#1 len=294 artifacts=54 advent-overaccept=40 advent-underaccept=11 compiler-timeout=3 reference-disagreement=1660 same=24648 tree-difference=8
[26371/100000] reference-disagreement tspl-divergence-protocol-body len=280 artifacts=54 advent-overaccept=40 advent-underaccept=11 compiler-timeout=3 reference-disagreement=1661 same=24648 tree-difference=8
[26384/100000] reference-disagreement wide:extension-member:block-comment:translated:testOperatorDecl20#1 len=75 artifacts=54 advent-overaccept=40 advent-underaccept=11 compiler-timeout=3 reference-disagreement=1662 same=24660 tree-difference=8
[26387/100000] reference-disagreement tspl-divergence-accessor-commitment len=49 artifacts=54 advent-overaccept=40 advent-underaccept=11 compiler-timeout=3 reference-disagreement=1663 same=24662 tree-difference=8
[26408/100000] reference-disagreement wide:extension-member:line-comment:real:Attributes:993 len=973 artifacts=54 advent-overaccept=40 advent-underaccept=11 compiler-timeout=3 reference-disagreement=1664 same=24682 tree-difference=8
[26415/100000] reference-disagreement attribute-ifconfig-elseif-list len=124 artifacts=54 advent-overaccept=40 advent-underaccept=11 compiler-timeout=3 reference-disagreement=1665 same=24688 tree-difference=8
[26416/100000] reference-disagreement wide:trailing-closure:glue:real:ParserDiagnosticMessages:529 len=412 artifacts=54 advent-overaccept=40 advent-underaccept=11 compiler-timeout=3 reference-disagreement=1666 same=24688 tree-difference=8
[26476/100000] reference-disagreement wide:before-statement:glue+keyword:translated:testSwitch52#1 len=99 artifacts=54 advent-overaccept=40 advent-underaccept=11 compiler-timeout=3 reference-disagreement=1667 same=24747 tree-difference=8
[26496/100000] reference-disagreement wide:func-body:raw:real:SyntaxCollections:404 len=490 artifacts=54 advent-overaccept=40 advent-underaccept=11 compiler-timeout=3 reference-disagreement=1668 same=24766 tree-difference=8
[26500/100000] same wide:ifconfig:block-comment+splice+block-comment:reject:testRecovery127#1 len=99 artifacts=54 advent-overaccept=40 advent-underaccept=11 compiler-timeout=3 reference-disagreement=1668 same=24770 tree-difference=8
[26512/100000] reference-disagreement wide:trailing-closure:duplicate+space+newline:real:LayoutNodes+Parsable:167 len=211 artifacts=54 advent-overaccept=40 advent-underaccept=11 compiler-timeout=3 reference-disagreement=1669 same=24781 tree-difference=8
[26513/100000] reference-disagreement wide:trailing-closure:newline:real:SyntaxExpressibleByStringInterpolationConformances:208 len=158 artifacts=54 advent-overaccept=40 advent-underaccept=11 compiler-timeout=3 reference-disagreement=1670 same=24781 tree-difference=8
[26526/100000] reference-disagreement func-body len=458 artifacts=54 advent-overaccept=40 advent-underaccept=11 compiler-timeout=3 reference-disagreement=1671 same=24793 tree-difference=8
[26531/100000] reference-disagreement wide:func-body:line-comment+newline+line-comment:real:AbsolutePosition:29 len=311 artifacts=54 advent-overaccept=40 advent-underaccept=11 compiler-timeout=3 reference-disagreement=1672 same=24797 tree-difference=8
[26534/100000] reference-disagreement member-list-wide-boundary len=239 artifacts=54 advent-overaccept=40 advent-underaccept=11 compiler-timeout=3 reference-disagreement=1673 same=24799 tree-difference=8
[26538/100000] reference-disagreement wide:closure:newline+newline+splice:real:ParserDiagnosticMessages:799 len=408 artifacts=54 advent-overaccept=40 advent-underaccept=11 compiler-timeout=3 reference-disagreement=1674 same=24802 tree-difference=8
[26563/100000] reference-disagreement grammarish-member-list len=338 artifacts=54 advent-overaccept=40 advent-underaccept=11 compiler-timeout=3 reference-disagreement=1675 same=24826 tree-difference=8
[26569/100000] reference-disagreement wide:extension-member:raw:real:SyntaxSynthesis:19 len=209 artifacts=54 advent-overaccept=40 advent-underaccept=11 compiler-timeout=3 reference-disagreement=1676 same=24831 tree-difference=8
[26583/100000] reference-disagreement tspl-divergence-protocol-body len=145 artifacts=54 advent-overaccept=40 advent-underaccept=11 compiler-timeout=3 reference-disagreement=1677 same=24844 tree-difference=8
[26588/100000] reference-disagreement keypath-boundary len=33 artifacts=54 advent-overaccept=40 advent-underaccept=11 compiler-timeout=3 reference-disagreement=1678 same=24848 tree-difference=8
[26607/100000] reference-disagreement wide:func-body:newline+newline+glue:declaration:testModifiedParameter#3 len=68 artifacts=54 advent-overaccept=40 advent-underaccept=11 compiler-timeout=3 reference-disagreement=1679 same=24866 tree-difference=8
[26611/100000] reference-disagreement wide:closure:raw:real:SyntaxExpressibleByStringInterpolationConformances:64 len=176 artifacts=54 advent-overaccept=40 advent-underaccept=11 compiler-timeout=3 reference-disagreement=1680 same=24869 tree-difference=8
[26616/100000] reference-disagreement wide:func-body:newline+block-comment+block-comment:translated:testForwardSlashRegex10#1+real:ConvenienceInitializers:23 len=507 artifacts=54 advent-overaccept=40 advent-underaccept=11 compiler-timeout=3 reference-disagreement=1681 same=24873 tree-difference=8
[26624/100000] reference-disagreement tspl-divergence-accessor-commitment len=78 artifacts=54 advent-overaccept=40 advent-underaccept=11 compiler-timeout=3 reference-disagreement=1682 same=24880 tree-difference=8
[26632/100000] advent-overaccept wide:top:splice+newline:translated:testSwitch57#1 len=60 artifacts=55 advent-overaccept=41 advent-underaccept=11 compiler-timeout=3 reference-disagreement=1682 same=24887 tree-difference=8
[26638/100000] reference-disagreement wide:struct-member:glue+glue:translated:testEffectfulProperties7#1 len=106 artifacts=55 advent-overaccept=41 advent-underaccept=11 compiler-timeout=3 reference-disagreement=1683 same=24892 tree-difference=8
[26673/100000] reference-disagreement wide:ifconfig:newline+space:declaration:testCoroutineAccessors#1 len=87 artifacts=55 advent-overaccept=41 advent-underaccept=11 compiler-timeout=3 reference-disagreement=1684 same=24926 tree-difference=8
[26681/100000] reference-disagreement attribute-ifconfig-elseif-list len=133 artifacts=55 advent-overaccept=41 advent-underaccept=11 compiler-timeout=3 reference-disagreement=1685 same=24933 tree-difference=8
[26690/100000] reference-disagreement wide:trailing-closure:raw:translated:testTypeExpr12#1+real:Trivia:110 len=1107 artifacts=55 advent-overaccept=41 advent-underaccept=11 compiler-timeout=3 reference-disagreement=1686 same=24941 tree-difference=8
[26691/100000] reference-disagreement wide:func-body:duplicate:translated:testRegex3#1+real:SyntaxTraits:690 len=105 artifacts=55 advent-overaccept=41 advent-underaccept=11 compiler-timeout=3 reference-disagreement=1687 same=24941 tree-difference=8
[26692/100000] reference-disagreement statement-list len=634 artifacts=55 advent-overaccept=41 advent-underaccept=11 compiler-timeout=3 reference-disagreement=1688 same=24941 tree-difference=8
[26725/100000] reference-disagreement wide:trailing-closure:line-comment:real:SyntaxTraits:460 len=420 artifacts=55 advent-overaccept=41 advent-underaccept=11 compiler-timeout=3 reference-disagreement=1689 same=24973 tree-difference=8
[26738/100000] reference-disagreement wide:extension-member:glue+space:real:Names:19 len=938 artifacts=55 advent-overaccept=41 advent-underaccept=11 compiler-timeout=3 reference-disagreement=1690 same=24985 tree-difference=8
[26746/100000] reference-disagreement wide:struct-member:line-comment+glue+newline:real:DeclSyntaxParseable:48 len=78 artifacts=55 advent-overaccept=41 advent-underaccept=11 compiler-timeout=3 reference-disagreement=1691 same=24992 tree-difference=8
[26750/100000] same operator-decl-boundary len=102 artifacts=55 advent-overaccept=41 advent-underaccept=11 compiler-timeout=3 reference-disagreement=1691 same=24996 tree-difference=8
[26752/100000] reference-disagreement member-list-wide-boundary len=73 artifacts=55 advent-overaccept=41 advent-underaccept=11 compiler-timeout=3 reference-disagreement=1692 same=24997 tree-difference=8
[26754/100000] reference-disagreement tspl-divergence-protocol-body len=155 artifacts=55 advent-overaccept=41 advent-underaccept=11 compiler-timeout=3 reference-disagreement=1693 same=24998 tree-difference=8
[26810/100000] reference-disagreement wide:trailing-closure:newline+newline:real:SyntaxExpressibleByStringInterpolationConformances:268+translated:testBorrowingContextualParsing#7 len=164 artifacts=55 advent-overaccept=41 advent-underaccept=11 compiler-timeout=3 reference-disagreement=1694 same=25053 tree-difference=8
[26831/100000] reference-disagreement binding-pattern len=458 artifacts=55 advent-overaccept=41 advent-underaccept=11 compiler-timeout=3 reference-disagreement=1695 same=25073 tree-difference=8
[26863/100000] reference-disagreement wide:closure:raw:real:RawSyntax:175 len=349 artifacts=55 advent-overaccept=41 advent-underaccept=11 compiler-timeout=3 reference-disagreement=1696 same=25104 tree-difference=8
[26869/100000] reference-disagreement statement-list len=589 artifacts=55 advent-overaccept=41 advent-underaccept=11 compiler-timeout=3 reference-disagreement=1697 same=25109 tree-difference=8
[26871/100000] reference-disagreement wide:trailing-closure:line-comment+newline:real:SyntaxTraits:772 len=77 artifacts=55 advent-overaccept=41 advent-underaccept=11 compiler-timeout=3 reference-disagreement=1698 same=25110 tree-difference=8
[26874/100000] reference-disagreement wide:func-body:space:expression:testClosureParameterWithAttribute#1+translated:testOperatorDecl5#1 len=88 artifacts=55 advent-overaccept=41 advent-underaccept=11 compiler-timeout=3 reference-disagreement=1699 same=25112 tree-difference=8
[26899/100000] reference-disagreement wide:extension-member:raw:real:RegexLiteralLexer:348 len=563 artifacts=55 advent-overaccept=41 advent-underaccept=11 compiler-timeout=3 reference-disagreement=1700 same=25136 tree-difference=8
[26931/100000] advent-underaccept wide:top:line-comment:translated:testForwardSlashRegex110#1 len=16 artifacts=56 advent-overaccept=41 advent-underaccept=12 compiler-timeout=3 reference-disagreement=1700 same=25167 tree-difference=8
[26952/100000] reference-disagreement wide:func-body:space+delete+line-comment:real:SyntaxBaseNodes:139 len=685 artifacts=56 advent-overaccept=41 advent-underaccept=12 compiler-timeout=3 reference-disagreement=1701 same=25187 tree-difference=8
[26960/100000] reference-disagreement wide:extension-member:line-comment+glue+glue:real:CollectionNodes+Parsable:102 len=543 artifacts=56 advent-overaccept=41 advent-underaccept=12 compiler-timeout=3 reference-disagreement=1702 same=25194 tree-difference=8
[26964/100000] reference-disagreement wide:struct-member:raw:translated:testIfconfigExpr5#1+real:Syntax+StringInterpolation:285 len=181 artifacts=56 advent-overaccept=41 advent-underaccept=12 compiler-timeout=3 reference-disagreement=1703 same=25197 tree-difference=8
[26967/100000] reference-disagreement wide:ifconfig:block-comment+line-comment:translated:testOperatorDeclDesignatedTypes15#1+real:ParserDiagnosticMessages:639 len=288 artifacts=56 advent-overaccept=41 advent-underaccept=12 compiler-timeout=3 reference-disagreement=1704 same=25199 tree-difference=8
[26978/100000] reference-disagreement wide:extension-member:raw:real:DiagnosticExtensions:23 len=941 artifacts=56 advent-overaccept=41 advent-underaccept=12 compiler-timeout=3 reference-disagreement=1705 same=25209 tree-difference=8
[27000/100000] same frontier:condition-trailing-closure-scope len=514 artifacts=56 advent-overaccept=41 advent-underaccept=12 compiler-timeout=3 reference-disagreement=1705 same=25231 tree-difference=8
[27037/100000] reference-disagreement wide:func-body:raw:phase3-modifier:final-public+real:ScopeImplementations:733 len=469 artifacts=56 advent-overaccept=41 advent-underaccept=12 compiler-timeout=3 reference-disagreement=1706 same=25267 tree-difference=8
[27038/100000] reference-disagreement member-list-wide-boundary len=349 artifacts=56 advent-overaccept=41 advent-underaccept=12 compiler-timeout=3 reference-disagreement=1707 same=25267 tree-difference=8
[27041/100000] reference-disagreement wide:func-body:delete+splice:real:ScopeImplementations:376 len=161 artifacts=56 advent-overaccept=41 advent-underaccept=12 compiler-timeout=3 reference-disagreement=1708 same=25269 tree-difference=8
[27043/100000] reference-disagreement wide:trailing-closure:newline:real:EditorPlaceholder:13 len=352 artifacts=56 advent-overaccept=41 advent-underaccept=12 compiler-timeout=3 reference-disagreement=1709 same=25270 tree-difference=8
[27044/100000] reference-disagreement wide:struct-member:newline:translated:testInitDeinit20#1+phase4-accessor:computed-get len=111 artifacts=56 advent-overaccept=41 advent-underaccept=12 compiler-timeout=3 reference-disagreement=1710 same=25270 tree-difference=8
[27052/100000] reference-disagreement wide:func-body:space:real:Oracle:770 len=100 artifacts=56 advent-overaccept=41 advent-underaccept=12 compiler-timeout=3 reference-disagreement=1711 same=25277 tree-difference=8
[27057/100000] reference-disagreement grammarish-member-list len=320 artifacts=56 advent-overaccept=41 advent-underaccept=12 compiler-timeout=3 reference-disagreement=1712 same=25281 tree-difference=8
[27094/100000] reference-disagreement wide:extension-member:raw:real:SyntaxProtocol+Formatted:19 len=266 artifacts=56 advent-overaccept=41 advent-underaccept=12 compiler-timeout=3 reference-disagreement=1713 same=25317 tree-difference=8
[27096/100000] reference-disagreement tspl-divergence-protocol-body len=101 artifacts=56 advent-overaccept=41 advent-underaccept=12 compiler-timeout=3 reference-disagreement=1714 same=25318 tree-difference=8
[27106/100000] reference-disagreement tspl-divergence-protocol-body len=102 artifacts=56 advent-overaccept=41 advent-underaccept=12 compiler-timeout=3 reference-disagreement=1715 same=25327 tree-difference=8
[27112/100000] reference-disagreement wide:struct-member:raw:translated:testOperators3#1 len=110 artifacts=56 advent-overaccept=41 advent-underaccept=12 compiler-timeout=3 reference-disagreement=1716 same=25332 tree-difference=8
[27155/100000] reference-disagreement nested-ifconfig-boundary len=146 artifacts=56 advent-overaccept=41 advent-underaccept=12 compiler-timeout=3 reference-disagreement=1717 same=25374 tree-difference=8
[27166/100000] reference-disagreement nested-ifconfig-boundary len=163 artifacts=56 advent-overaccept=41 advent-underaccept=12 compiler-timeout=3 reference-disagreement=1718 same=25384 tree-difference=8
[27233/100000] reference-disagreement wide:ifconfig:newline+newline:translated:testIfconfigExpr17#1 len=72 artifacts=56 advent-overaccept=41 advent-underaccept=12 compiler-timeout=3 reference-disagreement=1719 same=25450 tree-difference=8
[27250/100000] same closure-result-boundary len=61 artifacts=56 advent-overaccept=41 advent-underaccept=12 compiler-timeout=3 reference-disagreement=1719 same=25467 tree-difference=8
[27261/100000] reference-disagreement wide:closure:block-comment:real:ScopeImplementations:752 len=196 artifacts=56 advent-overaccept=41 advent-underaccept=12 compiler-timeout=3 reference-disagreement=1720 same=25477 tree-difference=8
[27277/100000] reference-disagreement wide:closure:block-comment+delete:real:SyntaxExtensions:217 len=444 artifacts=56 advent-overaccept=41 advent-underaccept=12 compiler-timeout=3 reference-disagreement=1721 same=25492 tree-difference=8
[27282/100000] reference-disagreement declaration-modifier-stack len=34 artifacts=56 advent-overaccept=41 advent-underaccept=12 compiler-timeout=3 reference-disagreement=1722 same=25496 tree-difference=8
[27288/100000] reference-disagreement wide:closure:block-comment+block-comment+block-comment:real:BuildableNodes:292 len=1084 artifacts=56 advent-overaccept=41 advent-underaccept=12 compiler-timeout=3 reference-disagreement=1723 same=25501 tree-difference=8
[27289/100000] reference-disagreement wide:struct-member:raw:real:AddPackageTarget:154 len=818 artifacts=56 advent-overaccept=41 advent-underaccept=12 compiler-timeout=3 reference-disagreement=1724 same=25501 tree-difference=8
[27298/100000] reference-disagreement tspl-divergence-protocol-body len=68 artifacts=56 advent-overaccept=41 advent-underaccept=12 compiler-timeout=3 reference-disagreement=1725 same=25509 tree-difference=8
[27319/100000] reference-disagreement statement-list len=550 artifacts=56 advent-overaccept=41 advent-underaccept=12 compiler-timeout=3 reference-disagreement=1726 same=25529 tree-difference=8
[27325/100000] reference-disagreement tspl-divergence-protocol-body len=119 artifacts=56 advent-overaccept=41 advent-underaccept=12 compiler-timeout=3 reference-disagreement=1727 same=25534 tree-difference=8
[27334/100000] reference-disagreement wide:extension-member:glue:real:SyntaxExpressibleByStringInterpolationConformances:142 len=82 artifacts=56 advent-overaccept=41 advent-underaccept=12 compiler-timeout=3 reference-disagreement=1728 same=25542 tree-difference=8
[27357/100000] reference-disagreement member-list-wide-boundary len=182 artifacts=56 advent-overaccept=41 advent-underaccept=12 compiler-timeout=3 reference-disagreement=1729 same=25564 tree-difference=8
[27378/100000] reference-disagreement grammarish-member-list len=173 artifacts=56 advent-overaccept=41 advent-underaccept=12 compiler-timeout=3 reference-disagreement=1730 same=25584 tree-difference=8
[27379/100000] reference-disagreement grammarish-member-list len=216 artifacts=56 advent-overaccept=41 advent-underaccept=12 compiler-timeout=3 reference-disagreement=1731 same=25584 tree-difference=8
[27382/100000] reference-disagreement wide:struct-member:keyword+space:real:BuildableNodes:1503 len=1020 artifacts=56 advent-overaccept=41 advent-underaccept=12 compiler-timeout=3 reference-disagreement=1732 same=25586 tree-difference=8
[27385/100000] reference-disagreement wide:ifconfig:newline:phase4-coroutine:coroutine-modify len=64 artifacts=56 advent-overaccept=41 advent-underaccept=12 compiler-timeout=3 reference-disagreement=1733 same=25588 tree-difference=8
[27429/100000] reference-disagreement grammarish-member-list len=111 artifacts=56 advent-overaccept=41 advent-underaccept=12 compiler-timeout=3 reference-disagreement=1734 same=25631 tree-difference=8
[27500/100000] same expr-let len=47 artifacts=56 advent-overaccept=41 advent-underaccept=12 compiler-timeout=3 reference-disagreement=1734 same=25702 tree-difference=8
[27517/100000] reference-disagreement wide:trailing-closure:raw:real:MissingNodesError:26 len=141 artifacts=56 advent-overaccept=41 advent-underaccept=12 compiler-timeout=3 reference-disagreement=1735 same=25718 tree-difference=8
[27519/100000] reference-disagreement keypath-component-matrix len=37 artifacts=56 advent-overaccept=41 advent-underaccept=12 compiler-timeout=3 reference-disagreement=1736 same=25719 tree-difference=8
[27531/100000] reference-disagreement wide:ifconfig:delete:translated:testDeinitInSwiftinterfaceIsFollowedByFinalFunc#1 len=51 artifacts=56 advent-overaccept=41 advent-underaccept=12 compiler-timeout=3 reference-disagreement=1737 same=25730 tree-difference=8
[27534/100000] reference-disagreement attribute-ifconfig-elseif-list len=124 artifacts=56 advent-overaccept=41 advent-underaccept=12 compiler-timeout=3 reference-disagreement=1738 same=25732 tree-difference=8
[27562/100000] reference-disagreement wide:extension-member:raw:real:SyntaxExpressibleByStringInterpolationConformances:106 len=91 artifacts=56 advent-overaccept=41 advent-underaccept=12 compiler-timeout=3 reference-disagreement=1739 same=25759 tree-difference=8
[27580/100000] reference-disagreement wide:trailing-closure:block-comment+newline+block-comment:real:PluginMacroExpansionContext:270 len=577 artifacts=56 advent-overaccept=41 advent-underaccept=12 compiler-timeout=3 reference-disagreement=1740 same=25776 tree-difference=8
[27601/100000] reference-disagreement tspl-divergence-accessor-commitment len=78 artifacts=56 advent-overaccept=41 advent-underaccept=12 compiler-timeout=3 reference-disagreement=1741 same=25796 tree-difference=8
[27618/100000] reference-disagreement wide:after-statement:newline+line-comment+space:translated:testSwitch21#1 len=63 artifacts=56 advent-overaccept=41 advent-underaccept=12 compiler-timeout=3 reference-disagreement=1742 same=25812 tree-difference=8
[27649/100000] reference-disagreement tspl-divergence-protocol-body len=176 artifacts=56 advent-overaccept=41 advent-underaccept=12 compiler-timeout=3 reference-disagreement=1743 same=25842 tree-difference=8
[27682/100000] advent-overaccept wide:extension-member:space+block-comment+line-comment:real:ApusTerminals:113 len=394 artifacts=57 advent-overaccept=42 advent-underaccept=12 compiler-timeout=3 reference-disagreement=1743 same=25874 tree-difference=8
[27696/100000] reference-disagreement tspl-divergence-protocol-body len=143 artifacts=57 advent-overaccept=42 advent-underaccept=12 compiler-timeout=3 reference-disagreement=1744 same=25887 tree-difference=8
[27704/100000] reference-disagreement wide:after-statement:space:translated:testModuleSelectorExpr#8 len=71 artifacts=57 advent-overaccept=42 advent-underaccept=12 compiler-timeout=3 reference-disagreement=1745 same=25894 tree-difference=8
[27707/100000] reference-disagreement wide:closure:raw:declaration:testProtocolParsing#3 len=147 artifacts=57 advent-overaccept=42 advent-underaccept=12 compiler-timeout=3 reference-disagreement=1746 same=25896 tree-difference=8
[27731/100000] reference-disagreement wide:extension-member:line-comment:real:Attributes:362 len=915 artifacts=57 advent-overaccept=42 advent-underaccept=12 compiler-timeout=3 reference-disagreement=1747 same=25919 tree-difference=8
[27732/100000] reference-disagreement wide:extension-member:raw:real:ResultBuilders:454 len=199 artifacts=57 advent-overaccept=42 advent-underaccept=12 compiler-timeout=3 reference-disagreement=1748 same=25919 tree-difference=8
[27750/100000] same tspl-divergence-accessor-commitment len=103 artifacts=57 advent-overaccept=42 advent-underaccept=12 compiler-timeout=3 reference-disagreement=1748 same=25937 tree-difference=8
[27761/100000] reference-disagreement wide:closure:glue+keyword+block-comment:real:ResultBuilders:680 len=186 artifacts=57 advent-overaccept=42 advent-underaccept=12 compiler-timeout=3 reference-disagreement=1749 same=25947 tree-difference=8
[27839/100000] tree-difference wide:trailing-closure:duplicate+delete+line-comment:reject:testRecovery87b#1 len=51 artifacts=58 advent-overaccept=42 advent-underaccept=12 compiler-timeout=3 reference-disagreement=1749 same=26024 tree-difference=9
[27886/100000] reference-disagreement tspl-divergence-protocol-body len=98 artifacts=58 advent-overaccept=42 advent-underaccept=12 compiler-timeout=3 reference-disagreement=1750 same=26070 tree-difference=9
[27896/100000] reference-disagreement wide:top:raw:declaration:testDeinitializers#1 len=9 artifacts=58 advent-overaccept=42 advent-underaccept=12 compiler-timeout=3 reference-disagreement=1751 same=26079 tree-difference=9
[27919/100000] reference-disagreement attribute-ifconfig-elseif-list len=121 artifacts=58 advent-overaccept=42 advent-underaccept=12 compiler-timeout=3 reference-disagreement=1752 same=26101 tree-difference=9
[27928/100000] reference-disagreement wide:closure:duplicate+swap+delete:fuzz-harvest:case-dot-own-line len=56 artifacts=58 advent-overaccept=42 advent-underaccept=12 compiler-timeout=3 reference-disagreement=1753 same=26109 tree-difference=9
[27950/100000] reference-disagreement wide:closure:raw:real:ExperimentalFeatures:16+phase4-accessor:setter-name len=311 artifacts=58 advent-overaccept=42 advent-underaccept=12 compiler-timeout=3 reference-disagreement=1754 same=26130 tree-difference=9
[27977/100000] reference-disagreement attribute-ifconfig-elseif-list len=111 artifacts=58 advent-overaccept=42 advent-underaccept=12 compiler-timeout=3 reference-disagreement=1755 same=26156 tree-difference=9
[27979/100000] advent-overaccept wide:ifconfig:line-comment+glue:real:StandardIOMessageConnection:28 len=53 artifacts=59 advent-overaccept=43 advent-underaccept=12 compiler-timeout=3 reference-disagreement=1755 same=26157 tree-difference=9
[27995/100000] reference-disagreement wide:extension-member:raw:real:WarningControlRegionBuilder:146 len=516 artifacts=59 advent-overaccept=43 advent-underaccept=12 compiler-timeout=3 reference-disagreement=1756 same=26172 tree-difference=9
[28000/100000] same wide:trailing-closure:newline+keyword:real:SyntaxCollections:1054 len=520 artifacts=59 advent-overaccept=43 advent-underaccept=12 compiler-timeout=3 reference-disagreement=1756 same=26177 tree-difference=9
[28099/100000] reference-disagreement wide:closure:duplicate:real:Parameters:25 len=81 artifacts=59 advent-overaccept=43 advent-underaccept=12 compiler-timeout=3 reference-disagreement=1757 same=26275 tree-difference=9
[28102/100000] reference-disagreement wide:after-statement:newline:translated:testOperatorDeclDesignatedTypes11#1+type:testVariadics#1 len=205 artifacts=59 advent-overaccept=43 advent-underaccept=12 compiler-timeout=3 reference-disagreement=1758 same=26277 tree-difference=9
[28103/100000] reference-disagreement wide:closure:newline:real:ResultBuilders:553+expression:testSwitchExprInReturn#1 len=224 artifacts=59 advent-overaccept=43 advent-underaccept=12 compiler-timeout=3 reference-disagreement=1759 same=26277 tree-difference=9
[28145/100000] reference-disagreement tspl-divergence-protocol-body len=197 artifacts=59 advent-overaccept=43 advent-underaccept=12 compiler-timeout=3 reference-disagreement=1760 same=26318 tree-difference=9
[28146/100000] reference-disagreement wide:trailing-closure:block-comment:attribute:testABIAttribute#7 len=84 artifacts=59 advent-overaccept=43 advent-underaccept=12 compiler-timeout=3 reference-disagreement=1761 same=26318 tree-difference=9
[28168/100000] reference-disagreement wide:closure:line-comment+keyword:real:LayoutNodes+Parsable:143 len=202 artifacts=59 advent-overaccept=43 advent-underaccept=12 compiler-timeout=3 reference-disagreement=1762 same=26339 tree-difference=9
[28190/100000] reference-disagreement keypath-component-matrix len=34 artifacts=59 advent-overaccept=43 advent-underaccept=12 compiler-timeout=3 reference-disagreement=1763 same=26360 tree-difference=9
[28198/100000] reference-disagreement wide:struct-member:raw:real:SyntaxNodeWithBody:97 len=66 artifacts=59 advent-overaccept=43 advent-underaccept=12 compiler-timeout=3 reference-disagreement=1764 same=26367 tree-difference=9
[28223/100000] reference-disagreement wide:closure:block-comment:real:SyntaxVisitor:18+real:SyntaxTraits:714 len=324 artifacts=59 advent-overaccept=43 advent-underaccept=12 compiler-timeout=3 reference-disagreement=1765 same=26391 tree-difference=9
[28226/100000] reference-disagreement wide:closure:newline+space+block-comment:real:SyntaxNodeWithBody:209 len=89 artifacts=59 advent-overaccept=43 advent-underaccept=12 compiler-timeout=3 reference-disagreement=1766 same=26393 tree-difference=9
[28232/100000] reference-disagreement wide:func-body:space+block-comment+newline:real:ParserDiagnosticMessages:315+real:Utils:46 len=945 artifacts=59 advent-overaccept=43 advent-underaccept=12 compiler-timeout=3 reference-disagreement=1767 same=26398 tree-difference=9
[28237/100000] reference-disagreement wide:closure:raw:real:SyntaxExpressibleByStringInterpolationConformances:70 len=112 artifacts=59 advent-overaccept=43 advent-underaccept=12 compiler-timeout=3 reference-disagreement=1768 same=26402 tree-difference=9
[28242/100000] reference-disagreement wide:func-body:newline+newline+line-comment:real:SyntaxTraits:800 len=72 artifacts=59 advent-overaccept=43 advent-underaccept=12 compiler-timeout=3 reference-disagreement=1769 same=26406 tree-difference=9
[28245/100000] reference-disagreement wide:closure:raw:real:LayoutNodes+Parsable:231 len=201 artifacts=59 advent-overaccept=43 advent-underaccept=12 compiler-timeout=3 reference-disagreement=1770 same=26408 tree-difference=9
[28250/100000] same frontier:protocol-accessor-shape len=112 artifacts=59 advent-overaccept=43 advent-underaccept=12 compiler-timeout=3 reference-disagreement=1770 same=26413 tree-difference=9
[28255/100000] reference-disagreement wide:struct-member:raw:real:SyntaxTraits:758 len=165 artifacts=59 advent-overaccept=43 advent-underaccept=12 compiler-timeout=3 reference-disagreement=1771 same=26417 tree-difference=9
[28273/100000] reference-disagreement wide:closure:line-comment:translated:testInitDeinit14#1 len=157 artifacts=59 advent-overaccept=43 advent-underaccept=12 compiler-timeout=3 reference-disagreement=1772 same=26434 tree-difference=9
[28276/100000] advent-overaccept wide:top:splice+newline:attribute:testDerivativeAttribute#2+real:Parser:530 len=1197 artifacts=60 advent-overaccept=44 advent-underaccept=12 compiler-timeout=3 reference-disagreement=1772 same=26436 tree-difference=9
[28297/100000] reference-disagreement wide:top:raw:translated:testForLoop#1+translated:testRecovery13#1 len=261 artifacts=60 advent-overaccept=44 advent-underaccept=12 compiler-timeout=3 reference-disagreement=1773 same=26456 tree-difference=9
[28302/100000] reference-disagreement keypath-component-matrix len=57 artifacts=60 advent-overaccept=44 advent-underaccept=12 compiler-timeout=3 reference-disagreement=1774 same=26460 tree-difference=9
[28326/100000] advent-underaccept wide:closure:line-comment:translated:testSwitch60#1 len=91 artifacts=61 advent-overaccept=44 advent-underaccept=13 compiler-timeout=3 reference-disagreement=1774 same=26483 tree-difference=9
[28349/100000] reference-disagreement wide:closure:block-comment:real:SyntaxExpressibleByStringInterpolationConformances:61 len=95 artifacts=61 advent-overaccept=44 advent-underaccept=13 compiler-timeout=3 reference-disagreement=1775 same=26505 tree-difference=9
[28351/100000] reference-disagreement tspl-divergence-accessor-commitment len=49 artifacts=61 advent-overaccept=44 advent-underaccept=13 compiler-timeout=3 reference-disagreement=1776 same=26506 tree-difference=9
[28385/100000] reference-disagreement wide:ifconfig:raw:translated:testAsync16#1 len=48 artifacts=61 advent-overaccept=44 advent-underaccept=13 compiler-timeout=3 reference-disagreement=1777 same=26539 tree-difference=9
[28390/100000] reference-disagreement wide:trailing-closure:block-comment+newline:real:SyntaxExpressibleByStringInterpolationConformances:118 len=173 artifacts=61 advent-overaccept=44 advent-underaccept=13 compiler-timeout=3 reference-disagreement=1778 same=26543 tree-difference=9
[28398/100000] reference-disagreement wide:struct-member:newline:attribute:testUnavailableFromAsync#1+translated:testOperatorDeclDesignatedTypes9#1 len=112 artifacts=61 advent-overaccept=44 advent-underaccept=13 compiler-timeout=3 reference-disagreement=1779 same=26550 tree-difference=9
[28412/100000] reference-disagreement wide:struct-member:raw:expression:testBorrowExpression#4 len=44 artifacts=61 advent-overaccept=44 advent-underaccept=13 compiler-timeout=3 reference-disagreement=1780 same=26563 tree-difference=9
[28417/100000] reference-disagreement keypath-boundary len=36 artifacts=61 advent-overaccept=44 advent-underaccept=13 compiler-timeout=3 reference-disagreement=1781 same=26567 tree-difference=9
[28440/100000] reference-disagreement wide:trailing-closure:glue+keyword:real:LayoutNodes+Parsable:215 len=187 artifacts=61 advent-overaccept=44 advent-underaccept=13 compiler-timeout=3 reference-disagreement=1782 same=26589 tree-difference=9
[28444/100000] reference-disagreement wide:closure:raw:translated:testOperatorDeclDesignatedTypes10#1 len=61 artifacts=61 advent-overaccept=44 advent-underaccept=13 compiler-timeout=3 reference-disagreement=1783 same=26592 tree-difference=9
[28447/100000] reference-disagreement wide:func-body:newline+newline:real:AbsolutePosition:29 len=299 artifacts=61 advent-overaccept=44 advent-underaccept=13 compiler-timeout=3 reference-disagreement=1784 same=26594 tree-difference=9
[28451/100000] reference-disagreement seed-corpus-structural-splice:declaration-modifier-stack len=84 artifacts=61 advent-overaccept=44 advent-underaccept=13 compiler-timeout=3 reference-disagreement=1785 same=26597 tree-difference=9
[28453/100000] reference-disagreement ifconfig-member-context-boundary len=77 artifacts=61 advent-overaccept=44 advent-underaccept=13 compiler-timeout=3 reference-disagreement=1786 same=26598 tree-difference=9
[28456/100000] reference-disagreement wide:func-body:raw:translated:testModuleSelectorExpr#9 len=71 artifacts=61 advent-overaccept=44 advent-underaccept=13 compiler-timeout=3 reference-disagreement=1787 same=26600 tree-difference=9
[28464/100000] reference-disagreement wide:trailing-closure:raw:real:Indenter:34 len=775 artifacts=61 advent-overaccept=44 advent-underaccept=13 compiler-timeout=3 reference-disagreement=1788 same=26607 tree-difference=9
[28467/100000] reference-disagreement wide:top:raw:declaration:testInitializerWithReturnType#2 len=20 artifacts=61 advent-overaccept=44 advent-underaccept=13 compiler-timeout=3 reference-disagreement=1789 same=26609 tree-difference=9
[28478/100000] reference-disagreement tspl-divergence-protocol-body len=97 artifacts=61 advent-overaccept=44 advent-underaccept=13 compiler-timeout=3 reference-disagreement=1790 same=26619 tree-difference=9
[28485/100000] reference-disagreement wide:trailing-closure:raw:real:ResultBuilders:332 len=125 artifacts=61 advent-overaccept=44 advent-underaccept=13 compiler-timeout=3 reference-disagreement=1791 same=26625 tree-difference=9
[28500/100000] same ifconfig-member-context-boundary len=75 artifacts=61 advent-overaccept=44 advent-underaccept=13 compiler-timeout=3 reference-disagreement=1791 same=26640 tree-difference=9
[28515/100000] reference-disagreement binding-pattern len=458 artifacts=61 advent-overaccept=44 advent-underaccept=13 compiler-timeout=3 reference-disagreement=1792 same=26654 tree-difference=9
[28518/100000] advent-overaccept wide:ifconfig:glue+newline:translated:testFunctionTypeExpr#24 len=51 artifacts=62 advent-overaccept=45 advent-underaccept=13 compiler-timeout=3 reference-disagreement=1792 same=26656 tree-difference=9
[28521/100000] reference-disagreement tspl-divergence-accessor-commitment len=78 artifacts=62 advent-overaccept=45 advent-underaccept=13 compiler-timeout=3 reference-disagreement=1793 same=26658 tree-difference=9
[28523/100000] reference-disagreement wide:extension-member:raw:real:ResultBuilders:193 len=190 artifacts=62 advent-overaccept=45 advent-underaccept=13 compiler-timeout=3 reference-disagreement=1794 same=26659 tree-difference=9
[28540/100000] reference-disagreement wide:func-body:block-comment:real:ParserDiagnosticMessages:750 len=184 artifacts=62 advent-overaccept=45 advent-underaccept=13 compiler-timeout=3 reference-disagreement=1795 same=26675 tree-difference=9
[28565/100000] reference-disagreement wide:func-body:newline+glue:expression:testUnsafeExpr#15+real:ResultBuilders:515 len=603 artifacts=62 advent-overaccept=45 advent-underaccept=13 compiler-timeout=3 reference-disagreement=1796 same=26699 tree-difference=9
[28591/100000] reference-disagreement wide:trailing-closure:block-comment:declaration:testModifiedParameter#5+declaration:testDeinitializers#2 len=58 artifacts=62 advent-overaccept=45 advent-underaccept=13 compiler-timeout=3 reference-disagreement=1797 same=26724 tree-difference=9
[28603/100000] reference-disagreement wide:extension-member:space:real:Convenience:44+translated:testSwitch39#1 len=639 artifacts=62 advent-overaccept=45 advent-underaccept=13 compiler-timeout=3 reference-disagreement=1798 same=26735 tree-difference=9
[28621/100000] reference-disagreement wide:extension-member:line-comment:real:ResultBuilders:128 len=208 artifacts=62 advent-overaccept=45 advent-underaccept=13 compiler-timeout=3 reference-disagreement=1799 same=26752 tree-difference=9
[28627/100000] advent-overaccept wide:closure:line-comment+block-comment+newline:translated:testForwardSlashRegex33#1 len=40 artifacts=63 advent-overaccept=46 advent-underaccept=13 compiler-timeout=3 reference-disagreement=1799 same=26757 tree-difference=9
[28630/100000] reference-disagreement wide:func-body:glue+line-comment:real:PackageTarget:161 len=144 artifacts=63 advent-overaccept=46 advent-underaccept=13 compiler-timeout=3 reference-disagreement=1800 same=26759 tree-difference=9
[28636/100000] reference-disagreement wide:struct-member:duplicate:real:BuildableNodes:848 len=1269 artifacts=63 advent-overaccept=46 advent-underaccept=13 compiler-timeout=3 reference-disagreement=1801 same=26764 tree-difference=9
[28642/100000] reference-disagreement wide:interpolation:raw:translated:testAvailabilityQuery18#1 len=42 artifacts=63 advent-overaccept=46 advent-underaccept=13 compiler-timeout=3 reference-disagreement=1802 same=26769 tree-difference=9
[28655/100000] reference-disagreement wide:closure:newline+newline:real:SyntaxTraits:754 len=115 artifacts=63 advent-overaccept=46 advent-underaccept=13 compiler-timeout=3 reference-disagreement=1803 same=26781 tree-difference=9
[28665/100000] reference-disagreement wide:closure:line-comment+newline+block-comment:real:SwiftSyntaxCompatibility:460 len=81 artifacts=63 advent-overaccept=46 advent-underaccept=13 compiler-timeout=3 reference-disagreement=1804 same=26790 tree-difference=9
[28681/100000] reference-disagreement wide:closure:block-comment+keyword+delete:translated:testEnum80#1 len=1228 artifacts=63 advent-overaccept=46 advent-underaccept=13 compiler-timeout=3 reference-disagreement=1805 same=26805 tree-difference=9
[28741/100000] reference-disagreement attribute-ifconfig-elseif-list len=116 artifacts=63 advent-overaccept=46 advent-underaccept=13 compiler-timeout=3 reference-disagreement=1806 same=26864 tree-difference=9
[28747/100000] reference-disagreement wide:trailing-closure:delete:real:ResultBuilders:297 len=186 artifacts=63 advent-overaccept=46 advent-underaccept=13 compiler-timeout=3 reference-disagreement=1807 same=26869 tree-difference=9
[28750/100000] same regex-slash-operator-boundary len=80 artifacts=63 advent-overaccept=46 advent-underaccept=13 compiler-timeout=3 reference-disagreement=1807 same=26872 tree-difference=9
[28759/100000] reference-disagreement wide:closure:newline+newline:reject:testOperatorDecl12a#1 len=42 artifacts=63 advent-overaccept=46 advent-underaccept=13 compiler-timeout=3 reference-disagreement=1808 same=26880 tree-difference=9
[28793/100000] reference-disagreement tspl-divergence-protocol-body len=235 artifacts=63 advent-overaccept=46 advent-underaccept=13 compiler-timeout=3 reference-disagreement=1809 same=26913 tree-difference=9
[28799/100000] reference-disagreement attribute-ifconfig-elseif-list len=121 artifacts=63 advent-overaccept=46 advent-underaccept=13 compiler-timeout=3 reference-disagreement=1810 same=26918 tree-difference=9
[28808/100000] reference-disagreement wide:extension-member:space+space:real:Syntax+StringInterpolation:263 len=176 artifacts=63 advent-overaccept=46 advent-underaccept=13 compiler-timeout=3 reference-disagreement=1811 same=26926 tree-difference=9
[28830/100000] reference-disagreement wide:struct-member:raw:phase3-function:func-throws+real:LayoutNodes+Parsable:55 len=216 artifacts=63 advent-overaccept=46 advent-underaccept=13 compiler-timeout=3 reference-disagreement=1812 same=26947 tree-difference=9
[28840/100000] reference-disagreement wide:trailing-closure:raw:attribute:testTransposeAttribute#4 len=119 artifacts=63 advent-overaccept=46 advent-underaccept=13 compiler-timeout=3 reference-disagreement=1813 same=26956 tree-difference=9
[28847/100000] reference-disagreement attribute-ifconfig-elseif-list len=114 artifacts=63 advent-overaccept=46 advent-underaccept=13 compiler-timeout=3 reference-disagreement=1814 same=26962 tree-difference=9
[28873/100000] reference-disagreement tspl-divergence-protocol-body len=133 artifacts=63 advent-overaccept=46 advent-underaccept=13 compiler-timeout=3 reference-disagreement=1815 same=26987 tree-difference=9
[28880/100000] reference-disagreement wide:func-body:raw:real:StringLiterals:758 len=185 artifacts=63 advent-overaccept=46 advent-underaccept=13 compiler-timeout=3 reference-disagreement=1816 same=26993 tree-difference=9
[28946/100000] reference-disagreement attribute-ifconfig-elseif-list len=115 artifacts=63 advent-overaccept=46 advent-underaccept=13 compiler-timeout=3 reference-disagreement=1817 same=27058 tree-difference=9
[29000/100000] same wide:top:swap:translated:testDiagnoseAvailability19#1 len=78 artifacts=63 advent-overaccept=46 advent-underaccept=13 compiler-timeout=3 reference-disagreement=1817 same=27112 tree-difference=9
[29023/100000] reference-disagreement wide:ifconfig:raw:translated:testOperatorDecl18#1 len=89 artifacts=63 advent-overaccept=46 advent-underaccept=13 compiler-timeout=3 reference-disagreement=1818 same=27134 tree-difference=9
[29029/100000] reference-disagreement wide:trailing-closure:block-comment:real:LexerDiagnosticMessages:119 len=221 artifacts=63 advent-overaccept=46 advent-underaccept=13 compiler-timeout=3 reference-disagreement=1819 same=27139 tree-difference=9
[29032/100000] reference-disagreement wide:func-body:glue+duplicate:real:Syntax+StringInterpolation:276 len=269 artifacts=63 advent-overaccept=46 advent-underaccept=13 compiler-timeout=3 reference-disagreement=1820 same=27141 tree-difference=9
[29064/100000] reference-disagreement wide:ifconfig:space:translated:testBorrowingContextualParsing#1+translated:testSwitch17#1 len=148 artifacts=63 advent-overaccept=46 advent-underaccept=13 compiler-timeout=3 reference-disagreement=1821 same=27172 tree-difference=9
[29065/100000] reference-disagreement wide:struct-member:delete+line-comment:real:Trivia:132 len=146 artifacts=63 advent-overaccept=46 advent-underaccept=13 compiler-timeout=3 reference-disagreement=1822 same=27172 tree-difference=9
[29068/100000] reference-disagreement grammarish-member-list len=377 artifacts=63 advent-overaccept=46 advent-underaccept=13 compiler-timeout=3 reference-disagreement=1823 same=27174 tree-difference=9
[29071/100000] reference-disagreement wide:trailing-closure:splice+newline:real:SourceLocation:85+translated:testImplicitGetterIncomplete1#1 len=709 artifacts=63 advent-overaccept=46 advent-underaccept=13 compiler-timeout=3 reference-disagreement=1824 same=27176 tree-difference=9
[29094/100000] reference-disagreement grammarish-member-list len=110 artifacts=63 advent-overaccept=46 advent-underaccept=13 compiler-timeout=3 reference-disagreement=1825 same=27198 tree-difference=9
[29147/100000] reference-disagreement wide:closure:glue+block-comment:real:SyntaxExpressibleByStringInterpolationConformances:241 len=102 artifacts=63 advent-overaccept=46 advent-underaccept=13 compiler-timeout=3 reference-disagreement=1826 same=27250 tree-difference=9
[29158/100000] reference-disagreement wide:trailing-closure:raw:real:StandardIOMessageConnection:29 len=43 artifacts=63 advent-overaccept=46 advent-underaccept=13 compiler-timeout=3 reference-disagreement=1827 same=27260 tree-difference=9
[29209/100000] reference-disagreement wide:closure:raw:real:ResultBuilders:401 len=196 artifacts=63 advent-overaccept=46 advent-underaccept=13 compiler-timeout=3 reference-disagreement=1828 same=27310 tree-difference=9
[29230/100000] reference-disagreement keypath-boundary len=38 artifacts=63 advent-overaccept=46 advent-underaccept=13 compiler-timeout=3 reference-disagreement=1829 same=27330 tree-difference=9
[29233/100000] reference-disagreement binding-pattern len=458 artifacts=63 advent-overaccept=46 advent-underaccept=13 compiler-timeout=3 reference-disagreement=1830 same=27332 tree-difference=9
[29250/100000] same wide:after-statement:newline+keyword:reject:testFuncParsing#4 len=53 artifacts=63 advent-overaccept=46 advent-underaccept=13 compiler-timeout=3 reference-disagreement=1830 same=27349 tree-difference=9
[29261/100000] reference-disagreement wide:func-body:newline:translated:testMultilineString39#1+translated:testMatchingPatterns1#1 len=55 artifacts=63 advent-overaccept=46 advent-underaccept=13 compiler-timeout=3 reference-disagreement=1831 same=27359 tree-difference=9
[29286/100000] reference-disagreement wide:closure:newline+splice:real:SyntaxNodeWithBody:212 len=64 artifacts=63 advent-overaccept=46 advent-underaccept=13 compiler-timeout=3 reference-disagreement=1832 same=27383 tree-difference=9
[29316/100000] reference-disagreement wide:closure:newline+splice:translated:testInitDeinit5a#1 len=65 artifacts=63 advent-overaccept=46 advent-underaccept=13 compiler-timeout=3 reference-disagreement=1833 same=27412 tree-difference=9
[29350/100000] reference-disagreement wide:struct-member:newline:real:ActiveSyntaxRewriter:476 len=620 artifacts=63 advent-overaccept=46 advent-underaccept=13 compiler-timeout=3 reference-disagreement=1834 same=27445 tree-difference=9
[29353/100000] reference-disagreement cast-try-operator-cluster len=24 artifacts=63 advent-overaccept=46 advent-underaccept=13 compiler-timeout=3 reference-disagreement=1835 same=27447 tree-difference=9
[29359/100000] reference-disagreement attribute-ifconfig-elseif-list len=129 artifacts=63 advent-overaccept=46 advent-underaccept=13 compiler-timeout=3 reference-disagreement=1836 same=27452 tree-difference=9
[29362/100000] reference-disagreement attribute-ifconfig-elseif-list len=116 artifacts=63 advent-overaccept=46 advent-underaccept=13 compiler-timeout=3 reference-disagreement=1837 same=27454 tree-difference=9
[29376/100000] reference-disagreement tspl-divergence-protocol-body len=76 artifacts=63 advent-overaccept=46 advent-underaccept=13 compiler-timeout=3 reference-disagreement=1838 same=27467 tree-difference=9
[29384/100000] reference-disagreement wide:trailing-closure:splice+keyword+newline:real:ResultBuilders:137+real:Operator:57 len=346 artifacts=63 advent-overaccept=46 advent-underaccept=13 compiler-timeout=3 reference-disagreement=1839 same=27474 tree-difference=9
[29404/100000] reference-disagreement wide:func-body:space:real:Diagnostic:110 len=866 artifacts=63 advent-overaccept=46 advent-underaccept=13 compiler-timeout=3 reference-disagreement=1840 same=27493 tree-difference=9
[29418/100000] reference-disagreement tspl-divergence-protocol-body len=224 artifacts=63 advent-overaccept=46 advent-underaccept=13 compiler-timeout=3 reference-disagreement=1841 same=27506 tree-difference=9
[29425/100000] reference-disagreement wide:extension-member:space+line-comment:real:SyntaxExpressibleByStringInterpolationConformances:22 len=102 artifacts=63 advent-overaccept=46 advent-underaccept=13 compiler-timeout=3 reference-disagreement=1842 same=27512 tree-difference=9
[29455/100000] reference-disagreement wide:func-body:raw:real:AddPackageTarget:154 len=818 artifacts=63 advent-overaccept=46 advent-underaccept=13 compiler-timeout=3 reference-disagreement=1843 same=27541 tree-difference=9
[29457/100000] reference-disagreement wide:struct-member:space+line-comment:translated:testTypeExpr4#1+real:SyntaxParsable+ExpressibleByStringInterpolation:42 len=176 artifacts=63 advent-overaccept=46 advent-underaccept=13 compiler-timeout=3 reference-disagreement=1844 same=27542 tree-difference=9
[29461/100000] reference-disagreement grammarish-member-list len=146 artifacts=63 advent-overaccept=46 advent-underaccept=13 compiler-timeout=3 reference-disagreement=1845 same=27545 tree-difference=9
[29479/100000] reference-disagreement wide:func-body:glue:translated:testDollarIdentifier10#1+real:Statements:387 len=574 artifacts=63 advent-overaccept=46 advent-underaccept=13 compiler-timeout=3 reference-disagreement=1846 same=27562 tree-difference=9
[29497/100000] reference-disagreement wide:func-body:newline+newline+line-comment:real:SwiftSyntaxCompatibility:247+translated:testMultilineString39#1 len=174 artifacts=63 advent-overaccept=46 advent-underaccept=13 compiler-timeout=3 reference-disagreement=1847 same=27579 tree-difference=9
[29498/100000] reference-disagreement attribute-ifconfig-elseif-list len=111 artifacts=63 advent-overaccept=46 advent-underaccept=13 compiler-timeout=3 reference-disagreement=1848 same=27579 tree-difference=9
[29500/100000] same wide:before-statement:newline+swap+newline:phase3-statement:tuple-bind len=38 artifacts=63 advent-overaccept=46 advent-underaccept=13 compiler-timeout=3 reference-disagreement=1848 same=27581 tree-difference=9
[29565/100000] reference-disagreement tspl-divergence-accessor-commitment len=49 artifacts=63 advent-overaccept=46 advent-underaccept=13 compiler-timeout=3 reference-disagreement=1849 same=27645 tree-difference=9
[29581/100000] reference-disagreement wide:func-body:raw:real:GroupedDiagnostics:275 len=656 artifacts=63 advent-overaccept=46 advent-underaccept=13 compiler-timeout=3 reference-disagreement=1850 same=27660 tree-difference=9
[29589/100000] reference-disagreement wide:extension-member:splice+glue+line-comment:type:testNamedOpaqueReturnTypes#1 len=351 artifacts=63 advent-overaccept=46 advent-underaccept=13 compiler-timeout=3 reference-disagreement=1851 same=27667 tree-difference=9
[29603/100000] reference-disagreement grammarish-member-list len=182 artifacts=63 advent-overaccept=46 advent-underaccept=13 compiler-timeout=3 reference-disagreement=1852 same=27680 tree-difference=9
[29620/100000] reference-disagreement attribute-ifconfig-elseif-list len=109 artifacts=63 advent-overaccept=46 advent-underaccept=13 compiler-timeout=3 reference-disagreement=1853 same=27696 tree-difference=9
[29621/100000] reference-disagreement wide:trailing-closure:raw:declaration:testParseIsolatedConformances#2 len=39 artifacts=63 advent-overaccept=46 advent-underaccept=13 compiler-timeout=3 reference-disagreement=1854 same=27696 tree-difference=9
[29622/100000] reference-disagreement member-list-wide-boundary len=307 artifacts=63 advent-overaccept=46 advent-underaccept=13 compiler-timeout=3 reference-disagreement=1855 same=27696 tree-difference=9
[29623/100000] reference-disagreement wide:struct-member:keyword+line-comment+space:real:BuildableNodes:319 len=862 artifacts=63 advent-overaccept=46 advent-underaccept=13 compiler-timeout=3 reference-disagreement=1856 same=27696 tree-difference=9
[29624/100000] reference-disagreement wide:interpolation:raw:translated:testAvailabilityQuery14#1 len=52 artifacts=63 advent-overaccept=46 advent-underaccept=13 compiler-timeout=3 reference-disagreement=1857 same=27696 tree-difference=9
[29633/100000] reference-disagreement keypath-boundary len=38 artifacts=63 advent-overaccept=46 advent-underaccept=13 compiler-timeout=3 reference-disagreement=1858 same=27704 tree-difference=9
[29644/100000] reference-disagreement wide:struct-member:line-comment:reject:testMacroRoleNames#1 len=70 artifacts=63 advent-overaccept=46 advent-underaccept=13 compiler-timeout=3 reference-disagreement=1859 same=27714 tree-difference=9
[29658/100000] reference-disagreement wide:func-body:line-comment+glue:declaration:testDeinitializers#2+translated:testUseCopyVariable#1 len=300 artifacts=63 advent-overaccept=46 advent-underaccept=13 compiler-timeout=3 reference-disagreement=1860 same=27727 tree-difference=9
[29664/100000] reference-disagreement wide:func-body:block-comment:real:ScopeImplementations:34 len=834 artifacts=63 advent-overaccept=46 advent-underaccept=13 compiler-timeout=3 reference-disagreement=1861 same=27732 tree-difference=9
[29677/100000] reference-disagreement keypath-component-matrix len=31 artifacts=63 advent-overaccept=46 advent-underaccept=13 compiler-timeout=3 reference-disagreement=1862 same=27744 tree-difference=9
[29679/100000] reference-disagreement grammarish-member-list len=400 artifacts=63 advent-overaccept=46 advent-underaccept=13 compiler-timeout=3 reference-disagreement=1863 same=27745 tree-difference=9
[29685/100000] reference-disagreement wide:struct-member:space+newline:real:ApusTerminals:83+declaration:testParseIsolatedConformances#4 len=158 artifacts=63 advent-overaccept=46 advent-underaccept=13 compiler-timeout=3 reference-disagreement=1864 same=27750 tree-difference=9
[29688/100000] reference-disagreement wide:func-body:splice+keyword:attribute:testDocumentationAttribute#5+phase3-type:enum-empty len=129 artifacts=63 advent-overaccept=46 advent-underaccept=13 compiler-timeout=3 reference-disagreement=1865 same=27752 tree-difference=9
[29723/100000] reference-disagreement tspl-divergence-protocol-body len=98 artifacts=63 advent-overaccept=46 advent-underaccept=13 compiler-timeout=3 reference-disagreement=1866 same=27786 tree-difference=9
[29737/100000] reference-disagreement wide:trailing-closure:glue+block-comment+delete:real:LayoutNodes+Parsable:239 len=837 artifacts=63 advent-overaccept=46 advent-underaccept=13 compiler-timeout=3 reference-disagreement=1867 same=27799 tree-difference=9
[29750/100000] same wide:top:duplicate+delete:reject:testTypedThrows#6 len=31 artifacts=63 advent-overaccept=46 advent-underaccept=13 compiler-timeout=3 reference-disagreement=1867 same=27812 tree-difference=9
[29765/100000] reference-disagreement tspl-divergence-protocol-body len=68 artifacts=63 advent-overaccept=46 advent-underaccept=13 compiler-timeout=3 reference-disagreement=1868 same=27826 tree-difference=9
[29773/100000] reference-disagreement nested-ifconfig-boundary len=117 artifacts=63 advent-overaccept=46 advent-underaccept=13 compiler-timeout=3 reference-disagreement=1869 same=27833 tree-difference=9
[29788/100000] reference-disagreement wide:trailing-closure:raw:real:SyntaxNodeWithBody:209 len=65 artifacts=63 advent-overaccept=46 advent-underaccept=13 compiler-timeout=3 reference-disagreement=1870 same=27847 tree-difference=9
[29810/100000] reference-disagreement cast-try-operator-cluster len=24 artifacts=63 advent-overaccept=46 advent-underaccept=13 compiler-timeout=3 reference-disagreement=1871 same=27868 tree-difference=9
[29820/100000] reference-disagreement declaration-modifier-stack len=34 artifacts=63 advent-overaccept=46 advent-underaccept=13 compiler-timeout=3 reference-disagreement=1872 same=27877 tree-difference=9
[29881/100000] reference-disagreement keypath-boundary len=44 artifacts=63 advent-overaccept=46 advent-underaccept=13 compiler-timeout=3 reference-disagreement=1873 same=27937 tree-difference=9
[29882/100000] reference-disagreement wide:closure:line-comment:real:AccessorMacro:20 len=433 artifacts=63 advent-overaccept=46 advent-underaccept=13 compiler-timeout=3 reference-disagreement=1874 same=27937 tree-difference=9
[29884/100000] reference-disagreement attribute-ifconfig-elseif-list len=115 artifacts=63 advent-overaccept=46 advent-underaccept=13 compiler-timeout=3 reference-disagreement=1875 same=27938 tree-difference=9
[29888/100000] reference-disagreement wide:trailing-closure:splice+newline:real:Types:1605 len=623 artifacts=63 advent-overaccept=46 advent-underaccept=13 compiler-timeout=3 reference-disagreement=1876 same=27941 tree-difference=9
[29890/100000] reference-disagreement binding-pattern len=458 artifacts=63 advent-overaccept=46 advent-underaccept=13 compiler-timeout=3 reference-disagreement=1877 same=27942 tree-difference=9
[29891/100000] reference-disagreement tspl-divergence-protocol-body len=89 artifacts=63 advent-overaccept=46 advent-underaccept=13 compiler-timeout=3 reference-disagreement=1878 same=27942 tree-difference=9
[29895/100000] reference-disagreement wide:func-body:line-comment:reject:testChainedOptionalUnwrapsAfterSubscript#1 len=33 artifacts=63 advent-overaccept=46 advent-underaccept=13 compiler-timeout=3 reference-disagreement=1879 same=27945 tree-difference=9
[29937/100000] reference-disagreement wide:struct-member:raw:real:Syntax+StringInterpolation:471+real:Oracle:43 len=148 artifacts=63 advent-overaccept=46 advent-underaccept=13 compiler-timeout=3 reference-disagreement=1880 same=27986 tree-difference=9
[29952/100000] reference-disagreement wide:trailing-closure:space:real:Syntax+StringInterpolation:325 len=58 artifacts=63 advent-overaccept=46 advent-underaccept=13 compiler-timeout=3 reference-disagreement=1881 same=28000 tree-difference=9
[29954/100000] reference-disagreement attribute-ifconfig-elseif-list len=125 artifacts=63 advent-overaccept=46 advent-underaccept=13 compiler-timeout=3 reference-disagreement=1882 same=28001 tree-difference=9
[29980/100000] reference-disagreement wide:trailing-closure:space+keyword:phase4-pattern:case-optional-tuple len=135 artifacts=63 advent-overaccept=46 advent-underaccept=13 compiler-timeout=3 reference-disagreement=1883 same=28026 tree-difference=9
[29981/100000] reference-disagreement keypath-boundary len=38 artifacts=63 advent-overaccept=46 advent-underaccept=13 compiler-timeout=3 reference-disagreement=1884 same=28026 tree-difference=9
[30000/100000] same member-list-boundary len=229 artifacts=63 advent-overaccept=46 advent-underaccept=13 compiler-timeout=3 reference-disagreement=1884 same=28045 tree-difference=9
[30020/100000] reference-disagreement wide:func-body:raw:real:Syntax+StringInterpolation:33+translated:testDiagnoseAvailability6#1 len=932 artifacts=63 advent-overaccept=46 advent-underaccept=13 compiler-timeout=3 reference-disagreement=1885 same=28064 tree-difference=9
[30024/100000] reference-disagreement wide:trailing-closure:raw:real:MacroExpansionDiagnosticMessages:26 len=363 artifacts=63 advent-overaccept=46 advent-underaccept=13 compiler-timeout=3 reference-disagreement=1886 same=28067 tree-difference=9
[30027/100000] reference-disagreement wide:trailing-closure:raw:real:ResultBuilders:480 len=195 artifacts=63 advent-overaccept=46 advent-underaccept=13 compiler-timeout=3 reference-disagreement=1887 same=28069 tree-difference=9
[30041/100000] reference-disagreement wide:struct-member:raw:real:SyntaxExpressibleByStringInterpolationConformances:220 len=79 artifacts=63 advent-overaccept=46 advent-underaccept=13 compiler-timeout=3 reference-disagreement=1888 same=28082 tree-difference=9
[30068/100000] reference-disagreement tspl-divergence-accessor-commitment len=78 artifacts=63 advent-overaccept=46 advent-underaccept=13 compiler-timeout=3 reference-disagreement=1889 same=28108 tree-difference=9
[30081/100000] reference-disagreement keypath-component-matrix len=40 artifacts=63 advent-overaccept=46 advent-underaccept=13 compiler-timeout=3 reference-disagreement=1890 same=28120 tree-difference=9
[30084/100000] reference-disagreement tspl-divergence-accessor-commitment len=49 artifacts=63 advent-overaccept=46 advent-underaccept=13 compiler-timeout=3 reference-disagreement=1891 same=28122 tree-difference=9
[30086/100000] reference-disagreement wide:struct-member:raw:real:SyntaxBaseNodes:1062 len=687 artifacts=63 advent-overaccept=46 advent-underaccept=13 compiler-timeout=3 reference-disagreement=1892 same=28123 tree-difference=9
[30133/100000] reference-disagreement attribute-ifconfig-elseif-list len=133 artifacts=63 advent-overaccept=46 advent-underaccept=13 compiler-timeout=3 reference-disagreement=1893 same=28169 tree-difference=9
[30162/100000] reference-disagreement wide:struct-member:glue:real:SyntaxTraits:682+real:MacroSystem:621 len=177 artifacts=63 advent-overaccept=46 advent-underaccept=13 compiler-timeout=3 reference-disagreement=1894 same=28197 tree-difference=9
[30171/100000] reference-disagreement wide:ifconfig:keyword+block-comment:translated:testDeprecatedWhere6#1 len=152 artifacts=63 advent-overaccept=46 advent-underaccept=13 compiler-timeout=3 reference-disagreement=1895 same=28205 tree-difference=9
[30173/100000] reference-disagreement attribute-ifconfig-elseif-list len=107 artifacts=63 advent-overaccept=46 advent-underaccept=13 compiler-timeout=3 reference-disagreement=1896 same=28206 tree-difference=9
[30182/100000] reference-disagreement wide:extension-member:keyword:real:SyntaxExpressibleByStringInterpolationConformances:46 len=138 artifacts=63 advent-overaccept=46 advent-underaccept=13 compiler-timeout=3 reference-disagreement=1897 same=28214 tree-difference=9
[30191/100000] reference-disagreement wide:trailing-closure:raw:real:IdentifiableSyntax:40 len=108 artifacts=63 advent-overaccept=46 advent-underaccept=13 compiler-timeout=3 reference-disagreement=1898 same=28222 tree-difference=9
[30193/100000] reference-disagreement tspl-divergence-protocol-body len=226 artifacts=63 advent-overaccept=46 advent-underaccept=13 compiler-timeout=3 reference-disagreement=1899 same=28223 tree-difference=9
[30211/100000] reference-disagreement tspl-divergence-protocol-body len=183 artifacts=63 advent-overaccept=46 advent-underaccept=13 compiler-timeout=3 reference-disagreement=1900 same=28240 tree-difference=9
[30247/100000] reference-disagreement attribute-ifconfig-elseif-list len=121 artifacts=63 advent-overaccept=46 advent-underaccept=13 compiler-timeout=3 reference-disagreement=1901 same=28275 tree-difference=9
[30250/100000] same frontier:condition-trailing-closure-scope len=467 artifacts=63 advent-overaccept=46 advent-underaccept=13 compiler-timeout=3 reference-disagreement=1901 same=28278 tree-difference=9
[30260/100000] reference-disagreement wide:struct-member:splice:real:Statements:531+attribute:testExpose#2 len=752 artifacts=63 advent-overaccept=46 advent-underaccept=13 compiler-timeout=3 reference-disagreement=1902 same=28287 tree-difference=9
[30265/100000] reference-disagreement wide:trailing-closure:raw:translated:testTypeExpr25m#1+real:SyntaxTraits:858 len=106 artifacts=63 advent-overaccept=46 advent-underaccept=13 compiler-timeout=3 reference-disagreement=1903 same=28291 tree-difference=9
[30280/100000] reference-disagreement wide:struct-member:newline:real:DiagnosticGroupInheritanceTree:32 len=906 artifacts=63 advent-overaccept=46 advent-underaccept=13 compiler-timeout=3 reference-disagreement=1904 same=28305 tree-difference=9
[30301/100000] reference-disagreement wide:struct-member:raw:real:MacroExpansion:549 len=549 artifacts=63 advent-overaccept=46 advent-underaccept=13 compiler-timeout=3 reference-disagreement=1905 same=28325 tree-difference=9
[30314/100000] reference-disagreement tspl-divergence-accessor-commitment len=78 artifacts=63 advent-overaccept=46 advent-underaccept=13 compiler-timeout=3 reference-disagreement=1906 same=28337 tree-difference=9
[30351/100000] reference-disagreement wide:func-body:raw:real:Utils:19 len=852 artifacts=63 advent-overaccept=46 advent-underaccept=13 compiler-timeout=3 reference-disagreement=1907 same=28373 tree-difference=9
[30355/100000] reference-disagreement wide:struct-member:raw:real:Utils:83+phase4-decl:init-async len=883 artifacts=63 advent-overaccept=46 advent-underaccept=13 compiler-timeout=3 reference-disagreement=1908 same=28376 tree-difference=9
[30392/100000] reference-disagreement grammarish-member-list len=175 artifacts=63 advent-overaccept=46 advent-underaccept=13 compiler-timeout=3 reference-disagreement=1909 same=28412 tree-difference=9
[30453/100000] reference-disagreement wide:func-body:delete+newline:real:ActiveSyntaxRewriter:395 len=855 artifacts=63 advent-overaccept=46 advent-underaccept=13 compiler-timeout=3 reference-disagreement=1910 same=28472 tree-difference=9
[30454/100000] reference-disagreement wide:after-statement:raw:translated:testSwitch11#1 len=87 artifacts=63 advent-overaccept=46 advent-underaccept=13 compiler-timeout=3 reference-disagreement=1911 same=28472 tree-difference=9
[30461/100000] reference-disagreement wide:struct-member:raw:real:RenamedChildrenBuilderCompatibility:460 len=1288 artifacts=63 advent-overaccept=46 advent-underaccept=13 compiler-timeout=3 reference-disagreement=1912 same=28478 tree-difference=9
[30474/100000] reference-disagreement wide:func-body:glue+line-comment+splice:real:FunctionScopeSyntax:15+translated:testRawString21#1 len=247 artifacts=63 advent-overaccept=46 advent-underaccept=13 compiler-timeout=3 reference-disagreement=1913 same=28490 tree-difference=9
[30476/100000] reference-disagreement wide:closure:space:translated:testAvailabilityQuery18#1+real:SyntaxTraits:748 len=137 artifacts=63 advent-overaccept=46 advent-underaccept=13 compiler-timeout=3 reference-disagreement=1914 same=28491 tree-difference=9
[30492/100000] reference-disagreement wide:closure:raw:real:Cursor:409 len=358 artifacts=63 advent-overaccept=46 advent-underaccept=13 compiler-timeout=3 reference-disagreement=1915 same=28506 tree-difference=9
[30498/100000] reference-disagreement attribute-ifconfig-elseif-list len=137 artifacts=63 advent-overaccept=46 advent-underaccept=13 compiler-timeout=3 reference-disagreement=1916 same=28511 tree-difference=9
[30499/100000] reference-disagreement wide:closure:newline:real:ActiveSyntaxRewriter:395 len=864 artifacts=63 advent-overaccept=46 advent-underaccept=13 compiler-timeout=3 reference-disagreement=1917 same=28511 tree-difference=9
[30500/100000] same frontier:protocol-accessor-shape len=83 artifacts=63 advent-overaccept=46 advent-underaccept=13 compiler-timeout=3 reference-disagreement=1917 same=28512 tree-difference=9
[30506/100000] reference-disagreement wide:top:newline:translated:testInvalid16a#1 len=38 artifacts=63 advent-overaccept=46 advent-underaccept=13 compiler-timeout=3 reference-disagreement=1918 same=28517 tree-difference=9
[30508/100000] reference-disagreement tspl-divergence-accessor-commitment len=49 artifacts=63 advent-overaccept=46 advent-underaccept=13 compiler-timeout=3 reference-disagreement=1919 same=28518 tree-difference=9
[30557/100000] reference-disagreement wide:trailing-closure:raw:translated:testEnum54#1 len=69 artifacts=63 advent-overaccept=46 advent-underaccept=13 compiler-timeout=3 reference-disagreement=1920 same=28566 tree-difference=9
[30558/100000] reference-disagreement tspl-divergence-protocol-body len=153 artifacts=63 advent-overaccept=46 advent-underaccept=13 compiler-timeout=3 reference-disagreement=1921 same=28566 tree-difference=9
[30561/100000] reference-disagreement wide:extension-member:raw:real:SyntaxTraits:726+real:LayoutNodes+Parsable:119 len=261 artifacts=63 advent-overaccept=46 advent-underaccept=13 compiler-timeout=3 reference-disagreement=1922 same=28568 tree-difference=9
[30575/100000] reference-disagreement wide:top:duplicate+newline+newline:real:Specifiers:181 len=639 artifacts=63 advent-overaccept=46 advent-underaccept=13 compiler-timeout=3 reference-disagreement=1923 same=28581 tree-difference=9
[30598/100000] reference-disagreement member-list-wide-boundary len=517 artifacts=63 advent-overaccept=46 advent-underaccept=13 compiler-timeout=3 reference-disagreement=1924 same=28603 tree-difference=9
[30604/100000] reference-disagreement wide:struct-member:raw:real:ResultBuilders:401+real:SyntaxTraits:690 len=247 artifacts=63 advent-overaccept=46 advent-underaccept=13 compiler-timeout=3 reference-disagreement=1925 same=28608 tree-difference=9
[30616/100000] reference-disagreement attribute-ifconfig-elseif-list len=117 artifacts=63 advent-overaccept=46 advent-underaccept=13 compiler-timeout=3 reference-disagreement=1926 same=28619 tree-difference=9
[30621/100000] advent-overaccept wide:before-statement:line-comment+newline+newline:real:Oracle:210+phase4-coroutine:op-trailing-comma len=875 artifacts=64 advent-overaccept=47 advent-underaccept=13 compiler-timeout=3 reference-disagreement=1926 same=28623 tree-difference=9
[30627/100000] reference-disagreement wide:extension-member:raw:real:Parameters:54+translated:testInitDeinit2#1 len=131 artifacts=64 advent-overaccept=47 advent-underaccept=13 compiler-timeout=3 reference-disagreement=1927 same=28628 tree-difference=9
[30630/100000] reference-disagreement wide:func-body:raw:real:BuildableNodes:319 len=862 artifacts=64 advent-overaccept=47 advent-underaccept=13 compiler-timeout=3 reference-disagreement=1928 same=28630 tree-difference=9
[30642/100000] reference-disagreement keypath-component-matrix len=34 artifacts=64 advent-overaccept=47 advent-underaccept=13 compiler-timeout=3 reference-disagreement=1929 same=28641 tree-difference=9
[30664/100000] reference-disagreement attribute-ifconfig-elseif-list len=131 artifacts=64 advent-overaccept=47 advent-underaccept=13 compiler-timeout=3 reference-disagreement=1930 same=28662 tree-difference=9
[30669/100000] reference-disagreement wide:trailing-closure:glue+space:real:StringExtensions:38 len=469 artifacts=64 advent-overaccept=47 advent-underaccept=13 compiler-timeout=3 reference-disagreement=1931 same=28666 tree-difference=9
[30681/100000] reference-disagreement wide:trailing-closure:raw:real:ResultBuilders:531 len=216 artifacts=64 advent-overaccept=47 advent-underaccept=13 compiler-timeout=3 reference-disagreement=1932 same=28677 tree-difference=9
[30690/100000] reference-disagreement wide:closure:glue+glue:translated:testTry42#1+real:ResultBuilders:384 len=231 artifacts=64 advent-overaccept=47 advent-underaccept=13 compiler-timeout=3 reference-disagreement=1933 same=28685 tree-difference=9
[30750/100000] same statement-list len=484 artifacts=64 advent-overaccept=47 advent-underaccept=13 compiler-timeout=3 reference-disagreement=1933 same=28745 tree-difference=9
[30762/100000] reference-disagreement wide:func-body:keyword:real:PresenceUtils:41 len=262 artifacts=64 advent-overaccept=47 advent-underaccept=13 compiler-timeout=3 reference-disagreement=1934 same=28756 tree-difference=9
[30764/100000] reference-disagreement wide:ifconfig:raw:translated:testOperatorDeclDesignatedTypes2#1+translated:testEffectfulProperties5#1 len=203 artifacts=64 advent-overaccept=47 advent-underaccept=13 compiler-timeout=3 reference-disagreement=1935 same=28757 tree-difference=9
[30817/100000] reference-disagreement attribute-ifconfig-elseif-list len=133 artifacts=64 advent-overaccept=47 advent-underaccept=13 compiler-timeout=3 reference-disagreement=1936 same=28809 tree-difference=9
[30825/100000] reference-disagreement wide:closure:raw:real:SyntaxNodeWithBody:42 len=220 artifacts=64 advent-overaccept=47 advent-underaccept=13 compiler-timeout=3 reference-disagreement=1937 same=28816 tree-difference=9
[30829/100000] reference-disagreement wide:closure:space:real:CompilerPluginMessageHandler:144+phase3-statement:throw-stmt len=571 artifacts=64 advent-overaccept=47 advent-underaccept=13 compiler-timeout=3 reference-disagreement=1938 same=28819 tree-difference=9
[30846/100000] reference-disagreement wide:trailing-closure:newline:real:Message:74 len=307 artifacts=64 advent-overaccept=47 advent-underaccept=13 compiler-timeout=3 reference-disagreement=1939 same=28835 tree-difference=9
[30847/100000] reference-disagreement wide:trailing-closure:raw:real:ResultBuilders:557 len=207 artifacts=64 advent-overaccept=47 advent-underaccept=13 compiler-timeout=3 reference-disagreement=1940 same=28835 tree-difference=9
[30870/100000] reference-disagreement member-list-wide-boundary len=179 artifacts=64 advent-overaccept=47 advent-underaccept=13 compiler-timeout=3 reference-disagreement=1941 same=28857 tree-difference=9
[30889/100000] reference-disagreement wide:before-statement:space:translated:testEnum14#1 len=99 artifacts=64 advent-overaccept=47 advent-underaccept=13 compiler-timeout=3 reference-disagreement=1942 same=28875 tree-difference=9
[30944/100000] reference-disagreement wide:trailing-closure:line-comment:real:SyntaxNodeWithBody:74 len=511 artifacts=64 advent-overaccept=47 advent-underaccept=13 compiler-timeout=3 reference-disagreement=1943 same=28929 tree-difference=9
[30960/100000] reference-disagreement wide:closure:space:translated:testForwardSlashRegexSkippingAllowed9#1 len=78 artifacts=64 advent-overaccept=47 advent-underaccept=13 compiler-timeout=3 reference-disagreement=1944 same=28944 tree-difference=9
[30969/100000] reference-disagreement wide:closure:newline:translated:testModuleSelectorExpr#8 len=75 artifacts=64 advent-overaccept=47 advent-underaccept=13 compiler-timeout=3 reference-disagreement=1945 same=28952 tree-difference=9
[30978/100000] reference-disagreement wide:closure:space:real:LookupResult:124 len=213 artifacts=64 advent-overaccept=47 advent-underaccept=13 compiler-timeout=3 reference-disagreement=1946 same=28960 tree-difference=9
[30987/100000] reference-disagreement tspl-divergence-protocol-body len=218 artifacts=64 advent-overaccept=47 advent-underaccept=13 compiler-timeout=3 reference-disagreement=1947 same=28968 tree-difference=9
[30991/100000] reference-disagreement wide:closure:newline+block-comment+glue:real:ResultBuilders:280 len=141 artifacts=64 advent-overaccept=47 advent-underaccept=13 compiler-timeout=3 reference-disagreement=1948 same=28971 tree-difference=9
[31000/100000] same wide:trailing-closure:newline+keyword+splice:reject:testInvalid23#1 len=28 artifacts=64 advent-overaccept=47 advent-underaccept=13 compiler-timeout=3 reference-disagreement=1948 same=28980 tree-difference=9
[31026/100000] reference-disagreement wide:after-statement:newline+duplicate+newline:real:LexerDiagnosticMessages:45 len=112 artifacts=64 advent-overaccept=47 advent-underaccept=13 compiler-timeout=3 reference-disagreement=1949 same=29005 tree-difference=9
[31030/100000] reference-disagreement statement-list len=562 artifacts=64 advent-overaccept=47 advent-underaccept=13 compiler-timeout=3 reference-disagreement=1950 same=29008 tree-difference=9
[31044/100000] reference-disagreement wide:extension-member:raw:real:SyntaxTraits:460 len=424 artifacts=64 advent-overaccept=47 advent-underaccept=13 compiler-timeout=3 reference-disagreement=1951 same=29021 tree-difference=9
[31046/100000] reference-disagreement attribute-boundary len=37 artifacts=64 advent-overaccept=47 advent-underaccept=13 compiler-timeout=3 reference-disagreement=1952 same=29022 tree-difference=9
[31060/100000] compiler-timeout wide:interpolation:block-comment:reject:testOperatorDecl13#1 len=34 artifacts=64 advent-overaccept=47 advent-underaccept=13 compiler-timeout=4 reference-disagreement=1952 same=29035 tree-difference=9
[31064/100000] reference-disagreement declaration-modifier-stack len=34 artifacts=64 advent-overaccept=47 advent-underaccept=13 compiler-timeout=4 reference-disagreement=1953 same=29038 tree-difference=9
[31081/100000] reference-disagreement keypath-boundary len=36 artifacts=64 advent-overaccept=47 advent-underaccept=13 compiler-timeout=4 reference-disagreement=1954 same=29054 tree-difference=9
[31120/100000] reference-disagreement wide:ifconfig:raw:attribute:testBackDeployed#3 len=133 artifacts=64 advent-overaccept=47 advent-underaccept=13 compiler-timeout=4 reference-disagreement=1955 same=29092 tree-difference=9
[31123/100000] reference-disagreement statement-list len=519 artifacts=64 advent-overaccept=47 advent-underaccept=13 compiler-timeout=4 reference-disagreement=1956 same=29094 tree-difference=9
[31148/100000] reference-disagreement wide:trailing-closure:raw:real:RawSyntaxArena:245 len=390 artifacts=64 advent-overaccept=47 advent-underaccept=13 compiler-timeout=4 reference-disagreement=1957 same=29118 tree-difference=9
[31153/100000] reference-disagreement attribute-ifconfig-elseif-list len=108 artifacts=64 advent-overaccept=47 advent-underaccept=13 compiler-timeout=4 reference-disagreement=1958 same=29122 tree-difference=9
[31159/100000] advent-overaccept wide:func-body:raw:declaration:testUsing#2 len=33 artifacts=65 advent-overaccept=48 advent-underaccept=13 compiler-timeout=4 reference-disagreement=1958 same=29127 tree-difference=9
[31178/100000] reference-disagreement member-list-wide-boundary len=109 artifacts=65 advent-overaccept=48 advent-underaccept=13 compiler-timeout=4 reference-disagreement=1959 same=29145 tree-difference=9
[31192/100000] reference-disagreement wide:func-body:raw:real:ConvenienceInitializers:176 len=210 artifacts=65 advent-overaccept=48 advent-underaccept=13 compiler-timeout=4 reference-disagreement=1960 same=29158 tree-difference=9
[31225/100000] reference-disagreement wide:func-body:space+swap+line-comment:translated:testTypeExpr10#1 len=237 artifacts=65 advent-overaccept=48 advent-underaccept=13 compiler-timeout=4 reference-disagreement=1961 same=29190 tree-difference=9
[31250/100000] reference-disagreement wide:struct-member:raw:real:Expressions:1434 len=776 artifacts=65 advent-overaccept=48 advent-underaccept=13 compiler-timeout=4 reference-disagreement=1962 same=29214 tree-difference=9
[31252/100000] reference-disagreement wide:extension-member:keyword:real:TokenSpecSet:531 len=769 artifacts=65 advent-overaccept=48 advent-underaccept=13 compiler-timeout=4 reference-disagreement=1963 same=29215 tree-difference=9
[31270/100000] reference-disagreement tspl-divergence-accessor-commitment len=49 artifacts=65 advent-overaccept=48 advent-underaccept=13 compiler-timeout=4 reference-disagreement=1964 same=29232 tree-difference=9
[31296/100000] reference-disagreement wide:extension-member:newline+newline:real:CollectionNodes+Parsable:102 len=535 artifacts=65 advent-overaccept=48 advent-underaccept=13 compiler-timeout=4 reference-disagreement=1965 same=29257 tree-difference=9
[31358/100000] reference-disagreement wide:struct-member:raw:real:ResultBuilders:297+real:ConfiguredRegions:131 len=433 artifacts=65 advent-overaccept=48 advent-underaccept=13 compiler-timeout=4 reference-disagreement=1966 same=29318 tree-difference=9
[31368/100000] reference-disagreement declaration-modifier-stack len=34 artifacts=65 advent-overaccept=48 advent-underaccept=13 compiler-timeout=4 reference-disagreement=1967 same=29327 tree-difference=9
[31405/100000] reference-disagreement wide:func-body:space+splice:real:Trivia:132+real:BuildConfiguration:17 len=485 artifacts=65 advent-overaccept=48 advent-underaccept=13 compiler-timeout=4 reference-disagreement=1968 same=29363 tree-difference=9
[31416/100000] reference-disagreement wide:interpolation:raw:translated:testAvailabilityQueryUnavailability26#1 len=62 artifacts=65 advent-overaccept=48 advent-underaccept=13 compiler-timeout=4 reference-disagreement=1969 same=29373 tree-difference=9
[31442/100000] reference-disagreement wide:func-body:raw:real:GrammarNode:62 len=331 artifacts=65 advent-overaccept=48 advent-underaccept=13 compiler-timeout=4 reference-disagreement=1970 same=29398 tree-difference=9
[31447/100000] reference-disagreement wide:trailing-closure:space:attribute:testABIAttribute#2 len=61 artifacts=65 advent-overaccept=48 advent-underaccept=13 compiler-timeout=4 reference-disagreement=1971 same=29402 tree-difference=9
[31479/100000] reference-disagreement wide:closure:raw:real:Syntax+StringInterpolation:325 len=70 artifacts=65 advent-overaccept=48 advent-underaccept=13 compiler-timeout=4 reference-disagreement=1972 same=29433 tree-difference=9
[31488/100000] reference-disagreement wide:struct-member:raw:translated:testEffectfulProperties14#1 len=86 artifacts=65 advent-overaccept=48 advent-underaccept=13 compiler-timeout=4 reference-disagreement=1973 same=29441 tree-difference=9
[31500/100000] same wide:closure:space:reject:testFuncAfterUnbalancedClosingBrace#1+translated:testForwardSlashRegexSkipping56#1 len=67 artifacts=65 advent-overaccept=48 advent-underaccept=13 compiler-timeout=4 reference-disagreement=1973 same=29453 tree-difference=9
[31505/100000] reference-disagreement wide:trailing-closure:newline:real:SwiftSyntaxCompatibility:259+real:Convenience:19 len=680 artifacts=65 advent-overaccept=48 advent-underaccept=13 compiler-timeout=4 reference-disagreement=1974 same=29457 tree-difference=9
[31511/100000] reference-disagreement wide:closure:raw:real:Attributes:993+real:ResultBuilders:38 len=1081 artifacts=65 advent-overaccept=48 advent-underaccept=13 compiler-timeout=4 reference-disagreement=1975 same=29462 tree-difference=9
[31516/100000] reference-disagreement wide:closure:raw:real:ScopeImplementations:907 len=343 artifacts=65 advent-overaccept=48 advent-underaccept=13 compiler-timeout=4 reference-disagreement=1976 same=29466 tree-difference=9
[31517/100000] reference-disagreement attribute-ifconfig-elseif-list len=133 artifacts=65 advent-overaccept=48 advent-underaccept=13 compiler-timeout=4 reference-disagreement=1977 same=29466 tree-difference=9
[31518/100000] reference-disagreement wide:ifconfig:line-comment+keyword+duplicate:reject:testRecovery30#1 len=35 artifacts=65 advent-overaccept=48 advent-underaccept=13 compiler-timeout=4 reference-disagreement=1978 same=29466 tree-difference=9
[31533/100000] reference-disagreement statement-list len=607 artifacts=65 advent-overaccept=48 advent-underaccept=13 compiler-timeout=4 reference-disagreement=1979 same=29480 tree-difference=9
[31542/100000] reference-disagreement wide:trailing-closure:block-comment+keyword+glue:real:SyntaxUtils:287 len=164 artifacts=65 advent-overaccept=48 advent-underaccept=13 compiler-timeout=4 reference-disagreement=1980 same=29488 tree-difference=9
[31587/100000] reference-disagreement wide:func-body:line-comment+newline:real:BodyMacro:21 len=949 artifacts=65 advent-overaccept=48 advent-underaccept=13 compiler-timeout=4 reference-disagreement=1981 same=29532 tree-difference=9
[31598/100000] reference-disagreement wide:closure:raw:real:SwiftSyntaxCompatibility:94 len=920 artifacts=65 advent-overaccept=48 advent-underaccept=13 compiler-timeout=4 reference-disagreement=1982 same=29542 tree-difference=9
[31605/100000] reference-disagreement tspl-divergence-accessor-commitment len=49 artifacts=65 advent-overaccept=48 advent-underaccept=13 compiler-timeout=4 reference-disagreement=1983 same=29548 tree-difference=9
[31616/100000] advent-underaccept wide:after-statement:block-comment:translated:testSwitch59#1 len=87 artifacts=66 advent-overaccept=48 advent-underaccept=14 compiler-timeout=4 reference-disagreement=1983 same=29558 tree-difference=9
[31634/100000] reference-disagreement tspl-divergence-protocol-body len=191 artifacts=66 advent-overaccept=48 advent-underaccept=14 compiler-timeout=4 reference-disagreement=1984 same=29575 tree-difference=9
[31661/100000] reference-disagreement wide:closure:raw:phase4-decl:op-infix len=40 artifacts=66 advent-overaccept=48 advent-underaccept=14 compiler-timeout=4 reference-disagreement=1985 same=29601 tree-difference=9
[31664/100000] advent-overaccept wide:ifconfig:raw:type:testLifetimeSpecifier#2 len=46 artifacts=66 advent-overaccept=49 advent-underaccept=14 compiler-timeout=4 reference-disagreement=1985 same=29603 tree-difference=9
[31680/100000] reference-disagreement attribute-ifconfig-elseif-list len=116 artifacts=66 advent-overaccept=49 advent-underaccept=14 compiler-timeout=4 reference-disagreement=1986 same=29618 tree-difference=9
[31694/100000] reference-disagreement wide:closure:raw:real:NameMatcher:418 len=410 artifacts=66 advent-overaccept=49 advent-underaccept=14 compiler-timeout=4 reference-disagreement=1987 same=29631 tree-difference=9
[31733/100000] reference-disagreement tspl-divergence-protocol-body len=140 artifacts=66 advent-overaccept=49 advent-underaccept=14 compiler-timeout=4 reference-disagreement=1988 same=29669 tree-difference=9
[31734/100000] reference-disagreement member-list-wide-boundary len=283 artifacts=66 advent-overaccept=49 advent-underaccept=14 compiler-timeout=4 reference-disagreement=1989 same=29669 tree-difference=9
[31735/100000] reference-disagreement wide:before-statement:block-comment+newline:translated:testInvalid16a#1 len=60 artifacts=66 advent-overaccept=49 advent-underaccept=14 compiler-timeout=4 reference-disagreement=1990 same=29669 tree-difference=9
[31750/100000] same frontier:protocol-accessor-shape len=67 artifacts=66 advent-overaccept=49 advent-underaccept=14 compiler-timeout=4 reference-disagreement=1990 same=29684 tree-difference=9
[31769/100000] reference-disagreement keypath-boundary len=40 artifacts=66 advent-overaccept=49 advent-underaccept=14 compiler-timeout=4 reference-disagreement=1991 same=29702 tree-difference=9
[31770/100000] reference-disagreement cast-try-operator-cluster len=24 artifacts=66 advent-overaccept=49 advent-underaccept=14 compiler-timeout=4 reference-disagreement=1992 same=29702 tree-difference=9
[31775/100000] reference-disagreement binding-pattern len=458 artifacts=66 advent-overaccept=49 advent-underaccept=14 compiler-timeout=4 reference-disagreement=1993 same=29706 tree-difference=9
[31779/100000] advent-overaccept wide:top:splice:declaration:testUsing#4 len=9 artifacts=67 advent-overaccept=50 advent-underaccept=14 compiler-timeout=4 reference-disagreement=1993 same=29709 tree-difference=9
[31809/100000] reference-disagreement tspl-divergence-accessor-commitment len=49 artifacts=67 advent-overaccept=50 advent-underaccept=14 compiler-timeout=4 reference-disagreement=1994 same=29738 tree-difference=9
[31811/100000] reference-disagreement wide:ifconfig:glue+splice:fuzz-harvest:requirement-self-member len=50 artifacts=67 advent-overaccept=50 advent-underaccept=14 compiler-timeout=4 reference-disagreement=1995 same=29739 tree-difference=9
[31820/100000] reference-disagreement wide:trailing-closure:delete:attribute:testObjcImplementationAttribute#1 len=116 artifacts=67 advent-overaccept=50 advent-underaccept=14 compiler-timeout=4 reference-disagreement=1996 same=29747 tree-difference=9
[31829/100000] reference-disagreement wide:extension-member:raw:real:SyntaxTraits:746 len=82 artifacts=67 advent-overaccept=50 advent-underaccept=14 compiler-timeout=4 reference-disagreement=1997 same=29755 tree-difference=9
[31841/100000] reference-disagreement cast-try-operator-cluster len=24 artifacts=67 advent-overaccept=50 advent-underaccept=14 compiler-timeout=4 reference-disagreement=1998 same=29766 tree-difference=9
[31852/100000] advent-overaccept wide:before-statement:raw:reject:testConflictMarkers12#1 len=146 artifacts=68 advent-overaccept=51 advent-underaccept=14 compiler-timeout=4 reference-disagreement=1998 same=29776 tree-difference=9
[31854/100000] reference-disagreement wide:extension-member:block-comment+glue+glue:statement:testYield#7+real:Indenter:19 len=368 artifacts=68 advent-overaccept=51 advent-underaccept=14 compiler-timeout=4 reference-disagreement=1999 same=29777 tree-difference=9
[31860/100000] reference-disagreement wide:trailing-closure:space:real:Syntax+StringInterpolation:530 len=63 artifacts=68 advent-overaccept=51 advent-underaccept=14 compiler-timeout=4 reference-disagreement=2000 same=29782 tree-difference=9
[31883/100000] advent-overaccept wide:trailing-closure:line-comment+block-comment:real:SyntaxNodeWithBody:305 len=863 artifacts=69 advent-overaccept=52 advent-underaccept=14 compiler-timeout=4 reference-disagreement=2000 same=29804 tree-difference=9
[31894/100000] reference-disagreement wide:trailing-closure:raw:translated:testEnum14#1 len=89 artifacts=69 advent-overaccept=52 advent-underaccept=14 compiler-timeout=4 reference-disagreement=2001 same=29814 tree-difference=9
[31914/100000] reference-disagreement wide:trailing-closure:line-comment:translated:testSwitch24#1 len=51 artifacts=69 advent-overaccept=52 advent-underaccept=14 compiler-timeout=4 reference-disagreement=2002 same=29833 tree-difference=9
[31975/100000] reference-disagreement wide:trailing-closure:block-comment:translated:testEnum83#1+phase4-keypath:kp-tuple-index len=67 artifacts=69 advent-overaccept=52 advent-underaccept=14 compiler-timeout=4 reference-disagreement=2003 same=29893 tree-difference=9
[31982/100000] reference-disagreement wide:top:raw:attribute:testABIAttribute#18 len=35 artifacts=69 advent-overaccept=52 advent-underaccept=14 compiler-timeout=4 reference-disagreement=2004 same=29899 tree-difference=9
[31991/100000] reference-disagreement wide:closure:block-comment+block-comment:translated:testEffectfulProperties8#1 len=137 artifacts=69 advent-overaccept=52 advent-underaccept=14 compiler-timeout=4 reference-disagreement=2005 same=29907 tree-difference=9
[31999/100000] reference-disagreement wide:extension-member:raw:phase4-precedence:pg-empty len=39 artifacts=69 advent-overaccept=52 advent-underaccept=14 compiler-timeout=4 reference-disagreement=2006 same=29914 tree-difference=9
[32000/100000] same generic-where len=94 artifacts=69 advent-overaccept=52 advent-underaccept=14 compiler-timeout=4 reference-disagreement=2006 same=29915 tree-difference=9
[32034/100000] reference-disagreement wide:func-body:glue+block-comment+line-comment:real:SyntaxExpressibleByStringInterpolationConformances:232 len=97 artifacts=69 advent-overaccept=52 advent-underaccept=14 compiler-timeout=4 reference-disagreement=2007 same=29948 tree-difference=9
[32039/100000] reference-disagreement wide:closure:glue:real:LayoutNodes+Parsable:63 len=201 artifacts=69 advent-overaccept=52 advent-underaccept=14 compiler-timeout=4 reference-disagreement=2008 same=29952 tree-difference=9
[32043/100000] reference-disagreement keypath-boundary len=36 artifacts=69 advent-overaccept=52 advent-underaccept=14 compiler-timeout=4 reference-disagreement=2009 same=29955 tree-difference=9
[32047/100000] reference-disagreement attribute-ifconfig-elseif-list len=129 artifacts=69 advent-overaccept=52 advent-underaccept=14 compiler-timeout=4 reference-disagreement=2010 same=29958 tree-difference=9
[32056/100000] reference-disagreement wide:trailing-closure:newline+block-comment:translated:testSwitch63#1 len=67 artifacts=69 advent-overaccept=52 advent-underaccept=14 compiler-timeout=4 reference-disagreement=2011 same=29966 tree-difference=9
[32068/100000] reference-disagreement member-list-wide-boundary len=383 artifacts=69 advent-overaccept=52 advent-underaccept=14 compiler-timeout=4 reference-disagreement=2012 same=29977 tree-difference=9
[32079/100000] reference-disagreement seed-corpus-structural-splice:declaration-modifier-stack len=84 artifacts=69 advent-overaccept=52 advent-underaccept=14 compiler-timeout=4 reference-disagreement=2013 same=29987 tree-difference=9
[32095/100000] reference-disagreement wide:closure:raw:real:LayoutNodes+Parsable:191 len=191 artifacts=69 advent-overaccept=52 advent-underaccept=14 compiler-timeout=4 reference-disagreement=2014 same=30002 tree-difference=9
[32121/100000] reference-disagreement wide:struct-member:block-comment:real:SyntaxTraits:834 len=156 artifacts=69 advent-overaccept=52 advent-underaccept=14 compiler-timeout=4 reference-disagreement=2015 same=30027 tree-difference=9
[32160/100000] reference-disagreement wide:top:newline+newline+delete:declaration:testAccessorBlockAfterPatternBindingDeclWithAttribute#1 len=52 artifacts=69 advent-overaccept=52 advent-underaccept=14 compiler-timeout=4 reference-disagreement=2016 same=30065 tree-difference=9
[32168/100000] reference-disagreement grammarish-member-list len=198 artifacts=69 advent-overaccept=52 advent-underaccept=14 compiler-timeout=4 reference-disagreement=2017 same=30072 tree-difference=9
[32208/100000] reference-disagreement wide:extension-member:raw:real:ScopeImplementations:733 len=448 artifacts=69 advent-overaccept=52 advent-underaccept=14 compiler-timeout=4 reference-disagreement=2018 same=30111 tree-difference=9
[32229/100000] reference-disagreement cast-try-operator-cluster len=24 artifacts=69 advent-overaccept=52 advent-underaccept=14 compiler-timeout=4 reference-disagreement=2019 same=30131 tree-difference=9
[32231/100000] reference-disagreement tspl-divergence-protocol-body len=90 artifacts=69 advent-overaccept=52 advent-underaccept=14 compiler-timeout=4 reference-disagreement=2020 same=30132 tree-difference=9
[32250/100000] same wide:top:raw:real:Syntax+StringInterpolation:286 len=46 artifacts=69 advent-overaccept=52 advent-underaccept=14 compiler-timeout=4 reference-disagreement=2020 same=30151 tree-difference=9
[32287/100000] reference-disagreement keypath-component-matrix len=37 artifacts=69 advent-overaccept=52 advent-underaccept=14 compiler-timeout=4 reference-disagreement=2021 same=30187 tree-difference=9
[3