wide corpus: 4594 entries, 50% of inputs
frontier lanes: 20% of inputs
interesting corpus: 0 entries, 0% of inputs
run: /Users/janwillem/Developer/Xcode/ApusApus/SwiftSyntaxFuzzer/runs/worker-8/2026-10-07T08-39-21Z
seed: 10372684134641896787
iterations: 100000
probe mode: persistent
seed corpus: /Users/janwillem/Developer/Xcode/ApusApus/SwiftSyntaxFuzzer/seeds/known-problems.txt (63 entries)
artifact cap: 10000 files, 1024 MB
artifact statuses: advent-no-generated-tree,advent-overaccept,advent-underaccept,crash,invalid-probe-output,probe-error,residual-ambiguity,timeout,tree-difference
artifact cap per status: 500
artifact dedupe: signal
interesting passes: /Users/janwillem/Developer/Xcode/ApusApus/SwiftSyntaxFuzzer/runs/worker-8/2026-10-07T08-39-21Z/interesting.jsonl (cap 2000)
[1/100000] same frontier:interpolation-delimiter len=358 artifacts=0 same=1
[13/100000] reference-disagreement wide:trailing-closure:raw:real:RemoveSeparatorsFromIntegerLiteral:33 len=426 artifacts=0 reference-disagreement=1 same=12
[44/100000] reference-disagreement keypath-component-matrix len=41 artifacts=0 reference-disagreement=2 same=42
[64/100000] reference-disagreement tspl-divergence-protocol-body len=156 artifacts=0 reference-disagreement=3 same=61
[135/100000] reference-disagreement statement-list len=458 artifacts=0 reference-disagreement=4 same=131
[154/100000] reference-disagreement nested-ifconfig-boundary len=117 artifacts=0 reference-disagreement=5 same=149
[168/100000] reference-disagreement wide:closure:raw:translated:testDollarIdentifier8#1 len=685 artifacts=0 reference-disagreement=6 same=162
[171/100000] reference-disagreement wide:extension-member:newline:real:Syntax+StringInterpolation:527 len=89 artifacts=0 reference-disagreement=7 same=164
[172/100000] reference-disagreement wide:trailing-closure:raw:real:ANSIDiagnosticDecorator:13 len=166 artifacts=0 reference-disagreement=8 same=164
[211/100000] reference-disagreement tspl-divergence-protocol-body len=222 artifacts=0 reference-disagreement=9 same=202
[220/100000] reference-disagreement wide:extension-member:raw:real:SwiftSyntaxCompatibility:486 len=562 artifacts=0 reference-disagreement=10 same=210
[223/100000] reference-disagreement tspl-divergence-protocol-body len=207 artifacts=0 reference-disagreement=11 same=212
[225/100000] reference-disagreement wide:before-statement:block-comment+newline:translated:testTry24#1+expression:testClosureLiterals#2 len=151 artifacts=0 reference-disagreement=12 same=213
[235/100000] reference-disagreement tspl-divergence-protocol-body len=68 artifacts=0 reference-disagreement=13 same=222
[246/100000] reference-disagreement wide:trailing-closure:raw:real:SyntaxTraits:297 len=398 artifacts=0 reference-disagreement=14 same=232
[250/100000] same operator-decl-boundary len=102 artifacts=0 reference-disagreement=14 same=236
[277/100000] reference-disagreement tspl-divergence-protocol-body len=150 artifacts=0 reference-disagreement=15 same=262
[289/100000] reference-disagreement wide:closure:raw:real:ParserDiagnosticMessages:440 len=873 artifacts=0 reference-disagreement=16 same=273
[300/100000] reference-disagreement wide:trailing-closure:block-comment:real:Parameters:35 len=80 artifacts=0 reference-disagreement=17 same=283
[310/100000] reference-disagreement wide:closure:newline+splice:translated:testDeprecatedWhere10#1 len=127 artifacts=0 reference-disagreement=18 same=292
[327/100000] reference-disagreement attribute-boundary len=32 artifacts=0 reference-disagreement=19 same=308
[345/100000] reference-disagreement wide:struct-member:raw:type:testNamedOpaqueReturnTypes#1 len=352 artifacts=0 reference-disagreement=20 same=325
[346/100000] reference-disagreement wide:extension-member:raw:translated:testUnknownPlatform3#1+real:IdentifiableSyntax:22 len=237 artifacts=0 reference-disagreement=21 same=325
[349/100000] reference-disagreement wide:trailing-closure:duplicate+space:real:Diagnostic:81 len=486 artifacts=0 reference-disagreement=22 same=327
[353/100000] reference-disagreement wide:struct-member:glue:translated:testForwardSlashRegex9#1 len=82 artifacts=0 reference-disagreement=23 same=330
[372/100000] advent-underaccept wide:func-body:glue:translated:testForwardSlashRegexSkipping37#1 len=36 artifacts=1 advent-underaccept=1 reference-disagreement=23 same=348
[393/100000] reference-disagreement wide:extension-member:raw:real:SyntaxTraits:824 len=84 artifacts=1 advent-underaccept=1 reference-disagreement=24 same=368
[416/100000] reference-disagreement wide:trailing-closure:raw:real:ConvenienceInitializers:237+expression:testClosureWithExternalParameterName#2 len=478 artifacts=1 advent-underaccept=1 reference-disagreement=25 same=390
[438/100000] reference-disagreement tspl-divergence-protocol-body len=156 artifacts=1 advent-underaccept=1 reference-disagreement=26 same=411
[445/100000] reference-disagreement keypath-boundary len=37 artifacts=1 advent-underaccept=1 reference-disagreement=27 same=417
[461/100000] reference-disagreement wide:extension-member:raw:translated:testModuleSelectorIncorrectRuntimeBaseAttr#1 len=80 artifacts=1 advent-underaccept=1 reference-disagreement=28 same=432
[464/100000] reference-disagreement wide:closure:line-comment+splice+block-comment:real:SyntaxTraits:736 len=79 artifacts=1 advent-underaccept=1 reference-disagreement=29 same=434
[498/100000] reference-disagreement wide:extension-member:raw:translated:testOperatorDeclDesignatedTypes17#1 len=106 artifacts=1 advent-underaccept=1 reference-disagreement=30 same=467
[500/100000] same subscript-call-boundary len=42 artifacts=1 advent-underaccept=1 reference-disagreement=30 same=469
[518/100000] reference-disagreement wide:extension-member:glue:real:SyntaxLiteralUtils:28+real:IncrementalParseTestUtils:148 len=892 artifacts=1 advent-underaccept=1 reference-disagreement=31 same=486
[541/100000] reference-disagreement wide:func-body:raw:real:SyntaxUtils:25 len=272 artifacts=1 advent-underaccept=1 reference-disagreement=32 same=508
[542/100000] reference-disagreement wide:ifconfig:glue:translated:testEffectfulProperties5#1 len=116 artifacts=1 advent-underaccept=1 reference-disagreement=33 same=508
[583/100000] reference-disagreement wide:func-body:raw:real:MacroExpansion:41 len=581 artifacts=1 advent-underaccept=1 reference-disagreement=34 same=548
[622/100000] reference-disagreement keypath-component-matrix len=55 artifacts=1 advent-underaccept=1 reference-disagreement=35 same=586
[632/100000] advent-overaccept wide:after-statement:newline+delete+splice:declaration:testUsing#11 len=36 artifacts=2 advent-overaccept=1 advent-underaccept=1 reference-disagreement=35 same=595
[646/100000] reference-disagreement wide:extension-member:raw:real:SyntaxCollections:305+real:TriviaPieces:251 len=533 artifacts=2 advent-overaccept=1 advent-underaccept=1 reference-disagreement=36 same=608
[665/100000] reference-disagreement wide:trailing-closure:line-comment:real:Parser:848+translated:testToplevelLibrary1#1 len=692 artifacts=2 advent-overaccept=1 advent-underaccept=1 reference-disagreement=37 same=626
[677/100000] reference-disagreement keypath-component-matrix len=57 artifacts=2 advent-overaccept=1 advent-underaccept=1 reference-disagreement=38 same=637
[699/100000] reference-disagreement wide:trailing-closure:newline+splice:phase4-decl:op-prefix len=30 artifacts=2 advent-overaccept=1 advent-underaccept=1 reference-disagreement=39 same=658
[703/100000] reference-disagreement keypath-boundary len=33 artifacts=2 advent-overaccept=1 advent-underaccept=1 reference-disagreement=40 same=661
[707/100000] reference-disagreement wide:func-body:raw:real:SyntaxParsable+ExpressibleByStringInterpolation:50 len=256 artifacts=2 advent-overaccept=1 advent-underaccept=1 reference-disagreement=41 same=664
[708/100000] reference-disagreement attribute-ifconfig-elseif-list len=132 artifacts=2 advent-overaccept=1 advent-underaccept=1 reference-disagreement=42 same=664
[750/100000] same wide:extension-member:raw:real:SyntaxCollections:404 len=493 artifacts=2 advent-overaccept=1 advent-underaccept=1 reference-disagreement=42 same=706
[767/100000] reference-disagreement wide:func-body:raw:real:SyntaxProtocol:590 len=451 artifacts=2 advent-overaccept=1 advent-underaccept=1 reference-disagreement=43 same=722
[776/100000] reference-disagreement cast-try-operator-cluster len=24 artifacts=2 advent-overaccept=1 advent-underaccept=1 reference-disagreement=44 same=730
[788/100000] reference-disagreement tspl-divergence-protocol-body len=136 artifacts=2 advent-overaccept=1 advent-underaccept=1 reference-disagreement=45 same=741
[796/100000] reference-disagreement wide:top:block-comment+splice+newline:translated:testSwitch11#1 len=70 artifacts=2 advent-overaccept=1 advent-underaccept=1 reference-disagreement=46 same=748
[800/100000] reference-disagreement wide:extension-member:keyword:real:LayoutNodes+Parsable:223 len=187 artifacts=2 advent-overaccept=1 advent-underaccept=1 reference-disagreement=47 same=751
[806/100000] reference-disagreement wide:trailing-closure:splice:real:ParserDiagnosticMessages:63 len=87 artifacts=2 advent-overaccept=1 advent-underaccept=1 reference-disagreement=48 same=756
[808/100000] reference-disagreement wide:trailing-closure:glue+newline+newline:real:TokenSpecSet:21+translated:testEffectfulProperties14#1 len=371 artifacts=2 advent-overaccept=1 advent-underaccept=1 reference-disagreement=49 same=757
[840/100000] reference-disagreement wide:extension-member:line-comment:real:Syntax+StringInterpolation:528+translated:testOperators13#1 len=126 artifacts=2 advent-overaccept=1 advent-underaccept=1 reference-disagreement=50 same=788
[860/100000] reference-disagreement keypath-component-matrix len=46 artifacts=2 advent-overaccept=1 advent-underaccept=1 reference-disagreement=51 same=807
[876/100000] reference-disagreement wide:trailing-closure:glue:real:ResultBuilders:480 len=192 artifacts=2 advent-overaccept=1 advent-underaccept=1 reference-disagreement=52 same=822
[890/100000] reference-disagreement statement-list len=672 artifacts=2 advent-overaccept=1 advent-underaccept=1 reference-disagreement=53 same=835
[916/100000] reference-disagreement wide:extension-member:space+newline:phase4-misc:unavail-cond+translated:testBuiltinBridgeObject1#1 len=127 artifacts=2 advent-overaccept=1 advent-underaccept=1 reference-disagreement=54 same=860
[932/100000] reference-disagreement wide:trailing-closure:newline:real:SyntaxSynthesis:19 len=195 artifacts=2 advent-overaccept=1 advent-underaccept=1 reference-disagreement=55 same=875
[943/100000] reference-disagreement wide:trailing-closure:newline+block-comment+newline:real:SyntaxTraits:768 len=73 artifacts=2 advent-overaccept=1 advent-underaccept=1 reference-disagreement=56 same=885
[953/100000] reference-disagreement attribute-boundary len=43 artifacts=2 advent-overaccept=1 advent-underaccept=1 reference-disagreement=57 same=894
[959/100000] reference-disagreement grammarish-member-list len=310 artifacts=2 advent-overaccept=1 advent-underaccept=1 reference-disagreement=58 same=899
[992/100000] reference-disagreement wide:closure:raw:phase3-modifier:open-class len=37 artifacts=2 advent-overaccept=1 advent-underaccept=1 reference-disagreement=59 same=931
[994/100000] reference-disagreement attribute-ifconfig-elseif-list len=123 artifacts=2 advent-overaccept=1 advent-underaccept=1 reference-disagreement=60 same=932
[1000/100000] same statement-control-boundary len=482 artifacts=2 advent-overaccept=1 advent-underaccept=1 reference-disagreement=60 same=938
[1010/100000] reference-disagreement wide:func-body:raw:real:SyntaxTraits:782 len=151 artifacts=2 advent-overaccept=1 advent-underaccept=1 reference-disagreement=61 same=947
[1038/100000] reference-disagreement tspl-divergence-protocol-body len=113 artifacts=2 advent-overaccept=1 advent-underaccept=1 reference-disagreement=62 same=974
[1086/100000] reference-disagreement wide:trailing-closure:glue:real:IfConfigEvaluation:681 len=90 artifacts=2 advent-overaccept=1 advent-underaccept=1 reference-disagreement=63 same=1021
[1105/100000] reference-disagreement wide:closure:newline:real:ResultBuilders:193 len=193 artifacts=2 advent-overaccept=1 advent-underaccept=1 reference-disagreement=64 same=1039
[1124/100000] reference-disagreement wide:struct-member:raw:attribute:testABIAttribute#12 len=41 artifacts=2 advent-overaccept=1 advent-underaccept=1 reference-disagreement=65 same=1057
[1135/100000] reference-disagreement statement-list len=458 artifacts=2 advent-overaccept=1 advent-underaccept=1 reference-disagreement=66 same=1067
[1146/100000] reference-disagreement wide:closure:space:translated:testEnum70#1 len=128 artifacts=2 advent-overaccept=1 advent-underaccept=1 reference-disagreement=67 same=1077
[1151/100000] reference-disagreement keypath-boundary len=38 artifacts=2 advent-overaccept=1 advent-underaccept=1 reference-disagreement=68 same=1081
[1157/100000] reference-disagreement grammarish-member-list len=110 artifacts=2 advent-overaccept=1 advent-underaccept=1 reference-disagreement=69 same=1086
[1167/100000] reference-disagreement wide:trailing-closure:glue:real:ResultBuilders:102 len=171 artifacts=2 advent-overaccept=1 advent-underaccept=1 reference-disagreement=70 same=1095
[1201/100000] reference-disagreement wide:func-body:raw:real:StandardIOMessageConnection:28 len=48 artifacts=2 advent-overaccept=1 advent-underaccept=1 reference-disagreement=71 same=1128
[1203/100000] reference-disagreement tspl-divergence-protocol-body len=273 artifacts=2 advent-overaccept=1 advent-underaccept=1 reference-disagreement=72 same=1129
[1207/100000] reference-disagreement binding-pattern len=458 artifacts=2 advent-overaccept=1 advent-underaccept=1 reference-disagreement=73 same=1132
[1216/100000] reference-disagreement attribute-ifconfig-elseif-list len=116 artifacts=2 advent-overaccept=1 advent-underaccept=1 reference-disagreement=74 same=1140
[1231/100000] reference-disagreement wide:closure:newline+glue+glue:real:SyntaxTraits:726 len=72 artifacts=2 advent-overaccept=1 advent-underaccept=1 reference-disagreement=75 same=1154
[1241/100000] reference-disagreement wide:func-body:raw:real:Parser:449+statement:testForUnsafeStatement#1 len=1120 artifacts=2 advent-overaccept=1 advent-underaccept=1 reference-disagreement=76 same=1163
[1250/100000] same wide:after-statement:newline+delete+delete:type:testInverseTypes#1 len=30 artifacts=2 advent-overaccept=1 advent-underaccept=1 reference-disagreement=76 same=1172
[1255/100000] reference-disagreement wide:func-body:newline+line-comment:declaration:testVariableGetSetNextLine#1+translated:testAsync16#1 len=90 artifacts=2 advent-overaccept=1 advent-underaccept=1 reference-disagreement=77 same=1176
[1259/100000] reference-disagreement member-list-wide-boundary len=476 artifacts=2 advent-overaccept=1 advent-underaccept=1 reference-disagreement=78 same=1179
[1263/100000] reference-disagreement member-list-wide-boundary len=241 artifacts=2 advent-overaccept=1 advent-underaccept=1 reference-disagreement=79 same=1182
[1271/100000] reference-disagreement wide:extension-member:raw:real:DiagnosticGroupInheritanceTree:65+real:Attributes:839 len=796 artifacts=2 advent-overaccept=1 advent-underaccept=1 reference-disagreement=80 same=1189
[1289/100000] reference-disagreement wide:trailing-closure:raw:translated:testSwitch45#1 len=73 artifacts=2 advent-overaccept=1 advent-underaccept=1 reference-disagreement=81 same=1206
[1309/100000] reference-disagreement wide:closure:newline:real:ResultBuilders:388 len=214 artifacts=2 advent-overaccept=1 advent-underaccept=1 reference-disagreement=82 same=1225
[1313/100000] reference-disagreement wide:extension-member:space+delete+delete:real:SyntaxSynthesis:78 len=193 artifacts=2 advent-overaccept=1 advent-underaccept=1 reference-disagreement=83 same=1228
[1319/100000] reference-disagreement keypath-component-matrix len=45 artifacts=2 advent-overaccept=1 advent-underaccept=1 reference-disagreement=84 same=1233
[1332/100000] reference-disagreement member-list-wide-boundary len=267 artifacts=2 advent-overaccept=1 advent-underaccept=1 reference-disagreement=85 same=1245
[1398/100000] advent-underaccept wide:func-body:keyword+block-comment+glue:translated:testSwitch51#1 len=93 artifacts=3 advent-overaccept=1 advent-underaccept=2 reference-disagreement=85 same=1310
[1404/100000] reference-disagreement wide:trailing-closure:glue+delete:real:ChildNameForDiagnostics:385 len=191 artifacts=3 advent-overaccept=1 advent-underaccept=2 reference-disagreement=86 same=1315
[1411/100000] reference-disagreement wide:closure:newline+glue:real:ANSIDiagnosticDecorator:13 len=179 artifacts=3 advent-overaccept=1 advent-underaccept=2 reference-disagreement=87 same=1321
[1419/100000] reference-disagreement grammarish-member-list len=208 artifacts=3 advent-overaccept=1 advent-underaccept=2 reference-disagreement=88 same=1328
[1463/100000] advent-overaccept wide:before-statement:raw:type:testLifetimeSpecifier#5 len=49 artifacts=4 advent-overaccept=2 advent-underaccept=2 reference-disagreement=88 same=1371
[1475/100000] reference-disagreement wide:closure:raw:real:BuildableNodes:1154 len=893 artifacts=4 advent-overaccept=2 advent-underaccept=2 reference-disagreement=89 same=1382
[1478/100000] reference-disagreement attribute-ifconfig-elseif-list len=118 artifacts=4 advent-overaccept=2 advent-underaccept=2 reference-disagreement=90 same=1384
[1499/100000] reference-disagreement tspl-divergence-protocol-body len=231 artifacts=4 advent-overaccept=2 advent-underaccept=2 reference-disagreement=91 same=1404
[1500/100000] same condition-boundary len=483 artifacts=4 advent-overaccept=2 advent-underaccept=2 reference-disagreement=91 same=1405
[1501/100000] reference-disagreement tspl-divergence-protocol-body len=123 artifacts=4 advent-overaccept=2 advent-underaccept=2 reference-disagreement=92 same=1405
[1512/100000] reference-disagreement wide:trailing-closure:raw:real:ExtensionMacro:21 len=1070 artifacts=4 advent-overaccept=2 advent-underaccept=2 reference-disagreement=93 same=1415
[1530/100000] reference-disagreement ifconfig-member-context-boundary len=72 artifacts=4 advent-overaccept=2 advent-underaccept=2 reference-disagreement=94 same=1432
[1581/100000] reference-disagreement wide:struct-member:newline:translated:testDeprecatedWhere6#1 len=138 artifacts=4 advent-overaccept=2 advent-underaccept=2 reference-disagreement=95 same=1482
[1620/100000] reference-disagreement attribute-ifconfig-elseif-list len=111 artifacts=4 advent-overaccept=2 advent-underaccept=2 reference-disagreement=96 same=1520
[1648/100000] reference-disagreement wide:func-body:raw:real:JSONDecoding:23+real:ResultBuilders:553 len=662 artifacts=4 advent-overaccept=2 advent-underaccept=2 reference-disagreement=97 same=1547
[1679/100000] reference-disagreement wide:struct-member:duplicate:real:StandardIOMessageConnection:27 len=50 artifacts=4 advent-overaccept=2 advent-underaccept=2 reference-disagreement=98 same=1577
[1687/100000] reference-disagreement grammarish-member-list len=170 artifacts=4 advent-overaccept=2 advent-underaccept=2 reference-disagreement=99 same=1584
[1736/100000] reference-disagreement wide:closure:raw:real:LayoutNodes+Parsable:111+translated:testInvalid37#1 len=253 artifacts=4 advent-overaccept=2 advent-underaccept=2 reference-disagreement=100 same=1632
[1739/100000] reference-disagreement wide:closure:newline+newline+glue:real:Message:74 len=260 artifacts=4 advent-overaccept=2 advent-underaccept=2 reference-disagreement=101 same=1634
[1744/100000] reference-disagreement wide:trailing-closure:raw:declaration:testPublicClass#1 len=40 artifacts=4 advent-overaccept=2 advent-underaccept=2 reference-disagreement=102 same=1638
[1745/100000] reference-disagreement wide:closure:newline:translated:testGenericDisambiguation13#1+real:NameMatcher:418 len=424 artifacts=4 advent-overaccept=2 advent-underaccept=2 reference-disagreement=103 same=1638
[1748/100000] reference-disagreement wide:func-body:raw:translated:testSwitch79#1 len=80 artifacts=4 advent-overaccept=2 advent-underaccept=2 reference-disagreement=104 same=1640
[1750/100000] same frontier:generic-member-type-shape len=290 artifacts=4 advent-overaccept=2 advent-underaccept=2 reference-disagreement=104 same=1642
[1754/100000] reference-disagreement wide:func-body:space+keyword+splice:real:ResultBuilders:332 len=105 artifacts=4 advent-overaccept=2 advent-underaccept=2 reference-disagreement=105 same=1645
[1781/100000] reference-disagreement keypath-boundary len=44 artifacts=4 advent-overaccept=2 advent-underaccept=2 reference-disagreement=106 same=1671
[1789/100000] reference-disagreement wide:trailing-closure:space:declaration:testImports#1 len=27 artifacts=4 advent-overaccept=2 advent-underaccept=2 reference-disagreement=107 same=1678
[1810/100000] reference-disagreement tspl-divergence-protocol-body len=207 artifacts=4 advent-overaccept=2 advent-underaccept=2 reference-disagreement=108 same=1698
[1886/100000] reference-disagreement wide:extension-member:raw:real:Expressions:2344 len=889 artifacts=4 advent-overaccept=2 advent-underaccept=2 reference-disagreement=109 same=1773
[1895/100000] reference-disagreement tspl-divergence-protocol-body len=132 artifacts=4 advent-overaccept=2 advent-underaccept=2 reference-disagreement=110 same=1781
[1919/100000] reference-disagreement wide:trailing-closure:glue:real:SyntaxExpressibleByStringInterpolationConformances:181 len=165 artifacts=4 advent-overaccept=2 advent-underaccept=2 reference-disagreement=111 same=1804
[1930/100000] reference-disagreement wide:extension-member:raw:real:SyntaxExpressibleByStringInterpolationConformances:31 len=91 artifacts=4 advent-overaccept=2 advent-underaccept=2 reference-disagreement=112 same=1814
[1938/100000] reference-disagreement grammarish-member-list len=297 artifacts=4 advent-overaccept=2 advent-underaccept=2 reference-disagreement=113 same=1821
[1982/100000] reference-disagreement statement-list len=596 artifacts=4 advent-overaccept=2 advent-underaccept=2 reference-disagreement=114 same=1864
[1987/100000] reference-disagreement wide:extension-member:raw:real:SyntaxBaseNodes:797 len=711 artifacts=4 advent-overaccept=2 advent-underaccept=2 reference-disagreement=115 same=1868
[1997/100000] reference-disagreement keypath-boundary len=36 artifacts=4 advent-overaccept=2 advent-underaccept=2 reference-disagreement=116 same=1877
[2000/100000] same collection-type-boundary len=99 artifacts=4 advent-overaccept=2 advent-underaccept=2 reference-disagreement=116 same=1880
[2008/100000] reference-disagreement grammarish-member-list len=250 artifacts=4 advent-overaccept=2 advent-underaccept=2 reference-disagreement=117 same=1887
[2010/100000] reference-disagreement wide:trailing-closure:splice+newline+keyword:real:CollectionNodes+Parsable:63 len=851 artifacts=4 advent-overaccept=2 advent-underaccept=2 reference-disagreement=118 same=1888
[2021/100000] reference-disagreement attribute-ifconfig-elseif-list len=121 artifacts=4 advent-overaccept=2 advent-underaccept=2 reference-disagreement=119 same=1898
[2022/100000] reference-disagreement wide:extension-member:block-comment+line-comment:translated:testDeprecatedWhere10#1+translated:testDiagnoseAvailability1#1 len=246 artifacts=4 advent-overaccept=2 advent-underaccept=2 reference-disagreement=120 same=1898
[2032/100000] reference-disagreement wide:top:line-comment:translated:testSwitch65#1 len=24 artifacts=4 advent-overaccept=2 advent-underaccept=2 reference-disagreement=121 same=1907
[2071/100000] reference-disagreement keypath-component-matrix len=53 artifacts=4 advent-overaccept=2 advent-underaccept=2 reference-disagreement=122 same=1945
[2084/100000] reference-disagreement wide:struct-member:block-comment+newline:real:ResultBuilders:654 len=186 artifacts=4 advent-overaccept=2 advent-underaccept=2 reference-disagreement=123 same=1957
[2099/100000] reference-disagreement attribute-ifconfig-elseif-list len=109 artifacts=4 advent-overaccept=2 advent-underaccept=2 reference-disagreement=124 same=1971
[2116/100000] reference-disagreement wide:struct-member:raw:real:SyntaxTraits:826 len=124 artifacts=4 advent-overaccept=2 advent-underaccept=2 reference-disagreement=125 same=1987
[2143/100000] reference-disagreement wide:closure:raw:real:Diagnostics:55 len=384 artifacts=4 advent-overaccept=2 advent-underaccept=2 reference-disagreement=126 same=2013
[2160/100000] reference-disagreement wide:func-body:raw:real:WarningControlRegionBuilder:91 len=272 artifacts=4 advent-overaccept=2 advent-underaccept=2 reference-disagreement=127 same=2029
[2175/100000] reference-disagreement wide:func-body:newline+duplicate+glue:translated:testSuper3#1+real:ResultBuilders:741 len=938 artifacts=4 advent-overaccept=2 advent-underaccept=2 reference-disagreement=128 same=2043
[2178/100000] reference-disagreement wide:struct-member:raw:real:SyntaxExpressibleByStringInterpolationConformances:271 len=180 artifacts=4 advent-overaccept=2 advent-underaccept=2 reference-disagreement=129 same=2045
[2180/100000] reference-disagreement wide:before-statement:delete+delete:reject:testCoroutineAccessors#1 len=80 artifacts=4 advent-overaccept=2 advent-underaccept=2 reference-disagreement=130 same=2046
[2193/100000] reference-disagreement grammarish-member-list len=296 artifacts=4 advent-overaccept=2 advent-underaccept=2 reference-disagreement=131 same=2058
[2205/100000] reference-disagreement wide:func-body:raw:real:MacroExpansion:27+translated:testForwardSlashRegex47#1 len=284 artifacts=4 advent-overaccept=2 advent-underaccept=2 reference-disagreement=132 same=2069
[2237/100000] reference-disagreement keypath-boundary len=36 artifacts=4 advent-overaccept=2 advent-underaccept=2 reference-disagreement=133 same=2100
[2247/100000] reference-disagreement wide:struct-member:newline:real:Expressions:1853 len=675 artifacts=4 advent-overaccept=2 advent-underaccept=2 reference-disagreement=134 same=2109
[2250/100000] same frontier:statement-member-context len=168 artifacts=4 advent-overaccept=2 advent-underaccept=2 reference-disagreement=134 same=2112
[2255/100000] reference-disagreement wide:top:raw:attribute:testAttributeMainActorClosure#1 len=23 artifacts=4 advent-overaccept=2 advent-underaccept=2 reference-disagreement=135 same=2116
[2267/100000] reference-disagreement wide:closure:raw:attribute:testBackDeployed#6 len=139 artifacts=4 advent-overaccept=2 advent-underaccept=2 reference-disagreement=136 same=2127
[2272/100000] reference-disagreement wide:extension-member:glue:phase3-modifier:public-ext len=40 artifacts=4 advent-overaccept=2 advent-underaccept=2 reference-disagreement=137 same=2131
[2276/100000] reference-disagreement wide:top:keyword:real:ParseDiagnosticsGenerator:76 len=299 artifacts=4 advent-overaccept=2 advent-underaccept=2 reference-disagreement=138 same=2134
[2306/100000] reference-disagreement wide:func-body:raw:translated:testInvalidStringInterpolationProtocol7#1+declaration:testAttributedMacroExpansionDeclaration#10 len=706 artifacts=4 advent-overaccept=2 advent-underaccept=2 reference-disagreement=139 same=2163
[2319/100000] reference-disagreement wide:closure:block-comment+newline:translated:testSwitch55#1+real:SyntaxCollections:1912 len=580 artifacts=4 advent-overaccept=2 advent-underaccept=2 reference-disagreement=140 same=2175
[2332/100000] reference-disagreement wide:extension-member:splice+line-comment:type:testNestedUppercaseSelf#1 len=41 artifacts=4 advent-overaccept=2 advent-underaccept=2 reference-disagreement=141 same=2187
[2345/100000] reference-disagreement tspl-divergence-protocol-body len=225 artifacts=4 advent-overaccept=2 advent-underaccept=2 reference-disagreement=142 same=2199
[2354/100000] reference-disagreement tspl-divergence-accessor-commitment len=49 artifacts=4 advent-overaccept=2 advent-underaccept=2 reference-disagreement=143 same=2207
[2362/100000] reference-disagreement wide:closure:newline+newline:translated:testOperatorDeclDesignatedTypes13#1 len=111 artifacts=4 advent-overaccept=2 advent-underaccept=2 reference-disagreement=144 same=2214
[2364/100000] reference-disagreement wide:func-body:line-comment+space:real:RawSyntaxNodeProtocol:16+real:TokenConsumer:73 len=707 artifacts=4 advent-overaccept=2 advent-underaccept=2 reference-disagreement=145 same=2215
[2376/100000] reference-disagreement wide:trailing-closure:block-comment+space:real:WarningControlDeclSyntax:55 len=388 artifacts=4 advent-overaccept=2 advent-underaccept=2 reference-disagreement=146 same=2226
[2403/100000] reference-disagreement wide:func-body:raw:translated:testEffectfulProperties14#1 len=86 artifacts=4 advent-overaccept=2 advent-underaccept=2 reference-disagreement=147 same=2252
[2468/100000] reference-disagreement wide:closure:line-comment+line-comment:real:DeclSyntaxParseable:58 len=93 artifacts=4 advent-overaccept=2 advent-underaccept=2 reference-disagreement=148 same=2316
[2500/100000] same wide:before-statement:duplicate+keyword:translated:testModuleSelectorWhitespace#3 len=34 artifacts=4 advent-overaccept=2 advent-underaccept=2 reference-disagreement=148 same=2348
[2502/100000] reference-disagreement wide:extension-member:raw:real:SyntaxExpressibleByStringInterpolationConformances:244 len=180 artifacts=4 advent-overaccept=2 advent-underaccept=2 reference-disagreement=149 same=2349
[2503/100000] reference-disagreement wide:ifconfig:block-comment:declaration:testOpenVarInCodeBlockItemList#1+real:SyntaxEditUtils:270 len=490 artifacts=4 advent-overaccept=2 advent-underaccept=2 reference-disagreement=150 same=2349
[2504/100000] reference-disagreement declaration-modifier-stack len=34 artifacts=4 advent-overaccept=2 advent-underaccept=2 reference-disagreement=151 same=2349
[2508/100000] reference-disagreement grammarish-member-list len=243 artifacts=4 advent-overaccept=2 advent-underaccept=2 reference-disagreement=152 same=2352
[2512/100000] advent-overaccept wide:top:newline:type:testLifetimeSpecifier#1 len=28 artifacts=5 advent-overaccept=3 advent-underaccept=2 reference-disagreement=152 same=2355
[2513/100000] reference-disagreement wide:closure:raw:real:ResultBuilders:667+phase2-literal:implicit-member len=231 artifacts=5 advent-overaccept=3 advent-underaccept=2 reference-disagreement=153 same=2355
[2516/100000] reference-disagreement attribute-ifconfig-elseif-list len=125 artifacts=5 advent-overaccept=3 advent-underaccept=2 reference-disagreement=154 same=2357
[2527/100000] reference-disagreement wide:func-body:raw:real:ResultBuilders:241 len=152 artifacts=5 advent-overaccept=3 advent-underaccept=2 reference-disagreement=155 same=2367
[2531/100000] reference-disagreement tspl-divergence-accessor-commitment len=49 artifacts=5 advent-overaccept=3 advent-underaccept=2 reference-disagreement=156 same=2370
[2555/100000] reference-disagreement attribute-ifconfig-elseif-list len=126 artifacts=5 advent-overaccept=3 advent-underaccept=2 reference-disagreement=157 same=2393
[2608/100000] advent-underaccept wide:trailing-closure:splice+space+glue:translated:testForwardSlashRegex42#1 len=23 artifacts=6 advent-overaccept=3 advent-underaccept=3 reference-disagreement=157 same=2445
[2629/100000] reference-disagreement wide:trailing-closure:line-comment:translated:testModuleSelectorAttrs#3 len=90 artifacts=6 advent-overaccept=3 advent-underaccept=3 reference-disagreement=158 same=2465
[2644/100000] reference-disagreement wide:func-body:block-comment+line-comment:real:ResultBuilders:463 len=177 artifacts=6 advent-overaccept=3 advent-underaccept=3 reference-disagreement=159 same=2479
[2647/100000] reference-disagreement wide:closure:newline+line-comment:translated:testInitDeinit6#1 len=71 artifacts=6 advent-overaccept=3 advent-underaccept=3 reference-disagreement=160 same=2481
[2648/100000] reference-disagreement wide:trailing-closure:duplicate:phase2-literal:implicit-member len=29 artifacts=6 advent-overaccept=3 advent-underaccept=3 reference-disagreement=161 same=2481
[2667/100000] reference-disagreement keypath-component-matrix len=48 artifacts=6 advent-overaccept=3 advent-underaccept=3 reference-disagreement=162 same=2499
[2685/100000] reference-disagreement statement-list len=504 artifacts=6 advent-overaccept=3 advent-underaccept=3 reference-disagreement=163 same=2516
[2687/100000] reference-disagreement tspl-divergence-protocol-body len=196 artifacts=6 advent-overaccept=3 advent-underaccept=3 reference-disagreement=164 same=2517
[2704/100000] reference-disagreement attribute-ifconfig-elseif-list len=114 artifacts=6 advent-overaccept=3 advent-underaccept=3 reference-disagreement=165 same=2533
[2742/100000] reference-disagreement tspl-divergence-accessor-commitment len=49 artifacts=6 advent-overaccept=3 advent-underaccept=3 reference-disagreement=166 same=2570
[2750/100000] same wide:closure:raw:reject:testFuncAfterUnbalancedClosingBrace#1 len=37 artifacts=6 advent-overaccept=3 advent-underaccept=3 reference-disagreement=166 same=2578
[2782/100000] reference-disagreement wide:before-statement:raw:translated:testEffectfulProperties6#1 len=120 artifacts=6 advent-overaccept=3 advent-underaccept=3 reference-disagreement=167 same=2609
[2813/100000] reference-disagreement wide:func-body:raw:real:Expressions:1877 len=378 artifacts=6 advent-overaccept=3 advent-underaccept=3 reference-disagreement=168 same=2639
[2828/100000] reference-disagreement wide:closure:newline:real:ResultBuilders:654 len=188 artifacts=6 advent-overaccept=3 advent-underaccept=3 reference-disagreement=169 same=2653
[2838/100000] reference-disagreement wide:before-statement:swap+keyword:statement:testSwitch#3 len=121 artifacts=6 advent-overaccept=3 advent-underaccept=3 reference-disagreement=170 same=2662
[2899/100000] reference-disagreement wide:trailing-closure:block-comment+splice+newline:real:Parser:909 len=417 artifacts=6 advent-overaccept=3 advent-underaccept=3 reference-disagreement=171 same=2722
[2901/100000] reference-disagreement wide:closure:newline+newline+glue:translated:testAsync16#1 len=55 artifacts=6 advent-overaccept=3 advent-underaccept=3 reference-disagreement=172 same=2723
[2913/100000] reference-disagreement wide:trailing-closure:block-comment+glue+newline:real:SyntaxCollections:1054 len=540 artifacts=6 advent-overaccept=3 advent-underaccept=3 reference-disagreement=173 same=2734
[2920/100000] reference-disagreement tspl-divergence-accessor-commitment len=49 artifacts=6 advent-overaccept=3 advent-underaccept=3 reference-disagreement=174 same=2740
[2924/100000] reference-disagreement wide:trailing-closure:raw:phase4-pattern:if-case-enum-assoc-optional+real:SyntaxProtocol:710 len=107 artifacts=6 advent-overaccept=3 advent-underaccept=3 reference-disagreement=175 same=2743
[2937/100000] reference-disagreement wide:closure:glue+newline:translated:testTypeExpr25n#1+real:CompilerPluginMessageHandler:144 len=559 artifacts=6 advent-overaccept=3 advent-underaccept=3 reference-disagreement=176 same=2755
[2953/100000] reference-disagreement wide:struct-member:keyword+block-comment+keyword:real:BuildableNodes:1154+translated:testEnum15#1 len=898 artifacts=6 advent-overaccept=3 advent-underaccept=3 reference-disagreement=177 same=2770
[2966/100000] reference-disagreement tspl-divergence-protocol-body len=231 artifacts=6 advent-overaccept=3 advent-underaccept=3 reference-disagreement=178 same=2782
[2967/100000] reference-disagreement wide:closure:line-comment+newline+glue:real:MacroSystem:492 len=196 artifacts=6 advent-overaccept=3 advent-underaccept=3 reference-disagreement=179 same=2782
[2968/100000] reference-disagreement tspl-divergence-accessor-commitment len=78 artifacts=6 advent-overaccept=3 advent-underaccept=3 reference-disagreement=180 same=2782
[2993/100000] reference-disagreement wide:interpolation:raw:reject:testRecovery29#1 len=21 artifacts=6 advent-overaccept=3 advent-underaccept=3 reference-disagreement=181 same=2806
[3000/100000] same frontier:statement-member-context len=73 artifacts=6 advent-overaccept=3 advent-underaccept=3 reference-disagreement=181 same=2813
[3002/100000] advent-overaccept wide:after-statement:newline+glue+space:expression:testKeyPathMethodAndInitializers#17+reject:testConflictMarkers14#1 len=222 artifacts=7 advent-overaccept=4 advent-underaccept=3 reference-disagreement=181 same=2814
[3032/100000] reference-disagreement wide:struct-member:newline:translated:testInitDeinit22#1 len=157 artifacts=7 advent-overaccept=4 advent-underaccept=3 reference-disagreement=182 same=2843
[3037/100000] reference-disagreement attribute-ifconfig-elseif-list len=133 artifacts=7 advent-overaccept=4 advent-underaccept=3 reference-disagreement=183 same=2847
[3042/100000] reference-disagreement tspl-divergence-protocol-body len=98 artifacts=7 advent-overaccept=4 advent-underaccept=3 reference-disagreement=184 same=2851
[3100/100000] reference-disagreement wide:extension-member:newline:real:ResultBuilders:154+translated:testIfconfigExpr5#1 len=312 artifacts=7 advent-overaccept=4 advent-underaccept=3 reference-disagreement=185 same=2908
[3113/100000] reference-disagreement wide:closure:raw:real:DeclSyntaxParseable:60 len=72 artifacts=7 advent-overaccept=4 advent-underaccept=3 reference-disagreement=186 same=2920
[3126/100000] reference-disagreement tspl-divergence-accessor-commitment len=49 artifacts=7 advent-overaccept=4 advent-underaccept=3 reference-disagreement=187 same=2932
[3128/100000] reference-disagreement member-list-wide-boundary len=103 artifacts=7 advent-overaccept=4 advent-underaccept=3 reference-disagreement=188 same=2933
[3129/100000] reference-disagreement wide:after-statement:block-comment:translated:testInitDeinit6#1 len=66 artifacts=7 advent-overaccept=4 advent-underaccept=3 reference-disagreement=189 same=2933
[3154/100000] reference-disagreement nested-ifconfig-boundary len=146 artifacts=7 advent-overaccept=4 advent-underaccept=3 reference-disagreement=190 same=2957
[3177/100000] reference-disagreement wide:trailing-closure:raw:real:SyntaxCollections:305 len=487 artifacts=7 advent-overaccept=4 advent-underaccept=3 reference-disagreement=191 same=2979
[3185/100000] reference-disagreement wide:trailing-closure:keyword:real:ResultBuilders:410 len=104 artifacts=7 advent-overaccept=4 advent-underaccept=3 reference-disagreement=192 same=2986
[3190/100000] reference-disagreement cast-try-operator-cluster len=24 artifacts=7 advent-overaccept=4 advent-underaccept=3 reference-disagreement=193 same=2990
[3224/100000] advent-overaccept wide:top:swap+swap+keyword:real:CustomTraits:13 len=164 artifacts=8 advent-overaccept=5 advent-underaccept=3 reference-disagreement=193 same=3023
[3233/100000] reference-disagreement wide:closure:block-comment:statement:testTypedThrows#3 len=56 artifacts=8 advent-overaccept=5 advent-underaccept=3 reference-disagreement=194 same=3031
[3236/100000] reference-disagreement cast-try-operator-cluster len=24 artifacts=8 advent-overaccept=5 advent-underaccept=3 reference-disagreement=195 same=3033
[3250/100000] same wide:top:delete:reject:testModuleSelectorIllFormedModuleNames#5 len=12 artifacts=8 advent-overaccept=5 advent-underaccept=3 reference-disagreement=195 same=3047
[3257/100000] reference-disagreement statement-list len=616 artifacts=8 advent-overaccept=5 advent-underaccept=3 reference-disagreement=196 same=3053
[3331/100000] reference-disagreement wide:extension-member:space:declaration:testVariableDeclarations#9+real:SyntaxTraits:804 len=194 artifacts=8 advent-overaccept=5 advent-underaccept=3 reference-disagreement=197 same=3126
[3337/100000] reference-disagreement wide:closure:space+newline:translated:testOperatorDeclDesignatedTypes11#1 len=63 artifacts=8 advent-overaccept=5 advent-underaccept=3 reference-disagreement=198 same=3131
[3340/100000] reference-disagreement wide:extension-member:raw:real:SyntaxTraits:728 len=127 artifacts=8 advent-overaccept=5 advent-underaccept=3 reference-disagreement=199 same=3133
[3344/100000] reference-disagreement wide:func-body:newline+glue+newline:translated:testUnknownPlatform3#1 len=114 artifacts=8 advent-overaccept=5 advent-underaccept=3 reference-disagreement=200 same=3136
[3384/100000] advent-overaccept wide:closure:raw:translated:testFunctionTypeExpr#2 len=30 artifacts=9 advent-overaccept=6 advent-underaccept=3 reference-disagreement=200 same=3175
[3429/100000] reference-disagreement attribute-ifconfig-elseif-list len=137 artifacts=9 advent-overaccept=6 advent-underaccept=3 reference-disagreement=201 same=3219
[3441/100000] reference-disagreement statement-list len=601 artifacts=9 advent-overaccept=6 advent-underaccept=3 reference-disagreement=202 same=3230
[3450/100000] reference-disagreement wide:closure:line-comment+glue:real:ManifestEditError:28 len=903 artifacts=9 advent-overaccept=6 advent-underaccept=3 reference-disagreement=203 same=3238
[3491/100000] reference-disagreement keypath-boundary len=40 artifacts=9 advent-overaccept=6 advent-underaccept=3 reference-disagreement=204 same=3278
[3500/100000] same wide:before-statement:line-comment:reject:testDeinitAwait#1 len=74 artifacts=9 advent-overaccept=6 advent-underaccept=3 reference-disagreement=204 same=3287
[3511/100000] reference-disagreement wide:struct-member:newline:phase4-misc:avail-cond-two+real:RawSyntax:444 len=1111 artifacts=9 advent-overaccept=6 advent-underaccept=3 reference-disagreement=205 same=3297
[3535/100000] reference-disagreement wide:struct-member:raw:real:NameMatcher:418 len=404 artifacts=9 advent-overaccept=6 advent-underaccept=3 reference-disagreement=206 same=3320
[3539/100000] reference-disagreement wide:top:line-comment+glue:translated:testSwitch45#1 len=70 artifacts=9 advent-overaccept=6 advent-underaccept=3 reference-disagreement=207 same=3323
[3545/100000] reference-disagreement wide:closure:space:translated:testIfconfigExpr1#1 len=80 artifacts=9 advent-overaccept=6 advent-underaccept=3 reference-disagreement=208 same=3328
[3546/100000] reference-disagreement attribute-ifconfig-elseif-list len=126 artifacts=9 advent-overaccept=6 advent-underaccept=3 reference-disagreement=209 same=3328
[3570/100000] reference-disagreement wide:struct-member:line-comment+glue:real:SyntaxExpressibleByStringInterpolationConformances:223 len=85 artifacts=9 advent-overaccept=6 advent-underaccept=3 reference-disagreement=210 same=3351
[3582/100000] reference-disagreement tspl-divergence-protocol-body len=175 artifacts=9 advent-overaccept=6 advent-underaccept=3 reference-disagreement=211 same=3362
[3595/100000] reference-disagreement wide:extension-member:block-comment+line-comment+glue:real:SyntaxExpressibleByStringInterpolationConformances:49 len=107 artifacts=9 advent-overaccept=6 advent-underaccept=3 reference-disagreement=212 same=3374
[3597/100000] advent-overaccept wide:func-body:keyword:real:SwiftVersion:13+translated:testDiagnoseAvailabilityWindows3#1 len=256 artifacts=10 advent-overaccept=7 advent-underaccept=3 reference-disagreement=212 same=3375
[3637/100000] reference-disagreement member-list-wide-boundary len=117 artifacts=10 advent-overaccept=7 advent-underaccept=3 reference-disagreement=213 same=3414
[3644/100000] reference-disagreement wide:func-body:keyword+line-comment+keyword:real:StandardIOMessageConnection:28 len=62 artifacts=10 advent-overaccept=7 advent-underaccept=3 reference-disagreement=214 same=3420
[3652/100000] reference-disagreement tspl-divergence-protocol-body len=131 artifacts=10 advent-overaccept=7 advent-underaccept=3 reference-disagreement=215 same=3427
[3664/100000] reference-disagreement tspl-divergence-protocol-body len=207 artifacts=10 advent-overaccept=7 advent-underaccept=3 reference-disagreement=216 same=3438
[3665/100000] reference-disagreement grammarish-member-list len=240 artifacts=10 advent-overaccept=7 advent-underaccept=3 reference-disagreement=217 same=3438
[3666/100000] reference-disagreement func-body len=458 artifacts=10 advent-overaccept=7 advent-underaccept=3 reference-disagreement=218 same=3438
[3678/100000] reference-disagreement wide:closure:raw:translated:testSwitch12#1 len=59 artifacts=10 advent-overaccept=7 advent-underaccept=3 reference-disagreement=219 same=3449
[3689/100000] reference-disagreement wide:closure:space+line-comment:real:SyntaxNodeWithBody:212 len=89 artifacts=10 advent-overaccept=7 advent-underaccept=3 reference-disagreement=220 same=3459
[3690/100000] reference-disagreement member-list-wide-boundary len=176 artifacts=10 advent-overaccept=7 advent-underaccept=3 reference-disagreement=221 same=3459
[3695/100000] reference-disagreement declaration-modifier-stack len=34 artifacts=10 advent-overaccept=7 advent-underaccept=3 reference-disagreement=222 same=3463
[3700/100000] reference-disagreement grammarish-member-list len=274 artifacts=10 advent-overaccept=7 advent-underaccept=3 reference-disagreement=223 same=3467
[3706/100000] reference-disagreement statement-list len=643 artifacts=10 advent-overaccept=7 advent-underaccept=3 reference-disagreement=224 same=3472
[3724/100000] reference-disagreement attribute-ifconfig-elseif-list len=118 artifacts=10 advent-overaccept=7 advent-underaccept=3 reference-disagreement=225 same=3489
[3750/100000] reference-disagreement wide:extension-member:newline+line-comment:reject:testCoroutineAccessors#1 len=98 artifacts=10 advent-overaccept=7 advent-underaccept=3 reference-disagreement=226 same=3514
[3766/100000] reference-disagreement member-list-wide-boundary len=355 artifacts=10 advent-overaccept=7 advent-underaccept=3 reference-disagreement=227 same=3529
[3768/100000] reference-disagreement tspl-divergence-protocol-body len=224 artifacts=10 advent-overaccept=7 advent-underaccept=3 reference-disagreement=228 same=3530
[3823/100000] reference-disagreement wide:func-body:raw:real:RegexLiteralLexer:348+translated:testOperatorDeclDesignatedTypes15#1 len=621 artifacts=10 advent-overaccept=7 advent-underaccept=3 reference-disagreement=229 same=3584
[3839/100000] reference-disagreement wide:closure:splice+newline+block-comment:real:StringLiterals:745 len=306 artifacts=10 advent-overaccept=7 advent-underaccept=3 reference-disagreement=230 same=3599
[3840/100000] reference-disagreement wide:extension-member:raw:translated:testEscapedIdentifiers1#1+real:SyntaxExpressibleByStringInterpolationConformances:160 len=121 artifacts=10 advent-overaccept=7 advent-underaccept=3 reference-disagreement=231 same=3599
[3861/100000] reference-disagreement wide:func-body:raw:real:ExpandEditorPlaceholder:389 len=629 artifacts=10 advent-overaccept=7 advent-underaccept=3 reference-disagreement=232 same=3619
[3869/100000] reference-disagreement wide:func-body:glue:expression:testCollectionLiterals#7+real:ResultBuilders:476 len=191 artifacts=10 advent-overaccept=7 advent-underaccept=3 reference-disagreement=233 same=3626
[3885/100000] reference-disagreement grammarish-member-list len=146 artifacts=10 advent-overaccept=7 advent-underaccept=3 reference-disagreement=234 same=3641
[3900/100000] reference-disagreement wide:extension-member:block-comment+keyword:real:Parameters:56+translated:testForwardSlashRegexSkipping23#1 len=133 artifacts=10 advent-overaccept=7 advent-underaccept=3 reference-disagreement=235 same=3655
[3913/100000] reference-disagreement wide:struct-member:space:real:SyntaxProtocol+Formatted:19+translated:testForwardSlashRegexSkippingAllowed9#1 len=320 artifacts=10 advent-overaccept=7 advent-underaccept=3 reference-disagreement=236 same=3667
[3929/100000] reference-disagreement wide:func-body:duplicate:real:PrecedenceGroup:26 len=832 artifacts=10 advent-overaccept=7 advent-underaccept=3 reference-disagreement=237 same=3682
[3947/100000] reference-disagreement wide:func-body:raw:real:SyntaxExpressibleByStringInterpolationConformances:73 len=192 artifacts=10 advent-overaccept=7 advent-underaccept=3 reference-disagreement=238 same=3699
[3958/100000] advent-underaccept wide:after-statement:splice:type:testNonisolatedSpecifier#9 len=76 artifacts=11 advent-overaccept=7 advent-underaccept=4 reference-disagreement=238 same=3709
[3962/100000] reference-disagreement seed-corpus-structural-splice:preconcurrency-import len=79 artifacts=11 advent-overaccept=7 advent-underaccept=4 reference-disagreement=239 same=3712
[3967/100000] reference-disagreement tspl-divergence-protocol-body len=142 artifacts=11 advent-overaccept=7 advent-underaccept=4 reference-disagreement=240 same=3716
[3969/100000] reference-disagreement attribute-ifconfig-elseif-list len=145 artifacts=11 advent-overaccept=7 advent-underaccept=4 reference-disagreement=241 same=3717
[4000/100000] same binding-pattern len=489 artifacts=11 advent-overaccept=7 advent-underaccept=4 reference-disagreement=241 same=3748
[4008/100000] reference-disagreement wide:func-body:raw:real:Utils:19 len=852 artifacts=11 advent-overaccept=7 advent-underaccept=4 reference-disagreement=242 same=3755
[4018/100000] reference-disagreement wide:extension-member:duplicate:real:VersionTuple:60 len=232 artifacts=11 advent-overaccept=7 advent-underaccept=4 reference-disagreement=243 same=3764
[4030/100000] reference-disagreement wide:trailing-closure:line-comment+space+space:real:SyntaxClassifier:268 len=464 artifacts=11 advent-overaccept=7 advent-underaccept=4 reference-disagreement=244 same=3775
[4031/100000] reference-disagreement wide:func-body:space:translated:testForwardSlashRegexSkipping53#1+real:ResultBuilders:167 len=249 artifacts=11 advent-overaccept=7 advent-underaccept=4 reference-disagreement=245 same=3775
[4035/100000] reference-disagreement wide:func-body:newline:real:DeclSyntaxParseable:52 len=67 artifacts=11 advent-overaccept=7 advent-underaccept=4 reference-disagreement=246 same=3778
[4049/100000] reference-disagreement wide:extension-member:space+duplicate+newline:real:Syntax+StringInterpolation:354+translated:testObjcEnum8#1 len=857 artifacts=11 advent-overaccept=7 advent-underaccept=4 reference-disagreement=247 same=3791
[4063/100000] reference-disagreement statement-list len=633 artifacts=11 advent-overaccept=7 advent-underaccept=4 reference-disagreement=248 same=3804
[4065/100000] reference-disagreement wide:closure:block-comment+newline:real:MacroExpansionDiagnosticMessages:81 len=291 artifacts=11 advent-overaccept=7 advent-underaccept=4 reference-disagreement=249 same=3805
[4109/100000] reference-disagreement wide:struct-member:newline:translated:testEffectfulProperties11#1+real:SyntaxTraits:794 len=125 artifacts=11 advent-overaccept=7 advent-underaccept=4 reference-disagreement=250 same=3848
[4114/100000] reference-disagreement attribute-ifconfig-elseif-list len=123 artifacts=11 advent-overaccept=7 advent-underaccept=4 reference-disagreement=251 same=3852
[4129/100000] reference-disagreement wide:func-body:newline:real:NameMatcher:447 len=479 artifacts=11 advent-overaccept=7 advent-underaccept=4 reference-disagreement=252 same=3866
[4133/100000] reference-disagreement wide:closure:line-comment+space:real:Nominals:381 len=378 artifacts=11 advent-overaccept=7 advent-underaccept=4 reference-disagreement=253 same=3869
[4141/100000] reference-disagreement binding-pattern len=458 artifacts=11 advent-overaccept=7 advent-underaccept=4 reference-disagreement=254 same=3876
[4145/100000] reference-disagreement binding-pattern len=458 artifacts=11 advent-overaccept=7 advent-underaccept=4 reference-disagreement=255 same=3879
[4214/100000] reference-disagreement wide:closure:raw:real:ParserDiagnosticMessages:497 len=289 artifacts=11 advent-overaccept=7 advent-underaccept=4 reference-disagreement=256 same=3947
[4225/100000] reference-disagreement wide:closure:newline:real:SyntaxCollections:332+real:MacroSystem:1567 len=684 artifacts=11 advent-overaccept=7 advent-underaccept=4 reference-disagreement=257 same=3957
[4244/100000] reference-disagreement wide:trailing-closure:block-comment:real:SyntaxEditUtils:424 len=390 artifacts=11 advent-overaccept=7 advent-underaccept=4 reference-disagreement=258 same=3975
[4245/100000] reference-disagreement declaration-modifier-stack len=34 artifacts=11 advent-overaccept=7 advent-underaccept=4 reference-disagreement=259 same=3975
[4250/100000] same keypath-component-matrix len=33 artifacts=11 advent-overaccept=7 advent-underaccept=4 reference-disagreement=259 same=3980
[4266/100000] reference-disagreement wide:closure:raw:attribute:testExpose#2 len=55 artifacts=11 advent-overaccept=7 advent-underaccept=4 reference-disagreement=260 same=3995
[4377/100000] reference-disagreement wide:closure:space+newline:real:BuildableNodes:1301 len=1063 artifacts=11 advent-overaccept=7 advent-underaccept=4 reference-disagreement=261 same=4105
[4432/100000] reference-disagreement wide:after-statement:block-comment+line-comment:attribute:testDifferentiableAttribute#1 len=144 artifacts=11 advent-overaccept=7 advent-underaccept=4 reference-disagreement=262 same=4159
[4450/100000] reference-disagreement tspl-divergence-protocol-body len=90 artifacts=11 advent-overaccept=7 advent-underaccept=4 reference-disagreement=263 same=4176
[4473/100000] reference-disagreement wide:extension-member:raw:phase4-precedence:pg-multi len=74 artifacts=11 advent-overaccept=7 advent-underaccept=4 reference-disagreement=264 same=4198
[4490/100000] reference-disagreement ifconfig-member-context-boundary len=71 artifacts=11 advent-overaccept=7 advent-underaccept=4 reference-disagreement=265 same=4214
[4498/100000] reference-disagreement wide:func-body:line-comment:real:SyntaxText:198+translated:testTypeExpr11#4 len=1256 artifacts=11 advent-overaccept=7 advent-underaccept=4 reference-disagreement=266 same=4221
[4500/100000] same frontier:generic-member-type-shape len=304 artifacts=11 advent-overaccept=7 advent-underaccept=4 reference-disagreement=266 same=4223
[4515/100000] reference-disagreement wide:before-statement:splice:real:LayoutNodes+Parsable:239 len=845 artifacts=11 advent-overaccept=7 advent-underaccept=4 reference-disagreement=267 same=4237
[4541/100000] reference-disagreement wide:func-body:line-comment:attribute:testTransposeAttribute#1 len=147 artifacts=11 advent-overaccept=7 advent-underaccept=4 reference-disagreement=268 same=4262
[4567/100000] reference-disagreement keypath-component-matrix len=40 artifacts=11 advent-overaccept=7 advent-underaccept=4 reference-disagreement=269 same=4287
[4606/100000] reference-disagreement wide:func-body:raw:translated:testRecovery167#1+real:BuildableNodes:848 len=1369 artifacts=11 advent-overaccept=7 advent-underaccept=4 reference-disagreement=270 same=4325
[4614/100000] reference-disagreement wide:before-statement:block-comment+block-comment:translated:testSwitch12#1+declaration:testMacroExpansionDeclaration#2 len=73 artifacts=11 advent-overaccept=7 advent-underaccept=4 reference-disagreement=271 same=4332
[4615/100000] reference-disagreement tspl-divergence-protocol-body len=224 artifacts=11 advent-overaccept=7 advent-underaccept=4 reference-disagreement=272 same=4332
[4622/100000] reference-disagreement cast-try-operator-cluster len=24 artifacts=11 advent-overaccept=7 advent-underaccept=4 reference-disagreement=273 same=4338
[4643/100000] reference-disagreement cast-try-operator-cluster len=24 artifacts=11 advent-overaccept=7 advent-underaccept=4 reference-disagreement=274 same=4358
[4681/100000] reference-disagreement func-body len=458 artifacts=11 advent-overaccept=7 advent-underaccept=4 reference-disagreement=275 same=4395
[4684/100000] reference-disagreement wide:extension-member:raw:attribute:testSpiAttributeWithoutParameter#1 len=39 artifacts=11 advent-overaccept=7 advent-underaccept=4 reference-disagreement=276 same=4397
[4688/100000] reference-disagreement wide:trailing-closure:space:real:ResultBuilders:241 len=146 artifacts=11 advent-overaccept=7 advent-underaccept=4 reference-disagreement=277 same=4400
[4733/100000] reference-disagreement attribute-ifconfig-elseif-list len=127 artifacts=11 advent-overaccept=7 advent-underaccept=4 reference-disagreement=278 same=4444
[4750/100000] same frontier:generic-member-type-shape len=294 artifacts=11 advent-overaccept=7 advent-underaccept=4 reference-disagreement=278 same=4461
[4768/100000] reference-disagreement wide:closure:raw:real:SyntaxTraits:329 len=365 artifacts=11 advent-overaccept=7 advent-underaccept=4 reference-disagreement=279 same=4478
[4782/100000] reference-disagreement wide:closure:raw:real:ParserDiagnosticMessages:770+real:SyntaxTraits:818 len=460 artifacts=11 advent-overaccept=7 advent-underaccept=4 reference-disagreement=280 same=4491
[4826/100000] reference-disagreement member-list-wide-boundary len=281 artifacts=11 advent-overaccept=7 advent-underaccept=4 reference-disagreement=281 same=4534
[4831/100000] reference-disagreement wide:func-body:glue+splice:real:Descriptor:27 len=661 artifacts=11 advent-overaccept=7 advent-underaccept=4 reference-disagreement=282 same=4538
[4839/100000] reference-disagreement wide:trailing-closure:newline:translated:testOriginalDefinedInAttr7#1+real:SyntaxEnum:1291 len=1001 artifacts=11 advent-overaccept=7 advent-underaccept=4 reference-disagreement=283 same=4545
[4856/100000] reference-disagreement wide:struct-member:raw:real:SyntaxTraits:810 len=84 artifacts=11 advent-overaccept=7 advent-underaccept=4 reference-disagreement=284 same=4561
[4861/100000] reference-disagreement wide:closure:newline+newline+block-comment:real:Syntax+StringInterpolation:284+real:ResultBuilders:437 len=211 artifacts=11 advent-overaccept=7 advent-underaccept=4 reference-disagreement=285 same=4565
[4862/100000] reference-disagreement tspl-divergence-protocol-body len=154 artifacts=11 advent-overaccept=7 advent-underaccept=4 reference-disagreement=286 same=4565
[4864/100000] reference-disagreement wide:func-body:space+block-comment+duplicate:fuzz-harvest:dot-own-line len=58 artifacts=11 advent-overaccept=7 advent-underaccept=4 reference-disagreement=287 same=4566
[4876/100000] reference-disagreement attribute-boundary len=41 artifacts=11 advent-overaccept=7 advent-underaccept=4 reference-disagreement=288 same=4577
[4881/100000] reference-disagreement wide:closure:newline:translated:testOperators25#1 len=39 artifacts=11 advent-overaccept=7 advent-underaccept=4 reference-disagreement=289 same=4581
[4891/100000] reference-disagreement wide:struct-member:newline+line-comment+keyword:type:testMultipleTypeSpecifiers#2+declaration:testParseIsolatedConformances#1 len=101 artifacts=11 advent-overaccept=7 advent-underaccept=4 reference-disagreement=290 same=4590
[4892/100000] reference-disagreement wide:func-body:space+space:real:SyntaxTraits:824 len=83 artifacts=11 advent-overaccept=7 advent-underaccept=4 reference-disagreement=291 same=4590
[4897/100000] reference-disagreement wide:extension-member:raw:real:ConvenienceInitializers:40+real:SwiftSyntaxCompatibility:1132 len=1041 artifacts=11 advent-overaccept=7 advent-underaccept=4 reference-disagreement=292 same=4594
[4929/100000] reference-disagreement attribute-ifconfig-elseif-list len=108 artifacts=11 advent-overaccept=7 advent-underaccept=4 reference-disagreement=293 same=4625
[4944/100000] reference-disagreement tspl-divergence-accessor-commitment len=49 artifacts=11 advent-overaccept=7 advent-underaccept=4 reference-disagreement=294 same=4639
[4946/100000] reference-disagreement wide:trailing-closure:glue:real:SyntaxTraits:722 len=67 artifacts=11 advent-overaccept=7 advent-underaccept=4 reference-disagreement=295 same=4640
[4973/100000] reference-disagreement tspl-divergence-protocol-body len=276 artifacts=11 advent-overaccept=7 advent-underaccept=4 reference-disagreement=296 same=4666
[4986/100000] reference-disagreement wide:closure:raw:real:MissingNodeInitializers:92+statement:testYield#1 len=285 artifacts=11 advent-overaccept=7 advent-underaccept=4 reference-disagreement=297 same=4678
[5000/100000] same member-keyword len=35 artifacts=11 advent-overaccept=7 advent-underaccept=4 reference-disagreement=297 same=4692
[5004/100000] reference-disagreement wide:func-body:delete:real:LayoutNodes+Parsable:239 len=840 artifacts=11 advent-overaccept=7 advent-underaccept=4 reference-disagreement=298 same=4695
[5021/100000] reference-disagreement binding-pattern len=458 artifacts=11 advent-overaccept=7 advent-underaccept=4 reference-disagreement=299 same=4711
[5096/100000] reference-disagreement wide:func-body:newline:real:SyntaxSynthesis:78 len=197 artifacts=11 advent-overaccept=7 advent-underaccept=4 reference-disagreement=300 same=4785
[5116/100000] reference-disagreement wide:struct-member:line-comment:real:CollectionNodes+Parsable:118+translated:testOperators11#1 len=911 artifacts=11 advent-overaccept=7 advent-underaccept=4 reference-disagreement=301 same=4804
[5119/100000] reference-disagreement tspl-divergence-accessor-commitment len=78 artifacts=11 advent-overaccept=7 advent-underaccept=4 reference-disagreement=302 same=4806
[5139/100000] reference-disagreement wide:extension-member:raw:real:CustomTraits:35+translated:testErrors19#1 len=223 artifacts=11 advent-overaccept=7 advent-underaccept=4 reference-disagreement=303 same=4825
[5143/100000] reference-disagreement wide:extension-member:line-comment+block-comment:real:BuildableNodes:914 len=877 artifacts=11 advent-overaccept=7 advent-underaccept=4 reference-disagreement=304 same=4828
[5185/100000] reference-disagreement tspl-divergence-protocol-body len=166 artifacts=11 advent-overaccept=7 advent-underaccept=4 reference-disagreement=305 same=4869
[5200/100000] reference-disagreement tspl-divergence-protocol-body len=164 artifacts=11 advent-overaccept=7 advent-underaccept=4 reference-disagreement=306 same=4883
[5207/100000] reference-disagreement wide:func-body:raw:real:MissingNodeInitializers:92 len=237 artifacts=11 advent-overaccept=7 advent-underaccept=4 reference-disagreement=307 same=4889
[5220/100000] reference-disagreement wide:after-statement:keyword:translated:testBuiltinBridgeObject2#1 len=44 artifacts=11 advent-overaccept=7 advent-underaccept=4 reference-disagreement=308 same=4901
[5230/100000] reference-disagreement wide:struct-member:raw:real:RawSyntaxLayoutView:13 len=425 artifacts=11 advent-overaccept=7 advent-underaccept=4 reference-disagreement=309 same=4910
[5239/100000] reference-disagreement declaration-modifier-stack len=34 artifacts=11 advent-overaccept=7 advent-underaccept=4 reference-disagreement=310 same=4918
[5244/100000] reference-disagreement wide:struct-member:line-comment:declaration:testModifiedParameter#7 len=72 artifacts=11 advent-overaccept=7 advent-underaccept=4 reference-disagreement=311 same=4922
[5250/100000] same frontier:protocol-accessor-shape len=117 artifacts=11 advent-overaccept=7 advent-underaccept=4 reference-disagreement=311 same=4928
[5265/100000] reference-disagreement wide:after-statement:splice:translated:testSwitch21#1 len=56 artifacts=11 advent-overaccept=7 advent-underaccept=4 reference-disagreement=312 same=4942
[5301/100000] advent-underaccept wide:func-body:raw:translated:testForwardSlashRegex168#1 len=23 artifacts=12 advent-overaccept=7 advent-underaccept=5 reference-disagreement=312 same=4977
[5363/100000] reference-disagreement tspl-divergence-protocol-body len=192 artifacts=12 advent-overaccept=7 advent-underaccept=5 reference-disagreement=313 same=5038
[5366/100000] reference-disagreement tspl-divergence-accessor-commitment len=78 artifacts=12 advent-overaccept=7 advent-underaccept=5 reference-disagreement=314 same=5040
[5368/100000] reference-disagreement wide:trailing-closure:keyword+space:real:Trivia+commentValue:149 len=190 artifacts=12 advent-overaccept=7 advent-underaccept=5 reference-disagreement=315 same=5041
[5374/100000] reference-disagreement wide:closure:raw:real:SwiftSyntaxCompatibility:460 len=69 artifacts=12 advent-overaccept=7 advent-underaccept=5 reference-disagreement=316 same=5046
[5377/100000] reference-disagreement wide:closure:splice:real:SyntaxTraits:453 len=130 artifacts=12 advent-overaccept=7 advent-underaccept=5 reference-disagreement=317 same=5048
[5394/100000] reference-disagreement wide:func-body:block-comment+space:translated:testInitDeinit4#1+real:SyntaxExpressibleByStringInterpolationConformances:82 len=253 artifacts=12 advent-overaccept=7 advent-underaccept=5 reference-disagreement=318 same=5064
[5411/100000] reference-disagreement wide:trailing-closure:delete+delete:real:SyntaxExpressibleByStringInterpolationConformances:130 len=45 artifacts=12 advent-overaccept=7 advent-underaccept=5 reference-disagreement=319 same=5080
[5413/100000] advent-overaccept wide:before-statement:raw:real:SyntaxCollections:676+declaration:testUsing#11 len=543 artifacts=13 advent-overaccept=8 advent-underaccept=5 reference-disagreement=319 same=5081
[5415/100000] reference-disagreement wide:func-body:raw:real:SyntaxExpressibleByStringInterpolationConformances:112+phase3-statement:tuple-bind-nested len=114 artifacts=13 advent-overaccept=8 advent-underaccept=5 reference-disagreement=320 same=5082
[5443/100000] reference-disagreement wide:struct-member:block-comment:real:Syntax+StringInterpolation:469 len=85 artifacts=13 advent-overaccept=8 advent-underaccept=5 reference-disagreement=321 same=5109
[5448/100000] reference-disagreement wide:extension-member:line-comment+line-comment+newline:declaration:testAccessors#1 len=69 artifacts=13 advent-overaccept=8 advent-underaccept=5 reference-disagreement=322 same=5113
[5463/100000] reference-disagreement wide:closure:space+newline:real:SyntaxExpressibleByStringInterpolationConformances:58 len=92 artifacts=13 advent-overaccept=8 advent-underaccept=5 reference-disagreement=323 same=5127
[5474/100000] reference-disagreement tspl-divergence-protocol-body len=254 artifacts=13 advent-overaccept=8 advent-underaccept=5 reference-disagreement=324 same=5137
[5483/100000] reference-disagreement wide:func-body:newline:real:ScopeSyntax:51 len=824 artifacts=13 advent-overaccept=8 advent-underaccept=5 reference-disagreement=325 same=5145
[5499/100000] reference-disagreement wide:before-statement:raw:translated:testInvalid16a#1 len=55 artifacts=13 advent-overaccept=8 advent-underaccept=5 reference-disagreement=326 same=5160
[5500/100000] same effectful-function-type len=110 artifacts=13 advent-overaccept=8 advent-underaccept=5 reference-disagreement=326 same=5161
[5519/100000] reference-disagreement attribute-ifconfig-elseif-list len=108 artifacts=13 advent-overaccept=8 advent-underaccept=5 reference-disagreement=327 same=5179
[5535/100000] reference-disagreement wide:func-body:line-comment+glue:real:PeerMacro:19 len=523 artifacts=13 advent-overaccept=8 advent-underaccept=5 reference-disagreement=328 same=5194
[5564/100000] reference-disagreement wide:closure:keyword:real:ResultBuilders:667 len=193 artifacts=13 advent-overaccept=8 advent-underaccept=5 reference-disagreement=329 same=5222
[5567/100000] advent-overaccept wide:trailing-closure:block-comment+line-comment:declaration:testTrailingCommas#2+translated:testForwardSlashRegex169#1 len=83 artifacts=14 advent-overaccept=9 advent-underaccept=5 reference-disagreement=329 same=5224
[5593/100000] reference-disagreement wide:ifconfig:raw:translated:testTypeExpr29#1+expression:testBorrowExpression#1 len=102 artifacts=14 advent-overaccept=9 advent-underaccept=5 reference-disagreement=330 same=5249
[5598/100000] reference-disagreement wide:func-body:raw:real:SyntaxTraits:742+real:RawSyntaxNodeProtocol:85 len=534 artifacts=14 advent-overaccept=9 advent-underaccept=5 reference-disagreement=331 same=5253
[5605/100000] reference-disagreement attribute-ifconfig-elseif-list len=106 artifacts=14 advent-overaccept=9 advent-underaccept=5 reference-disagreement=332 same=5259
[5609/100000] advent-underaccept wide:trailing-closure:newline+block-comment+line-comment:translated:testForwardSlashRegex109#1 len=32 artifacts=15 advent-overaccept=9 advent-underaccept=6 reference-disagreement=332 same=5262
[5619/100000] reference-disagreement wide:extension-member:line-comment+splice+splice:real:SourceLocation:477 len=74 artifacts=15 advent-overaccept=9 advent-underaccept=6 reference-disagreement=333 same=5271
[5622/100000] reference-disagreement wide:struct-member:space:real:BuildableNodes:848 len=1269 artifacts=15 advent-overaccept=9 advent-underaccept=6 reference-disagreement=334 same=5273
[5627/100000] reference-disagreement wide:extension-member:raw:attribute:testABIAttribute#3 len=41 artifacts=15 advent-overaccept=9 advent-underaccept=6 reference-disagreement=335 same=5277
[5629/100000] reference-disagreement keypath-boundary len=37 artifacts=15 advent-overaccept=9 advent-underaccept=6 reference-disagreement=336 same=5278
[5652/100000] reference-disagreement keypath-component-matrix len=38 artifacts=15 advent-overaccept=9 advent-underaccept=6 reference-disagreement=337 same=5300
[5655/100000] reference-disagreement wide:func-body:keyword+newline:real:SyntaxExpressibleByStringInterpolationConformances:223 len=51 artifacts=15 advent-overaccept=9 advent-underaccept=6 reference-disagreement=338 same=5302
[5664/100000] reference-disagreement wide:after-statement:block-comment+space+space:phase3-modifier:public-final+translated:testSwitch11#1 len=118 artifacts=15 advent-overaccept=9 advent-underaccept=6 reference-disagreement=339 same=5310
[5696/100000] reference-disagreement wide:closure:newline+keyword:real:LayoutNodes+Parsable:159 len=215 artifacts=15 advent-overaccept=9 advent-underaccept=6 reference-disagreement=340 same=5341
[5707/100000] reference-disagreement wide:closure:newline+block-comment:real:SyntaxTraits:848 len=79 artifacts=15 advent-overaccept=9 advent-underaccept=6 reference-disagreement=341 same=5351
[5708/100000] reference-disagreement wide:func-body:line-comment:real:Syntax+StringInterpolation:325 len=70 artifacts=15 advent-overaccept=9 advent-underaccept=6 reference-disagreement=342 same=5351
[5720/100000] reference-disagreement attribute-ifconfig-elseif-list len=121 artifacts=15 advent-overaccept=9 advent-underaccept=6 reference-disagreement=343 same=5362
[5735/100000] reference-disagreement wide:ifconfig:raw:translated:testInitDeinit22#1 len=155 artifacts=15 advent-overaccept=9 advent-underaccept=6 reference-disagreement=344 same=5376
[5750/100000] advent-overaccept wide:ifconfig:line-comment+duplicate+newline:translated:testEscapedIdentifiers5#1+translated:testMatchingPatterns7a#1 len=90 artifacts=16 advent-overaccept=10 advent-underaccept=6 reference-disagreement=344 same=5390
[5789/100000] reference-disagreement wide:before-statement:newline:translated:testAvailabilityQueryUnavailability18#1 len=75 artifacts=16 advent-overaccept=10 advent-underaccept=6 reference-disagreement=345 same=5428
[5791/100000] reference-disagreement wide:struct-member:raw:real:IdentifiableSyntax:40+translated:testEffectfulProperties2#1 len=186 artifacts=16 advent-overaccept=10 advent-underaccept=6 reference-disagreement=346 same=5429
[5838/100000] reference-disagreement tspl-divergence-accessor-commitment len=78 artifacts=16 advent-overaccept=10 advent-underaccept=6 reference-disagreement=347 same=5475
[5847/100000] reference-disagreement keypath-component-matrix len=41 artifacts=16 advent-overaccept=10 advent-underaccept=6 reference-disagreement=348 same=5483
[5856/100000] reference-disagreement wide:closure:block-comment:real:ResultBuilders:423 len=135 artifacts=16 advent-overaccept=10 advent-underaccept=6 reference-disagreement=349 same=5491
[5880/100000] reference-disagreement member-list-wide-boundary len=210 artifacts=16 advent-overaccept=10 advent-underaccept=6 reference-disagreement=350 same=5514
[5913/100000] reference-disagreement grammarish-member-list len=110 artifacts=16 advent-overaccept=10 advent-underaccept=6 reference-disagreement=351 same=5546
[5953/100000] reference-disagreement keypath-component-matrix len=52 artifacts=16 advent-overaccept=10 advent-underaccept=6 reference-disagreement=352 same=5585
[6000/100000] same tspl-divergence-type-shape len=84 artifacts=16 advent-overaccept=10 advent-underaccept=6 reference-disagreement=352 same=5632
[6002/100000] reference-disagreement wide:extension-member:raw:real:NameMatcher:418 len=407 artifacts=16 advent-overaccept=10 advent-underaccept=6 reference-disagreement=353 same=5633
[6017/100000] reference-disagreement wide:closure:space:real:ResultBuilders:427 len=191 artifacts=16 advent-overaccept=10 advent-underaccept=6 reference-disagreement=354 same=5647
[6107/100000] reference-disagreement tspl-divergence-protocol-body len=90 artifacts=16 advent-overaccept=10 advent-underaccept=6 reference-disagreement=355 same=5736
[6117/100000] reference-disagreement wide:func-body:raw:real:ResultBuilders:219 len=193 artifacts=16 advent-overaccept=10 advent-underaccept=6 reference-disagreement=356 same=5745
[6133/100000] reference-disagreement wide:extension-member:line-comment+space:real:SyntaxTraits:788+real:BasicMacroExpansionContext:118 len=1119 artifacts=16 advent-overaccept=10 advent-underaccept=6 reference-disagreement=357 same=5760
[6141/100000] reference-disagreement attribute-ifconfig-elseif-list len=133 artifacts=16 advent-overaccept=10 advent-underaccept=6 reference-disagreement=358 same=5767
[6152/100000] reference-disagreement binding-pattern len=458 artifacts=16 advent-overaccept=10 advent-underaccept=6 reference-disagreement=359 same=5777
[6161/100000] reference-disagreement wide:func-body:glue:real:SyntaxTraits:768 len=74 artifacts=16 advent-overaccept=10 advent-underaccept=6 reference-disagreement=360 same=5785
[6169/100000] reference-disagreement tspl-divergence-accessor-commitment len=49 artifacts=16 advent-overaccept=10 advent-underaccept=6 reference-disagreement=361 same=5792
[6173/100000] reference-disagreement wide:struct-member:glue+glue:real:MacroSystem:1543 len=474 artifacts=16 advent-overaccept=10 advent-underaccept=6 reference-disagreement=362 same=5795
[6175/100000] reference-disagreement wide:struct-member:raw:real:ParserDiagnosticMessages:30 len=293 artifacts=16 advent-overaccept=10 advent-underaccept=6 reference-disagreement=363 same=5796
[6178/100000] reference-disagreement wide:closure:newline:translated:testEnumCaseWithWildcardAsFirstName#2 len=51 artifacts=16 advent-overaccept=10 advent-underaccept=6 reference-disagreement=364 same=5798
[6179/100000] reference-disagreement attribute-boundary len=45 artifacts=16 advent-overaccept=10 advent-underaccept=6 reference-disagreement=365 same=5798
[6191/100000] reference-disagreement wide:extension-member:duplicate+newline:real:CollectionNodes+Parsable:84 len=600 artifacts=16 advent-overaccept=10 advent-underaccept=6 reference-disagreement=366 same=5809
[6205/100000] reference-disagreement wide:extension-member:newline:real:MacroSystem:1567 len=194 artifacts=16 advent-overaccept=10 advent-underaccept=6 reference-disagreement=367 same=5822
[6210/100000] reference-disagreement wide:before-statement:newline:declaration:testModifiedParameter#7 len=68 artifacts=16 advent-overaccept=10 advent-underaccept=6 reference-disagreement=368 same=5826
[6221/100000] reference-disagreement wide:closure:raw:real:MacroExpansionDiagnosticMessages:26 len=376 artifacts=16 advent-overaccept=10 advent-underaccept=6 reference-disagreement=369 same=5836
[6227/100000] reference-disagreement wide:trailing-closure:keyword+newline+space:attribute:testDocumentationAttribute#4 len=93 artifacts=16 advent-overaccept=10 advent-underaccept=6 reference-disagreement=370 same=5841
[6231/100000] reference-disagreement wide:closure:glue:translated:testMultilineString34#1+translated:testErrors3#1 len=129 artifacts=16 advent-overaccept=10 advent-underaccept=6 reference-disagreement=371 same=5844
[6238/100000] reference-disagreement wide:closure:newline+newline:real:SyntaxTraits:682 len=126 artifacts=16 advent-overaccept=10 advent-underaccept=6 reference-disagreement=372 same=5850
[6250/100000] same wide:trailing-closure:newline+newline+delete:real:Identifier:97 len=517 artifacts=16 advent-overaccept=10 advent-underaccept=6 reference-disagreement=372 same=5862
[6268/100000] reference-disagreement wide:extension-member:newline+newline:real:SyntaxTraits:471 len=709 artifacts=16 advent-overaccept=10 advent-underaccept=6 reference-disagreement=373 same=5879
[6287/100000] reference-disagreement wide:trailing-closure:raw:real:Syntax+Extensions:19 len=849 artifacts=16 advent-overaccept=10 advent-underaccept=6 reference-disagreement=374 same=5897
[6306/100000] reference-disagreement wide:struct-member:duplicate:translated:testIdentifiers11#1 len=80 artifacts=16 advent-overaccept=10 advent-underaccept=6 reference-disagreement=375 same=5915
[6329/100000] reference-disagreement wide:func-body:newline:real:SwiftSyntaxCompatibility:779 len=494 artifacts=16 advent-overaccept=10 advent-underaccept=6 reference-disagreement=376 same=5937
[6344/100000] reference-disagreement wide:extension-member:line-comment:real:ParserDiagnosticMessages:48 len=364 artifacts=16 advent-overaccept=10 advent-underaccept=6 reference-disagreement=377 same=5951
[6359/100000] reference-disagreement wide:extension-member:line-comment:translated:testDeprecatedWhere6#1 len=146 artifacts=16 advent-overaccept=10 advent-underaccept=6 reference-disagreement=378 same=5965
[6366/100000] reference-disagreement tspl-divergence-protocol-body len=98 artifacts=16 advent-overaccept=10 advent-underaccept=6 reference-disagreement=379 same=5971
[6408/100000] reference-disagreement binding-pattern len=458 artifacts=16 advent-overaccept=10 advent-underaccept=6 reference-disagreement=380 same=6012
[6411/100000] reference-disagreement wide:closure:space+line-comment+glue:translated:testInitDeinit28#1 len=66 artifacts=16 advent-overaccept=10 advent-underaccept=6 reference-disagreement=381 same=6014
[6420/100000] reference-disagreement member-list-wide-boundary len=440 artifacts=16 advent-overaccept=10 advent-underaccept=6 reference-disagreement=382 same=6022
[6452/100000] reference-disagreement wide:after-statement:line-comment+block-comment+swap:translated:testTypeExpr19#1 len=199 artifacts=16 advent-overaccept=10 advent-underaccept=6 reference-disagreement=383 same=6053
[6462/100000] reference-disagreement wide:before-statement:raw:translated:testOperatorDecl5#1+real:ResultBuilders:362 len=234 artifacts=16 advent-overaccept=10 advent-underaccept=6 reference-disagreement=384 same=6062
[6464/100000] reference-disagreement tspl-divergence-protocol-body len=176 artifacts=16 advent-overaccept=10 advent-underaccept=6 reference-disagreement=385 same=6063
[6500/100000] same frontier:protocol-accessor-shape len=112 artifacts=16 advent-overaccept=10 advent-underaccept=6 reference-disagreement=385 same=6099
[6501/100000] reference-disagreement cast-try-operator-cluster len=24 artifacts=16 advent-overaccept=10 advent-underaccept=6 reference-disagreement=386 same=6099
[6526/100000] reference-disagreement wide:trailing-closure:block-comment+glue:real:ResultBuilders:297 len=199 artifacts=16 advent-overaccept=10 advent-underaccept=6 reference-disagreement=387 same=6123
[6529/100000] reference-disagreement wide:trailing-closure:block-comment:real:CompilerPluginMessageHandler:41+real:Trivia:108 len=587 artifacts=16 advent-overaccept=10 advent-underaccept=6 reference-disagreement=388 same=6125
[6537/100000] reference-disagreement statement-list len=484 artifacts=16 advent-overaccept=10 advent-underaccept=6 reference-disagreement=389 same=6132
[6559/100000] reference-disagreement wide:struct-member:line-comment+newline:real:LayoutNodes+Parsable:111 len=204 artifacts=16 advent-overaccept=10 advent-underaccept=6 reference-disagreement=390 same=6153
[6562/100000] reference-disagreement statement-list len=609 artifacts=16 advent-overaccept=10 advent-underaccept=6 reference-disagreement=391 same=6155
[6565/100000] reference-disagreement wide:func-body:swap+block-comment:real:OperatorTable+Folding:19 len=223 artifacts=16 advent-overaccept=10 advent-underaccept=6 reference-disagreement=392 same=6157
[6582/100000] reference-disagreement member-list-wide-boundary len=183 artifacts=16 advent-overaccept=10 advent-underaccept=6 reference-disagreement=393 same=6173
[6595/100000] reference-disagreement wide:trailing-closure:raw:real:SyntaxTraits:770 len=91 artifacts=16 advent-overaccept=10 advent-underaccept=6 reference-disagreement=394 same=6185
[6597/100000] reference-disagreement member-list-wide-boundary len=545 artifacts=16 advent-overaccept=10 advent-underaccept=6 reference-disagreement=395 same=6186
[6599/100000] reference-disagreement wide:func-body:raw:real:IdentifiableSyntax:58 len=122 artifacts=16 advent-overaccept=10 advent-underaccept=6 reference-disagreement=396 same=6187
[6608/100000] reference-disagreement wide:trailing-closure:space:real:Operator:26 len=232 artifacts=16 advent-overaccept=10 advent-underaccept=6 reference-disagreement=397 same=6195
[6614/100000] reference-disagreement wide:interpolation:block-comment+space:translated:testTupleTypeExpr#1 len=25 artifacts=16 advent-overaccept=10 advent-underaccept=6 reference-disagreement=398 same=6200
[6618/100000] reference-disagreement declaration-modifier-stack len=34 artifacts=16 advent-overaccept=10 advent-underaccept=6 reference-disagreement=399 same=6203
[6628/100000] reference-disagreement wide:before-statement:raw:real:SyntaxTraits:308+translated:testTypeExpr4#1 len=771 artifacts=16 advent-overaccept=10 advent-underaccept=6 reference-disagreement=400 same=6212
[6632/100000] reference-disagreement wide:func-body:newline:real:Cursor:40 len=279 artifacts=16 advent-overaccept=10 advent-underaccept=6 reference-disagreement=401 same=6215
[6645/100000] reference-disagreement binding-pattern len=458 artifacts=16 advent-overaccept=10 advent-underaccept=6 reference-disagreement=402 same=6227
[6695/100000] reference-disagreement wide:trailing-closure:keyword+keyword+duplicate:translated:testSwitch8#1 len=27 artifacts=16 advent-overaccept=10 advent-underaccept=6 reference-disagreement=403 same=6276
[6710/100000] reference-disagreement wide:func-body:newline:real:BuildableNodes:110 len=1060 artifacts=16 advent-overaccept=10 advent-underaccept=6 reference-disagreement=404 same=6290
[6718/100000] reference-disagreement tspl-divergence-protocol-body len=262 artifacts=16 advent-overaccept=10 advent-underaccept=6 reference-disagreement=405 same=6297
[6742/100000] reference-disagreement member-list-wide-boundary len=184 artifacts=16 advent-overaccept=10 advent-underaccept=6 reference-disagreement=406 same=6320
[6745/100000] reference-disagreement declaration-modifier-stack len=34 artifacts=16 advent-overaccept=10 advent-underaccept=6 reference-disagreement=407 same=6322
[6750/100000] same wide:after-statement:block-comment+block-comment:real:LexerDiagnosticMessages:119 len=239 artifacts=16 advent-overaccept=10 advent-underaccept=6 reference-disagreement=407 same=6327
[6753/100000] reference-disagreement attribute-ifconfig-elseif-list len=134 artifacts=16 advent-overaccept=10 advent-underaccept=6 reference-disagreement=408 same=6329
[6755/100000] reference-disagreement wide:func-body:splice:phase4-macro:borrow len=45 artifacts=16 advent-overaccept=10 advent-underaccept=6 reference-disagreement=409 same=6330
[6764/100000] reference-disagreement wide:struct-member:raw:phase3-statement:return-expr+real:SyntaxHashable:18 len=289 artifacts=16 advent-overaccept=10 advent-underaccept=6 reference-disagreement=410 same=6338
[6791/100000] reference-disagreement wide:trailing-closure:keyword:real:ParserDiagnosticMessages:289+statement:testYield#6 len=345 artifacts=16 advent-overaccept=10 advent-underaccept=6 reference-disagreement=411 same=6364
[6792/100000] reference-disagreement wide:trailing-closure:raw:real:SyntaxTraits:796 len=53 artifacts=16 advent-overaccept=10 advent-underaccept=6 reference-disagreement=412 same=6364
[6794/100000] reference-disagreement ifconfig-member-context-boundary len=77 artifacts=16 advent-overaccept=10 advent-underaccept=6 reference-disagreement=413 same=6365
[6884/100000] reference-disagreement attribute-ifconfig-elseif-list len=127 artifacts=16 advent-overaccept=10 advent-underaccept=6 reference-disagreement=414 same=6454
[6947/100000] reference-disagreement wide:closure:glue+line-comment+splice:real:SyntaxTraits:746 len=76 artifacts=16 advent-overaccept=10 advent-underaccept=6 reference-disagreement=415 same=6516
[6954/100000] reference-disagreement wide:closure:raw:real:ScopeImplementations:752 len=187 artifacts=16 advent-overaccept=10 advent-underaccept=6 reference-disagreement=416 same=6522
[6963/100000] reference-disagreement attribute-ifconfig-elseif-list len=125 artifacts=16 advent-overaccept=10 advent-underaccept=6 reference-disagreement=417 same=6530
[6978/100000] reference-disagreement member-list-wide-boundary len=302 artifacts=16 advent-overaccept=10 advent-underaccept=6 reference-disagreement=418 same=6544
[6992/100000] reference-disagreement wide:struct-member:line-comment+block-comment+glue:real:SyntaxExpressibleByStringInterpolationConformances:46 len=179 artifacts=16 advent-overaccept=10 advent-underaccept=6 reference-disagreement=419 same=6557
[6997/100000] reference-disagreement wide:trailing-closure:splice:real:DiagnosticGroupInheritanceTree:32 len=895 artifacts=16 advent-overaccept=10 advent-underaccept=6 reference-disagreement=420 same=6561
[7000/100000] same frontier:generic-member-type-shape len=269 artifacts=16 advent-overaccept=10 advent-underaccept=6 reference-disagreement=420 same=6564
[7010/100000] reference-disagreement tspl-divergence-protocol-body len=132 artifacts=16 advent-overaccept=10 advent-underaccept=6 reference-disagreement=421 same=6573
[7026/100000] reference-disagreement binding-pattern len=458 artifacts=16 advent-overaccept=10 advent-underaccept=6 reference-disagreement=422 same=6588
[7051/100000] reference-disagreement wide:ifconfig:keyword+line-comment+glue:expression:testBorrowExpression#2 len=37 artifacts=16 advent-overaccept=10 advent-underaccept=6 reference-disagreement=423 same=6612
[7069/100000] reference-disagreement wide:func-body:splice+newline:type:testTrailingCommas#1+real:Message:19 len=252 artifacts=16 advent-overaccept=10 advent-underaccept=6 reference-disagreement=424 same=6629
[7095/100000] reference-disagreement tspl-divergence-protocol-body len=153 artifacts=16 advent-overaccept=10 advent-underaccept=6 reference-disagreement=425 same=6654
[7097/100000] reference-disagreement attribute-ifconfig-elseif-list len=131 artifacts=16 advent-overaccept=10 advent-underaccept=6 reference-disagreement=426 same=6655
[7103/100000] reference-disagreement grammarish-member-list len=260 artifacts=16 advent-overaccept=10 advent-underaccept=6 reference-disagreement=427 same=6660
[7114/100000] reference-disagreement wide:extension-member:raw:real:WarningControlRegionBuilder:146+real:Syntax+StringInterpolation:473 len=582 artifacts=16 advent-overaccept=10 advent-underaccept=6 reference-disagreement=428 same=6670
[7119/100000] advent-overaccept wide:closure:line-comment+duplicate+block-comment:real:ArenaAllocatedBuffer:20+translated:testDeprecatedWhere10#1 len=889 artifacts=17 advent-overaccept=11 advent-underaccept=6 reference-disagreement=428 same=6674
[7130/100000] reference-disagreement tspl-divergence-accessor-commitment len=78 artifacts=17 advent-overaccept=11 advent-underaccept=6 reference-disagreement=429 same=6684
[7136/100000] reference-disagreement statement-list len=587 artifacts=17 advent-overaccept=11 advent-underaccept=6 reference-disagreement=430 same=6689
[7170/100000] reference-disagreement wide:extension-member:swap+splice+splice:real:ResultBuilders:245 len=224 artifacts=17 advent-overaccept=11 advent-underaccept=6 reference-disagreement=431 same=6722
[7171/100000] reference-disagreement wide:before-statement:line-comment+line-comment+splice:translated:testMatchingPatterns13#1 len=305 artifacts=17 advent-overaccept=11 advent-underaccept=6 reference-disagreement=432 same=6722
[7186/100000] reference-disagreement wide:func-body:raw:real:SyntaxTraits:722 len=74 artifacts=17 advent-overaccept=11 advent-underaccept=6 reference-disagreement=433 same=6736
[7213/100000] reference-disagreement wide:closure:block-comment:translated:testOperatorDecl18#1 len=101 artifacts=17 advent-overaccept=11 advent-underaccept=6 reference-disagreement=434 same=6762
[7239/100000] reference-disagreement attribute-ifconfig-elseif-list len=123 artifacts=17 advent-overaccept=11 advent-underaccept=6 reference-disagreement=435 same=6787
[7246/100000] reference-disagreement keypath-component-matrix len=55 artifacts=17 advent-overaccept=11 advent-underaccept=6 reference-disagreement=436 same=6793
[7250/100000] same frontier:parser-mode-scope len=95 artifacts=17 advent-overaccept=11 advent-underaccept=6 reference-disagreement=436 same=6797
[7264/100000] reference-disagreement wide:extension-member:raw:real:Nominals:381 len=368 artifacts=17 advent-overaccept=11 advent-underaccept=6 reference-disagreement=437 same=6810
[7270/100000] reference-disagreement wide:closure:line-comment+splice:expression:probeParenKeyPathPostfix#1 len=49 artifacts=17 advent-overaccept=11 advent-underaccept=6 reference-disagreement=438 same=6815
[7292/100000] reference-disagreement attribute-ifconfig-elseif-list len=122 artifacts=17 advent-overaccept=11 advent-underaccept=6 reference-disagreement=439 same=6836
[7308/100000] reference-disagreement wide:trailing-closure:block-comment+block-comment:real:ScopeImplementations:34 len=828 artifacts=17 advent-overaccept=11 advent-underaccept=6 reference-disagreement=440 same=6851
[7332/100000] reference-disagreement wide:top:space+block-comment:translated:testInitDeinit12#1 len=36 artifacts=17 advent-overaccept=11 advent-underaccept=6 reference-disagreement=441 same=6874
[7349/100000] reference-disagreement wide:interpolation:raw:declaration:testParsePoundError#1 len=41 artifacts=17 advent-overaccept=11 advent-underaccept=6 reference-disagreement=442 same=6890
[7366/100000] reference-disagreement tspl-divergence-protocol-body len=103 artifacts=17 advent-overaccept=11 advent-underaccept=6 reference-disagreement=443 same=6906
[7373/100000] reference-disagreement wide:ifconfig:raw:translated:testDeprecatedWhere11#1 len=254 artifacts=17 advent-overaccept=11 advent-underaccept=6 reference-disagreement=444 same=6912
[7380/100000] reference-disagreement member-list-wide-boundary len=185 artifacts=17 advent-overaccept=11 advent-underaccept=6 reference-disagreement=445 same=6918
[7385/100000] reference-disagreement wide:func-body:splice+keyword:real:SyntaxClassifier:45+real:SyntaxTraits:724 len=629 artifacts=17 advent-overaccept=11 advent-underaccept=6 reference-disagreement=446 same=6922
[7388/100000] reference-disagreement member-list-wide-boundary len=177 artifacts=17 advent-overaccept=11 advent-underaccept=6 reference-disagreement=447 same=6924
[7400/100000] reference-disagreement wide:trailing-closure:splice+space+line-comment:attribute:testSilgenName#4 len=63 artifacts=17 advent-overaccept=11 advent-underaccept=6 reference-disagreement=448 same=6935
[7413/100000] reference-disagreement tspl-divergence-protocol-body len=136 artifacts=17 advent-overaccept=11 advent-underaccept=6 reference-disagreement=449 same=6947
[7425/100000] reference-disagreement wide:after-statement:space:reject:testModuleSelectorType#3 len=42 artifacts=17 advent-overaccept=11 advent-underaccept=6 reference-disagreement=450 same=6958
[7427/100000] reference-disagreement tspl-divergence-protocol-body len=165 artifacts=17 advent-overaccept=11 advent-underaccept=6 reference-disagreement=451 same=6959
[7431/100000] reference-disagreement member-list-wide-boundary len=370 artifacts=17 advent-overaccept=11 advent-underaccept=6 reference-disagreement=452 same=6962
[7440/100000] reference-disagreement wide:before-statement:newline+glue+newline:translated:testOperatorDecl21#1 len=66 artifacts=17 advent-overaccept=11 advent-underaccept=6 reference-disagreement=453 same=6970
[7441/100000] reference-disagreement attribute-ifconfig-elseif-list len=131 artifacts=17 advent-overaccept=11 advent-underaccept=6 reference-disagreement=454 same=6970
[7445/100000] reference-disagreement member-list-wide-boundary len=175 artifacts=17 advent-overaccept=11 advent-underaccept=6 reference-disagreement=455 same=6973
[7473/100000] reference-disagreement wide:struct-member:newline+block-comment:real:ResultBuilders:362 len=211 artifacts=17 advent-overaccept=11 advent-underaccept=6 reference-disagreement=456 same=7000
[7484/100000] reference-disagreement wide:func-body:raw:translated:testEffectfulProperties7#1 len=111 artifacts=17 advent-overaccept=11 advent-underaccept=6 reference-disagreement=457 same=7010
[7494/100000] advent-overaccept wide:after-statement:duplicate+block-comment:real:Syntax+StringInterpolation:348 len=214 artifacts=18 advent-overaccept=12 advent-underaccept=6 reference-disagreement=457 same=7019
[7500/100000] same frontier:condition-trailing-closure-scope len=489 artifacts=18 advent-overaccept=12 advent-underaccept=6 reference-disagreement=457 same=7025
[7514/100000] reference-disagreement tspl-divergence-protocol-body len=155 artifacts=18 advent-overaccept=12 advent-underaccept=6 reference-disagreement=458 same=7038
[7530/100000] advent-underaccept wide:closure:block-comment+delete+newline:translated:testForeach1#1 len=235 artifacts=19 advent-overaccept=12 advent-underaccept=7 reference-disagreement=458 same=7053
[7544/100000] reference-disagreement wide:closure:block-comment:translated:testOperatorDeclDesignatedTypes4#1+real:DeclSyntaxParseable:58 len=132 artifacts=19 advent-overaccept=12 advent-underaccept=7 reference-disagreement=459 same=7066
[7569/100000] reference-disagreement wide:trailing-closure:raw:real:LibraryPluginProvider:148 len=654 artifacts=19 advent-overaccept=12 advent-underaccept=7 reference-disagreement=460 same=7090
[7586/100000] reference-disagreement nested-ifconfig-boundary len=117 artifacts=19 advent-overaccept=12 advent-underaccept=7 reference-disagreement=461 same=7106
[7599/100000] reference-disagreement keypath-boundary len=38 artifacts=19 advent-overaccept=12 advent-underaccept=7 reference-disagreement=462 same=7118
[7603/100000] reference-disagreement grammarish-member-list len=139 artifacts=19 advent-overaccept=12 advent-underaccept=7 reference-disagreement=463 same=7121
[7626/100000] reference-disagreement wide:extension-member:splice:phase1:let-exponent len=32 artifacts=19 advent-overaccept=12 advent-underaccept=7 reference-disagreement=464 same=7143
[7656/100000] reference-disagreement wide:struct-member:raw:declaration:testAttributedMacroExpansionDeclaration#10+translated:testInvalid36#1 len=109 artifacts=19 advent-overaccept=12 advent-underaccept=7 reference-disagreement=465 same=7172
[7657/100000] reference-disagreement wide:extension-member:newline+keyword+glue:real:SyntaxTraits:170 len=430 artifacts=19 advent-overaccept=12 advent-underaccept=7 reference-disagreement=466 same=7172
[7665/100000] reference-disagreement tspl-divergence-protocol-body len=155 artifacts=19 advent-overaccept=12 advent-underaccept=7 reference-disagreement=467 same=7179
[7707/100000] reference-disagreement wide:func-body:raw:real:SyntaxTraits:750 len=149 artifacts=19 advent-overaccept=12 advent-underaccept=7 reference-disagreement=468 same=7220
[7727/100000] reference-disagreement statement-list len=694 artifacts=19 advent-overaccept=12 advent-underaccept=7 reference-disagreement=469 same=7239
[7734/100000] reference-disagreement wide:trailing-closure:raw:real:CallLikeSyntax:20 len=351 artifacts=19 advent-overaccept=12 advent-underaccept=7 reference-disagreement=470 same=7245
[7739/100000] reference-disagreement tspl-divergence-protocol-body len=152 artifacts=19 advent-overaccept=12 advent-underaccept=7 reference-disagreement=471 same=7249
[7746/100000] reference-disagreement attribute-ifconfig-elseif-list len=120 artifacts=19 advent-overaccept=12 advent-underaccept=7 reference-disagreement=472 same=7255
[7748/100000] reference-disagreement wide:struct-member:raw:translated:testAsync16#1 len=49 artifacts=19 advent-overaccept=12 advent-underaccept=7 reference-disagreement=473 same=7256
[7750/100000] same statement-control-boundary len=527 artifacts=19 advent-overaccept=12 advent-underaccept=7 reference-disagreement=473 same=7258
[7751/100000] reference-disagreement tspl-divergence-protocol-body len=130 artifacts=19 advent-overaccept=12 advent-underaccept=7 reference-disagreement=474 same=7258
[7759/100000] reference-disagreement wide:func-body:splice:attribute:testExpose#1 len=43 artifacts=19 advent-overaccept=12 advent-underaccept=7 reference-disagreement=475 same=7265
[7791/100000] reference-disagreement wide:struct-member:raw:real:BuildableNodes:914 len=859 artifacts=19 advent-overaccept=12 advent-underaccept=7 reference-disagreement=476 same=7296
[7797/100000] reference-disagreement wide:ifconfig:splice+splice:reject:testRecovery183#2 len=29 artifacts=19 advent-overaccept=12 advent-underaccept=7 reference-disagreement=477 same=7301
[7810/100000] reference-disagreement member-list-wide-boundary len=200 artifacts=19 advent-overaccept=12 advent-underaccept=7 reference-disagreement=478 same=7313
[7812/100000] reference-disagreement wide:struct-member:space+space:real:PackageTarget:149 len=356 artifacts=19 advent-overaccept=12 advent-underaccept=7 reference-disagreement=479 same=7314
[7818/100000] reference-disagreement wide:extension-member:keyword+duplicate+glue:real:MissingNodeInitializers:58 len=144 artifacts=19 advent-overaccept=12 advent-underaccept=7 reference-disagreement=480 same=7319
[7858/100000] reference-disagreement wide:closure:space+newline:real:BuildableNodes:211 len=1061 artifacts=19 advent-overaccept=12 advent-underaccept=7 reference-disagreement=481 same=7358
[7870/100000] reference-disagreement wide:struct-member:raw:phase4-precedence:pg-higher len=68 artifacts=19 advent-overaccept=12 advent-underaccept=7 reference-disagreement=482 same=7369
[7873/100000] reference-disagreement grammarish-member-list len=273 artifacts=19 advent-overaccept=12 advent-underaccept=7 reference-disagreement=483 same=7371
[7894/100000] reference-disagreement wide:func-body:raw:translated:testForwardSlashRegex157#1+real:RenamedChildrenBuilderCompatibility:977 len=1122 artifacts=19 advent-overaccept=12 advent-underaccept=7 reference-disagreement=484 same=7391
[7915/100000] reference-disagreement wide:struct-member:line-comment+space:real:DeclSyntaxParseable:62 len=76 artifacts=19 advent-overaccept=12 advent-underaccept=7 reference-disagreement=485 same=7411
[7916/100000] reference-disagreement tspl-divergence-protocol-body len=90 artifacts=19 advent-overaccept=12 advent-underaccept=7 reference-disagreement=486 same=7411
[7966/100000] reference-disagreement tspl-divergence-protocol-body len=193 artifacts=19 advent-overaccept=12 advent-underaccept=7 reference-disagreement=487 same=7460
[7971/100000] reference-disagreement wide:before-statement:newline+duplicate+line-comment:real:ResultBuilders:371 len=145 artifacts=19 advent-overaccept=12 advent-underaccept=7 reference-disagreement=488 same=7464
[7974/100000] reference-disagreement wide:trailing-closure:raw:real:MacroExpansion:41 len=574 artifacts=19 advent-overaccept=12 advent-underaccept=7 reference-disagreement=489 same=7466
[7988/100000] reference-disagreement wide:closure:raw:real:Syntax+StringInterpolation:354 len=697 artifacts=19 advent-overaccept=12 advent-underaccept=7 reference-disagreement=490 same=7479
[8000/100000] same frontier:generic-member-type-shape len=260 artifacts=19 advent-overaccept=12 advent-underaccept=7 reference-disagreement=490 same=7491
[8005/100000] reference-disagreement wide:trailing-closure:glue:real:SyntaxExpressibleByStringInterpolationConformances:253 len=166 artifacts=19 advent-overaccept=12 advent-underaccept=7 reference-disagreement=491 same=7495
[8015/100000] reference-disagreement statement-list len=588 artifacts=19 advent-overaccept=12 advent-underaccept=7 reference-disagreement=492 same=7504
[8023/100000] reference-disagreement wide:func-body:glue:phase3-function:func-wildcard+real:ResultBuilders:633 len=213 artifacts=19 advent-overaccept=12 advent-underaccept=7 reference-disagreement=493 same=7511
[8031/100000] reference-disagreement wide:trailing-closure:space:real:SyntaxCollections:990 len=496 artifacts=19 advent-overaccept=12 advent-underaccept=7 reference-disagreement=494 same=7518
[8034/100000] reference-disagreement grammarish-member-list len=234 artifacts=19 advent-overaccept=12 advent-underaccept=7 reference-disagreement=495 same=7520
[8056/100000] reference-disagreement wide:top:raw:translated:testSwitch21#1 len=38 artifacts=19 advent-overaccept=12 advent-underaccept=7 reference-disagreement=496 same=7541
[8058/100000] reference-disagreement func-body len=458 artifacts=19 advent-overaccept=12 advent-underaccept=7 reference-disagreement=497 same=7542
[8079/100000] reference-disagreement wide:trailing-closure:raw:real:DeclSyntaxParseable:25 len=702 artifacts=19 advent-overaccept=12 advent-underaccept=7 reference-disagreement=498 same=7562
[8119/100000] reference-disagreement wide:closure:duplicate+line-comment:translated:testRecovery117#1 len=226 artifacts=19 advent-overaccept=12 advent-underaccept=7 reference-disagreement=499 same=7601
[8153/100000] reference-disagreement wide:interpolation:swap+swap:reject:testKeypathExpression#3 len=32 artifacts=19 advent-overaccept=12 advent-underaccept=7 reference-disagreement=500 same=7634
[8159/100000] reference-disagreement wide:closure:space+swap:translated:testEnum31#1 len=163 artifacts=19 advent-overaccept=12 advent-underaccept=7 reference-disagreement=501 same=7639
[8169/100000] reference-disagreement member-list-wide-boundary len=424 artifacts=19 advent-overaccept=12 advent-underaccept=7 reference-disagreement=502 same=7648
[8184/100000] reference-disagreement wide:extension-member:raw:real:RawSyntax:925 len=415 artifacts=19 advent-overaccept=12 advent-underaccept=7 reference-disagreement=503 same=7662
[8210/100000] reference-disagreement tspl-divergence-accessor-commitment len=49 artifacts=19 advent-overaccept=12 advent-underaccept=7 reference-disagreement=504 same=7687
[8250/100000] same attribute-ifconfig-elseif-list len=134 artifacts=19 advent-overaccept=12 advent-underaccept=7 reference-disagreement=504 same=7727
[8253/100000] reference-disagreement attribute-ifconfig-elseif-list len=113 artifacts=19 advent-overaccept=12 advent-underaccept=7 reference-disagreement=505 same=7729
[8258/100000] reference-disagreement wide:closure:raw:translated:testPatternWithoutVariables6#1+translated:testSwitch21#1 len=151 artifacts=19 advent-overaccept=12 advent-underaccept=7 reference-disagreement=506 same=7733
[8268/100000] reference-disagreement wide:trailing-closure:splice:real:SyntaxTraits:424 len=415 artifacts=19 advent-overaccept=12 advent-underaccept=7 reference-disagreement=507 same=7742
[8279/100000] reference-disagreement attribute-ifconfig-elseif-list len=106 artifacts=19 advent-overaccept=12 advent-underaccept=7 reference-disagreement=508 same=7752
[8296/100000] reference-disagreement wide:trailing-closure:raw:translated:testOperators30#1 len=147 artifacts=19 advent-overaccept=12 advent-underaccept=7 reference-disagreement=509 same=7768
[8300/100000] advent-overaccept wide:ifconfig:keyword:translated:testUnknownPlatform2#1+translated:testInvalid40#1 len=186 artifacts=20 advent-overaccept=13 advent-underaccept=7 reference-disagreement=509 same=7771
[8301/100000] reference-disagreement wide:top:raw:declaration:testAttributedMacroExpansionDeclaration#8 len=42 artifacts=20 advent-overaccept=13 advent-underaccept=7 reference-disagreement=510 same=7771
[8321/100000] reference-disagreement wide:func-body:keyword:translated:testSwitch70#1+real:RawSyntaxNodeProtocol:85 len=502 artifacts=20 advent-overaccept=13 advent-underaccept=7 reference-disagreement=511 same=7790
[8334/100000] reference-disagreement statement-list len=637 artifacts=20 advent-overaccept=13 advent-underaccept=7 reference-disagreement=512 same=7802
[8353/100000] reference-disagreement keypath-boundary len=36 artifacts=20 advent-overaccept=13 advent-underaccept=7 reference-disagreement=513 same=7820
[8356/100000] reference-disagreement wide:func-body:raw:real:DeclSyntaxParseable:60 len=66 artifacts=20 advent-overaccept=13 advent-underaccept=7 reference-disagreement=514 same=7822
[8392/100000] reference-disagreement wide:closure:raw:real:SyntaxExpressibleByStringInterpolationConformances:166 len=104 artifacts=20 advent-overaccept=13 advent-underaccept=7 reference-disagreement=515 same=7857
[8411/100000] reference-disagreement cast-try-operator-cluster len=24 artifacts=20 advent-overaccept=13 advent-underaccept=7 reference-disagreement=516 same=7875
[8415/100000] reference-disagreement wide:struct-member:splice:real:WithTrailingCommaSyntax+EnsuringTrailingComma:19 len=221 artifacts=20 advent-overaccept=13 advent-underaccept=7 reference-disagreement=517 same=7878
[8417/100000] reference-disagreement wide:func-body:raw:real:SyntaxTraits:746 len=79 artifacts=20 advent-overaccept=13 advent-underaccept=7 reference-disagreement=518 same=7879
[8426/100000] reference-disagreement wide:closure:block-comment+line-comment+duplicate:real:BuildableNodes:1503 len=1100 artifacts=20 advent-overaccept=13 advent-underaccept=7 reference-disagreement=519 same=7887
[8442/100000] reference-disagreement wide:extension-member:line-comment+newline:real:WarningControlRegions:210 len=447 artifacts=20 advent-overaccept=13 advent-underaccept=7 reference-disagreement=520 same=7902
[8455/100000] reference-disagreement wide:trailing-closure:line-comment+glue:real:SwiftSyntaxCompatibility:247 len=149 artifacts=20 advent-overaccept=13 advent-underaccept=7 reference-disagreement=521 same=7914
[8464/100000] reference-disagreement wide:closure:raw:attribute:testTransposeAttribute#3+statement:testDefaultAsIdentifierInSubscript#1 len=153 artifacts=20 advent-overaccept=13 advent-underaccept=7 reference-disagreement=522 same=7922
[8478/100000] reference-disagreement tspl-divergence-accessor-commitment len=49 artifacts=20 advent-overaccept=13 advent-underaccept=7 reference-disagreement=523 same=7935
[8491/100000] reference-disagreement member-list-wide-boundary len=310 artifacts=20 advent-overaccept=13 advent-underaccept=7 reference-disagreement=524 same=7947
[8492/100000] reference-disagreement wide:trailing-closure:newline+space:expression:testCollectionLiterals#1+type:testConvention#1 len=545 artifacts=20 advent-overaccept=13 advent-underaccept=7 reference-disagreement=525 same=7947
[8500/100000] same frontier:protocol-accessor-shape len=86 artifacts=20 advent-overaccept=13 advent-underaccept=7 reference-disagreement=525 same=7955
[8506/100000] reference-disagreement binding-pattern len=458 artifacts=20 advent-overaccept=13 advent-underaccept=7 reference-disagreement=526 same=7960
[8507/100000] reference-disagreement binding-pattern len=458 artifacts=20 advent-overaccept=13 advent-underaccept=7 reference-disagreement=527 same=7960
[8530/100000] reference-disagreement tspl-divergence-accessor-commitment len=78 artifacts=20 advent-overaccept=13 advent-underaccept=7 reference-disagreement=528 same=7982
[8532/100000] reference-disagreement binding-pattern len=458 artifacts=20 advent-overaccept=13 advent-underaccept=7 reference-disagreement=529 same=7983
[8590/100000] reference-disagreement attribute-ifconfig-elseif-list len=126 artifacts=20 advent-overaccept=13 advent-underaccept=7 reference-disagreement=530 same=8040
[8600/100000] reference-disagreement wide:before-statement:block-comment:fuzz-harvest:requirement-layout+real:TokenSpecSet:795 len=399 artifacts=20 advent-overaccept=13 advent-underaccept=7 reference-disagreement=531 same=8049
[8611/100000] reference-disagreement wide:struct-member:raw:real:SyntaxTraits:517 len=760 artifacts=20 advent-overaccept=13 advent-underaccept=7 reference-disagreement=532 same=8059
[8619/100000] reference-disagreement grammarish-member-list len=145 artifacts=20 advent-overaccept=13 advent-underaccept=7 reference-disagreement=533 same=8066
[8637/100000] reference-disagreement wide:closure:keyword+line-comment+newline:phase3-type:struct-func len=61 artifacts=20 advent-overaccept=13 advent-underaccept=7 reference-disagreement=534 same=8083
[8649/100000] reference-disagreement statement-list len=631 artifacts=20 advent-overaccept=13 advent-underaccept=7 reference-disagreement=535 same=8094
[8650/100000] reference-disagreement wide:closure:newline+duplicate:real:SyntaxTraits:453 len=135 artifacts=20 advent-overaccept=13 advent-underaccept=7 reference-disagreement=536 same=8094
[8674/100000] reference-disagreement wide:trailing-closure:keyword:real:SyntaxTraits:750 len=118 artifacts=20 advent-overaccept=13 advent-underaccept=7 reference-disagreement=537 same=8117
[8676/100000] advent-overaccept wide:after-statement:space+delete+delete:declaration:testUsing#11 len=41 artifacts=21 advent-overaccept=14 advent-underaccept=7 reference-disagreement=537 same=8118
[8685/100000] reference-disagreement wide:func-body:block-comment:translated:testEnum14#1 len=101 artifacts=21 advent-overaccept=14 advent-underaccept=7 reference-disagreement=538 same=8126
[8706/100000] reference-disagreement wide:func-body:block-comment:real:MissingNodeInitializers:68 len=391 artifacts=21 advent-overaccept=14 advent-underaccept=7 reference-disagreement=539 same=8146
[8711/100000] reference-disagreement statement-list len=522 artifacts=21 advent-overaccept=14 advent-underaccept=7 reference-disagreement=540 same=8150
[8721/100000] reference-disagreement wide:extension-member:raw:real:Syntax+StringInterpolation:263 len=174 artifacts=21 advent-overaccept=14 advent-underaccept=7 reference-disagreement=541 same=8159
[8750/100000] same pack-boundary len=64 artifacts=21 advent-overaccept=14 advent-underaccept=7 reference-disagreement=541 same=8188
[8754/100000] reference-disagreement wide:struct-member:raw:real:ResultBuilders:154 len=190 artifacts=21 advent-overaccept=14 advent-underaccept=7 reference-disagreement=542 same=8191
[8762/100000] reference-disagreement wide:func-body:newline+delete+newline:translated:testDelayedExtension1#1 len=40 artifacts=21 advent-overaccept=14 advent-underaccept=7 reference-disagreement=543 same=8198
[8769/100000] reference-disagreement wide:closure:raw:real:SyntaxEnum:1225+phase4-coroutine:op-designated len=745 artifacts=21 advent-overaccept=14 advent-underaccept=7 reference-disagreement=544 same=8204
[8777/100000] reference-disagreement tspl-divergence-protocol-body len=192 artifacts=21 advent-overaccept=14 advent-underaccept=7 reference-disagreement=545 same=8211
[8784/100000] reference-disagreement grammarish-member-list len=367 artifacts=21 advent-overaccept=14 advent-underaccept=7 reference-disagreement=546 same=8217
[8799/100000] reference-disagreement declaration-modifier-stack len=34 artifacts=21 advent-overaccept=14 advent-underaccept=7 reference-disagreement=547 same=8231
[8805/100000] reference-disagreement wide:func-body:raw:real:SyntaxNodeWithBody:212 len=76 artifacts=21 advent-overaccept=14 advent-underaccept=7 reference-disagreement=548 same=8236
[8816/100000] reference-disagreement wide:struct-member:newline+line-comment:phase4-ifconfig:if-empty+real:SyntaxTraits:720 len=99 artifacts=21 advent-overaccept=14 advent-underaccept=7 reference-disagreement=549 same=8246
[8824/100000] reference-disagreement tspl-divergence-accessor-commitment len=49 artifacts=21 advent-overaccept=14 advent-underaccept=7 reference-disagreement=550 same=8253
[8828/100000] reference-disagreement attribute-ifconfig-elseif-list len=123 artifacts=21 advent-overaccept=14 advent-underaccept=7 reference-disagreement=551 same=8256
[8850/100000] reference-disagreement wide:trailing-closure:line-comment:real:SyntaxTraits:109+translated:testMatchingPatterns23#1 len=512 artifacts=21 advent-overaccept=14 advent-underaccept=7 reference-disagreement=552 same=8277
[8856/100000] reference-disagreement wide:extension-member:line-comment:declaration:testVariableDeclarations#11 len=76 artifacts=21 advent-overaccept=14 advent-underaccept=7 reference-disagreement=553 same=8282
[8862/100000] reference-disagreement wide:func-body:splice:real:SyntaxTraits:706+phase4-misc:borrowing-param len=102 artifacts=21 advent-overaccept=14 advent-underaccept=7 reference-disagreement=554 same=8287
[8863/100000] reference-disagreement wide:after-statement:raw:translated:testMatchingPatterns35#1+attribute:testMacroRoleNames#9 len=156 artifacts=21 advent-overaccept=14 advent-underaccept=7 reference-disagreement=555 same=8287
[8888/100000] reference-disagreement binding-pattern len=458 artifacts=21 advent-overaccept=14 advent-underaccept=7 reference-disagreement=556 same=8311
[8921/100000] reference-disagreement wide:func-body:newline+space:real:ScopeImplementations:34 len=827 artifacts=21 advent-overaccept=14 advent-underaccept=7 reference-disagreement=557 same=8343
[8926/100000] reference-disagreement wide:interpolation:newline+glue:statement:testTrailingClosureInIfCondition#2 len=27 artifacts=21 advent-overaccept=14 advent-underaccept=7 reference-disagreement=558 same=8347
[8927/100000] reference-disagreement wide:extension-member:raw:translated:testConflictMarkers4#1 len=65 artifacts=21 advent-overaccept=14 advent-underaccept=7 reference-disagreement=559 same=8347
[8932/100000] reference-disagreement tspl-divergence-protocol-body len=76 artifacts=21 advent-overaccept=14 advent-underaccept=7 reference-disagreement=560 same=8351
[8945/100000] reference-disagreement keypath-component-matrix len=53 artifacts=21 advent-overaccept=14 advent-underaccept=7 reference-disagreement=561 same=8363
[8954/100000] reference-disagreement wide:closure:newline+delete:declaration:testParseIsolatedConformances#3+expression:testSubscriptDeinitMembers#3 len=77 artifacts=21 advent-overaccept=14 advent-underaccept=7 reference-disagreement=562 same=8371
[8961/100000] reference-disagreement wide:struct-member:line-comment:real:Utils:19+phase4-keypath:kp-root-meta-opt len=879 artifacts=21 advent-overaccept=14 advent-underaccept=7 reference-disagreement=563 same=8377
[8962/100000] reference-disagreement wide:func-body:glue+line-comment+space:real:FixItApplier:139+translated:testSelfRebinding10#1 len=352 artifacts=21 advent-overaccept=14 advent-underaccept=7 reference-disagreement=564 same=8377
[8989/100000] reference-disagreement member-list-wide-boundary len=150 artifacts=21 advent-overaccept=14 advent-underaccept=7 reference-disagreement=565 same=8403
[9000/100000] same delimiter-recovery-boundary len=44 artifacts=21 advent-overaccept=14 advent-underaccept=7 reference-disagreement=565 same=8414
[9004/100000] reference-disagreement wide:func-body:raw:statement:testTypedThrows#1 len=56 artifacts=21 advent-overaccept=14 advent-underaccept=7 reference-disagreement=566 same=8417
[9006/100000] reference-disagreement tspl-divergence-accessor-commitment len=78 artifacts=21 advent-overaccept=14 advent-underaccept=7 reference-disagreement=567 same=8418
[9037/100000] reference-disagreement wide:func-body:space+block-comment+line-comment:real:SyntaxTraits:820 len=144 artifacts=21 advent-overaccept=14 advent-underaccept=7 reference-disagreement=568 same=8448
[9043/100000] reference-disagreement wide:func-body:glue:real:SyntaxTraits:828 len=66 artifacts=21 advent-overaccept=14 advent-underaccept=7 reference-disagreement=569 same=8453
[9098/100000] reference-disagreement wide:closure:raw:real:ResultBuilderExtensions:107 len=379 artifacts=21 advent-overaccept=14 advent-underaccept=7 reference-disagreement=570 same=8507
[9135/100000] reference-disagreement wide:extension-member:newline+line-comment:attribute:testTypeAttributeInExprContext#1 len=57 artifacts=21 advent-overaccept=14 advent-underaccept=7 reference-disagreement=571 same=8543
[9142/100000] reference-disagreement grammarish-member-list len=296 artifacts=21 advent-overaccept=14 advent-underaccept=7 reference-disagreement=572 same=8549
[9143/100000] reference-disagreement wide:closure:raw:declaration:testAttributedMacroExpansionDeclaration#2 len=50 artifacts=21 advent-overaccept=14 advent-underaccept=7 reference-disagreement=573 same=8549
[9144/100000] reference-disagreement attribute-boundary len=41 artifacts=21 advent-overaccept=14 advent-underaccept=7 reference-disagreement=574 same=8549
[9145/100000] reference-disagreement wide:func-body:raw:real:StandardIOMessageConnection:27 len=46 artifacts=21 advent-overaccept=14 advent-underaccept=7 reference-disagreement=575 same=8549
[9170/100000] reference-disagreement wide:func-body:raw:real:ParserDiagnosticMessages:391 len=247 artifacts=21 advent-overaccept=14 advent-underaccept=7 reference-disagreement=576 same=8573
[9179/100000] reference-disagreement tspl-divergence-protocol-body len=119 artifacts=21 advent-overaccept=14 advent-underaccept=7 reference-disagreement=577 same=8581
[9196/100000] reference-disagreement tspl-divergence-accessor-commitment len=78 artifacts=21 advent-overaccept=14 advent-underaccept=7 reference-disagreement=578 same=8597
[9200/100000] reference-disagreement wide:struct-member:newline:real:ScopeImplementations:733 len=446 artifacts=21 advent-overaccept=14 advent-underaccept=7 reference-disagreement=579 same=8600
[9202/100000] reference-disagreement seed-corpus-wrapped:preconcurrency-import len=40 artifacts=21 advent-overaccept=14 advent-underaccept=7 reference-disagreement=580 same=8601
[9212/100000] reference-disagreement wide:extension-member:raw:real:ActiveSyntaxRewriter:446 len=940 artifacts=21 advent-overaccept=14 advent-underaccept=7 reference-disagreement=581 same=8610
[9250/100000] same trailing-closure-boundary len=95 artifacts=21 advent-overaccept=14 advent-underaccept=7 reference-disagreement=581 same=8648
[9253/100000] reference-disagreement wide:trailing-closure:raw:real:CodeItemMacro:20 len=367 artifacts=21 advent-overaccept=14 advent-underaccept=7 reference-disagreement=582 same=8650
[9313/100000] reference-disagreement wide:after-statement:duplicate:real:ResultBuilders:629 len=139 artifacts=21 advent-overaccept=14 advent-underaccept=7 reference-disagreement=583 same=8709
[9320/100000] reference-disagreement tspl-divergence-protocol-body len=155 artifacts=21 advent-overaccept=14 advent-underaccept=7 reference-disagreement=584 same=8715
[9331/100000] reference-disagreement wide:closure:line-comment:real:MacroExpansion:27 len=283 artifacts=21 advent-overaccept=14 advent-underaccept=7 reference-disagreement=585 same=8725
[9333/100000] reference-disagreement attribute-boundary len=32 artifacts=21 advent-overaccept=14 advent-underaccept=7 reference-disagreement=586 same=8726
[9356/100000] reference-disagreement wide:trailing-closure:space:real:FixItApplier:139 len=159 artifacts=21 advent-overaccept=14 advent-underaccept=7 reference-disagreement=587 same=8748
[9360/100000] reference-disagreement tspl-divergence-protocol-body len=98 artifacts=21 advent-overaccept=14 advent-underaccept=7 reference-disagreement=588 same=8751
[9361/100000] reference-disagreement wide:closure:space+block-comment+splice:real:LexerDiagnosticMessages:49+declaration:testMacroExpansionDeclaration#2 len=321 artifacts=21 advent-overaccept=14 advent-underaccept=7 reference-disagreement=589 same=8751
[9380/100000] reference-disagreement wide:func-body:raw:real:SyntaxTraits:780 len=73 artifacts=21 advent-overaccept=14 advent-underaccept=7 reference-disagreement=590 same=8769
[9385/100000] reference-disagreement attribute-ifconfig-elseif-list len=122 artifacts=21 advent-overaccept=14 advent-underaccept=7 reference-disagreement=591 same=8773
[9460/100000] reference-disagreement wide:trailing-closure:line-comment:real:Syntax+StringInterpolation:286 len=61 artifacts=21 advent-overaccept=14 advent-underaccept=7 reference-disagreement=592 same=8847
[9485/100000] reference-disagreement wide:extension-member:glue+glue:declaration:testParseRetroactiveExtension#1 len=62 artifacts=21 advent-overaccept=14 advent-underaccept=7 reference-disagreement=593 same=8871
[9490/100000] reference-disagreement wide:extension-member:raw:real:Parser:530+translated:testForwardSlashRegexSkipping25#1 len=973 artifacts=21 advent-overaccept=14 advent-underaccept=7 reference-disagreement=594 same=8875
[9500/100000] same wide:struct-member:block-comment:reject:testEnum92#1 len=104 artifacts=21 advent-overaccept=14 advent-underaccept=7 reference-disagreement=594 same=8885
[9566/100000] reference-disagreement cast-try-operator-cluster len=24 artifacts=21 advent-overaccept=14 advent-underaccept=7 reference-disagreement=595 same=8950
[9569/100000] reference-disagreement wide:func-body:block-comment:real:ResultBuilders:515 len=585 artifacts=21 advent-overaccept=14 advent-underaccept=7 reference-disagreement=596 same=8952
[9579/100000] reference-disagreement tspl-divergence-protocol-body len=181 artifacts=21 advent-overaccept=14 advent-underaccept=7 reference-disagreement=597 same=8961
[9584/100000] reference-disagreement wide:extension-member:newline+line-comment+space:reject:testInitAccessorsWithDefaultValues#1 len=140 artifacts=21 advent-overaccept=14 advent-underaccept=7 reference-disagreement=598 same=8965
[9586/100000] reference-disagreement keypath-component-matrix len=33 artifacts=21 advent-overaccept=14 advent-underaccept=7 reference-disagreement=599 same=8966
[9591/100000] reference-disagreement keypath-component-matrix len=33 artifacts=21 advent-overaccept=14 advent-underaccept=7 reference-disagreement=600 same=8970
[9603/100000] reference-disagreement wide:trailing-closure:raw:translated:testEffectfulProperties5#1+declaration:testAttributedMacroExpansionDeclaration#8 len=153 artifacts=21 advent-overaccept=14 advent-underaccept=7 reference-disagreement=601 same=8981
[9635/100000] reference-disagreement attribute-ifconfig-elseif-list len=113 artifacts=21 advent-overaccept=14 advent-underaccept=7 reference-disagreement=602 same=9012
[9639/100000] reference-disagreement declaration-modifier-stack len=34 artifacts=21 advent-overaccept=14 advent-underaccept=7 reference-disagreement=603 same=9015
[9659/100000] reference-disagreement member-list-wide-boundary len=289 artifacts=21 advent-overaccept=14 advent-underaccept=7 reference-disagreement=604 same=9034
[9674/100000] reference-disagreement wide:extension-member:raw:translated:testForwardSlashRegexSkippingAllowed9#1 len=74 artifacts=21 advent-overaccept=14 advent-underaccept=7 reference-disagreement=605 same=9048
[9679/100000] reference-disagreement statement-list len=629 artifacts=21 advent-overaccept=14 advent-underaccept=7 reference-disagreement=606 same=9052
[9703/100000] reference-disagreement grammarish-member-list len=304 artifacts=21 advent-overaccept=14 advent-underaccept=7 reference-disagreement=607 same=9075
[9712/100000] reference-disagreement wide:before-statement:splice:declaration:testCoroutineAccessors#1 len=89 artifacts=21 advent-overaccept=14 advent-underaccept=7 reference-disagreement=608 same=9083
[9732/100000] reference-disagreement wide:func-body:raw:phase4-decl:op-prefix len=35 artifacts=21 advent-overaccept=14 advent-underaccept=7 reference-disagreement=609 same=9102
[9750/100000] same wide:top:raw:translated:testPatternWithoutVariables1#1+translated:testForwardSlashRegexSkipping25#1 len=104 artifacts=21 advent-overaccept=14 advent-underaccept=7 reference-disagreement=609 same=9120
[9759/100000] reference-disagreement keypath-boundary len=33 artifacts=21 advent-overaccept=14 advent-underaccept=7 reference-disagreement=610 same=9128
[9764/100000] reference-disagreement wide:after-statement:raw:expression:testKeypathExpressionWithSugaredRoot#10+attribute:testABIAttribute#14 len=53 artifacts=21 advent-overaccept=14 advent-underaccept=7 reference-disagreement=611 same=9132
[9772/100000] reference-disagreement seed-corpus-wrapped:preconcurrency-import len=40 artifacts=21 advent-overaccept=14 advent-underaccept=7 reference-disagreement=612 same=9139
[9778/100000] reference-disagreement wide:trailing-closure:raw:real:Identifier:97 len=523 artifacts=21 advent-overaccept=14 advent-underaccept=7 reference-disagreement=613 same=9144
[9780/100000] reference-disagreement keypath-component-matrix len=37 artifacts=21 advent-overaccept=14 advent-underaccept=7 reference-disagreement=614 same=9145
[9799/100000] reference-disagreement member-list-wide-boundary len=158 artifacts=21 advent-overaccept=14 advent-underaccept=7 reference-disagreement=615 same=9163
[9820/100000] reference-disagreement wide:closure:block-comment:real:SwiftSyntaxCompatibility:1132+translated:testForwardSlashRegex131#1 len=908 artifacts=21 advent-overaccept=14 advent-underaccept=7 reference-disagreement=616 same=9183
[9821/100000] reference-disagreement wide:struct-member:glue:real:PrecedenceGroup:134 len=238 artifacts=21 advent-overaccept=14 advent-underaccept=7 reference-disagreement=617 same=9183
[9883/100000] reference-disagreement attribute-ifconfig-elseif-list len=130 artifacts=21 advent-overaccept=14 advent-underaccept=7 reference-disagreement=618 same=9244
[9899/100000] reference-disagreement cast-try-operator-cluster len=24 artifacts=21 advent-overaccept=14 advent-underaccept=7 reference-disagreement=619 same=9259
[9921/100000] reference-disagreement binding-pattern len=458 artifacts=21 advent-overaccept=14 advent-underaccept=7 reference-disagreement=620 same=9280
[9925/100000] reference-disagreement wide:extension-member:raw:real:StringLiterals:758 len=188 artifacts=21 advent-overaccept=14 advent-underaccept=7 reference-disagreement=621 same=9283
[9935/100000] reference-disagreement wide:trailing-closure:block-comment+block-comment:real:ArenaAllocatedBuffer:20 len=773 artifacts=21 advent-overaccept=14 advent-underaccept=7 reference-disagreement=622 same=9292
[9973/100000] reference-disagreement declaration-modifier-stack len=34 artifacts=21 advent-overaccept=14 advent-underaccept=7 reference-disagreement=623 same=9329
[9985/100000] reference-disagreement tspl-divergence-protocol-body len=89 artifacts=21 advent-overaccept=14 advent-underaccept=7 reference-disagreement=624 same=9340
[10000/100000] same regex-boundary len=60 artifacts=21 advent-overaccept=14 advent-underaccept=7 reference-disagreement=624 same=9355
[10001/100000] reference-disagreement attribute-ifconfig-elseif-list len=116 artifacts=21 advent-overaccept=14 advent-underaccept=7 reference-disagreement=625 same=9355
[10007/100000] reference-disagreement wide:trailing-closure:raw:real:SyntaxTraits:341 len=406 artifacts=21 advent-overaccept=14 advent-underaccept=7 reference-disagreement=626 same=9360
[10010/100000] reference-disagreement wide:trailing-closure:glue:real:SyntaxTraits:694 len=90 artifacts=21 advent-overaccept=14 advent-underaccept=7 reference-disagreement=627 same=9362
[10017/100000] reference-disagreement tspl-divergence-protocol-body len=111 artifacts=21 advent-overaccept=14 advent-underaccept=7 reference-disagreement=628 same=9368
[10019/100000] reference-disagreement seed-corpus-structural-splice:warning-directive len=60 artifacts=21 advent-overaccept=14 advent-underaccept=7 reference-disagreement=629 same=9369
[10025/100000] reference-disagreement grammarish-member-list len=384 artifacts=21 advent-overaccept=14 advent-underaccept=7 reference-disagreement=630 same=9374
[10047/100000] reference-disagreement wide:closure:newline:real:DeclSyntaxParseable:47 len=71 artifacts=21 advent-overaccept=14 advent-underaccept=7 reference-disagreement=631 same=9395
[10057/100000] reference-disagreement attribute-ifconfig-elseif-list len=112 artifacts=21 advent-overaccept=14 advent-underaccept=7 reference-disagreement=632 same=9404
[10084/100000] reference-disagreement wide:trailing-closure:raw:translated:testMatchingPatterns1#1 len=30 artifacts=21 advent-overaccept=14 advent-underaccept=7 reference-disagreement=633 same=9430
[10087/100000] reference-disagreement binding-pattern len=458 artifacts=21 advent-overaccept=14 advent-underaccept=7 reference-disagreement=634 same=9432
[10094/100000] reference-disagreement wide:func-body:raw:real:AbsolutePosition:15 len=370 artifacts=21 advent-overaccept=14 advent-underaccept=7 reference-disagreement=635 same=9438
[10095/100000] reference-disagreement wide:ifconfig:raw:translated:testOperatorDeclDesignatedTypes11#1+translated:testOperatorDeclDesignatedTypes12#1 len=140 artifacts=21 advent-overaccept=14 advent-underaccept=7 reference-disagreement=636 same=9438
[10163/100000] reference-disagreement member-list-wide-boundary len=297 artifacts=21 advent-overaccept=14 advent-underaccept=7 reference-disagreement=637 same=9505
[10175/100000] reference-disagreement tspl-divergence-protocol-body len=156 artifacts=21 advent-overaccept=14 advent-underaccept=7 reference-disagreement=638 same=9516
[10180/100000] reference-disagreement wide:extension-member:splice+space:real:BuildableNodes:292+translated:testSwitch36#1 len=1173 artifacts=21 advent-overaccept=14 advent-underaccept=7 reference-disagreement=639 same=9520
[10182/100000] reference-disagreement wide:trailing-closure:newline:real:SwiftSyntaxCompatibility:1159 len=70 artifacts=21 advent-overaccept=14 advent-underaccept=7 reference-disagreement=640 same=9521
[10191/100000] reference-disagreement wide:func-body:block-comment+newline:real:ResultBuilders:728 len=139 artifacts=21 advent-overaccept=14 advent-underaccept=7 reference-disagreement=641 same=9529
[10194/100000] reference-disagreement wide:extension-member:newline:real:StaticBuildConfiguration:435 len=867 artifacts=21 advent-overaccept=14 advent-underaccept=7 reference-disagreement=642 same=9531
[10203/100000] reference-disagreement tspl-divergence-protocol-body len=287 artifacts=21 advent-overaccept=14 advent-underaccept=7 reference-disagreement=643 same=9539
[10210/100000] reference-disagreement wide:trailing-closure:raw:translated:testSwitch44#1+phase3-function:func-body-stmt len=95 artifacts=21 advent-overaccept=14 advent-underaccept=7 reference-disagreement=644 same=9545
[10223/100000] reference-disagreement wide:struct-member:raw:real:WarningControlRegionBuilder:91 len=272 artifacts=21 advent-overaccept=14 advent-underaccept=7 reference-disagreement=645 same=9557
[10229/100000] reference-disagreement wide:closure:space+glue:translated:testSwitch8#1+real:RenamedChildrenBuilderCompatibility:114 len=1298 artifacts=21 advent-overaccept=14 advent-underaccept=7 reference-disagreement=646 same=9562
[10241/100000] reference-disagreement statement-list len=605 artifacts=21 advent-overaccept=14 advent-underaccept=7 reference-disagreement=647 same=9573
[10248/100000] reference-disagreement keypath-boundary len=40 artifacts=21 advent-overaccept=14 advent-underaccept=7 reference-disagreement=648 same=9579
[10250/100000] same closure-label len=58 artifacts=21 advent-overaccept=14 advent-underaccept=7 reference-disagreement=648 same=9581
[10263/100000] reference-disagreement wide:extension-member:block-comment+space+glue:real:Macro+Format:25 len=110 artifacts=21 advent-overaccept=14 advent-underaccept=7 reference-disagreement=649 same=9593
[10284/100000] reference-disagreement wide:func-body:raw:real:Syntax+StringInterpolation:528 len=76 artifacts=21 advent-overaccept=14 advent-underaccept=7 reference-disagreement=650 same=9613
[10294/100000] reference-disagreement tspl-divergence-protocol-body len=189 artifacts=21 advent-overaccept=14 advent-underaccept=7 reference-disagreement=651 same=9622
[10301/100000] reference-disagreement wide:after-statement:line-comment+glue:translated:testInitDeinit18#1 len=102 artifacts=21 advent-overaccept=14 advent-underaccept=7 reference-disagreement=652 same=9628
[10302/100000] reference-disagreement wide:closure:space:real:ParserDiagnosticMessages:67 len=218 artifacts=21 advent-overaccept=14 advent-underaccept=7 reference-disagreement=653 same=9628
[10304/100000] reference-disagreement tspl-divergence-accessor-commitment len=78 artifacts=21 advent-overaccept=14 advent-underaccept=7 reference-disagreement=654 same=9629
[10308/100000] reference-disagreement statement-list len=567 artifacts=21 advent-overaccept=14 advent-underaccept=7 reference-disagreement=655 same=9632
[10312/100000] reference-disagreement wide:struct-member:raw:real:SyntaxTraits:764+real:ScopeImplementations:733 len=550 artifacts=21 advent-overaccept=14 advent-underaccept=7 reference-disagreement=656 same=9635
[10333/100000] reference-disagreement wide:func-body:raw:translated:testDebugger1#1 len=41 artifacts=21 advent-overaccept=14 advent-underaccept=7 reference-disagreement=657 same=9655
[10342/100000] reference-disagreement tspl-divergence-protocol-body len=191 artifacts=21 advent-overaccept=14 advent-underaccept=7 reference-disagreement=658 same=9663
[10346/100000] reference-disagreement attribute-ifconfig-elseif-list len=113 artifacts=21 advent-overaccept=14 advent-underaccept=7 reference-disagreement=659 same=9666
[10352/100000] reference-disagreement wide:extension-member:block-comment+space+newline:real:SyntaxExpressibleByStringInterpolationConformances:259 len=96 artifacts=21 advent-overaccept=14 advent-underaccept=7 reference-disagreement=660 same=9671
[10354/100000] reference-disagreement grammarish-member-list len=377 artifacts=21 advent-overaccept=14 advent-underaccept=7 reference-disagreement=661 same=9672
[10368/100000] reference-disagreement tspl-divergence-protocol-body len=89 artifacts=21 advent-overaccept=14 advent-underaccept=7 reference-disagreement=662 same=9685
[10376/100000] reference-disagreement statement-list len=622 artifacts=21 advent-overaccept=14 advent-underaccept=7 reference-disagreement=663 same=9692
[10381/100000] reference-disagreement wide:ifconfig:raw:translated:testPatternWithoutVariables5#1 len=466 artifacts=21 advent-overaccept=14 advent-underaccept=7 reference-disagreement=664 same=9696
[10405/100000] reference-disagreement wide:after-statement:raw:translated:testPatternWithoutVariables6#1 len=108 artifacts=21 advent-overaccept=14 advent-underaccept=7 reference-disagreement=665 same=9719
[10411/100000] reference-disagreement declaration-modifier-stack len=34 artifacts=21 advent-overaccept=14 advent-underaccept=7 reference-disagreement=666 same=9724
[10445/100000] reference-disagreement tspl-divergence-protocol-body len=159 artifacts=21 advent-overaccept=14 advent-underaccept=7 reference-disagreement=667 same=9757
[10446/100000] reference-disagreement wide:extension-member:splice:real:Specifiers:581 len=516 artifacts=21 advent-overaccept=14 advent-underaccept=7 reference-disagreement=668 same=9757
[10453/100000] reference-disagreement wide:top:raw:translated:testEffectfulProperties6#1 len=102 artifacts=21 advent-overaccept=14 advent-underaccept=7 reference-disagreement=669 same=9763
[10464/100000] reference-disagreement tspl-divergence-protocol-body len=90 artifacts=21 advent-overaccept=14 advent-underaccept=7 reference-disagreement=670 same=9773
[10471/100000] reference-disagreement wide:extension-member:raw:attribute:testABIAttribute#8+declaration:testFuncParsing#3 len=427 artifacts=21 advent-overaccept=14 advent-underaccept=7 reference-disagreement=671 same=9779
[10476/100000] reference-disagreement wide:func-body:raw:real:SyntaxEditUtils:55 len=430 artifacts=21 advent-overaccept=14 advent-underaccept=7 reference-disagreement=672 same=9783
[10500/100000] reference-disagreement wide:top:keyword+newline+splice:translated:testModuleSelectorAttrs#2 len=104 artifacts=21 advent-overaccept=14 advent-underaccept=7 reference-disagreement=673 same=9806
[10525/100000] reference-disagreement wide:struct-member:newline:real:IdentifiableSyntax:20 len=72 artifacts=21 advent-overaccept=14 advent-underaccept=7 reference-disagreement=674 same=9830
[10544/100000] reference-disagreement wide:closure:raw:real:ResultBuilders:124 len=140 artifacts=21 advent-overaccept=14 advent-underaccept=7 reference-disagreement=675 same=9848
[10561/100000] reference-disagreement wide:extension-member:duplicate+glue:translated:testRecovery13#1 len=241 artifacts=21 advent-overaccept=14 advent-underaccept=7 reference-disagreement=676 same=9864
[10572/100000] reference-disagreement tspl-divergence-protocol-body len=163 artifacts=21 advent-overaccept=14 advent-underaccept=7 reference-disagreement=677 same=9874
[10583/100000] reference-disagreement wide:after-statement:glue:translated:testSwitch76#1 len=95 artifacts=21 advent-overaccept=14 advent-underaccept=7 reference-disagreement=678 same=9884
[10586/100000] reference-disagreement wide:closure:glue+glue:declaration:testImports#2 len=51 artifacts=21 advent-overaccept=14 advent-underaccept=7 reference-disagreement=679 same=9886
[10602/100000] reference-disagreement wide:closure:raw:translated:testEnum12#1 len=61 artifacts=21 advent-overaccept=14 advent-underaccept=7 reference-disagreement=680 same=9901
[10628/100000] reference-disagreement tspl-divergence-accessor-commitment len=78 artifacts=21 advent-overaccept=14 advent-underaccept=7 reference-disagreement=681 same=9926
[10632/100000] reference-disagreement wide:extension-member:block-comment:translated:testDiagnoseAvailability7#1 len=116 artifacts=21 advent-overaccept=14 advent-underaccept=7 reference-disagreement=682 same=9929
[10634/100000] reference-disagreement tspl-divergence-protocol-body len=242 artifacts=21 advent-overaccept=14 advent-underaccept=7 reference-disagreement=683 same=9930
[10641/100000] reference-disagreement wide:before-statement:raw:declaration:testModifiedParameter#7+phase3-statement:tuple-bind len=88 artifacts=21 advent-overaccept=14 advent-underaccept=7 reference-disagreement=684 same=9936
[10654/100000] reference-disagreement wide:func-body:glue+block-comment:real:ResultBuilders:397+phase4-macro:borrow len=167 artifacts=21 advent-overaccept=14 advent-underaccept=7 reference-disagreement=685 same=9948
[10662/100000] reference-disagreement wide:func-body:raw:real:ResultBuilders:267 len=150 artifacts=21 advent-overaccept=14 advent-underaccept=7 reference-disagreement=686 same=9955
[10666/100000] reference-disagreement wide:trailing-closure:line-comment+block-comment+block-comment:real:DeclSyntaxParseable:49 len=81 artifacts=21 advent-overaccept=14 advent-underaccept=7 reference-disagreement=687 same=9958
[10668/100000] reference-disagreement wide:trailing-closure:block-comment+newline:real:SyntaxTraits:329 len=357 artifacts=21 advent-overaccept=14 advent-underaccept=7 reference-disagreement=688 same=9959
[10673/100000] reference-disagreement declaration-modifier-stack len=34 artifacts=21 advent-overaccept=14 advent-underaccept=7 reference-disagreement=689 same=9963
[10676/100000] reference-disagreement wide:func-body:block-comment:real:SyntaxUtils:25 len=281 artifacts=21 advent-overaccept=14 advent-underaccept=7 reference-disagreement=690 same=9965
[10707/100000] reference-disagreement wide:after-statement:line-comment+block-comment+space:translated:testInitDeinit20#1 len=90 artifacts=21 advent-overaccept=14 advent-underaccept=7 reference-disagreement=691 same=9995
[10737/100000] reference-disagreement wide:ifconfig:raw:translated:testTypeExpr5#1 len=43 artifacts=21 advent-overaccept=14 advent-underaccept=7 reference-disagreement=692 same=10024
[10750/100000] same pack-boundary len=84 artifacts=21 advent-overaccept=14 advent-underaccept=7 reference-disagreement=692 same=10037
[10751/100000] reference-disagreement wide:func-body:raw:phase4-precedence:pg-assoc-left len=57 artifacts=21 advent-overaccept=14 advent-underaccept=7 reference-disagreement=693 same=10037
[10759/100000] reference-disagreement wide:extension-member:block-comment+glue:real:Descriptor:27 len=677 artifacts=21 advent-overaccept=14 advent-underaccept=7 reference-disagreement=694 same=10044
[10780/100000] reference-disagreement attribute-ifconfig-elseif-list len=114 artifacts=21 advent-overaccept=14 advent-underaccept=7 reference-disagreement=695 same=10064
[10813/100000] reference-disagreement member-list-wide-boundary len=198 artifacts=21 advent-overaccept=14 advent-underaccept=7 reference-disagreement=696 same=10096
[10817/100000] reference-disagreement wide:extension-member:block-comment+glue:real:Syntax+StringInterpolation:472 len=94 artifacts=21 advent-overaccept=14 advent-underaccept=7 reference-disagreement=697 same=10099
[10818/100000] reference-disagreement wide:trailing-closure:newline:real:ResultBuilders:85 len=117 artifacts=21 advent-overaccept=14 advent-underaccept=7 reference-disagreement=698 same=10099
[10827/100000] reference-disagreement wide:closure:raw:real:SyntaxExpressibleByStringInterpolationConformances:70 len=112 artifacts=21 advent-overaccept=14 advent-underaccept=7 reference-disagreement=699 same=10107
[10834/100000] reference-disagreement wide:struct-member:line-comment+space:real:SyntaxNodeWithBody:97 len=73 artifacts=21 advent-overaccept=14 advent-underaccept=7 reference-disagreement=700 same=10113
[10847/100000] reference-disagreement wide:top:space+newline:translated:testInvalid16a#1 len=39 artifacts=21 advent-overaccept=14 advent-underaccept=7 reference-disagreement=701 same=10125
[10868/100000] reference-disagreement tspl-divergence-protocol-body len=134 artifacts=21 advent-overaccept=14 advent-underaccept=7 reference-disagreement=702 same=10145
[10873/100000] reference-disagreement attribute-ifconfig-elseif-list len=127 artifacts=21 advent-overaccept=14 advent-underaccept=7 reference-disagreement=703 same=10149
[10917/100000] reference-disagreement binding-pattern len=458 artifacts=21 advent-overaccept=14 advent-underaccept=7 reference-disagreement=704 same=10192
[10920/100000] reference-disagreement tspl-divergence-accessor-commitment len=78 artifacts=21 advent-overaccept=14 advent-underaccept=7 reference-disagreement=705 same=10194
[10926/100000] reference-disagreement func-body len=467 artifacts=21 advent-overaccept=14 advent-underaccept=7 reference-disagreement=706 same=10199
[10935/100000] reference-disagreement wide:trailing-closure:line-comment+newline:translated:testAvailabilityQuery22#1 len=39 artifacts=21 advent-overaccept=14 advent-underaccept=7 reference-disagreement=707 same=10207
[10940/100000] reference-disagreement wide:extension-member:raw:real:SyntaxNodeWithBody:42 len=217 artifacts=21 advent-overaccept=14 advent-underaccept=7 reference-disagreement=708 same=10211
[10951/100000] reference-disagreement tspl-divergence-protocol-body len=216 artifacts=21 advent-overaccept=14 advent-underaccept=7 reference-disagreement=709 same=10221
[10964/100000] reference-disagreement wide:top:block-comment+duplicate+newline:real:SyntaxCollections:50 len=485 artifacts=21 advent-overaccept=14 advent-underaccept=7 reference-disagreement=710 same=10233
[10975/100000] reference-disagreement wide:func-body:glue:real:Expressions:2344 len=886 artifacts=21 advent-overaccept=14 advent-underaccept=7 reference-disagreement=711 same=10243
[11000/100000] same try-boundary len=22 artifacts=21 advent-overaccept=14 advent-underaccept=7 reference-disagreement=711 same=10268
[11002/100000] reference-disagreement wide:closure:newline+space+newline:translated:testOperatorDecl11b#1 len=43 artifacts=21 advent-overaccept=14 advent-underaccept=7 reference-disagreement=712 same=10269
[11018/100000] reference-disagreement wide:trailing-closure:glue:real:ScopeImplementations:733 len=438 artifacts=21 advent-overaccept=14 advent-underaccept=7 reference-disagreement=713 same=10284
[11039/100000] reference-disagreement wide:before-statement:block-comment:attribute:testABIAttribute#14 len=51 artifacts=21 advent-overaccept=14 advent-underaccept=7 reference-disagreement=714 same=10304
[11074/100000] reference-disagreement wide:closure:line-comment+swap+block-comment:translated:testModuleSelectorCorrectCode#2+phase4-precedence:pg-assoc-left len=124 artifacts=21 advent-overaccept=14 advent-underaccept=7 reference-disagreement=715 same=10338
[11111/100000] reference-disagreement grammarish-member-list len=248 artifacts=21 advent-overaccept=14 advent-underaccept=7 reference-disagreement=716 same=10374
[11116/100000] reference-disagreement grammarish-member-list len=128 artifacts=21 advent-overaccept=14 advent-underaccept=7 reference-disagreement=717 same=10378
[11134/100000] reference-disagreement wide:extension-member:newline+newline:real:SyntaxTraits:714 len=89 artifacts=21 advent-overaccept=14 advent-underaccept=7 reference-disagreement=718 same=10395
[11160/100000] reference-disagreement wide:trailing-closure:newline:real:DeclSyntaxParseable:48 len=67 artifacts=21 advent-overaccept=14 advent-underaccept=7 reference-disagreement=719 same=10420
[11199/100000] reference-disagreement wide:func-body:block-comment:real:ResultBuilders:371 len=139 artifacts=21 advent-overaccept=14 advent-underaccept=7 reference-disagreement=720 same=10458
[11203/100000] reference-disagreement wide:top:space+line-comment:fuzz-harvest:requirement-layout len=37 artifacts=21 advent-overaccept=14 advent-underaccept=7 reference-disagreement=721 same=10461
[11208/100000] reference-disagreement wide:closure:glue:real:SyntaxCollections:961 len=491 artifacts=21 advent-overaccept=14 advent-underaccept=7 reference-disagreement=722 same=10465
[11209/100000] reference-disagreement wide:trailing-closure:raw:real:Syntax+StringInterpolation:325 len=57 artifacts=21 advent-overaccept=14 advent-underaccept=7 reference-disagreement=723 same=10465
[11213/100000] reference-disagreement wide:trailing-closure:raw:real:WithTrailingCommaSyntax+EnsuringTrailingComma:19 len=213 artifacts=21 advent-overaccept=14 advent-underaccept=7 reference-disagreement=724 same=10468
[11226/100000] reference-disagreement wide:extension-member:raw:real:RenamedChildrenBuilderCompatibility:114 len=1284 artifacts=21 advent-overaccept=14 advent-underaccept=7 reference-disagreement=725 same=10480
[11246/100000] reference-disagreement wide:func-body:newline:attribute:testDerivativeAttribute#1 len=203 artifacts=21 advent-overaccept=14 advent-underaccept=7 reference-disagreement=726 same=10499
[11248/100000] reference-disagreement wide:top:delete+glue:translated:testEffectfulProperties8#1 len=90 artifacts=21 advent-overaccept=14 advent-underaccept=7 reference-disagreement=727 same=10500
[11250/100000] same wide:struct-member:keyword:translated:testOperatorDecl19#1 len=46 artifacts=21 advent-overaccept=14 advent-underaccept=7 reference-disagreement=727 same=10502
[11258/100000] reference-disagreement wide:before-statement:keyword:translated:testNoimplicitcopyAttr5#1 len=115 artifacts=21 advent-overaccept=14 advent-underaccept=7 reference-disagreement=728 same=10509
[11274/100000] reference-disagreement wide:trailing-closure:glue:real:ResultBuilders:680 len=192 artifacts=21 advent-overaccept=14 advent-underaccept=7 reference-disagreement=729 same=10524
[11298/100000] reference-disagreement tspl-divergence-protocol-body len=89 artifacts=21 advent-overaccept=14 advent-underaccept=7 reference-disagreement=730 same=10547
[11307/100000] reference-disagreement tspl-divergence-protocol-body len=201 artifacts=21 advent-overaccept=14 advent-underaccept=7 reference-disagreement=731 same=10555
[11315/100000] reference-disagreement wide:trailing-closure:block-comment+block-comment+splice:real:ResultBuilders:232+declaration:testAttributedMacroExpansionDeclaration#2 len=242 artifacts=21 advent-overaccept=14 advent-underaccept=7 reference-disagreement=732 same=10562
[11320/100000] reference-disagreement tspl-divergence-protocol-body len=136 artifacts=21 advent-overaccept=14 advent-underaccept=7 reference-disagreement=733 same=10566
[11325/100000] reference-disagreement wide:closure:raw:reject:testKeypathExpression#2+real:Diagnostics:22 len=245 artifacts=21 advent-overaccept=14 advent-underaccept=7 reference-disagreement=734 same=10570
[11345/100000] reference-disagreement wide:extension-member:block-comment+space+newline:real:SyntaxTraits:820 len=142 artifacts=21 advent-overaccept=14 advent-underaccept=7 reference-disagreement=735 same=10589
[11416/100000] reference-disagreement wide:trailing-closure:space+line-comment+space:translated:testAvailabilityQuery11#1+translated:testOriginalDefinedInAttr3#1 len=119 artifacts=21 advent-overaccept=14 advent-underaccept=7 reference-disagreement=736 same=10659
[11420/100000] reference-disagreement tspl-divergence-protocol-body len=170 artifacts=21 advent-overaccept=14 advent-underaccept=7 reference-disagreement=737 same=10662
[11451/100000] reference-disagreement wide:func-body:block-comment:real:Parser:449+translated:testCompositionTypeExpr#10 len=1110 artifacts=21 advent-overaccept=14 advent-underaccept=7 reference-disagreement=738 same=10692
[11457/100000] reference-disagreement wide:closure:raw:real:SyntaxNodeWithBody:214 len=79 artifacts=21 advent-overaccept=14 advent-underaccept=7 reference-disagreement=739 same=10697
[11466/100000] reference-disagreement member-list-wide-boundary len=190 artifacts=21 advent-overaccept=14 advent-underaccept=7 reference-disagreement=740 same=10705
[11500/100000] same wide:ifconfig:space+space+block-comment:real:Syntax+StringInterpolation:348+real:LocationMarkers:44 len=525 artifacts=21 advent-overaccept=14 advent-underaccept=7 reference-disagreement=740 same=10739
[11518/100000] reference-disagreement wide:struct-member:space+space+glue:real:DeclSyntaxParseable:50 len=71 artifacts=21 advent-overaccept=14 advent-underaccept=7 reference-disagreement=741 same=10756
[11556/100000] reference-disagreement wide:trailing-closure:raw:real:LayoutNodes+Parsable:135+translated:testPoundAssert2#1 len=225 artifacts=21 advent-overaccept=14 advent-underaccept=7 reference-disagreement=742 same=10793
[11561/100000] reference-disagreement member-list-wide-boundary len=552 artifacts=21 advent-overaccept=14 advent-underaccept=7 reference-disagreement=743 same=10797
[11575/100000] reference-disagreement tspl-divergence-protocol-body len=178 artifacts=21 advent-overaccept=14 advent-underaccept=7 reference-disagreement=744 same=10810
[11613/100000] reference-disagreement wide:func-body:raw:real:Syntax+StringInterpolation:286 len=62 artifacts=21 advent-overaccept=14 advent-underaccept=7 reference-disagreement=745 same=10847
[11614/100000] reference-disagreement tspl-divergence-protocol-body len=208 artifacts=21 advent-overaccept=14 advent-underaccept=7 reference-disagreement=746 same=10847
[11655/100000] reference-disagreement member-list-wide-boundary len=109 artifacts=21 advent-overaccept=14 advent-underaccept=7 reference-disagreement=747 same=10887
[11663/100000] reference-disagreement tspl-divergence-protocol-body len=151 artifacts=21 advent-overaccept=14 advent-underaccept=7 reference-disagreement=748 same=10894
[11694/100000] reference-disagreement wide:func-body:raw:translated:testTry1#1 len=251 artifacts=21 advent-overaccept=14 advent-underaccept=7 reference-disagreement=749 same=10924
[11715/100000] reference-disagreement wide:extension-member:newline:translated:testEffectfulProperties9#1 len=139 artifacts=21 advent-overaccept=14 advent-underaccept=7 reference-disagreement=750 same=10944
[11729/100000] reference-disagreement tspl-divergence-protocol-body len=136 artifacts=21 advent-overaccept=14 advent-underaccept=7 reference-disagreement=751 same=10957
[11750/100000] reference-disagreement wide:after-statement:keyword:reject:testKeypathExpression#2 len=33 artifacts=21 advent-overaccept=14 advent-underaccept=7 reference-disagreement=752 same=10977
[11756/100000] reference-disagreement wide:before-statement:duplicate+duplicate+space:real:ResultBuilders:384 len=157 artifacts=21 advent-overaccept=14 advent-underaccept=7 reference-disagreement=753 same=10982
[11761/100000] reference-disagreement tspl-divergence-protocol-body len=207 artifacts=21 advent-overaccept=14 advent-underaccept=7 reference-disagreement=754 same=10986
[11767/100000] reference-disagreement wide:func-body:raw:real:CompilerPluginMessageHandler:41 len=558 artifacts=21 advent-overaccept=14 advent-underaccept=7 reference-disagreement=755 same=10991
[11769/100000] reference-disagreement attribute-ifconfig-elseif-list len=125 artifacts=21 advent-overaccept=14 advent-underaccept=7 reference-disagreement=756 same=10992
[11789/100000] reference-disagreement wide:ifconfig:duplicate:real:ResultBuilders:741 len=142 artifacts=21 advent-overaccept=14 advent-underaccept=7 reference-disagreement=757 same=11011
[11802/100000] reference-disagreement wide:trailing-closure:newline+space:expression:testKeyPathMethodAndInitializers#6 len=47 artifacts=21 advent-overaccept=14 advent-underaccept=7 reference-disagreement=758 same=11023
[11808/100000] reference-disagreement wide:ifconfig:raw:translated:testFunctionTypeExpr#25+attribute:testABIAttribute#6 len=111 artifacts=21 advent-overaccept=14 advent-underaccept=7 reference-disagreement=759 same=11028
[11815/100000] reference-disagreement wide:closure:raw:real:JSONDecoding:437 len=305 artifacts=21 advent-overaccept=14 advent-underaccept=7 reference-disagreement=760 same=11034
[11828/100000] reference-disagreement wide:struct-member:keyword+block-comment:real:ConvenienceInitializers:93 len=533 artifacts=21 advent-overaccept=14 advent-underaccept=7 reference-disagreement=761 same=11046
[11852/100000] reference-disagreement wide:ifconfig:splice+block-comment:expression:testClosureParameterWithAttribute#3 len=99 artifacts=21 advent-overaccept=14 advent-underaccept=7 reference-disagreement=762 same=11069
[11871/100000] advent-overaccept wide:top:block-comment+keyword:real:ResultBuilders:401+real:BinarySubtreeRepresentation:10 len=615 artifacts=22 advent-overaccept=15 advent-underaccept=7 reference-disagreement=762 same=11087
[11875/100000] reference-disagreement statement-list len=686 artifacts=22 advent-overaccept=15 advent-underaccept=7 reference-disagreement=763 same=11090
[11904/100000] reference-disagreement tspl-divergence-protocol-body len=132 artifacts=22 advent-overaccept=15 advent-underaccept=7 reference-disagreement=764 same=11118
[11911/100000] reference-disagreement wide:closure:raw:declaration:testAccessors#2 len=77 artifacts=22 advent-overaccept=15 advent-underaccept=7 reference-disagreement=765 same=11124
[11964/100000] reference-disagreement attribute-ifconfig-elseif-list len=123 artifacts=22 advent-overaccept=15 advent-underaccept=7 reference-disagreement=766 same=11176
[11972/100000] reference-disagreement attribute-ifconfig-elseif-list len=145 artifacts=22 advent-overaccept=15 advent-underaccept=7 reference-disagreement=767 same=11183
[11990/100000] reference-disagreement declaration-modifier-stack len=34 artifacts=22 advent-overaccept=15 advent-underaccept=7 reference-disagreement=768 same=11200
[11993/100000] reference-disagreement wide:func-body:delete+space:real:LocationMarkers:14 len=251 artifacts=22 advent-overaccept=15 advent-underaccept=7 reference-disagreement=769 same=11202
[12000/100000] same pack-boundary len=84 artifacts=22 advent-overaccept=15 advent-underaccept=7 reference-disagreement=769 same=11209
[12028/100000] reference-disagreement attribute-ifconfig-elseif-list len=114 artifacts=22 advent-overaccept=15 advent-underaccept=7 reference-disagreement=770 same=11236
[12063/100000] reference-disagreement declaration-modifier-stack len=34 artifacts=22 advent-overaccept=15 advent-underaccept=7 reference-disagreement=771 same=11270
[12093/100000] reference-disagreement keypath-boundary len=33 artifacts=22 advent-overaccept=15 advent-underaccept=7 reference-disagreement=772 same=11299
[12108/100000] reference-disagreement tspl-divergence-protocol-body len=131 artifacts=22 advent-overaccept=15 advent-underaccept=7 reference-disagreement=773 same=11313
[12111/100000] reference-disagreement wide:struct-member:raw:real:RenamedChildrenBuilderCompatibility:977 len=1113 artifacts=22 advent-overaccept=15 advent-underaccept=7 reference-disagreement=774 same=11315
[12125/100000] reference-disagreement cast-try-operator-cluster len=24 artifacts=22 advent-overaccept=15 advent-underaccept=7 reference-disagreement=775 same=11328
[12134/100000] reference-disagreement wide:func-body:glue+glue+line-comment:real:StandardIOMessageConnection:168 len=393 artifacts=22 advent-overaccept=15 advent-underaccept=7 reference-disagreement=776 same=11336
[12136/100000] reference-disagreement wide:closure:raw:translated:testEnum38#1+real:ResultBuilders:676 len=192 artifacts=22 advent-overaccept=15 advent-underaccept=7 reference-disagreement=777 same=11337
[12221/100000] reference-disagreement grammarish-member-list len=228 artifacts=22 advent-overaccept=15 advent-underaccept=7 reference-disagreement=778 same=11421
[12225/100000] reference-disagreement wide:trailing-closure:keyword:real:IsValidIdentifier:68 len=1094 artifacts=22 advent-overaccept=15 advent-underaccept=7 reference-disagreement=779 same=11424
[12234/100000] reference-disagreement wide:trailing-closure:raw:real:ResultBuilders:137 len=145 artifacts=22 advent-overaccept=15 advent-underaccept=7 reference-disagreement=780 same=11432
[12250/100000] same wide:ifconfig:keyword+space:translated:testForwardSlashRegex148#1 len=30 artifacts=22 advent-overaccept=15 advent-underaccept=7 reference-disagreement=780 same=11448
[12275/100000] reference-disagreement binding-pattern len=458 artifacts=22 advent-overaccept=15 advent-underaccept=7 reference-disagreement=781 same=11472
[12304/100000] reference-disagreement func-body len=458 artifacts=22 advent-overaccept=15 advent-underaccept=7 reference-disagreement=782 same=11500
[12313/100000] reference-disagreement cast-try-operator-cluster len=24 artifacts=22 advent-overaccept=15 advent-underaccept=7 reference-disagreement=783 same=11508
[12315/100000] reference-disagreement wide:func-body:raw:translated:testForwardSlashRegex13#1+real:SyntaxExpressibleByStringInterpolationConformances:46 len=183 artifacts=22 advent-overaccept=15 advent-underaccept=7 reference-disagreement=784 same=11509
[12317/100000] reference-disagreement wide:closure:raw:real:MissingNodeInitializers:101 len=242 artifacts=22 advent-overaccept=15 advent-underaccept=7 reference-disagreement=785 same=11510
[12337/100000] reference-disagreement tspl-divergence-protocol-body len=209 artifacts=22 advent-overaccept=15 advent-underaccept=7 reference-disagreement=786 same=11529
[12338/100000] reference-disagreement wide:func-body:raw:real:SyntaxLiteralUtils:15+phase4-keypath:kp-mark-run-spaced-dot len=157 artifacts=22 advent-overaccept=15 advent-underaccept=7 reference-disagreement=787 same=11529
[12385/100000] reference-disagreement wide:before-statement:duplicate:real:PluginMessages:56 len=789 artifacts=22 advent-overaccept=15 advent-underaccept=7 reference-disagreement=788 same=11575
[12395/100000] reference-disagreement wide:after-statement:line-comment+delete+line-comment:translated:testInitDeinit18#1 len=107 artifacts=22 advent-overaccept=15 advent-underaccept=7 reference-disagreement=789 same=11584
[12397/100000] reference-disagreement wide:ifconfig:line-comment:translated:testInitDeinit14#1 len=150 artifacts=22 advent-overaccept=15 advent-underaccept=7 reference-disagreement=790 same=11585
[12426/100000] reference-disagreement wide:trailing-closure:raw:reject:testModuleSelectorType#3 len=32 artifacts=22 advent-overaccept=15 advent-underaccept=7 reference-disagreement=791 same=11613
[12431/100000] reference-disagreement member-list-wide-boundary len=175 artifacts=22 advent-overaccept=15 advent-underaccept=7 reference-disagreement=792 same=11617
[12435/100000] reference-disagreement wide:func-body:block-comment+space+block-comment:real:CompilerPlugin:107 len=464 artifacts=22 advent-overaccept=15 advent-underaccept=7 reference-disagreement=793 same=11620
[12441/100000] reference-disagreement wide:closure:raw:real:ConvenienceInitializers:111 len=674 artifacts=22 advent-overaccept=15 advent-underaccept=7 reference-disagreement=794 same=11625
[12478/100000] reference-disagreement keypath-component-matrix len=38 artifacts=22 advent-overaccept=15 advent-underaccept=7 reference-disagreement=795 same=11661
[12483/100000] reference-disagreement wide:after-statement:block-comment+keyword:expression:testKeyPathMethodAndInitializers#6+declaration:observer-with-initializer-willSet len=94 artifacts=22 advent-overaccept=15 advent-underaccept=7 reference-disagreement=796 same=11665
[12499/100000] reference-disagreement wide:struct-member:space:real:RenamedChildrenBuilderCompatibility:431 len=1214 artifacts=22 advent-overaccept=15 advent-underaccept=7 reference-disagreement=797 same=11680
[12500/100000] same frontier:parser-mode-scope len=58 artifacts=22 advent-overaccept=15 advent-underaccept=7 reference-disagreement=797 same=11681
[12525/100000] reference-disagreement wide:extension-member:glue+splice+block-comment:real:SyntaxExpressibleByStringInterpolationConformances:253+phase4-available:avail-introduced len=235 artifacts=22 advent-overaccept=15 advent-underaccept=7 reference-disagreement=798 same=11705
[12531/100000] reference-disagreement wide:closure:newline+block-comment:real:RefactoringProvider:105 len=568 artifacts=22 advent-overaccept=15 advent-underaccept=7 reference-disagreement=799 same=11710
[12532/100000] reference-disagreement wide:extension-member:space+newline+newline:real:JSONDecoding:437 len=304 artifacts=22 advent-overaccept=15 advent-underaccept=7 reference-disagreement=800 same=11710
[12542/100000] reference-disagreement tspl-divergence-accessor-commitment len=49 artifacts=22 advent-overaccept=15 advent-underaccept=7 reference-disagreement=801 same=11719
[12589/100000] reference-disagreement statement-list len=458 artifacts=22 advent-overaccept=15 advent-underaccept=7 reference-disagreement=802 same=11765
[12613/100000] reference-disagreement wide:closure:space+newline:real:ParserDiagnosticMessages:554 len=270 artifacts=22 advent-overaccept=15 advent-underaccept=7 reference-disagreement=803 same=11788
[12619/100000] reference-disagreement wide:func-body:glue:real:ResultBuilders:51 len=377 artifacts=22 advent-overaccept=15 advent-underaccept=7 reference-disagreement=804 same=11793
[12620/100000] reference-disagreement wide:func-body:newline:attribute:testMacroRoleNames#10 len=79 artifacts=22 advent-overaccept=15 advent-underaccept=7 reference-disagreement=805 same=11793
[12624/100000] reference-disagreement wide:trailing-closure:block-comment:real:ResultBuilders:515 len=578 artifacts=22 advent-overaccept=15 advent-underaccept=7 reference-disagreement=806 same=11796
[12630/100000] reference-disagreement grammarish-member-list len=392 artifacts=22 advent-overaccept=15 advent-underaccept=7 reference-disagreement=807 same=11801
[12657/100000] reference-disagreement wide:func-body:glue:real:Assertions:346 len=601 artifacts=22 advent-overaccept=15 advent-underaccept=7 reference-disagreement=808 same=11827
[12673/100000] reference-disagreement wide:struct-member:raw:real:BuildableNodes:1557+phase4-macro:macro-bare len=1277 artifacts=22 advent-overaccept=15 advent-underaccept=7 reference-disagreement=809 same=11842
[12676/100000] reference-disagreement declaration-modifier-stack len=34 artifacts=22 advent-overaccept=15 advent-underaccept=7 reference-disagreement=810 same=11844
[12686/100000] reference-disagreement wide:trailing-closure:newline:real:CompilerPlugin:57 len=97 artifacts=22 advent-overaccept=15 advent-underaccept=7 reference-disagreement=811 same=11853
[12696/100000] reference-disagreement wide:extension-member:line-comment+glue:phase4-precedence:pg-empty len=39 artifacts=22 advent-overaccept=15 advent-underaccept=7 reference-disagreement=812 same=11862
[12715/100000] reference-disagreement wide:closure:splice+glue:real:SyntaxUtils:287 len=175 artifacts=22 advent-overaccept=15 advent-underaccept=7 reference-disagreement=813 same=11880
[12717/100000] reference-disagreement binding-pattern len=458 artifacts=22 advent-overaccept=15 advent-underaccept=7 reference-disagreement=814 same=11881
[12723/100000] reference-disagreement wide:func-body:newline+splice+space:reject:testForwardSlashRegex142#1 len=26 artifacts=22 advent-overaccept=15 advent-underaccept=7 reference-disagreement=815 same=11886
[12728/100000] reference-disagreement tspl-divergence-protocol-body len=241 artifacts=22 advent-overaccept=15 advent-underaccept=7 reference-disagreement=816 same=11890
[12729/100000] reference-disagreement tspl-divergence-accessor-commitment len=78 artifacts=22 advent-overaccept=15 advent-underaccept=7 reference-disagreement=817 same=11890
[12750/100000] same closure-label len=63 artifacts=22 advent-overaccept=15 advent-underaccept=7 reference-disagreement=817 same=11911
[12759/100000] reference-disagreement wide:extension-member:raw:real:Assertions:648 len=453 artifacts=22 advent-overaccept=15 advent-underaccept=7 reference-disagreement=818 same=11919
[12843/100000] tree-difference wide:trailing-closure:keyword:phase4-closure:closure-in-call len=31 artifacts=23 advent-overaccept=15 advent-underaccept=7 reference-disagreement=818 same=12002 tree-difference=1
[12855/100000] reference-disagreement wide:extension-member:block-comment:real:PrecedenceGroup:134 len=250 artifacts=23 advent-overaccept=15 advent-underaccept=7 reference-disagreement=819 same=12013 tree-difference=1
[12866/100000] reference-disagreement member-list-wide-boundary len=323 artifacts=23 advent-overaccept=15 advent-underaccept=7 reference-disagreement=820 same=12023 tree-difference=1
[12867/100000] reference-disagreement wide:extension-member:newline:real:SyntaxUtils:71+real:RemoveSeparatorsFromIntegerLiteral:33 len=556 artifacts=23 advent-overaccept=15 advent-underaccept=7 reference-disagreement=821 same=12023 tree-difference=1
[12873/100000] reference-disagreement grammarish-member-list len=320 artifacts=23 advent-overaccept=15 advent-underaccept=7 reference-disagreement=822 same=12028 tree-difference=1
[12874/100000] reference-disagreement wide:func-body:block-comment+block-comment:attribute:testObjcImplementationAttribute#1 len=156 artifacts=23 advent-overaccept=15 advent-underaccept=7 reference-disagreement=823 same=12028 tree-difference=1
[12878/100000] reference-disagreement wide:func-body:raw:real:EditorPlaceholder:72 len=159 artifacts=23 advent-overaccept=15 advent-underaccept=7 reference-disagreement=824 same=12031 tree-difference=1
[12888/100000] reference-disagreement wide:before-statement:splice+newline:expression:testKeypathExpression#9 len=37 artifacts=23 advent-overaccept=15 advent-underaccept=7 reference-disagreement=825 same=12040 tree-difference=1
[12895/100000] reference-disagreement tspl-divergence-protocol-body len=200 artifacts=23 advent-overaccept=15 advent-underaccept=7 reference-disagreement=826 same=12046 tree-difference=1
[12900/100000] reference-disagreement wide:before-statement:raw:attribute:testBackDeployed#6+real:GrammarNode:31 len=237 artifacts=23 advent-overaccept=15 advent-underaccept=7 reference-disagreement=827 same=12050 tree-difference=1
[12926/100000] reference-disagreement wide:func-body:glue:real:BasicDiagnosticDecorator:13 len=176 artifacts=23 advent-overaccept=15 advent-underaccept=7 reference-disagreement=828 same=12075 tree-difference=1
[12934/100000] reference-disagreement ifconfig-member-context-boundary len=77 artifacts=23 advent-overaccept=15 advent-underaccept=7 reference-disagreement=829 same=12082 tree-difference=1
[12949/100000] reference-disagreement tspl-divergence-accessor-commitment len=78 artifacts=23 advent-overaccept=15 advent-underaccept=7 reference-disagreement=830 same=12096 tree-difference=1
[12969/100000] reference-disagreement wide:struct-member:delete+space:real:ResultBuilderExtensions:117 len=360 artifacts=23 advent-overaccept=15 advent-underaccept=7 reference-disagreement=831 same=12115 tree-difference=1
[12973/100000] reference-disagreement wide:closure:raw:real:Parameters:25 len=80 artifacts=23 advent-overaccept=15 advent-underaccept=7 reference-disagreement=832 same=12118 tree-difference=1
[12984/100000] reference-disagreement seed-corpus-structural-splice:extension-optional-type len=97 artifacts=23 advent-overaccept=15 advent-underaccept=7 reference-disagreement=833 same=12128 tree-difference=1
[12989/100000] reference-disagreement wide:trailing-closure:line-comment:translated:testTry4#1+real:SyntaxTraits:782 len=294 artifacts=23 advent-overaccept=15 advent-underaccept=7 reference-disagreement=834 same=12132 tree-difference=1
[12992/100000] reference-disagreement wide:func-body:space:translated:testEffectfulProperties9#1 len=136 artifacts=23 advent-overaccept=15 advent-underaccept=7 reference-disagreement=835 same=12134 tree-difference=1
[13000/100000] same wide:before-statement:space:phase4-keypath:kp-chain len=39 artifacts=23 advent-overaccept=15 advent-underaccept=7 reference-disagreement=835 same=12142 tree-difference=1
[13036/100000] reference-disagreement wide:func-body:space:translated:testMultilineString1#1 len=29 artifacts=23 advent-overaccept=15 advent-underaccept=7 reference-disagreement=836 same=12177 tree-difference=1
[13042/100000] advent-overaccept wide:after-statement:newline+block-comment+keyword:real:ApusTerminals:125+real:LayoutNodes+Parsable:111 len=402 artifacts=24 advent-overaccept=16 advent-underaccept=7 reference-disagreement=836 same=12182 tree-difference=1
[13056/100000] advent-underaccept wide:trailing-closure:delete+glue+keyword:statement:testYield#7 len=37 artifacts=25 advent-overaccept=16 advent-underaccept=8 reference-disagreement=836 same=12195 tree-difference=1
[13058/100000] reference-disagreement wide:struct-member:raw:real:Expressions:1619+translated:testEffectfulProperties1#1 len=981 artifacts=25 advent-overaccept=16 advent-underaccept=8 reference-disagreement=837 same=12196 tree-difference=1
[13086/100000] reference-disagreement wide:trailing-closure:raw:real:SyntaxNodeWithBody:210 len=65 artifacts=25 advent-overaccept=16 advent-underaccept=8 reference-disagreement=838 same=12223 tree-difference=1
[13089/100000] reference-disagreement wide:trailing-closure:newline+splice:real:ResultBuilders:267 len=135 artifacts=25 advent-overaccept=16 advent-underaccept=8 reference-disagreement=839 same=12225 tree-difference=1
[13099/100000] reference-disagreement tspl-divergence-accessor-commitment len=49 artifacts=25 advent-overaccept=16 advent-underaccept=8 reference-disagreement=840 same=12234 tree-difference=1
[13103/100000] reference-disagreement wide:closure:newline+block-comment:real:Message:53 len=788 artifacts=25 advent-overaccept=16 advent-underaccept=8 reference-disagreement=841 same=12237 tree-difference=1
[13104/100000] reference-disagreement grammarish-member-list len=202 artifacts=25 advent-overaccept=16 advent-underaccept=8 reference-disagreement=842 same=12237 tree-difference=1
[13124/100000] reference-disagreement wide:ifconfig:raw:translated:testBorrowingContextualParsing#5 len=144 artifacts=25 advent-overaccept=16 advent-underaccept=8 reference-disagreement=843 same=12256 tree-difference=1
[13232/100000] reference-disagreement wide:extension-member:raw:real:ConvenienceInitializers:189 len=81 artifacts=25 advent-overaccept=16 advent-underaccept=8 reference-disagreement=844 same=12363 tree-difference=1
[13248/100000] reference-disagreement attribute-ifconfig-elseif-list len=123 artifacts=25 advent-overaccept=16 advent-underaccept=8 reference-disagreement=845 same=12378 tree-difference=1
[13250/100000] same member-keyword len=34 artifacts=25 advent-overaccept=16 advent-underaccept=8 reference-disagreement=845 same=12380 tree-difference=1
[13271/100000] reference-disagreement wide:struct-member:newline+block-comment:real:SyntaxClassifier:19 len=489 artifacts=25 advent-overaccept=16 advent-underaccept=8 reference-disagreement=846 same=12400 tree-difference=1
[13275/100000] reference-disagreement attribute-ifconfig-elseif-list len=130 artifacts=25 advent-overaccept=16 advent-underaccept=8 reference-disagreement=847 same=12403 tree-difference=1
[13287/100000] reference-disagreement wide:extension-member:splice+newline:real:DeclSyntaxParseable:51 len=55 artifacts=25 advent-overaccept=16 advent-underaccept=8 reference-disagreement=848 same=12414 tree-difference=1
[13297/100000] reference-disagreement statement-list len=519 artifacts=25 advent-overaccept=16 advent-underaccept=8 reference-disagreement=849 same=12423 tree-difference=1
[13305/100000] reference-disagreement wide:closure:keyword+newline+splice:real:SyntaxTraits:388 len=415 artifacts=25 advent-overaccept=16 advent-underaccept=8 reference-disagreement=850 same=12430 tree-difference=1
[13313/100000] reference-disagreement wide:trailing-closure:space:real:Syntax+StringInterpolation:354 len=685 artifacts=25 advent-overaccept=16 advent-underaccept=8 reference-disagreement=851 same=12437 tree-difference=1
[13337/100000] reference-disagreement wide:struct-member:newline:real:SyntaxExpressibleByStringInterpolationConformances:202 len=80 artifacts=25 advent-overaccept=16 advent-underaccept=8 reference-disagreement=852 same=12460 tree-difference=1
[13365/100000] reference-disagreement wide:trailing-closure:glue+keyword:real:RawSyntax:444+translated:testOptional5#1 len=1079 artifacts=25 advent-overaccept=16 advent-underaccept=8 reference-disagreement=853 same=12487 tree-difference=1
[13376/100000] reference-disagreement binding-pattern len=458 artifacts=25 advent-overaccept=16 advent-underaccept=8 reference-disagreement=854 same=12497 tree-difference=1
[13399/100000] reference-disagreement wide:trailing-closure:raw:real:Types:1605+translated:testBorrowingContextualParsing#5 len=767 artifacts=25 advent-overaccept=16 advent-underaccept=8 reference-disagreement=855 same=12519 tree-difference=1
[13408/100000] reference-disagreement wide:extension-member:newline+block-comment:real:Trivia:150 len=239 artifacts=25 advent-overaccept=16 advent-underaccept=8 reference-disagreement=856 same=12527 tree-difference=1
[13419/100000] reference-disagreement wide:func-body:raw:real:SyntaxExpressibleByStringInterpolationConformances:226 len=165 artifacts=25 advent-overaccept=16 advent-underaccept=8 reference-disagreement=857 same=12537 tree-difference=1
[13430/100000] reference-disagreement wide:struct-member:block-comment+newline:real:ResultBuilders:467+phase4-loop:deinit len=268 artifacts=25 advent-overaccept=16 advent-underaccept=8 reference-disagreement=858 same=12547 tree-difference=1
[13432/100000] reference-disagreement wide:func-body:newline+newline:real:ResultBuilders:642 len=382 artifacts=25 advent-overaccept=16 advent-underaccept=8 reference-disagreement=859 same=12548 tree-difference=1
[13453/100000] reference-disagreement wide:closure:newline+glue:translated:testTypeExpr5#1 len=50 artifacts=25 advent-overaccept=16 advent-underaccept=8 reference-disagreement=860 same=12568 tree-difference=1
[13454/100000] reference-disagreement wide:closure:raw:real:Nominals:381 len=371 artifacts=25 advent-overaccept=16 advent-underaccept=8 reference-disagreement=861 same=12568 tree-difference=1
[13473/100000] reference-disagreement wide:trailing-closure:raw:real:SyntaxExpressibleByStringInterpolationConformances:46+translated:testOperatorDecl5#1 len=193 artifacts=25 advent-overaccept=16 advent-underaccept=8 reference-disagreement=862 same=12586 tree-difference=1
[13500/100000] same wide:extension-member:delete+space+duplicate:real:SourceEdit:112 len=449 artifacts=25 advent-overaccept=16 advent-underaccept=8 reference-disagreement=862 same=12613 tree-difference=1
[13504/100000] reference-disagreement wide:extension-member:space:declaration:testModifiedParameter#1 len=55 artifacts=25 advent-overaccept=16 advent-underaccept=8 reference-disagreement=863 same=12616 tree-difference=1
[13511/100000] reference-disagreement cast-try-operator-cluster len=24 artifacts=25 advent-overaccept=16 advent-underaccept=8 reference-disagreement=864 same=12622 tree-difference=1
[13514/100000] reference-disagreement wide:trailing-closure:newline:translated:testInitDeinit18#1+real:FixItApplier:146 len=519 artifacts=25 advent-overaccept=16 advent-underaccept=8 reference-disagreement=865 same=12624 tree-difference=1
[13532/100000] reference-disagreement wide:ifconfig:raw:reject:testMacroRoleNames#1 len=63 artifacts=25 advent-overaccept=16 advent-underaccept=8 reference-disagreement=866 same=12641 tree-difference=1
[13546/100000] reference-disagreement cast-try-operator-cluster len=24 artifacts=25 advent-overaccept=16 advent-underaccept=8 reference-disagreement=867 same=12654 tree-difference=1
[13550/100000] reference-disagreement declaration-modifier-stack len=34 artifacts=25 advent-overaccept=16 advent-underaccept=8 reference-disagreement=868 same=12657 tree-difference=1
[13562/100000] reference-disagreement tspl-divergence-protocol-body len=321 artifacts=25 advent-overaccept=16 advent-underaccept=8 reference-disagreement=869 same=12668 tree-difference=1
[13569/100000] reference-disagreement wide:extension-member:line-comment:real:SourceLocation:477 len=83 artifacts=25 advent-overaccept=16 advent-underaccept=8 reference-disagreement=870 same=12674 tree-difference=1
[13577/100000] reference-disagreement wide:extension-member:block-comment:translated:testOrinalDefinedInAttr12#1 len=104 artifacts=25 advent-overaccept=16 advent-underaccept=8 reference-disagreement=871 same=12681 tree-difference=1
[13609/100000] reference-disagreement wide:extension-member:swap+splice+duplicate:declaration:testUsing#2 len=32 artifacts=25 advent-overaccept=16 advent-underaccept=8 reference-disagreement=872 same=12712 tree-difference=1
[13614/100000] reference-disagreement wide:extension-member:newline:translated:testInvalidStringInterpolationProtocol5#1 len=262 artifacts=25 advent-overaccept=16 advent-underaccept=8 reference-disagreement=873 same=12716 tree-difference=1
[13620/100000] reference-disagreement wide:extension-member:raw:translated:testOperatorDeclDesignatedTypes14#1 len=77 artifacts=25 advent-overaccept=16 advent-underaccept=8 reference-disagreement=874 same=12721 tree-difference=1
[13641/100000] reference-disagreement statement-list len=602 artifacts=25 advent-overaccept=16 advent-underaccept=8 reference-disagreement=875 same=12741 tree-difference=1
[13642/100000] reference-disagreement tspl-divergence-protocol-body len=179 artifacts=25 advent-overaccept=16 advent-underaccept=8 reference-disagreement=876 same=12741 tree-difference=1
[13682/100000] reference-disagreement wide:before-statement:space+space:translated:testGuardTopLevel3#1+reject:testModuleSelectorExpr#16 len=42 artifacts=25 advent-overaccept=16 advent-underaccept=8 reference-disagreement=877 same=12780 tree-difference=1
[13710/100000] reference-disagreement wide:func-body:keyword+glue+line-comment:real:SyntaxLiteralUtils:15+translated:testOperatorDeclDesignatedTypes3#1 len=177 artifacts=25 advent-overaccept=16 advent-underaccept=8 reference-disagreement=878 same=12807 tree-difference=1
[13714/100000] reference-disagreement binding-pattern len=458 artifacts=25 advent-overaccept=16 advent-underaccept=8 reference-disagreement=879 same=12810 tree-difference=1
[13723/100000] reference-disagreement wide:struct-member:duplicate:declaration:testAttributedMacroExpansionDeclaration#10 len=84 artifacts=25 advent-overaccept=16 advent-underaccept=8 reference-disagreement=880 same=12818 tree-difference=1
[13736/100000] reference-disagreement keypath-component-matrix len=34 artifacts=25 advent-overaccept=16 advent-underaccept=8 reference-disagreement=881 same=12830 tree-difference=1
[13738/100000] reference-disagreement wide:trailing-closure:block-comment:real:LexerDiagnosticMessages:30 len=294 artifacts=25 advent-overaccept=16 advent-underaccept=8 reference-disagreement=882 same=12831 tree-difference=1
[13746/100000] reference-disagreement grammarish-member-list len=111 artifacts=25 advent-overaccept=16 advent-underaccept=8 reference-disagreement=883 same=12838 tree-difference=1
[13747/100000] reference-disagreement wide:extension-member:newline+space:real:ParserDiagnosticMessages:48 len=360 artifacts=25 advent-overaccept=16 advent-underaccept=8 reference-disagreement=884 same=12838 tree-difference=1
[13750/100000] same cast-boundary len=30 artifacts=25 advent-overaccept=16 advent-underaccept=8 reference-disagreement=884 same=12841 tree-difference=1
[13756/100000] advent-overaccept wide:struct-member:raw:translated:testOperatorDeclDesignatedTypes19#1 len=59 artifacts=26 advent-overaccept=17 advent-underaccept=8 reference-disagreement=884 same=12846 tree-difference=1
[13757/100000] reference-disagreement wide:struct-member:line-comment+glue:translated:testInitDeinit18#1 len=100 artifacts=26 advent-overaccept=17 advent-underaccept=8 reference-disagreement=885 same=12846 tree-difference=1
[13808/100000] reference-disagreement wide:closure:glue:real:ParserDiagnosticMessages:67 len=217 artifacts=26 advent-overaccept=17 advent-underaccept=8 reference-disagreement=886 same=12896 tree-difference=1
[13816/100000] reference-disagreement wide:trailing-closure:raw:phase4-closure:closure-result+real:ResultBuilders:271 len=249 artifacts=26 advent-overaccept=17 advent-underaccept=8 reference-disagreement=887 same=12903 tree-difference=1
[13863/100000] reference-disagreement wide:closure:glue:real:Syntax+StringInterpolation:290 len=68 artifacts=26 advent-overaccept=17 advent-underaccept=8 reference-disagreement=888 same=12949 tree-difference=1
[13885/100000] reference-disagreement tspl-divergence-accessor-commitment len=49 artifacts=26 advent-overaccept=17 advent-underaccept=8 reference-disagreement=889 same=12970 tree-difference=1
[13904/100000] reference-disagreement wide:before-statement:duplicate:phase4-keypath:kp-root-meta-meta len=50 artifacts=26 advent-overaccept=17 advent-underaccept=8 reference-disagreement=890 same=12988 tree-difference=1
[13907/100000] reference-disagreement wide:extension-member:line-comment+splice:real:SyntaxExtensions:217 len=439 artifacts=26 advent-overaccept=17 advent-underaccept=8 reference-disagreement=891 same=12990 tree-difference=1
[13920/100000] reference-disagreement wide:ifconfig:raw:expression:testBogusCaptureLists#1 len=329 artifacts=26 advent-overaccept=17 advent-underaccept=8 reference-disagreement=892 same=13002 tree-difference=1
[13966/100000] reference-disagreement tspl-divergence-protocol-body len=147 artifacts=26 advent-overaccept=17 advent-underaccept=8 reference-disagreement=893 same=13047 tree-difference=1
[13972/100000] reference-disagreement wide:trailing-closure:duplicate:real:ExtensionMacro:21 len=1808 artifacts=26 advent-overaccept=17 advent-underaccept=8 reference-disagreement=894 same=13052 tree-difference=1
[13986/100000] reference-disagreement wide:extension-member:raw:real:ConfiguredRegions:138 len=288 artifacts=26 advent-overaccept=17 advent-underaccept=8 reference-disagreement=895 same=13065 tree-difference=1
[14000/100000] same wide:struct-member:delete+swap+splice:real:ParseDiagnosticsGenerator:76 len=313 artifacts=26 advent-overaccept=17 advent-underaccept=8 reference-disagreement=895 same=13079 tree-difference=1
[14053/100000] reference-disagreement wide:trailing-closure:raw:real:Statements:371 len=486 artifacts=26 advent-overaccept=17 advent-underaccept=8 reference-disagreement=896 same=13131 tree-difference=1
[14054/100000] reference-disagreement wide:trailing-closure:space+glue+glue:real:ResultBuilders:51 len=370 artifacts=26 advent-overaccept=17 advent-underaccept=8 reference-disagreement=897 same=13131 tree-difference=1
[14055/100000] reference-disagreement wide:ifconfig:raw:declaration:testCoroutineAccessors#2 len=148 artifacts=26 advent-overaccept=17 advent-underaccept=8 reference-disagreement=898 same=13131 tree-difference=1
[14092/100000] reference-disagreement tspl-divergence-accessor-commitment len=78 artifacts=26 advent-overaccept=17 advent-underaccept=8 reference-disagreement=899 same=13167 tree-difference=1
[14102/100000] reference-disagreement statement-list len=496 artifacts=26 advent-overaccept=17 advent-underaccept=8 reference-disagreement=900 same=13176 tree-difference=1
[14115/100000] reference-disagreement attribute-ifconfig-elseif-list len=111 artifacts=26 advent-overaccept=17 advent-underaccept=8 reference-disagreement=901 same=13188 tree-difference=1
[14122/100000] reference-disagreement wide:closure:raw:real:ConvenienceInitializers:189 len=84 artifacts=26 advent-overaccept=17 advent-underaccept=8 reference-disagreement=902 same=13194 tree-difference=1
[14144/100000] reference-disagreement wide:after-statement:glue:translated:testEnum13#1+real:ResultBuilders:719 len=223 artifacts=26 advent-overaccept=17 advent-underaccept=8 reference-disagreement=903 same=13215 tree-difference=1
[14158/100000] reference-disagreement wide:struct-member:raw:translated:testForwardSlashRegexSkipping33#1+real:PackageDependency:69 len=363 artifacts=26 advent-overaccept=17 advent-underaccept=8 reference-disagreement=904 same=13228 tree-difference=1
[14164/100000] reference-disagreement attribute-ifconfig-elseif-list len=128 artifacts=26 advent-overaccept=17 advent-underaccept=8 reference-disagreement=905 same=13233 tree-difference=1
[14186/100000] reference-disagreement member-list-wide-boundary len=347 artifacts=26 advent-overaccept=17 advent-underaccept=8 reference-disagreement=906 same=13254 tree-difference=1
[14198/100000] reference-disagreement cast-try-operator-cluster len=24 artifacts=26 advent-overaccept=17 advent-underaccept=8 reference-disagreement=907 same=13265 tree-difference=1
[14212/100000] reference-disagreement wide:extension-member:raw:declaration:testParseIsolatedConformances#2 len=49 artifacts=26 advent-overaccept=17 advent-underaccept=8 reference-disagreement=908 same=13278 tree-difference=1
[14214/100000] reference-disagreement wide:trailing-closure:line-comment+newline:real:BodyMacro:21 len=942 artifacts=26 advent-overaccept=17 advent-underaccept=8 reference-disagreement=909 same=13279 tree-difference=1
[14215/100000] reference-disagreement declaration-modifier-stack len=34 artifacts=26 advent-overaccept=17 advent-underaccept=8 reference-disagreement=910 same=13279 tree-difference=1
[14231/100000] reference-disagreement wide:trailing-closure:line-comment:real:SyntaxUtils:273 len=382 artifacts=26 advent-overaccept=17 advent-underaccept=8 reference-disagreement=911 same=13294 tree-difference=1
[14244/100000] reference-disagreement cast-try-operator-cluster len=24 artifacts=26 advent-overaccept=17 advent-underaccept=8 reference-disagreement=912 same=13306 tree-difference=1
[14250/100000] same regex-trivia-boundary len=103 artifacts=26 advent-overaccept=17 advent-underaccept=8 reference-disagreement=912 same=13312 tree-difference=1
[14261/100000] reference-disagreement wide:closure:newline+space:real:AbsolutePosition:15 len=378 artifacts=26 advent-overaccept=17 advent-underaccept=8 reference-disagreement=913 same=13322 tree-difference=1
[14272/100000] reference-disagreement wide:trailing-closure:duplicate+space:translated:testTypeExpr6#1 len=249 artifacts=26 advent-overaccept=17 advent-underaccept=8 reference-disagreement=914 same=13332 tree-difference=1
[14288/100000] reference-disagreement wide:extension-member:newline+newline+line-comment:real:IncrementalParseTransition:19 len=780 artifacts=26 advent-overaccept=17 advent-underaccept=8 reference-disagreement=915 same=13347 tree-difference=1
[14298/100000] reference-disagreement wide:struct-member:block-comment+line-comment+newline:real:Names:19 len=946 artifacts=26 advent-overaccept=17 advent-underaccept=8 reference-disagreement=916 same=13356 tree-difference=1
[14300/100000] reference-disagreement tspl-divergence-protocol-body len=142 artifacts=26 advent-overaccept=17 advent-underaccept=8 reference-disagreement=917 same=13357 tree-difference=1
[14308/100000] reference-disagreement seed-corpus-wrapped:preconcurrency-import len=58 artifacts=26 advent-overaccept=17 advent-underaccept=8 reference-disagreement=918 same=13364 tree-difference=1
[14319/100000] reference-disagreement binding-pattern len=458 artifacts=26 advent-overaccept=17 advent-underaccept=8 reference-disagreement=919 same=13374 tree-difference=1
[14338/100000] reference-disagreement tspl-divergence-protocol-body len=126 artifacts=26 advent-overaccept=17 advent-underaccept=8 reference-disagreement=920 same=13392 tree-difference=1
[14342/100000] reference-disagreement tspl-divergence-protocol-body len=111 artifacts=26 advent-overaccept=17 advent-underaccept=8 reference-disagreement=921 same=13395 tree-difference=1
[14349/100000] reference-disagreement wide:closure:line-comment:translated:testDeinitInSwiftinterfaceIsFollowedByFinalFunc#1 len=69 artifacts=26 advent-overaccept=17 advent-underaccept=8 reference-disagreement=922 same=13401 tree-difference=1
[14393/100000] reference-disagreement keypath-component-matrix len=33 artifacts=26 advent-overaccept=17 advent-underaccept=8 reference-disagreement=923 same=13444 tree-difference=1
[14395/100000] reference-disagreement member-list-wide-boundary len=404 artifacts=26 advent-overaccept=17 advent-underaccept=8 reference-disagreement=924 same=13445 tree-difference=1
[14413/100000] reference-disagreement tspl-divergence-protocol-body len=217 artifacts=26 advent-overaccept=17 advent-underaccept=8 reference-disagreement=925 same=13462 tree-difference=1
[14473/100000] reference-disagreement wide:closure:raw:real:SyntaxBaseNodes:325 len=75 artifacts=26 advent-overaccept=17 advent-underaccept=8 reference-disagreement=926 same=13521 tree-difference=1
[14476/100000] reference-disagreement tspl-divergence-accessor-commitment len=49 artifacts=26 advent-overaccept=17 advent-underaccept=8 reference-disagreement=927 same=13523 tree-difference=1
[14487/100000] reference-disagreement wide:struct-member:splice:real:SyntaxExpressibleByStringInterpolationConformances:151 len=74 artifacts=26 advent-overaccept=17 advent-underaccept=8 reference-disagreement=928 same=13533 tree-difference=1
[14500/100000] same wide:extension-member:splice+swap+newline:reject:testTypedThrowsDisambiguation#11 len=46 artifacts=26 advent-overaccept=17 advent-underaccept=8 reference-disagreement=928 same=13546 tree-difference=1
[14511/100000] reference-disagreement binding-pattern len=458 artifacts=26 advent-overaccept=17 advent-underaccept=8 reference-disagreement=929 same=13556 tree-difference=1
[14541/100000] reference-disagreement wide:closure:newline:real:SyntaxTraits:808 len=71 artifacts=26 advent-overaccept=17 advent-underaccept=8 reference-disagreement=930 same=13585 tree-difference=1
[14565/100000] reference-disagreement wide:trailing-closure:raw:translated:testEffectfulProperties14#1 len=79 artifacts=26 advent-overaccept=17 advent-underaccept=8 reference-disagreement=931 same=13608 tree-difference=1
[14570/100000] reference-disagreement tspl-divergence-protocol-body len=98 artifacts=26 advent-overaccept=17 advent-underaccept=8 reference-disagreement=932 same=13612 tree-difference=1
[14577/100000] reference-disagreement wide:extension-member:line-comment+keyword:real:SyntaxTraits:730 len=71 artifacts=26 advent-overaccept=17 advent-underaccept=8 reference-disagreement=933 same=13618 tree-difference=1
[14589/100000] reference-disagreement keypath-boundary len=33 artifacts=26 advent-overaccept=17 advent-underaccept=8 reference-disagreement=934 same=13629 tree-difference=1
[14597/100000] reference-disagreement wide:struct-member:line-comment+glue+glue:real:SyntaxTraits:287+real:SyntaxLiteralUtils:15 len=349 artifacts=26 advent-overaccept=17 advent-underaccept=8 reference-disagreement=935 same=13636 tree-difference=1
[14610/100000] reference-disagreement member-list-wide-boundary len=511 artifacts=26 advent-overaccept=17 advent-underaccept=8 reference-disagreement=936 same=13648 tree-difference=1
[14641/100000] reference-disagreement wide:closure:splice+newline:translated:testSwitch47#1 len=108 artifacts=26 advent-overaccept=17 advent-underaccept=8 reference-disagreement=937 same=13678 tree-difference=1
[14647/100000] reference-disagreement keypath-boundary len=40 artifacts=26 advent-overaccept=17 advent-underaccept=8 reference-disagreement=938 same=13683 tree-difference=1
[14654/100000] reference-disagreement wide:func-body:raw:real:SyntaxTraits:836 len=120 artifacts=26 advent-overaccept=17 advent-underaccept=8 reference-disagreement=939 same=13689 tree-difference=1
[14659/100000] reference-disagreement wide:func-body:raw:real:SyntaxParsable+ExpressibleByStringInterpolation:50 len=256 artifacts=26 advent-overaccept=17 advent-underaccept=8 reference-disagreement=940 same=13693 tree-difference=1
[14666/100000] reference-disagreement tspl-divergence-protocol-body len=111 artifacts=26 advent-overaccept=17 advent-underaccept=8 reference-disagreement=941 same=13699 tree-difference=1
[14679/100000] reference-disagreement attribute-ifconfig-elseif-list len=123 artifacts=26 advent-overaccept=17 advent-underaccept=8 reference-disagreement=942 same=13711 tree-difference=1
[14711/100000] reference-disagreement tspl-divergence-protocol-body len=195 artifacts=26 advent-overaccept=17 advent-underaccept=8 reference-disagreement=943 same=13742 tree-difference=1
[14719/100000] reference-disagreement wide:struct-member:line-comment:translated:testInitDeinit20#1 len=78 artifacts=26 advent-overaccept=17 advent-underaccept=8 reference-disagreement=944 same=13749 tree-difference=1
[14748/100000] advent-overaccept wide:after-statement:newline+block-comment:real:WithTrailingCommaSyntax+EnsuringTrailingComma:19 len=227 artifacts=27 advent-overaccept=18 advent-underaccept=8 reference-disagreement=944 same=13777 tree-difference=1
[14750/100000] same type-let len=42 artifacts=27 advent-overaccept=18 advent-underaccept=8 reference-disagreement=944 same=13779 tree-difference=1
[14821/100000] reference-disagreement wide:func-body:raw:real:SyntaxNodeWithBody:212 len=76 artifacts=27 advent-overaccept=18 advent-underaccept=8 reference-disagreement=945 same=13849 tree-difference=1
[14840/100000] reference-disagreement tspl-divergence-protocol-body len=241 artifacts=27 advent-overaccept=18 advent-underaccept=8 reference-disagreement=946 same=13867 tree-difference=1
[14861/100000] reference-disagreement wide:func-body:swap+line-comment:real:ResultBuilderExtensions:117+real:ResultBuilders:489 len=485 artifacts=27 advent-overaccept=18 advent-underaccept=8 reference-disagreement=947 same=13887 tree-difference=1
[14913/100000] reference-disagreement grammarish-member-list len=384 artifacts=27 advent-overaccept=18 advent-underaccept=8 reference-disagreement=948 same=13938 tree-difference=1
[14927/100000] reference-disagreement grammarish-member-list len=222 artifacts=27 advent-overaccept=18 advent-underaccept=8 reference-disagreement=949 same=13951 tree-difference=1
[14935/100000] reference-disagreement keypath-component-matrix len=34 artifacts=27 advent-overaccept=18 advent-underaccept=8 reference-disagreement=950 same=13958 tree-difference=1
[14946/100000] reference-disagreement grammarish-member-list len=248 artifacts=27 advent-overaccept=18 advent-underaccept=8 reference-disagreement=951 same=13968 tree-difference=1
[14953/100000] reference-disagreement wide:func-body:space:real:DiagnosticGroupInheritanceTree:65 len=283 artifacts=27 advent-overaccept=18 advent-underaccept=8 reference-disagreement=952 same=13974 tree-difference=1
[14973/100000] reference-disagreement wide:trailing-closure:space:translated:testTypeExpr4#1 len=102 artifacts=27 advent-overaccept=18 advent-underaccept=8 reference-disagreement=953 same=13993 tree-difference=1
[14990/100000] reference-disagreement wide:extension-member:raw:real:Lookahead:165+real:Attributes:930 len=1206 artifacts=27 advent-overaccept=18 advent-underaccept=8 reference-disagreement=954 same=14009 tree-difference=1
[15000/100000] same wide:closure:newline+swap+line-comment:real:Expressions:2114+real:BodyMacro:51 len=559 artifacts=27 advent-overaccept=18 advent-underaccept=8 reference-disagreement=954 same=14019 tree-difference=1
[15011/100000] reference-disagreement statement-list len=541 artifacts=27 advent-overaccept=18 advent-underaccept=8 reference-disagreement=955 same=14029 tree-difference=1
[15013/100000] reference-disagreement wide:after-statement:newline:attribute:testABIAttribute#13+translated:testSemicolon9#1 len=163 artifacts=27 advent-overaccept=18 advent-underaccept=8 reference-disagreement=956 same=14030 tree-difference=1
[15019/100000] reference-disagreement keypath-boundary len=38 artifacts=27 advent-overaccept=18 advent-underaccept=8 reference-disagreement=957 same=14035 tree-difference=1
[15029/100000] reference-disagreement tspl-divergence-protocol-body len=202 artifacts=27 advent-overaccept=18 advent-underaccept=8 reference-disagreement=958 same=14044 tree-difference=1
[15049/100000] reference-disagreement wide:closure:raw:real:SyntaxTraits:492 len=418 artifacts=27 advent-overaccept=18 advent-underaccept=8 reference-disagreement=959 same=14063 tree-difference=1
[15062/100000] reference-disagreement wide:closure:newline+line-comment:real:SyntaxExtensions:217 len=448 artifacts=27 advent-overaccept=18 advent-underaccept=8 reference-disagreement=960 same=14075 tree-difference=1
[15065/100000] reference-disagreement wide:closure:line-comment:statement:testSwitch#2 len=65 artifacts=27 advent-overaccept=18 advent-underaccept=8 reference-disagreement=961 same=14077 tree-difference=1
[15083/100000] reference-disagreement tspl-divergence-protocol-body len=144 artifacts=27 advent-overaccept=18 advent-underaccept=8 reference-disagreement=962 same=14094 tree-difference=1
[15114/100000] reference-disagreement cast-try-operator-cluster len=24 artifacts=27 advent-overaccept=18 advent-underaccept=8 reference-disagreement=963 same=14124 tree-difference=1
[15131/100000] reference-disagreement wide:closure:keyword:reject:testModuleSelectorImports#1 len=46 artifacts=27 advent-overaccept=18 advent-underaccept=8 reference-disagreement=964 same=14140 tree-difference=1
[15137/100000] reference-disagreement wide:closure:space:real:SyntaxUtils:19 len=117 artifacts=27 advent-overaccept=18 advent-underaccept=8 reference-disagreement=965 same=14145 tree-difference=1
[15155/100000] reference-disagreement binding-pattern len=458 artifacts=27 advent-overaccept=18 advent-underaccept=8 reference-disagreement=966 same=14162 tree-difference=1
[15169/100000] reference-disagreement keypath-component-matrix len=34 artifacts=27 advent-overaccept=18 advent-underaccept=8 reference-disagreement=967 same=14175 tree-difference=1
[15170/100000] reference-disagreement wide:extension-member:raw:real:RegexLiteralLexer:577 len=487 artifacts=27 advent-overaccept=18 advent-underaccept=8 reference-disagreement=968 same=14175 tree-difference=1
[15183/100000] reference-disagreement wide:struct-member:space:real:SyntaxExpressibleByStringInterpolationConformances:196 len=86 artifacts=27 advent-overaccept=18 advent-underaccept=8 reference-disagreement=969 same=14187 tree-difference=1
[15188/100000] reference-disagreement attribute-ifconfig-elseif-list len=129 artifacts=27 advent-overaccept=18 advent-underaccept=8 reference-disagreement=970 same=14191 tree-difference=1
[15250/100000] same frontier:statement-member-context len=168 artifacts=27 advent-overaccept=18 advent-underaccept=8 reference-disagreement=970 same=14253 tree-difference=1
[15261/100000] reference-disagreement tspl-divergence-accessor-commitment len=49 artifacts=27 advent-overaccept=18 advent-underaccept=8 reference-disagreement=971 same=14263 tree-difference=1
[15263/100000] reference-disagreement wide:extension-member:raw:phase3-type:extension-func len=46 artifacts=27 advent-overaccept=18 advent-underaccept=8 reference-disagreement=972 same=14264 tree-difference=1
[15277/100000] reference-disagreement wide:struct-member:duplicate+newline:real:IsValidIdentifier:22+phase3-branch:switch-where len=1036 artifacts=27 advent-overaccept=18 advent-underaccept=8 reference-disagreement=973 same=14277 tree-difference=1
[15281/100000] reference-disagreement wide:struct-member:raw:real:SyntaxTraits:706 len=74 artifacts=27 advent-overaccept=18 advent-underaccept=8 reference-disagreement=974 same=14280 tree-difference=1
[15286/100000] reference-disagreement wide:func-body:block-comment+newline+newline:phase3-modifier:open-class len=36 artifacts=27 advent-overaccept=18 advent-underaccept=8 reference-disagreement=975 same=14284 tree-difference=1
[15291/100000] reference-disagreement wide:trailing-closure:space:real:SyntaxTraits:722 len=68 artifacts=27 advent-overaccept=18 advent-underaccept=8 reference-disagreement=976 same=14288 tree-difference=1
[15318/100000] reference-disagreement wide:struct-member:raw:real:WarningControlRegions:188 len=789 artifacts=27 advent-overaccept=18 advent-underaccept=8 reference-disagreement=977 same=14314 tree-difference=1
[15323/100000] reference-disagreement tspl-divergence-protocol-body len=178 artifacts=27 advent-overaccept=18 advent-underaccept=8 reference-disagreement=978 same=14318 tree-difference=1
[15361/100000] reference-disagreement wide:closure:line-comment+space+block-comment:real:SyntaxProtocol+Formatted:19 len=281 artifacts=27 advent-overaccept=18 advent-underaccept=8 reference-disagreement=979 same=14355 tree-difference=1
[15387/100000] reference-disagreement wide:closure:line-comment+line-comment:declaration:testCoroutineAccessors#1 len=105 artifacts=27 advent-overaccept=18 advent-underaccept=8 reference-disagreement=980 same=14380 tree-difference=1
[15394/100000] reference-disagreement keypath-boundary len=37 artifacts=27 advent-overaccept=18 advent-underaccept=8 reference-disagreement=981 same=14386 tree-difference=1
[15413/100000] reference-disagreement statement-list len=678 artifacts=27 advent-overaccept=18 advent-underaccept=8 reference-disagreement=982 same=14404 tree-difference=1
[15424/100000] reference-disagreement wide:closure:block-comment:real:PackageTarget:161 len=149 artifacts=27 advent-overaccept=18 advent-underaccept=8 reference-disagreement=983 same=14414 tree-difference=1
[15425/100000] reference-disagreement tspl-divergence-protocol-body len=81 artifacts=27 advent-overaccept=18 advent-underaccept=8 reference-disagreement=984 same=14414 tree-difference=1
[15467/100000] reference-disagreement wide:trailing-closure:block-comment+newline:attribute:testExpose#4+translated:testMetatypeObjectConversion2#1 len=116 artifacts=27 advent-overaccept=18 advent-underaccept=8 reference-disagreement=985 same=14455 tree-difference=1
[15475/100000] reference-disagreement attribute-ifconfig-elseif-list len=118 artifacts=27 advent-overaccept=18 advent-underaccept=8 reference-disagreement=986 same=14462 tree-difference=1
[15500/100000] same wide:func-body:space:translated:testEnum59#1 len=70 artifacts=27 advent-overaccept=18 advent-underaccept=8 reference-disagreement=986 same=14487 tree-difference=1
[15529/100000] reference-disagreement wide:func-body:raw:real:SyntaxExpressibleByStringInterpolationConformances:151 len=92 artifacts=27 advent-overaccept=18 advent-underaccept=8 reference-disagreement=987 same=14515 tree-difference=1
[15552/100000] reference-disagreement member-list-wide-boundary len=429 artifacts=27 advent-overaccept=18 advent-underaccept=8 reference-disagreement=988 same=14537 tree-difference=1
[15590/100000] reference-disagreement wide:trailing-closure:block-comment+block-comment:real:RefactoringProvider:85 len=1016 artifacts=27 advent-overaccept=18 advent-underaccept=8 reference-disagreement=989 same=14574 tree-difference=1
[15595/100000] reference-disagreement tspl-divergence-accessor-commitment len=49 artifacts=27 advent-overaccept=18 advent-underaccept=8 reference-disagreement=990 same=14578 tree-difference=1
[15608/100000] reference-disagreement tspl-divergence-protocol-body len=266 artifacts=27 advent-overaccept=18 advent-underaccept=8 reference-disagreement=991 same=14590 tree-difference=1
[15618/100000] reference-disagreement wide:extension-member:block-comment+keyword:real:SyntaxExpressibleByStringInterpolationConformances:244 len=150 artifacts=27 advent-overaccept=18 advent-underaccept=8 reference-disagreement=992 same=14599 tree-difference=1
[15649/100000] reference-disagreement member-list-wide-boundary len=230 artifacts=27 advent-overaccept=18 advent-underaccept=8 reference-disagreement=993 same=14629 tree-difference=1
[15736/100000] reference-disagreement cast-try-operator-cluster len=24 artifacts=27 advent-overaccept=18 advent-underaccept=8 reference-disagreement=994 same=14715 tree-difference=1
[15743/100000] reference-disagreement grammarish-member-list len=204 artifacts=27 advent-overaccept=18 advent-underaccept=8 reference-disagreement=995 same=14721 tree-difference=1
[15750/100000] reference-disagreement declaration-modifier-stack len=34 artifacts=27 advent-overaccept=18 advent-underaccept=8 reference-disagreement=996 same=14727 tree-difference=1
[15771/100000] reference-disagreement wide:closure:glue:real:SyntaxExpressibleByStringInterpolationConformances:97 len=93 artifacts=27 advent-overaccept=18 advent-underaccept=8 reference-disagreement=997 same=14747 tree-difference=1
[15787/100000] reference-disagreement wide:extension-member:line-comment+line-comment:translated:testInvalidStringInterpolationProtocol5#1+translated:testUnknownPlatform6#1 len=364 artifacts=27 advent-overaccept=18 advent-underaccept=8 reference-disagreement=998 same=14762 tree-difference=1
[15795/100000] reference-disagreement binding-pattern len=458 artifacts=27 advent-overaccept=18 advent-underaccept=8 reference-disagreement=999 same=14769 tree-difference=1
[15797/100000] reference-disagreement wide:extension-member:raw:real:ResultBuilders:467 len=244 artifacts=27 advent-overaccept=18 advent-underaccept=8 reference-disagreement=1000 same=14770 tree-difference=1
[15816/100000] reference-disagreement wide:func-body:newline:translated:testAvailabilityQueryUnavailability18#1 len=121 artifacts=27 advent-overaccept=18 advent-underaccept=8 reference-disagreement=1001 same=14788 tree-difference=1
[15837/100000] reference-disagreement seed-corpus-wrapped:operator-question-assignment len=118 artifacts=27 advent-overaccept=18 advent-underaccept=8 reference-disagreement=1002 same=14808 tree-difference=1
[15844/100000] reference-disagreement wide:extension-member:block-comment+splice:real:ScopeImplementations:16 len=600 artifacts=27 advent-overaccept=18 advent-underaccept=8 reference-disagreement=1003 same=14814 tree-difference=1
[15846/100000] reference-disagreement wide:closure:glue:translated:testEnum8#1+real:ScopeImplementations:746 len=234 artifacts=27 advent-overaccept=18 advent-underaccept=8 reference-disagreement=1004 same=14815 tree-difference=1
[15859/100000] reference-disagreement wide:trailing-closure:raw:real:SyntaxCollections:705 len=491 artifacts=27 advent-overaccept=18 advent-underaccept=8 reference-disagreement=1005 same=14827 tree-difference=1
[15899/100000] reference-disagreement wide:top:raw:phase4-coroutine:op-designated+real:MacroReplacement:59 len=850 artifacts=27 advent-overaccept=18 advent-underaccept=8 reference-disagreement=1006 same=14866 tree-difference=1
[15922/100000] reference-disagreement wide:trailing-closure:raw:real:SyntaxNodeWithBody:305 len=852 artifacts=27 advent-overaccept=18 advent-underaccept=8 reference-disagreement=1007 same=14888 tree-difference=1
[15924/100000] reference-disagreement wide:func-body:raw:translated:testModuleSelectorAttrs#1 len=96 artifacts=27 advent-overaccept=18 advent-underaccept=8 reference-disagreement=1008 same=14889 tree-difference=1
[15926/100000] reference-disagreement wide:closure:space:real:ScopeImplementations:64+translated:testTypeExpr25e#1 len=798 artifacts=27 advent-overaccept=18 advent-underaccept=8 reference-disagreement=1009 same=14890 tree-difference=1
[15932/100000] reference-disagreement wide:struct-member:block-comment+newline:real:SyntaxCollections:372+real:ResultBuilders:654 len=710 artifacts=27 advent-overaccept=18 advent-underaccept=8 reference-disagreement=1010 same=14895 tree-difference=1
[15986/100000] reference-disagreement wide:func-body:raw:expression:testTrySwitch3#1+attribute:testABIAttribute#12 len=140 artifacts=27 advent-overaccept=18 advent-underaccept=8 reference-disagreement=1011 same=14948 tree-difference=1
[16000/100000] same binding-pattern len=474 artifacts=27 advent-overaccept=18 advent-underaccept=8 reference-disagreement=1011 same=14962 tree-difference=1
[16012/100000] compiler-timeout wide:interpolation:space:translated:testForwardSlashRegex137#1 len=23 artifacts=27 advent-overaccept=18 advent-underaccept=8 compiler-timeout=1 reference-disagreement=1011 same=14973 tree-difference=1
[16035/100000] reference-disagreement tspl-divergence-protocol-body len=154 artifacts=27 advent-overaccept=18 advent-underaccept=8 compiler-timeout=1 reference-disagreement=1012 same=14995 tree-difference=1
[16049/100000] reference-disagreement wide:closure:splice:attribute:testSilgenName#4 len=63 artifacts=27 advent-overaccept=18 advent-underaccept=8 compiler-timeout=1 reference-disagreement=1013 same=15008 tree-difference=1
[16059/100000] reference-disagreement keypath-boundary len=33 artifacts=27 advent-overaccept=18 advent-underaccept=8 compiler-timeout=1 reference-disagreement=1014 same=15017 tree-difference=1
[16063/100000] reference-disagreement wide:closure:newline+line-comment+block-comment:real:RawSyntaxNodesD:17 len=100 artifacts=27 advent-overaccept=18 advent-underaccept=8 compiler-timeout=1 reference-disagreement=1015 same=15020 tree-difference=1
[16065/100000] reference-disagreement wide:closure:raw:real:RenamedChildrenBuilderCompatibility:431 len=1219 artifacts=27 advent-overaccept=18 advent-underaccept=8 compiler-timeout=1 reference-disagreement=1016 same=15021 tree-difference=1
[16077/100000] reference-disagreement wide:extension-member:space+space+splice:real:SyntaxTraits:776 len=63 artifacts=27 advent-overaccept=18 advent-underaccept=8 compiler-timeout=1 reference-disagreement=1017 same=15032 tree-difference=1
[16098/100000] tree-difference wide:after-statement:newline+block-comment:real:GrammarNode:62 len=338 artifacts=28 advent-overaccept=18 advent-underaccept=8 compiler-timeout=1 reference-disagreement=1017 same=15052 tree-difference=2
[16105/100000] reference-disagreement wide:struct-member:block-comment:real:ExpressionInterpretedAsVersionTuple:19 len=1196 artifacts=28 advent-overaccept=18 advent-underaccept=8 compiler-timeout=1 reference-disagreement=1018 same=15058 tree-difference=2
[16107/100000] reference-disagreement member-list-wide-boundary len=233 artifacts=28 advent-overaccept=18 advent-underaccept=8 compiler-timeout=1 reference-disagreement=1019 same=15059 tree-difference=2
[16121/100000] reference-disagreement grammarish-member-list len=221 artifacts=28 advent-overaccept=18 advent-underaccept=8 compiler-timeout=1 reference-disagreement=1020 same=15072 tree-difference=2
[16123/100000] reference-disagreement wide:top:raw:expression:testKeyPathMethodAndInitializers#6 len=36 artifacts=28 advent-overaccept=18 advent-underaccept=8 compiler-timeout=1 reference-disagreement=1021 same=15073 tree-difference=2
[16132/100000] reference-disagreement tspl-divergence-protocol-body len=230 artifacts=28 advent-overaccept=18 advent-underaccept=8 compiler-timeout=1 reference-disagreement=1022 same=15081 tree-difference=2
[16158/100000] reference-disagreement wide:top:delete:reject:testKeypathExpression#3+real:ConvenienceInitializers:76 len=218 artifacts=28 advent-overaccept=18 advent-underaccept=8 compiler-timeout=1 reference-disagreement=1023 same=15106 tree-difference=2
[16166/100000] reference-disagreement tspl-divergence-protocol-body len=122 artifacts=28 advent-overaccept=18 advent-underaccept=8 compiler-timeout=1 reference-disagreement=1024 same=15113 tree-difference=2
[16208/100000] reference-disagreement nested-ifconfig-boundary len=146 artifacts=28 advent-overaccept=18 advent-underaccept=8 compiler-timeout=1 reference-disagreement=1025 same=15154 tree-difference=2
[16214/100000] reference-disagreement wide:func-body:newline:declaration:testImports#1 len=33 artifacts=28 advent-overaccept=18 advent-underaccept=8 compiler-timeout=1 reference-disagreement=1026 same=15159 tree-difference=2
[16220/100000] reference-disagreement tspl-divergence-protocol-body len=132 artifacts=28 advent-overaccept=18 advent-underaccept=8 compiler-timeout=1 reference-disagreement=1027 same=15164 tree-difference=2
[16223/100000] reference-disagreement wide:before-statement:space+line-comment+newline:declaration:testAccessors#2 len=80 artifacts=28 advent-overaccept=18 advent-underaccept=8 compiler-timeout=1 reference-disagreement=1028 same=15166 tree-difference=2
[16236/100000] reference-disagreement wide:top:newline:declaration:testModifiedParameter#7 len=51 artifacts=28 advent-overaccept=18 advent-underaccept=8 compiler-timeout=1 reference-disagreement=1029 same=15178 tree-difference=2
[16250/100000] same wide:extension-member:newline+block-comment:reject:testModuleSelectorExpr#7 len=58 artifacts=28 advent-overaccept=18 advent-underaccept=8 compiler-timeout=1 reference-disagreement=1029 same=15192 tree-difference=2
[16270/100000] reference-disagreement wide:trailing-closure:raw:real:ParserDiagnosticMessages:307 len=242 artifacts=28 advent-overaccept=18 advent-underaccept=8 compiler-timeout=1 reference-disagreement=1030 same=15211 tree-difference=2
[16327/100000] reference-disagreement wide:func-body:block-comment:real:ScopeImplementations:376 len=178 artifacts=28 advent-overaccept=18 advent-underaccept=8 compiler-timeout=1 reference-disagreement=1031 same=15267 tree-difference=2
[16347/100000] reference-disagreement wide:extension-member:block-comment:translated:testOperatorDeclDesignatedTypes18#1 len=286 artifacts=28 advent-overaccept=18 advent-underaccept=8 compiler-timeout=1 reference-disagreement=1032 same=15286 tree-difference=2
[16369/100000] reference-disagreement wide:trailing-closure:newline:real:SyntaxTraits:684 len=76 artifacts=28 advent-overaccept=18 advent-underaccept=8 compiler-timeout=1 reference-disagreement=1033 same=15307 tree-difference=2
[16376/100000] reference-disagreement grammarish-member-list len=248 artifacts=28 advent-overaccept=18 advent-underaccept=8 compiler-timeout=1 reference-disagreement=1034 same=15313 tree-difference=2
[16385/100000] reference-disagreement wide:struct-member:newline+space:real:ValidatingSyntaxNodes:40 len=971 artifacts=28 advent-overaccept=18 advent-underaccept=8 compiler-timeout=1 reference-disagreement=1035 same=15321 tree-difference=2
[16389/100000] reference-disagreement wide:struct-member:glue+glue:real:ResultBuilders:245 len=226 artifacts=28 advent-overaccept=18 advent-underaccept=8 compiler-timeout=1 reference-disagreement=1036 same=15324 tree-difference=2
[16400/100000] reference-disagreement tspl-divergence-protocol-body len=122 artifacts=28 advent-overaccept=18 advent-underaccept=8 compiler-timeout=1 reference-disagreement=1037 same=15334 tree-difference=2
[16421/100000] reference-disagreement wide:struct-member:space+newline+glue:expression:testTrySwitch2#1+real:SyntaxNodeWithBody:88 len=404 artifacts=28 advent-overaccept=18 advent-underaccept=8 compiler-timeout=1 reference-disagreement=1038 same=15354 tree-difference=2
[16484/100000] reference-disagreement wide:closure:line-comment:translated:testEnum83#1 len=62 artifacts=28 advent-overaccept=18 advent-underaccept=8 compiler-timeout=1 reference-disagreement=1039 same=15416 tree-difference=2
[16500/100000] same wide:extension-member:swap+delete+newline:reject:testModuleSelectorIllFormedModuleNames#2 len=31 artifacts=28 advent-overaccept=18 advent-underaccept=8 compiler-timeout=1 reference-disagreement=1039 same=15432 tree-difference=2
[16508/100000] reference-disagreement wide:closure:newline+glue+newline:real:SyntaxTraits:776 len=70 artifacts=28 advent-overaccept=18 advent-underaccept=8 compiler-timeout=1 reference-disagreement=1040 same=15439 tree-difference=2
[16520/100000] reference-disagreement member-list-wide-boundary len=322 artifacts=28 advent-overaccept=18 advent-underaccept=8 compiler-timeout=1 reference-disagreement=1041 same=15450 tree-difference=2
[16523/100000] reference-disagreement tspl-divergence-protocol-body len=269 artifacts=28 advent-overaccept=18 advent-underaccept=8 compiler-timeout=1 reference-disagreement=1042 same=15452 tree-difference=2
[16536/100000] reference-disagreement attribute-boundary len=41 artifacts=28 advent-overaccept=18 advent-underaccept=8 compiler-timeout=1 reference-disagreement=1043 same=15464 tree-difference=2
[16586/100000] reference-disagreement binding-pattern len=458 artifacts=28 advent-overaccept=18 advent-underaccept=8 compiler-timeout=1 reference-disagreement=1044 same=15513 tree-difference=2
[16607/100000] reference-disagreement tspl-divergence-accessor-commitment len=78 artifacts=28 advent-overaccept=18 advent-underaccept=8 compiler-timeout=1 reference-disagreement=1045 same=15533 tree-difference=2
[16616/100000] advent-underaccept wide:top:newline+block-comment:real:Syntax+StringInterpolation:354 len=680 artifacts=29 advent-overaccept=18 advent-underaccept=9 compiler-timeout=1 reference-disagreement=1045 same=15541 tree-difference=2
[16631/100000] reference-disagreement tspl-divergence-protocol-body len=156 artifacts=29 advent-overaccept=18 advent-underaccept=9 compiler-timeout=1 reference-disagreement=1046 same=15555 tree-difference=2
[16654/100000] reference-disagreement attribute-ifconfig-elseif-list len=129 artifacts=29 advent-overaccept=18 advent-underaccept=9 compiler-timeout=1 reference-disagreement=1047 same=15577 tree-difference=2
[16686/100000] reference-disagreement attribute-ifconfig-elseif-list len=117 artifacts=29 advent-overaccept=18 advent-underaccept=9 compiler-timeout=1 reference-disagreement=1048 same=15608 tree-difference=2
[16701/100000] reference-disagreement attribute-ifconfig-elseif-list len=125 artifacts=29 advent-overaccept=18 advent-underaccept=9 compiler-timeout=1 reference-disagreement=1049 same=15622 tree-difference=2
[16713/100000] reference-disagreement wide:extension-member:raw:real:SyntaxTraits:826 len=127 artifacts=29 advent-overaccept=18 advent-underaccept=9 compiler-timeout=1 reference-disagreement=1050 same=15633 tree-difference=2
[16720/100000] reference-disagreement tspl-divergence-protocol-body len=119 artifacts=29 advent-overaccept=18 advent-underaccept=9 compiler-timeout=1 reference-disagreement=1051 same=15639 tree-difference=2
[16741/100000] advent-overaccept wide:func-body:block-comment+block-comment:translated:testTypeExpr14#1 len=169 artifacts=30 advent-overaccept=19 advent-underaccept=9 compiler-timeout=1 reference-disagreement=1051 same=15659 tree-difference=2
[16750/100000] same wide:func-body:splice+delete+duplicate:translated:testOperatorDeclDesignatedTypes5#1 len=48 artifacts=30 advent-overaccept=19 advent-underaccept=9 compiler-timeout=1 reference-disagreement=1051 same=15668 tree-difference=2
[16752/100000] reference-disagreement wide:before-statement:raw:translated:testSwitch66#1 len=59 artifacts=30 advent-overaccept=19 advent-underaccept=9 compiler-timeout=1 reference-disagreement=1052 same=15669 tree-difference=2
[16824/100000] reference-disagreement statement-list len=659 artifacts=30 advent-overaccept=19 advent-underaccept=9 compiler-timeout=1 reference-disagreement=1053 same=15740 tree-difference=2
[16901/100000] reference-disagreement keypath-component-matrix len=33 artifacts=30 advent-overaccept=19 advent-underaccept=9 compiler-timeout=1 reference-disagreement=1054 same=15816 tree-difference=2
[16905/100000] reference-disagreement wide:trailing-closure:raw:translated:testForwardSlashRegexSkipping33#1+real:ConvenienceInitializers:88 len=96 artifacts=30 advent-overaccept=19 advent-underaccept=9 compiler-timeout=1 reference-disagreement=1055 same=15819 tree-difference=2
[16910/100000] reference-disagreement wide:closure:raw:real:SyntaxCollections:880 len=516 artifacts=30 advent-overaccept=19 advent-underaccept=9 compiler-timeout=1 reference-disagreement=1056 same=15823 tree-difference=2
[16937/100000] reference-disagreement wide:struct-member:space:real:RegexLiteralLexer:348 len=561 artifacts=30 advent-overaccept=19 advent-underaccept=9 compiler-timeout=1 reference-disagreement=1057 same=15849 tree-difference=2
[16978/100000] reference-disagreement wide:closure:keyword+line-comment:real:ResultBuilders:310 len=167 artifacts=30 advent-overaccept=19 advent-underaccept=9 compiler-timeout=1 reference-disagreement=1058 same=15889 tree-difference=2
[16995/100000] reference-disagreement wide:func-body:raw:phase4-attr:generic-and-attr+real:WithGenericParametersScopeSyntax:15 len=368 artifacts=30 advent-overaccept=19 advent-underaccept=9 compiler-timeout=1 reference-disagreement=1059 same=15905 tree-difference=2
[17000/100000] same frontier:parser-mode-scope len=58 artifacts=30 advent-overaccept=19 advent-underaccept=9 compiler-timeout=1 reference-disagreement=1059 same=15910 tree-difference=2
[17019/100000] reference-disagreement wide:func-body:block-comment:real:ExpandEditorPlaceholder:496 len=128 artifacts=30 advent-overaccept=19 advent-underaccept=9 compiler-timeout=1 reference-disagreement=1060 same=15928 tree-difference=2
[17030/100000] reference-disagreement wide:extension-member:block-comment:real:ConvenienceInitializers:176 len=218 artifacts=30 advent-overaccept=19 advent-underaccept=9 compiler-timeout=1 reference-disagreement=1061 same=15938 tree-difference=2
[17032/100000] reference-disagreement wide:closure:raw:real:SyntaxTraits:854 len=143 artifacts=30 advent-overaccept=19 advent-underaccept=9 compiler-timeout=1 reference-disagreement=1062 same=15939 tree-difference=2
[17049/100000] reference-disagreement wide:struct-member:line-comment:real:SyntaxExpressibleByStringInterpolationConformances:253 len=180 artifacts=30 advent-overaccept=19 advent-underaccept=9 compiler-timeout=1 reference-disagreement=1063 same=15955 tree-difference=2
[17068/100000] reference-disagreement wide:closure:raw:real:SwiftSyntaxCompatibility:883 len=187 artifacts=30 advent-overaccept=19 advent-underaccept=9 compiler-timeout=1 reference-disagreement=1064 same=15973 tree-difference=2
[17074/100000] reference-disagreement wide:closure:raw:translated:testEnum72#1 len=82 artifacts=30 advent-overaccept=19 advent-underaccept=9 compiler-timeout=1 reference-disagreement=1065 same=15978 tree-difference=2
[17089/100000] reference-disagreement wide:ifconfig:raw:real:WarningGroupControl:16+declaration:testAttributedMacroExpansionDeclaration#8 len=275 artifacts=30 advent-overaccept=19 advent-underaccept=9 compiler-timeout=1 reference-disagreement=1066 same=15992 tree-difference=2
[17104/100000] reference-disagreement attribute-ifconfig-elseif-list len=151 artifacts=30 advent-overaccept=19 advent-underaccept=9 compiler-timeout=1 reference-disagreement=1067 same=16006 tree-difference=2
[17116/100000] reference-disagreement wide:func-body:raw:real:ArenaAllocatedBuffer:20 len=766 artifacts=30 advent-overaccept=19 advent-underaccept=9 compiler-timeout=1 reference-disagreement=1068 same=16017 tree-difference=2
[17130/100000] reference-disagreement statement-list len=639 artifacts=30 advent-overaccept=19 advent-underaccept=9 compiler-timeout=1 reference-disagreement=1069 same=16030 tree-difference=2
[17135/100000] reference-disagreement seed-corpus-wrapped:preconcurrency-import len=49 artifacts=30 advent-overaccept=19 advent-underaccept=9 compiler-timeout=1 reference-disagreement=1070 same=16034 tree-difference=2
[17144/100000] reference-disagreement wide:before-statement:glue+newline+glue:attribute:testABIAttribute#14 len=47 artifacts=30 advent-overaccept=19 advent-underaccept=9 compiler-timeout=1 reference-disagreement=1071 same=16042 tree-difference=2
[17151/100000] reference-disagreement wide:closure:swap:declaration:testModifiedParameter#7 len=72 artifacts=30 advent-overaccept=19 advent-underaccept=9 compiler-timeout=1 reference-disagreement=1072 same=16048 tree-difference=2
[17207/100000] reference-disagreement wide:trailing-closure:splice+newline:translated:testOperatorDeclDesignatedTypes11#1 len=47 artifacts=30 advent-overaccept=19 advent-underaccept=9 compiler-timeout=1 reference-disagreement=1073 same=16103 tree-difference=2
[17208/100000] reference-disagreement wide:trailing-closure:raw:attribute:testIsolatedTypeAttribute#2 len=45 artifacts=30 advent-overaccept=19 advent-underaccept=9 compiler-timeout=1 reference-disagreement=1074 same=16103 tree-difference=2
[17211/100000] reference-disagreement tspl-divergence-accessor-commitment len=78 artifacts=30 advent-overaccept=19 advent-underaccept=9 compiler-timeout=1 reference-disagreement=1075 same=16105 tree-difference=2
[17225/100000] reference-disagreement tspl-divergence-accessor-commitment len=49 artifacts=30 advent-overaccept=19 advent-underaccept=9 compiler-timeout=1 reference-disagreement=1076 same=16118 tree-difference=2
[17244/100000] reference-disagreement attribute-ifconfig-elseif-list len=130 artifacts=30 advent-overaccept=19 advent-underaccept=9 compiler-timeout=1 reference-disagreement=1077 same=16136 tree-difference=2
[17250/100000] same wide:closure:raw:declaration:testBorrowingConsumingParameterSpecifiers#4 len=51 artifacts=30 advent-overaccept=19 advent-underaccept=9 compiler-timeout=1 reference-disagreement=1077 same=16142 tree-difference=2
[17256/100000] reference-disagreement wide:extension-member:newline:translated:testInitDeinit16#1 len=72 artifacts=30 advent-overaccept=19 advent-underaccept=9 compiler-timeout=1 reference-disagreement=1078 same=16147 tree-difference=2
[17260/100000] reference-disagreement wide:closure:duplicate+space:real:SyntaxNodeWithBody:88+real:DeclSyntaxParseable:59 len=392 artifacts=30 advent-overaccept=19 advent-underaccept=9 compiler-timeout=1 reference-disagreement=1079 same=16150 tree-difference=2
[17268/100000] reference-disagreement wide:extension-member:block-comment+line-comment+newline:real:RawSyntax:444 len=1069 artifacts=30 advent-overaccept=19 advent-underaccept=9 compiler-timeout=1 reference-disagreement=1080 same=16157 tree-difference=2
[17282/100000] reference-disagreement wide:func-body:glue:translated:testDeinitAsync#1 len=65 artifacts=30 advent-overaccept=19 advent-underaccept=9 compiler-timeout=1 reference-disagreement=1081 same=16170 tree-difference=2
[17301/100000] reference-disagreement statement-list len=554 artifacts=30 advent-overaccept=19 advent-underaccept=9 compiler-timeout=1 reference-disagreement=1082 same=16188 tree-difference=2
[17310/100000] reference-disagreement wide:trailing-closure:newline:real:Indenter:19 len=324 artifacts=30 advent-overaccept=19 advent-underaccept=9 compiler-timeout=1 reference-disagreement=1083 same=16196 tree-difference=2
[17320/100000] reference-disagreement wide:closure:newline+newline:declaration:testDeinitializers#1 len=32 artifacts=30 advent-overaccept=19 advent-underaccept=9 compiler-timeout=1 reference-disagreement=1084 same=16205 tree-difference=2
[17336/100000] reference-disagreement wide:struct-member:delete+block-comment:translated:testTry36#1+real:RawSyntaxNodeProtocol:64 len=602 artifacts=30 advent-overaccept=19 advent-underaccept=9 compiler-timeout=1 reference-disagreement=1085 same=16220 tree-difference=2
[17353/100000] reference-disagreement attribute-ifconfig-elseif-list len=108 artifacts=30 advent-overaccept=19 advent-underaccept=9 compiler-timeout=1 reference-disagreement=1086 same=16236 tree-difference=2
[17360/100000] reference-disagreement wide:closure:keyword:real:MacroExpansionContext:86+real:IdentifiableSyntax:58 len=1121 artifacts=30 advent-overaccept=19 advent-underaccept=9 compiler-timeout=1 reference-disagreement=1087 same=16242 tree-difference=2
[17367/100000] reference-disagreement wide:after-statement:raw:declaration:testAttributedMacroExpansionDeclaration#8 len=60 artifacts=30 advent-overaccept=19 advent-underaccept=9 compiler-timeout=1 reference-disagreement=1088 same=16248 tree-difference=2
[17391/100000] reference-disagreement keypath-component-matrix len=44 artifacts=30 advent-overaccept=19 advent-underaccept=9 compiler-timeout=1 reference-disagreement=1089 same=16271 tree-difference=2
[17396/100000] reference-disagreement wide:trailing-closure:space+newline:real:SyntaxCollections:224 len=513 artifacts=30 advent-overaccept=19 advent-underaccept=9 compiler-timeout=1 reference-disagreement=1090 same=16275 tree-difference=2
[17404/100000] reference-disagreement keypath-boundary len=44 artifacts=30 advent-overaccept=19 advent-underaccept=9 compiler-timeout=1 reference-disagreement=1091 same=16282 tree-difference=2
[17415/100000] reference-disagreement seed-corpus-structural-splice:declaration-modifier-stack len=84 artifacts=30 advent-overaccept=19 advent-underaccept=9 compiler-timeout=1 reference-disagreement=1092 same=16292 tree-difference=2
[17424/100000] reference-disagreement seed-corpus-structural-splice:operator-question-assignment len=200 artifacts=30 advent-overaccept=19 advent-underaccept=9 compiler-timeout=1 reference-disagreement=1093 same=16300 tree-difference=2
[17431/100000] reference-disagreement grammarish-member-list len=173 artifacts=30 advent-overaccept=19 advent-underaccept=9 compiler-timeout=1 reference-disagreement=1094 same=16306 tree-difference=2
[17432/100000] reference-disagreement tspl-divergence-protocol-body len=136 artifacts=30 advent-overaccept=19 advent-underaccept=9 compiler-timeout=1 reference-disagreement=1095 same=16306 tree-difference=2
[17444/100000] reference-disagreement wide:trailing-closure:newline+delete:attribute:testDifferentiableAttribute#1 len=118 artifacts=30 advent-overaccept=19 advent-underaccept=9 compiler-timeout=1 reference-disagreement=1096 same=16317 tree-difference=2
[17449/100000] reference-disagreement wide:func-body:raw:translated:testEnum14#1+declaration:testTypealias#2 len=172 artifacts=30 advent-overaccept=19 advent-underaccept=9 compiler-timeout=1 reference-disagreement=1097 same=16321 tree-difference=2
[17452/100000] reference-disagreement tspl-divergence-protocol-body len=90 artifacts=30 advent-overaccept=19 advent-underaccept=9 compiler-timeout=1 reference-disagreement=1098 same=16323 tree-difference=2
[17478/100000] reference-disagreement keypath-boundary len=33 artifacts=30 advent-overaccept=19 advent-underaccept=9 compiler-timeout=1 reference-disagreement=1099 same=16348 tree-difference=2
[17490/100000] reference-disagreement tspl-divergence-protocol-body len=197 artifacts=30 advent-overaccept=19 advent-underaccept=9 compiler-timeout=1 reference-disagreement=1100 same=16359 tree-difference=2
[17500/100000] same wide:ifconfig:keyword+keyword+splice:translated:testSwitch71#1 len=121 artifacts=30 advent-overaccept=19 advent-underaccept=9 compiler-timeout=1 reference-disagreement=1100 same=16369 tree-difference=2
[17505/100000] reference-disagreement wide:struct-member:raw:real:IndentationUtils:33 len=811 artifacts=30 advent-overaccept=19 advent-underaccept=9 compiler-timeout=1 reference-disagreement=1101 same=16373 tree-difference=2
[17536/100000] reference-disagreement declaration-modifier-stack len=34 artifacts=30 advent-overaccept=19 advent-underaccept=9 compiler-timeout=1 reference-disagreement=1102 same=16403 tree-difference=2
[17555/100000] reference-disagreement nested-ifconfig-boundary len=163 artifacts=30 advent-overaccept=19 advent-underaccept=9 compiler-timeout=1 reference-disagreement=1103 same=16421 tree-difference=2
[17556/100000] reference-disagreement binding-pattern len=458 artifacts=30 advent-overaccept=19 advent-underaccept=9 compiler-timeout=1 reference-disagreement=1104 same=16421 tree-difference=2
[17558/100000] reference-disagreement wide:closure:block-comment:real:SyntaxCollections:372 len=549 artifacts=30 advent-overaccept=19 advent-underaccept=9 compiler-timeout=1 reference-disagreement=1105 same=16422 tree-difference=2
[17600/100000] reference-disagreement wide:interpolation:space:reject:testKeypathExpression#2 len=30 artifacts=30 advent-overaccept=19 advent-underaccept=9 compiler-timeout=1 reference-disagreement=1106 same=16463 tree-difference=2
[17602/100000] tree-difference wide:trailing-closure:newline:type:testNonisolatedSpecifier#14 len=30 artifacts=31 advent-overaccept=19 advent-underaccept=9 compiler-timeout=1 reference-disagreement=1106 same=16464 tree-difference=3
[17616/100000] reference-disagreement tspl-divergence-protocol-body len=111 artifacts=31 advent-overaccept=19 advent-underaccept=9 compiler-timeout=1 reference-disagreement=1107 same=16477 tree-difference=3
[17624/100000] reference-disagreement wide:struct-member:block-comment:real:SyntaxExpressibleByStringInterpolationConformances:151 len=97 artifacts=31 advent-overaccept=19 advent-underaccept=9 compiler-timeout=1 reference-disagreement=1108 same=16484 tree-difference=3
[17632/100000] reference-disagreement member-list-wide-boundary len=353 artifacts=31 advent-overaccept=19 advent-underaccept=9 compiler-timeout=1 reference-disagreement=1109 same=16491 tree-difference=3
[17671/100000] reference-disagreement wide:closure:block-comment:real:PackageTarget:131 len=505 artifacts=31 advent-overaccept=19 advent-underaccept=9 compiler-timeout=1 reference-disagreement=1110 same=16529 tree-difference=3
[17723/100000] reference-disagreement wide:func-body:keyword+newline:real:Operator:38 len=482 artifacts=31 advent-overaccept=19 advent-underaccept=9 compiler-timeout=1 reference-disagreement=1111 same=16580 tree-difference=3
[17727/100000] reference-disagreement grammarish-member-list len=273 artifacts=31 advent-overaccept=19 advent-underaccept=9 compiler-timeout=1 reference-disagreement=1112 same=16583 tree-difference=3
[17750/100000] same regex-slash-operator-boundary len=47 artifacts=31 advent-overaccept=19 advent-underaccept=9 compiler-timeout=1 reference-disagreement=1112 same=16606 tree-difference=3
[17754/100000] reference-disagreement keypath-component-matrix len=34 artifacts=31 advent-overaccept=19 advent-underaccept=9 compiler-timeout=1 reference-disagreement=1113 same=16609 tree-difference=3
[17758/100000] reference-disagreement wide:func-body:raw:real:SyntaxBaseNodes:325 len=69 artifacts=31 advent-overaccept=19 advent-underaccept=9 compiler-timeout=1 reference-disagreement=1114 same=16612 tree-difference=3
[17759/100000] reference-disagreement member-list-wide-boundary len=221 artifacts=31 advent-overaccept=19 advent-underaccept=9 compiler-timeout=1 reference-disagreement=1115 same=16612 tree-difference=3
[17765/100000] reference-disagreement nested-ifconfig-boundary len=117 artifacts=31 advent-overaccept=19 advent-underaccept=9 compiler-timeout=1 reference-disagreement=1116 same=16617 tree-difference=3
[17766/100000] reference-disagreement attribute-ifconfig-elseif-list len=122 artifacts=31 advent-overaccept=19 advent-underaccept=9 compiler-timeout=1 reference-disagreement=1117 same=16617 tree-difference=3
[17767/100000] reference-disagreement wide:trailing-closure:space:translated:testTypeExpr4#1 len=102 artifacts=31 advent-overaccept=19 advent-underaccept=9 compiler-timeout=1 reference-disagreement=1118 same=16617 tree-difference=3
[17789/100000] reference-disagreement cast-try-operator-cluster len=24 artifacts=31 advent-overaccept=19 advent-underaccept=9 compiler-timeout=1 reference-disagreement=1119 same=16638 tree-difference=3
[17815/100000] reference-disagreement wide:before-statement:block-comment:translated:testInvalid39#1 len=55 artifacts=31 advent-overaccept=19 advent-underaccept=9 compiler-timeout=1 reference-disagreement=1120 same=16663 tree-difference=3
[17817/100000] reference-disagreement wide:after-statement:newline:real:Syntax+StringInterpolation:325+real:TriviaPieces:24 len=1281 artifacts=31 advent-overaccept=19 advent-underaccept=9 compiler-timeout=1 reference-disagreement=1121 same=16664 tree-difference=3
[17818/100000] reference-disagreement wide:extension-member:raw:phase2-literal:array-one+real:CustomTraits:68 len=194 artifacts=31 advent-overaccept=19 advent-underaccept=9 compiler-timeout=1 reference-disagreement=1122 same=16664 tree-difference=3
[17823/100000] reference-disagreement attribute-ifconfig-elseif-list len=104 artifacts=31 advent-overaccept=19 advent-underaccept=9 compiler-timeout=1 reference-disagreement=1123 same=16668 tree-difference=3
[17826/100000] reference-disagreement attribute-ifconfig-elseif-list len=134 artifacts=31 advent-overaccept=19 advent-underaccept=9 compiler-timeout=1 reference-disagreement=1124 same=16670 tree-difference=3
[17836/100000] reference-disagreement binding-pattern len=458 artifacts=31 advent-overaccept=19 advent-underaccept=9 compiler-timeout=1 reference-disagreement=1125 same=16679 tree-difference=3
[17853/100000] reference-disagreement wide:closure:block-comment:real:SyntaxUtils:35 len=334 artifacts=31 advent-overaccept=19 advent-underaccept=9 compiler-timeout=1 reference-disagreement=1126 same=16695 tree-difference=3
[17857/100000] reference-disagreement nested-ifconfig-boundary len=113 artifacts=31 advent-overaccept=19 advent-underaccept=9 compiler-timeout=1 reference-disagreement=1127 same=16698 tree-difference=3
[17865/100000] reference-disagreement keypath-boundary len=38 artifacts=31 advent-overaccept=19 advent-underaccept=9 compiler-timeout=1 reference-disagreement=1128 same=16705 tree-difference=3
[17879/100000] reference-disagreement wide:struct-member:glue:phase4-closure:closure-empty+real:SyntaxExpressibleByStringInterpolationConformances:43 len=99 artifacts=31 advent-overaccept=19 advent-underaccept=9 compiler-timeout=1 reference-disagreement=1129 same=16718 tree-difference=3
[17886/100000] reference-disagreement wide:func-body:raw:real:ParserDiagnosticMessages:529 len=419 artifacts=31 advent-overaccept=19 advent-underaccept=9 compiler-timeout=1 reference-disagreement=1130 same=16724 tree-difference=3
[17890/100000] reference-disagreement wide:trailing-closure:space:phase4-attr:generic-func-2+real:SyntaxTraits:698 len=102 artifacts=31 advent-overaccept=19 advent-underaccept=9 compiler-timeout=1 reference-disagreement=1131 same=16727 tree-difference=3
[17894/100000] tree-difference wide:after-statement:block-comment+space+line-comment:phase4-type:generic-call len=46 artifacts=32 advent-overaccept=19 advent-underaccept=9 compiler-timeout=1 reference-disagreement=1131 same=16730 tree-difference=4
[17918/100000] reference-disagreement wide:extension-member:raw:real:MemberMacro:73 len=893 artifacts=32 advent-overaccept=19 advent-underaccept=9 compiler-timeout=1 reference-disagreement=1132 same=16753 tree-difference=4
[17923/100000] reference-disagreement tspl-divergence-protocol-body len=243 artifacts=32 advent-overaccept=19 advent-underaccept=9 compiler-timeout=1 reference-disagreement=1133 same=16757 tree-difference=4
[17941/100000] reference-disagreement wide:struct-member:block-comment+glue:real:SwiftVersion:13 len=164 artifacts=32 advent-overaccept=19 advent-underaccept=9 compiler-timeout=1 reference-disagreement=1134 same=16774 tree-difference=4
[17954/100000] reference-disagreement grammarish-member-list len=210 artifacts=32 advent-overaccept=19 advent-underaccept=9 compiler-timeout=1 reference-disagreement=1135 same=16786 tree-difference=4
[18000/100000] reference-disagreement attribute-boundary len=47 artifacts=32 advent-overaccept=19 advent-underaccept=9 compiler-timeout=1 reference-disagreement=1136 same=16831 tree-difference=4
[18010/100000] reference-disagreement keypath-component-matrix len=40 artifacts=32 advent-overaccept=19 advent-underaccept=9 compiler-timeout=1 reference-disagreement=1137 same=16840 tree-difference=4
[18032/100000] reference-disagreement statement-list len=593 artifacts=32 advent-overaccept=19 advent-underaccept=9 compiler-timeout=1 reference-disagreement=1138 same=16861 tree-difference=4
[18035/100000] reference-disagreement binding-pattern len=458 artifacts=32 advent-overaccept=19 advent-underaccept=9 compiler-timeout=1 reference-disagreement=1139 same=16863 tree-difference=4
[18050/100000] reference-disagreement wide:func-body:line-comment+block-comment:real:LexerDiagnosticMessages:30+translated:testConflictMarkers1#1 len=379 artifacts=32 advent-overaccept=19 advent-underaccept=9 compiler-timeout=1 reference-disagreement=1140 same=16877 tree-difference=4
[18058/100000] reference-disagreement wide:extension-member:raw:real:ParserDiagnosticMessages:30 len=296 artifacts=32 advent-overaccept=19 advent-underaccept=9 compiler-timeout=1 reference-disagreement=1141 same=16884 tree-difference=4
[18066/100000] reference-disagreement wide:before-statement:keyword+duplicate+line-comment:real:CustomTraits:57 len=210 artifacts=32 advent-overaccept=19 advent-underaccept=9 compiler-timeout=1 reference-disagreement=1142 same=16891 tree-difference=4
[18077/100000] reference-disagreement wide:extension-member:newline+newline:translated:testForwardSlashRegex9#1 len=86 artifacts=32 advent-overaccept=19 advent-underaccept=9 compiler-timeout=1 reference-disagreement=1143 same=16901 tree-difference=4
[18082/100000] reference-disagreement wide:ifconfig:line-comment:declaration:testModifiedParameter#3 len=73 artifacts=32 advent-overaccept=19 advent-underaccept=9 compiler-timeout=1 reference-disagreement=1144 same=16905 tree-difference=4
[18098/100000] reference-disagreement tspl-divergence-protocol-body len=211 artifacts=32 advent-overaccept=19 advent-underaccept=9 compiler-timeout=1 reference-disagreement=1145 same=16920 tree-difference=4
[18106/100000] reference-disagreement attribute-ifconfig-elseif-list len=129 artifacts=32 advent-overaccept=19 advent-underaccept=9 compiler-timeout=1 reference-disagreement=1146 same=16927 tree-difference=4
[18141/100000] reference-disagreement wide:trailing-closure:space+splice+newline:translated:testObjcEnum7#1+real:Attributes:993 len=1041 artifacts=32 advent-overaccept=19 advent-underaccept=9 compiler-timeout=1 reference-disagreement=1147 same=16961 tree-difference=4
[18152/100000] reference-disagreement binding-pattern len=458 artifacts=32 advent-overaccept=19 advent-underaccept=9 compiler-timeout=1 reference-disagreement=1148 same=16971 tree-difference=4
[18161/100000] reference-disagreement wide:top:space+block-comment+block-comment:translated:testTypeExpr25o#1 len=39 artifacts=32 advent-overaccept=19 advent-underaccept=9 compiler-timeout=1 reference-disagreement=1149 same=16979 tree-difference=4
[18163/100000] reference-disagreement member-list-wide-boundary len=224 artifacts=32 advent-overaccept=19 advent-underaccept=9 compiler-timeout=1 reference-disagreement=1150 same=16980 tree-difference=4
[18168/100000] reference-disagreement wide:trailing-closure:space+newline:real:SyntaxTraits:724 len=68 artifacts=32 advent-overaccept=19 advent-underaccept=9 compiler-timeout=1 reference-disagreement=1151 same=16984 tree-difference=4
[18170/100000] reference-disagreement attribute-ifconfig-elseif-list len=114 artifacts=32 advent-overaccept=19 advent-underaccept=9 compiler-timeout=1 reference-disagreement=1152 same=16985 tree-difference=4
[18186/100000] reference-disagreement declaration-modifier-stack len=34 artifacts=32 advent-overaccept=19 advent-underaccept=9 compiler-timeout=1 reference-disagreement=1153 same=17000 tree-difference=4
[18210/100000] reference-disagreement grammarish-member-list len=109 artifacts=32 advent-overaccept=19 advent-underaccept=9 compiler-timeout=1 reference-disagreement=1154 same=17023 tree-difference=4
[18220/100000] reference-disagreement tspl-divergence-accessor-commitment len=49 artifacts=32 advent-overaccept=19 advent-underaccept=9 compiler-timeout=1 reference-disagreement=1155 same=17032 tree-difference=4
[18223/100000] reference-disagreement wide:closure:newline:real:Trivia:13 len=83 artifacts=32 advent-overaccept=19 advent-underaccept=9 compiler-timeout=1 reference-disagreement=1156 same=17034 tree-difference=4
[18241/100000] reference-disagreement declaration-modifier-stack len=34 artifacts=32 advent-overaccept=19 advent-underaccept=9 compiler-timeout=1 reference-disagreement=1157 same=17051 tree-difference=4
[18250/100000] same wide:closure:raw:translated:testEnum71#1 len=75 artifacts=32 advent-overaccept=19 advent-underaccept=9 compiler-timeout=1 reference-disagreement=1157 same=17060 tree-difference=4
[18254/100000] reference-disagreement wide:struct-member:glue:real:SyntaxExpressibleByStringInterpolationConformances:244 len=177 artifacts=32 advent-overaccept=19 advent-underaccept=9 compiler-timeout=1 reference-disagreement=1158 same=17063 tree-difference=4
[18307/100000] reference-disagreement wide:func-body:splice+block-comment+block-comment:real:ConvenienceInitializers:389+real:DiagnosticGroupInheritanceTree:65 len=450 artifacts=32 advent-overaccept=19 advent-underaccept=9 compiler-timeout=1 reference-disagreement=1159 same=17115 tree-difference=4
[18316/100000] reference-disagreement statement-list len=627 artifacts=32 advent-overaccept=19 advent-underaccept=9 compiler-timeout=1 reference-disagreement=1160 same=17123 tree-difference=4
[18319/100000] reference-disagreement tspl-divergence-protocol-body len=130 artifacts=32 advent-overaccept=19 advent-underaccept=9 compiler-timeout=1 reference-disagreement=1161 same=17125 tree-difference=4
[18337/100000] reference-disagreement wide:trailing-closure:newline+newline:real:Syntax+StringInterpolation:263 len=165 artifacts=32 advent-overaccept=19 advent-underaccept=9 compiler-timeout=1 reference-disagreement=1162 same=17142 tree-difference=4
[18363/100000] reference-disagreement wide:extension-member:newline:real:ScopeImplementations:91 len=927 artifacts=32 advent-overaccept=19 advent-underaccept=9 compiler-timeout=1 reference-disagreement=1163 same=17167 tree-difference=4
[18391/100000] reference-disagreement wide:trailing-closure:space:real:SwiftSyntaxCompatibility:422 len=61 artifacts=32 advent-overaccept=19 advent-underaccept=9 compiler-timeout=1 reference-disagreement=1164 same=17194 tree-difference=4
[18416/100000] reference-disagreement wide:func-body:splice+newline+newline:real:MissingNodeInitializers:26 len=144 artifacts=32 advent-overaccept=19 advent-underaccept=9 compiler-timeout=1 reference-disagreement=1165 same=17218 tree-difference=4
[18445/100000] reference-disagreement wide:trailing-closure:keyword:real:SyntaxExpressibleByStringInterpolationConformances:70 len=72 artifacts=32 advent-overaccept=19 advent-underaccept=9 compiler-timeout=1 reference-disagreement=1166 same=17246 tree-difference=4
[18448/100000] reference-disagreement keypath-component-matrix len=52 artifacts=32 advent-overaccept=19 advent-underaccept=9 compiler-timeout=1 reference-disagreement=1167 same=17248 tree-difference=4
[18499/100000] reference-disagreement wide:closure:space:real:SyntaxNodeWithBody:212 len=83 artifacts=32 advent-overaccept=19 advent-underaccept=9 compiler-timeout=1 reference-disagreement=1168 same=17298 tree-difference=4
[18500/100000] same wide:ifconfig:splice+delete:translated:testSwitch12#1+translated:testBorrowingContextualParsing#8 len=185 artifacts=32 advent-overaccept=19 advent-underaccept=9 compiler-timeout=1 reference-disagreement=1168 same=17299 tree-difference=4
[18514/100000] reference-disagreement wide:struct-member:glue:real:SyntaxExpressibleByStringInterpolationConformances:133 len=92 artifacts=32 advent-overaccept=19 advent-underaccept=9 compiler-timeout=1 reference-disagreement=1169 same=17312 tree-difference=4
[18521/100000] reference-disagreement declaration-modifier-stack len=34 artifacts=32 advent-overaccept=19 advent-underaccept=9 compiler-timeout=1 reference-disagreement=1170 same=17318 tree-difference=4
[18559/100000] reference-disagreement wide:trailing-closure:duplicate+newline+delete:real:SyntaxExpressibleByStringInterpolationConformances:145 len=159 artifacts=32 advent-overaccept=19 advent-underaccept=9 compiler-timeout=1 reference-disagreement=1171 same=17355 tree-difference=4
[18592/100000] reference-disagreement attribute-boundary len=39 artifacts=32 advent-overaccept=19 advent-underaccept=9 compiler-timeout=1 reference-disagreement=1172 same=17387 tree-difference=4
[18602/100000] reference-disagreement wide:func-body:swap+keyword+newline:declaration:testProtocolParsing#3 len=145 artifacts=32 advent-overaccept=19 advent-underaccept=9 compiler-timeout=1 reference-disagreement=1173 same=17396 tree-difference=4
[18603/100000] reference-disagreement wide:struct-member:glue:real:SyntaxTraits:352 len=690 artifacts=32 advent-overaccept=19 advent-underaccept=9 compiler-timeout=1 reference-disagreement=1174 same=17396 tree-difference=4
[18614/100000] reference-disagreement wide:closure:space:real:ResultBuilders:258 len=248 artifacts=32 advent-overaccept=19 advent-underaccept=9 compiler-timeout=1 reference-disagreement=1175 same=17406 tree-difference=4
[18616/100000] reference-disagreement wide:trailing-closure:raw:real:TriviaPieces:251 len=44 artifacts=32 advent-overaccept=19 advent-underaccept=9 compiler-timeout=1 reference-disagreement=1176 same=17407 tree-difference=4
[18624/100000] reference-disagreement tspl-divergence-accessor-commitment len=78 artifacts=32 advent-overaccept=19 advent-underaccept=9 compiler-timeout=1 reference-disagreement=1177 same=17414 tree-difference=4
[18626/100000] reference-disagreement wide:struct-member:raw:translated:testPatternWithoutVariables5#1 len=467 artifacts=32 advent-overaccept=19 advent-underaccept=9 compiler-timeout=1 reference-disagreement=1178 same=17415 tree-difference=4
[18632/100000] reference-disagreement keypath-boundary len=37 artifacts=32 advent-overaccept=19 advent-underaccept=9 compiler-timeout=1 reference-disagreement=1179 same=17420 tree-difference=4
[18660/100000] reference-disagreement wide:struct-member:newline+newline:real:ResultBuilders:531 len=225 artifacts=32 advent-overaccept=19 advent-underaccept=9 compiler-timeout=1 reference-disagreement=1180 same=17447 tree-difference=4
[18681/100000] reference-disagreement wide:before-statement:newline+line-comment+keyword:translated:testInitDeinit20#1 len=83 artifacts=32 advent-overaccept=19 advent-underaccept=9 compiler-timeout=1 reference-disagreement=1181 same=17467 tree-difference=4
[18688/100000] reference-disagreement attribute-ifconfig-elseif-list len=124 artifacts=32 advent-overaccept=19 advent-underaccept=9 compiler-timeout=1 reference-disagreement=1182 same=17473 tree-difference=4
[18716/100000] reference-disagreement attribute-boundary len=41 artifacts=32 advent-overaccept=19 advent-underaccept=9 compiler-timeout=1 reference-disagreement=1183 same=17500 tree-difference=4
[18735/100000] reference-disagreement declaration-modifier-stack len=34 artifacts=32 advent-overaccept=19 advent-underaccept=9 compiler-timeout=1 reference-disagreement=1184 same=17518 tree-difference=4
[18750/100000] same wide:interpolation:duplicate+line-comment+newline:phase4-loop:for-wildcard len=51 artifacts=32 advent-overaccept=19 advent-underaccept=9 compiler-timeout=1 reference-disagreement=1184 same=17533 tree-difference=4
[18769/100000] reference-disagreement keypath-component-matrix len=53 artifacts=32 advent-overaccept=19 advent-underaccept=9 compiler-timeout=1 reference-disagreement=1185 same=17551 tree-difference=4
[18782/100000] reference-disagreement wide:func-body:keyword+newline+glue:real:ConvenienceInitializers:302 len=384 artifacts=32 advent-overaccept=19 advent-underaccept=9 compiler-timeout=1 reference-disagreement=1186 same=17563 tree-difference=4
[18785/100000] reference-disagreement wide:struct-member:glue+line-comment:real:SyntaxExpressibleByStringInterpolationConformances:259 len=98 artifacts=32 advent-overaccept=19 advent-underaccept=9 compiler-timeout=1 reference-disagreement=1187 same=17565 tree-difference=4
[18791/100000] reference-disagreement attribute-ifconfig-elseif-list len=110 artifacts=32 advent-overaccept=19 advent-underaccept=9 compiler-timeout=1 reference-disagreement=1188 same=17570 tree-difference=4
[18818/100000] reference-disagreement tspl-divergence-protocol-body len=146 artifacts=32 advent-overaccept=19 advent-underaccept=9 compiler-timeout=1 reference-disagreement=1189 same=17596 tree-difference=4
[18852/100000] reference-disagreement cast-try-operator-cluster len=24 artifacts=32 advent-overaccept=19 advent-underaccept=9 compiler-timeout=1 reference-disagreement=1190 same=17629 tree-difference=4
[18857/100000] reference-disagreement keypath-boundary len=37 artifacts=32 advent-overaccept=19 advent-underaccept=9 compiler-timeout=1 reference-disagreement=1191 same=17633 tree-difference=4
[18881/100000] reference-disagreement attribute-ifconfig-elseif-list len=118 artifacts=32 advent-overaccept=19 advent-underaccept=9 compiler-timeout=1 reference-disagreement=1192 same=17656 tree-difference=4
[18886/100000] reference-disagreement member-list-wide-boundary len=196 artifacts=32 advent-overaccept=19 advent-underaccept=9 compiler-timeout=1 reference-disagreement=1193 same=17660 tree-difference=4
[18896/100000] reference-disagreement nested-ifconfig-boundary len=113 artifacts=32 advent-overaccept=19 advent-underaccept=9 compiler-timeout=1 reference-disagreement=1194 same=17669 tree-difference=4
[18908/100000] reference-disagreement binding-pattern len=458 artifacts=32 advent-overaccept=19 advent-underaccept=9 compiler-timeout=1 reference-disagreement=1195 same=17680 tree-difference=4
[18916/100000] reference-disagreement member-list-wide-boundary len=111 artifacts=32 advent-overaccept=19 advent-underaccept=9 compiler-timeout=1 reference-disagreement=1196 same=17687 tree-difference=4
[18920/100000] reference-disagreement wide:trailing-closure:newline+newline:real:SyntaxCollections:1884 len=504 artifacts=32 advent-overaccept=19 advent-underaccept=9 compiler-timeout=1 reference-disagreement=1197 same=17690 tree-difference=4
[18923/100000] reference-disagreement wide:trailing-closure:newline:real:AddSeparatorsToIntegerLiteral:39 len=840 artifacts=32 advent-overaccept=19 advent-underaccept=9 compiler-timeout=1 reference-disagreement=1198 same=17692 tree-difference=4
[18940/100000] reference-disagreement wide:struct-member:raw:real:SyntaxTraits:36 len=393 artifacts=32 advent-overaccept=19 advent-underaccept=9 compiler-timeout=1 reference-disagreement=1199 same=17708 tree-difference=4
[18953/100000] reference-disagreement wide:before-statement:newline+keyword+newline:statement:testIf#1 len=38 artifacts=32 advent-overaccept=19 advent-underaccept=9 compiler-timeout=1 reference-disagreement=1200 same=17720 tree-difference=4
[18982/100000] reference-disagreement tspl-divergence-accessor-commitment len=49 artifacts=32 advent-overaccept=19 advent-underaccept=9 compiler-timeout=1 reference-disagreement=1201 same=17748 tree-difference=4
[18997/100000] reference-disagreement keypath-boundary len=40 artifacts=32 advent-overaccept=19 advent-underaccept=9 compiler-timeout=1 reference-disagreement=1202 same=17762 tree-difference=4
[19000/100000] same tspl-divergence-accessor-commitment len=84 artifacts=32 advent-overaccept=19 advent-underaccept=9 compiler-timeout=1 reference-disagreement=1202 same=17765 tree-difference=4
[19019/100000] reference-disagreement grammarish-member-list len=343 artifacts=32 advent-overaccept=19 advent-underaccept=9 compiler-timeout=1 reference-disagreement=1203 same=17783 tree-difference=4
[19025/100000] reference-disagreement grammarish-member-list len=109 artifacts=32 advent-overaccept=19 advent-underaccept=9 compiler-timeout=1 reference-disagreement=1204 same=17788 tree-difference=4
[19041/100000] reference-disagreement wide:struct-member:line-comment+space+newline:real:SwiftSyntaxCompatibility:1132 len=895 artifacts=32 advent-overaccept=19 advent-underaccept=9 compiler-timeout=1 reference-disagreement=1205 same=17803 tree-difference=4
[19046/100000] reference-disagreement binding-pattern len=458 artifacts=32 advent-overaccept=19 advent-underaccept=9 compiler-timeout=1 reference-disagreement=1206 same=17807 tree-difference=4
[19094/100000] reference-disagreement wide:struct-member:newline+line-comment:declaration:testDeinitializers#2 len=29 artifacts=32 advent-overaccept=19 advent-underaccept=9 compiler-timeout=1 reference-disagreement=1207 same=17854 tree-difference=4
[19095/100000] reference-disagreement wide:func-body:raw:phase4-misc:typealias-public len=40 artifacts=32 advent-overaccept=19 advent-underaccept=9 compiler-timeout=1 reference-disagreement=1208 same=17854 tree-difference=4
[19103/100000] reference-disagreement tspl-divergence-accessor-commitment len=78 artifacts=32 advent-overaccept=19 advent-underaccept=9 compiler-timeout=1 reference-disagreement=1209 same=17861 tree-difference=4
[19109/100000] reference-disagreement wide:extension-member:block-comment+space:real:MissingNodeInitializers:50 len=153 artifacts=32 advent-overaccept=19 advent-underaccept=9 compiler-timeout=1 reference-disagreement=1210 same=17866 tree-difference=4
[19128/100000] advent-overaccept wide:ifconfig:splice:type:testLifetimeSpecifier#5+real:ResultBuilders:189 len=157 artifacts=33 advent-overaccept=20 advent-underaccept=9 compiler-timeout=1 reference-disagreement=1210 same=17884 tree-difference=4
[19136/100000] reference-disagreement attribute-ifconfig-elseif-list len=126 artifacts=33 advent-overaccept=20 advent-underaccept=9 compiler-timeout=1 reference-disagreement=1211 same=17891 tree-difference=4
[19157/100000] reference-disagreement tspl-divergence-protocol-body len=108 artifacts=33 advent-overaccept=20 advent-underaccept=9 compiler-timeout=1 reference-disagreement=1212 same=17911 tree-difference=4
[19162/100000] reference-disagreement wide:extension-member:duplicate:real:MissingNodesError:353 len=196 artifacts=33 advent-overaccept=20 advent-underaccept=9 compiler-timeout=1 reference-disagreement=1213 same=17915 tree-difference=4
[19172/100000] reference-disagreement wide:trailing-closure:raw:declaration:testAttributedMacroExpansionDeclaration#3+real:SyntaxTraits:798 len=115 artifacts=33 advent-overaccept=20 advent-underaccept=9 compiler-timeout=1 reference-disagreement=1214 same=17924 tree-difference=4
[19181/100000] reference-disagreement wide:struct-member:keyword+block-comment+newline:real:Syntax+StringInterpolation:473 len=80 artifacts=33 advent-overaccept=20 advent-underaccept=9 compiler-timeout=1 reference-disagreement=1215 same=17932 tree-difference=4
[19201/100000] reference-disagreement wide:trailing-closure:newline+space:real:StringLiterals:765 len=166 artifacts=33 advent-overaccept=20 advent-underaccept=9 compiler-timeout=1 reference-disagreement=1216 same=17951 tree-difference=4
[19203/100000] reference-disagreement tspl-divergence-protocol-body len=131 artifacts=33 advent-overaccept=20 advent-underaccept=9 compiler-timeout=1 reference-disagreement=1217 same=17952 tree-difference=4
[19210/100000] reference-disagreement tspl-divergence-accessor-commitment len=49 artifacts=33 advent-overaccept=20 advent-underaccept=9 compiler-timeout=1 reference-disagreement=1218 same=17958 tree-difference=4
[19211/100000] reference-disagreement tspl-divergence-accessor-commitment len=78 artifacts=33 advent-overaccept=20 advent-underaccept=9 compiler-timeout=1 reference-disagreement=1219 same=17958 tree-difference=4
[19218/100000] reference-disagreement member-list-wide-boundary len=512 artifacts=33 advent-overaccept=20 advent-underaccept=9 compiler-timeout=1 reference-disagreement=1220 same=17964 tree-difference=4
[19234/100000] reference-disagreement wide:extension-member:raw:real:ParseDiagnosticsGenerator:59+translated:testEnum50#1 len=677 artifacts=33 advent-overaccept=20 advent-underaccept=9 compiler-timeout=1 reference-disagreement=1221 same=17979 tree-difference=4
[19240/100000] reference-disagreement wide:trailing-closure:raw:real:DiagnosticGroupInheritanceTree:16 len=550 artifacts=33 advent-overaccept=20 advent-underaccept=9 compiler-timeout=1 reference-disagreement=1222 same=17984 tree-difference=4
[19250/100000] same wide:trailing-closure:newline:translated:testSemicolon10#1 len=41 artifacts=33 advent-overaccept=20 advent-underaccept=9 compiler-timeout=1 reference-disagreement=1222 same=17994 tree-difference=4
[19258/100000] reference-disagreement keypath-boundary len=38 artifacts=33 advent-overaccept=20 advent-underaccept=9 compiler-timeout=1 reference-disagreement=1223 same=18001 tree-difference=4
[19277/100000] reference-disagreement attribute-ifconfig-elseif-list len=115 artifacts=33 advent-overaccept=20 advent-underaccept=9 compiler-timeout=1 reference-disagreement=1224 same=18019 tree-difference=4
[19311/100000] reference-disagreement tspl-divergence-accessor-commitment len=78 artifacts=33 advent-overaccept=20 advent-underaccept=9 compiler-timeout=1 reference-disagreement=1225 same=18052 tree-difference=4
[19326/100000] reference-disagreement wide:extension-member:raw:real:BuildableNodes:1251 len=1299 artifacts=33 advent-overaccept=20 advent-underaccept=9 compiler-timeout=1 reference-disagreement=1226 same=18066 tree-difference=4
[19337/100000] reference-disagreement wide:closure:line-comment+space:real:Syntax+StringInterpolation:283+translated:testMatchingPatterns25#1 len=96 artifacts=33 advent-overaccept=20 advent-underaccept=9 compiler-timeout=1 reference-disagreement=1227 same=18076 tree-difference=4
[19339/100000] reference-disagreement grammarish-member-list len=205 artifacts=33 advent-overaccept=20 advent-underaccept=9 compiler-timeout=1 reference-disagreement=1228 same=18077 tree-difference=4
[19384/100000] reference-disagreement wide:top:duplicate:real:BuildConfiguration:311 len=319 artifacts=33 advent-overaccept=20 advent-underaccept=9 compiler-timeout=1 reference-disagreement=1229 same=18121 tree-difference=4
[19408/100000] reference-disagreement wide:trailing-closure:block-comment:real:SyntaxTraits:718 len=78 artifacts=33 advent-overaccept=20 advent-underaccept=9 compiler-timeout=1 reference-disagreement=1230 same=18144 tree-difference=4
[19416/100000] reference-disagreement wide:after-statement:line-comment:reject:testChainedOptionalUnwrapsAfterSubscript#1 len=35 artifacts=33 advent-overaccept=20 advent-underaccept=9 compiler-timeout=1 reference-disagreement=1231 same=18151 tree-difference=4
[19458/100000] reference-disagreement wide:func-body:glue:translated:testEnum34#1+real:ConfiguredRegions:102 len=548 artifacts=33 advent-overaccept=20 advent-underaccept=9 compiler-timeout=1 reference-disagreement=1232 same=18192 tree-difference=4
[19468/100000] reference-disagreement wide:closure:space+block-comment:real:ParserDiagnosticMessages:554 len=275 artifacts=33 advent-overaccept=20 advent-underaccept=9 compiler-timeout=1 reference-disagreement=1233 same=18201 tree-difference=4
[19472/100000] reference-disagreement grammarish-member-list len=232 artifacts=33 advent-overaccept=20 advent-underaccept=9 compiler-timeout=1 reference-disagreement=1234 same=18204 tree-difference=4
[19494/100000] reference-disagreement wide:func-body:raw:real:Parser:449 len=1088 artifacts=33 advent-overaccept=20 advent-underaccept=9 compiler-timeout=1 reference-disagreement=1235 same=18225 tree-difference=4
[19500/100000] same wide:struct-member:duplicate:reject:testClosureWithMalformedParameters#5 len=34 artifacts=33 advent-overaccept=20 advent-underaccept=9 compiler-timeout=1 reference-disagreement=1235 same=18231 tree-difference=4
[19510/100000] reference-disagreement wide:after-statement:block-comment:translated:testRecovery13#1 len=243 artifacts=33 advent-overaccept=20 advent-underaccept=9 compiler-timeout=1 reference-disagreement=1236 same=18240 tree-difference=4
[19511/100000] reference-disagreement wide:trailing-closure:raw:attribute:testABIAttribute#14 len=37 artifacts=33 advent-overaccept=20 advent-underaccept=9 compiler-timeout=1 reference-disagreement=1237 same=18240 tree-difference=4
[19530/100000] reference-disagreement tspl-divergence-protocol-body len=203 artifacts=33 advent-overaccept=20 advent-underaccept=9 compiler-timeout=1 reference-disagreement=1238 same=18258 tree-difference=4
[19537/100000] advent-overaccept wide:after-statement:raw:type:testLifetimeSpecifier#4 len=53 artifacts=34 advent-overaccept=21 advent-underaccept=9 compiler-timeout=1 reference-disagreement=1238 same=18264 tree-difference=4
[19545/100000] reference-disagreement member-list-wide-boundary len=204 artifacts=34 advent-overaccept=21 advent-underaccept=9 compiler-timeout=1 reference-disagreement=1239 same=18271 tree-difference=4
[19599/100000] reference-disagreement wide:struct-member:glue+glue+newline:real:Expressions:1853 len=674 artifacts=34 advent-overaccept=21 advent-underaccept=9 compiler-timeout=1 reference-disagreement=1240 same=18324 tree-difference=4
[19604/100000] reference-disagreement wide:closure:block-comment:real:SwiftParserCompatibility:22 len=316 artifacts=34 advent-overaccept=21 advent-underaccept=9 compiler-timeout=1 reference-disagreement=1241 same=18328 tree-difference=4
[19614/100000] reference-disagreement statement-list len=458 artifacts=34 advent-overaccept=21 advent-underaccept=9 compiler-timeout=1 reference-disagreement=1242 same=18337 tree-difference=4
[19625/100000] reference-disagreement wide:extension-member:raw:real:ResultBuilders:427 len=187 artifacts=34 advent-overaccept=21 advent-underaccept=9 compiler-timeout=1 reference-disagreement=1243 same=18347 tree-difference=4
[19627/100000] reference-disagreement cast-try-operator-cluster len=24 artifacts=34 advent-overaccept=21 advent-underaccept=9 compiler-timeout=1 reference-disagreement=1244 same=18348 tree-difference=4
[19632/100000] reference-disagreement declaration-modifier-stack len=34 artifacts=34 advent-overaccept=21 advent-underaccept=9 compiler-timeout=1 reference-disagreement=1245 same=18352 tree-difference=4
[19666/100000] reference-disagreement member-list-wide-boundary len=385 artifacts=34 advent-overaccept=21 advent-underaccept=9 compiler-timeout=1 reference-disagreement=1246 same=18385 tree-difference=4
[19676/100000] reference-disagreement wide:extension-member:block-comment+space+newline:real:LayoutNodes+Parsable:191 len=195 artifacts=34 advent-overaccept=21 advent-underaccept=9 compiler-timeout=1 reference-disagreement=1247 same=18394 tree-difference=4
[19680/100000] reference-disagreement tspl-divergence-protocol-body len=170 artifacts=34 advent-overaccept=21 advent-underaccept=9 compiler-timeout=1 reference-disagreement=1248 same=18397 tree-difference=4
[19729/100000] reference-disagreement grammarish-member-list len=371 artifacts=34 advent-overaccept=21 advent-underaccept=9 compiler-timeout=1 reference-disagreement=1249 same=18445 tree-difference=4
[19731/100000] reference-disagreement wide:struct-member:block-comment:phase3-type:struct-inherit+real:SyntaxExpressibleByStringInterpolationConformances:103 len=108 artifacts=34 advent-overaccept=21 advent-underaccept=9 compiler-timeout=1 reference-disagreement=1250 same=18446 tree-difference=4
[19738/100000] reference-disagreement binding-pattern len=458 artifacts=34 advent-overaccept=21 advent-underaccept=9 compiler-timeout=1 reference-disagreement=1251 same=18452 tree-difference=4
[19747/100000] reference-disagreement wide:ifconfig:delete+duplicate+newline:declaration:testVariableDeclarations#9 len=138 artifacts=34 advent-overaccept=21 advent-underaccept=9 compiler-timeout=1 reference-disagreement=1252 same=18460 tree-difference=4
[19750/100000] same try-boundary len=24 artifacts=34 advent-overaccept=21 advent-underaccept=9 compiler-timeout=1 reference-disagreement=1252 same=18463 tree-difference=4
[19752/100000] reference-disagreement wide:func-body:raw:translated:testModuleSelectorExpr#5+real:PackageTarget:161 len=160 artifacts=34 advent-overaccept=21 advent-underaccept=9 compiler-timeout=1 reference-disagreement=1253 same=18464 tree-difference=4
[19757/100000] reference-disagreement wide:func-body:raw:real:IdentifiableSyntax:22 len=136 artifacts=34 advent-overaccept=21 advent-underaccept=9 compiler-timeout=1 reference-disagreement=1254 same=18468 tree-difference=4
[19758/100000] reference-disagreement wide:struct-member:newline+line-comment+glue:real:Attributes:993 len=971 artifacts=34 advent-overaccept=21 advent-underaccept=9 compiler-timeout=1 reference-disagreement=1255 same=18468 tree-difference=4
[19770/100000] reference-disagreement keypath-boundary len=36 artifacts=34 advent-overaccept=21 advent-underaccept=9 compiler-timeout=1 reference-disagreement=1256 same=18479 tree-difference=4
[19776/100000] reference-disagreement wide:struct-member:raw:translated:testMatchingPatterns19#1+real:WarningControlDeclSyntax:55 len=420 artifacts=34 advent-overaccept=21 advent-underaccept=9 compiler-timeout=1 reference-disagreement=1257 same=18484 tree-difference=4
[19778/100000] reference-disagreement wide:struct-member:line-comment:declaration:testParseIsolatedConformances#1 len=53 artifacts=34 advent-overaccept=21 advent-underaccept=9 compiler-timeout=1 reference-disagreement=1258 same=18485 tree-difference=4
[19784/100000] reference-disagreement cast-try-operator-cluster len=24 artifacts=34 advent-overaccept=21 advent-underaccept=9 compiler-timeout=1 reference-disagreement=1259 same=18490 tree-difference=4
[19792/100000] reference-disagreement member-list-wide-boundary len=449 artifacts=34 advent-overaccept=21 advent-underaccept=9 compiler-timeout=1 reference-disagreement=1260 same=18497 tree-difference=4
[19832/100000] reference-disagreement member-list-wide-boundary len=283 artifacts=34 advent-overaccept=21 advent-underaccept=9 compiler-timeout=1 reference-disagreement=1261 same=18536 tree-difference=4
[19855/100000] reference-disagreement wide:closure:raw:attribute:testABIAttribute#4+real:ConvenienceInitializers:176 len=295 artifacts=34 advent-overaccept=21 advent-underaccept=9 compiler-timeout=1 reference-disagreement=1262 same=18558 tree-difference=4
[19862/100000] reference-disagreement member-list-wide-boundary len=395 artifacts=34 advent-overaccept=21 advent-underaccept=9 compiler-timeout=1 reference-disagreement=1263 same=18564 tree-difference=4
[19892/100000] reference-disagreement wide:before-statement:line-comment+line-comment:declaration:testAccessorBlockDisambiguationMarker#1 len=80 artifacts=34 advent-overaccept=21 advent-underaccept=9 compiler-timeout=1 reference-disagreement=1264 same=18593 tree-difference=4
[19894/100000] advent-underaccept wide:func-body:keyword+glue+line-comment:translated:testErrors29#1 len=81 artifacts=35 advent-overaccept=21 advent-underaccept=10 compiler-timeout=1 reference-disagreement=1264 same=18594 tree-difference=4
[19902/100000] reference-disagreement wide:closure:newline+block-comment:real:ResultBuilders:215 len=141 artifacts=35 advent-overaccept=21 advent-underaccept=10 compiler-timeout=1 reference-disagreement=1265 same=18601 tree-difference=4
[19904/100000] reference-disagreement wide:struct-member:newline+space:real:ConvenienceInitializers:389+expression:testTrailingCommasInTypeExpressions#4 len=223 artifacts=35 advent-overaccept=21 advent-underaccept=10 compiler-timeout=1 reference-disagreement=1266 same=18602 tree-difference=4
[19912/100000] reference-disagreement attribute-ifconfig-elseif-list len=126 artifacts=35 advent-overaccept=21 advent-underaccept=10 compiler-timeout=1 reference-disagreement=1267 same=18609 tree-difference=4
[19945/100000] reference-disagreement binding-pattern len=458 artifacts=35 advent-overaccept=21 advent-underaccept=10 compiler-timeout=1 reference-disagreement=1268 same=18641 tree-difference=4
[19951/100000] reference-disagreement member-list-wide-boundary len=265 artifacts=35 advent-overaccept=21 advent-underaccept=10 compiler-timeout=1 reference-disagreement=1269 same=18646 tree-difference=4
[19958/100000] reference-disagreement binding-pattern len=458 artifacts=35 advent-overaccept=21 advent-underaccept=10 compiler-timeout=1 reference-disagreement=1270 same=18652 tree-difference=4
[19975/100000] reference-disagreement member-list-wide-boundary len=368 artifacts=35 advent-overaccept=21 advent-underaccept=10 compiler-timeout=1 reference-disagreement=1271 same=18668 tree-difference=4
[19986/100000] reference-disagreement wide:closure:raw:translated:testInitDeinit14#1 len=151 artifacts=35 advent-overaccept=21 advent-underaccept=10 compiler-timeout=1 reference-disagreement=1272 same=18678 tree-difference=4
[19993/100000] reference-disagreement wide:extension-member:raw:real:BuildableNodes:238+expression:testSwitchExprInReturn#1 len=1334 artifacts=35 advent-overaccept=21 advent-underaccept=10 compiler-timeout=1 reference-disagreement=1273 same=18684 tree-difference=4
[20000/100000] reference-disagreement wide:top:glue:translated:testInitDeinit20#1 len=55 artifacts=35 advent-overaccept=21 advent-underaccept=10 compiler-timeout=1 reference-disagreement=1274 same=18690 tree-difference=4
[20029/100000] reference-disagreement seed-corpus-structural-splice:warning-directive len=61 artifacts=35 advent-overaccept=21 advent-underaccept=10 compiler-timeout=1 reference-disagreement=1275 same=18718 tree-difference=4
[20042/100000] reference-disagreement member-list-wide-boundary len=547 artifacts=35 advent-overaccept=21 advent-underaccept=10 compiler-timeout=1 reference-disagreement=1276 same=18730 tree-difference=4
[20081/100000] reference-disagreement wide:closure:raw:real:CustomTraits:35 len=179 artifacts=35 advent-overaccept=21 advent-underaccept=10 compiler-timeout=1 reference-disagreement=1277 same=18768 tree-difference=4
[20095/100000] reference-disagreement wide:struct-member:line-comment+keyword:real:GrammarNode:62+declaration:testAttributedMacroExpansionDeclaration#10 len=398 artifacts=35 advent-overaccept=21 advent-underaccept=10 compiler-timeout=1 reference-disagreement=1278 same=18781 tree-difference=4
[20109/100000] reference-disagreement wide:func-body:space:real:DeclSyntaxParseable:54 len=69 artifacts=35 advent-overaccept=21 advent-underaccept=10 compiler-timeout=1 reference-disagreement=1279 same=18794 tree-difference=4
[20126/100000] reference-disagreement attribute-boundary len=99 artifacts=35 advent-overaccept=21 advent-underaccept=10 compiler-timeout=1 reference-disagreement=1280 same=18810 tree-difference=4
[20140/100000] reference-disagreement wide:extension-member:splice:real:SyntaxExpressibleByStringInterpolationConformances:172 len=200 artifacts=35 advent-overaccept=21 advent-underaccept=10 compiler-timeout=1 reference-disagreement=1281 same=18823 tree-difference=4
[20152/100000] reference-disagreement wide:trailing-closure:raw:real:PackageDependency:91 len=196 artifacts=35 advent-overaccept=21 advent-underaccept=10 compiler-timeout=1 reference-disagreement=1282 same=18834 tree-difference=4
[20185/100000] reference-disagreement wide:before-statement:raw:translated:testDeinitAsync#1+real:ScopeImplementations:34 len=878 artifacts=35 advent-overaccept=21 advent-underaccept=10 compiler-timeout=1 reference-disagreement=1283 same=18866 tree-difference=4
[20191/100000] reference-disagreement attribute-ifconfig-elseif-list len=130 artifacts=35 advent-overaccept=21 advent-underaccept=10 compiler-timeout=1 reference-disagreement=1284 same=18871 tree-difference=4
[20216/100000] reference-disagreement wide:closure:space:phase4-decl:op-prefix len=42 artifacts=35 advent-overaccept=21 advent-underaccept=10 compiler-timeout=1 reference-disagreement=1285 same=18895 tree-difference=4
[20224/100000] reference-disagreement wide:closure:raw:real:SyntaxTraits:858 len=96 artifacts=35 advent-overaccept=21 advent-underaccept=10 compiler-timeout=1 reference-disagreement=1286 same=18902 tree-difference=4
[20227/100000] reference-disagreement wide:extension-member:raw:real:CallLikeSyntax:31 len=214 artifacts=35 advent-overaccept=21 advent-underaccept=10 compiler-timeout=1 reference-disagreement=1287 same=18904 tree-difference=4
[20229/100000] reference-disagreement wide:extension-member:raw:real:SyntaxTraits:810 len=87 artifacts=35 advent-overaccept=21 advent-underaccept=10 compiler-timeout=1 reference-disagreement=1288 same=18905 tree-difference=4
[20235/100000] reference-disagreement tspl-divergence-accessor-commitment len=78 artifacts=35 advent-overaccept=21 advent-underaccept=10 compiler-timeout=1 reference-disagreement=1289 same=18910 tree-difference=4
[20250/100000] same wide:ifconfig:block-comment+newline:declaration:testTypealias#1 len=39 artifacts=35 advent-overaccept=21 advent-underaccept=10 compiler-timeout=1 reference-disagreement=1289 same=18925 tree-difference=4
[20258/100000] reference-disagreement wide:interpolation:raw:reject:testRecovery29#1 len=21 artifacts=35 advent-overaccept=21 advent-underaccept=10 compiler-timeout=1 reference-disagreement=1290 same=18932 tree-difference=4
[20260/100000] reference-disagreement wide:closure:raw:real:SyntaxExpressibleByStringInterpolationConformances:208 len=171 artifacts=35 advent-overaccept=21 advent-underaccept=10 compiler-timeout=1 reference-disagreement=1291 same=18933 tree-difference=4
[20270/100000] reference-disagreement wide:struct-member:newline:real:LayoutNodes+Parsable:127 len=190 artifacts=35 advent-overaccept=21 advent-underaccept=10 compiler-timeout=1 reference-disagreement=1292 same=18942 tree-difference=4
[20274/100000] reference-disagreement grammarish-member-list len=313 artifacts=35 advent-overaccept=21 advent-underaccept=10 compiler-timeout=1 reference-disagreement=1293 same=18945 tree-difference=4
[20283/100000] reference-disagreement wide:struct-member:raw:translated:testDebugger2#1 len=57 artifacts=35 advent-overaccept=21 advent-underaccept=10 compiler-timeout=1 reference-disagreement=1294 same=18953 tree-difference=4
[20289/100000] reference-disagreement wide:extension-member:newline+glue+space:real:Convenience:19 len=464 artifacts=35 advent-overaccept=21 advent-underaccept=10 compiler-timeout=1 reference-disagreement=1295 same=18958 tree-difference=4
[20309/100000] reference-disagreement tspl-divergence-protocol-body len=197 artifacts=35 advent-overaccept=21 advent-underaccept=10 compiler-timeout=1 reference-disagreement=1296 same=18977 tree-difference=4
[20347/100000] reference-disagreement wide:closure:newline:translated:testAvailabilityQueryUnavailability18#1 len=79 artifacts=35 advent-overaccept=21 advent-underaccept=10 compiler-timeout=1 reference-disagreement=1297 same=19014 tree-difference=4
[20388/100000] reference-disagreement tspl-divergence-protocol-body len=98 artifacts=35 advent-overaccept=21 advent-underaccept=10 compiler-timeout=1 reference-disagreement=1298 same=19054 tree-difference=4
[20399/100000] reference-disagreement wide:closure:block-comment:real:ParserDiagnosticMessages:517+translated:testEnum60#1 len=401 artifacts=35 advent-overaccept=21 advent-underaccept=10 compiler-timeout=1 reference-disagreement=1299 same=19064 tree-difference=4
[20419/100000] reference-disagreement wide:extension-member:newline+splice:real:LayoutNodes+Parsable:239 len=844 artifacts=35 advent-overaccept=21 advent-underaccept=10 compiler-timeout=1 reference-disagreement=1300 same=19083 tree-difference=4
[20468/100000] reference-disagreement nested-ifconfig-boundary len=117 artifacts=35 advent-overaccept=21 advent-underaccept=10 compiler-timeout=1 reference-disagreement=1301 same=19131 tree-difference=4
[20497/100000] reference-disagreement tspl-divergence-accessor-commitment len=49 artifacts=35 advent-overaccept=21 advent-underaccept=10 compiler-timeout=1 reference-disagreement=1302 same=19159 tree-difference=4
[20500/100000] same tspl-divergence-specialized-attribute len=70 artifacts=35 advent-overaccept=21 advent-underaccept=10 compiler-timeout=1 reference-disagreement=1302 same=19162 tree-difference=4
[20525/100000] reference-disagreement nested-ifconfig-boundary len=117 artifacts=35 advent-overaccept=21 advent-underaccept=10 compiler-timeout=1 reference-disagreement=1303 same=19186 tree-difference=4
[20533/100000] reference-disagreement wide:after-statement:delete:translated:testEnum26#1+statement:testSwitch#3 len=202 artifacts=35 advent-overaccept=21 advent-underaccept=10 compiler-timeout=1 reference-disagreement=1304 same=19193 tree-difference=4
[20550/100000] reference-disagreement grammarish-member-list len=211 artifacts=35 advent-overaccept=21 advent-underaccept=10 compiler-timeout=1 reference-disagreement=1305 same=19209 tree-difference=4
[20592/100000] reference-disagreement wide:struct-member:block-comment:translated:testPatternWithoutVariables6#1 len=115 artifacts=35 advent-overaccept=21 advent-underaccept=10 compiler-timeout=1 reference-disagreement=1306 same=19250 tree-difference=4
[20608/100000] reference-disagreement wide:func-body:raw:real:Trivia:159 len=374 artifacts=35 advent-overaccept=21 advent-underaccept=10 compiler-timeout=1 reference-disagreement=1307 same=19265 tree-difference=4
[20624/100000] reference-disagreement wide:before-statement:newline+space+splice:translated:testSwitch77#1 len=78 artifacts=35 advent-overaccept=21 advent-underaccept=10 compiler-timeout=1 reference-disagreement=1308 same=19280 tree-difference=4
[20629/100000] reference-disagreement wide:func-body:raw:translated:testOperatorDeclDesignatedTypes8#1+translated:testOperators17#1 len=123 artifacts=35 advent-overaccept=21 advent-underaccept=10 compiler-timeout=1 reference-disagreement=1309 same=19284 tree-difference=4
[20634/100000] reference-disagreement ifconfig-member-context-boundary len=77 artifacts=35 advent-overaccept=21 advent-underaccept=10 compiler-timeout=1 reference-disagreement=1310 same=19288 tree-difference=4
[20642/100000] reference-disagreement member-list-wide-boundary len=157 artifacts=35 advent-overaccept=21 advent-underaccept=10 compiler-timeout=1 reference-disagreement=1311 same=19295 tree-difference=4
[20656/100000] reference-disagreement binding-pattern len=458 artifacts=35 advent-overaccept=21 advent-underaccept=10 compiler-timeout=1 reference-disagreement=1312 same=19308 tree-difference=4
[20662/100000] reference-disagreement wide:closure:splice:real:MacroReplacement:78 len=399 artifacts=35 advent-overaccept=21 advent-underaccept=10 compiler-timeout=1 reference-disagreement=1313 same=19313 tree-difference=4
[20681/100000] reference-disagreement keypath-boundary len=37 artifacts=35 advent-overaccept=21 advent-underaccept=10 compiler-timeout=1 reference-disagreement=1314 same=19331 tree-difference=4
[20683/100000] reference-disagreement wide:closure:raw:real:DeclSyntaxParseable:56 len=74 artifacts=35 advent-overaccept=21 advent-underaccept=10 compiler-timeout=1 reference-disagreement=1315 same=19332 tree-difference=4
[20694/100000] reference-disagreement binding-pattern len=458 artifacts=35 advent-overaccept=21 advent-underaccept=10 compiler-timeout=1 reference-disagreement=1316 same=19342 tree-difference=4
[20699/100000] reference-disagreement grammarish-member-list len=339 artifacts=35 advent-overaccept=21 advent-underaccept=10 compiler-timeout=1 reference-disagreement=1317 same=19346 tree-difference=4
[20706/100000] reference-disagreement attribute-ifconfig-elseif-list len=124 artifacts=35 advent-overaccept=21 advent-underaccept=10 compiler-timeout=1 reference-disagreement=1318 same=19352 tree-difference=4
[20717/100000] reference-disagreement member-list-wide-boundary len=211 artifacts=35 advent-overaccept=21 advent-underaccept=10 compiler-timeout=1 reference-disagreement=1319 same=19362 tree-difference=4
[20718/100000] reference-disagreement grammarish-member-list len=507 artifacts=35 advent-overaccept=21 advent-underaccept=10 compiler-timeout=1 reference-disagreement=1320 same=19362 tree-difference=4
[20736/100000] reference-disagreement wide:closure:newline:real:Statements:815 len=604 artifacts=35 advent-overaccept=21 advent-underaccept=10 compiler-timeout=1 reference-disagreement=1321 same=19379 tree-difference=4
[20750/100000] same wide:func-body:space+newline+space:reject:testABIAttribute#5+real:ConvenienceInitializers:302 len=404 artifacts=35 advent-overaccept=21 advent-underaccept=10 compiler-timeout=1 reference-disagreement=1321 same=19393 tree-difference=4
[20772/100000] reference-disagreement cast-try-operator-cluster len=24 artifacts=35 advent-overaccept=21 advent-underaccept=10 compiler-timeout=1 reference-disagreement=1322 same=19414 tree-difference=4
[20781/100000] reference-disagreement wide:func-body:block-comment+glue+glue:real:SyntaxCollections:705 len=503 artifacts=35 advent-overaccept=21 advent-underaccept=10 compiler-timeout=1 reference-disagreement=1323 same=19422 tree-difference=4
[20810/100000] reference-disagreement tspl-divergence-protocol-body len=156 artifacts=35 advent-overaccept=21 advent-underaccept=10 compiler-timeout=1 reference-disagreement=1324 same=19450 tree-difference=4
[20811/100000] reference-disagreement wide:top:raw:translated:testSwitch17#1 len=46 artifacts=35 advent-overaccept=21 advent-underaccept=10 compiler-timeout=1 reference-disagreement=1325 same=19450 tree-difference=4
[20826/100000] reference-disagreement wide:func-body:newline+line-comment:real:ResultBuilders:680 len=206 artifacts=35 advent-overaccept=21 advent-underaccept=10 compiler-timeout=1 reference-disagreement=1326 same=19464 tree-difference=4
[20838/100000] reference-disagreement member-list-wide-boundary len=213 artifacts=35 advent-overaccept=21 advent-underaccept=10 compiler-timeout=1 reference-disagreement=1327 same=19475 tree-difference=4
[20851/100000] reference-disagreement keypath-component-matrix len=41 artifacts=35 advent-overaccept=21 advent-underaccept=10 compiler-timeout=1 reference-disagreement=1328 same=19487 tree-difference=4
[20852/100000] reference-disagreement tspl-divergence-protocol-body len=152 artifacts=35 advent-overaccept=21 advent-underaccept=10 compiler-timeout=1 reference-disagreement=1329 same=19487 tree-difference=4
[20857/100000] reference-disagreement wide:func-body:glue:real:ResultBuilders:570 len=228 artifacts=35 advent-overaccept=21 advent-underaccept=10 compiler-timeout=1 reference-disagreement=1330 same=19491 tree-difference=4
[20863/100000] reference-disagreement statement-list len=567 artifacts=35 advent-overaccept=21 advent-underaccept=10 compiler-timeout=1 reference-disagreement=1331 same=19496 tree-difference=4
[20865/100000] reference-disagreement wide:trailing-closure:newline+newline:translated:testTry25#1+translated:testSwitch65#1 len=115 artifacts=35 advent-overaccept=21 advent-underaccept=10 compiler-timeout=1 reference-disagreement=1332 same=19497 tree-difference=4
[20897/100000] reference-disagreement wide:trailing-closure:glue:real:SyntaxCollections:224 len=510 artifacts=35 advent-overaccept=21 advent-underaccept=10 compiler-timeout=1 reference-disagreement=1333 same=19528 tree-difference=4
[20921/100000] reference-disagreement keypath-component-matrix len=57 artifacts=35 advent-overaccept=21 advent-underaccept=10 compiler-timeout=1 reference-disagreement=1334 same=19551 tree-difference=4
[20924/100000] reference-disagreement tspl-divergence-accessor-commitment len=49 artifacts=35 advent-overaccept=21 advent-underaccept=10 compiler-timeout=1 reference-disagreement=1335 same=19553 tree-difference=4
[20927/100000] reference-disagreement declaration-modifier-stack len=34 artifacts=35 advent-overaccept=21 advent-underaccept=10 compiler-timeout=1 reference-disagreement=1336 same=19555 tree-difference=4
[20977/100000] reference-disagreement statement-list len=567 artifacts=35 advent-overaccept=21 advent-underaccept=10 compiler-timeout=1 reference-disagreement=1337 same=19604 tree-difference=4
[20981/100000] reference-disagreement wide:closure:raw:real:SyntaxCollections:23+translated:testAvailabilityQueryUnavailability31#1 len=551 artifacts=35 advent-overaccept=21 advent-underaccept=10 compiler-timeout=1 reference-disagreement=1338 same=19607 tree-difference=4
[21000/100000] advent-overaccept wide:interpolation:duplicate+block-comment:translated:testForwardSlashRegex179#1 len=42 artifacts=36 advent-overaccept=22 advent-underaccept=10 compiler-timeout=1 reference-disagreement=1338 same=19625 tree-difference=4
[21027/100000] reference-disagreement seed-corpus-wrapped:operator-question-assignment len=118 artifacts=36 advent-overaccept=22 advent-underaccept=10 compiler-timeout=1 reference-disagreement=1339 same=19651 tree-difference=4
[21033/100000] reference-disagreement tspl-divergence-accessor-commitment len=49 artifacts=36 advent-overaccept=22 advent-underaccept=10 compiler-timeout=1 reference-disagreement=1340 same=19656 tree-difference=4
[21084/100000] reference-disagreement wide:closure:line-comment:real:ParserDiagnosticMessages:488 len=297 artifacts=36 advent-overaccept=22 advent-underaccept=10 compiler-timeout=1 reference-disagreement=1341 same=19706 tree-difference=4
[21109/100000] reference-disagreement wide:struct-member:space:declaration:testModifiedParameter#3 len=69 artifacts=36 advent-overaccept=22 advent-underaccept=10 compiler-timeout=1 reference-disagreement=1342 same=19730 tree-difference=4
[21117/100000] reference-disagreement wide:extension-member:space:real:StringLiterals:745 len=317 artifacts=36 advent-overaccept=22 advent-underaccept=10 compiler-timeout=1 reference-disagreement=1343 same=19737 tree-difference=4
[21136/100000] reference-disagreement wide:closure:raw:real:FixItApplier:139 len=171 artifacts=36 advent-overaccept=22 advent-underaccept=10 compiler-timeout=1 reference-disagreement=1344 same=19755 tree-difference=4
[21147/100000] reference-disagreement wide:trailing-closure:space:real:BuildableNodes:319 len=856 artifacts=36 advent-overaccept=22 advent-underaccept=10 compiler-timeout=1 reference-disagreement=1345 same=19765 tree-difference=4
[21155/100000] reference-disagreement wide:closure:raw:real:SwiftSyntaxCompatibility:460 len=69 artifacts=36 advent-overaccept=22 advent-underaccept=10 compiler-timeout=1 reference-disagreement=1346 same=19772 tree-difference=4
[21158/100000] reference-disagreement attribute-ifconfig-elseif-list len=130 artifacts=36 advent-overaccept=22 advent-underaccept=10 compiler-timeout=1 reference-disagreement=1347 same=19774 tree-difference=4
[21159/100000] reference-disagreement wide:before-statement:duplicate:translated:testModuleSelectorIncorrectAttrNames#1+real:ParserDiagnosticMessages:581 len=228 artifacts=36 advent-overaccept=22 advent-underaccept=10 compiler-timeout=1 reference-disagreement=1348 same=19774 tree-difference=4
[21188/100000] advent-underaccept wide:after-statement:newline+glue+block-comment:translated:testOptionalLvalues11#1 len=84 artifacts=37 advent-overaccept=22 advent-underaccept=11 compiler-timeout=1 reference-disagreement=1348 same=19802 tree-difference=4
[21201/100000] reference-disagreement wide:struct-member:splice+newline:real:SyntaxEditUtils:166 len=291 artifacts=37 advent-overaccept=22 advent-underaccept=11 compiler-timeout=1 reference-disagreement=1349 same=19814 tree-difference=4
[21237/100000] reference-disagreement wide:trailing-closure:glue+space+glue:real:LexerDiagnosticMessages:128 len=216 artifacts=37 advent-overaccept=22 advent-underaccept=11 compiler-timeout=1 reference-disagreement=1350 same=19849 tree-difference=4
[21250/100000] same frontier:statement-member-context len=66 artifacts=37 advent-overaccept=22 advent-underaccept=11 compiler-timeout=1 reference-disagreement=1350 same=19862 tree-difference=4
[21265/100000] reference-disagreement wide:extension-member:raw:real:SyntaxTraits:816 len=82 artifacts=37 advent-overaccept=22 advent-underaccept=11 compiler-timeout=1 reference-disagreement=1351 same=19876 tree-difference=4
[21280/100000] reference-disagreement tspl-divergence-protocol-body len=212 artifacts=37 advent-overaccept=22 advent-underaccept=11 compiler-timeout=1 reference-disagreement=1352 same=19890 tree-difference=4
[21317/100000] reference-disagreement wide:trailing-closure:glue+newline+block-comment:real:Parameters:35 len=80 artifacts=37 advent-overaccept=22 advent-underaccept=11 compiler-timeout=1 reference-disagreement=1353 same=19926 tree-difference=4
[21318/100000] reference-disagreement wide:closure:raw:real:SyntaxTraits:181+expression:testIfExprInReturn#1 len=785 artifacts=37 advent-overaccept=22 advent-underaccept=11 compiler-timeout=1 reference-disagreement=1354 same=19926 tree-difference=4
[21326/100000] reference-disagreement member-list-wide-boundary len=394 artifacts=37 advent-overaccept=22 advent-underaccept=11 compiler-timeout=1 reference-disagreement=1355 same=19933 tree-difference=4
[21352/100000] reference-disagreement attribute-ifconfig-elseif-list len=125 artifacts=37 advent-overaccept=22 advent-underaccept=11 compiler-timeout=1 reference-disagreement=1356 same=19958 tree-difference=4
[21359/100000] reference-disagreement tspl-divergence-protocol-body len=89 artifacts=37 advent-overaccept=22 advent-underaccept=11 compiler-timeout=1 reference-disagreement=1357 same=19964 tree-difference=4
[21364/100000] reference-disagreement wide:top:raw:real:WarningControlDeclSyntax:65+translated:testOperatorDecl11d#1 len=720 artifacts=37 advent-overaccept=22 advent-underaccept=11 compiler-timeout=1 reference-disagreement=1358 same=19968 tree-difference=4
[21378/100000] reference-disagreement keypath-boundary len=38 artifacts=37 advent-overaccept=22 advent-underaccept=11 compiler-timeout=1 reference-disagreement=1359 same=19981 tree-difference=4
[21417/100000] reference-disagreement wide:extension-member:raw:real:CollectionNodes+Parsable:102 len=537 artifacts=37 advent-overaccept=22 advent-underaccept=11 compiler-timeout=1 reference-disagreement=1360 same=20019 tree-difference=4
[21420/100000] reference-disagreement wide:extension-member:block-comment:real:CompilerPluginMessageHandler:287 len=392 artifacts=37 advent-overaccept=22 advent-underaccept=11 compiler-timeout=1 reference-disagreement=1361 same=20021 tree-difference=4
[21430/100000] advent-underaccept wide:ifconfig:splice+splice+splice:translated:testForwardSlashRegex172#1 len=22 artifacts=38 advent-overaccept=22 advent-underaccept=12 compiler-timeout=1 reference-disagreement=1361 same=20030 tree-difference=4
[21485/100000] reference-disagreement attribute-ifconfig-elseif-list len=125 artifacts=38 advent-overaccept=22 advent-underaccept=12 compiler-timeout=1 reference-disagreement=1362 same=20084 tree-difference=4
[21500/100000] same tspl-divergence-type-shape len=95 artifacts=38 advent-overaccept=22 advent-underaccept=12 compiler-timeout=1 reference-disagreement=1362 same=20099 tree-difference=4
[21504/100000] reference-disagreement wide:closure:raw:translated:testConflictMarkers9#1+real:ResultBuilders:667 len=358 artifacts=38 advent-overaccept=22 advent-underaccept=12 compiler-timeout=1 reference-disagreement=1363 same=20102 tree-difference=4
[21515/100000] reference-disagreement tspl-divergence-protocol-body len=98 artifacts=38 advent-overaccept=22 advent-underaccept=12 compiler-timeout=1 reference-disagreement=1364 same=20112 tree-difference=4
[21516/100000] reference-disagreement wide:trailing-closure:line-comment:real:SyntaxCollections:2140 len=505 artifacts=38 advent-overaccept=22 advent-underaccept=12 compiler-timeout=1 reference-disagreement=1365 same=20112 tree-difference=4
[21525/100000] reference-disagreement attribute-ifconfig-elseif-list len=130 artifacts=38 advent-overaccept=22 advent-underaccept=12 compiler-timeout=1 reference-disagreement=1366 same=20120 tree-difference=4
[21540/100000] reference-disagreement tspl-divergence-protocol-body len=154 artifacts=38 advent-overaccept=22 advent-underaccept=12 compiler-timeout=1 reference-disagreement=1367 same=20134 tree-difference=4
[21571/100000] reference-disagreement wide:ifconfig:space:declaration:testAccessorBlockDisambiguationMarker#1+expression:testStringLiterals#9 len=72 artifacts=38 advent-overaccept=22 advent-underaccept=12 compiler-timeout=1 reference-disagreement=1368 same=20164 tree-difference=4
[21616/100000] reference-disagreement wide:struct-member:raw:real:Attributes:839 len=526 artifacts=38 advent-overaccept=22 advent-underaccept=12 compiler-timeout=1 reference-disagreement=1369 same=20208 tree-difference=4
[21624/100000] reference-disagreement tspl-divergence-protocol-body len=216 artifacts=38 advent-overaccept=22 advent-underaccept=12 compiler-timeout=1 reference-disagreement=1370 same=20215 tree-difference=4
[21643/100000] reference-disagreement attribute-ifconfig-elseif-list len=129 artifacts=38 advent-overaccept=22 advent-underaccept=12 compiler-timeout=1 reference-disagreement=1371 same=20233 tree-difference=4
[21647/100000] reference-disagreement func-body len=467 artifacts=38 advent-overaccept=22 advent-underaccept=12 compiler-timeout=1 reference-disagreement=1372 same=20236 tree-difference=4
[21648/100000] reference-disagreement wide:trailing-closure:raw:real:ScopeImplementations:91 len=916 artifacts=38 advent-overaccept=22 advent-underaccept=12 compiler-timeout=1 reference-disagreement=1373 same=20236 tree-difference=4
[21649/100000] reference-disagreement keypath-boundary len=38 artifacts=38 advent-overaccept=22 advent-underaccept=12 compiler-timeout=1 reference-disagreement=1374 same=20236 tree-difference=4
[21679/100000] reference-disagreement wide:trailing-closure:raw:translated:testOperatorDeclDesignatedTypes18#1+real:ConvenienceInitializers:232 len=338 artifacts=38 advent-overaccept=22 advent-underaccept=12 compiler-timeout=1 reference-disagreement=1375 same=20265 tree-difference=4
[21681/100000] reference-disagreement wide:struct-member:raw:translated:testOperatorDeclDesignatedTypes9#1+real:ResultBuilders:310 len=222 artifacts=38 advent-overaccept=22 advent-underaccept=12 compiler-timeout=1 reference-disagreement=1376 same=20266 tree-difference=4
[21686/100000] reference-disagreement tspl-divergence-protocol-body len=164 artifacts=38 advent-overaccept=22 advent-underaccept=12 compiler-timeout=1 reference-disagreement=1377 same=20270 tree-difference=4
[21687/100000] reference-disagreement wide:trailing-closure:line-comment:real:LibraryPluginProvider:148 len=660 artifacts=38 advent-overaccept=22 advent-underaccept=12 compiler-timeout=1 reference-disagreement=1378 same=20270 tree-difference=4
[21694/100000] reference-disagreement tspl-divergence-protocol-body len=179 artifacts=38 advent-overaccept=22 advent-underaccept=12 compiler-timeout=1 reference-disagreement=1379 same=20276 tree-difference=4
[21704/100000] reference-disagreement wide:trailing-closure:line-comment:declaration:testSuppressedImplicitConformance#1+real:SyntaxHashable:18 len=282 artifacts=38 advent-overaccept=22 advent-underaccept=12 compiler-timeout=1 reference-disagreement=1380 same=20285 tree-difference=4
[21719/100000] reference-disagreement wide:closure:newline+glue:real:SyntaxBaseNodes:1062 len=693 artifacts=38 advent-overaccept=22 advent-underaccept=12 compiler-timeout=1 reference-disagreement=1381 same=20299 tree-difference=4
[21722/100000] reference-disagreement wide:extension-member:newline+glue:real:SyntaxExpressibleByStringInterpolationConformances:175 len=90 artifacts=38 advent-overaccept=22 advent-underaccept=12 compiler-timeout=1 reference-disagreement=1382 same=20301 tree-difference=4
[21733/100000] reference-disagreement wide:trailing-closure:keyword:real:SyntaxTraits:341 len=394 artifacts=38 advent-overaccept=22 advent-underaccept=12 compiler-timeout=1 reference-disagreement=1383 same=20311 tree-difference=4
[21736/100000] reference-disagreement wide:closure:line-comment:real:RawSyntax:947 len=241 artifacts=38 advent-overaccept=22 advent-underaccept=12 compiler-timeout=1 reference-disagreement=1384 same=20313 tree-difference=4
[21740/100000] reference-disagreement attribute-ifconfig-elseif-list len=112 artifacts=38 advent-overaccept=22 advent-underaccept=12 compiler-timeout=1 reference-disagreement=1385 same=20316 tree-difference=4
[21743/100000] reference-disagreement wide:func-body:space:real:Oracle:168 len=101 artifacts=38 advent-overaccept=22 advent-underaccept=12 compiler-timeout=1 reference-disagreement=1386 same=20318 tree-difference=4
[21745/100000] reference-disagreement wide:extension-member:raw:real:Syntax+StringInterpolation:321 len=66 artifacts=38 advent-overaccept=22 advent-underaccept=12 compiler-timeout=1 reference-disagreement=1387 same=20319 tree-difference=4
[21750/100000] same tspl-divergence-type-shape len=97 artifacts=38 advent-overaccept=22 advent-underaccept=12 compiler-timeout=1 reference-disagreement=1387 same=20324 tree-difference=4
[21754/100000] reference-disagreement wide:func-body:raw:real:SyntaxExpressibleByStringInterpolationConformances:172 len=184 artifacts=38 advent-overaccept=22 advent-underaccept=12 compiler-timeout=1 reference-disagreement=1388 same=20327 tree-difference=4
[21785/100000] reference-disagreement wide:func-body:block-comment:translated:testOperators4#1 len=200 artifacts=38 advent-overaccept=22 advent-underaccept=12 compiler-timeout=1 reference-disagreement=1389 same=20357 tree-difference=4
[21799/100000] reference-disagreement wide:func-body:newline:real:SyntaxExpressibleByStringInterpolationConformances:145 len=166 artifacts=38 advent-overaccept=22 advent-underaccept=12 compiler-timeout=1 reference-disagreement=1390 same=20370 tree-difference=4
[21800/100000] reference-disagreement wide:func-body:newline:real:ResultBuilderExtensions:107 len=374 artifacts=38 advent-overaccept=22 advent-underaccept=12 compiler-timeout=1 reference-disagreement=1391 same=20370 tree-difference=4
[21803/100000] reference-disagreement wide:func-body:raw:real:MacroSystem:1555 len=445 artifacts=38 advent-overaccept=22 advent-underaccept=12 compiler-timeout=1 reference-disagreement=1392 same=20372 tree-difference=4
[21823/100000] reference-disagreement tspl-divergence-protocol-body len=141 artifacts=38 advent-overaccept=22 advent-underaccept=12 compiler-timeout=1 reference-disagreement=1393 same=20391 tree-difference=4
[21832/100000] reference-disagreement tspl-divergence-protocol-body len=183 artifacts=38 advent-overaccept=22 advent-underaccept=12 compiler-timeout=1 reference-disagreement=1394 same=20399 tree-difference=4
[21862/100000] reference-disagreement wide:struct-member:glue+block-comment:real:ResultBuilders:745 len=207 artifacts=38 advent-overaccept=22 advent-underaccept=12 compiler-timeout=1 reference-disagreement=1395 same=20428 tree-difference=4
[21879/100000] reference-disagreement wide:func-body:raw:translated:testInitDeinit20#1+translated:testRecovery9#1 len=141 artifacts=38 advent-overaccept=22 advent-underaccept=12 compiler-timeout=1 reference-disagreement=1396 same=20444 tree-difference=4
[21882/100000] reference-disagreement nested-ifconfig-boundary len=113 artifacts=38 advent-overaccept=22 advent-underaccept=12 compiler-timeout=1 reference-disagreement=1397 same=20446 tree-difference=4
[21902/100000] reference-disagreement wide:func-body:raw:real:WarningControlRegions:18 len=465 artifacts=38 advent-overaccept=22 advent-underaccept=12 compiler-timeout=1 reference-disagreement=1398 same=20465 tree-difference=4
[21913/100000] reference-disagreement attribute-ifconfig-elseif-list len=144 artifacts=38 advent-overaccept=22 advent-underaccept=12 compiler-timeout=1 reference-disagreement=1399 same=20475 tree-difference=4
[21929/100000] reference-disagreement cast-try-operator-cluster len=24 artifacts=38 advent-overaccept=22 advent-underaccept=12 compiler-timeout=1 reference-disagreement=1400 same=20490 tree-difference=4
[21944/100000] reference-disagreement wide:trailing-closure:delete+glue:reject:testMultipleFixity#1 len=28 artifacts=38 advent-overaccept=22 advent-underaccept=12 compiler-timeout=1 reference-disagreement=1401 same=20504 tree-difference=4
[21958/100000] reference-disagreement wide:func-body:raw:translated:testInitDeinit28#1 len=60 artifacts=38 advent-overaccept=22 advent-underaccept=12 compiler-timeout=1 reference-disagreement=1402 same=20517 tree-difference=4
[21979/100000] reference-disagreement binding-pattern len=458 artifacts=38 advent-overaccept=22 advent-underaccept=12 compiler-timeout=1 reference-disagreement=1403 same=20537 tree-difference=4
[22000/100000] same frontier:condition-trailing-closure-scope len=467 artifacts=38 advent-overaccept=22 advent-underaccept=12 compiler-timeout=1 reference-disagreement=1403 same=20558 tree-difference=4
[22004/100000] reference-disagreement tspl-divergence-protocol-body len=168 artifacts=38 advent-overaccept=22 advent-underaccept=12 compiler-timeout=1 reference-disagreement=1404 same=20561 tree-difference=4
[22009/100000] reference-disagreement wide:struct-member:line-comment+space:real:ConfiguredRegions:112+translated:testModuleSelectorType#7 len=791 artifacts=38 advent-overaccept=22 advent-underaccept=12 compiler-timeout=1 reference-disagreement=1405 same=20565 tree-difference=4
[22021/100000] reference-disagreement wide:closure:newline:expression:testKeypathExpression#9+real:DeclSyntaxParseable:25 len=737 artifacts=38 advent-overaccept=22 advent-underaccept=12 compiler-timeout=1 reference-disagreement=1406 same=20576 tree-difference=4
[22047/100000] reference-disagreement tspl-divergence-protocol-body len=200 artifacts=38 advent-overaccept=22 advent-underaccept=12 compiler-timeout=1 reference-disagreement=1407 same=20601 tree-difference=4
[22056/100000] reference-disagreement member-list-wide-boundary len=109 artifacts=38 advent-overaccept=22 advent-underaccept=12 compiler-timeout=1 reference-disagreement=1408 same=20609 tree-difference=4
[22058/100000] reference-disagreement wide:trailing-closure:raw:real:Cursor:524+real:SyntaxTraits:758 len=427 artifacts=38 advent-overaccept=22 advent-underaccept=12 compiler-timeout=1 reference-disagreement=1409 same=20610 tree-difference=4
[22062/100000] reference-disagreement wide:trailing-closure:raw:real:Types:1605 len=637 artifacts=38 advent-overaccept=22 advent-underaccept=12 compiler-timeout=1 reference-disagreement=1410 same=20613 tree-difference=4
[22082/100000] reference-disagreement wide:struct-member:line-comment+space:real:ResultBuilders:167 len=224 artifacts=38 advent-overaccept=22 advent-underaccept=12 compiler-timeout=1 reference-disagreement=1411 same=20632 tree-difference=4
[22086/100000] reference-disagreement statement-list len=618 artifacts=38 advent-overaccept=22 advent-underaccept=12 compiler-timeout=1 reference-disagreement=1412 same=20635 tree-difference=4
[22090/100000] reference-disagreement wide:struct-member:glue:real:SyntaxEditUtils:270 len=451 artifacts=38 advent-overaccept=22 advent-underaccept=12 compiler-timeout=1 reference-disagreement=1413 same=20638 tree-difference=4
[22100/100000] reference-disagreement wide:func-body:splice:real:IndentationUtils:101 len=201 artifacts=38 advent-overaccept=22 advent-underaccept=12 compiler-timeout=1 reference-disagreement=1414 same=20647 tree-difference=4
[22107/100000] reference-disagreement wide:func-body:line-comment:real:SyntaxTraits:553 len=710 artifacts=38 advent-overaccept=22 advent-underaccept=12 compiler-timeout=1 reference-disagreement=1415 same=20653 tree-difference=4
[22121/100000] reference-disagreement grammarish-member-list len=110 artifacts=38 advent-overaccept=22 advent-underaccept=12 compiler-timeout=1 reference-disagreement=1416 same=20666 tree-difference=4
[22132/100000] reference-disagreement wide:func-body:raw:translated:testSuper2g#1+real:Expressions:1853 len=730 artifacts=38 advent-overaccept=22 advent-underaccept=12 compiler-timeout=1 reference-disagreement=1417 same=20676 tree-difference=4
[22147/100000] reference-disagreement tspl-divergence-protocol-body len=226 artifacts=38 advent-overaccept=22 advent-underaccept=12 compiler-timeout=1 reference-disagreement=1418 same=20690 tree-difference=4
[22151/100000] reference-disagreement tspl-divergence-protocol-body len=230 artifacts=38 advent-overaccept=22 advent-underaccept=12 compiler-timeout=1 reference-disagreement=1419 same=20693 tree-difference=4
[22157/100000] reference-disagreement tspl-divergence-protocol-body len=128 artifacts=38 advent-overaccept=22 advent-underaccept=12 compiler-timeout=1 reference-disagreement=1420 same=20698 tree-difference=4
[22168/100000] reference-disagreement wide:struct-member:raw:real:PluginMessageCompatibility:14 len=645 artifacts=38 advent-overaccept=22 advent-underaccept=12 compiler-timeout=1 reference-disagreement=1421 same=20708 tree-difference=4
[22177/100000] reference-disagreement keypath-component-matrix len=33 artifacts=38 advent-overaccept=22 advent-underaccept=12 compiler-timeout=1 reference-disagreement=1422 same=20716 tree-difference=4
[22179/100000] reference-disagreement wide:trailing-closure:keyword:real:Statements:123 len=768 artifacts=38 advent-overaccept=22 advent-underaccept=12 compiler-timeout=1 reference-disagreement=1423 same=20717 tree-difference=4
[22194/100000] reference-disagreement tspl-divergence-protocol-body len=297 artifacts=38 advent-overaccept=22 advent-underaccept=12 compiler-timeout=1 reference-disagreement=1424 same=20731 tree-difference=4
[22205/100000] reference-disagreement wide:trailing-closure:block-comment+newline:real:IndentationUtils:101 len=204 artifacts=38 advent-overaccept=22 advent-underaccept=12 compiler-timeout=1 reference-disagreement=1425 same=20741 tree-difference=4
[22210/100000] reference-disagreement keypath-boundary len=37 artifacts=38 advent-overaccept=22 advent-underaccept=12 compiler-timeout=1 reference-disagreement=1426 same=20745 tree-difference=4
[22223/100000] reference-disagreement tspl-divergence-protocol-body len=141 artifacts=38 advent-overaccept=22 advent-underaccept=12 compiler-timeout=1 reference-disagreement=1427 same=20757 tree-difference=4
[22226/100000] reference-disagreement keypath-boundary len=44 artifacts=38 advent-overaccept=22 advent-underaccept=12 compiler-timeout=1 reference-disagreement=1428 same=20759 tree-difference=4
[22247/100000] reference-disagreement wide:struct-member:splice+block-comment:real:Syntax+StringInterpolation:472 len=94 artifacts=38 advent-overaccept=22 advent-underaccept=12 compiler-timeout=1 reference-disagreement=1429 same=20779 tree-difference=4
[22250/100000] same tspl-divergence-type-shape len=85 artifacts=38 advent-overaccept=22 advent-underaccept=12 compiler-timeout=1 reference-disagreement=1429 same=20782 tree-difference=4
[22258/100000] reference-disagreement wide:closure:raw:real:SyntaxCollections:591 len=512 artifacts=38 advent-overaccept=22 advent-underaccept=12 compiler-timeout=1 reference-disagreement=1430 same=20789 tree-difference=4
[22269/100000] reference-disagreement wide:trailing-closure:newline:translated:testObjcEnum3#1+real:ResultBuilders:608 len=477 artifacts=38 advent-overaccept=22 advent-underaccept=12 compiler-timeout=1 reference-disagreement=1431 same=20799 tree-difference=4
[22272/100000] reference-disagreement wide:func-body:block-comment+space:real:SyntaxNodeWithBody:101 len=76 artifacts=38 advent-overaccept=22 advent-underaccept=12 compiler-timeout=1 reference-disagreement=1432 same=20801 tree-difference=4
[22273/100000] reference-disagreement wide:struct-member:raw:real:IdentifiableSyntax:52+real:SyntaxTraits:424 len=527 artifacts=38 advent-overaccept=22 advent-underaccept=12 compiler-timeout=1 reference-disagreement=1433 same=20801 tree-difference=4
[22286/100000] reference-disagreement member-list-wide-boundary len=495 artifacts=38 advent-overaccept=22 advent-underaccept=12 compiler-timeout=1 reference-disagreement=1434 same=20813 tree-difference=4
[22290/100000] reference-disagreement wide:trailing-closure:keyword+glue:real:ResultBuilders:98+fuzz-harvest:suppressed-composition len=139 artifacts=38 advent-overaccept=22 advent-underaccept=12 compiler-timeout=1 reference-disagreement=1435 same=20816 tree-difference=4
[22301/100000] reference-disagreement statement-list len=626 artifacts=38 advent-overaccept=22 advent-underaccept=12 compiler-timeout=1 reference-disagreement=1436 same=20826 tree-difference=4
[22316/100000] reference-disagreement grammarish-member-list len=126 artifacts=38 advent-overaccept=22 advent-underaccept=12 compiler-timeout=1 reference-disagreement=1437 same=20840 tree-difference=4
[22342/100000] reference-disagreement wide:extension-member:block-comment+space+space:real:DeclSyntaxParseable:47+real:PluginMessages:56 len=835 artifacts=38 advent-overaccept=22 advent-underaccept=12 compiler-timeout=1 reference-disagreement=1438 same=20865 tree-difference=4
[22344/100000] reference-disagreement wide:func-body:swap:real:ParserDiagnosticMessages:782 len=264 artifacts=38 advent-overaccept=22 advent-underaccept=12 compiler-timeout=1 reference-disagreement=1439 same=20866 tree-difference=4
[22350/100000] reference-disagreement tspl-divergence-protocol-body len=131 artifacts=38 advent-overaccept=22 advent-underaccept=12 compiler-timeout=1 reference-disagreement=1440 same=20871 tree-difference=4
[22358/100000] reference-disagreement member-list-wide-boundary len=143 artifacts=38 advent-overaccept=22 advent-underaccept=12 compiler-timeout=1 reference-disagreement=1441 same=20878 tree-difference=4
[22371/100000] reference-disagreement keypath-boundary len=40 artifacts=38 advent-overaccept=22 advent-underaccept=12 compiler-timeout=1 reference-disagreement=1442 same=20890 tree-difference=4
[22411/100000] reference-disagreement wide:struct-member:newline:real:Parameters:35 len=82 artifacts=38 advent-overaccept=22 advent-underaccept=12 compiler-timeout=1 reference-disagreement=1443 same=20929 tree-difference=4
[22431/100000] reference-disagreement keypath-boundary len=40 artifacts=38 advent-overaccept=22 advent-underaccept=12 compiler-timeout=1 reference-disagreement=1444 same=20948 tree-difference=4
[22445/100000] reference-disagreement wide:before-statement:duplicate:fuzz-harvest:ifconfig-empty-first len=55 artifacts=38 advent-overaccept=22 advent-underaccept=12 compiler-timeout=1 reference-disagreement=1445 same=20961 tree-difference=4
[22447/100000] reference-disagreement wide:ifconfig:line-comment+newline:translated:testEffectfulProperties7#1 len=116 artifacts=38 advent-overaccept=22 advent-underaccept=12 compiler-timeout=1 reference-disagreement=1446 same=20962 tree-difference=4
[22455/100000] reference-disagreement wide:closure:raw:real:DeclSyntaxParseable:44 len=71 artifacts=38 advent-overaccept=22 advent-underaccept=12 compiler-timeout=1 reference-disagreement=1447 same=20969 tree-difference=4
[22500/100000] same wide:closure:splice:translated:testTypeExpr5#1 len=50 artifacts=38 advent-overaccept=22 advent-underaccept=12 compiler-timeout=1 reference-disagreement=1447 same=21014 tree-difference=4
[22504/100000] reference-disagreement wide:closure:raw:translated:testOperatorDeclDesignatedTypes7#1+translated:testTypeExpr25e#1 len=105 artifacts=38 advent-overaccept=22 advent-underaccept=12 compiler-timeout=1 reference-disagreement=1448 same=21017 tree-difference=4
[22514/100000] reference-disagreement wide:trailing-closure:raw:translated:testOperatorDeclDesignatedTypes12#1 len=93 artifacts=38 advent-overaccept=22 advent-underaccept=12 compiler-timeout=1 reference-disagreement=1449 same=21026 tree-difference=4
[22527/100000] reference-disagreement wide:extension-member:newline+line-comment+keyword:real:SyntaxExpressibleByStringInterpolationConformances:82 len=143 artifacts=38 advent-overaccept=22 advent-underaccept=12 compiler-timeout=1 reference-disagreement=1450 same=21038 tree-difference=4
[22551/100000] reference-disagreement keypath-boundary len=38 artifacts=38 advent-overaccept=22 advent-underaccept=12 compiler-timeout=1 reference-disagreement=1451 same=21061 tree-difference=4
[22559/100000] reference-disagreement tspl-divergence-protocol-body len=160 artifacts=38 advent-overaccept=22 advent-underaccept=12 compiler-timeout=1 reference-disagreement=1452 same=21068 tree-difference=4
[22561/100000] reference-disagreement wide:trailing-closure:duplicate+space+splice:real:BuildableNodes:379 len=1041 artifacts=38 advent-overaccept=22 advent-underaccept=12 compiler-timeout=1 reference-disagreement=1453 same=21069 tree-difference=4
[22566/100000] reference-disagreement nested-ifconfig-boundary len=117 artifacts=38 advent-overaccept=22 advent-underaccept=12 compiler-timeout=1 reference-disagreement=1454 same=21073 tree-difference=4
[22588/100000] reference-disagreement wide:closure:block-comment:phase3-enum-case:case-ifconfig+translated:testAvailabilityQueryUnavailability18#1 len=164 artifacts=38 advent-overaccept=22 advent-underaccept=12 compiler-timeout=1 reference-disagreement=1455 same=21094 tree-difference=4
[22610/100000] reference-disagreement wide:closure:newline+newline:real:LayoutNodes+Parsable:239 len=844 artifacts=38 advent-overaccept=22 advent-underaccept=12 compiler-timeout=1 reference-disagreement=1456 same=21115 tree-difference=4
[22616/100000] reference-disagreement wide:trailing-closure:splice+line-comment+space:real:ResultBuilders:215 len=107 artifacts=38 advent-overaccept=22 advent-underaccept=12 compiler-timeout=1 reference-disagreement=1457 same=21120 tree-difference=4
[22620/100000] reference-disagreement grammarish-member-list len=138 artifacts=38 advent-overaccept=22 advent-underaccept=12 compiler-timeout=1 reference-disagreement=1458 same=21123 tree-difference=4
[22640/100000] reference-disagreement wide:trailing-closure:line-comment:translated:testAvailabilityQueryUnavailability33#1+declaration:testImports#1 len=245 artifacts=38 advent-overaccept=22 advent-underaccept=12 compiler-timeout=1 reference-disagreement=1459 same=21142 tree-difference=4
[22668/100000] reference-disagreement wide:closure:splice:translated:testEnum70#1 len=125 artifacts=38 advent-overaccept=22 advent-underaccept=12 compiler-timeout=1 reference-disagreement=1460 same=21169 tree-difference=4
[22698/100000] reference-disagreement wide:struct-member:newline:real:CompilerPluginMessageHandler:287 len=382 artifacts=38 advent-overaccept=22 advent-underaccept=12 compiler-timeout=1 reference-disagreement=1461 same=21198 tree-difference=4
[22706/100000] reference-disagreement wide:closure:line-comment:translated:testTrailingClosures12#1+real:ConvenienceInitializers:86 len=164 artifacts=38 advent-overaccept=22 advent-underaccept=12 compiler-timeout=1 reference-disagreement=1462 same=21205 tree-difference=4
[22714/100000] compiler-timeout wide:interpolation:duplicate+duplicate+keyword:reject:testForwardSlashRegex150a#1 len=28 artifacts=38 advent-overaccept=22 advent-underaccept=12 compiler-timeout=2 reference-disagreement=1462 same=21212 tree-difference=4
[22745/100000] reference-disagreement wide:closure:space:real:DeclarationMacro:36 len=196 artifacts=38 advent-overaccept=22 advent-underaccept=12 compiler-timeout=2 reference-disagreement=1463 same=21242 tree-difference=4
[22750/100000] same frontier:generic-member-type-shape len=274 artifacts=38 advent-overaccept=22 advent-underaccept=12 compiler-timeout=2 reference-disagreement=1463 same=21247 tree-difference=4
[22760/100000] reference-disagreement wide:trailing-closure:raw:declaration:testProtocolParsing#3 len=134 artifacts=38 advent-overaccept=22 advent-underaccept=12 compiler-timeout=2 reference-disagreement=1464 same=21256 tree-difference=4
[22774/100000] reference-disagreement tspl-divergence-protocol-body len=202 artifacts=38 advent-overaccept=22 advent-underaccept=12 compiler-timeout=2 reference-disagreement=1465 same=21269 tree-difference=4
[22820/100000] reference-disagreement wide:extension-member:raw:real:ConvenienceInitializers:187+real:SyntaxTraits:828 len=138 artifacts=38 advent-overaccept=22 advent-underaccept=12 compiler-timeout=2 reference-disagreement=1466 same=21314 tree-difference=4
[22831/100000] reference-disagreement wide:after-statement:raw:translated:testDeprecatedWhere10#1 len=122 artifacts=38 advent-overaccept=22 advent-underaccept=12 compiler-timeout=2 reference-disagreement=1467 same=21324 tree-difference=4
[22853/100000] reference-disagreement wide:closure:raw:real:SyntaxTraits:329+real:ParserDiagnosticMessages:23 len=418 artifacts=38 advent-overaccept=22 advent-underaccept=12 compiler-timeout=2 reference-disagreement=1468 same=21345 tree-difference=4
[22856/100000] reference-disagreement wide:trailing-closure:raw:real:SyntaxNodeWithBody:213 len=68 artifacts=38 advent-overaccept=22 advent-underaccept=12 compiler-timeout=2 reference-disagreement=1469 same=21347 tree-difference=4
[22859/100000] reference-disagreement wide:after-statement:keyword+block-comment+keyword:translated:testDeprecatedWhere1#1 len=64 artifacts=38 advent-overaccept=22 advent-underaccept=12 compiler-timeout=2 reference-disagreement=1470 same=21349 tree-difference=4
[22867/100000] reference-disagreement keypath-boundary len=40 artifacts=38 advent-overaccept=22 advent-underaccept=12 compiler-timeout=2 reference-disagreement=1471 same=21356 tree-difference=4
[22869/100000] reference-disagreement wide:after-statement:line-comment:translated:testOriginalDefinedInAttr7#1 len=125 artifacts=38 advent-overaccept=22 advent-underaccept=12 compiler-timeout=2 reference-disagreement=1472 same=21357 tree-difference=4
[22894/100000] reference-disagreement attribute-ifconfig-elseif-list len=121 artifacts=38 advent-overaccept=22 advent-underaccept=12 compiler-timeout=2 reference-disagreement=1473 same=21381 tree-difference=4
[22912/100000] reference-disagreement wide:extension-member:newline+line-comment:real:Diagnostics:29 len=758 artifacts=38 advent-overaccept=22 advent-underaccept=12 compiler-timeout=2 reference-disagreement=1474 same=21398 tree-difference=4
[22919/100000] tree-difference wide:top:newline:statement:testMissingIfClauseIntroducer#1 len=13 artifacts=39 advent-overaccept=22 advent-underaccept=12 compiler-timeout=2 reference-disagreement=1474 same=21404 tree-difference=5
[22945/100000] reference-disagreement wide:closure:splice+keyword:real:ResultBuilders:25 len=107 artifacts=39 advent-overaccept=22 advent-underaccept=12 compiler-timeout=2 reference-disagreement=1475 same=21429 tree-difference=5
[22958/100000] reference-disagreement tspl-divergence-protocol-body len=151 artifacts=39 advent-overaccept=22 advent-underaccept=12 compiler-timeout=2 reference-disagreement=1476 same=21441 tree-difference=5
[22974/100000] reference-disagreement member-list-wide-boundary len=564 artifacts=39 advent-overaccept=22 advent-underaccept=12 compiler-timeout=2 reference-disagreement=1477 same=21456 tree-difference=5
[22988/100000] reference-disagreement wide:func-body:line-comment:real:ResultBuilders:654+real:MissingNodeInitializers:83 len=409 artifacts=39 advent-overaccept=22 advent-underaccept=12 compiler-timeout=2 reference-disagreement=1478 same=21469 tree-difference=5
[22994/100000] reference-disagreement wide:trailing-closure:newline:translated:testInvalid35#1+real:ResultBuilders:42 len=222 artifacts=39 advent-overaccept=22 advent-underaccept=12 compiler-timeout=2 reference-disagreement=1479 same=21474 tree-difference=5
[22996/100000] reference-disagreement wide:top:newline:translated:testSwitch32#1 len=520 artifacts=39 advent-overaccept=22 advent-underaccept=12 compiler-timeout=2 reference-disagreement=1480 same=21475 tree-difference=5
[23000/100000] same tspl-divergence-pattern-shape len=107 artifacts=39 advent-overaccept=22 advent-underaccept=12 compiler-timeout=2 reference-disagreement=1480 same=21479 tree-difference=5
[23001/100000] reference-disagreement wide:struct-member:raw:real:Names:371 len=257 artifacts=39 advent-overaccept=22 advent-underaccept=12 compiler-timeout=2 reference-disagreement=1481 same=21479 tree-difference=5
[23019/100000] reference-disagreement wide:closure:delete:translated:testBorrowingContextualParsing#2 len=54 artifacts=39 advent-overaccept=22 advent-underaccept=12 compiler-timeout=2 reference-disagreement=1482 same=21496 tree-difference=5
[23027/100000] reference-disagreement tspl-divergence-accessor-commitment len=78 artifacts=39 advent-overaccept=22 advent-underaccept=12 compiler-timeout=2 reference-disagreement=1483 same=21503 tree-difference=5
[23031/100000] reference-disagreement keypath-component-matrix len=37 artifacts=39 advent-overaccept=22 advent-underaccept=12 compiler-timeout=2 reference-disagreement=1484 same=21506 tree-difference=5
[23039/100000] reference-disagreement wide:closure:delete+glue:translated:testForwardSlashRegexSkipping12#1+real:Expressions:2835 len=404 artifacts=39 advent-overaccept=22 advent-underaccept=12 compiler-timeout=2 reference-disagreement=1485 same=21513 tree-difference=5
[23065/100000] reference-disagreement wide:extension-member:raw:real:IdentifiableSyntax:34 len=129 artifacts=39 advent-overaccept=22 advent-underaccept=12 compiler-timeout=2 reference-disagreement=1486 same=21538 tree-difference=5
[23078/100000] reference-disagreement declaration-modifier-stack len=34 artifacts=39 advent-overaccept=22 advent-underaccept=12 compiler-timeout=2 reference-disagreement=1487 same=21550 tree-difference=5
[23100/100000] reference-disagreement wide:trailing-closure:glue+space:real:Indenter:19 len=602 artifacts=39 advent-overaccept=22 advent-underaccept=12 compiler-timeout=2 reference-disagreement=1488 same=21571 tree-difference=5
[23104/100000] reference-disagreement declaration-modifier-stack len=34 artifacts=39 advent-overaccept=22 advent-underaccept=12 compiler-timeout=2 reference-disagreement=1489 same=21574 tree-difference=5
[23126/100000] reference-disagreement wide:closure:raw:translated:testOperatorDecl21#1 len=70 artifacts=39 advent-overaccept=22 advent-underaccept=12 compiler-timeout=2 reference-disagreement=1490 same=21595 tree-difference=5
[23177/100000] reference-disagreement wide:struct-member:raw:real:ParseDiagnosticsGenerator:76 len=319 artifacts=39 advent-overaccept=22 advent-underaccept=12 compiler-timeout=2 reference-disagreement=1491 same=21645 tree-difference=5
[23192/100000] reference-disagreement grammarish-member-list len=147 artifacts=39 advent-overaccept=22 advent-underaccept=12 compiler-timeout=2 reference-disagreement=1492 same=21659 tree-difference=5
[23198/100000] reference-disagreement wide:trailing-closure:space+delete+space:real:SyntaxTraits:370 len=366 artifacts=39 advent-overaccept=22 advent-underaccept=12 compiler-timeout=2 reference-disagreement=1493 same=21664 tree-difference=5
[23239/100000] reference-disagreement wide:func-body:block-comment+newline:translated:testOriginalDefinedInAttr1#1 len=90 artifacts=39 advent-overaccept=22 advent-underaccept=12 compiler-timeout=2 reference-disagreement=1494 same=21704 tree-difference=5
[23244/100000] reference-disagreement wide:struct-member:duplicate+line-comment:translated:testRecovery123#1 len=46 artifacts=39 advent-overaccept=22 advent-underaccept=12 compiler-timeout=2 reference-disagreement=1495 same=21708 tree-difference=5
[23250/100000] same frontier:interpolation-delimiter len=402 artifacts=39 advent-overaccept=22 advent-underaccept=12 compiler-timeout=2 reference-disagreement=1495 same=21714 tree-difference=5
[23255/100000] reference-disagreement attribute-boundary len=41 artifacts=39 advent-overaccept=22 advent-underaccept=12 compiler-timeout=2 reference-disagreement=1496 same=21718 tree-difference=5
[23263/100000] reference-disagreement wide:func-body:glue+block-comment+space:real:ParserDiagnosticMessages:589 len=787 artifacts=39 advent-overaccept=22 advent-underaccept=12 compiler-timeout=2 reference-disagreement=1497 same=21725 tree-difference=5
[23297/100000] reference-disagreement wide:func-body:block-comment:real:ResultBuilders:358 len=147 artifacts=39 advent-overaccept=22 advent-underaccept=12 compiler-timeout=2 reference-disagreement=1498 same=21758 tree-difference=5
[23299/100000] reference-disagreement attribute-ifconfig-elseif-list len=121 artifacts=39 advent-overaccept=22 advent-underaccept=12 compiler-timeout=2 reference-disagreement=1499 same=21759 tree-difference=5
[23300/100000] reference-disagreement wide:before-statement:raw:translated:testDeprecatedWhere11#1 len=257 artifacts=39 advent-overaccept=22 advent-underaccept=12 compiler-timeout=2 reference-disagreement=1500 same=21759 tree-difference=5
[23320/100000] reference-disagreement member-list-wide-boundary len=469 artifacts=39 advent-overaccept=22 advent-underaccept=12 compiler-timeout=2 reference-disagreement=1501 same=21778 tree-difference=5
[23332/100000] reference-disagreement tspl-divergence-protocol-body len=122 artifacts=39 advent-overaccept=22 advent-underaccept=12 compiler-timeout=2 reference-disagreement=1502 same=21789 tree-difference=5
[23360/100000] reference-disagreement wide:struct-member:raw:real:BuildableNodes:1177 len=1044 artifacts=39 advent-overaccept=22 advent-underaccept=12 compiler-timeout=2 reference-disagreement=1503 same=21816 tree-difference=5
[23369/100000] reference-disagreement wide:closure:line-comment:real:SyntaxClassifier:268 len=475 artifacts=39 advent-overaccept=22 advent-underaccept=12 compiler-timeout=2 reference-disagreement=1504 same=21824 tree-difference=5
[23371/100000] reference-disagreement wide:trailing-closure:raw:real:SyntaxTraits:826 len=117 artifacts=39 advent-overaccept=22 advent-underaccept=12 compiler-timeout=2 reference-disagreement=1505 same=21825 tree-difference=5
[23409/100000] reference-disagreement wide:closure:delete:translated:testSwitch80#1 len=120 artifacts=39 advent-overaccept=22 advent-underaccept=12 compiler-timeout=2 reference-disagreement=1506 same=21862 tree-difference=5
[23421/100000] reference-disagreement seed-corpus-wrapped:operator-question-assignment len=118 artifacts=39 advent-overaccept=22 advent-underaccept=12 compiler-timeout=2 reference-disagreement=1507 same=21873 tree-difference=5
[23422/100000] reference-disagreement keypath-boundary len=33 artifacts=39 advent-overaccept=22 advent-underaccept=12 compiler-timeout=2 reference-disagreement=1508 same=21873 tree-difference=5
[23438/100000] tree-difference wide:before-statement:newline+block-comment:expression:testSubscript#2 len=33 artifacts=40 advent-overaccept=22 advent-underaccept=12 compiler-timeout=2 reference-disagreement=1508 same=21888 tree-difference=6
[23458/100000] reference-disagreement wide:before-statement:glue+newline+newline:translated:testDeprecatedWhere6#1 len=140 artifacts=40 advent-overaccept=22 advent-underaccept=12 compiler-timeout=2 reference-disagreement=1509 same=21907 tree-difference=6
[23488/100000] reference-disagreement keypath-component-matrix len=37 artifacts=40 advent-overaccept=22 advent-underaccept=12 compiler-timeout=2 reference-disagreement=1510 same=21936 tree-difference=6
[23491/100000] reference-disagreement wide:trailing-closure:newline+glue:real:Expressions:1877 len=365 artifacts=40 advent-overaccept=22 advent-underaccept=12 compiler-timeout=2 reference-disagreement=1511 same=21938 tree-difference=6
[23500/100000] same wide:extension-member:raw:phase4-type:any-type+attribute:testOriginallyDefinedIn#1 len=108 artifacts=40 advent-overaccept=22 advent-underaccept=12 compiler-timeout=2 reference-disagreement=1511 same=21947 tree-difference=6
[23505/100000] reference-disagreement tspl-divergence-protocol-body len=176 artifacts=40 advent-overaccept=22 advent-underaccept=12 compiler-timeout=2 reference-disagreement=1512 same=21951 tree-difference=6
[23510/100000] reference-disagreement wide:closure:newline:real:SyntaxExpressibleByStringInterpolationConformances:235 len=180 artifacts=40 advent-overaccept=22 advent-underaccept=12 compiler-timeout=2 reference-disagreement=1513 same=21955 tree-difference=6
[23514/100000] reference-disagreement attribute-ifconfig-elseif-list len=128 artifacts=40 advent-overaccept=22 advent-underaccept=12 compiler-timeout=2 reference-disagreement=1514 same=21958 tree-difference=6
[23533/100000] reference-disagreement tspl-divergence-protocol-body len=254 artifacts=40 advent-overaccept=22 advent-underaccept=12 compiler-timeout=2 reference-disagreement=1515 same=21976 tree-difference=6
[23572/100000] reference-disagreement wide:closure:raw:real:SyntaxBaseNodes:1230 len=75 artifacts=40 advent-overaccept=22 advent-underaccept=12 compiler-timeout=2 reference-disagreement=1516 same=22014 tree-difference=6
[23597/100000] reference-disagreement wide:top:keyword:translated:testDeprecatedWhere5#1 len=273 artifacts=40 advent-overaccept=22 advent-underaccept=12 compiler-timeout=2 reference-disagreement=1517 same=22038 tree-difference=6
[23598/100000] reference-disagreement wide:func-body:line-comment+block-comment+newline:real:SyntaxTraits:836 len=136 artifacts=40 advent-overaccept=22 advent-underaccept=12 compiler-timeout=2 reference-disagreement=1518 same=22038 tree-difference=6
[23607/100000] reference-disagreement wide:func-body:block-comment+splice+line-comment:expression:testSubscriptDeinitMembers#4 len=39 artifacts=40 advent-overaccept=22 advent-underaccept=12 compiler-timeout=2 reference-disagreement=1519 same=22046 tree-difference=6
[23618/100000] reference-disagreement wide:trailing-closure:space:real:Macro:15 len=230 artifacts=40 advent-overaccept=22 advent-underaccept=12 compiler-timeout=2 reference-disagreement=1520 same=22056 tree-difference=6
[23642/100000] reference-disagreement keypath-boundary len=44 artifacts=40 advent-overaccept=22 advent-underaccept=12 compiler-timeout=2 reference-disagreement=1521 same=22079 tree-difference=6
[23648/100000] reference-disagreement wide:trailing-closure:raw:translated:testSwitch12#1+real:RenamedChildrenBuilderCompatibility:977 len=1144 artifacts=40 advent-overaccept=22 advent-underaccept=12 compiler-timeout=2 reference-disagreement=1522 same=22084 tree-difference=6
[23658/100000] reference-disagreement tspl-divergence-protocol-body len=224 artifacts=40 advent-overaccept=22 advent-underaccept=12 compiler-timeout=2 reference-disagreement=1523 same=22093 tree-difference=6
[23659/100000] reference-disagreement wide:extension-member:raw:phase4-precedence:pg-empty len=39 artifacts=40 advent-overaccept=22 advent-underaccept=12 compiler-timeout=2 reference-disagreement=1524 same=22093 tree-difference=6
[23670/100000] reference-disagreement keypath-boundary len=44 artifacts=40 advent-overaccept=22 advent-underaccept=12 compiler-timeout=2 reference-disagreement=1525 same=22103 tree-difference=6
[23689/100000] reference-disagreement wide:closure:raw:translated:testDollarIdentifier8#1+real:CompilerPlugin:63 len=1509 artifacts=40 advent-overaccept=22 advent-underaccept=12 compiler-timeout=2 reference-disagreement=1526 same=22121 tree-difference=6
[23706/100000] reference-disagreement wide:closure:raw:declaration:testModifiedParameter#3+real:ExpandEditorPlaceholder:474 len=768 artifacts=40 advent-overaccept=22 advent-underaccept=12 compiler-timeout=2 reference-disagreement=1527 same=22137 tree-difference=6
[23730/100000] reference-disagreement wide:struct-member:raw:real:ResultBuilders:245 len=226 artifacts=40 advent-overaccept=22 advent-underaccept=12 compiler-timeout=2 reference-disagreement=1528 same=22160 tree-difference=6
[23734/100000] reference-disagreement wide:trailing-closure:space:real:SyntaxTraits:772 len=72 artifacts=40 advent-overaccept=22 advent-underaccept=12 compiler-timeout=2 reference-disagreement=1529 same=22163 tree-difference=6
[23746/100000] reference-disagreement tspl-divergence-protocol-body len=122 artifacts=40 advent-overaccept=22 advent-underaccept=12 compiler-timeout=2 reference-disagreement=1530 same=22174 tree-difference=6
[23750/100000] same wide:trailing-closure:space+keyword+swap:real:SyntaxTraits:714 len=55 artifacts=40 advent-overaccept=22 advent-underaccept=12 compiler-timeout=2 reference-disagreement=1530 same=22178 tree-difference=6
[23754/100000] reference-disagreement wide:top:newline:translated:testSwitch12#1 len=38 artifacts=40 advent-overaccept=22 advent-underaccept=12 compiler-timeout=2 reference-disagreement=1531 same=22181 tree-difference=6
[23784/100000] reference-disagreement keypath-component-matrix len=41 artifacts=40 advent-overaccept=22 advent-underaccept=12 compiler-timeout=2 reference-disagreement=1532 same=22210 tree-difference=6
[23808/100000] reference-disagreement wide:func-body:glue:translated:testOperatorDecl17#1+translated:testDollarIdentifier9#1 len=138 artifacts=40 advent-overaccept=22 advent-underaccept=12 compiler-timeout=2 reference-disagreement=1533 same=22233 tree-difference=6
[23819/100000] reference-disagreement wide:interpolation:raw:reject:testForwardSlashRegex142#1 len=20 artifacts=40 advent-overaccept=22 advent-underaccept=12 compiler-timeout=2 reference-disagreement=1534 same=22243 tree-difference=6
[23822/100000] reference-disagreement wide:trailing-closure:raw:type:testNamedOpaqueReturnTypes#1+real:SyntaxCollections:1054 len=868 artifacts=40 advent-overaccept=22 advent-underaccept=12 compiler-timeout=2 reference-disagreement=1535 same=22245 tree-difference=6
[23825/100000] reference-disagreement wide:closure:block-comment+newline:attribute:testObjcImplementationAttribute#1 len=158 artifacts=40 advent-overaccept=22 advent-underaccept=12 compiler-timeout=2 reference-disagreement=1536 same=22247 tree-difference=6
[23836/100000] reference-disagreement wide:trailing-closure:raw:real:LexerDiagnosticMessages:128 len=216 artifacts=40 advent-overaccept=22 advent-underaccept=12 compiler-timeout=2 reference-disagreement=1537 same=22257 tree-difference=6
[23856/100000] reference-disagreement grammarish-member-list len=263 artifacts=40 advent-overaccept=22 advent-underaccept=12 compiler-timeout=2 reference-disagreement=1538 same=22276 tree-difference=6
[23879/100000] reference-disagreement attribute-ifconfig-elseif-list len=133 artifacts=40 advent-overaccept=22 advent-underaccept=12 compiler-timeout=2 reference-disagreement=1539 same=22298 tree-difference=6
[23880/100000] reference-disagreement member-list-wide-boundary len=205 artifacts=40 advent-overaccept=22 advent-underaccept=12 compiler-timeout=2 reference-disagreement=1540 same=22298 tree-difference=6
[23918/100000] reference-disagreement wide:func-body:block-comment:real:MacroReplacement:86+expression:testKeypathExpressionWithSugaredRoot#11 len=740 artifacts=40 advent-overaccept=22 advent-underaccept=12 compiler-timeout=2 reference-disagreement=1541 same=22335 tree-difference=6
[23926/100000] reference-disagreement attribute-ifconfig-elseif-list len=127 artifacts=40 advent-overaccept=22 advent-underaccept=12 compiler-timeout=2 reference-disagreement=1542 same=22342 tree-difference=6
[23960/100000] reference-disagreement declaration-modifier-stack len=34 artifacts=40 advent-overaccept=22 advent-underaccept=12 compiler-timeout=2 reference-disagreement=1543 same=22375 tree-difference=6
[23962/100000] reference-disagreement wide:trailing-closure:block-comment+block-comment:real:RefactoringProvider:23 len=200 artifacts=40 advent-overaccept=22 advent-underaccept=12 compiler-timeout=2 reference-disagreement=1544 same=22376 tree-difference=6
[23974/100000] reference-disagreement attribute-ifconfig-elseif-list len=116 artifacts=40 advent-overaccept=22 advent-underaccept=12 compiler-timeout=2 reference-disagreement=1545 same=22387 tree-difference=6
[23978/100000] reference-disagreement member-list-wide-boundary len=103 artifacts=40 advent-overaccept=22 advent-underaccept=12 compiler-timeout=2 reference-disagreement=1546 same=22390 tree-difference=6
[23985/100000] reference-disagreement wide:after-statement:keyword+line-comment+block-comment:attribute:testMacroRoleNames#10+expression:testTrailingClosures#1 len=168 artifacts=40 advent-overaccept=22 advent-underaccept=12 compiler-timeout=2 reference-disagreement=1547 same=22396 tree-difference=6
[23988/100000] reference-disagreement nested-ifconfig-boundary len=146 artifacts=40 advent-overaccept=22 advent-underaccept=12 compiler-timeout=2 reference-disagreement=1548 same=22398 tree-difference=6
[23993/100000] reference-disagreement wide:trailing-closure:space:real:BuildableNodes:238+real:LoopProgressCondition:22 len=1787 artifacts=40 advent-overaccept=22 advent-underaccept=12 compiler-timeout=2 reference-disagreement=1549 same=22402 tree-difference=6
[24000/100000] same seed-corpus-wrapped:delimiter-missing-generic len=57 artifacts=40 advent-overaccept=22 advent-underaccept=12 compiler-timeout=2 reference-disagreement=1549 same=22409 tree-difference=6
[24044/100000] reference-disagreement grammarish-member-list len=250 artifacts=40 advent-overaccept=22 advent-underaccept=12 compiler-timeout=2 reference-disagreement=1550 same=22452 tree-difference=6
[24062/100000] reference-disagreement keypath-component-matrix len=48 artifacts=40 advent-overaccept=22 advent-underaccept=12 compiler-timeout=2 reference-disagreement=1551 same=22469 tree-difference=6
[24079/100000] reference-disagreement tspl-divergence-protocol-body len=208 artifacts=40 advent-overaccept=22 advent-underaccept=12 compiler-timeout=2 reference-disagreement=1552 same=22485 tree-difference=6
[24109/100000] reference-disagreement wide:trailing-closure:glue+line-comment+line-comment:real:Syntax+StringInterpolation:478 len=165 artifacts=40 advent-overaccept=22 advent-underaccept=12 compiler-timeout=2 reference-disagreement=1553 same=22514 tree-difference=6
[24144/100000] reference-disagreement wide:before-statement:raw:type:testClosureSignatures#3 len=92 artifacts=40 advent-overaccept=22 advent-underaccept=12 compiler-timeout=2 reference-disagreement=1554 same=22548 tree-difference=6
[24181/100000] reference-disagreement wide:ifconfig:space+delete:real:SwiftVersion:13 len=150 artifacts=40 advent-overaccept=22 advent-underaccept=12 compiler-timeout=2 reference-disagreement=1555 same=22584 tree-difference=6
[24182/100000] reference-disagreement wide:trailing-closure:block-comment:real:SyntaxTraits:764+phase4-import:if-case len=158 artifacts=40 advent-overaccept=22 advent-underaccept=12 compiler-timeout=2 reference-disagreement=1556 same=22584 tree-difference=6
[24194/100000] reference-disagreement wide:extension-member:raw:real:SyntaxExpressibleByStringInterpolationConformances:115 len=87 artifacts=40 advent-overaccept=22 advent-underaccept=12 compiler-timeout=2 reference-disagreement=1557 same=22595 tree-difference=6
[24239/100000] reference-disagreement wide:struct-member:space:reject:testABIAttribute#8 len=118 artifacts=40 advent-overaccept=22 advent-underaccept=12 compiler-timeout=2 reference-disagreement=1558 same=22639 tree-difference=6
[24249/100000] reference-disagreement tspl-divergence-protocol-body len=142 artifacts=40 advent-overaccept=22 advent-underaccept=12 compiler-timeout=2 reference-disagreement=1559 same=22648 tree-difference=6
[24250/100000] same frontier:interpolation-delimiter len=377 artifacts=40 advent-overaccept=22 advent-underaccept=12 compiler-timeout=2 reference-disagreement=1559 same=22649 tree-difference=6
[24263/100000] reference-disagreement wide:struct-member:line-comment:real:SyntaxExpressibleByStringInterpolationConformances:265 len=100 artifacts=40 advent-overaccept=22 advent-underaccept=12 compiler-timeout=2 reference-disagreement=1560 same=22661 tree-difference=6
[24265/100000] reference-disagreement attribute-ifconfig-elseif-list len=131 artifacts=40 advent-overaccept=22 advent-underaccept=12 compiler-timeout=2 reference-disagreement=1561 same=22662 tree-difference=6
[24274/100000] reference-disagreement wide:trailing-closure:raw:translated:testOperatorDecl21#1 len=57 artifacts=40 advent-overaccept=22 advent-underaccept=12 compiler-timeout=2 reference-disagreement=1562 same=22670 tree-difference=6
[24278/100000] reference-disagreement attribute-ifconfig-elseif-list len=117 artifacts=40 advent-overaccept=22 advent-underaccept=12 compiler-timeout=2 reference-disagreement=1563 same=22673 tree-difference=6
[24280/100000] reference-disagreement member-list-wide-boundary len=235 artifacts=40 advent-overaccept=22 advent-underaccept=12 compiler-timeout=2 reference-disagreement=1564 same=22674 tree-difference=6
[24286/100000] reference-disagreement wide:ifconfig:glue+keyword:statement:testIf#1 len=32 artifacts=40 advent-overaccept=22 advent-underaccept=12 compiler-timeout=2 reference-disagreement=1565 same=22679 tree-difference=6
[24288/100000] reference-disagreement wide:closure:raw:reject:testChainedOptionalUnwrapsAfterSubscript#1 len=33 artifacts=40 advent-overaccept=22 advent-underaccept=12 compiler-timeout=2 reference-disagreement=1566 same=22680 tree-difference=6
[24295/100000] reference-disagreement wide:trailing-closure:raw:translated:testInvalidStringInterpolationProtocol5#1 len=251 artifacts=40 advent-overaccept=22 advent-underaccept=12 compiler-timeout=2 reference-disagreement=1567 same=22686 tree-difference=6
[24307/100000] reference-disagreement wide:closure:line-comment:real:Indenter:19 len=342 artifacts=40 advent-overaccept=22 advent-underaccept=12 compiler-timeout=2 reference-disagreement=1568 same=22697 tree-difference=6
[24321/100000] reference-disagreement wide:after-statement:newline+newline:translated:testOperatorDecl11b#1 len=38 artifacts=40 advent-overaccept=22 advent-underaccept=12 compiler-timeout=2 reference-disagreement=1569 same=22710 tree-difference=6
[24358/100000] reference-disagreement wide:closure:space:real:DeclarationMacro:20 len=718 artifacts=40 advent-overaccept=22 advent-underaccept=12 compiler-timeout=2 reference-disagreement=1570 same=22746 tree-difference=6
[24395/100000] reference-disagreement wide:closure:newline+line-comment:real:Statements:785 len=916 artifacts=40 advent-overaccept=22 advent-underaccept=12 compiler-timeout=2 reference-disagreement=1571 same=22782 tree-difference=6
[24413/100000] reference-disagreement keypath-component-matrix len=41 artifacts=40 advent-overaccept=22 advent-underaccept=12 compiler-timeout=2 reference-disagreement=1572 same=22799 tree-difference=6
[24441/100000] reference-disagreement wide:closure:block-comment+line-comment:translated:testInitDeinit18#1 len=111 artifacts=40 advent-overaccept=22 advent-underaccept=12 compiler-timeout=2 reference-disagreement=1573 same=22826 tree-difference=6
[24444/100000] reference-disagreement attribute-ifconfig-elseif-list len=119 artifacts=40 advent-overaccept=22 advent-underaccept=12 compiler-timeout=2 reference-disagreement=1574 same=22828 tree-difference=6
[24445/100000] reference-disagreement grammarish-member-list len=190 artifacts=40 advent-overaccept=22 advent-underaccept=12 compiler-timeout=2 reference-disagreement=1575 same=22828 tree-difference=6
[24455/100000] reference-disagreement statement-list len=500 artifacts=40 advent-overaccept=22 advent-underaccept=12 compiler-timeout=2 reference-disagreement=1576 same=22837 tree-difference=6
[24459/100000] reference-disagreement keypath-boundary len=36 artifacts=40 advent-overaccept=22 advent-underaccept=12 compiler-timeout=2 reference-disagreement=1577 same=22840 tree-difference=6
[24468/100000] reference-disagreement wide:struct-member:delete+space:real:InferIndentation:127 len=103 artifacts=40 advent-overaccept=22 advent-underaccept=12 compiler-timeout=2 reference-disagreement=1578 same=22848 tree-difference=6
[24479/100000] reference-disagreement wide:struct-member:raw:real:SyntaxExpressibleByStringInterpolationConformances:208 len=165 artifacts=40 advent-overaccept=22 advent-underaccept=12 compiler-timeout=2 reference-disagreement=1579 same=22858 tree-difference=6
[24500/100000] same wide:extension-member:newline+swap:expression:testCollectionLiterals#8 len=73 artifacts=40 advent-overaccept=22 advent-underaccept=12 compiler-timeout=2 reference-disagreement=1579 same=22879 tree-difference=6
[24509/100000] reference-disagreement member-list-wide-boundary len=520 artifacts=40 advent-overaccept=22 advent-underaccept=12 compiler-timeout=2 reference-disagreement=1580 same=22887 tree-difference=6
[24529/100000] reference-disagreement member-list-wide-boundary len=256 artifacts=40 advent-overaccept=22 advent-underaccept=12 compiler-timeout=2 reference-disagreement=1581 same=22906 tree-difference=6
[24539/100000] reference-disagreement tspl-divergence-protocol-body len=143 artifacts=40 advent-overaccept=22 advent-underaccept=12 compiler-timeout=2 reference-disagreement=1582 same=22915 tree-difference=6
[24541/100000] reference-disagreement wide:trailing-closure:splice:translated:testAvailabilityQuery21#1 len=42 artifacts=40 advent-overaccept=22 advent-underaccept=12 compiler-timeout=2 reference-disagreement=1583 same=22916 tree-difference=6
[24555/100000] reference-disagreement wide:trailing-closure:glue:real:Trivia:219 len=443 artifacts=40 advent-overaccept=22 advent-underaccept=12 compiler-timeout=2 reference-disagreement=1584 same=22929 tree-difference=6
[24602/100000] reference-disagreement wide:extension-member:raw:real:WarningControlDeclSyntax:65 len=719 artifacts=40 advent-overaccept=22 advent-underaccept=12 compiler-timeout=2 reference-disagreement=1585 same=22975 tree-difference=6
[24619/100000] reference-disagreement statement-list len=691 artifacts=40 advent-overaccept=22 advent-underaccept=12 compiler-timeout=2 reference-disagreement=1586 same=22991 tree-difference=6
[24622/100000] reference-disagreement grammarish-member-list len=242 artifacts=40 advent-overaccept=22 advent-underaccept=12 compiler-timeout=2 reference-disagreement=1587 same=22993 tree-difference=6
[24662/100000] reference-disagreement wide:func-body:newline:real:OperatorError:20 len=864 artifacts=40 advent-overaccept=22 advent-underaccept=12 compiler-timeout=2 reference-disagreement=1588 same=23032 tree-difference=6
[24668/100000] reference-disagreement attribute-ifconfig-elseif-list len=136 artifacts=40 advent-overaccept=22 advent-underaccept=12 compiler-timeout=2 reference-disagreement=1589 same=23037 tree-difference=6
[24671/100000] reference-disagreement grammarish-member-list len=163 artifacts=40 advent-overaccept=22 advent-underaccept=12 compiler-timeout=2 reference-disagreement=1590 same=23039 tree-difference=6
[24681/100000] reference-disagreement tspl-divergence-accessor-commitment len=78 artifacts=40 advent-overaccept=22 advent-underaccept=12 compiler-timeout=2 reference-disagreement=1591 same=23048 tree-difference=6
[24720/100000] reference-disagreement statement-list len=468 artifacts=40 advent-overaccept=22 advent-underaccept=12 compiler-timeout=2 reference-disagreement=1592 same=23086 tree-difference=6
[24750/100000] same frontier:protocol-accessor-shape len=83 artifacts=40 advent-overaccept=22 advent-underaccept=12 compiler-timeout=2 reference-disagreement=1592 same=23116 tree-difference=6
[24774/100000] reference-disagreement wide:struct-member:block-comment:real:BuildableNodes:740 len=1090 artifacts=40 advent-overaccept=22 advent-underaccept=12 compiler-timeout=2 reference-disagreement=1593 same=23139 tree-difference=6
[24776/100000] reference-disagreement member-list-wide-boundary len=362 artifacts=40 advent-overaccept=22 advent-underaccept=12 compiler-timeout=2 reference-disagreement=1594 same=23140 tree-difference=6
[24785/100000] reference-disagreement wide:func-body:raw:translated:testInitDeinit4#1 len=86 artifacts=40 advent-overaccept=22 advent-underaccept=12 compiler-timeout=2 reference-disagreement=1595 same=23148 tree-difference=6
[24787/100000] reference-disagreement wide:closure:raw:real:SyntaxTraits:748 len=104 artifacts=40 advent-overaccept=22 advent-underaccept=12 compiler-timeout=2 reference-disagreement=1596 same=23149 tree-difference=6
[24799/100000] reference-disagreement wide:trailing-closure:raw:real:LayoutNodes+Parsable:135 len=189 artifacts=40 advent-overaccept=22 advent-underaccept=12 compiler-timeout=2 reference-disagreement=1597 same=23160 tree-difference=6
[24801/100000] reference-disagreement keypath-boundary len=36 artifacts=40 advent-overaccept=22 advent-underaccept=12 compiler-timeout=2 reference-disagreement=1598 same=23161 tree-difference=6
[24802/100000] reference-disagreement wide:closure:newline+newline+glue:real:ConfiguredRegions:138 len=286 artifacts=40 advent-overaccept=22 advent-underaccept=12 compiler-timeout=2 reference-disagreement=1599 same=23161 tree-difference=6
[24806/100000] reference-disagreement wide:struct-member:newline:real:ConvenienceInitializers:132 len=176 artifacts=40 advent-overaccept=22 advent-underaccept=12 compiler-timeout=2 reference-disagreement=1600 same=23164 tree-difference=6
[24808/100000] reference-disagreement seed-corpus-wrapped:preconcurrency-import len=40 artifacts=40 advent-overaccept=22 advent-underaccept=12 compiler-timeout=2 reference-disagreement=1601 same=23165 tree-difference=6
[24813/100000] reference-disagreement tspl-divergence-protocol-body len=189 artifacts=40 advent-overaccept=22 advent-underaccept=12 compiler-timeout=2 reference-disagreement=1602 same=23169 tree-difference=6
[24823/100000] reference-disagreement wide:trailing-closure:raw:real:SyntaxExpressibleByStringInterpolationConformances:28 len=171 artifacts=40 advent-overaccept=22 advent-underaccept=12 compiler-timeout=2 reference-disagreement=1603 same=23178 tree-difference=6
[24831/100000] reference-disagreement wide:closure:line-comment:real:SyntaxTraits:718 len=92 artifacts=40 advent-overaccept=22 advent-underaccept=12 compiler-timeout=2 reference-disagreement=1604 same=23185 tree-difference=6
[24834/100000] reference-disagreement tspl-divergence-protocol-body len=251 artifacts=40 advent-overaccept=22 advent-underaccept=12 compiler-timeout=2 reference-disagreement=1605 same=23187 tree-difference=6
[24858/100000] reference-disagreement wide:func-body:newline:real:IncrementalParseTransition:420 len=168 artifacts=40 advent-overaccept=22 advent-underaccept=12 compiler-timeout=2 reference-disagreement=1606 same=23210 tree-difference=6
[24862/100000] reference-disagreement keypath-boundary len=38 artifacts=40 advent-overaccept=22 advent-underaccept=12 compiler-timeout=2 reference-disagreement=1607 same=23213 tree-difference=6
[24871/100000] reference-disagreement wide:closure:raw:real:ResultBuilders:706 len=196 artifacts=40 advent-overaccept=22 advent-underaccept=12 compiler-timeout=2 reference-disagreement=1608 same=23221 tree-difference=6
[24884/100000] reference-disagreement wide:struct-member:newline:real:Statements:785 len=903 artifacts=40 advent-overaccept=22 advent-underaccept=12 compiler-timeout=2 reference-disagreement=1609 same=23233 tree-difference=6
[24885/100000] reference-disagreement statement-list len=585 artifacts=40 advent-overaccept=22 advent-underaccept=12 compiler-timeout=2 reference-disagreement=1610 same=23233 tree-difference=6
[24939/100000] reference-disagreement attribute-ifconfig-elseif-list len=109 artifacts=40 advent-overaccept=22 advent-underaccept=12 compiler-timeout=2 reference-disagreement=1611 same=23286 tree-difference=6
[24940/100000] reference-disagreement wide:func-body:glue:translated:testRawString6#1+declaration:testConstAsArgumentLabel#3 len=82 artifacts=40 advent-overaccept=22 advent-underaccept=12 compiler-timeout=2 reference-disagreement=1612 same=23286 tree-difference=6
[24948/100000] reference-disagreement wide:func-body:glue+newline:real:SyntaxBaseNodes:325 len=70 artifacts=40 advent-overaccept=22 advent-underaccept=12 compiler-timeout=2 reference-disagreement=1613 same=23293 tree-difference=6
[24950/100000] reference-disagreement attribute-boundary len=34 artifacts=40 advent-overaccept=22 advent-underaccept=12 compiler-timeout=2 reference-disagreement=1614 same=23294 tree-difference=6
[24955/100000] reference-disagreement wide:trailing-closure:raw:translated:testEffectfulProperties3#1+statement:testYield#2 len=546 artifacts=40 advent-overaccept=22 advent-underaccept=12 compiler-timeout=2 reference-disagreement=1615 same=23298 tree-difference=6
[24965/100000] reference-disagreement wide:func-body:raw:expression:testBorrowExpression#4 len=44 artifacts=40 advent-overaccept=22 advent-underaccept=12 compiler-timeout=2 reference-disagreement=1616 same=23307 tree-difference=6
[25000/100000] same wide:after-statement:newline+newline:translated:testInvalid35#1+reject:testRecovery141#1 len=126 artifacts=40 advent-overaccept=22 advent-underaccept=12 compiler-timeout=2 reference-disagreement=1616 same=23342 tree-difference=6
[25024/100000] reference-disagreement keypath-boundary len=38 artifacts=40 advent-overaccept=22 advent-underaccept=12 compiler-timeout=2 reference-disagreement=1617 same=23365 tree-difference=6
[25056/100000] reference-disagreement wide:func-body:keyword:statement:testIf#4+real:ResultBuilderExtensions:97 len=449 artifacts=40 advent-overaccept=22 advent-underaccept=12 compiler-timeout=2 reference-disagreement=1618 same=23396 tree-difference=6
[25097/100000] reference-disagreement wide:func-body:newline:attribute:testSpiAttributeWithUnderscore#2 len=36 artifacts=40 advent-overaccept=22 advent-underaccept=12 compiler-timeout=2 reference-disagreement=1619 same=23436 tree-difference=6
[25099/100000] reference-disagreement nested-ifconfig-boundary len=146 artifacts=40 advent-overaccept=22 advent-underaccept=12 compiler-timeout=2 reference-disagreement=1620 same=23437 tree-difference=6
[25101/100000] reference-disagreement wide:struct-member:swap+delete:translated:testIfConfigExpr33#1 len=41 artifacts=40 advent-overaccept=22 advent-underaccept=12 compiler-timeout=2 reference-disagreement=1621 same=23438 tree-difference=6
[25141/100000] reference-disagreement wide:closure:newline+newline+line-comment:real:SyntaxTraits:109+real:SyntaxTraits:571 len=533 artifacts=40 advent-overaccept=22 advent-underaccept=12 compiler-timeout=2 reference-disagreement=1622 same=23477 tree-difference=6
[25149/100000] reference-disagreement keypath-component-matrix len=40 artifacts=40 advent-overaccept=22 advent-underaccept=12 compiler-timeout=2 reference-disagreement=1623 same=23484 tree-difference=6
[25177/100000] reference-disagreement member-list-wide-boundary len=122 artifacts=40 advent-overaccept=22 advent-underaccept=12 compiler-timeout=2 reference-disagreement=1624 same=23511 tree-difference=6
[25212/100000] reference-disagreement tspl-divergence-protocol-body len=158 artifacts=40 advent-overaccept=22 advent-underaccept=12 compiler-timeout=2 reference-disagreement=1625 same=23545 tree-difference=6
[25214/100000] reference-disagreement wide:trailing-closure:raw:real:LocationMarkers:44 len=329 artifacts=40 advent-overaccept=22 advent-underaccept=12 compiler-timeout=2 reference-disagreement=1626 same=23546 tree-difference=6
[25216/100000] advent-overaccept wide:closure:line-comment+block-comment:real:RegexLiteralLexer:325 len=294 artifacts=41 advent-overaccept=23 advent-underaccept=12 compiler-timeout=2 reference-disagreement=1626 same=23547 tree-difference=6
[25217/100000] reference-disagreement cast-try-operator-cluster len=24 artifacts=41 advent-overaccept=23 advent-underaccept=12 compiler-timeout=2 reference-disagreement=1627 same=23547 tree-difference=6
[25235/100000] reference-disagreement wide:trailing-closure:raw:real:ResultBuilders:608 len=401 artifacts=41 advent-overaccept=23 advent-underaccept=12 compiler-timeout=2 reference-disagreement=1628 same=23564 tree-difference=6
[25250/100000] same seed-corpus-mutated:pattern-optional-double len=76 artifacts=41 advent-overaccept=23 advent-underaccept=12 compiler-timeout=2 reference-disagreement=1628 same=23579 tree-difference=6
[25251/100000] reference-disagreement keypath-boundary len=38 artifacts=41 advent-overaccept=23 advent-underaccept=12 compiler-timeout=2 reference-disagreement=1629 same=23579 tree-difference=6
[25257/100000] reference-disagreement wide:struct-member:raw:declaration:testLiteralInitializerWithTrailingClosure#1+attribute:testSpiAttributeWithoutParameter#1 len=61 artifacts=41 advent-overaccept=23 advent-underaccept=12 compiler-timeout=2 reference-disagreement=1630 same=23584 tree-difference=6
[25283/100000] reference-disagreement grammarish-member-list len=108 artifacts=41 advent-overaccept=23 advent-underaccept=12 compiler-timeout=2 reference-disagreement=1631 same=23609 tree-difference=6
[25294/100000] reference-disagreement wide:trailing-closure:glue:real:SwiftSyntaxCompatibility:94 len=907 artifacts=41 advent-overaccept=23 advent-underaccept=12 compiler-timeout=2 reference-disagreement=1632 same=23619 tree-difference=6
[25299/100000] reference-disagreement member-list-wide-boundary len=295 artifacts=41 advent-overaccept=23 advent-underaccept=12 compiler-timeout=2 reference-disagreement=1633 same=23623 tree-difference=6
[25309/100000] reference-disagreement binding-pattern len=458 artifacts=41 advent-overaccept=23 advent-underaccept=12 compiler-timeout=2 reference-disagreement=1634 same=23632 tree-difference=6
[25313/100000] reference-disagreement tspl-divergence-protocol-body len=272 artifacts=41 advent-overaccept=23 advent-underaccept=12 compiler-timeout=2 reference-disagreement=1635 same=23635 tree-difference=6
[25333/100000] reference-disagreement wide:trailing-closure:raw:statement:testTrailingTriviaIncludesNewline#1+real:ParserDiagnosticMessages:758 len=381 artifacts=41 advent-overaccept=23 advent-underaccept=12 compiler-timeout=2 reference-disagreement=1636 same=23654 tree-difference=6
[25347/100000] reference-disagreement wide:closure:raw:real:SyntaxCollections:1054 len=544 artifacts=41 advent-overaccept=23 advent-underaccept=12 compiler-timeout=2 reference-disagreement=1637 same=23667 tree-difference=6
[25374/100000] reference-disagreement tspl-divergence-protocol-body len=217 artifacts=41 advent-overaccept=23 advent-underaccept=12 compiler-timeout=2 reference-disagreement=1638 same=23693 tree-difference=6
[25385/100000] reference-disagreement wide:extension-member:raw:real:SyntaxExpressibleByStringInterpolationConformances:94 len=91 artifacts=41 advent-overaccept=23 advent-underaccept=12 compiler-timeout=2 reference-disagreement=1639 same=23703 tree-difference=6
[25393/100000] reference-disagreement nested-ifconfig-boundary len=163 artifacts=41 advent-overaccept=23 advent-underaccept=12 compiler-timeout=2 reference-disagreement=1640 same=23710 tree-difference=6
[25394/100000] reference-disagreement wide:extension-member:block-comment:translated:testForeach1#1+real:SyntaxEditUtils:444 len=543 artifacts=41 advent-overaccept=23 advent-underaccept=12 compiler-timeout=2 reference-disagreement=1641 same=23710 tree-difference=6
[25410/100000] reference-disagreement tspl-divergence-protocol-body len=171 artifacts=41 advent-overaccept=23 advent-underaccept=12 compiler-timeout=2 reference-disagreement=1642 same=23725 tree-difference=6
[25426/100000] reference-disagreement wide:extension-member:raw:real:Macros:245 len=559 artifacts=41 advent-overaccept=23 advent-underaccept=12 compiler-timeout=2 reference-disagreement=1643 same=23740 tree-difference=6
[25447/100000] reference-disagreement wide:func-body:newline+space:declaration:testImports#2 len=46 artifacts=41 advent-overaccept=23 advent-underaccept=12 compiler-timeout=2 reference-disagreement=1644 same=23760 tree-difference=6
[25490/100000] reference-disagreement tspl-divergence-protocol-body len=122 artifacts=41 advent-overaccept=23 advent-underaccept=12 compiler-timeout=2 reference-disagreement=1645 same=23802 tree-difference=6
[25500/100000] same extension-type len=63 artifacts=41 advent-overaccept=23 advent-underaccept=12 compiler-timeout=2 reference-disagreement=1645 same=23812 tree-difference=6
[25517/100000] reference-disagreement wide:func-body:raw:declaration:testImports#3 len=57 artifacts=41 advent-overaccept=23 advent-underaccept=12 compiler-timeout=2 reference-disagreement=1646 same=23828 tree-difference=6
[25527/100000] reference-disagreement cast-try-operator-cluster len=24 artifacts=41 advent-overaccept=23 advent-underaccept=12 compiler-timeout=2 reference-disagreement=1647 same=23837 tree-difference=6
[25534/100000] reference-disagreement member-list-wide-boundary len=110 artifacts=41 advent-overaccept=23 advent-underaccept=12 compiler-timeout=2 reference-disagreement=1648 same=23843 tree-difference=6
[25563/100000] reference-disagreement tspl-divergence-protocol-body len=171 artifacts=41 advent-overaccept=23 advent-underaccept=12 compiler-timeout=2 reference-disagreement=1649 same=23871 tree-difference=6
[25575/100000] reference-disagreement wide:closure:glue+line-comment+newline:real:SyntaxCollections:1082 len=511 artifacts=41 advent-overaccept=23 advent-underaccept=12 compiler-timeout=2 reference-disagreement=1650 same=23882 tree-difference=6
[25576/100000] reference-disagreement declaration-modifier-stack len=34 artifacts=41 advent-overaccept=23 advent-underaccept=12 compiler-timeout=2 reference-disagreement=1651 same=23882 tree-difference=6
[25582/100000] reference-disagreement grammarish-member-list len=301 artifacts=41 advent-overaccept=23 advent-underaccept=12 compiler-timeout=2 reference-disagreement=1652 same=23887 tree-difference=6
[25585/100000] reference-disagreement func-body len=458 artifacts=41 advent-overaccept=23 advent-underaccept=12 compiler-timeout=2 reference-disagreement=1653 same=23889 tree-difference=6
[25596/100000] reference-disagreement tspl-divergence-protocol-body len=179 artifacts=41 advent-overaccept=23 advent-underaccept=12 compiler-timeout=2 reference-disagreement=1654 same=23899 tree-difference=6
[25622/100000] reference-disagreement wide:after-statement:raw:statement:testTypedThrows#3 len=47 artifacts=41 advent-overaccept=23 advent-underaccept=12 compiler-timeout=2 reference-disagreement=1655 same=23924 tree-difference=6
[25623/100000] reference-disagreement wide:func-body:space+space+newline:real:DeclSyntaxParseable:50 len=71 artifacts=41 advent-overaccept=23 advent-underaccept=12 compiler-timeout=2 reference-disagreement=1656 same=23924 tree-difference=6
[25671/100000] reference-disagreement wide:before-statement:newline+block-comment+glue:phase4-coroutine:op-designated len=61 artifacts=41 advent-overaccept=23 advent-underaccept=12 compiler-timeout=2 reference-disagreement=1657 same=23971 tree-difference=6
[25685/100000] reference-disagreement attribute-ifconfig-elseif-list len=118 artifacts=41 advent-overaccept=23 advent-underaccept=12 compiler-timeout=2 reference-disagreement=1658 same=23984 tree-difference=6
[25701/100000] reference-disagreement wide:func-body:raw:real:Message:74 len=313 artifacts=41 advent-overaccept=23 advent-underaccept=12 compiler-timeout=2 reference-disagreement=1659 same=23999 tree-difference=6
[25702/100000] reference-disagreement wide:extension-member:newline+keyword+swap:declaration:testBorrowingConsumingParameterSpecifiers#24 len=98 artifacts=41 advent-overaccept=23 advent-underaccept=12 compiler-timeout=2 reference-disagreement=1660 same=23999 tree-difference=6
[25733/100000] reference-disagreement wide:extension-member:raw:real:SyntaxProtocol+Initializer:84+real:Parameters:29 len=734 artifacts=41 advent-overaccept=23 advent-underaccept=12 compiler-timeout=2 reference-disagreement=1661 same=24029 tree-difference=6
[25750/100000] same wide:struct-member:newline+duplicate:real:ScopeImplementations:758 len=354 artifacts=41 advent-overaccept=23 advent-underaccept=12 compiler-timeout=2 reference-disagreement=1661 same=24046 tree-difference=6
[25762/100000] reference-disagreement wide:trailing-closure:newline+space:expression:testKeyPathMethodAndInitializers#4+declaration:testProtocolParsing#3 len=152 artifacts=41 advent-overaccept=23 advent-underaccept=12 compiler-timeout=2 reference-disagreement=1662 same=24057 tree-difference=6
[25763/100000] reference-disagreement wide:struct-member:raw:real:SyntaxNodeWithBody:211+translated:testRecovery113#1 len=117 artifacts=41 advent-overaccept=23 advent-underaccept=12 compiler-timeout=2 reference-disagreement=1663 same=24057 tree-difference=6
[25772/100000] reference-disagreement wide:closure:glue:translated:testModuleSelectorWhitespace#5+real:SyntaxTraits:684 len=107 artifacts=41 advent-overaccept=23 advent-underaccept=12 compiler-timeout=2 reference-disagreement=1664 same=24065 tree-difference=6
[25795/100000] reference-disagreement statement-list len=552 artifacts=41 advent-overaccept=23 advent-underaccept=12 compiler-timeout=2 reference-disagreement=1665 same=24087 tree-difference=6
[25813/100000] reference-disagreement seed-corpus-wrapped:preconcurrency-import len=49 artifacts=41 advent-overaccept=23 advent-underaccept=12 compiler-timeout=2 reference-disagreement=1666 same=24104 tree-difference=6
[25819/100000] reference-disagreement wide:trailing-closure:splice+space:translated:testSwitch80#1 len=121 artifacts=41 advent-overaccept=23 advent-underaccept=12 compiler-timeout=2 reference-disagreement=1667 same=24109 tree-difference=6
[25830/100000] reference-disagreement wide:closure:raw:real:ParserDiagnosticMessages:26 len=110 artifacts=41 advent-overaccept=23 advent-underaccept=12 compiler-timeout=2 reference-disagreement=1668 same=24119 tree-difference=6
[25831/100000] reference-disagreement tspl-divergence-protocol-body len=229 artifacts=41 advent-overaccept=23 advent-underaccept=12 compiler-timeout=2 reference-disagreement=1669 same=24119 tree-difference=6
[25838/100000] reference-disagreement wide:trailing-closure:raw:real:IncrementalParseTestUtils:148 len=582 artifacts=41 advent-overaccept=23 advent-underaccept=12 compiler-timeout=2 reference-disagreement=1670 same=24125 tree-difference=6
[25845/100000] reference-disagreement wide:func-body:keyword:real:SyntaxCollections:2086 len=472 artifacts=41 advent-overaccept=23 advent-underaccept=12 compiler-timeout=2 reference-disagreement=1671 same=24131 tree-difference=6
[25853/100000] reference-disagreement keypath-component-matrix len=36 artifacts=41 advent-overaccept=23 advent-underaccept=12 compiler-timeout=2 reference-disagreement=1672 same=24138 tree-difference=6
[25886/100000] reference-disagreement wide:trailing-closure:glue:real:ResultBuilders:642 len=372 artifacts=41 advent-overaccept=23 advent-underaccept=12 compiler-timeout=2 reference-disagreement=1673 same=24170 tree-difference=6
[25930/100000] reference-disagreement wide:closure:raw:real:TriviaPieces:24 len=1235 artifacts=41 advent-overaccept=23 advent-underaccept=12 compiler-timeout=2 reference-disagreement=1674 same=24213 tree-difference=6
[25964/100000] reference-disagreement wide:closure:raw:real:SyntaxExpressibleByStringInterpolationConformances:250 len=94 artifacts=41 advent-overaccept=23 advent-underaccept=12 compiler-timeout=2 reference-disagreement=1675 same=24246 tree-difference=6
[26000/100000] same wide:closure:raw:reject:testRecovery90#1+translated:testInvalidStringInterpolationProtocol5#1 len=303 artifacts=41 advent-overaccept=23 advent-underaccept=12 compiler-timeout=2 reference-disagreement=1675 same=24282 tree-difference=6
[26031/100000] reference-disagreement wide:struct-member:raw:translated:testMatchingPatterns29#1 len=221 artifacts=41 advent-overaccept=23 advent-underaccept=12 compiler-timeout=2 reference-disagreement=1676 same=24312 tree-difference=6
[26045/100000] reference-disagreement wide:trailing-closure:line-comment+splice:real:RefactoringProvider:50 len=574 artifacts=41 advent-overaccept=23 advent-underaccept=12 compiler-timeout=2 reference-disagreement=1677 same=24325 tree-difference=6
[26071/100000] reference-disagreement grammarish-member-list len=268 artifacts=41 advent-overaccept=23 advent-underaccept=12 compiler-timeout=2 reference-disagreement=1678 same=24350 tree-difference=6
[26076/100000] reference-disagreement wide:after-statement:glue:translated:testForwardSlashRegex32#1+declaration:testAttributedMacroExpansionDeclaration#10 len=90 artifacts=41 advent-overaccept=23 advent-underaccept=12 compiler-timeout=2 reference-disagreement=1679 same=24354 tree-difference=6
[26113/100000] reference-disagreement wide:trailing-closure:raw:real:SwiftSyntaxCompatibility:747 len=907 artifacts=41 advent-overaccept=23 advent-underaccept=12 compiler-timeout=2 reference-disagreement=1680 same=24390 tree-difference=6
[26129/100000] reference-disagreement wide:top:newline:fuzz-harvest:ifconfig-postfix len=36 artifacts=41 advent-overaccept=23 advent-underaccept=12 compiler-timeout=2 reference-disagreement=1681 same=24405 tree-difference=6
[26135/100000] reference-disagreement keypath-boundary len=33 artifacts=41 advent-overaccept=23 advent-underaccept=12 compiler-timeout=2 reference-disagreement=1682 same=24410 tree-difference=6
[26137/100000] reference-disagreement wide:trailing-closure:space+newline+delete:real:LayoutNodes+Parsable:26 len=793 artifacts=41 advent-overaccept=23 advent-underaccept=12 compiler-timeout=2 reference-disagreement=1683 same=24411 tree-difference=6
[26148/100000] reference-disagreement wide:extension-member:raw:translated:testDiagnoseAvailability5#1 len=98 artifacts=41 advent-overaccept=23 advent-underaccept=12 compiler-timeout=2 reference-disagreement=1684 same=24421 tree-difference=6
[26212/100000] reference-disagreement member-list-wide-boundary len=179 artifacts=41 advent-overaccept=23 advent-underaccept=12 compiler-timeout=2 reference-disagreement=1685 same=24484 tree-difference=6
[26216/100000] reference-disagreement wide:before-statement:delete+block-comment:translated:testEffectfulProperties10#1 len=336 artifacts=41 advent-overaccept=23 advent-underaccept=12 compiler-timeout=2 reference-disagreement=1686 same=24487 tree-difference=6
[26217/100000] reference-disagreement cast-try-operator-cluster len=24 artifacts=41 advent-overaccept=23 advent-underaccept=12 compiler-timeout=2 reference-disagreement=1687 same=24487 tree-difference=6
[26222/100000] reference-disagreement wide:trailing-closure:delete+glue:real:Expressions:2820 len=548 artifacts=41 advent-overaccept=23 advent-underaccept=12 compiler-timeout=2 reference-disagreement=1688 same=24491 tree-difference=6
[26240/100000] reference-disagreement wide:before-statement:raw:translated:testInvalid16a#1 len=55 artifacts=41 advent-overaccept=23 advent-underaccept=12 compiler-timeout=2 reference-disagreement=1689 same=24508 tree-difference=6
[26250/100000] same wide:trailing-closure:newline+glue:reject:testMissingOpeningParenInFunctionSignature#1+reject:testConflictMarkers7#1 len=250 artifacts=41 advent-overaccept=23 advent-underaccept=12 compiler-timeout=2 reference-disagreement=1689 same=24518 tree-difference=6
[26254/100000] reference-disagreement keypath-boundary len=38 artifacts=41 advent-overaccept=23 advent-underaccept=12 compiler-timeout=2 reference-disagreement=1690 same=24521 tree-difference=6
[26255/100000] reference-disagreement wide:closure:raw:real:BasicFormat:664 len=409 artifacts=41 advent-overaccept=23 advent-underaccept=12 compiler-timeout=2 reference-disagreement=1691 same=24521 tree-difference=6
[26267/100000] reference-disagreement wide:struct-member:newline+newline:translated:testSubscripting19#1 len=94 artifacts=41 advent-overaccept=23 advent-underaccept=12 compiler-timeout=2 reference-disagreement=1692 same=24532 tree-difference=6
[26325/100000] reference-disagreement wide:closure:block-comment:real:SyntaxEnum:1200 len=933 artifacts=41 advent-overaccept=23 advent-underaccept=12 compiler-timeout=2 reference-disagreement=1693 same=24589 tree-difference=6
[26352/100000] reference-disagreement binding-pattern len=458 artifacts=41 advent-overaccept=23 advent-underaccept=12 compiler-timeout=2 reference-disagreement=1694 same=24615 tree-difference=6
[26371/100000] reference-disagreement wide:trailing-closure:space+splice:real:ScopeImplementations:64 len=760 artifacts=41 advent-overaccept=23 advent-underaccept=12 compiler-timeout=2 reference-disagreement=1695 same=24633 tree-difference=6
[26378/100000] reference-disagreement wide:closure:block-comment:translated:testInvalidStringInterpolationProtocol5#1 len=269 artifacts=41 advent-overaccept=23 advent-underaccept=12 compiler-timeout=2 reference-disagreement=1696 same=24639 tree-difference=6
[26381/100000] reference-disagreement wide:func-body:raw:real:SyntaxCollections:251 len=482 artifacts=41 advent-overaccept=23 advent-underaccept=12 compiler-timeout=2 reference-disagreement=1697 same=24641 tree-difference=6
[26393/100000] reference-disagreement wide:closure:space:real:CollectionNodes+Parsable:118 len=778 artifacts=41 advent-overaccept=23 advent-underaccept=12 compiler-timeout=2 reference-disagreement=1698 same=24652 tree-difference=6
[26420/100000] reference-disagreement wide:top:block-comment:translated:testSwitch48#1 len=94 artifacts=41 advent-overaccept=23 advent-underaccept=12 compiler-timeout=2 reference-disagreement=1699 same=24678 tree-difference=6
[26434/100000] reference-disagreement wide:trailing-closure:raw:real:GenerateSwiftSyntaxAST:28+real:SyntaxExpressibleByStringInterpolationConformances:94 len=370 artifacts=41 advent-overaccept=23 advent-underaccept=12 compiler-timeout=2 reference-disagreement=1700 same=24691 tree-difference=6
[26460/100000] reference-disagreement tspl-divergence-protocol-body len=202 artifacts=41 advent-overaccept=23 advent-underaccept=12 compiler-timeout=2 reference-disagreement=1701 same=24716 tree-difference=6
[26470/100000] reference-disagreement wide:trailing-closure:newline+duplicate:translated:testOptionalLvalues2#1 len=266 artifacts=41 advent-overaccept=23 advent-underaccept=12 compiler-timeout=2 reference-disagreement=1702 same=24725 tree-difference=6
[26483/100000] reference-disagreement binding-pattern len=458 artifacts=41 advent-overaccept=23 advent-underaccept=12 compiler-timeout=2 reference-disagreement=1703 same=24737 tree-difference=6
[26500/100000] same frontier:parser-mode-scope len=58 artifacts=41 advent-overaccept=23 advent-underaccept=12 compiler-timeout=2 reference-disagreement=1703 same=24754 tree-difference=6
[26505/100000] advent-underaccept wide:struct-member:block-comment:real:TokenSpecSet:157 len=603 artifacts=42 advent-overaccept=23 advent-underaccept=13 compiler-timeout=2 reference-disagreement=1703 same=24758 tree-difference=6
[26557/100000] reference-disagreement declaration-modifier-stack len=34 artifacts=42 advent-overaccept=23 advent-underaccept=13 compiler-timeout=2 reference-disagreement=1704 same=24809 tree-difference=6
[26576/100000] reference-disagreement wide:extension-member:delete+line-comment+newline:statement:testYield#1+phase3-function:func-async len=77 artifacts=42 advent-overaccept=23 advent-underaccept=13 compiler-timeout=2 reference-disagreement=1705 same=24827 tree-difference=6
[26597/100000] reference-disagreement seed-corpus-wrapped:extension-optional-type len=42 artifacts=42 advent-overaccept=23 advent-underaccept=13 compiler-timeout=2 reference-disagreement=1706 same=24847 tree-difference=6
[26603/100000] reference-disagreement tspl-divergence-protocol-body len=155 artifacts=42 advent-overaccept=23 advent-underaccept=13 compiler-timeout=2 reference-disagreement=1707 same=24852 tree-difference=6
[26621/100000] reference-disagreement wide:func-body:raw:real:SyntaxTraits:812 len=64 artifacts=42 advent-overaccept=23 advent-underaccept=13 compiler-timeout=2 reference-disagreement=1708 same=24869 tree-difference=6
[26635/100000] reference-disagreement wide:struct-member:glue+glue:real:Diagnostic:110 len=864 artifacts=42 advent-overaccept=23 advent-underaccept=13 compiler-timeout=2 reference-disagreement=1709 same=24882 tree-difference=6
[26641/100000] reference-disagreement tspl-divergence-protocol-body len=207 artifacts=42 advent-overaccept=23 advent-underaccept=13 compiler-timeout=2 reference-disagreement=1710 same=24887 tree-difference=6
[26658/100000] reference-disagreement wide:ifconfig:glue+glue+block-comment:reject:testKeypathExpression#2 len=38 artifacts=42 advent-overaccept=23 advent-underaccept=13 compiler-timeout=2 reference-disagreement=1711 same=24903 tree-difference=6
[26681/100000] reference-disagreement func-body len=467 artifacts=42 advent-overaccept=23 advent-underaccept=13 compiler-timeout=2 reference-disagreement=1712 same=24925 tree-difference=6
[26689/100000] reference-disagreement wide:trailing-closure:raw:real:MemberMacro:73 len=883 artifacts=42 advent-overaccept=23 advent-underaccept=13 compiler-timeout=2 reference-disagreement=1713 same=24932 tree-difference=6
[26711/100000] reference-disagreement member-list-wide-boundary len=133 artifacts=42 advent-overaccept=23 advent-underaccept=13 compiler-timeout=2 reference-disagreement=1714 same=24953 tree-difference=6
[26725/100000] reference-disagreement wide:func-body:line-comment:real:ConvenienceInitializers:176 len=216 artifacts=42 advent-overaccept=23 advent-underaccept=13 compiler-timeout=2 reference-disagreement=1715 same=24966 tree-difference=6
[26739/100000] reference-disagreement wide:struct-member:block-comment:translated:testForwardSlashRegex1#1 len=77 artifacts=42 advent-overaccept=23 advent-underaccept=13 compiler-timeout=2 reference-disagreement=1716 same=24979 tree-difference=6
[26740/100000] reference-disagreement wide:closure:raw:real:SyntaxTraits:684+translated:testTupleTypeExpr#10 len=113 artifacts=42 advent-overaccept=23 advent-underaccept=13 compiler-timeout=2 reference-disagreement=1717 same=24979 tree-difference=6
[26750/100000] same frontier:protocol-accessor-shape len=117 artifacts=42 advent-overaccept=23 advent-underaccept=13 compiler-timeout=2 reference-disagreement=1717 same=24989 tree-difference=6
[26761/100000] reference-disagreement wide:struct-member:keyword+space+space:real:ParserDiagnosticMessages:431+real:WarningControlRegionBuilder:146 len=786 artifacts=42 advent-overaccept=23 advent-underaccept=13 compiler-timeout=2 reference-disagreement=1718 same=24999 tree-difference=6
[26780/100000] reference-disagreement tspl-divergence-protocol-body len=164 artifacts=42 advent-overaccept=23 advent-underaccept=13 compiler-timeout=2 reference-disagreement=1719 same=25017 tree-difference=6
[26784/100000] reference-disagreement declaration-modifier-stack len=34 artifacts=42 advent-overaccept=23 advent-underaccept=13 compiler-timeout=2 reference-disagreement=1720 same=25020 tree-difference=6
[26826/100000] reference-disagreement grammarish-member-list len=174 artifacts=42 advent-overaccept=23 advent-underaccept=13 compiler-timeout=2 reference-disagreement=1721 same=25061 tree-difference=6
[26840/100000] reference-disagreement wide:func-body:newline+keyword:real:LibraryPluginProvider:162 len=266 artifacts=42 advent-overaccept=23 advent-underaccept=13 compiler-timeout=2 reference-disagreement=1722 same=25074 tree-difference=6
[26842/100000] reference-disagreement wide:ifconfig:line-comment+glue:expression:testBorrowExpression#2 len=36 artifacts=42 advent-overaccept=23 advent-underaccept=13 compiler-timeout=2 reference-disagreement=1723 same=25075 tree-difference=6
[26844/100000] reference-disagreement member-list-wide-boundary len=519 artifacts=42 advent-overaccept=23 advent-underaccept=13 compiler-timeout=2 reference-disagreement=1724 same=25076 tree-difference=6
[26858/100000] reference-disagreement tspl-divergence-protocol-body len=185 artifacts=42 advent-overaccept=23 advent-underaccept=13 compiler-timeout=2 reference-disagreement=1725 same=25089 tree-difference=6
[26864/100000] reference-disagreement grammarish-member-list len=276 artifacts=42 advent-overaccept=23 advent-underaccept=13 compiler-timeout=2 reference-disagreement=1726 same=25094 tree-difference=6
[26874/100000] reference-disagreement wide:struct-member:newline:real:ConvenienceInitializers:219 len=213 artifacts=42 advent-overaccept=23 advent-underaccept=13 compiler-timeout=2 reference-disagreement=1727 same=25103 tree-difference=6
[26887/100000] reference-disagreement tspl-divergence-protocol-body len=227 artifacts=42 advent-overaccept=23 advent-underaccept=13 compiler-timeout=2 reference-disagreement=1728 same=25115 tree-difference=6
[26898/100000] reference-disagreement wide:func-body:newline:real:Names:371 len=258 artifacts=42 advent-overaccept=23 advent-underaccept=13 compiler-timeout=2 reference-disagreement=1729 same=25125 tree-difference=6
[26922/100000] reference-disagreement cast-try-operator-cluster len=24 artifacts=42 advent-overaccept=23 advent-underaccept=13 compiler-timeout=2 reference-disagreement=1730 same=25148 tree-difference=6
[26925/100000] reference-disagreement wide:trailing-closure:keyword:real:ResultBuilderExtensions:97 len=369 artifacts=42 advent-overaccept=23 advent-underaccept=13 compiler-timeout=2 reference-disagreement=1731 same=25150 tree-difference=6
[26937/100000] reference-disagreement member-list-wide-boundary len=321 artifacts=42 advent-overaccept=23 advent-underaccept=13 compiler-timeout=2 reference-disagreement=1732 same=25161 tree-difference=6
[26939/100000] reference-disagreement wide:struct-member:line-comment+keyword+glue:real:CustomTraits:68 len=165 artifacts=42 advent-overaccept=23 advent-underaccept=13 compiler-timeout=2 reference-disagreement=1733 same=25162 tree-difference=6
[27000/100000] same frontier:condition-trailing-closure-scope len=467 artifacts=42 advent-overaccept=23 advent-underaccept=13 compiler-timeout=2 reference-disagreement=1733 same=25223 tree-difference=6
[27006/100000] reference-disagreement wide:trailing-closure:raw:real:LayoutNodes+Parsable:159 len=198 artifacts=42 advent-overaccept=23 advent-underaccept=13 compiler-timeout=2 reference-disagreement=1734 same=25228 tree-difference=6
[27022/100000] reference-disagreement wide:before-statement:keyword+space:real:Expressions:2820 len=554 artifacts=42 advent-overaccept=23 advent-underaccept=13 compiler-timeout=2 reference-disagreement=1735 same=25243 tree-difference=6
[27047/100000] reference-disagreement wide:trailing-closure:newline+block-comment+block-comment:real:SyntaxEnum:1291 len=914 artifacts=42 advent-overaccept=23 advent-underaccept=13 compiler-timeout=2 reference-disagreement=1736 same=25267 tree-difference=6
[27066/100000] reference-disagreement tspl-divergence-protocol-body len=175 artifacts=42 advent-overaccept=23 advent-underaccept=13 compiler-timeout=2 reference-disagreement=1737 same=25285 tree-difference=6
[27072/100000] reference-disagreement wide:closure:block-comment:real:MissingNodesError:353 len=194 artifacts=42 advent-overaccept=23 advent-underaccept=13 compiler-timeout=2 reference-disagreement=1738 same=25290 tree-difference=6
[27092/100000] reference-disagreement wide:struct-member:splice+newline:real:Convenience:128 len=304 artifacts=42 advent-overaccept=23 advent-underaccept=13 compiler-timeout=2 reference-disagreement=1739 same=25309 tree-difference=6
[27118/100000] reference-disagreement wide:trailing-closure:raw:real:BuildableNodes:1301 len=1053 artifacts=42 advent-overaccept=23 advent-underaccept=13 compiler-timeout=2 reference-disagreement=1740 same=25334 tree-difference=6
[27129/100000] reference-disagreement wide:closure:raw:real:SyntaxCollections:799+translated:testForwardSlashRegex8#1 len=582 artifacts=42 advent-overaccept=23 advent-underaccept=13 compiler-timeout=2 reference-disagreement=1741 same=25344 tree-difference=6
[27162/100000] reference-disagreement wide:closure:block-comment:declaration:testImports#1 len=44 artifacts=42 advent-overaccept=23 advent-underaccept=13 compiler-timeout=2 reference-disagreement=1742 same=25376 tree-difference=6
[27182/100000] reference-disagreement member-list-wide-boundary len=263 artifacts=42 advent-overaccept=23 advent-underaccept=13 compiler-timeout=2 reference-disagreement=1743 same=25395 tree-difference=6
[27183/100000] reference-disagreement wide:trailing-closure:block-comment:real:SwiftSyntaxCompatibility:247+expression:testKeypathExpression#3 len=170 artifacts=42 advent-overaccept=23 advent-underaccept=13 compiler-timeout=2 reference-disagreement=1744 same=25395 tree-difference=6
[27186/100000] reference-disagreement wide:func-body:raw:expression:testKeypathExpressionWithSugaredRoot#8+real:ScopeImplementations:746 len=182 artifacts=42 advent-overaccept=23 advent-underaccept=13 compiler-timeout=2 reference-disagreement=1745 same=25397 tree-difference=6
[27191/100000] reference-disagreement keypath-boundary len=36 artifacts=42 advent-overaccept=23 advent-underaccept=13 compiler-timeout=2 reference-disagreement=1746 same=25401 tree-difference=6
[27222/100000] reference-disagreement wide:struct-member:newline:real:BasicFormat:664 len=403 artifacts=42 advent-overaccept=23 advent-underaccept=13 compiler-timeout=2 reference-disagreement=1747 same=25431 tree-difference=6
[27223/100000] reference-disagreement wide:closure:block-comment:real:NominalTypeDeclSyntax:16 len=331 artifacts=42 advent-overaccept=23 advent-underaccept=13 compiler-timeout=2 reference-disagreement=1748 same=25431 tree-difference=6
[27250/100000] same wide:ifconfig:line-comment+swap:translated:testEnum48#1+reject:testEffectfulProperties19#1 len=189 artifacts=42 advent-overaccept=23 advent-underaccept=13 compiler-timeout=2 reference-disagreement=1748 same=25458 tree-difference=6
[27266/100000] reference-disagreement wide:before-statement:raw:translated:testOperatorDeclDesignatedTypes14#1 len=76 artifacts=42 advent-overaccept=23 advent-underaccept=13 compiler-timeout=2 reference-disagreement=1749 same=25473 tree-difference=6
[27294/100000] reference-disagreement wide:trailing-closure:line-comment:real:RenamedChildrenBuilderCompatibility:547+type:testNonisolatedSpecifier#4 len=1103 artifacts=42 advent-overaccept=23 advent-underaccept=13 compiler-timeout=2 reference-disagreement=1750 same=25500 tree-difference=6
[27309/100000] reference-disagreement wide:func-body:glue:translated:testForwardSlashRegexSkipping8#1+real:ResultBuilders:163 len=168 artifacts=42 advent-overaccept=23 advent-underaccept=13 compiler-timeout=2 reference-disagreement=1751 same=25514 tree-difference=6
[27314/100000] reference-disagreement wide:closure:raw:real:ResultBuilders:258 len=247 artifacts=42 advent-overaccept=23 advent-underaccept=13 compiler-timeout=2 reference-disagreement=1752 same=25518 tree-difference=6
[27320/100000] reference-disagreement attribute-ifconfig-elseif-list len=110 artifacts=42 advent-overaccept=23 advent-underaccept=13 compiler-timeout=2 reference-disagreement=1753 same=25523 tree-difference=6
[27323/100000] reference-disagreement tspl-divergence-protocol-body len=198 artifacts=42 advent-overaccept=23 advent-underaccept=13 compiler-timeout=2 reference-disagreement=1754 same=25525 tree-difference=6
[27326/100000] reference-disagreement wide:top:block-comment+glue:translated:testDeprecatedWhere6#1 len=125 artifacts=42 advent-overaccept=23 advent-underaccept=13 compiler-timeout=2 reference-disagreement=1755 same=25527 tree-difference=6
[27329/100000] reference-disagreement wide:extension-member:raw:real:WarningControlRegionBuilder:91 len=275 artifacts=42 advent-overaccept=23 advent-underaccept=13 compiler-timeout=2 reference-disagreement=1756 same=25529 tree-difference=6
[27330/100000] reference-disagreement wide:func-body:newline+block-comment:expression:testKeyPathMethodAndInitializers#8 len=35 artifacts=42 advent-overaccept=23 advent-underaccept=13 compiler-timeout=2 reference-disagreement=1757 same=25529 tree-difference=6
[27346/100000] advent-overaccept wide:trailing-closure:block-comment:phase4-macro:inout-member len=34 artifacts=43 advent-overaccept=24 advent-underaccept=13 compiler-timeout=2 reference-disagreement=1757 same=25544 tree-difference=6
[27348/100000] reference-disagreement tspl-divergence-accessor-commitment len=49 artifacts=43 advent-overaccept=24 advent-underaccept=13 compiler-timeout=2 reference-disagreement=1758 same=25545 tree-difference=6
[27350/100000] reference-disagreement keypath-boundary len=33 artifacts=43 advent-overaccept=24 advent-underaccept=13 compiler-timeout=2 reference-disagreement=1759 same=25546 tree-difference=6
[27356/100000] reference-disagreement seed-corpus-wrapped:declaration-modifier-stack len=54 artifacts=43 advent-overaccept=24 advent-underaccept=13 compiler-timeout=2 reference-disagreement=1760 same=25551 tree-difference=6
[27364/100000] reference-disagreement wide:func-body:newline+keyword:real:MacroExpansionDiagnosticMessages:45 len=355 artifacts=43 advent-overaccept=24 advent-underaccept=13 compiler-timeout=2 reference-disagreement=1761 same=25558 tree-difference=6
[27377/100000] reference-disagreement wide:struct-member:raw:translated:testSubscripting19#1 len=102 artifacts=43 advent-overaccept=24 advent-underaccept=13 compiler-timeout=2 reference-disagreement=1762 same=25570 tree-difference=6
[27381/100000] reference-disagreement tspl-divergence-protocol-body len=211 artifacts=43 advent-overaccept=24 advent-underaccept=13 compiler-timeout=2 reference-disagreement=1763 same=25573 tree-difference=6
[27388/100000] reference-disagreement wide:struct-member:space+space+newline:real:SyntaxTraits:846 len=82 artifacts=43 advent-overaccept=24 advent-underaccept=13 compiler-timeout=2 reference-disagreement=1764 same=25579 tree-difference=6
[27397/100000] reference-disagreement member-list-wide-boundary len=318 artifacts=43 advent-overaccept=24 advent-underaccept=13 compiler-timeout=2 reference-disagreement=1765 same=25587 tree-difference=6
[27413/100000] reference-disagreement tspl-divergence-protocol-body len=202 artifacts=43 advent-overaccept=24 advent-underaccept=13 compiler-timeout=2 reference-disagreement=1766 same=25602 tree-difference=6
[27414/100000] reference-disagreement wide:trailing-closure:space+line-comment:real:SyntaxExpressibleByStringInterpolationConformances:220 len=79 artifacts=43 advent-overaccept=24 advent-underaccept=13 compiler-timeout=2 reference-disagreement=1767 same=25602 tree-difference=6
[27443/100000] reference-disagreement attribute-ifconfig-elseif-list len=129 artifacts=43 advent-overaccept=24 advent-underaccept=13 compiler-timeout=2 reference-disagreement=1768 same=25630 tree-difference=6
[27452/100000] reference-disagreement wide:trailing-closure:raw:real:Parser:909 len=413 artifacts=43 advent-overaccept=24 advent-underaccept=13 compiler-timeout=2 reference-disagreement=1769 same=25638 tree-difference=6
[27455/100000] reference-disagreement wide:ifconfig:newline+keyword:statement:testYield#2 len=487 artifacts=43 advent-overaccept=24 advent-underaccept=13 compiler-timeout=2 reference-disagreement=1770 same=25640 tree-difference=6
[27485/100000] reference-disagreement wide:trailing-closure:block-comment+glue+block-comment:real:SyntaxTraits:730 len=84 artifacts=43 advent-overaccept=24 advent-underaccept=13 compiler-timeout=2 reference-disagreement=1771 same=25669 tree-difference=6
[27500/100000] same ifconfig-member-context-boundary len=79 artifacts=43 advent-overaccept=24 advent-underaccept=13 compiler-timeout=2 reference-disagreement=1771 same=25684 tree-difference=6
[27506/100000] reference-disagreement wide:top:delete+line-comment+line-comment:expression:testClosureLiterals#2 len=56 artifacts=43 advent-overaccept=24 advent-underaccept=13 compiler-timeout=2 reference-disagreement=1772 same=25689 tree-difference=6
[27511/100000] reference-disagreement grammarish-member-list len=174 artifacts=43 advent-overaccept=24 advent-underaccept=13 compiler-timeout=2 reference-disagreement=1773 same=25693 tree-difference=6
[27519/100000] reference-disagreement member-list-wide-boundary len=110 artifacts=43 advent-overaccept=24 advent-underaccept=13 compiler-timeout=2 reference-disagreement=1774 same=25700 tree-difference=6
[27533/100000] reference-disagreement tspl-divergence-protocol-body len=195 artifacts=43 advent-overaccept=24 advent-underaccept=13 compiler-timeout=2 reference-disagreement=1775 same=25713 tree-difference=6
[27545/100000] reference-disagreement wide:interpolation:block-comment:translated:testTupleTypeExpr#10 len=39 artifacts=43 advent-overaccept=24 advent-underaccept=13 compiler-timeout=2 reference-disagreement=1776 same=25724 tree-difference=6
[27553/100000] reference-disagreement wide:struct-member:newline+glue:real:SyntaxExpressibleByStringInterpolationConformances:226 len=165 artifacts=43 advent-overaccept=24 advent-underaccept=13 compiler-timeout=2 reference-disagreement=1777 same=25731 tree-difference=6
[27593/100000] reference-disagreement wide:trailing-closure:raw:real:SyntaxTraits:724 len=66 artifacts=43 advent-overaccept=24 advent-underaccept=13 compiler-timeout=2 reference-disagreement=1778 same=25770 tree-difference=6
[27609/100000] reference-disagreement wide:struct-member:raw:real:SyntaxTraits:36 len=393 artifacts=43 advent-overaccept=24 advent-underaccept=13 compiler-timeout=2 reference-disagreement=1779 same=25785 tree-difference=6
[27611/100000] reference-disagreement grammarish-member-list len=248 artifacts=43 advent-overaccept=24 advent-underaccept=13 compiler-timeout=2 reference-disagreement=1780 same=25786 tree-difference=6
[27628/100000] reference-disagreement tspl-divergence-protocol-body len=131 artifacts=43 advent-overaccept=24 advent-underaccept=13 compiler-timeout=2 reference-disagreement=1781 same=25802 tree-difference=6
[27633/100000] reference-disagreement wide:closure:line-comment:real:SyntaxExpressibleByStringInterpolationConformances:169 len=110 artifacts=43 advent-overaccept=24 advent-underaccept=13 compiler-timeout=2 reference-disagreement=1782 same=25806 tree-difference=6
[27697/100000] reference-disagreement attribute-ifconfig-elseif-list len=107 artifacts=43 advent-overaccept=24 advent-underaccept=13 compiler-timeout=2 reference-disagreement=1783 same=25869 tree-difference=6
[27716/100000] reference-disagreement wide:closure:raw:translated:testForwardSlashRegex10#1 len=91 artifacts=43 advent-overaccept=24 advent-underaccept=13 compiler-timeout=2 reference-disagreement=1784 same=25887 tree-difference=6
[27723/100000] reference-disagreement wide:trailing-closure:glue:real:BuildableNodes:1017+declaration:testModifiedParameter#2 len=1114 artifacts=43 advent-overaccept=24 advent-underaccept=13 compiler-timeout=2 reference-disagreement=1785 same=25893 tree-difference=6
[27728/100000] reference-disagreement cast-try-operator-cluster len=24 artifacts=43 advent-overaccept=24 advent-underaccept=13 compiler-timeout=2 reference-disagreement=1786 same=25897 tree-difference=6
[27729/100000] reference-disagreement wide:closure:raw:real:ConvenienceInitializers:40 len=172 artifacts=43 advent-overaccept=24 advent-underaccept=13 compiler-timeout=2 reference-disagreement=1787 same=25897 tree-difference=6
[27750/100000] same wide:closure:newline+block-comment:reject:testModuleSelectorIncorrectNestedDecls#1 len=72 artifacts=43 advent-overaccept=24 advent-underaccept=13 compiler-timeout=2 reference-disagreement=1787 same=25918 tree-difference=6
[27757/100000] reference-disagreement tspl-divergence-accessor-commitment len=78 artifacts=43 advent-overaccept=24 advent-underaccept=13 compiler-timeout=2 reference-disagreement=1788 same=25924 tree-difference=6
[27758/100000] reference-disagreement wide:struct-member:raw:real:LayoutNodes+Parsable:167 len=210 artifacts=43 advent-overaccept=24 advent-underaccept=13 compiler-timeout=2 reference-disagreement=1789 same=25924 tree-difference=6
[27761/100000] reference-disagreement tspl-divergence-protocol-body len=136 artifacts=43 advent-overaccept=24 advent-underaccept=13 compiler-timeout=2 reference-disagreement=1790 same=25926 tree-difference=6
[27773/100000] reference-disagreement wide:top:raw:expression:testKeyPathMethodAndInitializers#8 len=13 artifacts=43 advent-overaccept=24 advent-underaccept=13 compiler-timeout=2 reference-disagreement=1791 same=25937 tree-difference=6
[27778/100000] reference-disagreement ifconfig-member-context-boundary len=71 artifacts=43 advent-overaccept=24 advent-underaccept=13 compiler-timeout=2 reference-disagreement=1792 same=25941 tree-difference=6
[27783/100000] reference-disagreement wide:closure:raw:real:ResultBuilders:719 len=190 artifacts=43 advent-overaccept=24 advent-underaccept=13 compiler-timeout=2 reference-disagreement=1793 same=25945 tree-difference=6
[27789/100000] reference-disagreement wide:func-body:line-comment+splice+space:translated:testPrefixSlash6#1+attribute:testSpecializeWithAvailability#1 len=234 artifacts=43 advent-overaccept=24 advent-underaccept=13 compiler-timeout=2 reference-disagreement=1794 same=25950 tree-difference=6
[27801/100000] reference-disagreement tspl-divergence-protocol-body len=240 artifacts=43 advent-overaccept=24 advent-underaccept=13 compiler-timeout=2 reference-disagreement=1795 same=25961 tree-difference=6
[27822/100000] reference-disagreement wide:after-statement:space:translated:testRecovery13#1 len=235 artifacts=43 advent-overaccept=24 advent-underaccept=13 compiler-timeout=2 reference-disagreement=1796 same=25981 tree-difference=6
[27903/100000] reference-disagreement grammarish-member-list len=256 artifacts=43 advent-overaccept=24 advent-underaccept=13 compiler-timeout=2 reference-disagreement=1797 same=26061 tree-difference=6
[27917/100000] reference-disagreement tspl-divergence-accessor-commitment len=49 artifacts=43 advent-overaccept=24 advent-underaccept=13 compiler-timeout=2 reference-disagreement=1798 same=26074 tree-difference=6
[27920/100000] reference-disagreement binding-pattern len=458 artifacts=43 advent-overaccept=24 advent-underaccept=13 compiler-timeout=2 reference-disagreement=1799 same=26076 tree-difference=6
[27931/100000] reference-disagreement tspl-divergence-protocol-body len=185 artifacts=43 advent-overaccept=24 advent-underaccept=13 compiler-timeout=2 reference-disagreement=1800 same=26086 tree-difference=6
[27967/100000] reference-disagreement binding-pattern len=458 artifacts=43 advent-overaccept=24 advent-underaccept=13 compiler-timeout=2 reference-disagreement=1801 same=26121 tree-difference=6
[27971/100000] reference-disagreement attribute-ifconfig-elseif-list len=119 artifacts=43 advent-overaccept=24 advent-underaccept=13 compiler-timeout=2 reference-disagreement=1802 same=26124 tree-difference=6
[28000/100000] same closure-call len=46 artifacts=43 advent-overaccept=24 advent-underaccept=13 compiler-timeout=2 reference-disagreement=1802 same=26153 tree-difference=6
[28006/100000] reference-disagreement attribute-ifconfig-elseif-list len=108 artifacts=43 advent-overaccept=24 advent-underaccept=13 compiler-timeout=2 reference-disagreement=1803 same=26158 tree-difference=6
[28048/100000] reference-disagreement wide:struct-member:line-comment+newline:real:SyntaxExpressibleByStringInterpolationConformances:232 len=93 artifacts=43 advent-overaccept=24 advent-underaccept=13 compiler-timeout=2 reference-disagreement=1804 same=26199 tree-difference=6
[28052/100000] reference-disagreement wide:closure:block-comment+space+glue:real:MacroArgument:149 len=565 artifacts=43 advent-overaccept=24 advent-underaccept=13 compiler-timeout=2 reference-disagreement=1805 same=26202 tree-difference=6
[28055/100000] reference-disagreement binding-pattern len=458 artifacts=43 advent-overaccept=24 advent-underaccept=13 compiler-timeout=2 reference-disagreement=1806 same=26204 tree-difference=6
[28060/100000] reference-disagreement wide:after-statement:line-comment+splice:translated:testEscapedIdentifiers6#1 len=30 artifacts=43 advent-overaccept=24 advent-underaccept=13 compiler-timeout=2 reference-disagreement=1807 same=26208 tree-difference=6
[28069/100000] reference-disagreement wide:func-body:raw:translated:testDeprecatedWhere5#1 len=282 artifacts=43 advent-overaccept=24 advent-underaccept=13 compiler-timeout=2 reference-disagreement=1808 same=26216 tree-difference=6
[28079/100000] reference-disagreement keypath-boundary len=37 artifacts=43 advent-overaccept=24 advent-underaccept=13 compiler-timeout=2 reference-disagreement=1809 same=26225 tree-difference=6
[28084/100000] reference-disagreement tspl-divergence-protocol-body len=144 artifacts=43 advent-overaccept=24 advent-underaccept=13 compiler-timeout=2 reference-disagreement=1810 same=26229 tree-difference=6
[28094/100000] reference-disagreement wide:top:delete:reject:testRecovery19#1 len=8 artifacts=43 advent-overaccept=24 advent-underaccept=13 compiler-timeout=2 reference-disagreement=1811 same=26238 tree-difference=6
[28100/100000] reference-disagreement keypath-boundary len=37 artifacts=43 advent-overaccept=24 advent-underaccept=13 compiler-timeout=2 reference-disagreement=1812 same=26243 tree-difference=6
[28109/100000] reference-disagreement wide:struct-member:raw:translated:testForwardSlashRegexSkippingAllowed9#1 len=71 artifacts=43 advent-overaccept=24 advent-underaccept=13 compiler-timeout=2 reference-disagreement=1813 same=26251 tree-difference=6
[28110/100000] reference-disagreement wide:closure:raw:real:EditorPlaceholder:69 len=69 artifacts=43 advent-overaccept=24 advent-underaccept=13 compiler-timeout=2 reference-disagreement=1814 same=26251 tree-difference=6
[28114/100000] reference-disagreement wide:trailing-closure:space:real:SyntaxTraits:682 len=113 artifacts=43 advent-overaccept=24 advent-underaccept=13 compiler-timeout=2 reference-disagreement=1815 same=26254 tree-difference=6
[28120/100000] reference-disagreement tspl-divergence-accessor-commitment len=49 artifacts=43 advent-overaccept=24 advent-underaccept=13 compiler-timeout=2 reference-disagreement=1816 same=26259 tree-difference=6
[28131/100000] reference-disagreement tspl-divergence-protocol-body len=229 artifacts=43 advent-overaccept=24 advent-underaccept=13 compiler-timeout=2 reference-disagreement=1817 same=26269 tree-difference=6
[28136/100000] reference-disagreement grammarish-member-list len=231 artifacts=43 advent-overaccept=24 advent-underaccept=13 compiler-timeout=2 reference-disagreement=1818 same=26273 tree-difference=6
[28141/100000] reference-disagreement statement-list len=458 artifacts=43 advent-overaccept=24 advent-underaccept=13 compiler-timeout=2 reference-disagreement=1819 same=26277 tree-difference=6
[28152/100000] advent-underaccept wide:closure:splice:translated:testForwardSlashRegex138#1 len=34 artifacts=44 advent-overaccept=24 advent-underaccept=14 compiler-timeout=2 reference-disagreement=1819 same=26287 tree-difference=6
[28162/100000] reference-disagreement member-list-wide-boundary len=301 artifacts=44 advent-overaccept=24 advent-underaccept=14 compiler-timeout=2 reference-disagreement=1820 same=26296 tree-difference=6
[28195/100000] reference-disagreement wide:after-statement:raw:expression:testKeyPathMethodAndInitializers#18 len=49 artifacts=44 advent-overaccept=24 advent-underaccept=14 compiler-timeout=2 reference-disagreement=1821 same=26328 tree-difference=6
[28240/100000] reference-disagreement attribute-ifconfig-elseif-list len=133 artifacts=44 advent-overaccept=24 advent-underaccept=14 compiler-timeout=2 reference-disagreement=1822 same=26372 tree-difference=6
[28250/100000] same wide:func-body:line-comment+splice+newline:attribute:testLifetimeAttribute#1 len=475 artifacts=44 advent-overaccept=24 advent-underaccept=14 compiler-timeout=2 reference-disagreement=1822 same=26382 tree-difference=6
[28268/100000] reference-disagreement wide:trailing-closure:space:translated:testAsync11b#1+translated:testConflictMarkers4#1 len=90 artifacts=44 advent-overaccept=24 advent-underaccept=14 compiler-timeout=2 reference-disagreement=1823 same=26399 tree-difference=6
[28270/100000] reference-disagreement tspl-divergence-protocol-body len=130 artifacts=44 advent-overaccept=24 advent-underaccept=14 compiler-timeout=2 reference-disagreement=1824 same=26400 tree-difference=6
[28281/100000] reference-disagreement wide:trailing-closure:newline+newline:real:SyntaxExpressibleByStringInterpolationConformances:193 len=78 artifacts=44 advent-overaccept=24 advent-underaccept=14 compiler-timeout=2 reference-disagreement=1825 same=26410 tree-difference=6
[28287/100000] reference-disagreement wide:struct-member:newline+block-comment:real:ConvenienceInitializers:219 len=218 artifacts=44 advent-overaccept=24 advent-underaccept=14 compiler-timeout=2 reference-disagreement=1826 same=26415 tree-difference=6
[28295/100000] reference-disagreement keypath-component-matrix len=38 artifacts=44 advent-overaccept=24 advent-underaccept=14 compiler-timeout=2 reference-disagreement=1827 same=26422 tree-difference=6
[28311/100000] reference-disagreement wide:struct-member:keyword+splice:translated:testMatchingPatterns1#1 len=24 artifacts=44 advent-overaccept=24 advent-underaccept=14 compiler-timeout=2 reference-disagreement=1828 same=26437 tree-difference=6
[28314/100000] reference-disagreement statement-list len=458 artifacts=44 advent-overaccept=24 advent-underaccept=14 compiler-timeout=2 reference-disagreement=1829 same=26439 tree-difference=6
[28349/100000] reference-disagreement binding-pattern len=458 artifacts=44 advent-overaccept=24 advent-underaccept=14 compiler-timeout=2 reference-disagreement=1830 same=26473 tree-difference=6
[28361/100000] reference-disagreement wide:struct-member:raw:real:SyntaxTraits:714 len=85 artifacts=44 advent-overaccept=24 advent-underaccept=14 compiler-timeout=2 reference-disagreement=1831 same=26484 tree-difference=6
[28370/100000] reference-disagreement wide:trailing-closure:raw:real:JSONDecoding:179 len=474 artifacts=44 advent-overaccept=24 advent-underaccept=14 compiler-timeout=2 reference-disagreement=1832 same=26492 tree-difference=6
[28383/100000] reference-disagreement attribute-ifconfig-elseif-list len=117 artifacts=44 advent-overaccept=24 advent-underaccept=14 compiler-timeout=2 reference-disagreement=1833 same=26504 tree-difference=6
[28401/100000] reference-disagreement tspl-divergence-protocol-body len=247 artifacts=44 advent-overaccept=24 advent-underaccept=14 compiler-timeout=2 reference-disagreement=1834 same=26521 tree-difference=6
[28416/100000] reference-disagreement keypath-boundary len=33 artifacts=44 advent-overaccept=24 advent-underaccept=14 compiler-timeout=2 reference-disagreement=1835 same=26535 tree-difference=6
[28419/100000] reference-disagreement tspl-divergence-accessor-commitment len=78 artifacts=44 advent-overaccept=24 advent-underaccept=14 compiler-timeout=2 reference-disagreement=1836 same=26537 tree-difference=6
[28424/100000] reference-disagreement binding-pattern len=458 artifacts=44 advent-overaccept=24 advent-underaccept=14 compiler-timeout=2 reference-disagreement=1837 same=26541 tree-difference=6
[28486/100000] reference-disagreement wide:func-body:raw:real:SyntaxCollections:732 len=506 artifacts=44 advent-overaccept=24 advent-underaccept=14 compiler-timeout=2 reference-disagreement=1838 same=26602 tree-difference=6
[28487/100000] reference-disagreement wide:trailing-closure:glue:real:DeclSyntaxParseable:62 len=62 artifacts=44 advent-overaccept=24 advent-underaccept=14 compiler-timeout=2 reference-disagreement=1839 same=26602 tree-difference=6
[28500/100000] same wide:interpolation:raw:reject:testRecovery101#1+reject:testNonisolatedSpecifier#3 len=152 artifacts=44 advent-overaccept=24 advent-underaccept=14 compiler-timeout=2 reference-disagreement=1839 same=26615 tree-difference=6
[28520/100000] reference-disagreement wide:closure:block-comment:real:ParserDiagnosticMessages:665 len=247 artifacts=44 advent-overaccept=24 advent-underaccept=14 compiler-timeout=2 reference-disagreement=1840 same=26634 tree-difference=6
[28521/100000] reference-disagreement binding-pattern len=458 artifacts=44 advent-overaccept=24 advent-underaccept=14 compiler-timeout=2 reference-disagreement=1841 same=26634 tree-difference=6
[28525/100000] reference-disagreement attribute-ifconfig-elseif-list len=108 artifacts=44 advent-overaccept=24 advent-underaccept=14 compiler-timeout=2 reference-disagreement=1842 same=26637 tree-difference=6
[28532/100000] reference-disagreement wide:extension-member:line-comment+swap+glue:real:ApusTerminals:83 len=125 artifacts=44 advent-overaccept=24 advent-underaccept=14 compiler-timeout=2 reference-disagreement=1843 same=26643 tree-difference=6
[28556/100000] reference-disagreement wide:struct-member:block-comment:real:SyntaxTraits:786 len=94 artifacts=44 advent-overaccept=24 advent-underaccept=14 compiler-timeout=2 reference-disagreement=1844 same=26666 tree-difference=6
[28567/100000] reference-disagreement wide:struct-member:raw:real:SyntaxTraits:720 len=76 artifacts=44 advent-overaccept=24 advent-underaccept=14 compiler-timeout=2 reference-disagreement=1845 same=26676 tree-difference=6
[28584/100000] reference-disagreement wide:trailing-closure:raw:real:SyntaxCollections:1166+expression:testKeypathExpressionWithSugaredRoot#2 len=495 artifacts=44 advent-overaccept=24 advent-underaccept=14 compiler-timeout=2 reference-disagreement=1846 same=26692 tree-difference=6
[28591/100000] reference-disagreement wide:trailing-closure:block-comment:translated:testSwitch20#1 len=55 artifacts=44 advent-overaccept=24 advent-underaccept=14 compiler-timeout=2 reference-disagreement=1847 same=26698 tree-difference=6
[28607/100000] reference-disagreement keypath-boundary len=44 artifacts=44 advent-overaccept=24 advent-underaccept=14 compiler-timeout=2 reference-disagreement=1848 same=26713 tree-difference=6
[28621/100000] reference-disagreement wide:closure:glue+line-comment+glue:real:JSONDecoding:405+translated:testOperators32#1 len=775 artifacts=44 advent-overaccept=24 advent-underaccept=14 compiler-timeout=2 reference-disagreement=1849 same=26726 tree-difference=6
[28632/100000] reference-disagreement tspl-divergence-accessor-commitment len=49 artifacts=44 advent-overaccept=24 advent-underaccept=14 compiler-timeout=2 reference-disagreement=1850 same=26736 tree-difference=6
[28656/100000] reference-disagreement wide:closure:newline:translated:testDiagnosticMissingFuncKeyword3#1 len=39 artifacts=44 advent-overaccept=24 advent-underaccept=14 compiler-timeout=2 reference-disagreement=1851 same=26759 tree-difference=6
[28678/100000] reference-disagreement wide:trailing-closure:space+line-comment:real:IfConfigEvaluation:548+translated:testModuleSelectorType#2 len=697 artifacts=44 advent-overaccept=24 advent-underaccept=14 compiler-timeout=2 reference-disagreement=1852 same=26780 tree-difference=6
[28687/100000] reference-disagreement binding-pattern len=458 artifacts=44 advent-overaccept=24 advent-underaccept=14 compiler-timeout=2 reference-disagreement=1853 same=26788 tree-difference=6
[28694/100000] reference-disagreement wide:trailing-closure:newline:attribute:testTransposeAttribute#1 len=134 artifacts=44 advent-overaccept=24 advent-underaccept=14 compiler-timeout=2 reference-disagreement=1854 same=26794 tree-difference=6
[28703/100000] reference-disagreement wide:struct-member:splice+keyword:real:SyntaxExpressibleByStringInterpolationConformances:73 len=162 artifacts=44 advent-overaccept=24 advent-underaccept=14 compiler-timeout=2 reference-disagreement=1855 same=26802 tree-difference=6
[28741/100000] reference-disagreement wide:extension-member:raw:declaration:testModifiedParameter#2+real:SwiftSyntaxCompatibility:771 len=188 artifacts=44 advent-overaccept=24 advent-underaccept=14 compiler-timeout=2 reference-disagreement=1856 same=26839 tree-difference=6
[28746/100000] reference-disagreement wide:func-body:glue+splice:real:SyntaxCollections:1884 len=490 artifacts=44 advent-overaccept=24 advent-underaccept=14 compiler-timeout=2 reference-disagreement=1857 same=26843 tree-difference=6
[28750/100000] same regex-slash-operator-boundary len=110 artifacts=44 advent-overaccept=24 advent-underaccept=14 compiler-timeout=2 reference-disagreement=1857 same=26847 tree-difference=6
[28752/100000] reference-disagreement wide:trailing-closure:duplicate+block-comment:real:GrammarNode:303 len=1206 artifacts=44 advent-overaccept=24 advent-underaccept=14 compiler-timeout=2 reference-disagreement=1858 same=26848 tree-difference=6
[28780/100000] reference-disagreement tspl-divergence-protocol-body len=166 artifacts=44 advent-overaccept=24 advent-underaccept=14 compiler-timeout=2 reference-disagreement=1859 same=26875 tree-difference=6
[28786/100000] reference-disagreement keypath-boundary len=38 artifacts=44 advent-overaccept=24 advent-underaccept=14 compiler-timeout=2 reference-disagreement=1860 same=26880 tree-difference=6
[28801/100000] reference-disagreement wide:closure:space:real:ResultBuilders:176 len=141 artifacts=44 advent-overaccept=24 advent-underaccept=14 compiler-timeout=2 reference-disagreement=1861 same=26894 tree-difference=6
[28835/100000] reference-disagreement member-list-wide-boundary len=190 artifacts=44 advent-overaccept=24 advent-underaccept=14 compiler-timeout=2 reference-disagreement=1862 same=26927 tree-difference=6
[28866/100000] reference-disagreement wide:closure:raw:translated:testDeprecatedWhere9#1 len=234 artifacts=44 advent-overaccept=24 advent-underaccept=14 compiler-timeout=2 reference-disagreement=1863 same=26957 tree-difference=6
[28887/100000] reference-disagreement wide:closure:space+delete:real:ResultBuilders:358 len=135 artifacts=44 advent-overaccept=24 advent-underaccept=14 compiler-timeout=2 reference-disagreement=1864 same=26977 tree-difference=6
[28908/100000] reference-disagreement wide:ifconfig:space:real:RefactoringProvider:85+statement:testTypedThrows#2 len=1044 artifacts=44 advent-overaccept=24 advent-underaccept=14 compiler-timeout=2 reference-disagreement=1865 same=26997 tree-difference=6
[28917/100000] reference-disagreement wide:struct-member:line-comment+space+space:real:TokenSequence:131 len=255 artifacts=44 advent-overaccept=24 advent-underaccept=14 compiler-timeout=2 reference-disagreement=1866 same=27005 tree-difference=6
[28938/100000] reference-disagreement wide:closure:keyword+newline+newline:real:Expressions:1619 len=666 artifacts=44 advent-overaccept=24 advent-underaccept=14 compiler-timeout=2 reference-disagreement=1867 same=27025 tree-difference=6
[28981/100000] reference-disagreement wide:struct-member:newline:translated:testModuleSelectorIncorrectRuntimeBaseAttr#1 len=78 artifacts=44 advent-overaccept=24 advent-underaccept=14 compiler-timeout=2 reference-disagreement=1868 same=27067 tree-difference=6
[28986/100000] reference-disagreement member-list-wide-boundary len=245 artifacts=44 advent-overaccept=24 advent-underaccept=14 compiler-timeout=2 reference-disagreement=1869 same=27071 tree-difference=6
[28994/100000] reference-disagreement statement-list len=590 artifacts=44 advent-overaccept=24 advent-underaccept=14 compiler-timeout=2 reference-disagreement=1870 same=27078 tree-difference=6
[29000/100000] same type-let len=53 artifacts=44 advent-overaccept=24 advent-underaccept=14 compiler-timeout=2 reference-disagreement=1870 same=27084 tree-difference=6
[29012/100000] reference-disagreement wide:func-body:line-comment+space:real:VersionTuple:60 len=227 artifacts=44 advent-overaccept=24 advent-underaccept=14 compiler-timeout=2 reference-disagreement=1871 same=27095 tree-difference=6
[29031/100000] reference-disagreement binding-pattern len=458 artifacts=44 advent-overaccept=24 advent-underaccept=14 compiler-timeout=2 reference-disagreement=1872 same=27113 tree-difference=6
[29044/100000] reference-disagreement wide:trailing-closure:block-comment:real:SyntaxProtocol:590 len=453 artifacts=44 advent-overaccept=24 advent-underaccept=14 compiler-timeout=2 reference-disagreement=1873 same=27125 tree-difference=6
[29056/100000] reference-disagreement wide:func-body:raw:real:BuildableNodes:1441 len=989 artifacts=44 advent-overaccept=24 advent-underaccept=14 compiler-timeout=2 reference-disagreement=1874 same=27136 tree-difference=6
[29063/100000] advent-overaccept wide:trailing-closure:block-comment:real:Syntax+StringInterpolation:253 len=256 artifacts=45 advent-overaccept=25 advent-underaccept=14 compiler-timeout=2 reference-disagreement=1874 same=27142 tree-difference=6
[29097/100000] reference-disagreement wide:struct-member:line-comment:translated:testInitDeinit22#1 len=162 artifacts=45 advent-overaccept=25 advent-underaccept=14 compiler-timeout=2 reference-disagreement=1875 same=27175 tree-difference=6
[29099/100000] reference-disagreement wide:closure:space+line-comment+space:attribute:testABIAttribute#15 len=55 artifacts=45 advent-overaccept=25 advent-underaccept=14 compiler-timeout=2 reference-disagreement=1876 same=27176 tree-difference=6
[29109/100000] reference-disagreement wide:closure:raw:real:SyntaxExpressibleByStringInterpolationConformances:145 len=171 artifacts=45 advent-overaccept=25 advent-underaccept=14 compiler-timeout=2 reference-disagreement=1877 same=27185 tree-difference=6
[29114/100000] reference-disagreement wide:struct-member:newline+newline:phase4-decl:op-precedence len=55 artifacts=45 advent-overaccept=25 advent-underaccept=14 compiler-timeout=2 reference-disagreement=1878 same=27189 tree-difference=6
[29121/100000] reference-disagreement keypath-boundary len=37 artifacts=45 advent-overaccept=25 advent-underaccept=14 compiler-timeout=2 reference-disagreement=1879 same=27195 tree-difference=6
[29131/100000] reference-disagreement wide:before-statement:line-comment:translated:testEnum61#1 len=90 artifacts=45 advent-overaccept=25 advent-underaccept=14 compiler-timeout=2 reference-disagreement=1880 same=27204 tree-difference=6
[29153/100000] reference-disagreement keypath-component-matrix len=33 artifacts=45 advent-overaccept=25 advent-underaccept=14 compiler-timeout=2 reference-disagreement=1881 same=27225 tree-difference=6
[29169/100000] reference-disagreement wide:struct-member:raw:translated:testDeinitAsync#1 len=66 artifacts=45 advent-overaccept=25 advent-underaccept=14 compiler-timeout=2 reference-disagreement=1882 same=27240 tree-difference=6
[29185/100000] reference-disagreement wide:closure:raw:real:SyntaxTraits:836 len=126 artifacts=45 advent-overaccept=25 advent-underaccept=14 compiler-timeout=2 reference-disagreement=1883 same=27255 tree-difference=6
[29200/100000] reference-disagreement wide:closure:glue+line-comment:translated:testSwitch42#1 len=90 artifacts=45 advent-overaccept=25 advent-underaccept=14 compiler-timeout=2 reference-disagreement=1884 same=27269 tree-difference=6
[29250/100000] same wide:ifconfig:glue+glue:real:SourceEdit:112 len=442 artifacts=45 advent-overaccept=25 advent-underaccept=14 compiler-timeout=2 reference-disagreement=1884 same=27319 tree-difference=6
[29259/100000] reference-disagreement wide:extension-member:space:real:SyntaxTraits:460+attribute:testLexicalLifetimes#1 len=465 artifacts=45 advent-overaccept=25 advent-underaccept=14 compiler-timeout=2 reference-disagreement=1885 same=27327 tree-difference=6
[29275/100000] reference-disagreement wide:trailing-closure:raw:real:RenamedChildrenBuilderCompatibility:431 len=1206 artifacts=45 advent-overaccept=25 advent-underaccept=14 compiler-timeout=2 reference-disagreement=1886 same=27342 tree-difference=6
[29315/100000] reference-disagreement wide:trailing-closure:space+glue:phase4-pattern:case-enum-assoc+real:JSONDecoding:819 len=165 artifacts=45 advent-overaccept=25 advent-underaccept=14 compiler-timeout=2 reference-disagreement=1887 same=27381 tree-difference=6
[29327/100000] reference-disagreement wide:extension-member:line-comment:real:SourceLocation:477 len=83 artifacts=45 advent-overaccept=25 advent-underaccept=14 compiler-timeout=2 reference-disagreement=1888 same=27392 tree-difference=6
[29338/100000] reference-disagreement wide:after-statement:raw:translated:testModuleSelectorAttrs#2+translated:testErrors19#1 len=176 artifacts=45 advent-overaccept=25 advent-underaccept=14 compiler-timeout=2 reference-disagreement=1889 same=27402 tree-difference=6
[29351/100000] reference-disagreement grammarish-member-list len=483 artifacts=45 advent-overaccept=25 advent-underaccept=14 compiler-timeout=2 reference-disagreement=1890 same=27414 tree-difference=6
[29370/100000] tree-difference wide:before-statement:splice+space+duplicate:attribute:testEffects#2 len=104 artifacts=46 advent-overaccept=25 advent-underaccept=14 compiler-timeout=2 reference-disagreement=1890 same=27432 tree-difference=7
[29376/100000] reference-disagreement wide:closure:raw:real:LayoutNodes+Parsable:63+type:testNestedLowercaseSelf#1 len=217 artifacts=46 advent-overaccept=25 advent-underaccept=14 compiler-timeout=2 reference-disagreement=1891 same=27437 tree-difference=7
[29381/100000] reference-disagreement wide:closure:line-comment+space:declaration:testAccessors#2 len=84 artifacts=46 advent-overaccept=25 advent-underaccept=14 compiler-timeout=2 reference-disagreement=1892 same=27441 tree-difference=7
[29391/100000] reference-disagreement wide:closure:block-comment:statement:testSwitch#2 len=68 artifacts=46 advent-overaccept=25 advent-underaccept=14 compiler-timeout=2 reference-disagreement=1893 same=27450 tree-difference=7
[29410/100000] reference-disagreement wide:extension-member:splice:attribute:testABIAttribute#12 len=44 artifacts=46 advent-overaccept=25 advent-underaccept=14 compiler-timeout=2 reference-disagreement=1894 same=27468 tree-difference=7
[29433/100000] reference-disagreement wide:closure:splice+keyword:real:CompilerPluginMessageHandler:57 len=294 artifacts=46 advent-overaccept=25 advent-underaccept=14 compiler-timeout=2 reference-disagreement=1895 same=27490 tree-difference=7
[29440/100000] reference-disagreement member-list-wide-boundary len=234 artifacts=46 advent-overaccept=25 advent-underaccept=14 compiler-timeout=2 reference-disagreement=1896 same=27496 tree-difference=7
[29453/100000] reference-disagreement attribute-ifconfig-elseif-list len=120 artifacts=46 advent-overaccept=25 advent-underaccept=14 compiler-timeout=2 reference-disagreement=1897 same=27508 tree-difference=7
[29459/100000] reference-disagreement wide:before-statement:newline+keyword+space:real:SyntaxExpressibleByStringInterpolationConformances:100 len=157 artifacts=46 advent-overaccept=25 advent-underaccept=14 compiler-timeout=2 reference-disagreement=1898 same=27513 tree-difference=7
[29465/100000] reference-disagreement wide:extension-member:block-comment:translated:testTry37#1+real:LayoutNodes+Parsable:159 len=278 artifacts=46 advent-overaccept=25 advent-underaccept=14 compiler-timeout=2 reference-disagreement=1899 same=27518 tree-difference=7
[29475/100000] reference-disagreement wide:func-body:raw:real:SyntaxExpressibleByStringInterpolationConformances:79 len=86 artifacts=46 advent-overaccept=25 advent-underaccept=14 compiler-timeout=2 reference-disagreement=1900 same=27527 tree-difference=7
[29481/100000] reference-disagreement wide:extension-member:duplicate:real:LexerDiagnosticMessages:119 len=235 artifacts=46 advent-overaccept=25 advent-underaccept=14 compiler-timeout=2 reference-disagreement=1901 same=27532 tree-difference=7
[29494/100000] reference-disagreement wide:closure:glue+space:real:SyntaxChildren:16 len=430 artifacts=46 advent-overaccept=25 advent-underaccept=14 compiler-timeout=2 reference-disagreement=1902 same=27544 tree-difference=7
[29500/100000] same init-subscript-boundary len=92 artifacts=46 advent-overaccept=25 advent-underaccept=14 compiler-timeout=2 reference-disagreement=1902 same=27550 tree-difference=7
[29524/100000] reference-disagreement wide:extension-member:splice:real:DeclSyntaxParseable:59+translated:testEnum10#1 len=112 artifacts=46 advent-overaccept=25 advent-underaccept=14 compiler-timeout=2 reference-disagreement=1903 same=27573 tree-difference=7
[29564/100000] reference-disagreement grammarish-member-list len=332 artifacts=46 advent-overaccept=25 advent-underaccept=14 compiler-timeout=2 reference-disagreement=1904 same=27612 tree-difference=7
[29571/100000] reference-disagreement wide:extension-member:space+newline:real:SyntaxExpressibleByStringInterpolationConformances:256 len=96 artifacts=46 advent-overaccept=25 advent-underaccept=14 compiler-timeout=2 reference-disagreement=1905 same=27618 tree-difference=7
[29601/100000] reference-disagreement tspl-divergence-protocol-body len=271 artifacts=46 advent-overaccept=25 advent-underaccept=14 compiler-timeout=2 reference-disagreement=1906 same=27647 tree-difference=7
[29635/100000] reference-disagreement wide:closure:raw:real:LayoutNodes+Parsable:167 len=216 artifacts=46 advent-overaccept=25 advent-underaccept=14 compiler-timeout=2 reference-disagreement=1907 same=27680 tree-difference=7
[29642/100000] reference-disagreement seed-corpus-wrapped:contextual-await-member len=63 artifacts=46 advent-overaccept=25 advent-underaccept=14 compiler-timeout=2 reference-disagreement=1908 same=27686 tree-difference=7
[29660/100000] reference-disagreement wide:struct-member:block-comment:translated:testIfconfigExpr23#1+real:Trivia:159 len=416 artifacts=46 advent-overaccept=25 advent-underaccept=14 compiler-timeout=2 reference-disagreement=1909 same=27703 tree-difference=7
[29667/100000] reference-disagreement wide:extension-member:raw:attribute:testABIAttribute#11 len=74 artifacts=46 advent-overaccept=25 advent-underaccept=14 compiler-timeout=2 reference-disagreement=1910 same=27709 tree-difference=7
[29686/100000] reference-disagreement attribute-ifconfig-elseif-list len=112 artifacts=46 advent-overaccept=25 advent-underaccept=14 compiler-timeout=2 reference-disagreement=1911 same=27727 tree-difference=7
[29711/100000] reference-disagreement wide:after-statement:duplicate:type:testNonisolatedSpecifier#2 len=74 artifacts=46 advent-overaccept=25 advent-underaccept=14 compiler-timeout=2 reference-disagreement=1912 same=27751 tree-difference=7
[29728/100000] reference-disagreement wide:func-body:space:real:IncrementalParseTestUtils:148 len=590 artifacts=46 advent-overaccept=25 advent-underaccept=14 compiler-timeout=2 reference-disagreement=1913 same=27767 tree-difference=7
[29738/100000] reference-disagreement tspl-divergence-protocol-body len=189 artifacts=46 advent-overaccept=25 advent-underaccept=14 compiler-timeout=2 reference-disagreement=1914 same=27776 tree-difference=7
[29739/100000] reference-disagreement declaration-modifier-stack len=34 artifacts=46 advent-overaccept=25 advent-underaccept=14 compiler-timeout=2 reference-disagreement=1915 same=27776 tree-difference=7
[29750/100000] same closure-label len=58 artifacts=46 advent-overaccept=25 advent-underaccept=14 compiler-timeout=2 reference-disagreement=1915 same=27787 tree-difference=7
[29757/100000] reference-disagreement wide:extension-member:raw:real:DiagnosticGroupInheritanceTree:32 len=909 artifacts=46 advent-overaccept=25 advent-underaccept=14 compiler-timeout=2 reference-disagreement=1916 same=27793 tree-difference=7
[29786/100000] reference-disagreement tspl-divergence-protocol-body len=163 artifacts=46 advent-overaccept=25 advent-underaccept=14 compiler-timeout=2 reference-disagreement=1917 same=27821 tree-difference=7
[29803/100000] reference-disagreement tspl-divergence-accessor-commitment len=78 artifacts=46 advent-overaccept=25 advent-underaccept=14 compiler-timeout=2 reference-disagreement=1918 same=27837 tree-difference=7
[29836/100000] reference-disagreement wide:func-body:newline+delete:translated:testInitDeinit18#1 len=91 artifacts=46 advent-overaccept=25 advent-underaccept=14 compiler-timeout=2 reference-disagreement=1919 same=27869 tree-difference=7
[29849/100000] reference-disagreement grammarish-member-list len=238 artifacts=46 advent-overaccept=25 advent-underaccept=14 compiler-timeout=2 reference-disagreement=1920 same=27881 tree-difference=7
[29854/100000] reference-disagreement wide:struct-member:glue+line-comment:real:SyntaxLiteralUtils:21+translated:testOperators28#1 len=258 artifacts=46 advent-overaccept=25 advent-underaccept=14 compiler-timeout=2 reference-disagreement=1921 same=27885 tree-difference=7
[29898/100000] reference-disagreement wide:func-body:raw:real:ResultBuilders:150 len=128 artifacts=46 advent-overaccept=25 advent-underaccept=14 compiler-timeout=2 reference-disagreement=1922 same=27928 tree-difference=7
[29899/100000] reference-disagreement grammarish-member-list len=309 artifacts=46 advent-overaccept=25 advent-underaccept=14 compiler-timeout=2 reference-disagreement=1923 same=27928 tree-difference=7
[29904/100000] reference-disagreement ifconfig-member-context-boundary len=77 artifacts=46 advent-overaccept=25 advent-underaccept=14 compiler-timeout=2 reference-disagreement=1924 same=27932 tree-difference=7
[29907/100000] reference-disagreement tspl-divergence-protocol-body len=131 artifacts=46 advent-overaccept=25 advent-underaccept=14 compiler-timeout=2 reference-disagreement=1925 same=27934 tree-difference=7
[29936/100000] reference-disagreement member-list-wide-boundary len=407 artifacts=46 advent-overaccept=25 advent-underaccept=14 compiler-timeout=2 reference-disagreement=1926 same=27962 tree-difference=7
[29938/100000] reference-disagreement wide:closure:raw:attribute:testABIAttribute#16+phase4-misc:typealias len=124 artifacts=46 advent-overaccept=25 advent-underaccept=14 compiler-timeout=2 reference-disagreement=1927 same=27963 tree-difference=7
[29960/100000] reference-disagreement wide:struct-member:raw:real:CompilerPlugin:107 len=449 artifacts=46 advent-overaccept=25 advent-underaccept=14 compiler-timeout=2 reference-disagreement=1928 same=27984 tree-difference=7
[29973/100000] reference-disagreement wide:func-body:raw:real:Loggers:11 len=628 artifacts=46 advent-overaccept=25 advent-underaccept=14 compiler-timeout=2 reference-disagreement=1929 same=27996 tree-difference=7
[29979/100000] reference-disagreement attribute-ifconfig-elseif-list len=133 artifacts=46 advent-overaccept=25 advent-underaccept=14 compiler-timeout=2 reference-disagreement=1930 same=28001 tree-difference=7
[30000/100000] reference-disagreement wide:closure:newline:real:WarningControlRegionBuilder:146 len=519 artifacts=46 advent-overaccept=25 advent-underaccept=14 compiler-timeout=2 reference-disagreement=1931 same=28021 tree-difference=7
[30030/100000] reference-disagreement tspl-divergence-accessor-commitment len=49 artifacts=46 advent-overaccept=25 advent-underaccept=14 compiler-timeout=2 reference-disagreement=1932 same=28050 tree-difference=7
[30074/100000] reference-disagreement grammarish-member-list len=314 artifacts=46 advent-overaccept=25 advent-underaccept=14 compiler-timeout=2 reference-disagreement=1933 same=28093 tree-difference=7
[30077/100000] reference-disagreement attribute-ifconfig-elseif-list len=132 artifacts=46 advent-overaccept=25 advent-underaccept=14 compiler-timeout=2 reference-disagreement=1934 same=28095 tree-difference=7
[30128/100000] reference-disagreement wide:closure:glue:real:ConvenienceInitializers:88 len=87 artifacts=46 advent-overaccept=25 advent-underaccept=14 compiler-timeout=2 reference-disagreement=1935 same=28145 tree-difference=7
[30171/100000] reference-disagreement wide:trailing-closure:raw:real:SyntaxExpressibleByStringInterpolationConformances:127 len=158 artifacts=46 advent-overaccept=25 advent-underaccept=14 compiler-timeout=2 reference-disagreement=1936 same=28187 tree-difference=7
[30179/100000] reference-disagreement wide:closure:line-comment+keyword+block-comment:real:SyntaxExpressibleByStringInterpolationConformances:187 len=71 artifacts=46 advent-overaccept=25 advent-underaccept=14 compiler-timeout=2 reference-disagreement=1937 same=28194 tree-difference=7
[30183/100000] reference-disagreement grammarish-member-list len=269 artifacts=46 advent-overaccept=25 advent-underaccept=14 compiler-timeout=2 reference-disagreement=1938 same=28197 tree-difference=7
[30237/100000] reference-disagreement wide:trailing-closure:newline:real:SwiftParserCompatibility:22+translated:testBuiltinWord2#1 len=411 artifacts=46 advent-overaccept=25 advent-underaccept=14 compiler-timeout=2 reference-disagreement=1939 same=28250 tree-difference=7
[30250/100000] same macro-attribute-directive-boundary len=74 artifacts=46 advent-overaccept=25 advent-underaccept=14 compiler-timeout=2 reference-disagreement=1939 same=28263 tree-difference=7
[30251/100000] reference-disagreement keypath-boundary len=44 artifacts=46 advent-overaccept=25 advent-underaccept=14 compiler-timeout=2 reference-disagreement=1940 same=28263 tree-difference=7
[30276/100000] reference-disagreement wide:closure:raw:expression:testKeyPathMethodAndInitializers#19 len=65 artifacts=46 advent-overaccept=25 advent-underaccept=14 compiler-timeout=2 reference-disagreement=1941 same=28287 tree-difference=7
[30286/100000] reference-disagreement binding-pattern len=458 artifacts=46 advent-overaccept=25 advent-underaccept=14 compiler-timeout=2 reference-disagreement=1942 same=28296 tree-difference=7
[30294/100000] reference-disagreement wide:ifconfig:space:declaration:testAttributedMacroExpansionDeclaration#10 len=75 artifacts=46 advent-overaccept=25 advent-underaccept=14 compiler-timeout=2 reference-disagreement=1943 same=28303 tree-difference=7
[30305/100000] reference-disagreement wide:trailing-closure:line-comment:real:SyntaxExpressibleByStringInterpolationConformances:166 len=97 artifacts=46 advent-overaccept=25 advent-underaccept=14 compiler-timeout=2 reference-disagreement=1944 same=28313 tree-difference=7
[30348/100000] reference-disagreement wide:func-body:splice:translated:testCompositionTypeExpr#15+real:SyntaxTraits:704 len=179 artifacts=46 advent-overaccept=25 advent-underaccept=14 compiler-timeout=2 reference-disagreement=1945 same=28355 tree-difference=7
[30351/100000] reference-disagreement wide:closure:raw:real:Oracle:43 len=95 artifacts=46 advent-overaccept=25 advent-underaccept=14 compiler-timeout=2 reference-disagreement=1946 same=28357 tree-difference=7
[30370/100000] reference-disagreement keypath-component-matrix len=59 artifacts=46 advent-overaccept=25 advent-underaccept=14 compiler-timeout=2 reference-disagreement=1947 same=28375 tree-difference=7
[30372/100000] reference-disagreement statement-list len=655 artifacts=46 advent-overaccept=25 advent-underaccept=14 compiler-timeout=2 reference-disagreement=1948 same=28376 tree-difference=7
[30396/100000] reference-disagreement wide:closure:raw:translated:testTry8#1 len=124 artifacts=46 advent-overaccept=25 advent-underaccept=14 compiler-timeout=2 reference-disagreement=1949 same=28399 tree-difference=7
[30446/100000] reference-disagreement tspl-divergence-protocol-body len=98 artifacts=46 advent-overaccept=25 advent-underaccept=14 compiler-timeout=2 reference-disagreement=1950 same=28448 tree-difference=7
[30452/100000] reference-disagreement binding-pattern len=458 artifacts=46 advent-overaccept=25 advent-underaccept=14 compiler-timeout=2 reference-disagreement=1951 same=28453 tree-difference=7
[30458/100000] reference-disagreement wide:extension-member:line-comment:real:Syntax:353+translated:testOperatorDecl21#1 len=295 artifacts=46 advent-overaccept=25 advent-underaccept=14 compiler-timeout=2 reference-disagreement=1952 same=28458 tree-difference=7
[30500/100000] same frontier:generic-member-type-shape len=278 artifacts=46 advent-overaccept=25 advent-underaccept=14 compiler-timeout=2 reference-disagreement=1952 same=28500 tree-difference=7
[30508/100000] reference-disagreement wide:func-body:splice+block-comment:real:Syntax+Extensions:19+declaration:testUsing#8 len=885 artifacts=46 advent-overaccept=25 advent-underaccept=14 compiler-timeout=2 reference-disagreement=1953 same=28507 tree-difference=7
[30512/100000] reference-disagreement tspl-divergence-protocol-body len=89 artifacts=46 advent-overaccept=25 advent-underaccept=14 compiler-timeout=2 reference-disagreement=1954 same=28510 tree-difference=7
[30517/100000] reference-disagreement wide:extension-member:block-comment+splice+newline:translated:testOperatorDeclDesignatedTypes9#1 len=68 artifacts=46 advent-overaccept=25 advent-underaccept=14 compiler-timeout=2 reference-disagreement=1955 same=28514 tree-difference=7
[30536/100000] reference-disagreement wide:trailing-closure:raw:real:MacroExpansion:41 len=574 artifacts=46 advent-overaccept=25 advent-underaccept=14 compiler-timeout=2 reference-disagreement=1956 same=28532 tree-difference=7
[30578/100000] reference-disagreement tspl-divergence-accessor-commitment len=49 artifacts=46 advent-overaccept=25 advent-underaccept=14 compiler-timeout=2 reference-disagreement=1957 same=28573 tree-difference=7
[30579/100000] reference-disagreement tspl-divergence-protocol-body len=213 artifacts=46 advent-overaccept=25 advent-underaccept=14 compiler-timeout=2 reference-disagreement=1958 same=28573 tree-difference=7
[30623/100000] reference-disagreement declaration-modifier-stack len=34 artifacts=46 advent-overaccept=25 advent-underaccept=14 compiler-timeout=2 reference-disagreement=1959 same=28616 tree-difference=7
[30668/100000] reference-disagreement grammarish-member-list len=138 artifacts=46 advent-overaccept=25 advent-underaccept=14 compiler-timeout=2 reference-disagreement=1960 same=28660 tree-difference=7
[30687/100000] reference-disagreement wide:trailing-closure:space:real:SwiftSyntaxCompatibility:252+real:SyntaxTraits:370 len=617 artifacts=46 advent-overaccept=25 advent-underaccept=14 compiler-timeout=2 reference-disagreement=1961 same=28678 tree-difference=7
[30690/100000] reference-disagreement binding-pattern len=458 artifacts=46 advent-overaccept=25 advent-underaccept=14 compiler-timeout=2 reference-disagreement=1962 same=28680 tree-difference=7
[30699/100000] reference-disagreement wide:top:keyword:type:testTypedThrows#1 len=36 artifacts=46 advent-overaccept=25 advent-underaccept=14 compiler-timeout=2 reference-disagreement=1963 same=28688 tree-difference=7
[30707/100000] reference-disagreement wide:struct-member:newline+newline:real:ConvenienceInitializers:40 len=167 artifacts=46 advent-overaccept=25 advent-underaccept=14 compiler-timeout=2 reference-disagreement=1964 same=28695 tree-difference=7
[30711/100000] reference-disagreement wide:closure:newline+newline:phase4-import:import-dotted len=36 artifacts=46 advent-overaccept=25 advent-underaccept=14 compiler-timeout=2 reference-disagreement=1965 same=28698 tree-difference=7
[30717/100000] reference-disagreement keypath-component-matrix len=41 artifacts=46 advent-overaccept=25 advent-underaccept=14 compiler-timeout=2 reference-disagreement=1966 same=28703 tree-difference=7
[30736/100000] reference-disagreement cast-try-operator-cluster len=24 artifacts=46 advent-overaccept=25 advent-underaccept=14 compiler-timeout=2 reference-disagreement=1967 same=28721 tree-difference=7
[30750/100000] same frontier:generic-member-type-shape len=275 artifacts=46 advent-overaccept=25 advent-underaccept=14 compiler-timeout=2 reference-disagreement=1967 same=28735 tree-difference=7
[30838/100000] reference-disagreement wide:struct-member:block-comment:real:SyntaxUtils:287 len=182 artifacts=46 advent-overaccept=25 advent-underaccept=14 compiler-timeout=2 reference-disagreement=1968 same=28822 tree-difference=7
[30859/100000] reference-disagreement wide:struct-member:block-comment:real:ResultBuilders:349 len=204 artifacts=46 advent-overaccept=25 advent-underaccept=14 compiler-timeout=2 reference-disagreement=1969 same=28842 tree-difference=7
[30860/100000] reference-disagreement keypath-component-matrix len=34 artifacts=46 advent-overaccept=25 advent-underaccept=14 compiler-timeout=2 reference-disagreement=1970 same=28842 tree-difference=7
[30896/100000] advent-overaccept wide:func-body:raw:declaration:testUsing#11 len=41 artifacts=47 advent-overaccept=26 advent-underaccept=14 compiler-timeout=2 reference-disagreement=1970 same=28877 tree-difference=7
[30908/100000] reference-disagreement wide:extension-member:glue+space:real:SyntaxTraits:589 len=764 artifacts=47 advent-overaccept=26 advent-underaccept=14 compiler-timeout=2 reference-disagreement=1971 same=28888 tree-difference=7
[30912/100000] reference-disagreement wide:interpolation:glue+glue+block-comment:translated:testAvailabilityQuery15#1 len=49 artifacts=47 advent-overaccept=26 advent-underaccept=14 compiler-timeout=2 reference-disagreement=1972 same=28891 tree-difference=7
[30926/100000] reference-disagreement wide:func-body:raw:real:String+TrimmingTrailingWhitespace:13+phase3-type:protocol-func len=290 artifacts=47 advent-overaccept=26 advent-underaccept=14 compiler-timeout=2 reference-disagreement=1973 same=28904 tree-difference=7
[30934/100000] reference-disagreement tspl-divergence-protocol-body len=219 artifacts=47 advent-overaccept=26 advent-underaccept=14 compiler-timeout=2 reference-disagreement=1974 same=28911 tree-difference=7
[30937/100000] reference-disagreement keypath-boundary len=37 artifacts=47 advent-overaccept=26 advent-underaccept=14 compiler-timeout=2 reference-disagreement=1975 same=28913 tree-difference=7
[30953/100000] reference-disagreement wide:top:line-comment:translated:testModuleSelectorExpr#16+translated:testOperatorDecl18#1 len=95 artifacts=47 advent-overaccept=26 advent-underaccept=14 compiler-timeout=2 reference-disagreement=1976 same=28928 tree-difference=7
[30959/100000] reference-disagreement cast-try-operator-cluster len=24 artifacts=47 advent-overaccept=26 advent-underaccept=14 compiler-timeout=2 reference-disagreement=1977 same=28933 tree-difference=7
[30961/100000] reference-disagreement wide:trailing-closure:raw:translated:testEffectfulProperties6#1 len=111 artifacts=47 advent-overaccept=26 advent-underaccept=14 compiler-timeout=2 reference-disagreement=1978 same=28934 tree-difference=7
[30979/100000] reference-disagreement wide:func-body:block-comment+line-comment:real:SyntaxTraits:728+phase1:let-binary len=154 artifacts=47 advent-overaccept=26 advent-underaccept=14 compiler-timeout=2 reference-disagreement=1979 same=28951 tree-difference=7
[30996/100000] reference-disagreement wide:closure:glue:translated:testTry2#1 len=299 artifacts=47 advent-overaccept=26 advent-underaccept=14 compiler-timeout=2 reference-disagreement=1980 same=28967 tree-difference=7
[30998/100000] reference-disagreement wide:struct-member:raw:real:Expressions:2114 len=294 artifacts=47 advent-overaccept=26 advent-underaccept=14 compiler-timeout=2 reference-disagreement=1981 same=28968 tree-difference=7
[31000/100000] same tspl-divergence-pattern-shape len=64 artifacts=47 advent-overaccept=26 advent-underaccept=14 compiler-timeout=2 reference-disagreement=1981 same=28970 tree-difference=7
[31033/100000] reference-disagreement wide:trailing-closure:space:real:FunctionScopeSyntax:15 len=209 artifacts=47 advent-overaccept=26 advent-underaccept=14 compiler-timeout=2 reference-disagreement=1982 same=29002 tree-difference=7
[31035/100000] reference-disagreement wide:closure:newline:real:Trivia:108 len=53 artifacts=47 advent-overaccept=26 advent-underaccept=14 compiler-timeout=2 reference-disagreement=1983 same=29003 tree-difference=7
[31072/100000] reference-disagreement wide:closure:duplicate:real:SyntaxTraits:828 len=73 artifacts=47 advent-overaccept=26 advent-underaccept=14 compiler-timeout=2 reference-disagreement=1984 same=29039 tree-difference=7
[31086/100000] reference-disagreement tspl-divergence-protocol-body len=231 artifacts=47 advent-overaccept=26 advent-underaccept=14 compiler-timeout=2 reference-disagreement=1985 same=29052 tree-difference=7
[31107/100000] reference-disagreement member-list-wide-boundary len=116 artifacts=47 advent-overaccept=26 advent-underaccept=14 compiler-timeout=2 reference-disagreement=1986 same=29072 tree-difference=7
[31119/100000] reference-disagreement attribute-ifconfig-elseif-list len=119 artifacts=47 advent-overaccept=26 advent-underaccept=14 compiler-timeout=2 reference-disagreement=1987 same=29083 tree-difference=7
[31137/100000] reference-disagreement wide:ifconfig:line-comment+newline+block-comment:attribute:testABIAttribute#18 len=65 artifacts=47 advent-overaccept=26 advent-underaccept=14 compiler-timeout=2 reference-disagreement=1988 same=29100 tree-difference=7
[31150/100000] reference-disagreement wide:struct-member:raw:translated:testOperators3#1 len=110 artifacts=47 advent-overaccept=26 advent-underaccept=14 compiler-timeout=2 reference-disagreement=1989 same=29112 tree-difference=7
[31180/100000] reference-disagreement statement-list len=636 artifacts=47 advent-overaccept=26 advent-underaccept=14 compiler-timeout=2 reference-disagreement=1990 same=29141 tree-difference=7
[31189/100000] reference-disagreement wide:trailing-closure:space:phase4-precedence:pg-lower len=61 artifacts=47 advent-overaccept=26 advent-underaccept=14 compiler-timeout=2 reference-disagreement=1991 same=29149 tree-difference=7
[31199/100000] reference-disagreement wide:trailing-closure:newline+block-comment+block-comment:real:ParserDiagnosticMessages:618+real:UnicodeScalarExtensions:273 len=974 artifacts=47 advent-overaccept=26 advent-underaccept=14 compiler-timeout=2 reference-disagreement=1992 same=29158 tree-difference=7
[31235/100000] reference-disagreement attribute-ifconfig-elseif-list len=133 artifacts=47 advent-overaccept=26 advent-underaccept=14 compiler-timeout=2 reference-disagreement=1993 same=29193 tree-difference=7
[31243/100000] reference-disagreement wide:extension-member:line-comment+block-comment+newline:real:SyntaxExpressibleByStringInterpolationConformances:94 len=96 artifacts=47 advent-overaccept=26 advent-underaccept=14 compiler-timeout=2 reference-disagreement=1994 same=29200 tree-difference=7
[31245/100000] reference-disagreement wide:closure:raw:real:LayoutNodes+Parsable:199 len=197 artifacts=47 advent-overaccept=26 advent-underaccept=14 compiler-timeout=2 reference-disagreement=1995 same=29201 tree-difference=7
[31250/100000] same tspl-divergence-type-shape len=117 artifacts=47 advent-overaccept=26 advent-underaccept=14 compiler-timeout=2 reference-disagreement=1995 same=29206 tree-difference=7
[31263/100000] reference-disagreement seed-corpus-wrapped:declaration-modifier-stack len=45 artifacts=47 advent-overaccept=26 advent-underaccept=14 compiler-timeout=2 reference-disagreement=1996 same=29218 tree-difference=7
[31267/100000] reference-disagreement wide:struct-member:glue+space+keyword:real:CanInterleaveResultsLaterScopeSyntax:15+real:BuildConfiguration:311 len=737 artifacts=47 advent-overaccept=26 advent-underaccept=14 compiler-timeout=2 reference-disagreement=1997 same=29221 tree-difference=7
[31283/100000] reference-disagreement wide:before-statement:raw:declaration:testLiteralInitializerWithTrailingClosure#1+phase4-loop:do-catch len=80 artifacts=47 advent-overaccept=26 advent-underaccept=14 compiler-timeout=2 reference-disagreement=1998 same=29236 tree-difference=7
[31327/100000] reference-disagreement grammarish-member-list len=267 artifacts=47 advent-overaccept=26 advent-underaccept=14 compiler-timeout=2 reference-disagreement=1999 same=29279 tree-difference=7
[31341/100000] reference-disagreement wide:func-body:block-comment:real:ResultBuilders:332+translated:testFunctionTypeExpr#15 len=165 artifacts=47 advent-overaccept=26 advent-underaccept=14 compiler-timeout=2 reference-disagreement=2000 same=29292 tree-difference=7
[31358/100000] reference-disagreement wide:func-body:raw:real:PrecedenceGroup:26 len=825 artifacts=47 advent-overaccept=26 advent-underaccept=14 compiler-timeout=2 reference-disagreement=2001 same=29308 tree-difference=7
[31363/100000] reference-disagreement wide:struct-member:keyword:real:SyntaxProtocol:350 len=811 artifacts=47 advent-overaccept=26 advent-underaccept=14 compiler-timeout=2 reference-disagreement=2002 same=29312 tree-difference=7
[31371/100000] reference-disagreement wide:closure:newline:real:DeclarationMacro:20 len=717 artifacts=47 advent-overaccept=26 advent-underaccept=14 compiler-timeout=2 reference-disagreement=2003 same=29319 tree-difference=7
[31372/100000] reference-disagreement wide:trailing-closure:duplicate:translated:testSwitch32#1 len=535 artifacts=47 advent-overaccept=26 advent-underaccept=14 compiler-timeout=2 reference-disagreement=2004 same=29319 tree-difference=7
[31397/100000] reference-disagreement wide:extension-member:raw:real:ResultBuilders:284 len=199 artifacts=47 advent-overaccept=26 advent-underaccept=14 compiler-timeout=2 reference-disagreement=2005 same=29343 tree-difference=7
[31437/100000] reference-disagreement wide:closure:raw:real:MissingNodeInitializers:26 len=156 artifacts=47 advent-overaccept=26 advent-underaccept=14 compiler-timeout=2 reference-disagreement=2006 same=29382 tree-difference=7
[31454/100000] reference-disagreement wide:ifconfig:newline+space:reject:testChainedOptionalUnwrapsWithDot#1 len=23 artifacts=47 advent-overaccept=26 advent-underaccept=14 compiler-timeout=2 reference-disagreement=2007 same=29398 tree-difference=7
[31467/100000] reference-disagreement attribute-ifconfig-elseif-list len=106 artifacts=47 advent-overaccept=26 advent-underaccept=14 compiler-timeout=2 reference-disagreement=2008 same=29410 tree-difference=7
[31479/100000] reference-disagreement keypath-component-matrix len=41 artifacts=47 advent-overaccept=26 advent-underaccept=14 compiler-timeout=2 reference-disagreement=2009 same=29421 tree-difference=7
[31480/100000] reference-disagreement attribute-ifconfig-elseif-list len=131 artifacts=47 advent-overaccept=26 advent-underaccept=14 compiler-timeout=2 reference-disagreement=2010 same=29421 tree-difference=7
[31485/100000] reference-disagreement cast-try-operator-cluster len=24 artifacts=47 advent-overaccept=26 advent-underaccept=14 compiler-timeout=2 reference-disagreement=2011 same=29425 tree-difference=7
[31500/100000] same nested-template len=73 artifacts=47 advent-overaccept=26 advent-underaccept=14 compiler-timeout=2 reference-disagreement=2011 same=29440 tree-difference=7
[31540/100000] reference-disagreement attribute-ifconfig-elseif-list len=126 artifacts=47 advent-overaccept=26 advent-underaccept=14 compiler-timeout=2 reference-disagreement=2012 same=29479 tree-difference=7
[31557/100000] reference-disagreement wide:top:space+keyword:real:SyntaxExpressibleByStringInterpolationConformances:244 len=132 artifacts=47 advent-overaccept=26 advent-underaccept=14 compiler-timeout=2 reference-disagreement=2013 same=29495 tree-difference=7
[31575/100000] reference-disagreement tspl-divergence-protocol-body len=152 artifacts=47 advent-overaccept=26 advent-underaccept=14 compiler-timeout=2 reference-disagreement=2014 same=29512 tree-difference=7
[31598/100000] reference-disagreement wide:extension-member:raw:expression:testKeyPathMethodAndInitializers#18 len=50 artifacts=47 advent-overaccept=26 advent-underaccept=14 compiler-timeout=2 reference-disagreement=2015 same=29534 tree-difference=7
[31632/100000] reference-disagreement tspl-divergence-accessor-commitment len=78 artifacts=47 advent-overaccept=26 advent-underaccept=14 compiler-timeout=2 reference-disagreement=2016 same=29567 tree-difference=7
[31643/100000] reference-disagreement wide:struct-member:newline:real:IdentifiableSyntax:28 len=137 artifacts=47 advent-overaccept=26 advent-underaccept=14 compiler-timeout=2 reference-disagreement=2017 same=29577 tree-difference=7
[31647/100000] reference-disagreement wide:struct-member:raw:real:SyntaxTraits:750 len=149 artifacts=47 advent-overaccept=26 advent-underaccept=14 compiler-timeout=2 reference-disagreement=2018 same=29580 tree-difference=7
[31650/100000] reference-disagreement wide:func-body:raw:real:SyntaxExpressibleByStringInterpolationConformances:46 len=173 artifacts=47 advent-overaccept=26 advent-underaccept=14 compiler-timeout=2 reference-disagreement=2019 same=29582 tree-difference=7
[31666/100000] reference-disagreement wide:extension-member:splice:real:ConvenienceInitializers:219 len=209 artifacts=47 advent-overaccept=26 advent-underaccept=14 compiler-timeout=2 reference-disagreement=2020 same=29597 tree-difference=7
[31676/100000] reference-disagreement wide:closure:newline:real:MacroExpansionContext:192+real:ResultBuilders:454 len=541 artifacts=47 advent-overaccept=26 advent-underaccept=14 compiler-timeout=2 reference-disagreement=2021 same=29606 tree-difference=7
[31678/100000] reference-disagreement wide:extension-member:line-comment+splice:real:TokenSequence:188 len=278 artifacts=47 advent-overaccept=26 advent-underaccept=14 compiler-timeout=2 reference-disagreement=2022 same=29607 tree-difference=7
[31679/100000] reference-disagreement member-list-wide-boundary len=175 artifacts=47 advent-overaccept=26 advent-underaccept=14 compiler-timeout=2 reference-disagreement=2023 same=29607 tree-difference=7
[31699/100000] reference-disagreement attribute-ifconfig-elseif-list len=111 artifacts=47 advent-overaccept=26 advent-underaccept=14 compiler-timeout=2 reference-disagreement=2024 same=29626 tree-difference=7
[31706/100000] advent-underaccept wide:func-body:newline+swap+space:translated:testForwardSlashRegex111#1 len=30 artifacts=48 advent-overaccept=26 advent-underaccept=15 compiler-timeout=2 reference-disagreement=2024 same=29632 tree-difference=7
[31711/100000] reference-disagreement tspl-divergence-protocol-body len=223 artifacts=48 advent-overaccept=26 advent-underaccept=15 compiler-timeout=2 reference-disagreement=2025 same=29636 tree-difference=7
[31750/100000] same generic-decl len=51 artifacts=48 advent-overaccept=26 advent-underaccept=15 compiler-timeout=2 reference-disagreement=2025 same=29675 tree-difference=7
[31756/100000] reference-disagreement tspl-divergence-protocol-body len=164 artifacts=48 advent-overaccept=26 advent-underaccept=15 compiler-timeout=2 reference-disagreement=2026 same=29680 tree-difference=7
[31761/100000] reference-disagreement wide:trailing-closure:newline:real:CharacterInfo:13+real:Message:53 len=1195 artifacts=48 advent-overaccept=26 advent-underaccept=15 compiler-timeout=2 reference-disagreement=2027 same=29684 tree-difference=7
[31770/100000] compiler-timeout wide:interpolation:raw:reject:testForwardSlashRegex28#1 len=18 artifacts=48 advent-overaccept=26 advent-underaccept=15 compiler-timeout=3 reference-disagreement=2027 same=29692 tree-difference=7
[31783/100000] reference-disagreement attribute-ifconfig-elseif-list len=144 artifacts=48 advent-overaccept=26 advent-underaccept=15 compiler-timeout=3 reference-disagreement=2028 same=29704 tree-difference=7
[31785/100000] reference-disagreement wide:func-body:line-comment+keyword:real:SyntaxCollections:2140+real:AbsolutePosition:15 len=848 artifacts=48 advent-overaccept=26 advent-underaccept=15 compiler-timeout=3 reference-disagreement=2029 same=29705 tree-difference=7
[31816/100000] reference-disagreement wide:trailing-closure:block-comment+newline:translated:testSubscripting17#1 len=53 artifacts=48 advent-overaccept=26 advent-underaccept=15 compiler-timeout=3 reference-disagreement=2030 same=29735 tree-difference=7
[31819/100000] reference-disagreement wide:trailing-closure:raw:real:Attributes:362 len=899 artifacts=48 advent-overaccept=26 advent-underaccept=15 compiler-timeout=3 reference-disagreement=2031 same=29737 tree-difference=7
[31824/100000] reference-disagreement wide:func-body:raw:real:SyntaxProtocol:35 len=124 artifacts=48 advent-overaccept=26 advent-underaccept=15 compiler-timeout=3 reference-disagreement=2032 same=29741 tree-difference=7
[31859/100000] reference-disagreement wide:trailing-closure:newline:real:RenamedChildrenBuilderCompatibility:431 len=1206 artifacts=48 advent-overaccept=26 advent-underaccept=15 compiler-timeout=3 reference-disagreement=2033 same=29775 tree-difference=7
[31867/100000] reference-disagreement tspl-divergence-protocol-body len=198 artifacts=48 advent-overaccept=26 advent-underaccept=15 compiler-timeout=3 reference-disagreement=2034 same=29782 tree-difference=7
[31885/100000] reference-disagreement wide:closure:block-comment+glue+splice:real:Syntax+StringInterpolation:471 len=64 artifacts=48 advent-overaccept=26 advent-underaccept=15 compiler-timeout=3 reference-disagreement=2035 same=29799 tree-difference=7
[31889/100000] reference-disagreement wide:struct-member:raw:translated:testDollarIdentifier8#1 len=679 artifacts=48 advent-overaccept=26 advent-underaccept=15 compiler-timeout=3 reference-disagreement=2036 same=29802 tree-difference=7
[31906/100000] reference-disagreement declaration-modifier-stack len=34 artifacts=48 advent-overaccept=26 advent-underaccept=15 compiler-timeout=3 reference-disagreement=2037 same=29818 tree-difference=7
[31922/100000] reference-disagreement tspl-divergence-accessor-commitment len=78 artifacts=48 advent-overaccept=26 advent-underaccept=15 compiler-timeout=3 reference-disagreement=2038 same=29833 tree-difference=7
[31942/100000] reference-disagreement wide:closure:glue:real:ResultBuilders:493+real:ResultBuilders:176 len=315 artifacts=48 advent-overaccept=26 advent-underaccept=15 compiler-timeout=3 reference-disagreement=2039 same=29852 tree-difference=7
[31961/100000] residual-ambiguity wide:before-statement:keyword:reject:testRecovery22#1 len=31 artifacts=49 advent-overaccept=26 advent-underaccept=15 compiler-timeout=3 reference-disagreement=2039 residual-ambiguity=1 same=29870 tree-difference=7
[31973/100000] reference-disagreement wide:func-body:raw:phase3-branch:switch-bind+real:GenericParameterScopeSyntax:19 len=138 artifacts=49 advent-overaccept=26 advent-underaccept=15 compiler-timeout=3 reference-disagreement=2040 residual-ambiguity=1 same=29881 tree-difference=7
[32000/100000] same statement-list len=613 artifacts=49 advent-overaccept=26 advent-underaccept=15 compiler-timeout=3 reference-disagreement=2040 residual-ambiguity=1 same=29908 tree-difference=7
[32004/100000] reference-disagreement wide:ifconfig:raw:real:ConvenienceInitializers:76+translated:testDollarIdentifier8#1 len=889 artifacts=49 advent-overaccept=26 advent-underaccept=15 compiler-timeout=3 reference-disagreement=2041 residual-ambiguity=1 same=29911 tree-difference=7
[32007/100000] reference-disagreement wide:extension-member:raw:real:SwiftSyntaxCompatibility:1132 len=890 artifacts=49 advent-overaccept=26 advent-underaccept=15 compiler-timeout=3 reference-disagreement=2042 residual-ambiguity=1 same=29913 tree-difference=7
[32008/100000] reference-disagreement wide:after-statement:raw:reject:testMacroRoleNames#1 len=66 artifacts=49 advent-overaccept=26 advent-underaccept=15 compiler-timeout=3 reference-disagreement=2043 residual-ambiguity=1 same=29913 tree-difference=7
[32029/100000] reference-disagreement wide:trailing-closure:newline+newline+line-comment:phase3-modifier:public-ext len=36 artifacts=49 advent-overaccept=26 advent-underaccept=15 compiler-timeout=3 reference-disagreement=2044 residual-ambiguity=1 same=29933 tree-difference=7
[32030/100000] reference-disagreement wide:closure:keyword+newline+line-comment:real:SyntaxTraits:838 len=68 artifacts=49 advent-overaccept=26 advent-underaccept=15 compiler-timeout=3 reference-disagreement=2045 residual-ambiguity=1 same=29933 tree-difference=7
[32034/100000] reference-disagreement tspl-divergence-accessor-commitment len=49 artifacts=49 advent-overaccept=26 advent-underaccept=15 compiler-timeout=3 reference-disagreement=2046 residual-ambiguity=1 same=29936 tree-difference=7
[32038/100000] reference-disagreement keypath-component-matrix len=37 artifacts=49 advent-overaccept=26 advent-underaccept=15 compiler-timeout=3 reference-disagreement=2047 residual-ambiguity=1 same=29939 tree-difference=7
[32062/100000] reference-disagreement wide:closure:block-comment:translated:testSwitch24#1 len=63 artifacts=49 advent-overaccept=26 advent-underaccept=15 compiler-timeout=3 reference-disagreement=2048 residual-ambiguity=1 same=29962 tree-difference=7
[32071/100000] reference-disagreement wide:func-body:raw:real:WithTrailingCommaSyntax+EnsuringTrailingComma:19 len=220 artifacts=49 advent-overaccept=26 advent-underaccept=15 compiler-timeout=3 reference-disagreement=2049 residual-ambiguity=1 same=29970 tree-difference=7
[32085/100000] reference-disagreement wide:closure:raw:translated:testMatchingPatterns1#1 len=43 artifacts=49 advent-overaccept=26 advent-underaccept=15 compiler-timeout=3 reference-disagreement=2050 residual-ambiguity=1 same=29983 tree-difference=7
[32096/100000] reference-disagreement wide:struct-member:newline:real:ConvenienceInitializers:397 len=798 artifacts=49 advent-overaccept=26 advent-underaccept=15 compiler-timeout=3 reference-disagreement=2051 residual-ambiguity=1 same=29993 tree-difference=7
[32101/100000] reference-disagreement tspl-divergence-protocol-body len=116 artifacts=49 advent-overaccept=26 advent-underaccept=15 compiler-timeout=3 reference-disagreement=2052 residual-ambiguity=1 same=29997 tree-difference=7
[32105/100000] reference-disagreement wide:closure:block-comment+space+block-comment:translated:testDeprecatedWhere6#1+translated:testGenericDisambiguation8#1 len=514 artifacts=49 advent-overaccept=26 advent-underaccept=15 compiler-timeout=3 reference-disagreement=2053 residual-ambiguity=1 same=30000 tree-difference=7
[32127/100000] reference-disagreement ifconfig-member-context-boundary len=77 artifacts=49 advent-overaccept=26 advent-underaccept=15 compiler-timeout=3 reference-disagreement=2054 residual-ambiguity=1 same=30021 tree-difference=7
[32175/100000] reference-disagreement tspl-divergence-protocol-body len=254 artifacts=49 advent-overaccept=26 advent-underaccept=15 compiler-timeout=3 reference-disagreement=2055 residual-ambiguity=1 same=30068 tree-difference=7
[32204/100000] reference-disagreement tspl-divergence-protocol-body len=170 artifacts=49 advent-overaccept=26 advent-underaccept=15 compiler-timeout=3 reference-disagreement=2056 residual-ambiguity=1 same=30096 tree-difference=7
[32220/100000] reference-disagreement member-list-wide-boundary len=230 artifacts=49 advent-overaccept=26 advent-underaccept=15 compiler-timeout=3 reference-disagreement=2057 residual-ambiguity=1 same=30111 tree-difference=7
[32232/100000] reference-disagreement tspl-divergence-protocol-body len=163 artifacts=49 advent-overaccept=26 advent-underaccept=15 compiler-timeout=3 reference-disagreement=2058 residual-ambiguity=1 same=30122 tree-difference=7
[32235/100000] advent-overaccept wide:closure:block-comment+newline+newline:translated:testIdentifiers3#1 len=56 artifacts=50 advent-overaccept=27 advent-underaccept=15 compiler-timeout=3 reference-disagreement=2058 residual-ambiguity=1 same=30124 tree-difference=7
[32250/100000] same wide:trailing-closure:swap+line-comment+newline:type:testNamedOpaqueReturnTypes#1 len=351 artifacts=50 advent-overaccept=27 advent-underaccept=15 compiler-timeout=3 reference-disagreement=2058 residual-ambiguity=1 same=30139 tree-difference=7
[32253/100000] reference-disagreement wide:closure:keyword+keyword:real:SyntaxTraits:258 len=485 artifacts=50 advent-overaccept=27 advent-underaccept=15 compiler-timeout=3 reference-disagreement=2059 residual-ambiguity=1 same=30141 tree-difference=7
[32278/100000] reference-disagreement wide:struct-member:raw:real:Trivia:203 len=250 artifacts=50 advent-overaccept=27 advent-underaccept=15 compiler-timeout=3 reference-disagreement=2060 residual-ambiguity=1 same=30165 tree-difference=7
[32290/100000] reference-disagreement wide:ifconfig:block-comment:translated:testOperatorDecl3#1 len=49 artifacts=50 advent-overaccept=27 advent-underaccept=15 compiler-timeout=3 reference-disagreement=2061 residual-ambiguity=1 same=30176 tree-difference=7
[32291/100000] reference-disagreement tspl-divergence-protocol-body len=164 artifacts=50 advent-overaccept=27 advent-underaccept=15 compiler-timeout=3 reference-disagreement=2062 residual-ambiguity=1 same=30176 tree-difference=7
[32299/100000] reference-disagreement wide:before-statement:block-comment+line-comment:translated:testSwitch13#1 len=65 artifacts=50 advent-overaccept=27 advent-underaccept=15 compiler-timeout=3 reference-disagreement=2063 residual-ambiguity=1 same=30183 tree-difference=7
[32313/100000] reference-disagreement tspl-divergence-accessor-commitment len=78 artifacts=50 advent-overaccept=27 advent-underaccept=15 compiler-timeout=3 reference-disagreement=2064 residual-ambiguity=1 same=30196 tree-difference=7
[32351/100000] reference-disagreement wide:trailing-closure:delete+swap:statement:testTypedThrows#3 len=30 artifacts=50 advent-overaccept=27 advent-underaccept=15 compiler-timeout=3 reference-disagreement=2065 residual-ambiguity=1 same=30233 tree-difference=7
[32355/100000] reference-disagreement wide:trailing-closure:space+block-comment:phase4-string:multiline-3line+real:StandardIOMessageConnection:24 len=73 artifacts=50 advent-overaccept=27 advent-underaccept=15 compiler-timeout=3 reference-disagreement=2066 residual-ambiguity=1 same=30236 tree-difference=7
[32360/100000] reference-disagreement attribute-ifconfig-elseif-list len=107 artifacts=50 advent-overaccept=27 advent-underaccept=15 compiler-timeout=3 reference-disagreement=2067 residual-ambiguity=1 same=30240 tree-difference=7
[32370/100000] reference-disagreement wide:struct-member:glue:real:RenamedChildrenBuilderCompatibility:114 len=1280 artifacts=50 advent-overaccept=27 advent-underaccept=15 compiler-timeout=3 reference-disagreement=2068 residual-ambiguity=1 same=30249 tree-difference=7
[32387/100000] reference-disagreement keypath-component-matrix len=44 artifacts=50 advent-overaccept=27 advent-underaccept=15 compiler-timeout=3 reference-disagreement=2069 residual-ambiguity=1 same=30265 tree-difference=7
[32396/100000] reference-disagreement wide:func-body:raw:translated:testAsyncSyntax1#1+real:SyntaxTraits:794 len=154 artifacts=50 advent-overaccept=27 advent-underaccept=15 compiler-timeout=3 reference-disagreement=2070 residual-ambiguity=1 same=30273 tree-difference=7
[32397/100000] reference-disagreement wide:trailing-closure:raw:translated:testInvalid28#1 len=157 artifacts=50 advent-overaccept=27 advent-underaccept=15 compiler-timeout=3 reference-disagreement=2071 residual-ambiguity=1 same=30273 tree-difference=7
[32407/100000] reference-disagreement wide:closure:raw:real:RawSyntaxNodesQRS:17 len=89 artifacts=50 advent-overaccept=27 advent-underaccept=15 compiler-timeout=3 reference-disagreement=2072 residual-ambiguity=1 same=30282 tree-difference=7
[32409/100000] reference-disagreement statement-list len=493 artifacts=50 advent-overaccept=27 advent-underaccept=15 compiler-timeout=3 reference-disagreement=2073 residual-ambiguity=1 same=30283 tree-difference=7
[32432/100000] reference-disagreement wide:func-body:raw:real:Names:371 len=257 artifacts=50 advent-overaccept=27 advent-underaccept=15 compiler-timeout=3 reference-disagreement=2074 residual-ambiguity=1 same=30305 tree-difference=7
[32435/100000] reference-disagreement member-list-wide-boundary len=285 artifacts=50 advent-overaccept=27 advent-underaccept=15 compiler-timeout=3 reference-disagreement=2075 residual-ambiguity=1 same=30307 tree-difference=7
[32451/100000] reference-disagreement wide:trailing-closure:line-comment:phase3-enum-case:case-separate+reject:testChainedOptionalUnwrapsWithDot#1 len=46 artifacts=50 advent-overaccept=27 advent-underaccept=15 compiler-timeout=3 reference-disagreement=2076 residual-ambiguity=1 same=30322 tree-difference=7
[32462/100000] reference-disagreement wide:after-statement:raw:declaration:testProtocolParsing#3 len=143 artifacts=50 advent-overaccept=27 advent-underaccept=15 compiler-timeout=3 reference-disagreement=2077 residual-ambiguity=1 same=30332 tree-difference=7
[32475/100000] advent-overaccept wide:func-body:newline+line-comment:type:testLifetimeSpecifier#2 len=53 artifacts=51 advent-overaccept=28 advent-underaccept=15 compiler-timeout=3 reference-disagreement=2077 residual-ambiguity=1 same=30344 tree-difference=7
[32500/100000] same wide:top:raw:translated:testTypeExpr17#1 len=247 artifacts=51 advent-overaccept=28 advent-underaccept=15 compiler-timeout=3 reference-disagreement=2077 residual-ambiguity=1 same=30369 tree-difference=7
[32501/100000] reference-disagreement tspl-divergence-accessor-commitment len=49 artifacts=51 advent-overaccept=28 advent-underaccept=15 compiler-timeout=3 reference-disagreement=2078 residual-ambiguity=1 same=30369 tree-difference=7
[32502/100000] reference-disagreement tspl-divergence-protocol-body len=123 artifacts=51 advent-overaccept=28 advent-underaccept=15 compiler-timeout=3 reference-disagreement=2079 residual-ambiguity=1 same=30369 tree-difference=7
[32512/100000] reference-disagreement wide:before-statement:raw:translated:testInitDeinit18#1 len=96 artifacts=51 advent-overaccept=28 advent-underaccept=15 compiler-timeout=3 reference-disagreement=2080 residual-ambiguity=1 same=30378 tree-difference=7
[32513/100000] reference-disagreement wide:trailing-closure:line-comment+newline+line-comment:phase3-enum-case:case-ifconfig+real:SourcePresence:17 len=195 artifacts=51 advent-overaccept=28 advent-underaccept=15 compiler-timeout=3 reference-disagreement=2081 residual-ambiguity=1 same=30378 tree-difference=7
[32557