wide corpus: 4594 entries, 50% of inputs
frontier lanes: 20% of inputs
interesting corpus: 0 entries, 0% of inputs
run: /Users/janwillem/Developer/Xcode/ApusApus/SwiftSyntaxFuzzer/runs/worker-7/2026-10-07T08-39-21Z
seed: 17418699662346727750
iterations: 100000
probe mode: persistent
seed corpus: /Users/janwillem/Developer/Xcode/ApusApus/SwiftSyntaxFuzzer/seeds/known-problems.txt (63 entries)
artifact cap: 10000 files, 1024 MB
artifact statuses: advent-no-generated-tree,advent-overaccept,advent-underaccept,crash,invalid-probe-output,probe-error,residual-ambiguity,timeout,tree-difference
artifact cap per status: 500
artifact dedupe: signal
interesting passes: /Users/janwillem/Developer/Xcode/ApusApus/SwiftSyntaxFuzzer/runs/worker-7/2026-10-07T08-39-21Z/interesting.jsonl (cap 2000)
[1/100000] same closure-result-boundary len=52 artifacts=0 same=1
[3/100000] reference-disagreement attribute-ifconfig-elseif-list len=133 artifacts=0 reference-disagreement=1 same=2
[11/100000] reference-disagreement wide:trailing-closure:block-comment:real:UnicodeScalarExtensions:264 len=257 artifacts=0 reference-disagreement=2 same=9
[21/100000] reference-disagreement tspl-divergence-protocol-body len=151 artifacts=0 reference-disagreement=3 same=18
[50/100000] reference-disagreement wide:trailing-closure:raw:real:SyntaxCollections:460 len=495 artifacts=0 reference-disagreement=4 same=46
[64/100000] reference-disagreement wide:struct-member:newline:real:Syntax+StringInterpolation:288 len=62 artifacts=0 reference-disagreement=5 same=59
[72/100000] reference-disagreement wide:func-body:line-comment+space:real:SyntaxUtils:287+real:Statements:815 len=762 artifacts=0 reference-disagreement=6 same=66
[84/100000] reference-disagreement attribute-ifconfig-elseif-list len=114 artifacts=0 reference-disagreement=7 same=77
[96/100000] reference-disagreement wide:closure:newline:attribute:testDerivativeAttribute#2 len=305 artifacts=0 reference-disagreement=8 same=88
[112/100000] reference-disagreement member-list-wide-boundary len=389 artifacts=0 reference-disagreement=9 same=103
[130/100000] reference-disagreement nested-ifconfig-boundary len=163 artifacts=0 reference-disagreement=10 same=120
[135/100000] reference-disagreement wide:closure:block-comment+newline+splice:attribute:testImplementsAttribute#1 len=328 artifacts=0 reference-disagreement=11 same=124
[211/100000] reference-disagreement wide:ifconfig:glue:real:ConvenienceInitializers:230+translated:testBorrowingContextualParsing#5 len=217 artifacts=0 reference-disagreement=12 same=199
[245/100000] reference-disagreement wide:closure:space+line-comment:real:SyntaxExpressibleByStringInterpolationConformances:34 len=101 artifacts=0 reference-disagreement=13 same=232
[246/100000] reference-disagreement tspl-divergence-protocol-body len=249 artifacts=0 reference-disagreement=14 same=232
[250/100000] same try-boundary len=28 artifacts=0 reference-disagreement=14 same=236
[271/100000] reference-disagreement func-body len=460 artifacts=0 reference-disagreement=15 same=256
[272/100000] reference-disagreement wide:closure:space+block-comment:real:SyntaxTraits:269 len=807 artifacts=0 reference-disagreement=16 same=256
[299/100000] reference-disagreement wide:func-body:newline:translated:testModuleSelectorIncorrectRuntimeBaseAttr#1 len=78 artifacts=0 reference-disagreement=17 same=282
[302/100000] reference-disagreement wide:before-statement:raw:attribute:testUnavailableFromAsync#4 len=68 artifacts=0 reference-disagreement=18 same=284
[318/100000] reference-disagreement attribute-ifconfig-elseif-list len=128 artifacts=0 reference-disagreement=19 same=299
[325/100000] reference-disagreement wide:closure:newline:real:SyntaxTraits:47 len=661 artifacts=0 reference-disagreement=20 same=305
[336/100000] reference-disagreement wide:closure:block-comment:attribute:testBackDeployed#3 len=145 artifacts=0 reference-disagreement=21 same=315
[394/100000] reference-disagreement wide:closure:raw:real:WarningControlRegions:18 len=471 artifacts=0 reference-disagreement=22 same=372
[436/100000] reference-disagreement wide:closure:keyword:real:SyntaxCollections:305 len=488 artifacts=0 reference-disagreement=23 same=413
[480/100000] reference-disagreement member-list-wide-boundary len=253 artifacts=0 reference-disagreement=24 same=456
[485/100000] reference-disagreement cast-try-operator-cluster len=24 artifacts=0 reference-disagreement=25 same=460
[486/100000] reference-disagreement wide:struct-member:splice+splice:real:SyntaxTraits:804+translated:testOriginalDefinedInAttr7#3 len=178 artifacts=0 reference-disagreement=26 same=460
[487/100000] reference-disagreement tspl-divergence-protocol-body len=131 artifacts=0 reference-disagreement=27 same=460
[500/100000] same frontier:parser-mode-scope len=58 artifacts=0 reference-disagreement=27 same=473
[504/100000] reference-disagreement wide:extension-member:line-comment:real:BuildableNodes:1530 len=1069 artifacts=0 reference-disagreement=28 same=476
[514/100000] reference-disagreement wide:func-body:raw:phase4-misc:borrowing-param+real:ResultBuilders:167 len=245 artifacts=0 reference-disagreement=29 same=485
[517/100000] reference-disagreement wide:closure:raw:real:Syntax+StringInterpolation:527 len=92 artifacts=0 reference-disagreement=30 same=487
[518/100000] reference-disagreement wide:before-statement:newline+splice+glue:expression:testKeypathExpression#7 len=25 artifacts=0 reference-disagreement=31 same=487
[525/100000] reference-disagreement wide:trailing-closure:block-comment+block-comment+glue:expression:testBorrowExpression#4 len=51 artifacts=0 reference-disagreement=32 same=493
[527/100000] reference-disagreement wide:struct-member:raw:real:CharacterInfo:13 len=440 artifacts=0 reference-disagreement=33 same=494
[532/100000] reference-disagreement wide:func-body:newline:real:Cursor:646+translated:testOperators7#1 len=809 artifacts=0 reference-disagreement=34 same=498
[568/100000] reference-disagreement tspl-divergence-protocol-body len=84 artifacts=0 reference-disagreement=35 same=533
[569/100000] reference-disagreement declaration-modifier-stack len=34 artifacts=0 reference-disagreement=36 same=533
[572/100000] reference-disagreement nested-ifconfig-boundary len=146 artifacts=0 reference-disagreement=37 same=535
[602/100000] reference-disagreement wide:closure:newline:declaration:testPrecedenceGroup#1 len=149 artifacts=0 reference-disagreement=38 same=564
[606/100000] reference-disagreement keypath-component-matrix len=48 artifacts=0 reference-disagreement=39 same=567
[634/100000] reference-disagreement wide:closure:block-comment+keyword:real:BasicMacroExpansionContext:109+real:SyntaxExtensions:198 len=433 artifacts=0 reference-disagreement=40 same=594
[643/100000] reference-disagreement wide:trailing-closure:raw:real:SyntaxUtils:35 len=312 artifacts=0 reference-disagreement=41 same=602
[647/100000] reference-disagreement tspl-divergence-protocol-body len=154 artifacts=0 reference-disagreement=42 same=605
[650/100000] reference-disagreement attribute-ifconfig-elseif-list len=107 artifacts=0 reference-disagreement=43 same=607
[658/100000] reference-disagreement wide:closure:newline+glue+line-comment:real:Names:381 len=768 artifacts=0 reference-disagreement=44 same=614
[662/100000] reference-disagreement keypath-boundary len=37 artifacts=0 reference-disagreement=45 same=617
[670/100000] reference-disagreement attribute-ifconfig-elseif-list len=119 artifacts=0 reference-disagreement=46 same=624
[671/100000] reference-disagreement grammarish-member-list len=289 artifacts=0 reference-disagreement=47 same=624
[689/100000] reference-disagreement wide:closure:glue+splice:real:SyntaxTraits:836 len=114 artifacts=0 reference-disagreement=48 same=641
[693/100000] reference-disagreement wide:extension-member:raw:real:DeclSyntaxParseable:46+translated:testObjectLiterals8#1 len=102 artifacts=0 reference-disagreement=49 same=644
[704/100000] reference-disagreement wide:func-body:space+newline:real:SyntaxTraits:810 len=85 artifacts=0 reference-disagreement=50 same=654
[716/100000] reference-disagreement wide:struct-member:glue+delete:real:Syntax+StringInterpolation:276 len=249 artifacts=0 reference-disagreement=51 same=665
[750/100000] same frontier:condition-trailing-closure-scope len=467 artifacts=0 reference-disagreement=51 same=699
[769/100000] reference-disagreement wide:struct-member:raw:real:SyntaxTraits:700 len=67 artifacts=0 reference-disagreement=52 same=717
[777/100000] reference-disagreement keypath-boundary len=40 artifacts=0 reference-disagreement=53 same=724
[792/100000] reference-disagreement wide:extension-member:raw:real:SyntaxNodeWithBody:185 len=1089 artifacts=0 reference-disagreement=54 same=738
[825/100000] reference-disagreement tspl-divergence-protocol-body len=142 artifacts=0 reference-disagreement=55 same=770
[840/100000] reference-disagreement wide:extension-member:raw:real:Syntax+StringInterpolation:469 len=83 artifacts=0 reference-disagreement=56 same=784
[843/100000] reference-disagreement attribute-ifconfig-elseif-list len=117 artifacts=0 reference-disagreement=57 same=786
[870/100000] reference-disagreement grammarish-member-list len=328 artifacts=0 reference-disagreement=58 same=812
[873/100000] reference-disagreement wide:before-statement:newline:attribute:testABIAttribute#15 len=44 artifacts=0 reference-disagreement=59 same=814
[878/100000] reference-disagreement ifconfig-member-context-boundary len=77 artifacts=0 reference-disagreement=60 same=818
[889/100000] reference-disagreement attribute-ifconfig-elseif-list len=133 artifacts=0 reference-disagreement=61 same=828
[892/100000] reference-disagreement wide:extension-member:raw:real:SyntaxExpressibleByStringInterpolationConformances:61 len=87 artifacts=0 reference-disagreement=62 same=830
[917/100000] reference-disagreement grammarish-member-list len=204 artifacts=0 reference-disagreement=63 same=854
[919/100000] reference-disagreement wide:extension-member:raw:phase3-modifier:indirect-enum+real:LayoutNodes+Parsable:127 len=219 artifacts=0 reference-disagreement=64 same=855
[920/100000] reference-disagreement wide:struct-member:raw:real:LayoutNodes+Parsable:207+translated:testAvailabilityQuery33#1 len=238 artifacts=0 reference-disagreement=65 same=855
[927/100000] reference-disagreement wide:extension-member:newline:real:StaticBuildConfiguration:427 len=244 artifacts=0 reference-disagreement=66 same=861
[947/100000] reference-disagreement declaration-modifier-stack len=34 artifacts=0 reference-disagreement=67 same=880
[964/100000] reference-disagreement wide:func-body:line-comment:real:Lookahead:85 len=688 artifacts=0 reference-disagreement=68 same=896
[969/100000] reference-disagreement statement-list len=613 artifacts=0 reference-disagreement=69 same=900
[1000/100000] same wide:interpolation:block-comment+space:translated:testRecovery113#1 len=62 artifacts=0 reference-disagreement=69 same=931
[1083/100000] reference-disagreement member-list-wide-boundary len=368 artifacts=0 reference-disagreement=70 same=1013
[1105/100000] reference-disagreement wide:func-body:splice+duplicate:real:VersionTuple:66 len=178 artifacts=0 reference-disagreement=71 same=1034
[1127/100000] reference-disagreement attribute-ifconfig-elseif-list len=116 artifacts=0 reference-disagreement=72 same=1055
[1143/100000] reference-disagreement wide:closure:raw:real:SyntaxTraits:435 len=717 artifacts=0 reference-disagreement=73 same=1070
[1147/100000] reference-disagreement declaration-modifier-stack len=34 artifacts=0 reference-disagreement=74 same=1073
[1183/100000] reference-disagreement wide:func-body:raw:real:LayoutNodes+Parsable:79 len=189 artifacts=0 reference-disagreement=75 same=1108
[1231/100000] reference-disagreement wide:after-statement:raw:translated:testSwitch23#1 len=38 artifacts=0 reference-disagreement=76 same=1155
[1236/100000] reference-disagreement attribute-ifconfig-elseif-list len=114 artifacts=0 reference-disagreement=77 same=1159
[1241/100000] reference-disagreement wide:extension-member:space+duplicate:real:Trivia:203 len=270 artifacts=0 reference-disagreement=78 same=1163
[1250/100000] same wide:interpolation:newline+splice+block-comment:real:ResultBuilders:241+real:BuildableNodes:740 len=1222 artifacts=0 reference-disagreement=78 same=1172
[1264/100000] reference-disagreement wide:func-body:glue:real:IndentationUtils:21 len=286 artifacts=0 reference-disagreement=79 same=1185
[1273/100000] reference-disagreement cast-try-operator-cluster len=24 artifacts=0 reference-disagreement=80 same=1193
[1274/100000] reference-disagreement binding-pattern len=458 artifacts=0 reference-disagreement=81 same=1193
[1279/100000] reference-disagreement tspl-divergence-protocol-body len=207 artifacts=0 reference-disagreement=82 same=1197
[1297/100000] reference-disagreement wide:closure:raw:real:ResultBuilders:728 len=140 artifacts=0 reference-disagreement=83 same=1214
[1303/100000] reference-disagreement wide:extension-member:glue:real:ResultBuilders:29 len=190 artifacts=0 reference-disagreement=84 same=1219
[1314/100000] reference-disagreement wide:trailing-closure:newline:real:MacroExpansion:27+real:ResultBuilders:715 len=373 artifacts=0 reference-disagreement=85 same=1229
[1321/100000] reference-disagreement wide:extension-member:raw:real:RenamedChildrenBuilderCompatibility:431 len=1216 artifacts=0 reference-disagreement=86 same=1235
[1333/100000] reference-disagreement attribute-ifconfig-elseif-list len=111 artifacts=0 reference-disagreement=87 same=1246
[1339/100000] reference-disagreement wide:func-body:newline+keyword+newline:real:SyntaxTraits:694 len=83 artifacts=0 reference-disagreement=88 same=1251
[1362/100000] reference-disagreement wide:trailing-closure:keyword+space:real:SyntaxTraits:297 len=398 artifacts=0 reference-disagreement=89 same=1273
[1373/100000] reference-disagreement wide:top:raw:expression:testClosureWithExternalParameterName#2 len=24 artifacts=0 reference-disagreement=90 same=1283
[1378/100000] reference-disagreement wide:trailing-closure:glue:phase4-macro:borrow len=38 artifacts=0 reference-disagreement=91 same=1287
[1389/100000] reference-disagreement keypath-component-matrix len=40 artifacts=0 reference-disagreement=92 same=1297
[1414/100000] reference-disagreement tspl-divergence-protocol-body len=108 artifacts=0 reference-disagreement=93 same=1321
[1421/100000] reference-disagreement wide:func-body:newline+newline:real:ResultBuilders:629 len=130 artifacts=0 reference-disagreement=94 same=1327
[1437/100000] reference-disagreement tspl-divergence-accessor-commitment len=78 artifacts=0 reference-disagreement=95 same=1342
[1450/100000] reference-disagreement seed-corpus-wrapped:operator-question-assignment len=118 artifacts=0 reference-disagreement=96 same=1354
[1454/100000] reference-disagreement wide:before-statement:newline+block-comment+space:attribute:testABIAttribute#16 len=108 artifacts=0 reference-disagreement=97 same=1357
[1470/100000] reference-disagreement wide:before-statement:newline:translated:testSwitch48#1 len=107 artifacts=0 reference-disagreement=98 same=1372
[1497/100000] reference-disagreement wide:closure:newline+keyword:real:CustomTraits:13 len=186 artifacts=0 reference-disagreement=99 same=1398
[1500/100000] same keypath-component-matrix len=34 artifacts=0 reference-disagreement=99 same=1401
[1501/100000] reference-disagreement wide:trailing-closure:block-comment:phase3-modifier:final-public len=37 artifacts=0 reference-disagreement=100 same=1401
[1503/100000] reference-disagreement wide:struct-member:line-comment+newline:real:ScopeImplementations:746 len=182 artifacts=0 reference-disagreement=101 same=1402
[1532/100000] reference-disagreement wide:func-body:block-comment+splice+newline:real:SyntaxExpressibleByStringInterpolationConformances:205 len=88 artifacts=0 reference-disagreement=102 same=1430
[1557/100000] reference-disagreement wide:func-body:raw:attribute:testTransposeAttribute#2 len=101 artifacts=0 reference-disagreement=103 same=1454
[1566/100000] reference-disagreement nested-ifconfig-boundary len=146 artifacts=0 reference-disagreement=104 same=1462
[1599/100000] reference-disagreement wide:closure:newline+newline+delete:real:Convenience:19 len=465 artifacts=0 reference-disagreement=105 same=1494
[1618/100000] reference-disagreement seed-corpus-wrapped:operator-question-assignment len=165 artifacts=0 reference-disagreement=106 same=1512
[1621/100000] reference-disagreement attribute-boundary len=41 artifacts=0 reference-disagreement=107 same=1514
[1639/100000] reference-disagreement wide:trailing-closure:newline+glue+newline:real:ResultBuilders:115 len=186 artifacts=0 reference-disagreement=108 same=1531
[1641/100000] reference-disagreement wide:after-statement:splice:real:SyntaxTraits:762 len=67 artifacts=0 reference-disagreement=109 same=1532
[1644/100000] reference-disagreement wide:extension-member:raw:real:Parser:848 len=609 artifacts=0 reference-disagreement=110 same=1534
[1653/100000] reference-disagreement statement-list len=542 artifacts=0 reference-disagreement=111 same=1542
[1657/100000] reference-disagreement seed-corpus-structural-splice:preconcurrency-import len=94 artifacts=0 reference-disagreement=112 same=1545
[1664/100000] reference-disagreement wide:closure:newline:real:Expressions:1853 len=681 artifacts=0 reference-disagreement=113 same=1551
[1704/100000] reference-disagreement keypath-boundary len=36 artifacts=0 reference-disagreement=114 same=1590
[1706/100000] reference-disagreement wide:extension-member:line-comment+splice:real:ConvenienceInitializers:232 len=68 artifacts=0 reference-disagreement=115 same=1591
[1735/100000] reference-disagreement wide:closure:newline:real:SyntaxCollections:1360 len=518 artifacts=0 reference-disagreement=116 same=1619
[1750/100000] same frontier:statement-member-context len=66 artifacts=0 reference-disagreement=116 same=1634
[1761/100000] reference-disagreement declaration-modifier-stack len=34 artifacts=0 reference-disagreement=117 same=1644
[1762/100000] reference-disagreement wide:trailing-closure:newline+block-comment+newline:real:SyntaxTraits:836 len=118 artifacts=0 reference-disagreement=118 same=1644
[1768/100000] reference-disagreement wide:closure:line-comment:attribute:testSpiAttributeWithoutParameter#1 len=48 artifacts=0 reference-disagreement=119 same=1649
[1770/100000] reference-disagreement wide:func-body:newline:real:ResultBuilders:128 len=199 artifacts=0 reference-disagreement=120 same=1650
[1773/100000] reference-disagreement wide:closure:glue+glue+newline:real:ConvenienceInitializers:189 len=85 artifacts=0 reference-disagreement=121 same=1652
[1797/100000] reference-disagreement keypath-component-matrix len=31 artifacts=0 reference-disagreement=122 same=1675
[1803/100000] reference-disagreement tspl-divergence-protocol-body len=123 artifacts=0 reference-disagreement=123 same=1680
[1812/100000] reference-disagreement wide:closure:newline+glue:declaration:testReasyncFunctions#1 len=167 artifacts=0 reference-disagreement=124 same=1688
[1851/100000] reference-disagreement wide:closure:block-comment:declaration:testBorrowAndMutateAccessors#1 len=200 artifacts=0 reference-disagreement=125 same=1726
[1879/100000] advent-overaccept wide:func-body:raw:type:testLifetimeSpecifier#1 len=44 artifacts=1 advent-overaccept=1 reference-disagreement=125 same=1753
[1887/100000] reference-disagreement wide:trailing-closure:raw:translated:testEffectfulProperties6#1+real:BuildableNodes:825 len=1004 artifacts=1 advent-overaccept=1 reference-disagreement=126 same=1760
[1888/100000] reference-disagreement wide:closure:raw:translated:testEffectfulProperties5#1 len=123 artifacts=1 advent-overaccept=1 reference-disagreement=127 same=1760
[1896/100000] reference-disagreement tspl-divergence-protocol-body len=188 artifacts=1 advent-overaccept=1 reference-disagreement=128 same=1767
[1897/100000] reference-disagreement tspl-divergence-protocol-body len=98 artifacts=1 advent-overaccept=1 reference-disagreement=129 same=1767
[1904/100000] reference-disagreement wide:trailing-closure:duplicate:real:LexerDiagnosticMessages:381 len=276 artifacts=1 advent-overaccept=1 reference-disagreement=130 same=1773
[1917/100000] advent-overaccept wide:trailing-closure:raw:type:testLifetimeSpecifier#4 len=44 artifacts=2 advent-overaccept=2 reference-disagreement=130 same=1785
[1932/100000] reference-disagreement wide:func-body:block-comment:attribute:testDocumentationAttribute#4 len=100 artifacts=2 advent-overaccept=2 reference-disagreement=131 same=1799
[1934/100000] reference-disagreement wide:extension-member:line-comment+line-comment:real:CollectionNodes+Parsable:118 len=786 artifacts=2 advent-overaccept=2 reference-disagreement=132 same=1800
[1952/100000] reference-disagreement wide:struct-member:newline:real:String+TrimmingTrailingWhitespace:23 len=194 artifacts=2 advent-overaccept=2 reference-disagreement=133 same=1817
[1955/100000] reference-disagreement tspl-divergence-protocol-body len=89 artifacts=2 advent-overaccept=2 reference-disagreement=134 same=1819
[1956/100000] reference-disagreement wide:closure:newline+line-comment:real:SyntaxExpressibleByStringInterpolationConformances:202 len=92 artifacts=2 advent-overaccept=2 reference-disagreement=135 same=1819
[1963/100000] reference-disagreement wide:after-statement:newline+block-comment:expression:testKeyPathMethodAndInitializers#7 len=40 artifacts=2 advent-overaccept=2 reference-disagreement=136 same=1825
[1978/100000] reference-disagreement statement-list len=574 artifacts=2 advent-overaccept=2 reference-disagreement=137 same=1839
[2000/100000] same wide:func-body:line-comment+splice+duplicate:translated:testOperators16#1 len=54 artifacts=2 advent-overaccept=2 reference-disagreement=137 same=1861
[2010/100000] reference-disagreement member-list-wide-boundary len=253 artifacts=2 advent-overaccept=2 reference-disagreement=138 same=1870
[2025/100000] reference-disagreement wide:trailing-closure:raw:translated:testTry2#1 len=287 artifacts=2 advent-overaccept=2 reference-disagreement=139 same=1884
[2028/100000] reference-disagreement tspl-divergence-protocol-body len=160 artifacts=2 advent-overaccept=2 reference-disagreement=140 same=1886
[2031/100000] reference-disagreement wide:func-body:keyword+newline:real:ConvenienceInitializers:302 len=375 artifacts=2 advent-overaccept=2 reference-disagreement=141 same=1888
[2047/100000] reference-disagreement member-list-wide-boundary len=292 artifacts=2 advent-overaccept=2 reference-disagreement=142 same=1903
[2057/100000] reference-disagreement wide:extension-member:raw:real:IdentifiableSyntax:58 len=125 artifacts=2 advent-overaccept=2 reference-disagreement=143 same=1912
[2153/100000] reference-disagreement tspl-divergence-protocol-body len=259 artifacts=2 advent-overaccept=2 reference-disagreement=144 same=2007
[2158/100000] reference-disagreement tspl-divergence-protocol-body len=136 artifacts=2 advent-overaccept=2 reference-disagreement=145 same=2011
[2174/100000] reference-disagreement wide:extension-member:space:real:DeclSyntaxParseable:57 len=78 artifacts=2 advent-overaccept=2 reference-disagreement=146 same=2026
[2185/100000] reference-disagreement tspl-divergence-protocol-body len=159 artifacts=2 advent-overaccept=2 reference-disagreement=147 same=2036
[2189/100000] reference-disagreement wide:ifconfig:line-comment+space:statement:testTypedThrows#1 len=62 artifacts=2 advent-overaccept=2 reference-disagreement=148 same=2039
[2195/100000] reference-disagreement wide:trailing-closure:newline:translated:testErrors4#1 len=136 artifacts=2 advent-overaccept=2 reference-disagreement=149 same=2044
[2226/100000] reference-disagreement wide:closure:splice:real:RefactoringProvider:118 len=487 artifacts=2 advent-overaccept=2 reference-disagreement=150 same=2074
[2227/100000] reference-disagreement wide:extension-member:space:real:IdentifiableSyntax:58 len=126 artifacts=2 advent-overaccept=2 reference-disagreement=151 same=2074
[2232/100000] reference-disagreement tspl-divergence-protocol-body len=178 artifacts=2 advent-overaccept=2 reference-disagreement=152 same=2078
[2249/100000] reference-disagreement attribute-ifconfig-elseif-list len=122 artifacts=2 advent-overaccept=2 reference-disagreement=153 same=2094
[2250/100000] same wide:top:splice:real:StringLiterals:758+type:testInverseTypesInParameter#5 len=193 artifacts=2 advent-overaccept=2 reference-disagreement=153 same=2095
[2270/100000] reference-disagreement wide:closure:block-comment+space+delete:real:PreambleMacro:22 len=689 artifacts=2 advent-overaccept=2 reference-disagreement=154 same=2114
[2287/100000] reference-disagreement attribute-ifconfig-elseif-list len=136 artifacts=2 advent-overaccept=2 reference-disagreement=155 same=2130
[2290/100000] reference-disagreement tspl-divergence-protocol-body len=240 artifacts=2 advent-overaccept=2 reference-disagreement=156 same=2132
[2301/100000] reference-disagreement wide:trailing-closure:raw:real:MemberMacro:63+translated:testOperatorDeclDesignatedTypes5#1 len=343 artifacts=2 advent-overaccept=2 reference-disagreement=157 same=2142
[2305/100000] reference-disagreement wide:extension-member:raw:real:Convenience:19 len=467 artifacts=2 advent-overaccept=2 reference-disagreement=158 same=2145
[2307/100000] reference-disagreement binding-pattern len=458 artifacts=2 advent-overaccept=2 reference-disagreement=159 same=2146
[2325/100000] reference-disagreement wide:ifconfig:space:declaration:testLiteralInitializerWithTrailingClosure#1 len=40 artifacts=2 advent-overaccept=2 reference-disagreement=160 same=2163
[2337/100000] reference-disagreement grammarish-member-list len=145 artifacts=2 advent-overaccept=2 reference-disagreement=161 same=2174
[2359/100000] reference-disagreement tspl-divergence-protocol-body len=197 artifacts=2 advent-overaccept=2 reference-disagreement=162 same=2195
[2383/100000] reference-disagreement wide:func-body:space+block-comment:real:ResultBuilders:620 len=221 artifacts=2 advent-overaccept=2 reference-disagreement=163 same=2218
[2399/100000] reference-disagreement wide:func-body:raw:real:LayoutNodes+Parsable:79 len=189 artifacts=2 advent-overaccept=2 reference-disagreement=164 same=2233
[2412/100000] reference-disagreement attribute-ifconfig-elseif-list len=126 artifacts=2 advent-overaccept=2 reference-disagreement=165 same=2245
[2425/100000] reference-disagreement wide:closure:block-comment:real:SourceLocation:477+phase3-statement:wildcard-bind len=99 artifacts=2 advent-overaccept=2 reference-disagreement=166 same=2257
[2472/100000] reference-disagreement grammarish-member-list len=313 artifacts=2 advent-overaccept=2 reference-disagreement=167 same=2303
[2479/100000] reference-disagreement cast-try-operator-cluster len=24 artifacts=2 advent-overaccept=2 reference-disagreement=168 same=2309
[2480/100000] reference-disagreement wide:extension-member:swap+glue+newline:real:Convenience:19 len=460 artifacts=2 advent-overaccept=2 reference-disagreement=169 same=2309
[2500/100000] same macro-attribute-directive-boundary len=97 artifacts=2 advent-overaccept=2 reference-disagreement=169 same=2329
[2501/100000] reference-disagreement wide:func-body:newline:real:Macros:245 len=557 artifacts=2 advent-overaccept=2 reference-disagreement=170 same=2329
[2505/100000] reference-disagreement keypath-component-matrix len=41 artifacts=2 advent-overaccept=2 reference-disagreement=171 same=2332
[2509/100000] reference-disagreement wide:ifconfig:raw:expression:testCollectionLiterals#10+reject:testAvailabilityQueryUnavailability23#1 len=83 artifacts=2 advent-overaccept=2 reference-disagreement=172 same=2335
[2514/100000] reference-disagreement wide:trailing-closure:block-comment+space:phase3-branch:switch-case+real:CustomTraits:13 len=226 artifacts=2 advent-overaccept=2 reference-disagreement=173 same=2339
[2529/100000] reference-disagreement binding-pattern len=458 artifacts=2 advent-overaccept=2 reference-disagreement=174 same=2353
[2542/100000] reference-disagreement statement-list len=555 artifacts=2 advent-overaccept=2 reference-disagreement=175 same=2365
[2557/100000] reference-disagreement wide:func-body:splice:real:ParseSourceFile:145 len=445 artifacts=2 advent-overaccept=2 reference-disagreement=176 same=2379
[2560/100000] reference-disagreement wide:ifconfig:line-comment:reject:testAvailabilityQueryUnavailability23#1 len=52 artifacts=2 advent-overaccept=2 reference-disagreement=177 same=2381
[2572/100000] reference-disagreement wide:trailing-closure:block-comment:real:ResultBuilders:245 len=224 artifacts=2 advent-overaccept=2 reference-disagreement=178 same=2392
[2577/100000] reference-disagreement tspl-divergence-protocol-body len=133 artifacts=2 advent-overaccept=2 reference-disagreement=179 same=2396
[2587/100000] advent-overaccept wide:after-statement:block-comment:real:MacroArgument:149 len=556 artifacts=3 advent-overaccept=3 reference-disagreement=179 same=2405
[2596/100000] reference-disagreement wide:func-body:raw:real:SyntaxBaseNodes:23 len=69 artifacts=3 advent-overaccept=3 reference-disagreement=180 same=2413
[2599/100000] reference-disagreement wide:extension-member:keyword+newline+line-comment:real:Convenience:44 len=542 artifacts=3 advent-overaccept=3 reference-disagreement=181 same=2415
[2602/100000] reference-disagreement wide:struct-member:block-comment+glue+keyword:real:MemberMacro:73 len=882 artifacts=3 advent-overaccept=3 reference-disagreement=182 same=2417
[2616/100000] reference-disagreement wide:closure:newline+glue:real:ValidatingSyntaxNodes:23 len=683 artifacts=3 advent-overaccept=3 reference-disagreement=183 same=2430
[2642/100000] reference-disagreement wide:func-body:delete:real:PeerMacro:19 len=515 artifacts=3 advent-overaccept=3 reference-disagreement=184 same=2455
[2693/100000] reference-disagreement wide:ifconfig:glue+newline+space:real:SyntaxClassifier:19+attribute:testABIAttribute#11 len=536 artifacts=3 advent-overaccept=3 reference-disagreement=185 same=2505
[2697/100000] reference-disagreement wide:after-statement:newline+glue:attribute:testABIAttribute#7 len=84 artifacts=3 advent-overaccept=3 reference-disagreement=186 same=2508
[2706/100000] reference-disagreement tspl-divergence-protocol-body len=103 artifacts=3 advent-overaccept=3 reference-disagreement=187 same=2516
[2728/100000] reference-disagreement wide:trailing-closure:block-comment+glue:declaration:testCoroutineAccessors#2 len=146 artifacts=3 advent-overaccept=3 reference-disagreement=188 same=2537
[2750/100000] same tspl-divergence-pattern-shape len=71 artifacts=3 advent-overaccept=3 reference-disagreement=188 same=2559
[2758/100000] reference-disagreement wide:struct-member:raw:real:SyntaxTraits:772 len=78 artifacts=3 advent-overaccept=3 reference-disagreement=189 same=2566
[2766/100000] reference-disagreement wide:closure:raw:real:SyntaxNodeWithBody:97 len=72 artifacts=3 advent-overaccept=3 reference-disagreement=190 same=2573
[2767/100000] reference-disagreement tspl-divergence-protocol-body len=145 artifacts=3 advent-overaccept=3 reference-disagreement=191 same=2573
[2788/100000] reference-disagreement attribute-ifconfig-elseif-list len=123 artifacts=3 advent-overaccept=3 reference-disagreement=192 same=2593
[2793/100000] reference-disagreement wide:trailing-closure:raw:real:SyntaxTraits:826 len=117 artifacts=3 advent-overaccept=3 reference-disagreement=193 same=2597
[2796/100000] reference-disagreement wide:trailing-closure:raw:phase3-type:extension-inherit+translated:testTypeExpr25u#1 len=79 artifacts=3 advent-overaccept=3 reference-disagreement=194 same=2599
[2944/100000] reference-disagreement wide:ifconfig:block-comment+delete+line-comment:type:testNonisolatedSpecifier#11 len=51 artifacts=3 advent-overaccept=3 reference-disagreement=195 same=2746
[2959/100000] reference-disagreement wide:before-statement:duplicate:phase2-literal:dict-empty len=33 artifacts=3 advent-overaccept=3 reference-disagreement=196 same=2760
[2967/100000] reference-disagreement wide:trailing-closure:newline+newline+delete:real:SyntaxCollections:799 len=495 artifacts=3 advent-overaccept=3 reference-disagreement=197 same=2767
[2970/100000] advent-overaccept wide:top:block-comment:translated:testForwardSlashRegex65#1+type:testLifetimeSpecifier#2 len=50 artifacts=4 advent-overaccept=4 reference-disagreement=197 same=2769
[3000/100000] same frontier:generic-member-type-shape len=274 artifacts=4 advent-overaccept=4 reference-disagreement=197 same=2799
[3011/100000] reference-disagreement wide:extension-member:newline+block-comment+newline:real:SyntaxExpressibleByStringInterpolationConformances:235 len=182 artifacts=4 advent-overaccept=4 reference-disagreement=198 same=2809
[3012/100000] reference-disagreement wide:closure:delete+block-comment:real:SyntaxTraits:614 len=431 artifacts=4 advent-overaccept=4 reference-disagreement=199 same=2809
[3014/100000] reference-disagreement wide:trailing-closure:newline:real:GroupedDiagnostics:275 len=650 artifacts=4 advent-overaccept=4 reference-disagreement=200 same=2810
[3020/100000] reference-disagreement attribute-ifconfig-elseif-list len=140 artifacts=4 advent-overaccept=4 reference-disagreement=201 same=2815
[3044/100000] advent-overaccept wide:extension-member:swap:translated:testSubscripting8#1 len=162 artifacts=5 advent-overaccept=5 reference-disagreement=201 same=2838
[3081/100000] reference-disagreement cast-try-operator-cluster len=24 artifacts=5 advent-overaccept=5 reference-disagreement=202 same=2874
[3107/100000] reference-disagreement wide:func-body:newline+delete+block-comment:real:ConfiguredRegions:131 len=245 artifacts=5 advent-overaccept=5 reference-disagreement=203 same=2899
[3127/100000] reference-disagreement wide:closure:raw:translated:testBorrowingContextualParsing#5 len=151 artifacts=5 advent-overaccept=5 reference-disagreement=204 same=2918
[3138/100000] reference-disagreement wide:closure:splice:real:BuildableNodes:269 len=887 artifacts=5 advent-overaccept=5 reference-disagreement=205 same=2928
[3160/100000] reference-disagreement wide:extension-member:space+line-comment:real:BasicMacroExpansionContext:109 len=292 artifacts=5 advent-overaccept=5 reference-disagreement=206 same=2949
[3171/100000] reference-disagreement wide:trailing-closure:raw:translated:testEnum14#1 len=89 artifacts=5 advent-overaccept=5 reference-disagreement=207 same=2959
[3191/100000] reference-disagreement wide:closure:newline:real:Syntax+StringInterpolation:328 len=171 artifacts=5 advent-overaccept=5 reference-disagreement=208 same=2978
[3229/100000] reference-disagreement wide:extension-member:block-comment+newline:real:ResultBuilders:493 len=201 artifacts=5 advent-overaccept=5 reference-disagreement=209 same=3015
[3230/100000] reference-disagreement attribute-ifconfig-elseif-list len=120 artifacts=5 advent-overaccept=5 reference-disagreement=210 same=3015
[3247/100000] reference-disagreement wide:struct-member:newline+newline:translated:testOperatorDeclDesignatedTypes15#1 len=76 artifacts=5 advent-overaccept=5 reference-disagreement=211 same=3031
[3250/100000] same collection-type-boundary len=109 artifacts=5 advent-overaccept=5 reference-disagreement=211 same=3034
[3255/100000] reference-disagreement tspl-divergence-protocol-body len=216 artifacts=5 advent-overaccept=5 reference-disagreement=212 same=3038
[3268/100000] reference-disagreement keypath-component-matrix len=45 artifacts=5 advent-overaccept=5 reference-disagreement=213 same=3050
[3274/100000] reference-disagreement wide:trailing-closure:newline+glue+keyword:real:Cursor:646 len=754 artifacts=5 advent-overaccept=5 reference-disagreement=214 same=3055
[3279/100000] reference-disagreement tspl-divergence-protocol-body len=194 artifacts=5 advent-overaccept=5 reference-disagreement=215 same=3059
[3295/100000] reference-disagreement wide:after-statement:raw:translated:testInitDeinit4#1 len=88 artifacts=5 advent-overaccept=5 reference-disagreement=216 same=3074
[3320/100000] reference-disagreement wide:closure:block-comment+block-comment:declaration:testAccessorBlockDisambiguationMarker#1 len=86 artifacts=5 advent-overaccept=5 reference-disagreement=217 same=3098
[3326/100000] reference-disagreement binding-pattern len=458 artifacts=5 advent-overaccept=5 reference-disagreement=218 same=3103
[3336/100000] reference-disagreement tspl-divergence-protocol-body len=262 artifacts=5 advent-overaccept=5 reference-disagreement=219 same=3112
[3349/100000] reference-disagreement attribute-ifconfig-elseif-list len=107 artifacts=5 advent-overaccept=5 reference-disagreement=220 same=3124
[3352/100000] advent-underaccept wide:extension-member:delete+keyword:translated:testEnum50#1 len=107 artifacts=6 advent-overaccept=5 advent-underaccept=1 reference-disagreement=220 same=3126
[3370/100000] tree-difference wide:trailing-closure:newline+block-comment:statement:testMissingIfClauseIntroducer#1 len=27 artifacts=7 advent-overaccept=5 advent-underaccept=1 reference-disagreement=220 same=3143 tree-difference=1
[3412/100000] reference-disagreement wide:func-body:raw:real:RenamedChildrenBuilderCompatibility:460+translated:testSelfRebinding9#1 len=1452 artifacts=7 advent-overaccept=5 advent-underaccept=1 reference-disagreement=221 same=3184 tree-difference=1
[3413/100000] reference-disagreement declaration-modifier-stack len=34 artifacts=7 advent-overaccept=5 advent-underaccept=1 reference-disagreement=222 same=3184 tree-difference=1
[3417/100000] reference-disagreement wide:closure:newline:real:SourceLocation:477 len=81 artifacts=7 advent-overaccept=5 advent-underaccept=1 reference-disagreement=223 same=3187 tree-difference=1
[3422/100000] reference-disagreement wide:closure:glue+block-comment+block-comment:real:Syntax+StringInterpolation:526+translated:testAlwaysEmitConformanceMetadataAttr#1 len=142 artifacts=7 advent-overaccept=5 advent-underaccept=1 reference-disagreement=224 same=3191 tree-difference=1
[3460/100000] reference-disagreement member-list-wide-boundary len=167 artifacts=7 advent-overaccept=5 advent-underaccept=1 reference-disagreement=225 same=3228 tree-difference=1
[3472/100000] reference-disagreement wide:struct-member:newline:real:LookupResult:124 len=207 artifacts=7 advent-overaccept=5 advent-underaccept=1 reference-disagreement=226 same=3239 tree-difference=1
[3492/100000] reference-disagreement wide:before-statement:splice+block-comment+line-comment:translated:testModuleSelectorAttrs#2 len=118 artifacts=7 advent-overaccept=5 advent-underaccept=1 reference-disagreement=227 same=3258 tree-difference=1
[3500/100000] same frontier:parser-mode-scope len=95 artifacts=7 advent-overaccept=5 advent-underaccept=1 reference-disagreement=227 same=3266 tree-difference=1
[3503/100000] reference-disagreement member-list-wide-boundary len=143 artifacts=7 advent-overaccept=5 advent-underaccept=1 reference-disagreement=228 same=3268 tree-difference=1
[3526/100000] reference-disagreement wide:trailing-closure:raw:real:CallLikeSyntax:20 len=351 artifacts=7 advent-overaccept=5 advent-underaccept=1 reference-disagreement=229 same=3290 tree-difference=1
[3527/100000] reference-disagreement cast-try-operator-cluster len=24 artifacts=7 advent-overaccept=5 advent-underaccept=1 reference-disagreement=230 same=3290 tree-difference=1
[3528/100000] reference-disagreement wide:trailing-closure:space:real:SyntaxTraits:578 len=447 artifacts=7 advent-overaccept=5 advent-underaccept=1 reference-disagreement=231 same=3290 tree-difference=1
[3536/100000] reference-disagreement wide:closure:newline+glue+delete:expression:testKeyPathMethodAndInitializers#6 len=56 artifacts=7 advent-overaccept=5 advent-underaccept=1 reference-disagreement=232 same=3297 tree-difference=1
[3538/100000] reference-disagreement wide:closure:newline:real:Cursor:409 len=356 artifacts=7 advent-overaccept=5 advent-underaccept=1 reference-disagreement=233 same=3298 tree-difference=1
[3548/100000] reference-disagreement cast-try-operator-cluster len=24 artifacts=7 advent-overaccept=5 advent-underaccept=1 reference-disagreement=234 same=3307 tree-difference=1
[3608/100000] reference-disagreement tspl-divergence-accessor-commitment len=49 artifacts=7 advent-overaccept=5 advent-underaccept=1 reference-disagreement=235 same=3366 tree-difference=1
[3634/100000] reference-disagreement wide:func-body:newline+newline+glue:translated:testSwitch48#1 len=106 artifacts=7 advent-overaccept=5 advent-underaccept=1 reference-disagreement=236 same=3391 tree-difference=1
[3646/100000] reference-disagreement wide:trailing-closure:newline+newline:real:CompilerPluginMessageHandler:144 len=530 artifacts=7 advent-overaccept=5 advent-underaccept=1 reference-disagreement=237 same=3402 tree-difference=1
[3650/100000] reference-disagreement member-list-wide-boundary len=265 artifacts=7 advent-overaccept=5 advent-underaccept=1 reference-disagreement=238 same=3405 tree-difference=1
[3670/100000] reference-disagreement wide:extension-member:block-comment+glue:real:ResultBuilders:441+phase2-infix:is-cast len=250 artifacts=7 advent-overaccept=5 advent-underaccept=1 reference-disagreement=239 same=3424 tree-difference=1
[3750/100000] same tspl-divergence-pattern-shape len=64 artifacts=7 advent-overaccept=5 advent-underaccept=1 reference-disagreement=239 same=3504 tree-difference=1
[3767/100000] reference-disagreement wide:extension-member:raw:real:SyntaxTraits:424 len=428 artifacts=7 advent-overaccept=5 advent-underaccept=1 reference-disagreement=240 same=3520 tree-difference=1
[3822/100000] reference-disagreement wide:func-body:delete+glue:real:MacroExpansion:549 len=548 artifacts=7 advent-overaccept=5 advent-underaccept=1 reference-disagreement=241 same=3574 tree-difference=1
[3846/100000] reference-disagreement wide:before-statement:raw:reject:testKeypathExpression#3 len=39 artifacts=7 advent-overaccept=5 advent-underaccept=1 reference-disagreement=242 same=3597 tree-difference=1
[3847/100000] reference-disagreement wide:closure:line-comment+glue+newline:real:SyntaxCollections:1139 len=517 artifacts=7 advent-overaccept=5 advent-underaccept=1 reference-disagreement=243 same=3597 tree-difference=1
[3853/100000] reference-disagreement attribute-ifconfig-elseif-list len=145 artifacts=7 advent-overaccept=5 advent-underaccept=1 reference-disagreement=244 same=3602 tree-difference=1
[3862/100000] reference-disagreement keypath-component-matrix len=57 artifacts=7 advent-overaccept=5 advent-underaccept=1 reference-disagreement=245 same=3610 tree-difference=1
[3863/100000] reference-disagreement tspl-divergence-protocol-body len=136 artifacts=7 advent-overaccept=5 advent-underaccept=1 reference-disagreement=246 same=3610 tree-difference=1
[3876/100000] reference-disagreement wide:before-statement:newline:translated:testOperatorDeclDesignatedTypes11#1+phase4-loop:deinit len=80 artifacts=7 advent-overaccept=5 advent-underaccept=1 reference-disagreement=247 same=3622 tree-difference=1
[3883/100000] reference-disagreement tspl-divergence-protocol-body len=114 artifacts=7 advent-overaccept=5 advent-underaccept=1 reference-disagreement=248 same=3628 tree-difference=1
[3889/100000] reference-disagreement wide:func-body:raw:real:VersionTuple:66 len=170 artifacts=7 advent-overaccept=5 advent-underaccept=1 reference-disagreement=249 same=3633 tree-difference=1
[3895/100000] reference-disagreement wide:trailing-closure:raw:real:String+TrimmingTrailingWhitespace:13+translated:testModuleSelectorType#1 len=286 artifacts=7 advent-overaccept=5 advent-underaccept=1 reference-disagreement=250 same=3638 tree-difference=1
[3898/100000] reference-disagreement wide:after-statement:glue:attribute:testABIAttribute#7 len=84 artifacts=7 advent-overaccept=5 advent-underaccept=1 reference-disagreement=251 same=3640 tree-difference=1
[3899/100000] reference-disagreement wide:struct-member:raw:attribute:testMacroRoleNames#3+real:ResultBuilders:141 len=280 artifacts=7 advent-overaccept=5 advent-underaccept=1 reference-disagreement=252 same=3640 tree-difference=1
[3908/100000] reference-disagreement wide:struct-member:delete:real:MacroExpansionContext:173+real:SyntaxTraits:578 len=1055 artifacts=7 advent-overaccept=5 advent-underaccept=1 reference-disagreement=253 same=3648 tree-difference=1
[3911/100000] compiler-timeout wide:interpolation:glue+delete:translated:testForwardSlashRegex169#1 len=17 artifacts=7 advent-overaccept=5 advent-underaccept=1 compiler-timeout=1 reference-disagreement=253 same=3650 tree-difference=1
[3920/100000] reference-disagreement statement-list len=615 artifacts=7 advent-overaccept=5 advent-underaccept=1 compiler-timeout=1 reference-disagreement=254 same=3658 tree-difference=1
[3938/100000] reference-disagreement attribute-ifconfig-elseif-list len=114 artifacts=7 advent-overaccept=5 advent-underaccept=1 compiler-timeout=1 reference-disagreement=255 same=3675 tree-difference=1
[4000/100000] same frontier:parser-mode-scope len=55 artifacts=7 advent-overaccept=5 advent-underaccept=1 compiler-timeout=1 reference-disagreement=255 same=3737 tree-difference=1
[4002/100000] reference-disagreement wide:before-statement:glue+delete+newline:translated:testRegex5#1 len=63 artifacts=7 advent-overaccept=5 advent-underaccept=1 compiler-timeout=1 reference-disagreement=256 same=3738 tree-difference=1
[4028/100000] reference-disagreement tspl-divergence-protocol-body len=251 artifacts=7 advent-overaccept=5 advent-underaccept=1 compiler-timeout=1 reference-disagreement=257 same=3763 tree-difference=1
[4081/100000] reference-disagreement nested-ifconfig-boundary len=146 artifacts=7 advent-overaccept=5 advent-underaccept=1 compiler-timeout=1 reference-disagreement=258 same=3815 tree-difference=1
[4085/100000] reference-disagreement wide:struct-member:newline+newline+space:real:DeclSyntaxParseable:61+fuzz-harvest:any-optional len=88 artifacts=7 advent-overaccept=5 advent-underaccept=1 compiler-timeout=1 reference-disagreement=259 same=3818 tree-difference=1
[4124/100000] reference-disagreement tspl-divergence-protocol-body len=90 artifacts=7 advent-overaccept=5 advent-underaccept=1 compiler-timeout=1 reference-disagreement=260 same=3856 tree-difference=1
[4127/100000] reference-disagreement attribute-boundary len=34 artifacts=7 advent-overaccept=5 advent-underaccept=1 compiler-timeout=1 reference-disagreement=261 same=3858 tree-difference=1
[4150/100000] reference-disagreement wide:trailing-closure:raw:real:SyntaxTraits:535 len=126 artifacts=7 advent-overaccept=5 advent-underaccept=1 compiler-timeout=1 reference-disagreement=262 same=3880 tree-difference=1
[4158/100000] reference-disagreement wide:extension-member:splice+newline:real:RawSyntax:925 len=417 artifacts=7 advent-overaccept=5 advent-underaccept=1 compiler-timeout=1 reference-disagreement=263 same=3887 tree-difference=1
[4159/100000] reference-disagreement statement-list len=646 artifacts=7 advent-overaccept=5 advent-underaccept=1 compiler-timeout=1 reference-disagreement=264 same=3887 tree-difference=1
[4192/100000] reference-disagreement wide:closure:raw:translated:testAvailabilityQueryUnavailability18#1 len=126 artifacts=7 advent-overaccept=5 advent-underaccept=1 compiler-timeout=1 reference-disagreement=265 same=3919 tree-difference=1
[4211/100000] reference-disagreement wide:closure:duplicate:expression:testClosureLiterals#1 len=75 artifacts=7 advent-overaccept=5 advent-underaccept=1 compiler-timeout=1 reference-disagreement=266 same=3937 tree-difference=1
[4225/100000] reference-disagreement func-body len=458 artifacts=7 advent-overaccept=5 advent-underaccept=1 compiler-timeout=1 reference-disagreement=267 same=3950 tree-difference=1
[4243/100000] reference-disagreement tspl-divergence-accessor-commitment len=78 artifacts=7 advent-overaccept=5 advent-underaccept=1 compiler-timeout=1 reference-disagreement=268 same=3967 tree-difference=1
[4250/100000] same cast-try-operator-cluster len=49 artifacts=7 advent-overaccept=5 advent-underaccept=1 compiler-timeout=1 reference-disagreement=268 same=3974 tree-difference=1
[4264/100000] reference-disagreement tspl-divergence-protocol-body len=131 artifacts=7 advent-overaccept=5 advent-underaccept=1 compiler-timeout=1 reference-disagreement=269 same=3987 tree-difference=1
[4277/100000] reference-disagreement wide:func-body:newline+newline:real:SyntaxExpressibleByStringInterpolationConformances:220 len=81 artifacts=7 advent-overaccept=5 advent-underaccept=1 compiler-timeout=1 reference-disagreement=270 same=3999 tree-difference=1
[4303/100000] reference-disagreement wide:func-body:space+keyword:real:ConvenienceInitializers:237 len=461 artifacts=7 advent-overaccept=5 advent-underaccept=1 compiler-timeout=1 reference-disagreement=271 same=4024 tree-difference=1
[4304/100000] advent-overaccept wide:closure:splice:reject:testConflictMarkers12#1 len=150 artifacts=8 advent-overaccept=6 advent-underaccept=1 compiler-timeout=1 reference-disagreement=271 same=4024 tree-difference=1
[4323/100000] reference-disagreement wide:struct-member:line-comment+block-comment:translated:testPatternWithoutVariables6#1+real:ExperimentalFeatures:16 len=352 artifacts=8 advent-overaccept=6 advent-underaccept=1 compiler-timeout=1 reference-disagreement=272 same=4042 tree-difference=1
[4342/100000] reference-disagreement tspl-divergence-protocol-body len=229 artifacts=8 advent-overaccept=6 advent-underaccept=1 compiler-timeout=1 reference-disagreement=273 same=4060 tree-difference=1
[4344/100000] reference-disagreement tspl-divergence-protocol-body len=90 artifacts=8 advent-overaccept=6 advent-underaccept=1 compiler-timeout=1 reference-disagreement=274 same=4061 tree-difference=1
[4345/100000] reference-disagreement attribute-ifconfig-elseif-list len=124 artifacts=8 advent-overaccept=6 advent-underaccept=1 compiler-timeout=1 reference-disagreement=275 same=4061 tree-difference=1
[4385/100000] reference-disagreement tspl-divergence-protocol-body len=208 artifacts=8 advent-overaccept=6 advent-underaccept=1 compiler-timeout=1 reference-disagreement=276 same=4100 tree-difference=1
[4406/100000] reference-disagreement grammarish-member-list len=125 artifacts=8 advent-overaccept=6 advent-underaccept=1 compiler-timeout=1 reference-disagreement=277 same=4120 tree-difference=1
[4418/100000] reference-disagreement wide:struct-member:glue+newline+line-comment:real:SyntaxExpressibleByStringInterpolationConformances:232+real:SyntaxExpressibleByStringInterpolationConformances:49 len=172 artifacts=8 advent-overaccept=6 advent-underaccept=1 compiler-timeout=1 reference-disagreement=278 same=4131 tree-difference=1
[4456/100000] reference-disagreement attribute-ifconfig-elseif-list len=131 artifacts=8 advent-overaccept=6 advent-underaccept=1 compiler-timeout=1 reference-disagreement=279 same=4168 tree-difference=1
[4457/100000] reference-disagreement wide:closure:raw:type:testTrailingCommas#1+real:ParserDiagnosticMessages:488 len=335 artifacts=8 advent-overaccept=6 advent-underaccept=1 compiler-timeout=1 reference-disagreement=280 same=4168 tree-difference=1
[4484/100000] reference-disagreement tspl-divergence-protocol-body len=171 artifacts=8 advent-overaccept=6 advent-underaccept=1 compiler-timeout=1 reference-disagreement=281 same=4194 tree-difference=1
[4490/100000] reference-disagreement statement-list len=504 artifacts=8 advent-overaccept=6 advent-underaccept=1 compiler-timeout=1 reference-disagreement=282 same=4199 tree-difference=1
[4500/100000] same frontier:statement-member-context len=66 artifacts=8 advent-overaccept=6 advent-underaccept=1 compiler-timeout=1 reference-disagreement=282 same=4209 tree-difference=1
[4516/100000] reference-disagreement wide:trailing-closure:keyword+splice:declaration:testImports#4 len=65 artifacts=8 advent-overaccept=6 advent-underaccept=1 compiler-timeout=1 reference-disagreement=283 same=4224 tree-difference=1
[4536/100000] reference-disagreement wide:closure:newline:real:RenamedChildrenBuilderCompatibility:460 len=1295 artifacts=8 advent-overaccept=6 advent-underaccept=1 compiler-timeout=1 reference-disagreement=284 same=4243 tree-difference=1
[4552/100000] reference-disagreement wide:func-body:duplicate+block-comment+line-comment:real:DeclSyntaxParseable:46+declaration:testSuppressedImplicitConformance#8 len=120 artifacts=8 advent-overaccept=6 advent-underaccept=1 compiler-timeout=1 reference-disagreement=285 same=4258 tree-difference=1
[4569/100000] reference-disagreement member-list-wide-boundary len=147 artifacts=8 advent-overaccept=6 advent-underaccept=1 compiler-timeout=1 reference-disagreement=286 same=4274 tree-difference=1
[4575/100000] reference-disagreement tspl-divergence-protocol-body len=90 artifacts=8 advent-overaccept=6 advent-underaccept=1 compiler-timeout=1 reference-disagreement=287 same=4279 tree-difference=1
[4576/100000] reference-disagreement keypath-boundary len=36 artifacts=8 advent-overaccept=6 advent-underaccept=1 compiler-timeout=1 reference-disagreement=288 same=4279 tree-difference=1
[4600/100000] reference-disagreement wide:closure:newline:real:SyntaxParsable+ExpressibleByStringInterpolation:42 len=82 artifacts=8 advent-overaccept=6 advent-underaccept=1 compiler-timeout=1 reference-disagreement=289 same=4302 tree-difference=1
[4606/100000] reference-disagreement grammarish-member-list len=232 artifacts=8 advent-overaccept=6 advent-underaccept=1 compiler-timeout=1 reference-disagreement=290 same=4307 tree-difference=1
[4665/100000] reference-disagreement wide:struct-member:newline+keyword:real:LayoutNodes+Parsable:135 len=200 artifacts=8 advent-overaccept=6 advent-underaccept=1 compiler-timeout=1 reference-disagreement=291 same=4365 tree-difference=1
[4670/100000] reference-disagreement keypath-boundary len=44 artifacts=8 advent-overaccept=6 advent-underaccept=1 compiler-timeout=1 reference-disagreement=292 same=4369 tree-difference=1
[4701/100000] reference-disagreement wide:closure:newline:real:Declarations:19 len=594 artifacts=8 advent-overaccept=6 advent-underaccept=1 compiler-timeout=1 reference-disagreement=293 same=4399 tree-difference=1
[4711/100000] reference-disagreement wide:extension-member:raw:real:Trivia+commentValue:128+real:CallLikeSyntax:27 len=696 artifacts=8 advent-overaccept=6 advent-underaccept=1 compiler-timeout=1 reference-disagreement=294 same=4408 tree-difference=1
[4718/100000] reference-disagreement wide:trailing-closure:glue+line-comment+glue:real:SyntaxExpressibleByStringInterpolationConformances:196+declaration:testVariableDeclarations#8 len=134 artifacts=8 advent-overaccept=6 advent-underaccept=1 compiler-timeout=1 reference-disagreement=295 same=4414 tree-difference=1
[4732/100000] reference-disagreement member-list-wide-boundary len=194 artifacts=8 advent-overaccept=6 advent-underaccept=1 compiler-timeout=1 reference-disagreement=296 same=4427 tree-difference=1
[4750/100000] same wide:interpolation:raw:reject:testDeclarationsWithPlaceholders#8 len=40 artifacts=8 advent-overaccept=6 advent-underaccept=1 compiler-timeout=1 reference-disagreement=296 same=4445 tree-difference=1
[4785/100000] reference-disagreement ifconfig-member-context-boundary len=72 artifacts=8 advent-overaccept=6 advent-underaccept=1 compiler-timeout=1 reference-disagreement=297 same=4479 tree-difference=1
[4789/100000] reference-disagreement grammarish-member-list len=126 artifacts=8 advent-overaccept=6 advent-underaccept=1 compiler-timeout=1 reference-disagreement=298 same=4482 tree-difference=1
[4792/100000] reference-disagreement member-list-wide-boundary len=277 artifacts=8 advent-overaccept=6 advent-underaccept=1 compiler-timeout=1 reference-disagreement=299 same=4484 tree-difference=1
[4821/100000] reference-disagreement wide:extension-member:newline+delete+splice:expression:testAwaitIf2#1 len=81 artifacts=8 advent-overaccept=6 advent-underaccept=1 compiler-timeout=1 reference-disagreement=300 same=4512 tree-difference=1
[4826/100000] reference-disagreement tspl-divergence-protocol-body len=135 artifacts=8 advent-overaccept=6 advent-underaccept=1 compiler-timeout=1 reference-disagreement=301 same=4516 tree-difference=1
[4848/100000] reference-disagreement tspl-divergence-accessor-commitment len=49 artifacts=8 advent-overaccept=6 advent-underaccept=1 compiler-timeout=1 reference-disagreement=302 same=4537 tree-difference=1
[4863/100000] reference-disagreement wide:struct-member:glue:real:MacroExpansion:549 len=549 artifacts=8 advent-overaccept=6 advent-underaccept=1 compiler-timeout=1 reference-disagreement=303 same=4551 tree-difference=1
[4872/100000] reference-disagreement wide:struct-member:glue+newline+glue:translated:testSuper2c#1+real:BodyMacro:51 len=347 artifacts=8 advent-overaccept=6 advent-underaccept=1 compiler-timeout=1 reference-disagreement=304 same=4559 tree-difference=1
[4876/100000] reference-disagreement tspl-divergence-protocol-body len=179 artifacts=8 advent-overaccept=6 advent-underaccept=1 compiler-timeout=1 reference-disagreement=305 same=4562 tree-difference=1
[4886/100000] reference-disagreement grammarish-member-list len=304 artifacts=8 advent-overaccept=6 advent-underaccept=1 compiler-timeout=1 reference-disagreement=306 same=4571 tree-difference=1
[4888/100000] reference-disagreement wide:before-statement:glue:translated:testInvalid33#1+translated:testTrailingClosures7#1 len=107 artifacts=8 advent-overaccept=6 advent-underaccept=1 compiler-timeout=1 reference-disagreement=307 same=4572 tree-difference=1
[4902/100000] reference-disagreement tspl-divergence-protocol-body len=135 artifacts=8 advent-overaccept=6 advent-underaccept=1 compiler-timeout=1 reference-disagreement=308 same=4585 tree-difference=1
[4919/100000] reference-disagreement wide:trailing-closure:delete:real:SyntaxNodeWithBody:305 len=848 artifacts=8 advent-overaccept=6 advent-underaccept=1 compiler-timeout=1 reference-disagreement=309 same=4601 tree-difference=1
[4987/100000] reference-disagreement wide:extension-member:raw:real:SyntaxExpressibleByStringInterpolationConformances:145+translated:testEnum8#1 len=221 artifacts=8 advent-overaccept=6 advent-underaccept=1 compiler-timeout=1 reference-disagreement=310 same=4668 tree-difference=1
[5000/100000] compiler-timeout wide:interpolation:raw:translated:testForwardSlashRegex168#1 len=18 artifacts=8 advent-overaccept=6 advent-underaccept=1 compiler-timeout=2 reference-disagreement=310 same=4680 tree-difference=1
[5025/100000] reference-disagreement wide:struct-member:raw:real:IsLexerClassified:139 len=501 artifacts=8 advent-overaccept=6 advent-underaccept=1 compiler-timeout=2 reference-disagreement=311 same=4704 tree-difference=1
[5053/100000] reference-disagreement wide:func-body:glue:declaration:testInitAccessor#1+attribute:testDerivativeAttribute#2 len=369 artifacts=8 advent-overaccept=6 advent-underaccept=1 compiler-timeout=2 reference-disagreement=312 same=4731 tree-difference=1
[5083/100000] reference-disagreement wide:ifconfig:space:declaration:testAttributedMacroExpansionDeclaration#8 len=58 artifacts=8 advent-overaccept=6 advent-underaccept=1 compiler-timeout=2 reference-disagreement=313 same=4760 tree-difference=1
[5091/100000] reference-disagreement tspl-divergence-protocol-body len=168 artifacts=8 advent-overaccept=6 advent-underaccept=1 compiler-timeout=2 reference-disagreement=314 same=4767 tree-difference=1
[5096/100000] reference-disagreement wide:trailing-closure:raw:attribute:testABIAttribute#2 len=60 artifacts=8 advent-overaccept=6 advent-underaccept=1 compiler-timeout=2 reference-disagreement=315 same=4771 tree-difference=1
[5107/100000] reference-disagreement wide:struct-member:raw:real:SyntaxTraits:772 len=78 artifacts=8 advent-overaccept=6 advent-underaccept=1 compiler-timeout=2 reference-disagreement=316 same=4781 tree-difference=1
[5137/100000] reference-disagreement wide:trailing-closure:line-comment:real:SyntaxComparison:24 len=117 artifacts=8 advent-overaccept=6 advent-underaccept=1 compiler-timeout=2 reference-disagreement=317 same=4810 tree-difference=1
[5143/100000] reference-disagreement tspl-divergence-protocol-body len=133 artifacts=8 advent-overaccept=6 advent-underaccept=1 compiler-timeout=2 reference-disagreement=318 same=4815 tree-difference=1
[5168/100000] reference-disagreement wide:closure:glue+glue+block-comment:real:ResultBuilders:306+translated:testSuper2g#1 len=181 artifacts=8 advent-overaccept=6 advent-underaccept=1 compiler-timeout=2 reference-disagreement=319 same=4839 tree-difference=1
[5177/100000] reference-disagreement wide:extension-member:newline:real:SyntaxUtils:21 len=1054 artifacts=8 advent-overaccept=6 advent-underaccept=1 compiler-timeout=2 reference-disagreement=320 same=4847 tree-difference=1
[5220/100000] reference-disagreement wide:top:delete:attribute:testIsolatedTypeAttribute#5 len=48 artifacts=8 advent-overaccept=6 advent-underaccept=1 compiler-timeout=2 reference-disagreement=321 same=4889 tree-difference=1
[5223/100000] reference-disagreement grammarish-member-list len=325 artifacts=8 advent-overaccept=6 advent-underaccept=1 compiler-timeout=2 reference-disagreement=322 same=4891 tree-difference=1
[5230/100000] reference-disagreement wide:trailing-closure:line-comment+glue:translated:testInitDeinit4#1+real:ResultBuilders:427 len=253 artifacts=8 advent-overaccept=6 advent-underaccept=1 compiler-timeout=2 reference-disagreement=323 same=4897 tree-difference=1
[5250/100000] same wide:interpolation:block-comment+glue:attribute:testSilgenName#1 len=101 artifacts=8 advent-overaccept=6 advent-underaccept=1 compiler-timeout=2 reference-disagreement=323 same=4917 tree-difference=1
[5260/100000] reference-disagreement attribute-ifconfig-elseif-list len=136 artifacts=8 advent-overaccept=6 advent-underaccept=1 compiler-timeout=2 reference-disagreement=324 same=4926 tree-difference=1
[5266/100000] reference-disagreement wide:extension-member:keyword:real:Statements:785 len=900 artifacts=8 advent-overaccept=6 advent-underaccept=1 compiler-timeout=2 reference-disagreement=325 same=4931 tree-difference=1
[5279/100000] reference-disagreement declaration-modifier-stack len=34 artifacts=8 advent-overaccept=6 advent-underaccept=1 compiler-timeout=2 reference-disagreement=326 same=4943 tree-difference=1
[5282/100000] reference-disagreement wide:extension-member:raw:real:SyntaxExpressibleByStringInterpolationConformances:67 len=109 artifacts=8 advent-overaccept=6 advent-underaccept=1 compiler-timeout=2 reference-disagreement=327 same=4945 tree-difference=1
[5284/100000] reference-disagreement wide:trailing-closure:line-comment+glue+keyword:real:Declarations:19+translated:testSwitch60#1 len=642 artifacts=8 advent-overaccept=6 advent-underaccept=1 compiler-timeout=2 reference-disagreement=328 same=4946 tree-difference=1
[5318/100000] reference-disagreement wide:closure:raw:attribute:testDerivativeAttribute#3 len=352 artifacts=8 advent-overaccept=6 advent-underaccept=1 compiler-timeout=2 reference-disagreement=329 same=4979 tree-difference=1
[5332/100000] reference-disagreement wide:func-body:keyword:real:ParserDiagnosticMessages:298 len=328 artifacts=8 advent-overaccept=6 advent-underaccept=1 compiler-timeout=2 reference-disagreement=330 same=4992 tree-difference=1
[5346/100000] reference-disagreement wide:extension-member:raw:real:SyntaxExpressibleByStringInterpolationConformances:223+real:ConvenienceInitializers:230 len=155 artifacts=8 advent-overaccept=6 advent-underaccept=1 compiler-timeout=2 reference-disagreement=331 same=5005 tree-difference=1
[5364/100000] reference-disagreement grammarish-member-list len=325 artifacts=8 advent-overaccept=6 advent-underaccept=1 compiler-timeout=2 reference-disagreement=332 same=5022 tree-difference=1
[5375/100000] reference-disagreement wide:closure:newline+newline+splice:translated:testOperatorDeclDesignatedTypes7#1 len=79 artifacts=8 advent-overaccept=6 advent-underaccept=1 compiler-timeout=2 reference-disagreement=333 same=5032 tree-difference=1
[5390/100000] advent-overaccept wide:closure:line-comment+splice:real:RenamedChildrenBuilderCompatibility:977 len=1130 artifacts=9 advent-overaccept=7 advent-underaccept=1 compiler-timeout=2 reference-disagreement=333 same=5046 tree-difference=1
[5401/100000] reference-disagreement wide:closure:block-comment:translated:testEnum81b#1+real:Syntax+StringInterpolation:172 len=662 artifacts=9 advent-overaccept=7 advent-underaccept=1 compiler-timeout=2 reference-disagreement=334 same=5056 tree-difference=1
[5449/100000] reference-disagreement statement-list len=628 artifacts=9 advent-overaccept=7 advent-underaccept=1 compiler-timeout=2 reference-disagreement=335 same=5103 tree-difference=1
[5500/100000] same wide:after-statement:space+space:translated:testForwardSlashRegex27#1 len=31 artifacts=9 advent-overaccept=7 advent-underaccept=1 compiler-timeout=2 reference-disagreement=335 same=5154 tree-difference=1
[5510/100000] reference-disagreement wide:func-body:raw:real:ManifestSyntaxRepresentable:41 len=162 artifacts=9 advent-overaccept=7 advent-underaccept=1 compiler-timeout=2 reference-disagreement=336 same=5163 tree-difference=1
[5527/100000] reference-disagreement wide:closure:raw:attribute:testSpiAttributeWithUnderscore#2 len=41 artifacts=9 advent-overaccept=7 advent-underaccept=1 compiler-timeout=2 reference-disagreement=337 same=5179 tree-difference=1
[5542/100000] reference-disagreement tspl-divergence-protocol-body len=122 artifacts=9 advent-overaccept=7 advent-underaccept=1 compiler-timeout=2 reference-disagreement=338 same=5193 tree-difference=1
[5543/100000] reference-disagreement wide:struct-member:raw:real:ScopeImplementations:758 len=352 artifacts=9 advent-overaccept=7 advent-underaccept=1 compiler-timeout=2 reference-disagreement=339 same=5193 tree-difference=1
[5567/100000] reference-disagreement grammarish-member-list len=197 artifacts=9 advent-overaccept=7 advent-underaccept=1 compiler-timeout=2 reference-disagreement=340 same=5216 tree-difference=1
[5568/100000] reference-disagreement wide:func-body:space+line-comment:real:SyntaxExpressibleByStringInterpolationConformances:139 len=86 artifacts=9 advent-overaccept=7 advent-underaccept=1 compiler-timeout=2 reference-disagreement=341 same=5216 tree-difference=1
[5581/100000] reference-disagreement wide:func-body:raw:real:SyntaxCollections:305 len=494 artifacts=9 advent-overaccept=7 advent-underaccept=1 compiler-timeout=2 reference-disagreement=342 same=5228 tree-difference=1
[5587/100000] reference-disagreement wide:extension-member:glue+glue+space:real:RawSyntax:444 len=1053 artifacts=9 advent-overaccept=7 advent-underaccept=1 compiler-timeout=2 reference-disagreement=343 same=5233 tree-difference=1
[5600/100000] reference-disagreement attribute-ifconfig-elseif-list len=114 artifacts=9 advent-overaccept=7 advent-underaccept=1 compiler-timeout=2 reference-disagreement=344 same=5245 tree-difference=1
[5603/100000] reference-disagreement statement-list len=516 artifacts=9 advent-overaccept=7 advent-underaccept=1 compiler-timeout=2 reference-disagreement=345 same=5247 tree-difference=1
[5605/100000] reference-disagreement wide:struct-member:duplicate+delete:real:SyntaxTraits:810 len=85 artifacts=9 advent-overaccept=7 advent-underaccept=1 compiler-timeout=2 reference-disagreement=346 same=5248 tree-difference=1
[5608/100000] reference-disagreement attribute-ifconfig-elseif-list len=140 artifacts=9 advent-overaccept=7 advent-underaccept=1 compiler-timeout=2 reference-disagreement=347 same=5250 tree-difference=1
[5676/100000] reference-disagreement wide:trailing-closure:glue:translated:testDiagnoseAvailability7#1 len=101 artifacts=9 advent-overaccept=7 advent-underaccept=1 compiler-timeout=2 reference-disagreement=348 same=5317 tree-difference=1
[5682/100000] reference-disagreement attribute-ifconfig-elseif-list len=137 artifacts=9 advent-overaccept=7 advent-underaccept=1 compiler-timeout=2 reference-disagreement=349 same=5322 tree-difference=1
[5730/100000] reference-disagreement wide:func-body:line-comment:real:SyntaxTraits:614 len=431 artifacts=9 advent-overaccept=7 advent-underaccept=1 compiler-timeout=2 reference-disagreement=350 same=5369 tree-difference=1
[5735/100000] reference-disagreement wide:extension-member:raw:real:LayoutNodes+Parsable:167 len=213 artifacts=9 advent-overaccept=7 advent-underaccept=1 compiler-timeout=2 reference-disagreement=351 same=5373 tree-difference=1
[5750/100000] same enum-case-pattern-boundary len=57 artifacts=9 advent-overaccept=7 advent-underaccept=1 compiler-timeout=2 reference-disagreement=351 same=5388 tree-difference=1
[5776/100000] reference-disagreement attribute-ifconfig-elseif-list len=118 artifacts=9 advent-overaccept=7 advent-underaccept=1 compiler-timeout=2 reference-disagreement=352 same=5413 tree-difference=1
[5787/100000] reference-disagreement wide:ifconfig:raw:translated:testSwitch42#1 len=78 artifacts=9 advent-overaccept=7 advent-underaccept=1 compiler-timeout=2 reference-disagreement=353 same=5423 tree-difference=1
[5812/100000] reference-disagreement wide:extension-member:raw:declaration:testDeinitializers#2 len=25 artifacts=9 advent-overaccept=7 advent-underaccept=1 compiler-timeout=2 reference-disagreement=354 same=5447 tree-difference=1
[5814/100000] reference-disagreement wide:extension-member:raw:real:SyntaxEditUtils:70 len=744 artifacts=9 advent-overaccept=7 advent-underaccept=1 compiler-timeout=2 reference-disagreement=355 same=5448 tree-difference=1
[5815/100000] reference-disagreement wide:after-statement:raw:translated:testPatternWithoutVariables5#1+attribute:testSpiAttributeWithoutParameter#1 len=490 artifacts=9 advent-overaccept=7 advent-underaccept=1 compiler-timeout=2 reference-disagreement=356 same=5448 tree-difference=1
[5823/100000] reference-disagreement wide:after-statement:raw:translated:testRecovery162#1+translated:testOrinalDefinedInAttr12#1 len=288 artifacts=9 advent-overaccept=7 advent-underaccept=1 compiler-timeout=2 reference-disagreement=357 same=5455 tree-difference=1
[5848/100000] reference-disagreement wide:trailing-closure:line-comment:translated:testSwitch33#1 len=117 artifacts=9 advent-overaccept=7 advent-underaccept=1 compiler-timeout=2 reference-disagreement=358 same=5479 tree-difference=1
[5856/100000] reference-disagreement keypath-boundary len=38 artifacts=9 advent-overaccept=7 advent-underaccept=1 compiler-timeout=2 reference-disagreement=359 same=5486 tree-difference=1
[5880/100000] reference-disagreement tspl-divergence-protocol-body len=76 artifacts=9 advent-overaccept=7 advent-underaccept=1 compiler-timeout=2 reference-disagreement=360 same=5509 tree-difference=1
[5930/100000] reference-disagreement wide:struct-member:glue:real:WithTrailingCommaSyntax+EnsuringTrailingComma:19 len=213 artifacts=9 advent-overaccept=7 advent-underaccept=1 compiler-timeout=2 reference-disagreement=361 same=5558 tree-difference=1
[5943/100000] reference-disagreement attribute-ifconfig-elseif-list len=108 artifacts=9 advent-overaccept=7 advent-underaccept=1 compiler-timeout=2 reference-disagreement=362 same=5570 tree-difference=1
[5955/100000] reference-disagreement keypath-boundary len=36 artifacts=9 advent-overaccept=7 advent-underaccept=1 compiler-timeout=2 reference-disagreement=363 same=5581 tree-difference=1
[5982/100000] reference-disagreement wide:before-statement:keyword+swap+newline:pattern:testNonBinding2#1 len=61 artifacts=9 advent-overaccept=7 advent-underaccept=1 compiler-timeout=2 reference-disagreement=364 same=5607 tree-difference=1
[5999/100000] reference-disagreement wide:closure:raw:real:Syntax+StringInterpolation:471 len=80 artifacts=9 advent-overaccept=7 advent-underaccept=1 compiler-timeout=2 reference-disagreement=365 same=5623 tree-difference=1
[6000/100000] same protocol-requirement-boundary len=96 artifacts=9 advent-overaccept=7 advent-underaccept=1 compiler-timeout=2 reference-disagreement=365 same=5624 tree-difference=1
[6010/100000] reference-disagreement keypath-boundary len=40 artifacts=9 advent-overaccept=7 advent-underaccept=1 compiler-timeout=2 reference-disagreement=366 same=5633 tree-difference=1
[6015/100000] reference-disagreement tspl-divergence-protocol-body len=198 artifacts=9 advent-overaccept=7 advent-underaccept=1 compiler-timeout=2 reference-disagreement=367 same=5637 tree-difference=1
[6016/100000] reference-disagreement wide:struct-member:keyword:declaration:testFuncParsing#4+real:SyntaxUtils:21 len=1091 artifacts=9 advent-overaccept=7 advent-underaccept=1 compiler-timeout=2 reference-disagreement=368 same=5637 tree-difference=1
[6034/100000] reference-disagreement wide:trailing-closure:newline+splice:declaration:testVariableDeclarations#8+real:IsValidIdentifier:68 len=1150 artifacts=9 advent-overaccept=7 advent-underaccept=1 compiler-timeout=2 reference-disagreement=369 same=5654 tree-difference=1
[6040/100000] reference-disagreement wide:closure:raw:real:RefactoringProvider:50 len=580 artifacts=9 advent-overaccept=7 advent-underaccept=1 compiler-timeout=2 reference-disagreement=370 same=5659 tree-difference=1
[6042/100000] reference-disagreement wide:closure:raw:real:SwiftSyntaxCompatibility:238 len=147 artifacts=9 advent-overaccept=7 advent-underaccept=1 compiler-timeout=2 reference-disagreement=371 same=5660 tree-difference=1
[6043/100000] reference-disagreement grammarish-member-list len=208 artifacts=9 advent-overaccept=7 advent-underaccept=1 compiler-timeout=2 reference-disagreement=372 same=5660 tree-difference=1
[6059/100000] reference-disagreement wide:trailing-closure:keyword+glue+space:translated:testDebugger2#1 len=53 artifacts=9 advent-overaccept=7 advent-underaccept=1 compiler-timeout=2 reference-disagreement=373 same=5675 tree-difference=1
[6107/100000] reference-disagreement wide:struct-member:block-comment:translated:testOperatorDeclDesignatedTypes6#1 len=187 artifacts=9 advent-overaccept=7 advent-underaccept=1 compiler-timeout=2 reference-disagreement=374 same=5722 tree-difference=1
[6111/100000] reference-disagreement keypath-component-matrix len=33 artifacts=9 advent-overaccept=7 advent-underaccept=1 compiler-timeout=2 reference-disagreement=375 same=5725 tree-difference=1
[6117/100000] reference-disagreement nested-ifconfig-boundary len=113 artifacts=9 advent-overaccept=7 advent-underaccept=1 compiler-timeout=2 reference-disagreement=376 same=5730 tree-difference=1
[6121/100000] reference-disagreement wide:trailing-closure:newline+line-comment+newline:real:ScopeImplementations:208 len=463 artifacts=9 advent-overaccept=7 advent-underaccept=1 compiler-timeout=2 reference-disagreement=377 same=5733 tree-difference=1
[6143/100000] reference-disagreement wide:closure:glue+newline:translated:testDelayedExtension1#1 len=47 artifacts=9 advent-overaccept=7 advent-underaccept=1 compiler-timeout=2 reference-disagreement=378 same=5754 tree-difference=1
[6147/100000] reference-disagreement attribute-ifconfig-elseif-list len=108 artifacts=9 advent-overaccept=7 advent-underaccept=1 compiler-timeout=2 reference-disagreement=379 same=5757 tree-difference=1
[6184/100000] reference-disagreement grammarish-member-list len=110 artifacts=9 advent-overaccept=7 advent-underaccept=1 compiler-timeout=2 reference-disagreement=380 same=5793 tree-difference=1
[6187/100000] reference-disagreement member-list-wide-boundary len=260 artifacts=9 advent-overaccept=7 advent-underaccept=1 compiler-timeout=2 reference-disagreement=381 same=5795 tree-difference=1
[6190/100000] reference-disagreement wide:extension-member:glue:real:Syntax+StringInterpolation:284 len=64 artifacts=9 advent-overaccept=7 advent-underaccept=1 compiler-timeout=2 reference-disagreement=382 same=5797 tree-difference=1
[6224/100000] reference-disagreement keypath-component-matrix len=37 artifacts=9 advent-overaccept=7 advent-underaccept=1 compiler-timeout=2 reference-disagreement=383 same=5830 tree-difference=1
[6227/100000] reference-disagreement keypath-boundary len=44 artifacts=9 advent-overaccept=7 advent-underaccept=1 compiler-timeout=2 reference-disagreement=384 same=5832 tree-difference=1
[6228/100000] reference-disagreement wide:ifconfig:line-comment:translated:testDollarIdentifier8#1 len=684 artifacts=9 advent-overaccept=7 advent-underaccept=1 compiler-timeout=2 reference-disagreement=385 same=5832 tree-difference=1
[6250/100000] same frontier:parser-mode-scope len=58 artifacts=9 advent-overaccept=7 advent-underaccept=1 compiler-timeout=2 reference-disagreement=385 same=5854 tree-difference=1
[6262/100000] reference-disagreement wide:func-body:raw:phase3-type:extension-func len=43 artifacts=9 advent-overaccept=7 advent-underaccept=1 compiler-timeout=2 reference-disagreement=386 same=5865 tree-difference=1
[6274/100000] reference-disagreement wide:struct-member:raw:declaration:testCoroutineAccessors#1+real:ExpandEditorPlaceholder:505 len=131 artifacts=9 advent-overaccept=7 advent-underaccept=1 compiler-timeout=2 reference-disagreement=387 same=5876 tree-difference=1
[6328/100000] reference-disagreement wide:func-body:block-comment+splice+delete:declaration:testImports#3 len=49 artifacts=9 advent-overaccept=7 advent-underaccept=1 compiler-timeout=2 reference-disagreement=388 same=5929 tree-difference=1
[6335/100000] reference-disagreement attribute-ifconfig-elseif-list len=134 artifacts=9 advent-overaccept=7 advent-underaccept=1 compiler-timeout=2 reference-disagreement=389 same=5935 tree-difference=1
[6350/100000] reference-disagreement keypath-boundary len=33 artifacts=9 advent-overaccept=7 advent-underaccept=1 compiler-timeout=2 reference-disagreement=390 same=5949 tree-difference=1
[6372/100000] reference-disagreement wide:func-body:glue+glue+glue:real:WarningControlDeclSyntax:55 len=384 artifacts=9 advent-overaccept=7 advent-underaccept=1 compiler-timeout=2 reference-disagreement=391 same=5970 tree-difference=1
[6410/100000] reference-disagreement wide:closure:newline:real:DeclSyntaxParseable:55 len=72 artifacts=9 advent-overaccept=7 advent-underaccept=1 compiler-timeout=2 reference-disagreement=392 same=6007 tree-difference=1
[6411/100000] reference-disagreement wide:extension-member:raw:real:ConvenienceInitializers:176 len=213 artifacts=9 advent-overaccept=7 advent-underaccept=1 compiler-timeout=2 reference-disagreement=393 same=6007 tree-difference=1
[6440/100000] reference-disagreement tspl-divergence-accessor-commitment len=78 artifacts=9 advent-overaccept=7 advent-underaccept=1 compiler-timeout=2 reference-disagreement=394 same=6035 tree-difference=1
[6449/100000] reference-disagreement wide:extension-member:splice:real:Oracle:43 len=83 artifacts=9 advent-overaccept=7 advent-underaccept=1 compiler-timeout=2 reference-disagreement=395 same=6043 tree-difference=1
[6459/100000] reference-disagreement wide:trailing-closure:delete+block-comment:attribute:testMacroRoleNames#6+real:SyntaxExpressibleByStringInterpolationConformances:25 len=152 artifacts=9 advent-overaccept=7 advent-underaccept=1 compiler-timeout=2 reference-disagreement=396 same=6052 tree-difference=1
[6464/100000] reference-disagreement wide:trailing-closure:raw:real:SyntaxTraits:858 len=83 artifacts=9 advent-overaccept=7 advent-underaccept=1 compiler-timeout=2 reference-disagreement=397 same=6056 tree-difference=1
[6465/100000] reference-disagreement wide:func-body:raw:real:SyntaxBaseNodes:1472 len=82 artifacts=9 advent-overaccept=7 advent-underaccept=1 compiler-timeout=2 reference-disagreement=398 same=6056 tree-difference=1
[6471/100000] reference-disagreement wide:trailing-closure:newline:real:ExperimentalFeatures:16 len=244 artifacts=9 advent-overaccept=7 advent-underaccept=1 compiler-timeout=2 reference-disagreement=399 same=6061 tree-difference=1
[6481/100000] reference-disagreement keypath-component-matrix len=37 artifacts=9 advent-overaccept=7 advent-underaccept=1 compiler-timeout=2 reference-disagreement=400 same=6070 tree-difference=1
[6500/100000] same frontier:generic-member-type-shape len=278 artifacts=9 advent-overaccept=7 advent-underaccept=1 compiler-timeout=2 reference-disagreement=400 same=6089 tree-difference=1
[6508/100000] reference-disagreement wide:extension-member:newline+newline+newline:real:IdentifiableSyntax:20 len=76 artifacts=9 advent-overaccept=7 advent-underaccept=1 compiler-timeout=2 reference-disagreement=401 same=6096 tree-difference=1
[6512/100000] reference-disagreement keypath-component-matrix len=49 artifacts=9 advent-overaccept=7 advent-underaccept=1 compiler-timeout=2 reference-disagreement=402 same=6099 tree-difference=1
[6522/100000] reference-disagreement wide:func-body:newline:real:ConvenienceInitializers:187 len=85 artifacts=9 advent-overaccept=7 advent-underaccept=1 compiler-timeout=2 reference-disagreement=403 same=6108 tree-difference=1
[6527/100000] reference-disagreement ifconfig-member-context-boundary len=89 artifacts=9 advent-overaccept=7 advent-underaccept=1 compiler-timeout=2 reference-disagreement=404 same=6112 tree-difference=1
[6536/100000] reference-disagreement wide:after-statement:newline:attribute:testSpiAttributeWithoutParameter#1 len=38 artifacts=9 advent-overaccept=7 advent-underaccept=1 compiler-timeout=2 reference-disagreement=405 same=6120 tree-difference=1
[6588/100000] advent-underaccept wide:before-statement:line-comment+keyword+space:translated:testOperators5#1 len=48 artifacts=10 advent-overaccept=7 advent-underaccept=2 compiler-timeout=2 reference-disagreement=405 same=6171 tree-difference=1
[6589/100000] reference-disagreement wide:trailing-closure:raw:real:ConvenienceInitializers:302+real:CompilerPluginMessageHandler:57 len=641 artifacts=10 advent-overaccept=7 advent-underaccept=2 compiler-timeout=2 reference-disagreement=406 same=6171 tree-difference=1
[6604/100000] reference-disagreement wide:closure:glue:real:Expressions:1877 len=383 artifacts=10 advent-overaccept=7 advent-underaccept=2 compiler-timeout=2 reference-disagreement=407 same=6185 tree-difference=1
[6610/100000] reference-disagreement wide:func-body:splice+space:translated:testModuleSelectorCorrectCode#2+translated:testAvailabilityQuery24#1 len=165 artifacts=10 advent-overaccept=7 advent-underaccept=2 compiler-timeout=2 reference-disagreement=408 same=6190 tree-difference=1
[6634/100000] reference-disagreement tspl-divergence-protocol-body len=98 artifacts=10 advent-overaccept=7 advent-underaccept=2 compiler-timeout=2 reference-disagreement=409 same=6213 tree-difference=1
[6648/100000] reference-disagreement wide:func-body:newline:real:SyntaxProtocol+Initializer:104 len=528 artifacts=10 advent-overaccept=7 advent-underaccept=2 compiler-timeout=2 reference-disagreement=410 same=6226 tree-difference=1
[6669/100000] reference-disagreement wide:trailing-closure:newline+space+space:real:ResultBuilders:72 len=137 artifacts=10 advent-overaccept=7 advent-underaccept=2 compiler-timeout=2 reference-disagreement=411 same=6246 tree-difference=1
[6671/100000] reference-disagreement wide:struct-member:glue+space+newline:real:Loggers:11 len=630 artifacts=10 advent-overaccept=7 advent-underaccept=2 compiler-timeout=2 reference-disagreement=412 same=6247 tree-difference=1
[6674/100000] reference-disagreement wide:after-statement:block-comment+keyword+block-comment:translated:testTry26#1+translated:testBorrowingContextualParsing#5 len=207 artifacts=10 advent-overaccept=7 advent-underaccept=2 compiler-timeout=2 reference-disagreement=413 same=6249 tree-difference=1
[6679/100000] reference-disagreement wide:func-body:newline+newline+space:real:BasicFormat:664 len=404 artifacts=10 advent-overaccept=7 advent-underaccept=2 compiler-timeout=2 reference-disagreement=414 same=6253 tree-difference=1
[6688/100000] reference-disagreement attribute-ifconfig-elseif-list len=112 artifacts=10 advent-overaccept=7 advent-underaccept=2 compiler-timeout=2 reference-disagreement=415 same=6261 tree-difference=1
[6728/100000] reference-disagreement wide:before-statement:raw:translated:testInitDeinit20#1+phase3-branch:guard-expr len=111 artifacts=10 advent-overaccept=7 advent-underaccept=2 compiler-timeout=2 reference-disagreement=416 same=6300 tree-difference=1
[6742/100000] reference-disagreement wide:struct-member:block-comment+keyword:real:BuildableNodes:379 len=1046 artifacts=10 advent-overaccept=7 advent-underaccept=2 compiler-timeout=2 reference-disagreement=417 same=6313 tree-difference=1
[6750/100000] same frontier:parser-mode-scope len=107 artifacts=10 advent-overaccept=7 advent-underaccept=2 compiler-timeout=2 reference-disagreement=417 same=6321 tree-difference=1
[6751/100000] reference-disagreement wide:trailing-closure:splice:real:ResultBuilders:150+real:SyntaxTraits:36 len=483 artifacts=10 advent-overaccept=7 advent-underaccept=2 compiler-timeout=2 reference-disagreement=418 same=6321 tree-difference=1
[6758/100000] reference-disagreement wide:before-statement:raw:reject:testRecovery28#1 len=45 artifacts=10 advent-overaccept=7 advent-underaccept=2 compiler-timeout=2 reference-disagreement=419 same=6327 tree-difference=1
[6787/100000] reference-disagreement wide:after-statement:raw:translated:testInitDeinit14#1 len=147 artifacts=10 advent-overaccept=7 advent-underaccept=2 compiler-timeout=2 reference-disagreement=420 same=6355 tree-difference=1
[6804/100000] reference-disagreement statement-list len=628 artifacts=10 advent-overaccept=7 advent-underaccept=2 compiler-timeout=2 reference-disagreement=421 same=6371 tree-difference=1
[6807/100000] reference-disagreement tspl-divergence-accessor-commitment len=78 artifacts=10 advent-overaccept=7 advent-underaccept=2 compiler-timeout=2 reference-disagreement=422 same=6373 tree-difference=1
[6816/100000] reference-disagreement grammarish-member-list len=427 artifacts=10 advent-overaccept=7 advent-underaccept=2 compiler-timeout=2 reference-disagreement=423 same=6381 tree-difference=1
[6822/100000] reference-disagreement wide:struct-member:newline:real:StringExtensions:38 len=476 artifacts=10 advent-overaccept=7 advent-underaccept=2 compiler-timeout=2 reference-disagreement=424 same=6386 tree-difference=1
[6835/100000] reference-disagreement wide:ifconfig:duplicate+duplicate:real:ParserDiagnosticMessages:30 len=313 artifacts=10 advent-overaccept=7 advent-underaccept=2 compiler-timeout=2 reference-disagreement=425 same=6398 tree-difference=1
[6838/100000] reference-disagreement wide:before-statement:glue:attribute:testABIAttribute#3 len=40 artifacts=10 advent-overaccept=7 advent-underaccept=2 compiler-timeout=2 reference-disagreement=426 same=6400 tree-difference=1
[6927/100000] reference-disagreement wide:top:newline+glue:translated:testAvailabilityQuery22#1 len=29 artifacts=10 advent-overaccept=7 advent-underaccept=2 compiler-timeout=2 reference-disagreement=427 same=6488 tree-difference=1
[6955/100000] reference-disagreement wide:func-body:raw:declaration:testParsePoundError#1 len=46 artifacts=10 advent-overaccept=7 advent-underaccept=2 compiler-timeout=2 reference-disagreement=428 same=6515 tree-difference=1
[6981/100000] reference-disagreement tspl-divergence-protocol-body len=176 artifacts=10 advent-overaccept=7 advent-underaccept=2 compiler-timeout=2 reference-disagreement=429 same=6540 tree-difference=1
[7000/100000] same import-attribute-boundary len=39 artifacts=10 advent-overaccept=7 advent-underaccept=2 compiler-timeout=2 reference-disagreement=429 same=6559 tree-difference=1
[7021/100000] reference-disagreement wide:trailing-closure:newline:expression:testKeyPathMethodAndInitializers#11 len=69 artifacts=10 advent-overaccept=7 advent-underaccept=2 compiler-timeout=2 reference-disagreement=430 same=6579 tree-difference=1
[7031/100000] reference-disagreement wide:closure:splice+line-comment:translated:testOriginalDefinedInAttr7#3 len=138 artifacts=10 advent-overaccept=7 advent-underaccept=2 compiler-timeout=2 reference-disagreement=431 same=6588 tree-difference=1
[7058/100000] reference-disagreement tspl-divergence-protocol-body len=151 artifacts=10 advent-overaccept=7 advent-underaccept=2 compiler-timeout=2 reference-disagreement=432 same=6614 tree-difference=1
[7063/100000] reference-disagreement statement-list len=478 artifacts=10 advent-overaccept=7 advent-underaccept=2 compiler-timeout=2 reference-disagreement=433 same=6618 tree-difference=1
[7080/100000] reference-disagreement wide:extension-member:keyword:real:Parser:449 len=1094 artifacts=10 advent-overaccept=7 advent-underaccept=2 compiler-timeout=2 reference-disagreement=434 same=6634 tree-difference=1
[7104/100000] reference-disagreement attribute-boundary len=32 artifacts=10 advent-overaccept=7 advent-underaccept=2 compiler-timeout=2 reference-disagreement=435 same=6657 tree-difference=1
[7112/100000] reference-disagreement member-list-wide-boundary len=337 artifacts=10 advent-overaccept=7 advent-underaccept=2 compiler-timeout=2 reference-disagreement=436 same=6664 tree-difference=1
[7137/100000] reference-disagreement statement-list len=529 artifacts=10 advent-overaccept=7 advent-underaccept=2 compiler-timeout=2 reference-disagreement=437 same=6688 tree-difference=1
[7165/100000] reference-disagreement wide:func-body:raw:real:BuildableNodes:292 len=1059 artifacts=10 advent-overaccept=7 advent-underaccept=2 compiler-timeout=2 reference-disagreement=438 same=6715 tree-difference=1
[7167/100000] reference-disagreement wide:after-statement:block-comment+newline:type:testNonisolatedSpecifier#10 len=99 artifacts=10 advent-overaccept=7 advent-underaccept=2 compiler-timeout=2 reference-disagreement=439 same=6716 tree-difference=1
[7173/100000] reference-disagreement wide:extension-member:raw:real:SyntaxExpressibleByStringInterpolationConformances:238 len=94 artifacts=10 advent-overaccept=7 advent-underaccept=2 compiler-timeout=2 reference-disagreement=440 same=6721 tree-difference=1
[7195/100000] reference-disagreement cast-try-operator-cluster len=24 artifacts=10 advent-overaccept=7 advent-underaccept=2 compiler-timeout=2 reference-disagreement=441 same=6742 tree-difference=1
[7208/100000] reference-disagreement wide:ifconfig:glue+newline:translated:testEffectfulProperties9#1 len=135 artifacts=10 advent-overaccept=7 advent-underaccept=2 compiler-timeout=2 reference-disagreement=442 same=6754 tree-difference=1
[7221/100000] reference-disagreement wide:after-statement:raw:attribute:testDifferentiableAttribute#1 len=133 artifacts=10 advent-overaccept=7 advent-underaccept=2 compiler-timeout=2 reference-disagreement=443 same=6766 tree-difference=1
[7239/100000] reference-disagreement wide:extension-member:glue:real:SyntaxTraits:710 len=81 artifacts=10 advent-overaccept=7 advent-underaccept=2 compiler-timeout=2 reference-disagreement=444 same=6783 tree-difference=1
[7250/100000] same wide:after-statement:block-comment:real:SyntaxTraits:720+reject:testInvalidIfExpr3#1 len=102 artifacts=10 advent-overaccept=7 advent-underaccept=2 compiler-timeout=2 reference-disagreement=444 same=6794 tree-difference=1
[7253/100000] reference-disagreement wide:struct-member:raw:translated:testIfconfigExpr1#1 len=73 artifacts=10 advent-overaccept=7 advent-underaccept=2 compiler-timeout=2 reference-disagreement=445 same=6796 tree-difference=1
[7262/100000] reference-disagreement member-list-wide-boundary len=359 artifacts=10 advent-overaccept=7 advent-underaccept=2 compiler-timeout=2 reference-disagreement=446 same=6804 tree-difference=1
[7273/100000] reference-disagreement attribute-ifconfig-elseif-list len=127 artifacts=10 advent-overaccept=7 advent-underaccept=2 compiler-timeout=2 reference-disagreement=447 same=6814 tree-difference=1
[7276/100000] reference-disagreement wide:trailing-closure:keyword+glue:real:SyntaxClassifier:45 len=574 artifacts=10 advent-overaccept=7 advent-underaccept=2 compiler-timeout=2 reference-disagreement=448 same=6816 tree-difference=1
[7282/100000] reference-disagreement wide:func-body:glue:real:TokenSyntax:211 len=431 artifacts=10 advent-overaccept=7 advent-underaccept=2 compiler-timeout=2 reference-disagreement=449 same=6821 tree-difference=1
[7289/100000] reference-disagreement wide:before-statement:raw:reject:testKeypathExpression#2 len=36 artifacts=10 advent-overaccept=7 advent-underaccept=2 compiler-timeout=2 reference-disagreement=450 same=6827 tree-difference=1
[7299/100000] reference-disagreement wide:struct-member:glue:attribute:testBackDeployed#6 len=132 artifacts=10 advent-overaccept=7 advent-underaccept=2 compiler-timeout=2 reference-disagreement=451 same=6836 tree-difference=1
[7312/100000] reference-disagreement wide:trailing-closure:glue:translated:testEnum72#1 len=68 artifacts=10 advent-overaccept=7 advent-underaccept=2 compiler-timeout=2 reference-disagreement=452 same=6848 tree-difference=1
[7318/100000] reference-disagreement declaration-modifier-stack len=34 artifacts=10 advent-overaccept=7 advent-underaccept=2 compiler-timeout=2 reference-disagreement=453 same=6853 tree-difference=1
[7345/100000] reference-disagreement tspl-divergence-protocol-body len=136 artifacts=10 advent-overaccept=7 advent-underaccept=2 compiler-timeout=2 reference-disagreement=454 same=6879 tree-difference=1
[7348/100000] reference-disagreement tspl-divergence-protocol-body len=174 artifacts=10 advent-overaccept=7 advent-underaccept=2 compiler-timeout=2 reference-disagreement=455 same=6881 tree-difference=1
[7365/100000] reference-disagreement declaration-modifier-stack len=34 artifacts=10 advent-overaccept=7 advent-underaccept=2 compiler-timeout=2 reference-disagreement=456 same=6897 tree-difference=1
[7379/100000] reference-disagreement wide:ifconfig:keyword:reject:testRecovery47#1 len=25 artifacts=10 advent-overaccept=7 advent-underaccept=2 compiler-timeout=2 reference-disagreement=457 same=6910 tree-difference=1
[7386/100000] reference-disagreement wide:closure:raw:real:SyntaxTraits:734 len=68 artifacts=10 advent-overaccept=7 advent-underaccept=2 compiler-timeout=2 reference-disagreement=458 same=6916 tree-difference=1
[7393/100000] reference-disagreement grammarish-member-list len=138 artifacts=10 advent-overaccept=7 advent-underaccept=2 compiler-timeout=2 reference-disagreement=459 same=6922 tree-difference=1
[7404/100000] reference-disagreement nested-ifconfig-boundary len=113 artifacts=10 advent-overaccept=7 advent-underaccept=2 compiler-timeout=2 reference-disagreement=460 same=6932 tree-difference=1
[7416/100000] reference-disagreement grammarish-member-list len=420 artifacts=10 advent-overaccept=7 advent-underaccept=2 compiler-timeout=2 reference-disagreement=461 same=6943 tree-difference=1
[7437/100000] reference-disagreement attribute-ifconfig-elseif-list len=112 artifacts=10 advent-overaccept=7 advent-underaccept=2 compiler-timeout=2 reference-disagreement=462 same=6963 tree-difference=1
[7461/100000] reference-disagreement cast-try-operator-cluster len=24 artifacts=10 advent-overaccept=7 advent-underaccept=2 compiler-timeout=2 reference-disagreement=463 same=6986 tree-difference=1
[7474/100000] reference-disagreement grammarish-member-list len=200 artifacts=10 advent-overaccept=7 advent-underaccept=2 compiler-timeout=2 reference-disagreement=464 same=6998 tree-difference=1
[7488/100000] tree-difference wide:trailing-closure:space+keyword:translated:testAvailabilityQuery11#1 len=25 artifacts=11 advent-overaccept=7 advent-underaccept=2 compiler-timeout=2 reference-disagreement=464 same=7011 tree-difference=2
[7495/100000] reference-disagreement wide:closure:raw:real:LayoutNodes+Parsable:95 len=199 artifacts=11 advent-overaccept=7 advent-underaccept=2 compiler-timeout=2 reference-disagreement=465 same=7017 tree-difference=2
[7500/100000] same wide:struct-member:swap+newline:phase4-keypath:kp-mixed len=38 artifacts=11 advent-overaccept=7 advent-underaccept=2 compiler-timeout=2 reference-disagreement=465 same=7022 tree-difference=2
[7515/100000] advent-overaccept wide:after-statement:keyword+glue+block-comment:declaration:testUsing#6 len=34 artifacts=12 advent-overaccept=8 advent-underaccept=2 compiler-timeout=2 reference-disagreement=465 same=7036 tree-difference=2
[7546/100000] reference-disagreement attribute-ifconfig-elseif-list len=108 artifacts=12 advent-overaccept=8 advent-underaccept=2 compiler-timeout=2 reference-disagreement=466 same=7066 tree-difference=2
[7549/100000] reference-disagreement attribute-ifconfig-elseif-list len=124 artifacts=12 advent-overaccept=8 advent-underaccept=2 compiler-timeout=2 reference-disagreement=467 same=7068 tree-difference=2
[7558/100000] reference-disagreement wide:closure:raw:real:LayoutNodes+Parsable:119+translated:testTypeExpr25o#1 len=243 artifacts=12 advent-overaccept=8 advent-underaccept=2 compiler-timeout=2 reference-disagreement=468 same=7076 tree-difference=2
[7577/100000] reference-disagreement wide:extension-member:block-comment+line-comment+splice:real:LayoutNodes+Parsable:167+translated:testIfconfigExpr19#1 len=290 artifacts=12 advent-overaccept=8 advent-underaccept=2 compiler-timeout=2 reference-disagreement=469 same=7094 tree-difference=2
[7583/100000] reference-disagreement wide:after-statement:newline+newline:declaration:testVariableDeclarations#11 len=69 artifacts=12 advent-overaccept=8 advent-underaccept=2 compiler-timeout=2 reference-disagreement=470 same=7099 tree-difference=2
[7587/100000] reference-disagreement wide:struct-member:raw:real:SyntaxTraits:736 len=62 artifacts=12 advent-overaccept=8 advent-underaccept=2 compiler-timeout=2 reference-disagreement=471 same=7102 tree-difference=2
[7591/100000] reference-disagreement tspl-divergence-protocol-body len=198 artifacts=12 advent-overaccept=8 advent-underaccept=2 compiler-timeout=2 reference-disagreement=472 same=7105 tree-difference=2
[7593/100000] reference-disagreement wide:struct-member:delete:real:Expressions:1606 len=382 artifacts=12 advent-overaccept=8 advent-underaccept=2 compiler-timeout=2 reference-disagreement=473 same=7106 tree-difference=2
[7595/100000] reference-disagreement wide:func-body:newline:translated:testEnum47#1+real:SourceLocation:484 len=721 artifacts=12 advent-overaccept=8 advent-underaccept=2 compiler-timeout=2 reference-disagreement=474 same=7107 tree-difference=2
[7646/100000] reference-disagreement wide:interpolation:splice+space+keyword:expression:testKeyPathMethodAndInitializers#3 len=36 artifacts=12 advent-overaccept=8 advent-underaccept=2 compiler-timeout=2 reference-disagreement=475 same=7157 tree-difference=2
[7647/100000] reference-disagreement statement-list len=534 artifacts=12 advent-overaccept=8 advent-underaccept=2 compiler-timeout=2 reference-disagreement=476 same=7157 tree-difference=2
[7654/100000] reference-disagreement wide:before-statement:block-comment+space:translated:testEnumCaseWithWildcardAsFirstName#2 len=53 artifacts=12 advent-overaccept=8 advent-underaccept=2 compiler-timeout=2 reference-disagreement=477 same=7163 tree-difference=2
[7665/100000] reference-disagreement wide:trailing-closure:block-comment:declaration:testOpenVarInCodeBlockItemList#1 len=48 artifacts=12 advent-overaccept=8 advent-underaccept=2 compiler-timeout=2 reference-disagreement=478 same=7173 tree-difference=2
[7693/100000] reference-disagreement wide:closure:raw:real:BuildableNodes:437 len=1254 artifacts=12 advent-overaccept=8 advent-underaccept=2 compiler-timeout=2 reference-disagreement=479 same=7200 tree-difference=2
[7720/100000] reference-disagreement wide:extension-member:raw:declaration:testAttributedMacroExpansionDeclaration#7+translated:testEffectfulProperties6#1 len=164 artifacts=12 advent-overaccept=8 advent-underaccept=2 compiler-timeout=2 reference-disagreement=480 same=7226 tree-difference=2
[7730/100000] reference-disagreement wide:closure:raw:attribute:testABIAttribute#4 len=100 artifacts=12 advent-overaccept=8 advent-underaccept=2 compiler-timeout=2 reference-disagreement=481 same=7235 tree-difference=2
[7750/100000] same enum-case-pattern-boundary len=80 artifacts=12 advent-overaccept=8 advent-underaccept=2 compiler-timeout=2 reference-disagreement=481 same=7255 tree-difference=2
[7754/100000] reference-disagreement wide:closure:space:translated:testTrailingClosures6#1+real:Names:371 len=797 artifacts=12 advent-overaccept=8 advent-underaccept=2 compiler-timeout=2 reference-disagreement=482 same=7258 tree-difference=2
[7782/100000] reference-disagreement wide:func-body:raw:attribute:testSilgenName#2+phase3-function:func-rethrows len=68 artifacts=12 advent-overaccept=8 advent-underaccept=2 compiler-timeout=2 reference-disagreement=483 same=7285 tree-difference=2
[7801/100000] reference-disagreement wide:func-body:raw:real:SyntaxTraits:730 len=77 artifacts=12 advent-overaccept=8 advent-underaccept=2 compiler-timeout=2 reference-disagreement=484 same=7303 tree-difference=2
[7811/100000] reference-disagreement wide:struct-member:newline+newline:translated:testSemicolon8#1 len=31 artifacts=12 advent-overaccept=8 advent-underaccept=2 compiler-timeout=2 reference-disagreement=485 same=7312 tree-difference=2
[7830/100000] reference-disagreement attribute-ifconfig-elseif-list len=129 artifacts=12 advent-overaccept=8 advent-underaccept=2 compiler-timeout=2 reference-disagreement=486 same=7330 tree-difference=2
[7862/100000] reference-disagreement wide:extension-member:raw:real:Statements:387+declaration:testModifiedParameter#8 len=577 artifacts=12 advent-overaccept=8 advent-underaccept=2 compiler-timeout=2 reference-disagreement=487 same=7361 tree-difference=2
[7890/100000] tree-difference wide:interpolation:raw:statement:testMissingIfClauseIntroducer#1 len=23 artifacts=13 advent-overaccept=8 advent-underaccept=2 compiler-timeout=2 reference-disagreement=487 same=7388 tree-difference=3
[7894/100000] reference-disagreement wide:before-statement:glue+line-comment:expression:testKeyPathMethodAndInitializers#6 len=60 artifacts=13 advent-overaccept=8 advent-underaccept=2 compiler-timeout=2 reference-disagreement=488 same=7391 tree-difference=3
[7903/100000] reference-disagreement wide:struct-member:block-comment:expression:testKeyPathMethodAndInitializers#19 len=64 artifacts=13 advent-overaccept=8 advent-underaccept=2 compiler-timeout=2 reference-disagreement=489 same=7399 tree-difference=3
[7972/100000] reference-disagreement wide:trailing-closure:glue+block-comment:real:SyntaxTraits:417 len=129 artifacts=13 advent-overaccept=8 advent-underaccept=2 compiler-timeout=2 reference-disagreement=490 same=7467 tree-difference=3
[7984/100000] reference-disagreement wide:struct-member:splice:real:Parser:530 len=960 artifacts=13 advent-overaccept=8 advent-underaccept=2 compiler-timeout=2 reference-disagreement=491 same=7478 tree-difference=3
[7996/100000] reference-disagreement wide:func-body:raw:real:Message:29 len=124 artifacts=13 advent-overaccept=8 advent-underaccept=2 compiler-timeout=2 reference-disagreement=492 same=7489 tree-difference=3
[8000/100000] same cast-try-operator-cluster len=33 artifacts=13 advent-overaccept=8 advent-underaccept=2 compiler-timeout=2 reference-disagreement=492 same=7493 tree-difference=3
[8028/100000] reference-disagreement tspl-divergence-accessor-commitment len=78 artifacts=13 advent-overaccept=8 advent-underaccept=2 compiler-timeout=2 reference-disagreement=493 same=7520 tree-difference=3
[8047/100000] reference-disagreement wide:trailing-closure:newline:statement:testSwitch#2+real:LayoutNodes+Parsable:47 len=236 artifacts=13 advent-overaccept=8 advent-underaccept=2 compiler-timeout=2 reference-disagreement=494 same=7538 tree-difference=3
[8110/100000] reference-disagreement wide:closure:raw:declaration:testBorrowAndMutateAccessors#1 len=195 artifacts=13 advent-overaccept=8 advent-underaccept=2 compiler-timeout=2 reference-disagreement=495 same=7600 tree-difference=3
[8115/100000] reference-disagreement wide:extension-member:newline:real:StandardIOMessageConnection:183+translated:testDiagnoseAvailability7#1 len=641 artifacts=13 advent-overaccept=8 advent-underaccept=2 compiler-timeout=2 reference-disagreement=496 same=7604 tree-difference=3
[8125/100000] reference-disagreement nested-ifconfig-boundary len=146 artifacts=13 advent-overaccept=8 advent-underaccept=2 compiler-timeout=2 reference-disagreement=497 same=7613 tree-difference=3
[8132/100000] reference-disagreement attribute-boundary len=34 artifacts=13 advent-overaccept=8 advent-underaccept=2 compiler-timeout=2 reference-disagreement=498 same=7619 tree-difference=3
[8143/100000] reference-disagreement wide:extension-member:line-comment+line-comment:real:MacroSystem:1555 len=460 artifacts=13 advent-overaccept=8 advent-underaccept=2 compiler-timeout=2 reference-disagreement=499 same=7629 tree-difference=3
[8157/100000] reference-disagreement ifconfig-member-context-boundary len=77 artifacts=13 advent-overaccept=8 advent-underaccept=2 compiler-timeout=2 reference-disagreement=500 same=7642 tree-difference=3
[8170/100000] reference-disagreement wide:trailing-closure:raw:real:Parameters:55+real:PackageDependency:69 len=405 artifacts=13 advent-overaccept=8 advent-underaccept=2 compiler-timeout=2 reference-disagreement=501 same=7654 tree-difference=3
[8175/100000] reference-disagreement attribute-ifconfig-elseif-list len=108 artifacts=13 advent-overaccept=8 advent-underaccept=2 compiler-timeout=2 reference-disagreement=502 same=7658 tree-difference=3
[8191/100000] reference-disagreement wide:func-body:block-comment+splice+space:real:ResultBuilders:254 len=161 artifacts=13 advent-overaccept=8 advent-underaccept=2 compiler-timeout=2 reference-disagreement=503 same=7673 tree-difference=3
[8202/100000] reference-disagreement wide:closure:space:real:MissingNodeInitializers:110 len=238 artifacts=13 advent-overaccept=8 advent-underaccept=2 compiler-timeout=2 reference-disagreement=504 same=7683 tree-difference=3
[8219/100000] reference-disagreement wide:trailing-closure:raw:real:Expressions:2114 len=287 artifacts=13 advent-overaccept=8 advent-underaccept=2 compiler-timeout=2 reference-disagreement=505 same=7699 tree-difference=3
[8221/100000] advent-overaccept wide:struct-member:glue+delete:translated:testDiagnoseAvailability5#1+type:testLifetimeSpecifier#3 len=139 artifacts=14 advent-overaccept=9 advent-underaccept=2 compiler-timeout=2 reference-disagreement=505 same=7700 tree-difference=3
[8236/100000] reference-disagreement tspl-divergence-protocol-body len=233 artifacts=14 advent-overaccept=9 advent-underaccept=2 compiler-timeout=2 reference-disagreement=506 same=7714 tree-difference=3
[8250/100000] same wide:func-body:keyword:real:SyntaxTraits:854 len=126 artifacts=14 advent-overaccept=9 advent-underaccept=2 compiler-timeout=2 reference-disagreement=506 same=7728 tree-difference=3
[8258/100000] reference-disagreement tspl-divergence-protocol-body len=221 artifacts=14 advent-overaccept=9 advent-underaccept=2 compiler-timeout=2 reference-disagreement=507 same=7735 tree-difference=3
[8309/100000] reference-disagreement wide:before-statement:block-comment+newline:declaration:testAttributedMacroExpansionDeclaration#10 len=83 artifacts=14 advent-overaccept=9 advent-underaccept=2 compiler-timeout=2 reference-disagreement=508 same=7785 tree-difference=3
[8316/100000] reference-disagreement wide:trailing-closure:delete:real:FormatRawStringLiteral:72 len=422 artifacts=14 advent-overaccept=9 advent-underaccept=2 compiler-timeout=2 reference-disagreement=509 same=7791 tree-difference=3
[8320/100000] reference-disagreement wide:before-statement:block-comment+line-comment:translated:testSubscripting19#1 len=119 artifacts=14 advent-overaccept=9 advent-underaccept=2 compiler-timeout=2 reference-disagreement=510 same=7794 tree-difference=3
[8322/100000] reference-disagreement binding-pattern len=458 artifacts=14 advent-overaccept=9 advent-underaccept=2 compiler-timeout=2 reference-disagreement=511 same=7795 tree-difference=3
[8339/100000] reference-disagreement cast-try-operator-cluster len=24 artifacts=14 advent-overaccept=9 advent-underaccept=2 compiler-timeout=2 reference-disagreement=512 same=7811 tree-difference=3
[8349/100000] reference-disagreement wide:func-body:raw:real:PackageDependency:85+real:RawSyntaxNodesOP:17 len=280 artifacts=14 advent-overaccept=9 advent-underaccept=2 compiler-timeout=2 reference-disagreement=513 same=7820 tree-difference=3
[8357/100000] reference-disagreement wide:closure:line-comment:translated:testModuleSelectorExpr#21+real:StandardIOMessageConnection:29 len=94 artifacts=14 advent-overaccept=9 advent-underaccept=2 compiler-timeout=2 reference-disagreement=514 same=7827 tree-difference=3
[8380/100000] reference-disagreement statement-list len=513 artifacts=14 advent-overaccept=9 advent-underaccept=2 compiler-timeout=2 reference-disagreement=515 same=7849 tree-difference=3
[8391/100000] reference-disagreement wide:trailing-closure:newline:translated:testForwardSlashRegex103#1+real:CollectionNodes+Parsable:84 len=604 artifacts=14 advent-overaccept=9 advent-underaccept=2 compiler-timeout=2 reference-disagreement=516 same=7859 tree-difference=3
[8414/100000] reference-disagreement cast-try-operator-cluster len=24 artifacts=14 advent-overaccept=9 advent-underaccept=2 compiler-timeout=2 reference-disagreement=517 same=7881 tree-difference=3
[8459/100000] reference-disagreement wide:closure:raw:real:BuildableNodes:740 len=1087 artifacts=14 advent-overaccept=9 advent-underaccept=2 compiler-timeout=2 reference-disagreement=518 same=7925 tree-difference=3
[8474/100000] reference-disagreement declaration-modifier-stack len=34 artifacts=14 advent-overaccept=9 advent-underaccept=2 compiler-timeout=2 reference-disagreement=519 same=7939 tree-difference=3
[8488/100000] reference-disagreement member-list-wide-boundary len=421 artifacts=14 advent-overaccept=9 advent-underaccept=2 compiler-timeout=2 reference-disagreement=520 same=7952 tree-difference=3
[8494/100000] reference-disagreement wide:closure:raw:translated:testDiagnoseAvailability1#1+translated:testOperators18#1 len=183 artifacts=14 advent-overaccept=9 advent-underaccept=2 compiler-timeout=2 reference-disagreement=521 same=7957 tree-difference=3
[8500/100000] same frontier:generic-member-type-shape len=297 artifacts=14 advent-overaccept=9 advent-underaccept=2 compiler-timeout=2 reference-disagreement=521 same=7963 tree-difference=3
[8504/100000] reference-disagreement declaration-modifier-stack len=34 artifacts=14 advent-overaccept=9 advent-underaccept=2 compiler-timeout=2 reference-disagreement=522 same=7966 tree-difference=3
[8540/100000] reference-disagreement attribute-ifconfig-elseif-list len=119 artifacts=14 advent-overaccept=9 advent-underaccept=2 compiler-timeout=2 reference-disagreement=523 same=8001 tree-difference=3
[8563/100000] reference-disagreement wide:closure:duplicate:real:SyntaxTraits:818 len=82 artifacts=14 advent-overaccept=9 advent-underaccept=2 compiler-timeout=2 reference-disagreement=524 same=8023 tree-difference=3
[8590/100000] reference-disagreement tspl-divergence-protocol-body len=127 artifacts=14 advent-overaccept=9 advent-underaccept=2 compiler-timeout=2 reference-disagreement=525 same=8049 tree-difference=3
[8613/100000] reference-disagreement wide:func-body:raw:real:ConvenienceInitializers:219 len=212 artifacts=14 advent-overaccept=9 advent-underaccept=2 compiler-timeout=2 reference-disagreement=526 same=8071 tree-difference=3
[8619/100000] reference-disagreement wide:trailing-closure:raw:real:Parameters:54 len=79 artifacts=14 advent-overaccept=9 advent-underaccept=2 compiler-timeout=2 reference-disagreement=527 same=8076 tree-difference=3
[8621/100000] reference-disagreement statement-list len=616 artifacts=14 advent-overaccept=9 advent-underaccept=2 compiler-timeout=2 reference-disagreement=528 same=8077 tree-difference=3
[8631/100000] reference-disagreement wide:after-statement:block-comment+space:type:testNamedOpaqueReturnTypes#1+phase4-keypath:kp-rootless-chain len=382 artifacts=14 advent-overaccept=9 advent-underaccept=2 compiler-timeout=2 reference-disagreement=529 same=8086 tree-difference=3
[8648/100000] reference-disagreement wide:trailing-closure:space+newline:translated:testSwitch52#1 len=88 artifacts=14 advent-overaccept=9 advent-underaccept=2 compiler-timeout=2 reference-disagreement=530 same=8102 tree-difference=3
[8656/100000] reference-disagreement tspl-divergence-protocol-body len=156 artifacts=14 advent-overaccept=9 advent-underaccept=2 compiler-timeout=2 reference-disagreement=531 same=8109 tree-difference=3
[8677/100000] reference-disagreement attribute-ifconfig-elseif-list len=110 artifacts=14 advent-overaccept=9 advent-underaccept=2 compiler-timeout=2 reference-disagreement=532 same=8129 tree-difference=3
[8683/100000] reference-disagreement wide:extension-member:splice+newline:real:MacroSystem:1573 len=816 artifacts=14 advent-overaccept=9 advent-underaccept=2 compiler-timeout=2 reference-disagreement=533 same=8134 tree-difference=3
[8698/100000] reference-disagreement tspl-divergence-protocol-body len=122 artifacts=14 advent-overaccept=9 advent-underaccept=2 compiler-timeout=2 reference-disagreement=534 same=8148 tree-difference=3
[8702/100000] reference-disagreement wide:extension-member:raw:real:ResultBuilders:570 len=232 artifacts=14 advent-overaccept=9 advent-underaccept=2 compiler-timeout=2 reference-disagreement=535 same=8151 tree-difference=3
[8724/100000] reference-disagreement wide:trailing-closure:raw:real:ParserDiagnosticMessages:44+real:ResultBuilders:579 len=802 artifacts=14 advent-overaccept=9 advent-underaccept=2 compiler-timeout=2 reference-disagreement=536 same=8172 tree-difference=3
[8736/100000] reference-disagreement wide:closure:raw:real:ResultBuilders:540 len=146 artifacts=14 advent-overaccept=9 advent-underaccept=2 compiler-timeout=2 reference-disagreement=537 same=8183 tree-difference=3
[8750/100000] same pack-boundary len=35 artifacts=14 advent-overaccept=9 advent-underaccept=2 compiler-timeout=2 reference-disagreement=537 same=8197 tree-difference=3
[8771/100000] reference-disagreement wide:trailing-closure:glue+newline+block-comment:phase3-enum-case:case-assoc-label len=43 artifacts=14 advent-overaccept=9 advent-underaccept=2 compiler-timeout=2 reference-disagreement=538 same=8217 tree-difference=3
[8773/100000] reference-disagreement attribute-boundary len=32 artifacts=14 advent-overaccept=9 advent-underaccept=2 compiler-timeout=2 reference-disagreement=539 same=8218 tree-difference=3
[8785/100000] reference-disagreement wide:func-body:raw:real:ParserDiagnosticMessages:80 len=615 artifacts=14 advent-overaccept=9 advent-underaccept=2 compiler-timeout=2 reference-disagreement=540 same=8229 tree-difference=3
[8810/100000] reference-disagreement wide:closure:glue+block-comment:real:SyntaxTraits:692 len=123 artifacts=14 advent-overaccept=9 advent-underaccept=2 compiler-timeout=2 reference-disagreement=541 same=8253 tree-difference=3
[8820/100000] reference-disagreement wide:extension-member:delete:real:SyntaxTraits:816+real:ResultBuilders:599 len=295 artifacts=14 advent-overaccept=9 advent-underaccept=2 compiler-timeout=2 reference-disagreement=542 same=8262 tree-difference=3
[8844/100000] reference-disagreement wide:closure:raw:declaration:testPrecedenceGroup#2 len=116 artifacts=14 advent-overaccept=9 advent-underaccept=2 compiler-timeout=2 reference-disagreement=543 same=8285 tree-difference=3
[8899/100000] reference-disagreement tspl-divergence-accessor-commitment len=49 artifacts=14 advent-overaccept=9 advent-underaccept=2 compiler-timeout=2 reference-disagreement=544 same=8339 tree-difference=3
[8912/100000] reference-disagreement attribute-ifconfig-elseif-list len=134 artifacts=14 advent-overaccept=9 advent-underaccept=2 compiler-timeout=2 reference-disagreement=545 same=8351 tree-difference=3
[8913/100000] reference-disagreement binding-pattern len=458 artifacts=14 advent-overaccept=9 advent-underaccept=2 compiler-timeout=2 reference-disagreement=546 same=8351 tree-difference=3
[8943/100000] advent-overaccept wide:closure:splice+newline:reject:testOperatorDecl125#1 len=59 artifacts=15 advent-overaccept=10 advent-underaccept=2 compiler-timeout=2 reference-disagreement=546 same=8380 tree-difference=3
[8951/100000] reference-disagreement wide:func-body:newline:real:MacroExpansionContext:202 len=186 artifacts=15 advent-overaccept=10 advent-underaccept=2 compiler-timeout=2 reference-disagreement=547 same=8387 tree-difference=3
[8963/100000] reference-disagreement wide:struct-member:glue:real:SyntaxTraits:269 len=795 artifacts=15 advent-overaccept=10 advent-underaccept=2 compiler-timeout=2 reference-disagreement=548 same=8398 tree-difference=3
[8976/100000] reference-disagreement attribute-ifconfig-elseif-list len=104 artifacts=15 advent-overaccept=10 advent-underaccept=2 compiler-timeout=2 reference-disagreement=549 same=8410 tree-difference=3
[8985/100000] reference-disagreement wide:closure:raw:real:PrecedenceGroup:134 len=244 artifacts=15 advent-overaccept=10 advent-underaccept=2 compiler-timeout=2 reference-disagreement=550 same=8418 tree-difference=3
[9000/100000] same frontier:interpolation-delimiter len=362 artifacts=15 advent-overaccept=10 advent-underaccept=2 compiler-timeout=2 reference-disagreement=550 same=8433 tree-difference=3
[9017/100000] reference-disagreement tspl-divergence-protocol-body len=131 artifacts=15 advent-overaccept=10 advent-underaccept=2 compiler-timeout=2 reference-disagreement=551 same=8449 tree-difference=3
[9027/100000] reference-disagreement statement-list len=625 artifacts=15 advent-overaccept=10 advent-underaccept=2 compiler-timeout=2 reference-disagreement=552 same=8458 tree-difference=3
[9058/100000] reference-disagreement wide:closure:duplicate+block-comment:translated:testInitDeinit5a#1 len=79 artifacts=15 advent-overaccept=10 advent-underaccept=2 compiler-timeout=2 reference-disagreement=553 same=8488 tree-difference=3
[9061/100000] reference-disagreement wide:trailing-closure:raw:real:SwiftParserCompatibility:22 len=294 artifacts=15 advent-overaccept=10 advent-underaccept=2 compiler-timeout=2 reference-disagreement=554 same=8490 tree-difference=3
[9071/100000] reference-disagreement wide:func-body:glue+glue:attribute:testTransposeAttribute#4 len=124 artifacts=15 advent-overaccept=10 advent-underaccept=2 compiler-timeout=2 reference-disagreement=555 same=8499 tree-difference=3
[9072/100000] reference-disagreement statement-list len=666 artifacts=15 advent-overaccept=10 advent-underaccept=2 compiler-timeout=2 reference-disagreement=556 same=8499 tree-difference=3
[9078/100000] reference-disagreement wide:trailing-closure:newline+newline:real:SyntaxTraits:718 len=74 artifacts=15 advent-overaccept=10 advent-underaccept=2 compiler-timeout=2 reference-disagreement=557 same=8504 tree-difference=3
[9081/100000] reference-disagreement wide:trailing-closure:raw:real:DeclSyntaxParseable:57+real:LexerDiagnosticMessages:136 len=542 artifacts=15 advent-overaccept=10 advent-underaccept=2 compiler-timeout=2 reference-disagreement=558 same=8506 tree-difference=3
[9100/100000] reference-disagreement wide:func-body:line-comment+line-comment:real:DeclSyntaxParseable:50+phase1:let-empty-str len=92 artifacts=15 advent-overaccept=10 advent-underaccept=2 compiler-timeout=2 reference-disagreement=559 same=8524 tree-difference=3
[9108/100000] reference-disagreement wide:closure:splice+newline:translated:testSwitch33#1 len=128 artifacts=15 advent-overaccept=10 advent-underaccept=2 compiler-timeout=2 reference-disagreement=560 same=8531 tree-difference=3
[9161/100000] reference-disagreement wide:ifconfig:newline:translated:testOperatorDecl11d#1+translated:testOperators17#1 len=99 artifacts=15 advent-overaccept=10 advent-underaccept=2 compiler-timeout=2 reference-disagreement=561 same=8583 tree-difference=3
[9163/100000] reference-disagreement wide:func-body:space+newline:translated:testDeprecatedWhere11#1 len=257 artifacts=15 advent-overaccept=10 advent-underaccept=2 compiler-timeout=2 reference-disagreement=562 same=8584 tree-difference=3
[9179/100000] reference-disagreement wide:func-body:space+newline:real:SyntaxTraits:856 len=81 artifacts=15 advent-overaccept=10 advent-underaccept=2 compiler-timeout=2 reference-disagreement=563 same=8599 tree-difference=3
[9181/100000] reference-disagreement wide:top:block-comment+newline+block-comment:translated:testOperatorDecl11b#1 len=28 artifacts=15 advent-overaccept=10 advent-underaccept=2 compiler-timeout=2 reference-disagreement=564 same=8600 tree-difference=3
[9191/100000] reference-disagreement wide:extension-member:splice:real:LayoutNodes+Parsable:159 len=205 artifacts=15 advent-overaccept=10 advent-underaccept=2 compiler-timeout=2 reference-disagreement=565 same=8609 tree-difference=3
[9199/100000] reference-disagreement wide:extension-member:space+space+block-comment:real:Convenience:44+declaration:testTypealias#2 len=619 artifacts=15 advent-overaccept=10 advent-underaccept=2 compiler-timeout=2 reference-disagreement=566 same=8616 tree-difference=3
[9210/100000] reference-disagreement binding-pattern len=458 artifacts=15 advent-overaccept=10 advent-underaccept=2 compiler-timeout=2 reference-disagreement=567 same=8626 tree-difference=3
[9250/100000] same frontier:protocol-accessor-shape len=117 artifacts=15 advent-overaccept=10 advent-underaccept=2 compiler-timeout=2 reference-disagreement=567 same=8666 tree-difference=3
[9289/100000] reference-disagreement wide:func-body:line-comment:real:CollectionNodes+Parsable:118 len=777 artifacts=15 advent-overaccept=10 advent-underaccept=2 compiler-timeout=2 reference-disagreement=568 same=8704 tree-difference=3
[9302/100000] reference-disagreement wide:struct-member:raw:real:ParserDiagnosticMessages:791+real:DeclSyntaxParseable:51 len=269 artifacts=15 advent-overaccept=10 advent-underaccept=2 compiler-timeout=2 reference-disagreement=569 same=8716 tree-difference=3
[9322/100000] reference-disagreement attribute-ifconfig-elseif-list len=128 artifacts=15 advent-overaccept=10 advent-underaccept=2 compiler-timeout=2 reference-disagreement=570 same=8735 tree-difference=3
[9328/100000] reference-disagreement wide:func-body:newline+space+space:reject:testChainedOptionalUnwrapsWithDot#1 len=25 artifacts=15 advent-overaccept=10 advent-underaccept=2 compiler-timeout=2 reference-disagreement=571 same=8740 tree-difference=3
[9330/100000] reference-disagreement wide:extension-member:raw:real:Syntax+StringInterpolation:287 len=64 artifacts=15 advent-overaccept=10 advent-underaccept=2 compiler-timeout=2 reference-disagreement=572 same=8741 tree-difference=3
[9340/100000] reference-disagreement keypath-component-matrix len=41 artifacts=15 advent-overaccept=10 advent-underaccept=2 compiler-timeout=2 reference-disagreement=573 same=8750 tree-difference=3
[9370/100000] reference-disagreement wide:closure:newline+block-comment+space:translated:testOperatorDeclDesignatedTypes13#1 len=116 artifacts=15 advent-overaccept=10 advent-underaccept=2 compiler-timeout=2 reference-disagreement=574 same=8779 tree-difference=3
[9381/100000] reference-disagreement keypath-boundary len=37 artifacts=15 advent-overaccept=10 advent-underaccept=2 compiler-timeout=2 reference-disagreement=575 same=8789 tree-difference=3
[9385/100000] reference-disagreement tspl-divergence-protocol-body len=141 artifacts=15 advent-overaccept=10 advent-underaccept=2 compiler-timeout=2 reference-disagreement=576 same=8792 tree-difference=3
[9392/100000] reference-disagreement attribute-boundary len=52 artifacts=15 advent-overaccept=10 advent-underaccept=2 compiler-timeout=2 reference-disagreement=577 same=8798 tree-difference=3
[9421/100000] reference-disagreement wide:closure:raw:real:IntegerLiteralUtilities:19 len=826 artifacts=15 advent-overaccept=10 advent-underaccept=2 compiler-timeout=2 reference-disagreement=578 same=8826 tree-difference=3
[9432/100000] reference-disagreement grammarish-member-list len=349 artifacts=15 advent-overaccept=10 advent-underaccept=2 compiler-timeout=2 reference-disagreement=579 same=8836 tree-difference=3
[9442/100000] reference-disagreement tspl-divergence-protocol-body len=108 artifacts=15 advent-overaccept=10 advent-underaccept=2 compiler-timeout=2 reference-disagreement=580 same=8845 tree-difference=3
[9443/100000] reference-disagreement wide:after-statement:space+splice+line-comment:real:ParserDiagnosticMessages:298+type:testBasic#1 len=350 artifacts=15 advent-overaccept=10 advent-underaccept=2 compiler-timeout=2 reference-disagreement=581 same=8845 tree-difference=3
[9478/100000] reference-disagreement attribute-ifconfig-elseif-list len=133 artifacts=15 advent-overaccept=10 advent-underaccept=2 compiler-timeout=2 reference-disagreement=582 same=8879 tree-difference=3
[9481/100000] reference-disagreement wide:trailing-closure:space+newline+newline:real:Syntax:548 len=38 artifacts=15 advent-overaccept=10 advent-underaccept=2 compiler-timeout=2 reference-disagreement=583 same=8881 tree-difference=3
[9489/100000] reference-disagreement tspl-divergence-accessor-commitment len=78 artifacts=15 advent-overaccept=10 advent-underaccept=2 compiler-timeout=2 reference-disagreement=584 same=8888 tree-difference=3
[9500/100000] same wide:top:space:reject:testEnumCaseWithGenericParameter#5 len=35 artifacts=15 advent-overaccept=10 advent-underaccept=2 compiler-timeout=2 reference-disagreement=584 same=8899 tree-difference=3
[9523/100000] reference-disagreement wide:func-body:raw:real:Syntax+StringInterpolation:33 len=848 artifacts=15 advent-overaccept=10 advent-underaccept=2 compiler-timeout=2 reference-disagreement=585 same=8921 tree-difference=3
[9562/100000] reference-disagreement wide:extension-member:newline:real:SyntaxExpressibleByStringInterpolationConformances:100 len=178 artifacts=15 advent-overaccept=10 advent-underaccept=2 compiler-timeout=2 reference-disagreement=586 same=8959 tree-difference=3
[9565/100000] reference-disagreement wide:trailing-closure:raw:real:ResultBuilders:202 len=127 artifacts=15 advent-overaccept=10 advent-underaccept=2 compiler-timeout=2 reference-disagreement=587 same=8961 tree-difference=3
[9569/100000] reference-disagreement wide:extension-member:newline:real:AbstractSourceLocation:22+real:SyntaxTraits:726 len=869 artifacts=15 advent-overaccept=10 advent-underaccept=2 compiler-timeout=2 reference-disagreement=588 same=8964 tree-difference=3
[9590/100000] reference-disagreement wide:trailing-closure:raw:translated:testRegex1#1+real:WarningControlRegions:188 len=818 artifacts=15 advent-overaccept=10 advent-underaccept=2 compiler-timeout=2 reference-disagreement=589 same=8984 tree-difference=3
[9591/100000] reference-disagreement tspl-divergence-protocol-body len=202 artifacts=15 advent-overaccept=10 advent-underaccept=2 compiler-timeout=2 reference-disagreement=590 same=8984 tree-difference=3
[9602/100000] reference-disagreement tspl-divergence-protocol-body len=269 artifacts=15 advent-overaccept=10 advent-underaccept=2 compiler-timeout=2 reference-disagreement=591 same=8994 tree-difference=3
[9619/100000] reference-disagreement wide:ifconfig:newline:translated:testOperatorDeclDesignatedTypes11#1 len=55 artifacts=15 advent-overaccept=10 advent-underaccept=2 compiler-timeout=2 reference-disagreement=592 same=9010 tree-difference=3
[9620/100000] advent-overaccept wide:trailing-closure:line-comment:attribute:testABIAttribute#15 len=40 artifacts=16 advent-overaccept=11 advent-underaccept=2 compiler-timeout=2 reference-disagreement=592 same=9010 tree-difference=3
[9643/100000] reference-disagreement tspl-divergence-protocol-body len=226 artifacts=16 advent-overaccept=11 advent-underaccept=2 compiler-timeout=2 reference-disagreement=593 same=9032 tree-difference=3
[9649/100000] reference-disagreement expr-let len=24 artifacts=16 advent-overaccept=11 advent-underaccept=2 compiler-timeout=2 reference-disagreement=594 same=9037 tree-difference=3
[9660/100000] reference-disagreement wide:trailing-closure:splice+newline:real:SyntaxCollections:705 len=493 artifacts=16 advent-overaccept=11 advent-underaccept=2 compiler-timeout=2 reference-disagreement=595 same=9047 tree-difference=3
[9666/100000] reference-disagreement wide:func-body:raw:real:ConvenienceInitializers:219+statement:testIf#3 len=225 artifacts=16 advent-overaccept=11 advent-underaccept=2 compiler-timeout=2 reference-disagreement=596 same=9052 tree-difference=3
[9675/100000] reference-disagreement wide:trailing-closure:raw:real:ResultBuilders:515 len=573 artifacts=16 advent-overaccept=11 advent-underaccept=2 compiler-timeout=2 reference-disagreement=597 same=9060 tree-difference=3
[9677/100000] reference-disagreement wide:closure:raw:phase4-precedence:pg-empty+real:IntegerLiteralUtilities:19 len=847 artifacts=16 advent-overaccept=11 advent-underaccept=2 compiler-timeout=2 reference-disagreement=598 same=9061 tree-difference=3
[9696/100000] reference-disagreement keypath-component-matrix len=38 artifacts=16 advent-overaccept=11 advent-underaccept=2 compiler-timeout=2 reference-disagreement=599 same=9079 tree-difference=3
[9697/100000] reference-disagreement keypath-component-matrix len=41 artifacts=16 advent-overaccept=11 advent-underaccept=2 compiler-timeout=2 reference-disagreement=600 same=9079 tree-difference=3
[9716/100000] reference-disagreement wide:closure:raw:real:LayoutNodes+Parsable:47 len=211 artifacts=16 advent-overaccept=11 advent-underaccept=2 compiler-timeout=2 reference-disagreement=601 same=9097 tree-difference=3
[9744/100000] reference-disagreement tspl-divergence-accessor-commitment len=78 artifacts=16 advent-overaccept=11 advent-underaccept=2 compiler-timeout=2 reference-disagreement=602 same=9124 tree-difference=3
[9748/100000] reference-disagreement wide:closure:raw:translated:testOperatorDecl19#1 len=56 artifacts=16 advent-overaccept=11 advent-underaccept=2 compiler-timeout=2 reference-disagreement=603 same=9127 tree-difference=3
[9750/100000] same wide:trailing-closure:newline+newline+splice:real:Indenter:19 len=325 artifacts=16 advent-overaccept=11 advent-underaccept=2 compiler-timeout=2 reference-disagreement=603 same=9129 tree-difference=3
[9757/100000] advent-overaccept wide:ifconfig:newline+glue+splice:translated:testOperatorDecl19#1 len=48 artifacts=17 advent-overaccept=12 advent-underaccept=2 compiler-timeout=2 reference-disagreement=603 same=9135 tree-difference=3
[9790/100000] reference-disagreement wide:before-statement:newline:attribute:testABIAttribute#19 len=56 artifacts=17 advent-overaccept=12 advent-underaccept=2 compiler-timeout=2 reference-disagreement=604 same=9167 tree-difference=3
[9803/100000] reference-disagreement wide:extension-member:line-comment:real:SyntaxTraits:856 len=88 artifacts=17 advent-overaccept=12 advent-underaccept=2 compiler-timeout=2 reference-disagreement=605 same=9179 tree-difference=3
[9821/100000] reference-disagreement wide:trailing-closure:raw:translated:testInvalidStringInterpolationProtocol7#1+real:SyntaxExpressibleByStringInterpolationConformances:172 len=808 artifacts=17 advent-overaccept=12 advent-underaccept=2 compiler-timeout=2 reference-disagreement=606 same=9196 tree-difference=3
[9831/100000] reference-disagreement attribute-ifconfig-elseif-list len=121 artifacts=17 advent-overaccept=12 advent-underaccept=2 compiler-timeout=2 reference-disagreement=607 same=9205 tree-difference=3
[9849/100000] reference-disagreement wide:trailing-closure:raw:real:BasicMacroExpansionContext:109 len=275 artifacts=17 advent-overaccept=12 advent-underaccept=2 compiler-timeout=2 reference-disagreement=608 same=9222 tree-difference=3
[9866/100000] reference-disagreement func-body len=458 artifacts=17 advent-overaccept=12 advent-underaccept=2 compiler-timeout=2 reference-disagreement=609 same=9238 tree-difference=3
[9867/100000] reference-disagreement cast-try-operator-cluster len=24 artifacts=17 advent-overaccept=12 advent-underaccept=2 compiler-timeout=2 reference-disagreement=610 same=9238 tree-difference=3
[9896/100000] reference-disagreement wide:struct-member:raw:real:DeclSyntaxParseable:55 len=65 artifacts=17 advent-overaccept=12 advent-underaccept=2 compiler-timeout=2 reference-disagreement=611 same=9266 tree-difference=3
[9909/100000] reference-disagreement cast-try-operator-cluster len=24 artifacts=17 advent-overaccept=12 advent-underaccept=2 compiler-timeout=2 reference-disagreement=612 same=9278 tree-difference=3
[9926/100000] reference-disagreement wide:trailing-closure:raw:declaration:testReferenceToOpenThatLooksLikeDeclarationModifier#1 len=45 artifacts=17 advent-overaccept=12 advent-underaccept=2 compiler-timeout=2 reference-disagreement=613 same=9294 tree-difference=3
[9928/100000] reference-disagreement wide:trailing-closure:newline:real:AssertEqualWithDiff:15 len=379 artifacts=17 advent-overaccept=12 advent-underaccept=2 compiler-timeout=2 reference-disagreement=614 same=9295 tree-difference=3
[9937/100000] reference-disagreement wide:top:newline:expression:testKeyPathMethodAndInitializers#19 len=44 artifacts=17 advent-overaccept=12 advent-underaccept=2 compiler-timeout=2 reference-disagreement=615 same=9303 tree-difference=3
[9940/100000] reference-disagreement wide:after-statement:raw:statement:testIfHasSymbol#2+attribute:testBackDeployed#6 len=170 artifacts=17 advent-overaccept=12 advent-underaccept=2 compiler-timeout=2 reference-disagreement=616 same=9305 tree-difference=3
[9942/100000] advent-overaccept wide:before-statement:raw:declaration:testUsing#3 len=29 artifacts=18 advent-overaccept=13 advent-underaccept=2 compiler-timeout=2 reference-disagreement=616 same=9306 tree-difference=3
[9961/100000] reference-disagreement tspl-divergence-protocol-body len=188 artifacts=18 advent-overaccept=13 advent-underaccept=2 compiler-timeout=2 reference-disagreement=617 same=9324 tree-difference=3
[9962/100000] reference-disagreement wide:ifconfig:raw:attribute:testAttributeMainActorClosure#1 len=38 artifacts=18 advent-overaccept=13 advent-underaccept=2 compiler-timeout=2 reference-disagreement=618 same=9324 tree-difference=3
[9972/100000] reference-disagreement attribute-ifconfig-elseif-list len=133 artifacts=18 advent-overaccept=13 advent-underaccept=2 compiler-timeout=2 reference-disagreement=619 same=9333 tree-difference=3
[9978/100000] reference-disagreement func-body len=458 artifacts=18 advent-overaccept=13 advent-underaccept=2 compiler-timeout=2 reference-disagreement=620 same=9338 tree-difference=3
[10000/100000] same wide:trailing-closure:duplicate:real:LexerDiagnosticMessages:119+reject:testTypealias8#1 len=275 artifacts=18 advent-overaccept=13 advent-underaccept=2 compiler-timeout=2 reference-disagreement=620 same=9360 tree-difference=3
[10003/100000] reference-disagreement member-list-wide-boundary len=287 artifacts=18 advent-overaccept=13 advent-underaccept=2 compiler-timeout=2 reference-disagreement=621 same=9362 tree-difference=3
[10012/100000] reference-disagreement wide:trailing-closure:keyword:real:ParserDiagnosticMessages:298 len=322 artifacts=18 advent-overaccept=13 advent-underaccept=2 compiler-timeout=2 reference-disagreement=622 same=9370 tree-difference=3
[10037/100000] reference-disagreement member-list-wide-boundary len=297 artifacts=18 advent-overaccept=13 advent-underaccept=2 compiler-timeout=2 reference-disagreement=623 same=9394 tree-difference=3
[10041/100000] reference-disagreement wide:after-statement:raw:real:CompilerPluginMessageHandler:282+translated:testModuleSelectorAttrs#2 len=237 artifacts=18 advent-overaccept=13 advent-underaccept=2 compiler-timeout=2 reference-disagreement=624 same=9397 tree-difference=3
[10080/100000] reference-disagreement statement-list len=602 artifacts=18 advent-overaccept=13 advent-underaccept=2 compiler-timeout=2 reference-disagreement=625 same=9435 tree-difference=3
[10082/100000] advent-overaccept wide:top:delete+splice+glue:translated:testForeachAsync1#1 len=4 artifacts=19 advent-overaccept=14 advent-underaccept=2 compiler-timeout=2 reference-disagreement=625 same=9436 tree-difference=3
[10094/100000] reference-disagreement wide:extension-member:keyword:real:ConvenienceInitializers:397 len=795 artifacts=19 advent-overaccept=14 advent-underaccept=2 compiler-timeout=2 reference-disagreement=626 same=9447 tree-difference=3
[10102/100000] reference-disagreement tspl-divergence-protocol-body len=183 artifacts=19 advent-overaccept=14 advent-underaccept=2 compiler-timeout=2 reference-disagreement=627 same=9454 tree-difference=3
[10139/100000] reference-disagreement wide:trailing-closure:raw:real:DeclSyntaxParseable:60 len=59 artifacts=19 advent-overaccept=14 advent-underaccept=2 compiler-timeout=2 reference-disagreement=628 same=9490 tree-difference=3
[10154/100000] reference-disagreement wide:trailing-closure:raw:real:RawSyntax:175 len=336 artifacts=19 advent-overaccept=14 advent-underaccept=2 compiler-timeout=2 reference-disagreement=629 same=9504 tree-difference=3
[10158/100000] reference-disagreement wide:closure:raw:real:DeclSyntaxParseable:57 len=80 artifacts=19 advent-overaccept=14 advent-underaccept=2 compiler-timeout=2 reference-disagreement=630 same=9507 tree-difference=3
[10167/100000] reference-disagreement wide:trailing-closure:raw:real:LocationMarkers:44 len=329 artifacts=19 advent-overaccept=14 advent-underaccept=2 compiler-timeout=2 reference-disagreement=631 same=9515 tree-difference=3
[10176/100000] reference-disagreement wide:trailing-closure:raw:real:SyntaxExpressibleByStringInterpolationConformances:97+real:MacroExpansionDiagnosticMessages:81 len=345 artifacts=19 advent-overaccept=14 advent-underaccept=2 compiler-timeout=2 reference-disagreement=632 same=9523 tree-difference=3
[10197/100000] reference-disagreement statement-list len=559 artifacts=19 advent-overaccept=14 advent-underaccept=2 compiler-timeout=2 reference-disagreement=633 same=9543 tree-difference=3
[10250/100000] same wide:trailing-closure:glue+keyword+splice:reject:testObjectLiterals1c#1+declaration:testVariableDeclarations#8 len=135 artifacts=19 advent-overaccept=14 advent-underaccept=2 compiler-timeout=2 reference-disagreement=633 same=9596 tree-difference=3
[10252/100000] reference-disagreement keypath-boundary len=38 artifacts=19 advent-overaccept=14 advent-underaccept=2 compiler-timeout=2 reference-disagreement=634 same=9597 tree-difference=3
[10270/100000] reference-disagreement tspl-divergence-protocol-body len=138 artifacts=19 advent-overaccept=14 advent-underaccept=2 compiler-timeout=2 reference-disagreement=635 same=9614 tree-difference=3
[10272/100000] reference-disagreement statement-list len=564 artifacts=19 advent-overaccept=14 advent-underaccept=2 compiler-timeout=2 reference-disagreement=636 same=9615 tree-difference=3
[10277/100000] reference-disagreement tspl-divergence-protocol-body len=240 artifacts=19 advent-overaccept=14 advent-underaccept=2 compiler-timeout=2 reference-disagreement=637 same=9619 tree-difference=3
[10348/100000] reference-disagreement wide:trailing-closure:raw:phase4-precedence:pg-higher len=61 artifacts=19 advent-overaccept=14 advent-underaccept=2 compiler-timeout=2 reference-disagreement=638 same=9689 tree-difference=3
[10359/100000] reference-disagreement wide:extension-member:raw:real:Message:29+real:ResultBuilders:732 len=311 artifacts=19 advent-overaccept=14 advent-underaccept=2 compiler-timeout=2 reference-disagreement=639 same=9699 tree-difference=3
[10371/100000] reference-disagreement wide:func-body:line-comment:real:SyntaxLiteralUtils:28 len=321 artifacts=19 advent-overaccept=14 advent-underaccept=2 compiler-timeout=2 reference-disagreement=640 same=9710 tree-difference=3
[10403/100000] reference-disagreement wide:trailing-closure:line-comment:real:SyntaxTraits:453 len=120 artifacts=19 advent-overaccept=14 advent-underaccept=2 compiler-timeout=2 reference-disagreement=641 same=9741 tree-difference=3
[10424/100000] reference-disagreement tspl-divergence-protocol-body len=127 artifacts=19 advent-overaccept=14 advent-underaccept=2 compiler-timeout=2 reference-disagreement=642 same=9761 tree-difference=3
[10471/100000] reference-disagreement attribute-ifconfig-elseif-list len=136 artifacts=19 advent-overaccept=14 advent-underaccept=2 compiler-timeout=2 reference-disagreement=643 same=9807 tree-difference=3
[10488/100000] reference-disagreement wide:extension-member:raw:real:BasicMacroExpansionContext:109 len=285 artifacts=19 advent-overaccept=14 advent-underaccept=2 compiler-timeout=2 reference-disagreement=644 same=9823 tree-difference=3
[10500/100000] same wide:struct-member:raw:translated:testForeach1#1 len=226 artifacts=19 advent-overaccept=14 advent-underaccept=2 compiler-timeout=2 reference-disagreement=644 same=9835 tree-difference=3
[10514/100000] reference-disagreement tspl-divergence-protocol-body len=112 artifacts=19 advent-overaccept=14 advent-underaccept=2 compiler-timeout=2 reference-disagreement=645 same=9848 tree-difference=3
[10531/100000] advent-underaccept wide:ifconfig:line-comment+newline:translated:testSwitch53#1 len=74 artifacts=20 advent-overaccept=14 advent-underaccept=3 compiler-timeout=2 reference-disagreement=645 same=9864 tree-difference=3
[10562/100000] reference-disagreement grammarish-member-list len=204 artifacts=20 advent-overaccept=14 advent-underaccept=3 compiler-timeout=2 reference-disagreement=646 same=9894 tree-difference=3
[10575/100000] reference-disagreement wide:struct-member:keyword:real:RenamedChildrenBuilderCompatibility:977 len=1098 artifacts=20 advent-overaccept=14 advent-underaccept=3 compiler-timeout=2 reference-disagreement=647 same=9906 tree-difference=3
[10587/100000] reference-disagreement seed-corpus-structural-splice:operator-question-assignment len=157 artifacts=20 advent-overaccept=14 advent-underaccept=3 compiler-timeout=2 reference-disagreement=648 same=9917 tree-difference=3
[10615/100000] reference-disagreement grammarish-member-list len=232 artifacts=20 advent-overaccept=14 advent-underaccept=3 compiler-timeout=2 reference-disagreement=649 same=9944 tree-difference=3
[10637/100000] reference-disagreement wide:func-body:space+block-comment+space:real:Syntax+StringInterpolation:291 len=74 artifacts=20 advent-overaccept=14 advent-underaccept=3 compiler-timeout=2 reference-disagreement=650 same=9965 tree-difference=3
[10678/100000] reference-disagreement attribute-ifconfig-elseif-list len=129 artifacts=20 advent-overaccept=14 advent-underaccept=3 compiler-timeout=2 reference-disagreement=651 same=10005 tree-difference=3
[10688/100000] reference-disagreement wide:closure:raw:real:SyntaxTraits:774+real:CustomTraits:24 len=232 artifacts=20 advent-overaccept=14 advent-underaccept=3 compiler-timeout=2 reference-disagreement=652 same=10014 tree-difference=3
[10719/100000] reference-disagreement wide:struct-member:line-comment+glue+line-comment:real:SyntaxTraits:352 len=702 artifacts=20 advent-overaccept=14 advent-underaccept=3 compiler-timeout=2 reference-disagreement=653 same=10044 tree-difference=3
[10724/100000] reference-disagreement wide:after-statement:swap+line-comment:translated:testModuleSelectorCorrectCode#6+declaration:testParsePoundError#1 len=108 artifacts=20 advent-overaccept=14 advent-underaccept=3 compiler-timeout=2 reference-disagreement=654 same=10048 tree-difference=3
[10727/100000] reference-disagreement keypath-component-matrix len=44 artifacts=20 advent-overaccept=14 advent-underaccept=3 compiler-timeout=2 reference-disagreement=655 same=10050 tree-difference=3
[10728/100000] reference-disagreement wide:closure:newline:real:SyntaxExpressibleByStringInterpolationConformances:166 len=105 artifacts=20 advent-overaccept=14 advent-underaccept=3 compiler-timeout=2 reference-disagreement=656 same=10050 tree-difference=3
[10731/100000] reference-disagreement keypath-boundary len=37 artifacts=20 advent-overaccept=14 advent-underaccept=3 compiler-timeout=2 reference-disagreement=657 same=10052 tree-difference=3
[10736/100000] reference-disagreement wide:extension-member:line-comment+duplicate:translated:testMatchingPatterns23#1 len=136 artifacts=20 advent-overaccept=14 advent-underaccept=3 compiler-timeout=2 reference-disagreement=658 same=10056 tree-difference=3
[10750/100000] same regex-boundary len=77 artifacts=20 advent-overaccept=14 advent-underaccept=3 compiler-timeout=2 reference-disagreement=658 same=10070 tree-difference=3
[10760/100000] reference-disagreement wide:extension-member:raw:translated:testOperators30#1+real:SyntaxExpressibleByStringInterpolationConformances:103 len=230 artifacts=20 advent-overaccept=14 advent-underaccept=3 compiler-timeout=2 reference-disagreement=659 same=10079 tree-difference=3
[10766/100000] reference-disagreement statement-list len=514 artifacts=20 advent-overaccept=14 advent-underaccept=3 compiler-timeout=2 reference-disagreement=660 same=10084 tree-difference=3
[10775/100000] reference-disagreement attribute-ifconfig-elseif-list len=130 artifacts=20 advent-overaccept=14 advent-underaccept=3 compiler-timeout=2 reference-disagreement=661 same=10092 tree-difference=3
[10778/100000] reference-disagreement wide:func-body:block-comment:translated:testSwitch63#1 len=74 artifacts=20 advent-overaccept=14 advent-underaccept=3 compiler-timeout=2 reference-disagreement=662 same=10094 tree-difference=3
[10806/100000] reference-disagreement wide:trailing-closure:raw:real:StringExtensions:38 len=469 artifacts=20 advent-overaccept=14 advent-underaccept=3 compiler-timeout=2 reference-disagreement=663 same=10121 tree-difference=3
[10812/100000] reference-disagreement grammarish-member-list len=139 artifacts=20 advent-overaccept=14 advent-underaccept=3 compiler-timeout=2 reference-disagreement=664 same=10126 tree-difference=3
[10871/100000] reference-disagreement member-list-wide-boundary len=74 artifacts=20 advent-overaccept=14 advent-underaccept=3 compiler-timeout=2 reference-disagreement=665 same=10184 tree-difference=3
[10878/100000] reference-disagreement tspl-divergence-accessor-commitment len=49 artifacts=20 advent-overaccept=14 advent-underaccept=3 compiler-timeout=2 reference-disagreement=666 same=10190 tree-difference=3
[10904/100000] reference-disagreement wide:func-body:space:attribute:testDerivativeAttribute#3 len=347 artifacts=20 advent-overaccept=14 advent-underaccept=3 compiler-timeout=2 reference-disagreement=667 same=10215 tree-difference=3
[10906/100000] reference-disagreement tspl-divergence-protocol-body len=111 artifacts=20 advent-overaccept=14 advent-underaccept=3 compiler-timeout=2 reference-disagreement=668 same=10216 tree-difference=3
[10927/100000] reference-disagreement wide:closure:glue+glue:real:PresenceUtils:41+declaration:testParseSpecializeAttribute#1 len=2121 artifacts=20 advent-overaccept=14 advent-underaccept=3 compiler-timeout=2 reference-disagreement=669 same=10236 tree-difference=3
[10931/100000] reference-disagreement wide:closure:glue+swap:real:ConvenienceInitializers:111 len=518 artifacts=20 advent-overaccept=14 advent-underaccept=3 compiler-timeout=2 reference-disagreement=670 same=10239 tree-difference=3
[10938/100000] reference-disagreement wide:trailing-closure:newline+splice:real:MacroExpansionContext:173 len=616 artifacts=20 advent-overaccept=14 advent-underaccept=3 compiler-timeout=2 reference-disagreement=671 same=10245 tree-difference=3
[10941/100000] reference-disagreement tspl-divergence-protocol-body len=127 artifacts=20 advent-overaccept=14 advent-underaccept=3 compiler-timeout=2 reference-disagreement=672 same=10247 tree-difference=3
[10944/100000] reference-disagreement wide:func-body:space+newline:real:Expressions:2344 len=888 artifacts=20 advent-overaccept=14 advent-underaccept=3 compiler-timeout=2 reference-disagreement=673 same=10249 tree-difference=3
[10966/100000] reference-disagreement nested-ifconfig-boundary len=146 artifacts=20 advent-overaccept=14 advent-underaccept=3 compiler-timeout=2 reference-disagreement=674 same=10270 tree-difference=3
[10978/100000] reference-disagreement attribute-ifconfig-elseif-list len=123 artifacts=20 advent-overaccept=14 advent-underaccept=3 compiler-timeout=2 reference-disagreement=675 same=10281 tree-difference=3
[11000/100000] same wide:before-statement:swap+splice:real:SyntaxProtocol:147 len=745 artifacts=20 advent-overaccept=14 advent-underaccept=3 compiler-timeout=2 reference-disagreement=675 same=10303 tree-difference=3
[11009/100000] reference-disagreement wide:ifconfig:delete+duplicate+newline:declaration:testVariableFollowedByReferenceToSet#1 len=55 artifacts=20 advent-overaccept=14 advent-underaccept=3 compiler-timeout=2 reference-disagreement=676 same=10311 tree-difference=3
[11028/100000] reference-disagreement tspl-divergence-accessor-commitment len=78 artifacts=20 advent-overaccept=14 advent-underaccept=3 compiler-timeout=2 reference-disagreement=677 same=10329 tree-difference=3
[11053/100000] reference-disagreement declaration-modifier-stack len=34 artifacts=20 advent-overaccept=14 advent-underaccept=3 compiler-timeout=2 reference-disagreement=678 same=10353 tree-difference=3
[11056/100000] reference-disagreement tspl-divergence-accessor-commitment len=49 artifacts=20 advent-overaccept=14 advent-underaccept=3 compiler-timeout=2 reference-disagreement=679 same=10355 tree-difference=3
[11065/100000] reference-disagreement wide:extension-member:duplicate:translated:testOperatorDeclDesignatedTypes13#1+real:ScannerTelemetry:8 len=855 artifacts=20 advent-overaccept=14 advent-underaccept=3 compiler-timeout=2 reference-disagreement=680 same=10363 tree-difference=3
[11066/100000] reference-disagreement keypath-component-matrix len=41 artifacts=20 advent-overaccept=14 advent-underaccept=3 compiler-timeout=2 reference-disagreement=681 same=10363 tree-difference=3
[11081/100000] reference-disagreement member-list-wide-boundary len=128 artifacts=20 advent-overaccept=14 advent-underaccept=3 compiler-timeout=2 reference-disagreement=682 same=10377 tree-difference=3
[11083/100000] reference-disagreement member-list-wide-boundary len=327 artifacts=20 advent-overaccept=14 advent-underaccept=3 compiler-timeout=2 reference-disagreement=683 same=10378 tree-difference=3
[11086/100000] reference-disagreement wide:trailing-closure:space:phase4-precedence:pg-assoc-none len=51 artifacts=20 advent-overaccept=14 advent-underaccept=3 compiler-timeout=2 reference-disagreement=684 same=10380 tree-difference=3
[11129/100000] reference-disagreement wide:closure:block-comment:real:Syntax:353 len=248 artifacts=20 advent-overaccept=14 advent-underaccept=3 compiler-timeout=2 reference-disagreement=685 same=10422 tree-difference=3
[11148/100000] reference-disagreement wide:struct-member:keyword+line-comment+newline:phase2-literal:dict-empty+real:SyntaxTraits:798 len=115 artifacts=20 advent-overaccept=14 advent-underaccept=3 compiler-timeout=2 reference-disagreement=686 same=10440 tree-difference=3
[11206/100000] reference-disagreement wide:closure:glue+glue:real:SyntaxExpressibleByStringInterpolationConformances:106 len=94 artifacts=20 advent-overaccept=14 advent-underaccept=3 compiler-timeout=2 reference-disagreement=687 same=10497 tree-difference=3
[11217/100000] reference-disagreement tspl-divergence-protocol-body len=141 artifacts=20 advent-overaccept=14 advent-underaccept=3 compiler-timeout=2 reference-disagreement=688 same=10507 tree-difference=3
[11240/100000] reference-disagreement wide:trailing-closure:line-comment:real:LayoutNodes+Parsable:223 len=178 artifacts=20 advent-overaccept=14 advent-underaccept=3 compiler-timeout=2 reference-disagreement=689 same=10529 tree-difference=3
[11250/100000] same frontier:statement-member-context len=73 artifacts=20 advent-overaccept=14 advent-underaccept=3 compiler-timeout=2 reference-disagreement=689 same=10539 tree-difference=3
[11256/100000] reference-disagreement wide:struct-member:newline:real:RawSyntax:444 len=1046 artifacts=20 advent-overaccept=14 advent-underaccept=3 compiler-timeout=2 reference-disagreement=690 same=10544 tree-difference=3
[11259/100000] reference-disagreement wide:closure:raw:real:MacroExpansion:549 len=555 artifacts=20 advent-overaccept=14 advent-underaccept=3 compiler-timeout=2 reference-disagreement=691 same=10546 tree-difference=3
[11262/100000] reference-disagreement wide:ifconfig:glue:translated:testSwitch66#1 len=56 artifacts=20 advent-overaccept=14 advent-underaccept=3 compiler-timeout=2 reference-disagreement=692 same=10548 tree-difference=3
[11303/100000] reference-disagreement wide:trailing-closure:raw:real:ConvenienceInitializers:93 len=523 artifacts=20 advent-overaccept=14 advent-underaccept=3 compiler-timeout=2 reference-disagreement=693 same=10588 tree-difference=3
[11343/100000] reference-disagreement statement-list len=577 artifacts=20 advent-overaccept=14 advent-underaccept=3 compiler-timeout=2 reference-disagreement=694 same=10627 tree-difference=3
[11345/100000] reference-disagreement wide:ifconfig:line-comment+keyword:translated:testPrefixSlash4#1+attribute:testMacroRoleNames#5 len=118 artifacts=20 advent-overaccept=14 advent-underaccept=3 compiler-timeout=2 reference-disagreement=695 same=10628 tree-difference=3
[11374/100000] reference-disagreement wide:struct-member:raw:real:SyntaxClassifier:32 len=541 artifacts=20 advent-overaccept=14 advent-underaccept=3 compiler-timeout=2 reference-disagreement=696 same=10656 tree-difference=3
[11397/100000] reference-disagreement grammarish-member-list len=210 artifacts=20 advent-overaccept=14 advent-underaccept=3 compiler-timeout=2 reference-disagreement=697 same=10678 tree-difference=3
[11401/100000] reference-disagreement keypath-component-matrix len=49 artifacts=20 advent-overaccept=14 advent-underaccept=3 compiler-timeout=2 reference-disagreement=698 same=10681 tree-difference=3
[11405/100000] advent-overaccept wide:func-body:line-comment+space:declaration:testInitializerWithReturnType#1 len=106 artifacts=21 advent-overaccept=15 advent-underaccept=3 compiler-timeout=2 reference-disagreement=698 same=10684 tree-difference=3
[11406/100000] reference-disagreement wide:func-body:keyword:attribute:testTransposeAttribute#3 len=122 artifacts=21 advent-overaccept=15 advent-underaccept=3 compiler-timeout=2 reference-disagreement=699 same=10684 tree-difference=3
[11411/100000] reference-disagreement tspl-divergence-protocol-body len=153 artifacts=21 advent-overaccept=15 advent-underaccept=3 compiler-timeout=2 reference-disagreement=700 same=10688 tree-difference=3
[11433/100000] advent-overaccept wide:ifconfig:glue+line-comment+newline:reject:testMacroDecl#2 len=33 artifacts=22 advent-overaccept=16 advent-underaccept=3 compiler-timeout=2 reference-disagreement=700 same=10709 tree-difference=3
[11434/100000] advent-underaccept wide:closure:delete:translated:testForwardSlashRegex93#1 len=38 artifacts=23 advent-overaccept=16 advent-underaccept=4 compiler-timeout=2 reference-disagreement=700 same=10709 tree-difference=3
[11475/100000] reference-disagreement wide:after-statement:raw:translated:testOriginalDefinedInAttr7#1+translated:testForwardSlashRegex93#1 len=138 artifacts=23 advent-overaccept=16 advent-underaccept=4 compiler-timeout=2 reference-disagreement=701 same=10749 tree-difference=3
[11499/100000] reference-disagreement wide:extension-member:block-comment:declaration:testParsePreconcurrency#2 len=67 artifacts=23 advent-overaccept=16 advent-underaccept=4 compiler-timeout=2 reference-disagreement=702 same=10772 tree-difference=3
[11500/100000] same cast-boundary len=32 artifacts=23 advent-overaccept=16 advent-underaccept=4 compiler-timeout=2 reference-disagreement=702 same=10773 tree-difference=3
[11504/100000] reference-disagreement member-list-wide-boundary len=442 artifacts=23 advent-overaccept=16 advent-underaccept=4 compiler-timeout=2 reference-disagreement=703 same=10776 tree-difference=3
[11509/100000] reference-disagreement tspl-divergence-protocol-body len=148 artifacts=23 advent-overaccept=16 advent-underaccept=4 compiler-timeout=2 reference-disagreement=704 same=10780 tree-difference=3
[11544/100000] reference-disagreement attribute-ifconfig-elseif-list len=116 artifacts=23 advent-overaccept=16 advent-underaccept=4 compiler-timeout=2 reference-disagreement=705 same=10814 tree-difference=3
[11565/100000] reference-disagreement wide:trailing-closure:raw:real:SyntaxTraits:726 len=58 artifacts=23 advent-overaccept=16 advent-underaccept=4 compiler-timeout=2 reference-disagreement=706 same=10834 tree-difference=3
[11581/100000] reference-disagreement tspl-divergence-protocol-body len=174 artifacts=23 advent-overaccept=16 advent-underaccept=4 compiler-timeout=2 reference-disagreement=707 same=10849 tree-difference=3
[11589/100000] reference-disagreement wide:trailing-closure:raw:translated:testForwardSlashRegexSkipping32#1+translated:testSwitch13#1 len=66 artifacts=23 advent-overaccept=16 advent-underaccept=4 compiler-timeout=2 reference-disagreement=708 same=10856 tree-difference=3
[11590/100000] reference-disagreement wide:after-statement:raw:translated:testInitDeinit5a#1+real:Oracle:67 len=229 artifacts=23 advent-overaccept=16 advent-underaccept=4 compiler-timeout=2 reference-disagreement=709 same=10856 tree-difference=3
[11603/100000] reference-disagreement wide:extension-member:block-comment:real:Parameters:55 len=93 artifacts=23 advent-overaccept=16 advent-underaccept=4 compiler-timeout=2 reference-disagreement=710 same=10868 tree-difference=3
[11618/100000] reference-disagreement wide:func-body:block-comment:real:SourceLocation:688 len=356 artifacts=23 advent-overaccept=16 advent-underaccept=4 compiler-timeout=2 reference-disagreement=711 same=10882 tree-difference=3
[11659/100000] reference-disagreement wide:trailing-closure:line-comment:real:RawSyntaxNodesTUVWXYZ:17 len=82 artifacts=23 advent-overaccept=16 advent-underaccept=4 compiler-timeout=2 reference-disagreement=712 same=10922 tree-difference=3
[11679/100000] reference-disagreement wide:func-body:newline:real:ConfiguredRegions:102 len=327 artifacts=23 advent-overaccept=16 advent-underaccept=4 compiler-timeout=2 reference-disagreement=713 same=10941 tree-difference=3
[11688/100000] reference-disagreement wide:func-body:splice:expression:testClosureLiterals#3+translated:testIfconfigExpr1#1 len=167 artifacts=23 advent-overaccept=16 advent-underaccept=4 compiler-timeout=2 reference-disagreement=714 same=10949 tree-difference=3
[11723/100000] reference-disagreement wide:func-body:newline+newline:real:ResultBuilders:667 len=210 artifacts=23 advent-overaccept=16 advent-underaccept=4 compiler-timeout=2 reference-disagreement=715 same=10983 tree-difference=3
[11733/100000] reference-disagreement wide:extension-member:keyword:real:CollectionNodes+Parsable:102 len=536 artifacts=23 advent-overaccept=16 advent-underaccept=4 compiler-timeout=2 reference-disagreement=716 same=10992 tree-difference=3
[11750/100000] same wide:closure:splice+splice:real:Assertions:492 len=36 artifacts=23 advent-overaccept=16 advent-underaccept=4 compiler-timeout=2 reference-disagreement=716 same=11009 tree-difference=3
[11783/100000] reference-disagreement wide:trailing-closure:newline:translated:testDeinitInSwiftinterfaceIsFollowedByFinalFunc#1 len=51 artifacts=23 advent-overaccept=16 advent-underaccept=4 compiler-timeout=2 reference-disagreement=717 same=11041 tree-difference=3
[11795/100000] reference-disagreement wide:trailing-closure:newline:real:CallLikeSyntax:31 len=204 artifacts=23 advent-overaccept=16 advent-underaccept=4 compiler-timeout=2 reference-disagreement=718 same=11052 tree-difference=3
[11804/100000] reference-disagreement attribute-ifconfig-elseif-list len=116 artifacts=23 advent-overaccept=16 advent-underaccept=4 compiler-timeout=2 reference-disagreement=719 same=11060 tree-difference=3
[11826/100000] reference-disagreement wide:func-body:raw:real:Attributes:930 len=977 artifacts=23 advent-overaccept=16 advent-underaccept=4 compiler-timeout=2 reference-disagreement=720 same=11081 tree-difference=3
[11849/100000] reference-disagreement wide:top:splice+space:expression:testKeyPathMethodAndInitializers#1 len=15 artifacts=23 advent-overaccept=16 advent-underaccept=4 compiler-timeout=2 reference-disagreement=721 same=11103 tree-difference=3
[11868/100000] reference-disagreement binding-pattern len=458 artifacts=23 advent-overaccept=16 advent-underaccept=4 compiler-timeout=2 reference-disagreement=722 same=11121 tree-difference=3
[11877/100000] reference-disagreement wide:extension-member:line-comment:real:CompilerPlugin:63 len=848 artifacts=23 advent-overaccept=16 advent-underaccept=4 compiler-timeout=2 reference-disagreement=723 same=11129 tree-difference=3
[11915/100000] reference-disagreement wide:trailing-closure:glue+newline:real:SyntaxClassifier:268+real:ResultBuilders:732 len=640 artifacts=23 advent-overaccept=16 advent-underaccept=4 compiler-timeout=2 reference-disagreement=724 same=11166 tree-difference=3
[11920/100000] reference-disagreement wide:closure:raw:real:IfConfigEvaluation:548 len=677 artifacts=23 advent-overaccept=16 advent-underaccept=4 compiler-timeout=2 reference-disagreement=725 same=11170 tree-difference=3
[11921/100000] reference-disagreement wide:extension-member:duplicate+line-comment:real:IntroducingToSequentialParentScopeSyntax:15 len=473 artifacts=23 advent-overaccept=16 advent-underaccept=4 compiler-timeout=2 reference-disagreement=726 same=11170 tree-difference=3
[11932/100000] reference-disagreement wide:trailing-closure:line-comment+delete+block-comment:real:CallLikeSyntax:27 len=82 artifacts=23 advent-overaccept=16 advent-underaccept=4 compiler-timeout=2 reference-disagreement=727 same=11180 tree-difference=3
[11934/100000] reference-disagreement wide:extension-member:raw:real:RegexLiteralLexer:348 len=563 artifacts=23 advent-overaccept=16 advent-underaccept=4 compiler-timeout=2 reference-disagreement=728 same=11181 tree-difference=3
[11945/100000] reference-disagreement wide:after-statement:newline+newline+keyword:attribute:testConventionAttributeInArrayType#1 len=78 artifacts=23 advent-overaccept=16 advent-underaccept=4 compiler-timeout=2 reference-disagreement=729 same=11191 tree-difference=3
[11957/100000] reference-disagreement wide:trailing-closure:raw:declaration:testVariableDeclarations#6+real:LayoutNodes+Parsable:223 len=207 artifacts=23 advent-overaccept=16 advent-underaccept=4 compiler-timeout=2 reference-disagreement=730 same=11202 tree-difference=3
[11977/100000] reference-disagreement tspl-divergence-protocol-body len=208 artifacts=23 advent-overaccept=16 advent-underaccept=4 compiler-timeout=2 reference-disagreement=731 same=11221 tree-difference=3
[11981/100000] reference-disagreement wide:func-body:line-comment:phase4-macro:macro-args len=43 artifacts=23 advent-overaccept=16 advent-underaccept=4 compiler-timeout=2 reference-disagreement=732 same=11224 tree-difference=3
[12000/100000] reference-disagreement attribute-boundary len=37 artifacts=23 advent-overaccept=16 advent-underaccept=4 compiler-timeout=2 reference-disagreement=733 same=11242 tree-difference=3
[12006/100000] reference-disagreement wide:extension-member:space+splice+newline:real:ResultBuilders:427 len=188 artifacts=23 advent-overaccept=16 advent-underaccept=4 compiler-timeout=2 reference-disagreement=734 same=11247 tree-difference=3
[12054/100000] reference-disagreement wide:after-statement:raw:real:SyntaxTraits:800+declaration:testDeinitializers#2 len=74 artifacts=23 advent-overaccept=16 advent-underaccept=4 compiler-timeout=2 reference-disagreement=735 same=11294 tree-difference=3
[12128/100000] reference-disagreement wide:extension-member:raw:real:ActiveSyntaxRewriter:423 len=316 artifacts=23 advent-overaccept=16 advent-underaccept=4 compiler-timeout=2 reference-disagreement=736 same=11367 tree-difference=3
[12136/100000] reference-disagreement wide:ifconfig:newline:attribute:testABIAttribute#12 len=41 artifacts=23 advent-overaccept=16 advent-underaccept=4 compiler-timeout=2 reference-disagreement=737 same=11374 tree-difference=3
[12145/100000] reference-disagreement wide:trailing-closure:glue:real:Attributes:821 len=497 artifacts=23 advent-overaccept=16 advent-underaccept=4 compiler-timeout=2 reference-disagreement=738 same=11382 tree-difference=3
[12156/100000] reference-disagreement wide:func-body:glue+block-comment+block-comment:real:Syntax+StringInterpolation:285 len=80 artifacts=23 advent-overaccept=16 advent-underaccept=4 compiler-timeout=2 reference-disagreement=739 same=11392 tree-difference=3
[12157/100000] reference-disagreement attribute-boundary len=39 artifacts=23 advent-overaccept=16 advent-underaccept=4 compiler-timeout=2 reference-disagreement=740 same=11392 tree-difference=3
[12163/100000] reference-disagreement wide:ifconfig:raw:translated:testEnum54#1+translated:testIfconfigExpr16#1 len=130 artifacts=23 advent-overaccept=16 advent-underaccept=4 compiler-timeout=2 reference-disagreement=741 same=11397 tree-difference=3
[12183/100000] reference-disagreement attribute-ifconfig-elseif-list len=111 artifacts=23 advent-overaccept=16 advent-underaccept=4 compiler-timeout=2 reference-disagreement=742 same=11416 tree-difference=3
[12209/100000] reference-disagreement tspl-divergence-protocol-body len=108 artifacts=23 advent-overaccept=16 advent-underaccept=4 compiler-timeout=2 reference-disagreement=743 same=11441 tree-difference=3
[12222/100000] reference-disagreement keypath-component-matrix len=38 artifacts=23 advent-overaccept=16 advent-underaccept=4 compiler-timeout=2 reference-disagreement=744 same=11453 tree-difference=3
[12225/100000] reference-disagreement wide:extension-member:newline:real:Syntax+StringInterpolation:524 len=79 artifacts=23 advent-overaccept=16 advent-underaccept=4 compiler-timeout=2 reference-disagreement=745 same=11455 tree-difference=3
[12240/100000] reference-disagreement tspl-divergence-protocol-body len=262 artifacts=23 advent-overaccept=16 advent-underaccept=4 compiler-timeout=2 reference-disagreement=746 same=11469 tree-difference=3
[12250/100000] same wide:ifconfig:block-comment+newline+splice:translated:testFunctionTypeExpr#15 len=43 artifacts=23 advent-overaccept=16 advent-underaccept=4 compiler-timeout=2 reference-disagreement=746 same=11479 tree-difference=3
[12274/100000] reference-disagreement wide:extension-member:line-comment:real:TriviaPieces:251 len=60 artifacts=23 advent-overaccept=16 advent-underaccept=4 compiler-timeout=2 reference-disagreement=747 same=11502 tree-difference=3
[12295/100000] reference-disagreement wide:trailing-closure:glue+space+newline:translated:testEnum45#1+real:MacroExpansion:27 len=435 artifacts=23 advent-overaccept=16 advent-underaccept=4 compiler-timeout=2 reference-disagreement=748 same=11522 tree-difference=3
[12302/100000] reference-disagreement wide:func-body:glue:real:OperatorError+Diagnostics:56+type:testClosureParsing#3 len=812 artifacts=23 advent-overaccept=16 advent-underaccept=4 compiler-timeout=2 reference-disagreement=749 same=11528 tree-difference=3
[12372/100000] advent-overaccept wide:closure:raw:declaration:testBorrowingConsumingParameterSpecifiers#10+type:testLifetimeSpecifier#4 len=93 artifacts=23 advent-overaccept=17 advent-underaccept=4 compiler-timeout=2 reference-disagreement=749 same=11597 tree-difference=3
[12375/100000] reference-disagreement member-list-wide-boundary len=194 artifacts=23 advent-overaccept=17 advent-underaccept=4 compiler-timeout=2 reference-disagreement=750 same=11599 tree-difference=3
[12385/100000] reference-disagreement wide:closure:raw:real:ResultBuilders:323+translated:testIfconfigExpr11#1 len=449 artifacts=23 advent-overaccept=17 advent-underaccept=4 compiler-timeout=2 reference-disagreement=751 same=11608 tree-difference=3
[12422/100000] reference-disagreement wide:trailing-closure:block-comment:real:ResultBuilders:557 len=216 artifacts=23 advent-overaccept=17 advent-underaccept=4 compiler-timeout=2 reference-disagreement=752 same=11644 tree-difference=3
[12449/100000] reference-disagreement wide:top:raw:translated:testSwitch56#1+attribute:testSilgenName#1 len=159 artifacts=23 advent-overaccept=17 advent-underaccept=4 compiler-timeout=2 reference-disagreement=753 same=11670 tree-difference=3
[12452/100000] reference-disagreement wide:struct-member:raw:real:ActiveSyntaxRewriter:446 len=937 artifacts=23 advent-overaccept=17 advent-underaccept=4 compiler-timeout=2 reference-disagreement=754 same=11672 tree-difference=3
[12458/100000] reference-disagreement attribute-boundary len=52 artifacts=23 advent-overaccept=17 advent-underaccept=4 compiler-timeout=2 reference-disagreement=755 same=11677 tree-difference=3
[12482/100000] reference-disagreement grammarish-member-list len=448 artifacts=23 advent-overaccept=17 advent-underaccept=4 compiler-timeout=2 reference-disagreement=756 same=11700 tree-difference=3
[12485/100000] reference-disagreement cast-try-operator-cluster len=24 artifacts=23 advent-overaccept=17 advent-underaccept=4 compiler-timeout=2 reference-disagreement=757 same=11702 tree-difference=3
[12498/100000] reference-disagreement attribute-ifconfig-elseif-list len=115 artifacts=23 advent-overaccept=17 advent-underaccept=4 compiler-timeout=2 reference-disagreement=758 same=11714 tree-difference=3
[12500/100000] same wide:func-body:swap+glue:real:SyntaxTraits:798 len=108 artifacts=23 advent-overaccept=17 advent-underaccept=4 compiler-timeout=2 reference-disagreement=758 same=11716 tree-difference=3
[12513/100000] reference-disagreement wide:closure:keyword+line-comment:real:SyntaxTraits:822 len=74 artifacts=23 advent-overaccept=17 advent-underaccept=4 compiler-timeout=2 reference-disagreement=759 same=11728 tree-difference=3
[12515/100000] reference-disagreement wide:extension-member:block-comment+glue+keyword:real:ConvenienceInitializers:86 len=76 artifacts=23 advent-overaccept=17 advent-underaccept=4 compiler-timeout=2 reference-disagreement=760 same=11729 tree-difference=3
[12540/100000] reference-disagreement wide:ifconfig:newline+duplicate:real:LocationMarkers:14 len=263 artifacts=23 advent-overaccept=17 advent-underaccept=4 compiler-timeout=2 reference-disagreement=761 same=11753 tree-difference=3
[12573/100000] reference-disagreement wide:extension-member:raw:real:BasicDiagnosticDecorator:13 len=179 artifacts=23 advent-overaccept=17 advent-underaccept=4 compiler-timeout=2 reference-disagreement=762 same=11785 tree-difference=3
[12590/100000] reference-disagreement tspl-divergence-accessor-commitment len=49 artifacts=23 advent-overaccept=17 advent-underaccept=4 compiler-timeout=2 reference-disagreement=763 same=11801 tree-difference=3
[12591/100000] advent-overaccept wide:ifconfig:glue+newline+keyword:real:SwiftParserCompatibility:22+declaration:testBorrowingConsumingParameterSpecifiers#17 len=347 artifacts=24 advent-overaccept=18 advent-underaccept=4 compiler-timeout=2 reference-disagreement=763 same=11801 tree-difference=3
[12618/100000] reference-disagreement wide:trailing-closure:keyword+newline:expression:testKeyPathMethodAndInitializers#10+translated:testRawString10#1 len=102 artifacts=24 advent-overaccept=18 advent-underaccept=4 compiler-timeout=2 reference-disagreement=764 same=11827 tree-difference=3
[12628/100000] reference-disagreement wide:func-body:delete+splice+newline:real:ExpandEditorPlaceholder:389 len=621 artifacts=24 advent-overaccept=18 advent-underaccept=4 compiler-timeout=2 reference-disagreement=765 same=11836 tree-difference=3
[12631/100000] reference-disagreement wide:ifconfig:delete:translated:testSwitch33#1 len=107 artifacts=24 advent-overaccept=18 advent-underaccept=4 compiler-timeout=2 reference-disagreement=766 same=11838 tree-difference=3
[12640/100000] reference-disagreement attribute-ifconfig-elseif-list len=113 artifacts=24 advent-overaccept=18 advent-underaccept=4 compiler-timeout=2 reference-disagreement=767 same=11846 tree-difference=3
[12693/100000] reference-disagreement attribute-ifconfig-elseif-list len=124 artifacts=24 advent-overaccept=18 advent-underaccept=4 compiler-timeout=2 reference-disagreement=768 same=11898 tree-difference=3
[12700/100000] reference-disagreement attribute-ifconfig-elseif-list len=104 artifacts=24 advent-overaccept=18 advent-underaccept=4 compiler-timeout=2 reference-disagreement=769 same=11904 tree-difference=3
[12728/100000] reference-disagreement grammarish-member-list len=142 artifacts=24 advent-overaccept=18 advent-underaccept=4 compiler-timeout=2 reference-disagreement=770 same=11931 tree-difference=3
[12750/100000] same wide:top:space+swap+space:real:IntegerLiteralUtilities:19 len=808 artifacts=24 advent-overaccept=18 advent-underaccept=4 compiler-timeout=2 reference-disagreement=770 same=11953 tree-difference=3
[12768/100000] reference-disagreement wide:closure:raw:real:LayoutNodes+Parsable:167+real:BuildConfiguration:28 len=551 artifacts=24 advent-overaccept=18 advent-underaccept=4 compiler-timeout=2 reference-disagreement=771 same=11970 tree-difference=3
[12784/100000] reference-disagreement wide:func-body:block-comment:real:ResultBuilders:245+translated:testSwiftFuncCall#1 len=246 artifacts=24 advent-overaccept=18 advent-underaccept=4 compiler-timeout=2 reference-disagreement=772 same=11985 tree-difference=3
[12801/100000] reference-disagreement wide:func-body:line-comment:translated:testSwitch17#1 len=68 artifacts=24 advent-overaccept=18 advent-underaccept=4 compiler-timeout=2 reference-disagreement=773 same=12001 tree-difference=3
[12806/100000] reference-disagreement tspl-divergence-protocol-body len=119 artifacts=24 advent-overaccept=18 advent-underaccept=4 compiler-timeout=2 reference-disagreement=774 same=12005 tree-difference=3
[12807/100000] reference-disagreement keypath-boundary len=37 artifacts=24 advent-overaccept=18 advent-underaccept=4 compiler-timeout=2 reference-disagreement=775 same=12005 tree-difference=3
[12867/100000] reference-disagreement wide:func-body:line-comment:real:ScopeImplementations:208+real:SyntaxCollections:853 len=955 artifacts=24 advent-overaccept=18 advent-underaccept=4 compiler-timeout=2 reference-disagreement=776 same=12064 tree-difference=3
[12869/100000] reference-disagreement wide:extension-member:raw:real:MacroSystem:1567+real:Identifier:97 len=709 artifacts=24 advent-overaccept=18 advent-underaccept=4 compiler-timeout=2 reference-disagreement=777 same=12065 tree-difference=3
[12874/100000] reference-disagreement member-list-wide-boundary len=397 artifacts=24 advent-overaccept=18 advent-underaccept=4 compiler-timeout=2 reference-disagreement=778 same=12069 tree-difference=3
[12908/100000] reference-disagreement attribute-ifconfig-elseif-list len=113 artifacts=24 advent-overaccept=18 advent-underaccept=4 compiler-timeout=2 reference-disagreement=779 same=12102 tree-difference=3
[12924/100000] reference-disagreement wide:interpolation:raw:translated:testModuleSelectorCorrectCode#7 len=45 artifacts=24 advent-overaccept=18 advent-underaccept=4 compiler-timeout=2 reference-disagreement=780 same=12117 tree-difference=3
[12932/100000] reference-disagreement wide:closure:raw:real:SyntaxExpressibleByStringInterpolationConformances:244 len=183 artifacts=24 advent-overaccept=18 advent-underaccept=4 compiler-timeout=2 reference-disagreement=781 same=12124 tree-difference=3
[12943/100000] reference-disagreement wide:before-statement:raw:attribute:testSilgenName#1 len=103 artifacts=24 advent-overaccept=18 advent-underaccept=4 compiler-timeout=2 reference-disagreement=782 same=12134 tree-difference=3
[12954/100000] reference-disagreement wide:after-statement:duplicate+newline:reject:testDiagnoseInitializerAsTypedPattern8a#1 len=34 artifacts=24 advent-overaccept=18 advent-underaccept=4 compiler-timeout=2 reference-disagreement=783 same=12144 tree-difference=3
[12968/100000] reference-disagreement wide:struct-member:raw:translated:testModuleSelectorCorrectCode#2 len=61 artifacts=24 advent-overaccept=18 advent-underaccept=4 compiler-timeout=2 reference-disagreement=784 same=12157 tree-difference=3
[12988/100000] reference-disagreement tspl-divergence-protocol-body len=103 artifacts=24 advent-overaccept=18 advent-underaccept=4 compiler-timeout=2 reference-disagreement=785 same=12176 tree-difference=3
[12992/100000] reference-disagreement wide:func-body:raw:phase4-import:import-dotted+expression:testAwaitIf3#1 len=113 artifacts=24 advent-overaccept=18 advent-underaccept=4 compiler-timeout=2 reference-disagreement=786 same=12179 tree-difference=3
[13000/100000] same wide:top:delete+delete:declaration:testVariableDeclarations#8 len=41 artifacts=24 advent-overaccept=18 advent-underaccept=4 compiler-timeout=2 reference-disagreement=786 same=12187 tree-difference=3
[13007/100000] reference-disagreement wide:trailing-closure:newline+glue+keyword:real:ResultBuilders:570 len=226 artifacts=24 advent-overaccept=18 advent-underaccept=4 compiler-timeout=2 reference-disagreement=787 same=12193 tree-difference=3
[13017/100000] reference-disagreement wide:closure:block-comment+glue:real:LoopProgressCondition:45 len=665 artifacts=24 advent-overaccept=18 advent-underaccept=4 compiler-timeout=2 reference-disagreement=788 same=12202 tree-difference=3
[13038/100000] reference-disagreement wide:extension-member:glue:translated:testOperators3#1 len=113 artifacts=24 advent-overaccept=18 advent-underaccept=4 compiler-timeout=2 reference-disagreement=789 same=12222 tree-difference=3
[13044/100000] reference-disagreement tspl-divergence-accessor-commitment len=49 artifacts=24 advent-overaccept=18 advent-underaccept=4 compiler-timeout=2 reference-disagreement=790 same=12227 tree-difference=3
[13094/100000] reference-disagreement attribute-ifconfig-elseif-list len=122 artifacts=24 advent-overaccept=18 advent-underaccept=4 compiler-timeout=2 reference-disagreement=791 same=12276 tree-difference=3
[13099/100000] reference-disagreement wide:top:newline+glue:reject:testModuleSelectorExpr#16 len=12 artifacts=24 advent-overaccept=18 advent-underaccept=4 compiler-timeout=2 reference-disagreement=792 same=12280 tree-difference=3
[13120/100000] reference-disagreement keypath-component-matrix len=53 artifacts=24 advent-overaccept=18 advent-underaccept=4 compiler-timeout=2 reference-disagreement=793 same=12300 tree-difference=3
[13138/100000] reference-disagreement wide:trailing-closure:newline+keyword:translated:testInitDeinit20#1 len=73 artifacts=24 advent-overaccept=18 advent-underaccept=4 compiler-timeout=2 reference-disagreement=794 same=12317 tree-difference=3
[13143/100000] reference-disagreement tspl-divergence-protocol-body len=103 artifacts=24 advent-overaccept=18 advent-underaccept=4 compiler-timeout=2 reference-disagreement=795 same=12321 tree-difference=3
[13160/100000] reference-disagreement wide:func-body:block-comment+keyword:translated:testSwitch52#1 len=89 artifacts=24 advent-overaccept=18 advent-underaccept=4 compiler-timeout=2 reference-disagreement=796 same=12337 tree-difference=3
[13194/100000] reference-disagreement wide:func-body:keyword+newline+space:translated:testResultBuilder4#1 len=252 artifacts=24 advent-overaccept=18 advent-underaccept=4 compiler-timeout=2 reference-disagreement=797 same=12370 tree-difference=3
[13197/100000] advent-overaccept wide:top:newline+newline:translated:testForwardSlashRegex162#1 len=10 artifacts=25 advent-overaccept=19 advent-underaccept=4 compiler-timeout=2 reference-disagreement=797 same=12372 tree-difference=3
[13214/100000] reference-disagreement wide:closure:raw:real:SyntaxCollections:332+translated:testBuiltinWord3#1 len=625 artifacts=25 advent-overaccept=19 advent-underaccept=4 compiler-timeout=2 reference-disagreement=798 same=12388 tree-difference=3
[13250/100000] same frontier:condition-trailing-closure-scope len=489 artifacts=25 advent-overaccept=19 advent-underaccept=4 compiler-timeout=2 reference-disagreement=798 same=12424 tree-difference=3
[13274/100000] reference-disagreement attribute-ifconfig-elseif-list len=137 artifacts=25 advent-overaccept=19 advent-underaccept=4 compiler-timeout=2 reference-disagreement=799 same=12447 tree-difference=3
[13277/100000] reference-disagreement wide:top:keyword+space:type:testMultipleTypeSpecifiers#1 len=48 artifacts=25 advent-overaccept=19 advent-underaccept=4 compiler-timeout=2 reference-disagreement=800 same=12449 tree-difference=3
[13280/100000] reference-disagreement tspl-divergence-protocol-body len=136 artifacts=25 advent-overaccept=19 advent-underaccept=4 compiler-timeout=2 reference-disagreement=801 same=12451 tree-difference=3
[13343/100000] reference-disagreement wide:closure:newline+newline+glue:real:LayoutNodes+Parsable:175 len=224 artifacts=25 advent-overaccept=19 advent-underaccept=4 compiler-timeout=2 reference-disagreement=802 same=12513 tree-difference=3
[13385/100000] reference-disagreement wide:extension-member:newline+line-comment:translated:testEnum12#1 len=65 artifacts=25 advent-overaccept=19 advent-underaccept=4 compiler-timeout=2 reference-disagreement=803 same=12554 tree-difference=3
[13389/100000] reference-disagreement nested-ifconfig-boundary len=117 artifacts=25 advent-overaccept=19 advent-underaccept=4 compiler-timeout=2 reference-disagreement=804 same=12557 tree-difference=3
[13399/100000] reference-disagreement wide:top:keyword+keyword+delete:expression:testKeyPathFollowedByOperator#2 len=12 artifacts=25 advent-overaccept=19 advent-underaccept=4 compiler-timeout=2 reference-disagreement=805 same=12566 tree-difference=3
[13436/100000] reference-disagreement tspl-divergence-accessor-commitment len=78 artifacts=25 advent-overaccept=19 advent-underaccept=4 compiler-timeout=2 reference-disagreement=806 same=12602 tree-difference=3
[13438/100000] reference-disagreement keypath-boundary len=44 artifacts=25 advent-overaccept=19 advent-underaccept=4 compiler-timeout=2 reference-disagreement=807 same=12603 tree-difference=3
[13439/100000] reference-disagreement wide:closure:space+glue+newline:real:LayoutNodes+Parsable:215 len=198 artifacts=25 advent-overaccept=19 advent-underaccept=4 compiler-timeout=2 reference-disagreement=808 same=12603 tree-difference=3
[13456/100000] reference-disagreement wide:struct-member:space:real:SyntaxTraits:542+translated:testSemicolon8#1 len=436 artifacts=25 advent-overaccept=19 advent-underaccept=4 compiler-timeout=2 reference-disagreement=809 same=12619 tree-difference=3
[13484/100000] reference-disagreement wide:trailing-closure:raw:translated:testPatternWithoutVariables6#1 len=99 artifacts=25 advent-overaccept=19 advent-underaccept=4 compiler-timeout=2 reference-disagreement=810 same=12646 tree-difference=3
[13500/100000] same wide:after-statement:raw:real:SyntaxExpressibleByStringInterpolationConformances:157+real:MacroReplacement:78 len=485 artifacts=25 advent-overaccept=19 advent-underaccept=4 compiler-timeout=2 reference-disagreement=810 same=12662 tree-difference=3
[13506/100000] reference-disagreement wide:func-body:raw:phase4-precedence:pg-assoc-none+translated:testBuiltinWord5#1 len=243 artifacts=25 advent-overaccept=19 advent-underaccept=4 compiler-timeout=2 reference-disagreement=811 same=12667 tree-difference=3
[13509/100000] reference-disagreement statement-list len=610 artifacts=25 advent-overaccept=19 advent-underaccept=4 compiler-timeout=2 reference-disagreement=812 same=12669 tree-difference=3
[13527/100000] reference-disagreement wide:closure:raw:real:SyntaxExpressibleByStringInterpolationConformances:112 len=90 artifacts=25 advent-overaccept=19 advent-underaccept=4 compiler-timeout=2 reference-disagreement=813 same=12686 tree-difference=3
[13550/100000] reference-disagreement wide:before-statement:newline+keyword+glue:translated:testEnum23#1 len=60 artifacts=25 advent-overaccept=19 advent-underaccept=4 compiler-timeout=2 reference-disagreement=814 same=12708 tree-difference=3
[13555/100000] reference-disagreement wide:trailing-closure:glue+glue:real:SyntaxTraits:790 len=126 artifacts=25 advent-overaccept=19 advent-underaccept=4 compiler-timeout=2 reference-disagreement=815 same=12712 tree-difference=3
[13582/100000] reference-disagreement keypath-component-matrix len=59 artifacts=25 advent-overaccept=19 advent-underaccept=4 compiler-timeout=2 reference-disagreement=816 same=12738 tree-difference=3
[13602/100000] reference-disagreement wide:struct-member:glue:real:SyntaxTraits:704+translated:testForwardSlashRegexSkipping10#1 len=176 artifacts=25 advent-overaccept=19 advent-underaccept=4 compiler-timeout=2 reference-disagreement=817 same=12757 tree-difference=3
[13607/100000] reference-disagreement attribute-ifconfig-elseif-list len=127 artifacts=25 advent-overaccept=19 advent-underaccept=4 compiler-timeout=2 reference-disagreement=818 same=12761 tree-difference=3
[13615/100000] reference-disagreement declaration-modifier-stack len=34 artifacts=25 advent-overaccept=19 advent-underaccept=4 compiler-timeout=2 reference-disagreement=819 same=12768 tree-difference=3
[13619/100000] reference-disagreement tspl-divergence-protocol-body len=152 artifacts=25 advent-overaccept=19 advent-underaccept=4 compiler-timeout=2 reference-disagreement=820 same=12771 tree-difference=3
[13632/100000] reference-disagreement tspl-divergence-accessor-commitment len=78 artifacts=25 advent-overaccept=19 advent-underaccept=4 compiler-timeout=2 reference-disagreement=821 same=12783 tree-difference=3
[13637/100000] reference-disagreement attribute-ifconfig-elseif-list len=121 artifacts=25 advent-overaccept=19 advent-underaccept=4 compiler-timeout=2 reference-disagreement=822 same=12787 tree-difference=3
[13640/100000] reference-disagreement member-list-wide-boundary len=101 artifacts=25 advent-overaccept=19 advent-underaccept=4 compiler-timeout=2 reference-disagreement=823 same=12789 tree-difference=3
[13648/100000] reference-disagreement wide:struct-member:raw:real:Declarations:19 len=587 artifacts=25 advent-overaccept=19 advent-underaccept=4 compiler-timeout=2 reference-disagreement=824 same=12796 tree-difference=3
[13661/100000] reference-disagreement wide:closure:raw:translated:testOperatorDeclDesignatedTypes9#1 len=80 artifacts=25 advent-overaccept=19 advent-underaccept=4 compiler-timeout=2 reference-disagreement=825 same=12808 tree-difference=3
[13669/100000] reference-disagreement cast-try-operator-cluster len=24 artifacts=25 advent-overaccept=19 advent-underaccept=4 compiler-timeout=2 reference-disagreement=826 same=12815 tree-difference=3
[13675/100000] reference-disagreement wide:before-statement:keyword:translated:testTypeExpr16#1+translated:testTry8#1 len=338 artifacts=25 advent-overaccept=19 advent-underaccept=4 compiler-timeout=2 reference-disagreement=827 same=12820 tree-difference=3
[13692/100000] advent-overaccept wide:trailing-closure:glue+block-comment:real:ApusTerminals:125 len=198 artifacts=26 advent-overaccept=20 advent-underaccept=4 compiler-timeout=2 reference-disagreement=827 same=12836 tree-difference=3
[13701/100000] reference-disagreement wide:closure:keyword+glue+space:real:SyntaxEditUtils:70 len=748 artifacts=26 advent-overaccept=20 advent-underaccept=4 compiler-timeout=2 reference-disagreement=828 same=12844 tree-difference=3
[13725/100000] reference-disagreement wide:extension-member:line-comment+space+block-comment:translated:testOperatorDeclDesignatedTypes10#1 len=74 artifacts=26 advent-overaccept=20 advent-underaccept=4 compiler-timeout=2 reference-disagreement=829 same=12867 tree-difference=3
[13728/100000] reference-disagreement wide:trailing-closure:newline+newline:real:Syntax+StringInterpolation:172 len=610 artifacts=26 advent-overaccept=20 advent-underaccept=4 compiler-timeout=2 reference-disagreement=830 same=12869 tree-difference=3
[13750/100000] same operator-boundary len=50 artifacts=26 advent-overaccept=20 advent-underaccept=4 compiler-timeout=2 reference-disagreement=830 same=12891 tree-difference=3
[13771/100000] reference-disagreement nested-ifconfig-boundary len=113 artifacts=26 advent-overaccept=20 advent-underaccept=4 compiler-timeout=2 reference-disagreement=831 same=12911 tree-difference=3
[13797/100000] reference-disagreement wide:func-body:raw:real:BuildableNodes:211+translated:testForwardSlashRegex79#1 len=1065 artifacts=26 advent-overaccept=20 advent-underaccept=4 compiler-timeout=2 reference-disagreement=832 same=12936 tree-difference=3
[13810/100000] reference-disagreement keypath-component-matrix len=40 artifacts=26 advent-overaccept=20 advent-underaccept=4 compiler-timeout=2 reference-disagreement=833 same=12948 tree-difference=3
[13839/100000] reference-disagreement nested-ifconfig-boundary len=163 artifacts=26 advent-overaccept=20 advent-underaccept=4 compiler-timeout=2 reference-disagreement=834 same=12976 tree-difference=3
[13852/100000] reference-disagreement wide:extension-member:block-comment:real:SyntaxEditUtils:22 len=164 artifacts=26 advent-overaccept=20 advent-underaccept=4 compiler-timeout=2 reference-disagreement=835 same=12988 tree-difference=3
[13884/100000] reference-disagreement wide:struct-member:raw:translated:testRecovery13#1 len=232 artifacts=26 advent-overaccept=20 advent-underaccept=4 compiler-timeout=2 reference-disagreement=836 same=13019 tree-difference=3
[13904/100000] reference-disagreement wide:struct-member:duplicate:real:SyntaxExtensions:198+type:testNestedUppercaseSelf#1 len=176 artifacts=26 advent-overaccept=20 advent-underaccept=4 compiler-timeout=2 reference-disagreement=837 same=13038 tree-difference=3
[13926/100000] reference-disagreement wide:func-body:glue+glue+glue:translated:testSwitch14#1 len=50 artifacts=26 advent-overaccept=20 advent-underaccept=4 compiler-timeout=2 reference-disagreement=838 same=13059 tree-difference=3
[13934/100000] reference-disagreement wide:func-body:raw:real:SwiftSyntaxCompatibility:883 len=181 artifacts=26 advent-overaccept=20 advent-underaccept=4 compiler-timeout=2 reference-disagreement=839 same=13066 tree-difference=3
[13954/100000] reference-disagreement nested-ifconfig-boundary len=117 artifacts=26 advent-overaccept=20 advent-underaccept=4 compiler-timeout=2 reference-disagreement=840 same=13085 tree-difference=3
[13984/100000] reference-disagreement wide:before-statement:raw:declaration:testConstAsArgumentLabel#3 len=51 artifacts=26 advent-overaccept=20 advent-underaccept=4 compiler-timeout=2 reference-disagreement=841 same=13114 tree-difference=3
[14000/100000] same wide:struct-member:keyword:real:TokenSpecSet:505 len=743 artifacts=26 advent-overaccept=20 advent-underaccept=4 compiler-timeout=2 reference-disagreement=841 same=13130 tree-difference=3
[14014/100000] reference-disagreement grammarish-member-list len=601 artifacts=26 advent-overaccept=20 advent-underaccept=4 compiler-timeout=2 reference-disagreement=842 same=13143 tree-difference=3
[14017/100000] reference-disagreement wide:func-body:block-comment+keyword:real:LibraryPluginProvider:148 len=652 artifacts=26 advent-overaccept=20 advent-underaccept=4 compiler-timeout=2 reference-disagreement=843 same=13145 tree-difference=3
[14029/100000] reference-disagreement wide:closure:block-comment:real:SyntaxNodeWithBody:99 len=75 artifacts=26 advent-overaccept=20 advent-underaccept=4 compiler-timeout=2 reference-disagreement=844 same=13156 tree-difference=3
[14037/100000] reference-disagreement wide:extension-member:newline:translated:testModuleSelectorExpr#8 len=71 artifacts=26 advent-overaccept=20 advent-underaccept=4 compiler-timeout=2 reference-disagreement=845 same=13163 tree-difference=3
[14042/100000] reference-disagreement wide:trailing-closure:raw:real:ConvenienceInitializers:86 len=81 artifacts=26 advent-overaccept=20 advent-underaccept=4 compiler-timeout=2 reference-disagreement=846 same=13167 tree-difference=3
[14057/100000] reference-disagreement wide:extension-member:raw:real:PackageDependency:69 len=345 artifacts=26 advent-overaccept=20 advent-underaccept=4 compiler-timeout=2 reference-disagreement=847 same=13181 tree-difference=3
[14083/100000] reference-disagreement wide:trailing-closure:raw:real:PluginMessages:56 len=764 artifacts=26 advent-overaccept=20 advent-underaccept=4 compiler-timeout=2 reference-disagreement=848 same=13206 tree-difference=3
[14086/100000] reference-disagreement wide:closure:raw:real:GenericParameterScopeSyntax:19+real:Parser:447 len=136 artifacts=26 advent-overaccept=20 advent-underaccept=4 compiler-timeout=2 reference-disagreement=849 same=13208 tree-difference=3
[14097/100000] reference-disagreement wide:closure:block-comment:real:SyntaxExpressibleByStringInterpolationConformances:133 len=103 artifacts=26 advent-overaccept=20 advent-underaccept=4 compiler-timeout=2 reference-disagreement=850 same=13218 tree-difference=3
[14115/100000] reference-disagreement tspl-divergence-protocol-body len=212 artifacts=26 advent-overaccept=20 advent-underaccept=4 compiler-timeout=2 reference-disagreement=851 same=13235 tree-difference=3
[14118/100000] reference-disagreement wide:before-statement:swap:declaration:testConstAsArgumentLabel#3 len=51 artifacts=26 advent-overaccept=20 advent-underaccept=4 compiler-timeout=2 reference-disagreement=852 same=13237 tree-difference=3
[14121/100000] reference-disagreement member-list-wide-boundary len=167 artifacts=26 advent-overaccept=20 advent-underaccept=4 compiler-timeout=2 reference-disagreement=853 same=13239 tree-difference=3
[14125/100000] reference-disagreement grammarish-member-list len=126 artifacts=26 advent-overaccept=20 advent-underaccept=4 compiler-timeout=2 reference-disagreement=854 same=13242 tree-difference=3
[14133/100000] reference-disagreement wide:trailing-closure:raw:real:SyntaxExpressibleByStringInterpolationConformances:145 len=158 artifacts=26 advent-overaccept=20 advent-underaccept=4 compiler-timeout=2 reference-disagreement=855 same=13249 tree-difference=3
[14148/100000] reference-disagreement attribute-ifconfig-elseif-list len=114 artifacts=26 advent-overaccept=20 advent-underaccept=4 compiler-timeout=2 reference-disagreement=856 same=13263 tree-difference=3
[14159/100000] reference-disagreement wide:closure:raw:real:ResultBuilders:332 len=138 artifacts=26 advent-overaccept=20 advent-underaccept=4 compiler-timeout=2 reference-disagreement=857 same=13273 tree-difference=3
[14166/100000] reference-disagreement tspl-divergence-accessor-commitment len=78 artifacts=26 advent-overaccept=20 advent-underaccept=4 compiler-timeout=2 reference-disagreement=858 same=13279 tree-difference=3
[14178/100000] reference-disagreement wide:trailing-closure:raw:real:VersionTuple:66 len=163 artifacts=26 advent-overaccept=20 advent-underaccept=4 compiler-timeout=2 reference-disagreement=859 same=13290 tree-difference=3
[14189/100000] reference-disagreement wide:top:raw:expression:testKeyPathMethodAndInitializers#18 len=31 artifacts=26 advent-overaccept=20 advent-underaccept=4 compiler-timeout=2 reference-disagreement=860 same=13300 tree-difference=3
[14204/100000] reference-disagreement wide:ifconfig:block-comment:translated:testInitDeinit28#1 len=64 artifacts=26 advent-overaccept=20 advent-underaccept=4 compiler-timeout=2 reference-disagreement=861 same=13314 tree-difference=3
[14206/100000] reference-disagreement wide:func-body:block-comment:real:MissingNodeInitializers:58 len=147 artifacts=26 advent-overaccept=20 advent-underaccept=4 compiler-timeout=2 reference-disagreement=862 same=13315 tree-difference=3
[14219/100000] reference-disagreement tspl-divergence-protocol-body len=81 artifacts=26 advent-overaccept=20 advent-underaccept=4 compiler-timeout=2 reference-disagreement=863 same=13327 tree-difference=3
[14225/100000] reference-disagreement wide:extension-member:space:real:LayoutNodes+Parsable:87 len=237 artifacts=26 advent-overaccept=20 advent-underaccept=4 compiler-timeout=2 reference-disagreement=864 same=13332 tree-difference=3
[14239/100000] reference-disagreement wide:func-body:raw:expression:testKeywordApplyExpression#1+real:DiagnosticExtensions:23 len=1030 artifacts=26 advent-overaccept=20 advent-underaccept=4 compiler-timeout=2 reference-disagreement=865 same=13345 tree-difference=3
[14250/100000] same pack-boundary len=35 artifacts=26 advent-overaccept=20 advent-underaccept=4 compiler-timeout=2 reference-disagreement=865 same=13356 tree-difference=3
[14276/100000] reference-disagreement wide:trailing-closure:raw:real:IdentifiableSyntax:52 len=110 artifacts=26 advent-overaccept=20 advent-underaccept=4 compiler-timeout=2 reference-disagreement=866 same=13381 tree-difference=3
[14301/100000] reference-disagreement wide:closure:block-comment+space+newline:translated:testOperatorDeclDesignatedTypes18#1 len=294 artifacts=26 advent-overaccept=20 advent-underaccept=4 compiler-timeout=2 reference-disagreement=867 same=13405 tree-difference=3
[14324/100000] reference-disagreement wide:trailing-closure:raw:real:ResultBuilders:515 len=573 artifacts=26 advent-overaccept=20 advent-underaccept=4 compiler-timeout=2 reference-disagreement=868 same=13427 tree-difference=3
[14368/100000] reference-disagreement wide:struct-member:newline+newline+splice:real:InferIndentation:19+real:SyntaxProtocol:710 len=505 artifacts=26 advent-overaccept=20 advent-underaccept=4 compiler-timeout=2 reference-disagreement=869 same=13470 tree-difference=3
[14389/100000] reference-disagreement wide:extension-member:space+newline:real:SyntaxTraits:752 len=78 artifacts=26 advent-overaccept=20 advent-underaccept=4 compiler-timeout=2 reference-disagreement=870 same=13490 tree-difference=3
[14396/100000] reference-disagreement tspl-divergence-accessor-commitment len=49 artifacts=26 advent-overaccept=20 advent-underaccept=4 compiler-timeout=2 reference-disagreement=871 same=13496 tree-difference=3
[14429/100000] reference-disagreement wide:func-body:raw:reject:testKeypathExpression#2 len=34 artifacts=26 advent-overaccept=20 advent-underaccept=4 compiler-timeout=2 reference-disagreement=872 same=13528 tree-difference=3
[14434/100000] reference-disagreement wide:func-body:raw:real:SyntaxCollections:372+translated:testTry1#1 len=774 artifacts=26 advent-overaccept=20 advent-underaccept=4 compiler-timeout=2 reference-disagreement=873 same=13532 tree-difference=3
[14485/100000] reference-disagreement wide:extension-member:newline:real:ResultBuilders:180 len=202 artifacts=26 advent-overaccept=20 advent-underaccept=4 compiler-timeout=2 reference-disagreement=874 same=13582 tree-difference=3
[14486/100000] reference-disagreement wide:closure:line-comment+line-comment+block-comment:real:SyntaxCollections:2113 len=529 artifacts=26 advent-overaccept=20 advent-underaccept=4 compiler-timeout=2 reference-disagreement=875 same=13582 tree-difference=3
[14500/100000] same frontier:parser-mode-scope len=55 artifacts=26 advent-overaccept=20 advent-underaccept=4 compiler-timeout=2 reference-disagreement=875 same=13596 tree-difference=3
[14524/100000] advent-underaccept wide:ifconfig:swap+delete+block-comment:real:TokenSpecSet:745+translated:testForwardSlashRegex111#1 len=622 artifacts=27 advent-overaccept=20 advent-underaccept=5 compiler-timeout=2 reference-disagreement=875 same=13619 tree-difference=3
[14542/100000] reference-disagreement wide:extension-member:line-comment+space:real:SyntaxExpressibleByStringInterpolationConformances:175 len=96 artifacts=27 advent-overaccept=20 advent-underaccept=5 compiler-timeout=2 reference-disagreement=876 same=13636 tree-difference=3
[14545/100000] reference-disagreement wide:trailing-closure:newline:translated:testSwitch13#1+real:SyntaxTraits:460 len=451 artifacts=27 advent-overaccept=20 advent-underaccept=5 compiler-timeout=2 reference-disagreement=877 same=13638 tree-difference=3
[14551/100000] reference-disagreement wide:trailing-closure:raw:real:RenamedChildrenBuilderCompatibility:460 len=1281 artifacts=27 advent-overaccept=20 advent-underaccept=5 compiler-timeout=2 reference-disagreement=878 same=13643 tree-difference=3
[14566/100000] reference-disagreement attribute-ifconfig-elseif-list len=106 artifacts=27 advent-overaccept=20 advent-underaccept=5 compiler-timeout=2 reference-disagreement=879 same=13657 tree-difference=3
[14570/100000] reference-disagreement wide:closure:block-comment:statement:testTypedThrows#2+phase4-decl:op-infix len=84 artifacts=27 advent-overaccept=20 advent-underaccept=5 compiler-timeout=2 reference-disagreement=880 same=13660 tree-difference=3
[14585/100000] reference-disagreement grammarish-member-list len=190 artifacts=27 advent-overaccept=20 advent-underaccept=5 compiler-timeout=2 reference-disagreement=881 same=13674 tree-difference=3
[14588/100000] reference-disagreement wide:func-body:line-comment+newline:real:ResultBuilders:515 len=587 artifacts=27 advent-overaccept=20 advent-underaccept=5 compiler-timeout=2 reference-disagreement=882 same=13676 tree-difference=3
[14591/100000] reference-disagreement wide:closure:newline+newline:real:Parser:848 len=611 artifacts=27 advent-overaccept=20 advent-underaccept=5 compiler-timeout=2 reference-disagreement=883 same=13678 tree-difference=3
[14596/100000] reference-disagreement func-body len=458 artifacts=27 advent-overaccept=20 advent-underaccept=5 compiler-timeout=2 reference-disagreement=884 same=13682 tree-difference=3
[14607/100000] reference-disagreement grammarish-member-list len=144 artifacts=27 advent-overaccept=20 advent-underaccept=5 compiler-timeout=2 reference-disagreement=885 same=13692 tree-difference=3
[14624/100000] reference-disagreement statement-list len=598 artifacts=27 advent-overaccept=20 advent-underaccept=5 compiler-timeout=2 reference-disagreement=886 same=13708 tree-difference=3
[14625/100000] reference-disagreement wide:trailing-closure:raw:translated:testMatchingPatterns20#1+real:WarningControlRegions:18 len=745 artifacts=27 advent-overaccept=20 advent-underaccept=5 compiler-timeout=2 reference-disagreement=887 same=13708 tree-difference=3
[14631/100000] reference-disagreement keypath-component-matrix len=38 artifacts=27 advent-overaccept=20 advent-underaccept=5 compiler-timeout=2 reference-disagreement=888 same=13713 tree-difference=3
[14639/100000] reference-disagreement wide:extension-member:newline+newline:real:BuildableNodes:137+translated:testForwardSlashRegex69#1 len=1104 artifacts=27 advent-overaccept=20 advent-underaccept=5 compiler-timeout=2 reference-disagreement=889 same=13720 tree-difference=3
[14674/100000] reference-disagreement wide:func-body:raw:translated:testForeachAsync1#1 len=35 artifacts=27 advent-overaccept=20 advent-underaccept=5 compiler-timeout=2 reference-disagreement=890 same=13754 tree-difference=3
[14688/100000] reference-disagreement wide:top:block-comment:real:RawSyntaxLayoutView:13+translated:testInitDeinit22#1 len=555 artifacts=27 advent-overaccept=20 advent-underaccept=5 compiler-timeout=2 reference-disagreement=891 same=13767 tree-difference=3
[14715/100000] reference-disagreement wide:extension-member:space+line-comment:real:SyntaxNodeWithBody:210 len=82 artifacts=27 advent-overaccept=20 advent-underaccept=5 compiler-timeout=2 reference-disagreement=892 same=13793 tree-difference=3
[14725/100000] reference-disagreement attribute-ifconfig-elseif-list len=129 artifacts=27 advent-overaccept=20 advent-underaccept=5 compiler-timeout=2 reference-disagreement=893 same=13802 tree-difference=3
[14750/100000] same wide:top:newline+keyword+splice:real:BuildableNodes:1251 len=1266 artifacts=27 advent-overaccept=20 advent-underaccept=5 compiler-timeout=2 reference-disagreement=893 same=13827 tree-difference=3
[14762/100000] reference-disagreement tspl-divergence-accessor-commitment len=49 artifacts=27 advent-overaccept=20 advent-underaccept=5 compiler-timeout=2 reference-disagreement=894 same=13838 tree-difference=3
[14787/100000] reference-disagreement wide:trailing-closure:newline+block-comment+glue:real:ParserDiagnosticMessages:298 len=333 artifacts=27 advent-overaccept=20 advent-underaccept=5 compiler-timeout=2 reference-disagreement=895 same=13862 tree-difference=3
[14788/100000] reference-disagreement wide:interpolation:glue+block-comment:statement:testIf#1 len=29 artifacts=27 advent-overaccept=20 advent-underaccept=5 compiler-timeout=2 reference-disagreement=896 same=13862 tree-difference=3
[14816/100000] reference-disagreement keypath-component-matrix len=37 artifacts=27 advent-overaccept=20 advent-underaccept=5 compiler-timeout=2 reference-disagreement=897 same=13889 tree-difference=3
[14819/100000] reference-disagreement wide:closure:raw:real:NameMatcher:447 len=489 artifacts=27 advent-overaccept=20 advent-underaccept=5 compiler-timeout=2 reference-disagreement=898 same=13891 tree-difference=3
[14836/100000] reference-disagreement wide:trailing-closure:newline:real:PackageTarget:131 len=487 artifacts=27 advent-overaccept=20 advent-underaccept=5 compiler-timeout=2 reference-disagreement=899 same=13907 tree-difference=3
[14854/100000] reference-disagreement grammarish-member-list len=109 artifacts=27 advent-overaccept=20 advent-underaccept=5 compiler-timeout=2 reference-disagreement=900 same=13924 tree-difference=3
[14890/100000] reference-disagreement wide:func-body:line-comment+block-comment+newline:real:Expressions:1606 len=441 artifacts=27 advent-overaccept=20 advent-underaccept=5 compiler-timeout=2 reference-disagreement=901 same=13959 tree-difference=3
[14917/100000] reference-disagreement wide:extension-member:duplicate+block-comment+newline:real:JSONEncoding:244 len=290 artifacts=27 advent-overaccept=20 advent-underaccept=5 compiler-timeout=2 reference-disagreement=902 same=13985 tree-difference=3
[14923/100000] reference-disagreement wide:ifconfig:space:attribute:testABIAttribute#7 len=82 artifacts=27 advent-overaccept=20 advent-underaccept=5 compiler-timeout=2 reference-disagreement=903 same=13990 tree-difference=3
[14931/100000] advent-underaccept wide:after-statement:keyword+glue:type:testTypedThrows#2 len=57 artifacts=28 advent-overaccept=20 advent-underaccept=6 compiler-timeout=2 reference-disagreement=903 same=13997 tree-difference=3
[14948/100000] reference-disagreement wide:extension-member:delete:attribute:testSpiAttributeWithUnderscore#2 len=34 artifacts=28 advent-overaccept=20 advent-underaccept=6 compiler-timeout=2 reference-disagreement=904 same=14013 tree-difference=3
[14961/100000] reference-disagreement wide:trailing-closure:newline:real:SyntaxTraits:625 len=705 artifacts=28 advent-overaccept=20 advent-underaccept=6 compiler-timeout=2 reference-disagreement=905 same=14025 tree-difference=3
[14965/100000] reference-disagreement wide:trailing-closure:space+duplicate+line-comment:real:Syntax+StringInterpolation:328 len=166 artifacts=28 advent-overaccept=20 advent-underaccept=6 compiler-timeout=2 reference-disagreement=906 same=14028 tree-difference=3
[14966/100000] reference-disagreement tspl-divergence-protocol-body len=233 artifacts=28 advent-overaccept=20 advent-underaccept=6 compiler-timeout=2 reference-disagreement=907 same=14028 tree-difference=3
[14990/100000] reference-disagreement wide:closure:glue+newline:reject:testChainedOptionalUnwrapsWithDot#1 len=29 artifacts=28 advent-overaccept=20 advent-underaccept=6 compiler-timeout=2 reference-disagreement=908 same=14051 tree-difference=3
[14993/100000] reference-disagreement wide:trailing-closure:keyword:real:CompilerPluginMessageHandler:41 len=559 artifacts=28 advent-overaccept=20 advent-underaccept=6 compiler-timeout=2 reference-disagreement=909 same=14053 tree-difference=3
[15000/100000] same wide:ifconfig:newline:reject:testDiagnosticMissingFuncKeyword2c#1+reject:testCodeCompletionExpressions#1 len=100 artifacts=28 advent-overaccept=20 advent-underaccept=6 compiler-timeout=2 reference-disagreement=909 same=14060 tree-difference=3
[15011/100000] reference-disagreement wide:closure:space+splice+newline:real:ParserDiagnosticMessages:416 len=388 artifacts=28 advent-overaccept=20 advent-underaccept=6 compiler-timeout=2 reference-disagreement=910 same=14070 tree-difference=3
[15027/100000] reference-disagreement wide:extension-member:glue+space+block-comment:real:SyntaxTraits:388 len=430 artifacts=28 advent-overaccept=20 advent-underaccept=6 compiler-timeout=2 reference-disagreement=911 same=14085 tree-difference=3
[15039/100000] reference-disagreement grammarish-member-list len=302 artifacts=28 advent-overaccept=20 advent-underaccept=6 compiler-timeout=2 reference-disagreement=912 same=14096 tree-difference=3
[15056/100000] reference-disagreement nested-ifconfig-boundary len=117 artifacts=28 advent-overaccept=20 advent-underaccept=6 compiler-timeout=2 reference-disagreement=913 same=14112 tree-difference=3
[15064/100000] reference-disagreement wide:trailing-closure:block-comment:translated:testSwitch11#1 len=87 artifacts=28 advent-overaccept=20 advent-underaccept=6 compiler-timeout=2 reference-disagreement=914 same=14119 tree-difference=3
[15068/100000] reference-disagreement wide:trailing-closure:raw:real:SyntaxTraits:836 len=113 artifacts=28 advent-overaccept=20 advent-underaccept=6 compiler-timeout=2 reference-disagreement=915 same=14122 tree-difference=3
[15070/100000] reference-disagreement wide:struct-member:space:attribute:testObjcImplementationAttribute#1 len=143 artifacts=28 advent-overaccept=20 advent-underaccept=6 compiler-timeout=2 reference-disagreement=916 same=14123 tree-difference=3
[15073/100000] reference-disagreement wide:func-body:space:real:Attributes:993+real:BasicMacroExpansionContext:109 len=1232 artifacts=28 advent-overaccept=20 advent-underaccept=6 compiler-timeout=2 reference-disagreement=917 same=14125 tree-difference=3
[15094/100000] reference-disagreement wide:extension-member:newline:real:SyntaxTraits:720 len=80 artifacts=28 advent-overaccept=20 advent-underaccept=6 compiler-timeout=2 reference-disagreement=918 same=14145 tree-difference=3
[15132/100000] reference-disagreement wide:extension-member:raw:real:StringLiterals:765 len=174 artifacts=28 advent-overaccept=20 advent-underaccept=6 compiler-timeout=2 reference-disagreement=919 same=14182 tree-difference=3
[15176/100000] reference-disagreement wide:trailing-closure:space:real:RefactoringProvider:118 len=475 artifacts=28 advent-overaccept=20 advent-underaccept=6 compiler-timeout=2 reference-disagreement=920 same=14225 tree-difference=3
[15180/100000] reference-disagreement wide:func-body:newline+newline:real:AttachedMacro:15 len=57 artifacts=28 advent-overaccept=20 advent-underaccept=6 compiler-timeout=2 reference-disagreement=921 same=14228 tree-difference=3
[15189/100000] reference-disagreement wide:func-body:raw:real:BuildableNodes:1301+real:CodeItemMacro:20 len=1419 artifacts=28 advent-overaccept=20 advent-underaccept=6 compiler-timeout=2 reference-disagreement=922 same=14236 tree-difference=3
[15222/100000] reference-disagreement wide:trailing-closure:raw:translated:testNoimplicitcopyAttr5#1+real:SwiftSyntaxCompatibility:460 len=161 artifacts=28 advent-overaccept=20 advent-underaccept=6 compiler-timeout=2 reference-disagreement=923 same=14268 tree-difference=3
[15223/100000] reference-disagreement member-list-wide-boundary len=196 artifacts=28 advent-overaccept=20 advent-underaccept=6 compiler-timeout=2 reference-disagreement=924 same=14268 tree-difference=3
[15246/100000] reference-disagreement wide:closure:newline:real:ResultBuilders:358 len=144 artifacts=28 advent-overaccept=20 advent-underaccept=6 compiler-timeout=2 reference-disagreement=925 same=14290 tree-difference=3
[15249/100000] reference-disagreement tspl-divergence-protocol-body len=122 artifacts=28 advent-overaccept=20 advent-underaccept=6 compiler-timeout=2 reference-disagreement=926 same=14292 tree-difference=3
[15250/100000] advent-overaccept wide:trailing-closure:line-comment:reject:testAsync4#1 len=51 artifacts=29 advent-overaccept=21 advent-underaccept=6 compiler-timeout=2 reference-disagreement=926 same=14292 tree-difference=3
[15274/100000] reference-disagreement attribute-ifconfig-elseif-list len=134 artifacts=29 advent-overaccept=21 advent-underaccept=6 compiler-timeout=2 reference-disagreement=927 same=14315 tree-difference=3
[15290/100000] reference-disagreement wide:struct-member:newline:real:LayoutNodes+Parsable:71 len=209 artifacts=29 advent-overaccept=21 advent-underaccept=6 compiler-timeout=2 reference-disagreement=928 same=14330 tree-difference=3
[15304/100000] advent-overaccept wide:closure:glue+newline:type:probeTildeCommaTight#1 len=39 artifacts=30 advent-overaccept=22 advent-underaccept=6 compiler-timeout=2 reference-disagreement=928 same=14343 tree-difference=3
[15315/100000] reference-disagreement tspl-divergence-protocol-body len=76 artifacts=30 advent-overaccept=22 advent-underaccept=6 compiler-timeout=2 reference-disagreement=929 same=14353 tree-difference=3
[15318/100000] reference-disagreement wide:closure:newline+glue+block-comment:translated:testOriginalDefinedInAttr11#1 len=141 artifacts=30 advent-overaccept=22 advent-underaccept=6 compiler-timeout=2 reference-disagreement=930 same=14355 tree-difference=3
[15327/100000] reference-disagreement wide:extension-member:raw:translated:testOperatorDecl11b#1+real:Oracle:43 len=112 artifacts=30 advent-overaccept=22 advent-underaccept=6 compiler-timeout=2 reference-disagreement=931 same=14363 tree-difference=3
[15352/100000] reference-disagreement statement-list len=675 artifacts=30 advent-overaccept=22 advent-underaccept=6 compiler-timeout=2 reference-disagreement=932 same=14387 tree-difference=3
[15370/100000] reference-disagreement cast-try-operator-cluster len=24 artifacts=30 advent-overaccept=22 advent-underaccept=6 compiler-timeout=2 reference-disagreement=933 same=14404 tree-difference=3
[15374/100000] reference-disagreement member-list-wide-boundary len=191 artifacts=30 advent-overaccept=22 advent-underaccept=6 compiler-timeout=2 reference-disagreement=934 same=14407 tree-difference=3
[15377/100000] reference-disagreement wide:closure:delete+line-comment+block-comment:real:MissingNodesError:235 len=477 artifacts=30 advent-overaccept=22 advent-underaccept=6 compiler-timeout=2 reference-disagreement=935 same=14409 tree-difference=3
[15405/100000] reference-disagreement wide:closure:raw:real:SourceLocation:688 len=357 artifacts=30 advent-overaccept=22 advent-underaccept=6 compiler-timeout=2 reference-disagreement=936 same=14436 tree-difference=3
[15408/100000] reference-disagreement wide:extension-member:raw:real:SyntaxExpressibleByStringInterpolationConformances:133 len=95 artifacts=30 advent-overaccept=22 advent-underaccept=6 compiler-timeout=2 reference-disagreement=937 same=14438 tree-difference=3
[15442/100000] reference-disagreement wide:extension-member:newline:real:ResultBuilders:375+real:SyntaxCollections:1082 len=679 artifacts=30 advent-overaccept=22 advent-underaccept=6 compiler-timeout=2 reference-disagreement=938 same=14471 tree-difference=3
[15469/100000] reference-disagreement wide:closure:newline:real:MemberMacro:73 len=897 artifacts=30 advent-overaccept=22 advent-underaccept=6 compiler-timeout=2 reference-disagreement=939 same=14497 tree-difference=3
[15500/100000] same tspl-divergence-pattern-shape len=107 artifacts=30 advent-overaccept=22 advent-underaccept=6 compiler-timeout=2 reference-disagreement=939 same=14528 tree-difference=3
[15501/100000] reference-disagreement wide:closure:glue+space+line-comment:real:Diagnostics:55 len=391 artifacts=30 advent-overaccept=22 advent-underaccept=6 compiler-timeout=2 reference-disagreement=940 same=14528 tree-difference=3
[15505/100000] reference-disagreement grammarish-member-list len=147 artifacts=30 advent-overaccept=22 advent-underaccept=6 compiler-timeout=2 reference-disagreement=941 same=14531 tree-difference=3
[15518/100000] reference-disagreement declaration-modifier-stack len=34 artifacts=30 advent-overaccept=22 advent-underaccept=6 compiler-timeout=2 reference-disagreement=942 same=14543 tree-difference=3
[15574/100000] reference-disagreement cast-try-operator-cluster len=24 artifacts=30 advent-overaccept=22 advent-underaccept=6 compiler-timeout=2 reference-disagreement=943 same=14598 tree-difference=3
[15578/100000] advent-overaccept wide:after-statement:line-comment:reject:testActor1#1 len=38 artifacts=31 advent-overaccept=23 advent-underaccept=6 compiler-timeout=2 reference-disagreement=943 same=14601 tree-difference=3
[15588/100000] reference-disagreement cast-try-operator-cluster len=24 artifacts=31 advent-overaccept=23 advent-underaccept=6 compiler-timeout=2 reference-disagreement=944 same=14610 tree-difference=3
[15622/100000] reference-disagreement tspl-divergence-protocol-body len=218 artifacts=31 advent-overaccept=23 advent-underaccept=6 compiler-timeout=2 reference-disagreement=945 same=14643 tree-difference=3
[15625/100000] reference-disagreement wide:closure:raw:translated:testAvailabilityQuery23#1 len=124 artifacts=31 advent-overaccept=23 advent-underaccept=6 compiler-timeout=2 reference-disagreement=946 same=14645 tree-difference=3
[15634/100000] reference-disagreement wide:closure:newline:type:testInverseTypesInParameter#6+real:ResultBuilders:570 len=270 artifacts=31 advent-overaccept=23 advent-underaccept=6 compiler-timeout=2 reference-disagreement=947 same=14653 tree-difference=3
[15656/100000] reference-disagreement wide:extension-member:keyword:real:SwiftSyntaxCompatibility:779 len=502 artifacts=31 advent-overaccept=23 advent-underaccept=6 compiler-timeout=2 reference-disagreement=948 same=14674 tree-difference=3
[15679/100000] reference-disagreement wide:top:block-comment+space+keyword:translated:testDeprecatedWhere6#1 len=134 artifacts=31 advent-overaccept=23 advent-underaccept=6 compiler-timeout=2 reference-disagreement=949 same=14696 tree-difference=3
[15698/100000] reference-disagreement wide:func-body:line-comment:translated:testTypeExpr8#4+declaration:testReferenceToOpenThatLooksLikeDeclarationModifier#1 len=73 artifacts=31 advent-overaccept=23 advent-underaccept=6 compiler-timeout=2 reference-disagreement=950 same=14714 tree-difference=3
[15706/100000] reference-disagreement wide:ifconfig:raw:translated:testResultBuilder7#1+translated:testMatchingPatterns13#1 len=346 artifacts=31 advent-overaccept=23 advent-underaccept=6 compiler-timeout=2 reference-disagreement=951 same=14721 tree-difference=3
[15716/100000] reference-disagreement wide:trailing-closure:raw:real:RefactoringProvider:105 len=545 artifacts=31 advent-overaccept=23 advent-underaccept=6 compiler-timeout=2 reference-disagreement=952 same=14730 tree-difference=3
[15724/100000] reference-disagreement wide:func-body:raw:translated:testInvalidStringInterpolationProtocol5#1 len=258 artifacts=31 advent-overaccept=23 advent-underaccept=6 compiler-timeout=2 reference-disagreement=953 same=14737 tree-difference=3
[15726/100000] reference-disagreement attribute-boundary len=39 artifacts=31 advent-overaccept=23 advent-underaccept=6 compiler-timeout=2 reference-disagreement=954 same=14738 tree-difference=3
[15750/100000] same declaration-modifier-stack len=38 artifacts=31 advent-overaccept=23 advent-underaccept=6 compiler-timeout=2 reference-disagreement=954 same=14762 tree-difference=3
[15757/100000] reference-disagreement wide:extension-member:raw:real:SyntaxTraits:814+statement:testTrailingTriviaIncludesNewline#2 len=104 artifacts=31 advent-overaccept=23 advent-underaccept=6 compiler-timeout=2 reference-disagreement=955 same=14768 tree-difference=3
[15758/100000] reference-disagreement wide:trailing-closure:space:real:SwiftSyntaxCompatibility:883+real:TokenSpecSet:531 len=943 artifacts=31 advent-overaccept=23 advent-underaccept=6 compiler-timeout=2 reference-disagreement=956 same=14768 tree-difference=3
[15759/100000] reference-disagreement keypath-boundary len=38 artifacts=31 advent-overaccept=23 advent-underaccept=6 compiler-timeout=2 reference-disagreement=957 same=14768 tree-difference=3
[15765/100000] reference-disagreement wide:func-body:raw:real:RawSyntaxNodeProtocol:64 len=368 artifacts=31 advent-overaccept=23 advent-underaccept=6 compiler-timeout=2 reference-disagreement=958 same=14773 tree-difference=3
[15770/100000] reference-disagreement wide:func-body:block-comment:expression:testKeyPathMethodAndInitializers#7 len=41 artifacts=31 advent-overaccept=23 advent-underaccept=6 compiler-timeout=2 reference-disagreement=959 same=14777 tree-difference=3
[15776/100000] reference-disagreement wide:struct-member:raw:attribute:testMacroRoleNames#9+reject:testCoroutineAccessors#1 len=146 artifacts=31 advent-overaccept=23 advent-underaccept=6 compiler-timeout=2 reference-disagreement=960 same=14782 tree-difference=3
[15795/100000] reference-disagreement wide:trailing-closure:raw:real:main:49+translated:testOperators18#1 len=114 artifacts=31 advent-overaccept=23 advent-underaccept=6 compiler-timeout=2 reference-disagreement=961 same=14800 tree-difference=3
[15816/100000] reference-disagreement attribute-ifconfig-elseif-list len=118 artifacts=31 advent-overaccept=23 advent-underaccept=6 compiler-timeout=2 reference-disagreement=962 same=14820 tree-difference=3
[15842/100000] reference-disagreement wide:func-body:keyword+block-comment:type:testInverseTypesInParameter#7 len=65 artifacts=31 advent-overaccept=23 advent-underaccept=6 compiler-timeout=2 reference-disagreement=963 same=14845 tree-difference=3
[15852/100000] reference-disagreement wide:func-body:raw:real:Syntax+StringInterpolation:320 len=62 artifacts=31 advent-overaccept=23 advent-underaccept=6 compiler-timeout=2 reference-disagreement=964 same=14854 tree-difference=3
[15873/100000] reference-disagreement attribute-ifconfig-elseif-list len=130 artifacts=31 advent-overaccept=23 advent-underaccept=6 compiler-timeout=2 reference-disagreement=965 same=14874 tree-difference=3
[15903/100000] reference-disagreement member-list-wide-boundary len=134 artifacts=31 advent-overaccept=23 advent-underaccept=6 compiler-timeout=2 reference-disagreement=966 same=14903 tree-difference=3
[15923/100000] reference-disagreement wide:struct-member:keyword+delete:real:ResultBuilders:544 len=207 artifacts=31 advent-overaccept=23 advent-underaccept=6 compiler-timeout=2 reference-disagreement=967 same=14922 tree-difference=3
[15949/100000] reference-disagreement wide:struct-member:newline:real:LayoutNodes+Parsable:87 len=233 artifacts=31 advent-overaccept=23 advent-underaccept=6 compiler-timeout=2 reference-disagreement=968 same=14947 tree-difference=3
[15962/100000] reference-disagreement wide:before-statement:raw:declaration:testModifiedParameter#2+declaration:testInitAccessor#3 len=148 artifacts=31 advent-overaccept=23 advent-underaccept=6 compiler-timeout=2 reference-disagreement=969 same=14959 tree-difference=3
[15987/100000] reference-disagreement wide:extension-member:space:real:ResultBuilderExtensions:97 len=394 artifacts=31 advent-overaccept=23 advent-underaccept=6 compiler-timeout=2 reference-disagreement=970 same=14983 tree-difference=3
[16000/100000] same wide:trailing-closure:splice+glue:real:SyntaxUtils:25 len=260 artifacts=31 advent-overaccept=23 advent-underaccept=6 compiler-timeout=2 reference-disagreement=970 same=14996 tree-difference=3
[16019/100000] reference-disagreement wide:extension-member:newline:declaration:testParseIsolatedConformances#2 len=49 artifacts=31 advent-overaccept=23 advent-underaccept=6 compiler-timeout=2 reference-disagreement=971 same=15014 tree-difference=3
[16021/100000] reference-disagreement binding-pattern len=458 artifacts=31 advent-overaccept=23 advent-underaccept=6 compiler-timeout=2 reference-disagreement=972 same=15015 tree-difference=3
[16028/100000] reference-disagreement keypath-component-matrix len=34 artifacts=31 advent-overaccept=23 advent-underaccept=6 compiler-timeout=2 reference-disagreement=973 same=15021 tree-difference=3
[16039/100000] reference-disagreement binding-pattern len=458 artifacts=31 advent-overaccept=23 advent-underaccept=6 compiler-timeout=2 reference-disagreement=974 same=15031 tree-difference=3
[16050/100000] reference-disagreement wide:trailing-closure:raw:real:Parameters:56 len=79 artifacts=31 advent-overaccept=23 advent-underaccept=6 compiler-timeout=2 reference-disagreement=975 same=15041 tree-difference=3
[16072/100000] reference-disagreement wide:func-body:splice:declaration:testReturnVariableNamedAsync#1 len=160 artifacts=31 advent-overaccept=23 advent-underaccept=6 compiler-timeout=2 reference-disagreement=976 same=15062 tree-difference=3
[16089/100000] reference-disagreement wide:func-body:glue+newline:real:SyntaxTraits:836 len=121 artifacts=31 advent-overaccept=23 advent-underaccept=6 compiler-timeout=2 reference-disagreement=977 same=15078 tree-difference=3
[16090/100000] reference-disagreement wide:before-statement:newline+newline:real:ResultBuilders:85+expression:testKeyPathMethodAndInitializers#19 len=171 artifacts=31 advent-overaccept=23 advent-underaccept=6 compiler-timeout=2 reference-disagreement=978 same=15078 tree-difference=3
[16118/100000] reference-disagreement cast-try-operator-cluster len=24 artifacts=31 advent-overaccept=23 advent-underaccept=6 compiler-timeout=2 reference-disagreement=979 same=15105 tree-difference=3
[16121/100000] reference-disagreement wide:closure:raw:real:RawSyntaxLayoutView:13+real:BuildableNodes:269 len=1297 artifacts=31 advent-overaccept=23 advent-underaccept=6 compiler-timeout=2 reference-disagreement=980 same=15107 tree-difference=3
[16122/100000] reference-disagreement wide:func-body:keyword:real:Syntax+Extensions:19 len=853 artifacts=31 advent-overaccept=23 advent-underaccept=6 compiler-timeout=2 reference-disagreement=981 same=15107 tree-difference=3
[16148/100000] reference-disagreement wide:func-body:line-comment+glue:real:LongTestsDisabled:19 len=194 artifacts=31 advent-overaccept=23 advent-underaccept=6 compiler-timeout=2 reference-disagreement=982 same=15132 tree-difference=3
[16179/100000] reference-disagreement grammarish-member-list len=190 artifacts=31 advent-overaccept=23 advent-underaccept=6 compiler-timeout=2 reference-disagreement=983 same=15162 tree-difference=3
[16196/100000] reference-disagreement wide:func-body:block-comment+newline+line-comment:real:SyntaxEditUtils:22+translated:testInitDeinit27#1 len=242 artifacts=31 advent-overaccept=23 advent-underaccept=6 compiler-timeout=2 reference-disagreement=984 same=15178 tree-difference=3
[16223/100000] reference-disagreement seed-corpus-mutated:member-list-ifconfig-semicolon len=164 artifacts=31 advent-overaccept=23 advent-underaccept=6 compiler-timeout=2 reference-disagreement=985 same=15204 tree-difference=3
[16250/100000] same wide:top:block-comment+swap:phase4-accessor:accessor-modifier len=51 artifacts=31 advent-overaccept=23 advent-underaccept=6 compiler-timeout=2 reference-disagreement=985 same=15231 tree-difference=3
[16256/100000] reference-disagreement wide:struct-member:raw:real:GrammarNode:303 len=1192 artifacts=31 advent-overaccept=23 advent-underaccept=6 compiler-timeout=2 reference-disagreement=986 same=15236 tree-difference=3
[16257/100000] reference-disagreement member-list-wide-boundary len=111 artifacts=31 advent-overaccept=23 advent-underaccept=6 compiler-timeout=2 reference-disagreement=987 same=15236 tree-difference=3
[16259/100000] reference-disagreement wide:before-statement:block-comment:translated:testEffectfulProperties8#1 len=124 artifacts=31 advent-overaccept=23 advent-underaccept=6 compiler-timeout=2 reference-disagreement=988 same=15237 tree-difference=3
[16287/100000] reference-disagreement wide:struct-member:glue:real:LayoutNodes+Parsable:55 len=196 artifacts=31 advent-overaccept=23 advent-underaccept=6 compiler-timeout=2 reference-disagreement=989 same=15264 tree-difference=3
[16362/100000] reference-disagreement wide:struct-member:raw:reject:testModuleSelectorType#3 len=39 artifacts=31 advent-overaccept=23 advent-underaccept=6 compiler-timeout=2 reference-disagreement=990 same=15338 tree-difference=3
[16367/100000] reference-disagreement statement-list len=534 artifacts=31 advent-overaccept=23 advent-underaccept=6 compiler-timeout=2 reference-disagreement=991 same=15342 tree-difference=3
[16376/100000] reference-disagreement wide:trailing-closure:newline+keyword+space:expression:testKeyPathMethodAndInitializers#2 len=27 artifacts=31 advent-overaccept=23 advent-underaccept=6 compiler-timeout=2 reference-disagreement=992 same=15350 tree-difference=3
[16377/100000] advent-overaccept wide:trailing-closure:glue:real:MacroArgument:149 len=541 artifacts=32 advent-overaccept=24 advent-underaccept=6 compiler-timeout=2 reference-disagreement=992 same=15350 tree-difference=3
[16384/100000] reference-disagreement wide:extension-member:raw:real:Trivia:132+statement:testYield#2 len=666 artifacts=32 advent-overaccept=24 advent-underaccept=6 compiler-timeout=2 reference-disagreement=993 same=15356 tree-difference=3
[16400/100000] reference-disagreement grammarish-member-list len=174 artifacts=32 advent-overaccept=24 advent-underaccept=6 compiler-timeout=2 reference-disagreement=994 same=15371 tree-difference=3
[16403/100000] reference-disagreement keypath-boundary len=38 artifacts=32 advent-overaccept=24 advent-underaccept=6 compiler-timeout=2 reference-disagreement=995 same=15373 tree-difference=3
[16421/100000] reference-disagreement wide:struct-member:glue+line-comment:real:SyntaxExpressibleByStringInterpolationConformances:61 len=90 artifacts=32 advent-overaccept=24 advent-underaccept=6 compiler-timeout=2 reference-disagreement=996 same=15390 tree-difference=3
[16422/100000] reference-disagreement wide:extension-member:block-comment+newline+glue:attribute:testABIAttribute#16 len=112 artifacts=32 advent-overaccept=24 advent-underaccept=6 compiler-timeout=2 reference-disagreement=997 same=15390 tree-difference=3
[16435/100000] reference-disagreement wide:closure:raw:real:ResultBuilders:654 len=187 artifacts=32 advent-overaccept=24 advent-underaccept=6 compiler-timeout=2 reference-disagreement=998 same=15402 tree-difference=3
[16439/100000] reference-disagreement wide:trailing-closure:raw:attribute:testUnavailableFromAsync#3 len=58 artifacts=32 advent-overaccept=24 advent-underaccept=6 compiler-timeout=2 reference-disagreement=999 same=15405 tree-difference=3
[16445/100000] reference-disagreement wide:top:splice+swap:translated:testInitDeinit19#1 len=47 artifacts=32 advent-overaccept=24 advent-underaccept=6 compiler-timeout=2 reference-disagreement=1000 same=15410 tree-difference=3
[16458/100000] reference-disagreement tspl-divergence-protocol-body len=188 artifacts=32 advent-overaccept=24 advent-underaccept=6 compiler-timeout=2 reference-disagreement=1001 same=15422 tree-difference=3
[16459/100000] reference-disagreement tspl-divergence-protocol-body len=199 artifacts=32 advent-overaccept=24 advent-underaccept=6 compiler-timeout=2 reference-disagreement=1002 same=15422 tree-difference=3
[16465/100000] reference-disagreement keypath-component-matrix len=41 artifacts=32 advent-overaccept=24 advent-underaccept=6 compiler-timeout=2 reference-disagreement=1003 same=15427 tree-difference=3
[16479/100000] reference-disagreement tspl-divergence-accessor-commitment len=78 artifacts=32 advent-overaccept=24 advent-underaccept=6 compiler-timeout=2 reference-disagreement=1004 same=15440 tree-difference=3
[16482/100000] reference-disagreement wide:func-body:newline+glue:real:CompilerPlugin:57 len=104 artifacts=32 advent-overaccept=24 advent-underaccept=6 compiler-timeout=2 reference-disagreement=1005 same=15442 tree-difference=3
[16500/100000] same pattern-matrix-boundary len=522 artifacts=32 advent-overaccept=24 advent-underaccept=6 compiler-timeout=2 reference-disagreement=1005 same=15460 tree-difference=3
[16504/100000] reference-disagreement wide:closure:raw:translated:testModuleSelectorAttrs#3 len=97 artifacts=32 advent-overaccept=24 advent-underaccept=6 compiler-timeout=2 reference-disagreement=1006 same=15463 tree-difference=3
[16516/100000] reference-disagreement wide:func-body:keyword+newline+newline:real:SyntaxTraits:682 len=108 artifacts=32 advent-overaccept=24 advent-underaccept=6 compiler-timeout=2 reference-disagreement=1007 same=15474 tree-difference=3
[16536/100000] reference-disagreement member-list-wide-boundary len=78 artifacts=32 advent-overaccept=24 advent-underaccept=6 compiler-timeout=2 reference-disagreement=1008 same=15493 tree-difference=3
[16555/100000] reference-disagreement keypath-component-matrix len=41 artifacts=32 advent-overaccept=24 advent-underaccept=6 compiler-timeout=2 reference-disagreement=1009 same=15511 tree-difference=3
[16557/100000] reference-disagreement wide:closure:duplicate+newline:real:SyntaxCollections:251+translated:testEnumCaseWithWildcardAsFirstName#2 len=525 artifacts=32 advent-overaccept=24 advent-underaccept=6 compiler-timeout=2 reference-disagreement=1010 same=15512 tree-difference=3
[16573/100000] reference-disagreement wide:trailing-closure:glue:real:MacroSystem:1573+translated:testMatchingPatterns7#1 len=874 artifacts=32 advent-overaccept=24 advent-underaccept=6 compiler-timeout=2 reference-disagreement=1011 same=15527 tree-difference=3
[16577/100000] reference-disagreement member-list-wide-boundary len=527 artifacts=32 advent-overaccept=24 advent-underaccept=6 compiler-timeout=2 reference-disagreement=1012 same=15530 tree-difference=3
[16582/100000] reference-disagreement keypath-boundary len=33 artifacts=32 advent-overaccept=24 advent-underaccept=6 compiler-timeout=2 reference-disagreement=1013 same=15534 tree-difference=3
[16598/100000] reference-disagreement wide:closure:line-comment:real:ParserDiagnosticMessages:539+real:SyntaxBaseNodes:1346 len=1209 artifacts=32 advent-overaccept=24 advent-underaccept=6 compiler-timeout=2 reference-disagreement=1014 same=15549 tree-difference=3
[16639/100000] reference-disagreement wide:trailing-closure:glue:real:ParserDiagnosticMessages:665+translated:testRegex6#1 len=279 artifacts=32 advent-overaccept=24 advent-underaccept=6 compiler-timeout=2 reference-disagreement=1015 same=15589 tree-difference=3
[16654/100000] reference-disagreement wide:extension-member:line-comment:real:SyntaxExpressibleByStringInterpolationConformances:265 len=103 artifacts=32 advent-overaccept=24 advent-underaccept=6 compiler-timeout=2 reference-disagreement=1016 same=15603 tree-difference=3
[16685/100000] reference-disagreement wide:trailing-closure:line-comment+glue:real:ScopeImplementations:381 len=168 artifacts=32 advent-overaccept=24 advent-underaccept=6 compiler-timeout=2 reference-disagreement=1017 same=15633 tree-difference=3
[16709/100000] reference-disagreement tspl-divergence-protocol-body len=209 artifacts=32 advent-overaccept=24 advent-underaccept=6 compiler-timeout=2 reference-disagreement=1018 same=15656 tree-difference=3
[16717/100000] reference-disagreement attribute-ifconfig-elseif-list len=130 artifacts=32 advent-overaccept=24 advent-underaccept=6 compiler-timeout=2 reference-disagreement=1019 same=15663 tree-difference=3
[16735/100000] reference-disagreement wide:struct-member:space:translated:testOperatorDecl17#1 len=93 artifacts=32 advent-overaccept=24 advent-underaccept=6 compiler-timeout=2 reference-disagreement=1020 same=15680 tree-difference=3
[16750/100000] same func-body len=471 artifacts=32 advent-overaccept=24 advent-underaccept=6 compiler-timeout=2 reference-disagreement=1020 same=15695 tree-difference=3
[16763/100000] reference-disagreement wide:interpolation:keyword+keyword:expression:testClosureParameterWithAttribute#3 len=94 artifacts=32 advent-overaccept=24 advent-underaccept=6 compiler-timeout=2 reference-disagreement=1021 same=15707 tree-difference=3
[16785/100000] reference-disagreement wide:top:space+keyword:translated:testEffectfulProperties5#1 len=97 artifacts=32 advent-overaccept=24 advent-underaccept=6 compiler-timeout=2 reference-disagreement=1022 same=15728 tree-difference=3
[16786/100000] reference-disagreement wide:closure:line-comment+line-comment:real:DeclSyntaxParseable:57 len=92 artifacts=32 advent-overaccept=24 advent-underaccept=6 compiler-timeout=2 reference-disagreement=1023 same=15728 tree-difference=3
[16793/100000] reference-disagreement keypath-boundary len=40 artifacts=32 advent-overaccept=24 advent-underaccept=6 compiler-timeout=2 reference-disagreement=1024 same=15734 tree-difference=3
[16799/100000] reference-disagreement wide:func-body:line-comment:real:SyntaxTraits:842 len=65 artifacts=32 advent-overaccept=24 advent-underaccept=6 compiler-timeout=2 reference-disagreement=1025 same=15739 tree-difference=3
[16809/100000] advent-overaccept wide:after-statement:keyword+newline:translated:testDiagnoseAvailability15#1 len=97 artifacts=33 advent-overaccept=25 advent-underaccept=6 compiler-timeout=2 reference-disagreement=1025 same=15748 tree-difference=3
[16819/100000] reference-disagreement attribute-ifconfig-elseif-list len=107 artifacts=33 advent-overaccept=25 advent-underaccept=6 compiler-timeout=2 reference-disagreement=1026 same=15757 tree-difference=3
[16836/100000] reference-disagreement keypath-component-matrix len=53 artifacts=33 advent-overaccept=25 advent-underaccept=6 compiler-timeout=2 reference-disagreement=1027 same=15773 tree-difference=3
[16845/100000] reference-disagreement member-list-wide-boundary len=461 artifacts=33 advent-overaccept=25 advent-underaccept=6 compiler-timeout=2 reference-disagreement=1028 same=15781 tree-difference=3
[16860/100000] reference-disagreement attribute-boundary len=41 artifacts=33 advent-overaccept=25 advent-underaccept=6 compiler-timeout=2 reference-disagreement=1029 same=15795 tree-difference=3
[16867/100000] reference-disagreement wide:ifconfig:raw:translated:testEffectfulProperties5#1 len=116 artifacts=33 advent-overaccept=25 advent-underaccept=6 compiler-timeout=2 reference-disagreement=1030 same=15801 tree-difference=3
[16885/100000] reference-disagreement wide:struct-member:newline:real:SyntaxExpressibleByStringInterpolationConformances:166 len=98 artifacts=33 advent-overaccept=25 advent-underaccept=6 compiler-timeout=2 reference-disagreement=1031 same=15818 tree-difference=3
[16893/100000] reference-disagreement wide:closure:raw:real:DeclSyntaxParseable:24 len=80 artifacts=33 advent-overaccept=25 advent-underaccept=6 compiler-timeout=2 reference-disagreement=1032 same=15825 tree-difference=3
[16907/100000] reference-disagreement wide:trailing-closure:newline+line-comment:real:SyntaxExpressibleByStringInterpolationConformances:73 len=192 artifacts=33 advent-overaccept=25 advent-underaccept=6 compiler-timeout=2 reference-disagreement=1033 same=15838 tree-difference=3
[16919/100000] advent-overaccept wide:func-body:newline:reject:testOperatorDecl4#1 len=46 artifacts=34 advent-overaccept=26 advent-underaccept=6 compiler-timeout=2 reference-disagreement=1033 same=15849 tree-difference=3
[16923/100000] reference-disagreement tspl-divergence-protocol-body len=187 artifacts=34 advent-overaccept=26 advent-underaccept=6 compiler-timeout=2 reference-disagreement=1034 same=15852 tree-difference=3
[16927/100000] reference-disagreement wide:before-statement:block-comment+space+splice:attribute:testSilgenName#1 len=90 artifacts=34 advent-overaccept=26 advent-underaccept=6 compiler-timeout=2 reference-disagreement=1035 same=15855 tree-difference=3
[16928/100000] reference-disagreement tspl-divergence-protocol-body len=130 artifacts=34 advent-overaccept=26 advent-underaccept=6 compiler-timeout=2 reference-disagreement=1036 same=15855 tree-difference=3
[16952/100000] reference-disagreement wide:closure:keyword:real:StandardIOMessageConnection:168 len=395 artifacts=34 advent-overaccept=26 advent-underaccept=6 compiler-timeout=2 reference-disagreement=1037 same=15878 tree-difference=3
[16958/100000] reference-disagreement wide:extension-member:newline:attribute:testUnavailableFromAsync#4 len=69 artifacts=34 advent-overaccept=26 advent-underaccept=6 compiler-timeout=2 reference-disagreement=1038 same=15883 tree-difference=3
[16965/100000] reference-disagreement member-list-wide-boundary len=112 artifacts=34 advent-overaccept=26 advent-underaccept=6 compiler-timeout=2 reference-disagreement=1039 same=15889 tree-difference=3
[16967/100000] reference-disagreement wide:extension-member:raw:real:GrammarNode:49+real:SyntaxTraits:716 len=239 artifacts=34 advent-overaccept=26 advent-underaccept=6 compiler-timeout=2 reference-disagreement=1040 same=15890 tree-difference=3
[17000/100000] same frontier:protocol-accessor-shape len=67 artifacts=34 advent-overaccept=26 advent-underaccept=6 compiler-timeout=2 reference-disagreement=1040 same=15923 tree-difference=3
[17048/100000] reference-disagreement wide:closure:raw:real:SyntaxExtensions:198 len=162 artifacts=34 advent-overaccept=26 advent-underaccept=6 compiler-timeout=2 reference-disagreement=1041 same=15970 tree-difference=3
[17052/100000] reference-disagreement wide:func-body:block-comment:translated:testSubscripting20#1+real:SyntaxChildren:16 len=523 artifacts=34 advent-overaccept=26 advent-underaccept=6 compiler-timeout=2 reference-disagreement=1042 same=15973 tree-difference=3
[17060/100000] reference-disagreement wide:extension-member:line-comment:translated:testEffectfulProperties6#1 len=127 artifacts=34 advent-overaccept=26 advent-underaccept=6 compiler-timeout=2 reference-disagreement=1043 same=15980 tree-difference=3
[17062/100000] reference-disagreement attribute-boundary len=45 artifacts=34 advent-overaccept=26 advent-underaccept=6 compiler-timeout=2 reference-disagreement=1044 same=15981 tree-difference=3
[17080/100000] reference-disagreement wide:ifconfig:block-comment:translated:testDiagnoseAvailability5#1 len=99 artifacts=34 advent-overaccept=26 advent-underaccept=6 compiler-timeout=2 reference-disagreement=1045 same=15998 tree-difference=3
[17107/100000] reference-disagreement attribute-ifconfig-elseif-list len=139 artifacts=34 advent-overaccept=26 advent-underaccept=6 compiler-timeout=2 reference-disagreement=1046 same=16024 tree-difference=3
[17126/100000] reference-disagreement tspl-divergence-protocol-body len=186 artifacts=34 advent-overaccept=26 advent-underaccept=6 compiler-timeout=2 reference-disagreement=1047 same=16042 tree-difference=3
[17136/100000] reference-disagreement wide:func-body:splice+splice+line-comment:expression:testTypedThrowsDisambiguation#1+real:ResultBuilders:193 len=227 artifacts=34 advent-overaccept=26 advent-underaccept=6 compiler-timeout=2 reference-disagreement=1048 same=16051 tree-difference=3
[17150/100000] reference-disagreement tspl-divergence-protocol-body len=131 artifacts=34 advent-overaccept=26 advent-underaccept=6 compiler-timeout=2 reference-disagreement=1049 same=16064 tree-difference=3
[17153/100000] reference-disagreement wide:closure:newline+glue:real:SyntaxExpressibleByStringInterpolationConformances:109 len=180 artifacts=34 advent-overaccept=26 advent-underaccept=6 compiler-timeout=2 reference-disagreement=1050 same=16066 tree-difference=3
[17168/100000] reference-disagreement grammarish-member-list len=249 artifacts=34 advent-overaccept=26 advent-underaccept=6 compiler-timeout=2 reference-disagreement=1051 same=16080 tree-difference=3
[17176/100000] reference-disagreement declaration-modifier-stack len=34 artifacts=34 advent-overaccept=26 advent-underaccept=6 compiler-timeout=2 reference-disagreement=1052 same=16087 tree-difference=3
[17200/100000] reference-disagreement tspl-divergence-protocol-body len=177 artifacts=34 advent-overaccept=26 advent-underaccept=6 compiler-timeout=2 reference-disagreement=1053 same=16110 tree-difference=3
[17213/100000] reference-disagreement wide:func-body:glue+newline:real:IdentifiableSyntax:46 len=120 artifacts=34 advent-overaccept=26 advent-underaccept=6 compiler-timeout=2 reference-disagreement=1054 same=16122 tree-difference=3
[17222/100000] reference-disagreement wide:extension-member:glue+newline+block-comment:real:SyntaxTraits:352 len=699 artifacts=34 advent-overaccept=26 advent-underaccept=6 compiler-timeout=2 reference-disagreement=1055 same=16130 tree-difference=3
[17247/100000] reference-disagreement wide:trailing-closure:space+newline+newline:real:SyntaxTraits:788 len=79 artifacts=34 advent-overaccept=26 advent-underaccept=6 compiler-timeout=2 reference-disagreement=1056 same=16154 tree-difference=3
[17250/100000] same enum-case-pattern-boundary len=163 artifacts=34 advent-overaccept=26 advent-underaccept=6 compiler-timeout=2 reference-disagreement=1056 same=16157 tree-difference=3
[17252/100000] reference-disagreement wide:func-body:raw:translated:testMatchingPatterns8#1+real:SyntaxCollections:1024 len=498 artifacts=34 advent-overaccept=26 advent-underaccept=6 compiler-timeout=2 reference-disagreement=1057 same=16158 tree-difference=3
[17275/100000] reference-disagreement wide:func-body:glue:real:SyntaxTraits:760 len=83 artifacts=34 advent-overaccept=26 advent-underaccept=6 compiler-timeout=2 reference-disagreement=1058 same=16180 tree-difference=3
[17276/100000] reference-disagreement wide:after-statement:newline+newline+line-comment:attribute:testEscapingOnClosureType#1 len=68 artifacts=34 advent-overaccept=26 advent-underaccept=6 compiler-timeout=2 reference-disagreement=1059 same=16180 tree-difference=3
[17281/100000] reference-disagreement wide:func-body:raw:declaration:testImports#3 len=57 artifacts=34 advent-overaccept=26 advent-underaccept=6 compiler-timeout=2 reference-disagreement=1060 same=16184 tree-difference=3
[17312/100000] reference-disagreement tspl-divergence-protocol-body len=229 artifacts=34 advent-overaccept=26 advent-underaccept=6 compiler-timeout=2 reference-disagreement=1061 same=16214 tree-difference=3
[17321/100000] reference-disagreement wide:trailing-closure:newline:real:SyntaxExpressibleByStringInterpolationConformances:127 len=159 artifacts=34 advent-overaccept=26 advent-underaccept=6 compiler-timeout=2 reference-disagreement=1062 same=16222 tree-difference=3
[17339/100000] reference-disagreement tspl-divergence-protocol-body len=167 artifacts=34 advent-overaccept=26 advent-underaccept=6 compiler-timeout=2 reference-disagreement=1063 same=16239 tree-difference=3
[17344/100000] reference-disagreement wide:func-body:raw:real:ResultBuilders:441+phase4-macro:inout-arg len=245 artifacts=34 advent-overaccept=26 advent-underaccept=6 compiler-timeout=2 reference-disagreement=1064 same=16243 tree-difference=3
[17348/100000] reference-disagreement tspl-divergence-protocol-body len=189 artifacts=34 advent-overaccept=26 advent-underaccept=6 compiler-timeout=2 reference-disagreement=1065 same=16246 tree-difference=3
[17350/100000] reference-disagreement wide:struct-member:keyword:real:Expressions:2835 len=362 artifacts=34 advent-overaccept=26 advent-underaccept=6 compiler-timeout=2 reference-disagreement=1066 same=16247 tree-difference=3
[17357/100000] reference-disagreement tspl-divergence-protocol-body len=141 artifacts=34 advent-overaccept=26 advent-underaccept=6 compiler-timeout=2 reference-disagreement=1067 same=16253 tree-difference=3
[17365/100000] reference-disagreement tspl-divergence-accessor-commitment len=78 artifacts=34 advent-overaccept=26 advent-underaccept=6 compiler-timeout=2 reference-disagreement=1068 same=16260 tree-difference=3
[17374/100000] reference-disagreement wide:struct-member:newline:real:Parser:447 len=50 artifacts=34 advent-overaccept=26 advent-underaccept=6 compiler-timeout=2 reference-disagreement=1069 same=16268 tree-difference=3
[17387/100000] reference-disagreement tspl-divergence-protocol-body len=103 artifacts=34 advent-overaccept=26 advent-underaccept=6 compiler-timeout=2 reference-disagreement=1070 same=16280 tree-difference=3
[17415/100000] reference-disagreement wide:struct-member:raw:real:IndentationUtils:77 len=780 artifacts=34 advent-overaccept=26 advent-underaccept=6 compiler-timeout=2 reference-disagreement=1071 same=16307 tree-difference=3
[17416/100000] reference-disagreement tspl-divergence-protocol-body len=108 artifacts=34 advent-overaccept=26 advent-underaccept=6 compiler-timeout=2 reference-disagreement=1072 same=16307 tree-difference=3
[17436/100000] reference-disagreement wide:ifconfig:raw:real:SyntaxNodeWithBody:101+translated:testInitDeinit28#1 len=110 artifacts=34 advent-overaccept=26 advent-underaccept=6 compiler-timeout=2 reference-disagreement=1073 same=16326 tree-difference=3
[17439/100000] reference-disagreement member-list-wide-boundary len=194 artifacts=34 advent-overaccept=26 advent-underaccept=6 compiler-timeout=2 reference-disagreement=1074 same=16328 tree-difference=3
[17458/100000] reference-disagreement attribute-ifconfig-elseif-list len=137 artifacts=34 advent-overaccept=26 advent-underaccept=6 compiler-timeout=2 reference-disagreement=1075 same=16346 tree-difference=3
[17463/100000] reference-disagreement wide:extension-member:space:real:SyntaxEditUtils:166 len=300 artifacts=34 advent-overaccept=26 advent-underaccept=6 compiler-timeout=2 reference-disagreement=1076 same=16350 tree-difference=3
[17465/100000] reference-disagreement wide:extension-member:newline:real:ConvenienceInitializers:23 len=430 artifacts=34 advent-overaccept=26 advent-underaccept=6 compiler-timeout=2 reference-disagreement=1077 same=16351 tree-difference=3
[17467/100000] reference-disagreement tspl-divergence-protocol-body len=193 artifacts=34 advent-overaccept=26 advent-underaccept=6 compiler-timeout=2 reference-disagreement=1078 same=16352 tree-difference=3
[17475/100000] reference-disagreement binding-pattern len=458 artifacts=34 advent-overaccept=26 advent-underaccept=6 compiler-timeout=2 reference-disagreement=1079 same=16359 tree-difference=3
[17500/100000] same wide:before-statement:raw:real:ListBuilder:108 len=338 artifacts=34 advent-overaccept=26 advent-underaccept=6 compiler-timeout=2 reference-disagreement=1079 same=16384 tree-difference=3
[17524/100000] reference-disagreement nested-ifconfig-boundary len=146 artifacts=34 advent-overaccept=26 advent-underaccept=6 compiler-timeout=2 reference-disagreement=1080 same=16407 tree-difference=3
[17535/100000] reference-disagreement wide:struct-member:raw:translated:testObjcEnum2#1+real:MissingNodeInitializers:119 len=285 artifacts=34 advent-overaccept=26 advent-underaccept=6 compiler-timeout=2 reference-disagreement=1081 same=16417 tree-difference=3
[17543/100000] reference-disagreement wide:struct-member:raw:real:SyntaxTraits:774 len=65 artifacts=34 advent-overaccept=26 advent-underaccept=6 compiler-timeout=2 reference-disagreement=1082 same=16424 tree-difference=3
[17556/100000] reference-disagreement wide:closure:block-comment:real:ApusTerminals:101+real:ResultBuilders:728 len=518 artifacts=34 advent-overaccept=26 advent-underaccept=6 compiler-timeout=2 reference-disagreement=1083 same=16436 tree-difference=3
[17580/100000] reference-disagreement wide:struct-member:raw:real:SyntaxExpressibleByStringInterpolationConformances:67 len=106 artifacts=34 advent-overaccept=26 advent-underaccept=6 compiler-timeout=2 reference-disagreement=1084 same=16459 tree-difference=3
[17583/100000] reference-disagreement wide:extension-member:line-comment+newline:real:DeclSyntaxParseable:44 len=74 artifacts=34 advent-overaccept=26 advent-underaccept=6 compiler-timeout=2 reference-disagreement=1085 same=16461 tree-difference=3
[17589/100000] reference-disagreement tspl-divergence-protocol-body len=145 artifacts=34 advent-overaccept=26 advent-underaccept=6 compiler-timeout=2 reference-disagreement=1086 same=16466 tree-difference=3
[17598/100000] reference-disagreement wide:extension-member:raw:real:ParserDiagnosticMessages:48 len=358 artifacts=34 advent-overaccept=26 advent-underaccept=6 compiler-timeout=2 reference-disagreement=1087 same=16474 tree-difference=3
[17599/100000] reference-disagreement wide:struct-member:raw:real:ActiveSyntaxRewriter:433 len=337 artifacts=34 advent-overaccept=26 advent-underaccept=6 compiler-timeout=2 reference-disagreement=1088 same=16474 tree-difference=3
[17649/100000] reference-disagreement wide:struct-member:newline:real:BasicDiagnosticDecorator:13 len=176 artifacts=34 advent-overaccept=26 advent-underaccept=6 compiler-timeout=2 reference-disagreement=1089 same=16523 tree-difference=3
[17652/100000] reference-disagreement attribute-ifconfig-elseif-list len=103 artifacts=34 advent-overaccept=26 advent-underaccept=6 compiler-timeout=2 reference-disagreement=1090 same=16525 tree-difference=3
[17654/100000] reference-disagreement wide:closure:newline+keyword:real:RenamedChildrenBuilderCompatibility:547 len=1049 artifacts=34 advent-overaccept=26 advent-underaccept=6 compiler-timeout=2 reference-disagreement=1091 same=16526 tree-difference=3
[17673/100000] reference-disagreement wide:func-body:block-comment:translated:testSwitch52#1 len=103 artifacts=34 advent-overaccept=26 advent-underaccept=6 compiler-timeout=2 reference-disagreement=1092 same=16544 tree-difference=3
[17682/100000] reference-disagreement func-body len=458 artifacts=34 advent-overaccept=26 advent-underaccept=6 compiler-timeout=2 reference-disagreement=1093 same=16552 tree-difference=3
[17687/100000] reference-disagreement wide:struct-member:line-comment+newline+duplicate:real:Syntax+StringInterpolation:289 len=71 artifacts=34 advent-overaccept=26 advent-underaccept=6 compiler-timeout=2 reference-disagreement=1094 same=16556 tree-difference=3
[17701/100000] reference-disagreement wide:closure:raw:real:SyntaxTraits:571 len=136 artifacts=34 advent-overaccept=26 advent-underaccept=6 compiler-timeout=2 reference-disagreement=1095 same=16569 tree-difference=3
[17708/100000] reference-disagreement wide:struct-member:raw:translated:testInitDeinit18#1 len=94 artifacts=34 advent-overaccept=26 advent-underaccept=6 compiler-timeout=2 reference-disagreement=1096 same=16575 tree-difference=3
[17750/100000] same frontier:interpolation-delimiter len=352 artifacts=34 advent-overaccept=26 advent-underaccept=6 compiler-timeout=2 reference-disagreement=1096 same=16617 tree-difference=3
[17751/100000] reference-disagreement wide:func-body:raw:real:SyntaxExpressibleByStringInterpolationConformances:109 len=174 artifacts=34 advent-overaccept=26 advent-underaccept=6 compiler-timeout=2 reference-disagreement=1097 same=16617 tree-difference=3
[17767/100000] reference-disagreement wide:func-body:newline:real:SyntaxTraits:258 len=474 artifacts=34 advent-overaccept=26 advent-underaccept=6 compiler-timeout=2 reference-disagreement=1098 same=16632 tree-difference=3
[17777/100000] reference-disagreement wide:closure:block-comment+space:real:ResultBuilders:193 len=199 artifacts=34 advent-overaccept=26 advent-underaccept=6 compiler-timeout=2 reference-disagreement=1099 same=16641 tree-difference=3
[17779/100000] compiler-timeout wide:interpolation:raw:translated:testForwardSlashRegex137#1 len=22 artifacts=34 advent-overaccept=26 advent-underaccept=6 compiler-timeout=3 reference-disagreement=1099 same=16642 tree-difference=3
[17782/100000] reference-disagreement wide:closure:raw:real:ParserDiagnosticMessages:799 len=414 artifacts=34 advent-overaccept=26 advent-underaccept=6 compiler-timeout=3 reference-disagreement=1100 same=16644 tree-difference=3
[17785/100000] reference-disagreement wide:closure:newline+line-comment:real:StandardIOMessageConnection:28 len=61 artifacts=34 advent-overaccept=26 advent-underaccept=6 compiler-timeout=3 reference-disagreement=1101 same=16646 tree-difference=3
[17817/100000] reference-disagreement tspl-divergence-protocol-body len=259 artifacts=34 advent-overaccept=26 advent-underaccept=6 compiler-timeout=3 reference-disagreement=1102 same=16677 tree-difference=3
[17820/100000] reference-disagreement func-body len=458 artifacts=34 advent-overaccept=26 advent-underaccept=6 compiler-timeout=3 reference-disagreement=1103 same=16679 tree-difference=3
[17846/100000] reference-disagreement attribute-boundary len=32 artifacts=34 advent-overaccept=26 advent-underaccept=6 compiler-timeout=3 reference-disagreement=1104 same=16704 tree-difference=3
[17869/100000] reference-disagreement wide:ifconfig:splice:translated:testSwitch14#1 len=52 artifacts=34 advent-overaccept=26 advent-underaccept=6 compiler-timeout=3 reference-disagreement=1105 same=16726 tree-difference=3
[17878/100000] reference-disagreement wide:trailing-closure:raw:translated:testOperatorDecl5#1 len=35 artifacts=34 advent-overaccept=26 advent-underaccept=6 compiler-timeout=3 reference-disagreement=1106 same=16734 tree-difference=3
[17909/100000] reference-disagreement declaration-modifier-stack len=34 artifacts=34 advent-overaccept=26 advent-underaccept=6 compiler-timeout=3 reference-disagreement=1107 same=16764 tree-difference=3
[17970/100000] reference-disagreement wide:closure:newline:attribute:testABIAttribute#15 len=47 artifacts=34 advent-overaccept=26 advent-underaccept=6 compiler-timeout=3 reference-disagreement=1108 same=16824 tree-difference=3
[17989/100000] reference-disagreement tspl-divergence-protocol-body len=269 artifacts=34 advent-overaccept=26 advent-underaccept=6 compiler-timeout=3 reference-disagreement=1109 same=16842 tree-difference=3
[17998/100000] reference-disagreement wide:closure:keyword+splice:real:LayoutNodes+Parsable:127 len=192 artifacts=34 advent-overaccept=26 advent-underaccept=6 compiler-timeout=3 reference-disagreement=1110 same=16850 tree-difference=3
[18000/100000] reference-disagreement wide:func-body:line-comment:translated:testSwitch14#1 len=59 artifacts=34 advent-overaccept=26 advent-underaccept=6 compiler-timeout=3 reference-disagreement=1111 same=16851 tree-difference=3
[18008/100000] reference-disagreement wide:func-body:raw:attribute:testBackDeployed#6 len=133 artifacts=34 advent-overaccept=26 advent-underaccept=6 compiler-timeout=3 reference-disagreement=1112 same=16858 tree-difference=3
[18025/100000] reference-disagreement wide:trailing-closure:glue+line-comment:translated:testTry35#1+declaration:testParseDynamicReplacement#4 len=200 artifacts=34 advent-overaccept=26 advent-underaccept=6 compiler-timeout=3 reference-disagreement=1113 same=16874 tree-difference=3
[18039/100000] reference-disagreement wide:func-body:newline+space+glue:real:SyntaxExpressibleByStringInterpolationConformances:205 len=80 artifacts=34 advent-overaccept=26 advent-underaccept=6 compiler-timeout=3 reference-disagreement=1114 same=16887 tree-difference=3
[18046/100000] reference-disagreement wide:after-statement:raw:translated:testAsync16#1 len=51 artifacts=34 advent-overaccept=26 advent-underaccept=6 compiler-timeout=3 reference-disagreement=1115 same=16893 tree-difference=3
[18070/100000] reference-disagreement wide:ifconfig:splice:translated:testOperatorDeclDesignatedTypes10#1 len=52 artifacts=34 advent-overaccept=26 advent-underaccept=6 compiler-timeout=3 reference-disagreement=1116 same=16916 tree-difference=3
[18101/100000] reference-disagreement tspl-divergence-accessor-commitment len=49 artifacts=34 advent-overaccept=26 advent-underaccept=6 compiler-timeout=3 reference-disagreement=1117 same=16946 tree-difference=3
[18120/100000] advent-underaccept wide:top:swap+newline+splice:reject:testForwardSlashRegex145#1 len=17 artifacts=35 advent-overaccept=26 advent-underaccept=7 compiler-timeout=3 reference-disagreement=1117 same=16964 tree-difference=3
[18121/100000] reference-disagreement wide:extension-member:newline+newline+glue:real:DeclSyntaxParseable:61 len=72 artifacts=35 advent-overaccept=26 advent-underaccept=7 compiler-timeout=3 reference-disagreement=1118 same=16964 tree-difference=3
[18149/100000] reference-disagreement wide:interpolation:block-comment+splice+keyword:expression:testClosureParameterWithAttribute#3 len=99 artifacts=35 advent-overaccept=26 advent-underaccept=7 compiler-timeout=3 reference-disagreement=1119 same=16991 tree-difference=3
[18170/100000] reference-disagreement grammarish-member-list len=110 artifacts=35 advent-overaccept=26 advent-underaccept=7 compiler-timeout=3 reference-disagreement=1120 same=17011 tree-difference=3
[18189/100000] reference-disagreement member-list-wide-boundary len=253 artifacts=35 advent-overaccept=26 advent-underaccept=7 compiler-timeout=3 reference-disagreement=1121 same=17029 tree-difference=3
[18203/100000] reference-disagreement wide:extension-member:line-comment:translated:testOperators13#1+real:TokenSequence:188 len=313 artifacts=35 advent-overaccept=26 advent-underaccept=7 compiler-timeout=3 reference-disagreement=1122 same=17042 tree-difference=3
[18223/100000] reference-disagreement member-list-wide-boundary len=340 artifacts=35 advent-overaccept=26 advent-underaccept=7 compiler-timeout=3 reference-disagreement=1123 same=17061 tree-difference=3
[18228/100000] reference-disagreement keypath-component-matrix len=45 artifacts=35 advent-overaccept=26 advent-underaccept=7 compiler-timeout=3 reference-disagreement=1124 same=17065 tree-difference=3
[18250/100000] same wide:func-body:newline+delete:translated:testForwardSlashRegex157#1 len=23 artifacts=35 advent-overaccept=26 advent-underaccept=7 compiler-timeout=3 reference-disagreement=1124 same=17087 tree-difference=3
[18262/100000] reference-disagreement attribute-ifconfig-elseif-list len=133 artifacts=35 advent-overaccept=26 advent-underaccept=7 compiler-timeout=3 reference-disagreement=1125 same=17098 tree-difference=3
[18274/100000] reference-disagreement wide:func-body:glue+splice:real:String+TrimmingTrailingWhitespace:23+real:WarningGroupControl:16 len=412 artifacts=35 advent-overaccept=26 advent-underaccept=7 compiler-timeout=3 reference-disagreement=1126 same=17109 tree-difference=3
[18282/100000] reference-disagreement declaration-modifier-stack len=34 artifacts=35 advent-overaccept=26 advent-underaccept=7 compiler-timeout=3 reference-disagreement=1127 same=17116 tree-difference=3
[18312/100000] reference-disagreement tspl-divergence-protocol-body len=163 artifacts=35 advent-overaccept=26 advent-underaccept=7 compiler-timeout=3 reference-disagreement=1128 same=17145 tree-difference=3
[18357/100000] reference-disagreement wide:trailing-closure:space:real:SyntaxProtocol+Formatted:19 len=257 artifacts=35 advent-overaccept=26 advent-underaccept=7 compiler-timeout=3 reference-disagreement=1129 same=17189 tree-difference=3
[18358/100000] reference-disagreement tspl-divergence-accessor-commitment len=78 artifacts=35 advent-overaccept=26 advent-underaccept=7 compiler-timeout=3 reference-disagreement=1130 same=17189 tree-difference=3
[18385/100000] reference-disagreement cast-try-operator-cluster len=24 artifacts=35 advent-overaccept=26 advent-underaccept=7 compiler-timeout=3 reference-disagreement=1131 same=17215 tree-difference=3
[18397/100000] reference-disagreement member-list-wide-boundary len=214 artifacts=35 advent-overaccept=26 advent-underaccept=7 compiler-timeout=3 reference-disagreement=1132 same=17226 tree-difference=3
[18405/100000] reference-disagreement wide:closure:splice:real:SyntaxProtocol:590 len=457 artifacts=35 advent-overaccept=26 advent-underaccept=7 compiler-timeout=3 reference-disagreement=1133 same=17233 tree-difference=3
[18406/100000] reference-disagreement wide:trailing-closure:newline:real:ManifestEditError:28 len=884 artifacts=35 advent-overaccept=26 advent-underaccept=7 compiler-timeout=3 reference-disagreement=1134 same=17233 tree-difference=3
[18408/100000] reference-disagreement grammarish-member-list len=109 artifacts=35 advent-overaccept=26 advent-underaccept=7 compiler-timeout=3 reference-disagreement=1135 same=17234 tree-difference=3
[18429/100000] reference-disagreement wide:func-body:newline+line-comment:translated:testModuleSelectorWhitespace#5+real:SyntaxTraits:826 len=148 artifacts=35 advent-overaccept=26 advent-underaccept=7 compiler-timeout=3 reference-disagreement=1136 same=17254 tree-difference=3
[18447/100000] reference-disagreement keypath-component-matrix len=37 artifacts=35 advent-overaccept=26 advent-underaccept=7 compiler-timeout=3 reference-disagreement=1137 same=17271 tree-difference=3
[18487/100000] reference-disagreement wide:struct-member:newline:phase4-attr:generic-struct+real:SyntaxProtocol+Initializer:104 len=542 artifacts=35 advent-overaccept=26 advent-underaccept=7 compiler-timeout=3 reference-disagreement=1138 same=17310 tree-difference=3
[18500/100000] same wide:func-body:newline+line-comment+newline:reject:testRecovery119#1+translated:testMultilineString16#1 len=126 artifacts=35 advent-overaccept=26 advent-underaccept=7 compiler-timeout=3 reference-disagreement=1138 same=17323 tree-difference=3
[18506/100000] reference-disagreement wide:trailing-closure:raw:real:ResultBuilders:745 len=195 artifacts=35 advent-overaccept=26 advent-underaccept=7 compiler-timeout=3 reference-disagreement=1139 same=17328 tree-difference=3
[18518/100000] reference-disagreement keypath-boundary len=40 artifacts=35 advent-overaccept=26 advent-underaccept=7 compiler-timeout=3 reference-disagreement=1140 same=17339 tree-difference=3
[18523/100000] reference-disagreement grammarish-member-list len=226 artifacts=35 advent-overaccept=26 advent-underaccept=7 compiler-timeout=3 reference-disagreement=1141 same=17343 tree-difference=3
[18535/100000] reference-disagreement wide:before-statement:newline+glue:translated:testInvalid16a#1 len=55 artifacts=35 advent-overaccept=26 advent-underaccept=7 compiler-timeout=3 reference-disagreement=1142 same=17354 tree-difference=3
[18541/100000] reference-disagreement grammarish-member-list len=111 artifacts=35 advent-overaccept=26 advent-underaccept=7 compiler-timeout=3 reference-disagreement=1143 same=17359 tree-difference=3
[18562/100000] reference-disagreement tspl-divergence-protocol-body len=283 artifacts=35 advent-overaccept=26 advent-underaccept=7 compiler-timeout=3 reference-disagreement=1144 same=17379 tree-difference=3
[18563/100000] reference-disagreement tspl-divergence-accessor-commitment len=78 artifacts=35 advent-overaccept=26 advent-underaccept=7 compiler-timeout=3 reference-disagreement=1145 same=17379 tree-difference=3
[18572/100000] reference-disagreement wide:trailing-closure:block-comment:real:ParseSourceFile:145+translated:testIdentifiers9#1 len=662 artifacts=35 advent-overaccept=26 advent-underaccept=7 compiler-timeout=3 reference-disagreement=1146 same=17387 tree-difference=3
[18603/100000] reference-disagreement wide:extension-member:raw:real:LayoutNodes+Parsable:207+real:SyntaxUtils:25 len=444 artifacts=35 advent-overaccept=26 advent-underaccept=7 compiler-timeout=3 reference-disagreement=1147 same=17417 tree-difference=3
[18618/100000] reference-disagreement tspl-divergence-protocol-body len=131 artifacts=35 advent-overaccept=26 advent-underaccept=7 compiler-timeout=3 reference-disagreement=1148 same=17431 tree-difference=3
[18642/100000] reference-disagreement tspl-divergence-protocol-body len=250 artifacts=35 advent-overaccept=26 advent-underaccept=7 compiler-timeout=3 reference-disagreement=1149 same=17454 tree-difference=3
[18669/100000] reference-disagreement wide:trailing-closure:block-comment:real:SyntaxTraits:471 len=706 artifacts=35 advent-overaccept=26 advent-underaccept=7 compiler-timeout=3 reference-disagreement=1150 same=17480 tree-difference=3
[18671/100000] advent-underaccept wide:before-statement:newline+glue:translated:testSwitch51#1 len=96 artifacts=36 advent-overaccept=26 advent-underaccept=8 compiler-timeout=3 reference-disagreement=1150 same=17481 tree-difference=3
[18682/100000] reference-disagreement wide:closure:raw:real:ConvenienceInitializers:397 len=804 artifacts=36 advent-overaccept=26 advent-underaccept=8 compiler-timeout=3 reference-disagreement=1151 same=17491 tree-difference=3
[18683/100000] reference-disagreement tspl-divergence-protocol-body len=136 artifacts=36 advent-overaccept=26 advent-underaccept=8 compiler-timeout=3 reference-disagreement=1152 same=17491 tree-difference=3
[18713/100000] reference-disagreement tspl-divergence-protocol-body len=169 artifacts=36 advent-overaccept=26 advent-underaccept=8 compiler-timeout=3 reference-disagreement=1153 same=17520 tree-difference=3
[18714/100000] reference-disagreement keypath-boundary len=37 artifacts=36 advent-overaccept=26 advent-underaccept=8 compiler-timeout=3 reference-disagreement=1154 same=17520 tree-difference=3
[18719/100000] reference-disagreement wide:func-body:delete:real:Expressions:1606+translated:testErrors6#1 len=901 artifacts=36 advent-overaccept=26 advent-underaccept=8 compiler-timeout=3 reference-disagreement=1155 same=17524 tree-difference=3
[18750/100000] same wide:top:newline+duplicate+glue:type:testClosureParsing#2+expression:testStringLiterals#2 len=47 artifacts=36 advent-overaccept=26 advent-underaccept=8 compiler-timeout=3 reference-disagreement=1155 same=17555 tree-difference=3
[18755/100000] reference-disagreement grammarish-member-list len=232 artifacts=36 advent-overaccept=26 advent-underaccept=8 compiler-timeout=3 reference-disagreement=1156 same=17559 tree-difference=3
[18758/100000] reference-disagreement keypath-boundary len=38 artifacts=36 advent-overaccept=26 advent-underaccept=8 compiler-timeout=3 reference-disagreement=1157 same=17561 tree-difference=3
[18784/100000] reference-disagreement wide:func-body:space+block-comment:real:WithTrailingCommaSyntax+EnsuringTrailingComma:19 len=226 artifacts=36 advent-overaccept=26 advent-underaccept=8 compiler-timeout=3 reference-disagreement=1158 same=17586 tree-difference=3
[18832/100000] reference-disagreement wide:trailing-closure:newline:real:ParserDiagnosticMessages:782 len=257 artifacts=36 advent-overaccept=26 advent-underaccept=8 compiler-timeout=3 reference-disagreement=1159 same=17633 tree-difference=3
[18846/100000] reference-disagreement wide:closure:line-comment+block-comment:real:ScopeImplementations:758 len=369 artifacts=36 advent-overaccept=26 advent-underaccept=8 compiler-timeout=3 reference-disagreement=1160 same=17646 tree-difference=3
[18862/100000] reference-disagreement tspl-divergence-protocol-body len=94 artifacts=36 advent-overaccept=26 advent-underaccept=8 compiler-timeout=3 reference-disagreement=1161 same=17661 tree-difference=3
[18882/100000] reference-disagreement wide:func-body:duplicate:real:ParserDiagnosticMessages:431 len=292 artifacts=36 advent-overaccept=26 advent-underaccept=8 compiler-timeout=3 reference-disagreement=1162 same=17680 tree-difference=3
[18955/100000] reference-disagreement statement-list len=568 artifacts=36 advent-overaccept=26 advent-underaccept=8 compiler-timeout=3 reference-disagreement=1163 same=17752 tree-difference=3
[18978/100000] reference-disagreement wide:trailing-closure:keyword+space+newline:real:Parser:848 len=597 artifacts=36 advent-overaccept=26 advent-underaccept=8 compiler-timeout=3 reference-disagreement=1164 same=17774 tree-difference=3
[18998/100000] reference-disagreement statement-list len=528 artifacts=36 advent-overaccept=26 advent-underaccept=8 compiler-timeout=3 reference-disagreement=1165 same=17793 tree-difference=3
[19000/100000] same wide:before-statement:duplicate:reject:testTypedThrowsDisambiguation#8 len=52 artifacts=36 advent-overaccept=26 advent-underaccept=8 compiler-timeout=3 reference-disagreement=1165 same=17795 tree-difference=3
[19012/100000] reference-disagreement keypath-boundary len=37 artifacts=36 advent-overaccept=26 advent-underaccept=8 compiler-timeout=3 reference-disagreement=1166 same=17806 tree-difference=3
[19031/100000] reference-disagreement wide:closure:newline+block-comment+line-comment:real:ParserDiagnosticMessages:416 len=455 artifacts=36 advent-overaccept=26 advent-underaccept=8 compiler-timeout=3 reference-disagreement=1167 same=17824 tree-difference=3
[19038/100000] reference-disagreement tspl-divergence-protocol-body len=214 artifacts=36 advent-overaccept=26 advent-underaccept=8 compiler-timeout=3 reference-disagreement=1168 same=17830 tree-difference=3
[19041/100000] reference-disagreement wide:extension-member:keyword+keyword:real:Utils:46 len=269 artifacts=36 advent-overaccept=26 advent-underaccept=8 compiler-timeout=3 reference-disagreement=1169 same=17832 tree-difference=3
[19044/100000] reference-disagreement tspl-divergence-accessor-commitment len=78 artifacts=36 advent-overaccept=26 advent-underaccept=8 compiler-timeout=3 reference-disagreement=1170 same=17834 tree-difference=3
[19050/100000] reference-disagreement grammarish-member-list len=455 artifacts=36 advent-overaccept=26 advent-underaccept=8 compiler-timeout=3 reference-disagreement=1171 same=17839 tree-difference=3
[19051/100000] reference-disagreement wide:struct-member:raw:phase4-decl:op-infix len=34 artifacts=36 advent-overaccept=26 advent-underaccept=8 compiler-timeout=3 reference-disagreement=1172 same=17839 tree-difference=3
[19071/100000] reference-disagreement wide:extension-member:block-comment:real:BuildableNodes:825+real:SyntaxTraits:607 len=1041 artifacts=36 advent-overaccept=26 advent-underaccept=8 compiler-timeout=3 reference-disagreement=1173 same=17858 tree-difference=3
[19077/100000] reference-disagreement attribute-ifconfig-elseif-list len=109 artifacts=36 advent-overaccept=26 advent-underaccept=8 compiler-timeout=3 reference-disagreement=1174 same=17863 tree-difference=3
[19115/100000] reference-disagreement wide:trailing-closure:block-comment:real:Parameters:36 len=79 artifacts=36 advent-overaccept=26 advent-underaccept=8 compiler-timeout=3 reference-disagreement=1175 same=17900 tree-difference=3
[19119/100000] reference-disagreement member-list-wide-boundary len=152 artifacts=36 advent-overaccept=26 advent-underaccept=8 compiler-timeout=3 reference-disagreement=1176 same=17903 tree-difference=3
[19129/100000] reference-disagreement member-list-wide-boundary len=186 artifacts=36 advent-overaccept=26 advent-underaccept=8 compiler-timeout=3 reference-disagreement=1177 same=17912 tree-difference=3
[19132/100000] reference-disagreement wide:extension-member:newline+newline+glue:attribute:testSendable#1 len=87 artifacts=36 advent-overaccept=26 advent-underaccept=8 compiler-timeout=3 reference-disagreement=1178 same=17914 tree-difference=3
[19146/100000] reference-disagreement cast-try-operator-cluster len=24 artifacts=36 advent-overaccept=26 advent-underaccept=8 compiler-timeout=3 reference-disagreement=1179 same=17927 tree-difference=3
[19152/100000] reference-disagreement wide:extension-member:space+delete+swap:real:ResultBuilders:258 len=238 artifacts=36 advent-overaccept=26 advent-underaccept=8 compiler-timeout=3 reference-disagreement=1180 same=17932 tree-difference=3
[19179/100000] reference-disagreement grammarish-member-list len=192 artifacts=36 advent-overaccept=26 advent-underaccept=8 compiler-timeout=3 reference-disagreement=1181 same=17958 tree-difference=3
[19211/100000] reference-disagreement grammarish-member-list len=210 artifacts=36 advent-overaccept=26 advent-underaccept=8 compiler-timeout=3 reference-disagreement=1182 same=17989 tree-difference=3
[19215/100000] reference-disagreement wide:func-body:raw:phase2-postfix:self-member+real:SyntaxNodeWithBody:185 len=1101 artifacts=36 advent-overaccept=26 advent-underaccept=8 compiler-timeout=3 reference-disagreement=1183 same=17992 tree-difference=3
[19222/100000] reference-disagreement attribute-ifconfig-elseif-list len=118 artifacts=36 advent-overaccept=26 advent-underaccept=8 compiler-timeout=3 reference-disagreement=1184 same=17998 tree-difference=3
[19233/100000] reference-disagreement wide:func-body:newline+duplicate+glue:real:SyntaxParsable+ExpressibleByStringInterpolation:50 len=298 artifacts=36 advent-overaccept=26 advent-underaccept=8 compiler-timeout=3 reference-disagreement=1185 same=18008 tree-difference=3
[19238/100000] reference-disagreement wide:func-body:swap+newline+swap:real:Parameters:55 len=85 artifacts=36 advent-overaccept=26 advent-underaccept=8 compiler-timeout=3 reference-disagreement=1186 same=18012 tree-difference=3
[19250/100000] same expr-let len=26 artifacts=36 advent-overaccept=26 advent-underaccept=8 compiler-timeout=3 reference-disagreement=1186 same=18024 tree-difference=3
[19287/100000] reference-disagreement wide:struct-member:block-comment+newline:real:ConvenienceInitializers:397 len=804 artifacts=36 advent-overaccept=26 advent-underaccept=8 compiler-timeout=3 reference-disagreement=1187 same=18060 tree-difference=3
[19386/100000] reference-disagreement wide:func-body:newline+newline+line-comment:real:FixIt:35 len=708 artifacts=36 advent-overaccept=26 advent-underaccept=8 compiler-timeout=3 reference-disagreement=1188 same=18158 tree-difference=3
[19389/100000] reference-disagreement tspl-divergence-protocol-body len=178 artifacts=36 advent-overaccept=26 advent-underaccept=8 compiler-timeout=3 reference-disagreement=1189 same=18160 tree-difference=3
[19391/100000] reference-disagreement wide:trailing-closure:raw:real:OperatorError:20 len=856 artifacts=36 advent-overaccept=26 advent-underaccept=8 compiler-timeout=3 reference-disagreement=1190 same=18161 tree-difference=3
[19423/100000] reference-disagreement wide:trailing-closure:keyword:real:PluginMessages:56+translated:testOperatorDecl5#1 len=784 artifacts=36 advent-overaccept=26 advent-underaccept=8 compiler-timeout=3 reference-disagreement=1191 same=18192 tree-difference=3
[19429/100000] reference-disagreement wide:func-body:raw:real:SyntaxNodeWithBody:211 len=71 artifacts=36 advent-overaccept=26 advent-underaccept=8 compiler-timeout=3 reference-disagreement=1192 same=18197 tree-difference=3
[19491/100000] reference-disagreement wide:trailing-closure:newline:real:LibraryPluginProvider:185 len=165 artifacts=36 advent-overaccept=26 advent-underaccept=8 compiler-timeout=3 reference-disagreement=1193 same=18258 tree-difference=3
[19500/100000] same frontier:protocol-accessor-shape len=77 artifacts=36 advent-overaccept=26 advent-underaccept=8 compiler-timeout=3 reference-disagreement=1193 same=18267 tree-difference=3
[19521/100000] reference-disagreement wide:top:glue:translated:testInvalid16a#1 len=37 artifacts=36 advent-overaccept=26 advent-underaccept=8 compiler-timeout=3 reference-disagreement=1194 same=18287 tree-difference=3
[19524/100000] reference-disagreement wide:func-body:raw:real:ScopeImplementations:381 len=169 artifacts=36 advent-overaccept=26 advent-underaccept=8 compiler-timeout=3 reference-disagreement=1195 same=18289 tree-difference=3
[19525/100000] reference-disagreement member-list-wide-boundary len=390 artifacts=36 advent-overaccept=26 advent-underaccept=8 compiler-timeout=3 reference-disagreement=1196 same=18289 tree-difference=3
[19534/100000] reference-disagreement nested-ifconfig-boundary len=113 artifacts=36 advent-overaccept=26 advent-underaccept=8 compiler-timeout=3 reference-disagreement=1197 same=18297 tree-difference=3
[19541/100000] reference-disagreement wide:closure:raw:real:ScopeSyntax:51 len=830 artifacts=36 advent-overaccept=26 advent-underaccept=8 compiler-timeout=3 reference-disagreement=1198 same=18303 tree-difference=3
[19543/100000] reference-disagreement wide:ifconfig:raw:translated:testSwitch79#1 len=79 artifacts=36 advent-overaccept=26 advent-underaccept=8 compiler-timeout=3 reference-disagreement=1199 same=18304 tree-difference=3
[19564/100000] reference-disagreement wide:closure:raw:real:SyntaxCollections:23 len=492 artifacts=36 advent-overaccept=26 advent-underaccept=8 compiler-timeout=3 reference-disagreement=1200 same=18324 tree-difference=3
[19566/100000] reference-disagreement statement-list len=633 artifacts=36 advent-overaccept=26 advent-underaccept=8 compiler-timeout=3 reference-disagreement=1201 same=18325 tree-difference=3
[19570/100000] reference-disagreement tspl-divergence-protocol-body len=103 artifacts=36 advent-overaccept=26 advent-underaccept=8 compiler-timeout=3 reference-disagreement=1202 same=18328 tree-difference=3
[19582/100000] reference-disagreement member-list-wide-boundary len=282 artifacts=36 advent-overaccept=26 advent-underaccept=8 compiler-timeout=3 reference-disagreement=1203 same=18339 tree-difference=3
[19592/100000] reference-disagreement wide:extension-member:space+space+space:phase3-type:extension-inherit len=39 artifacts=36 advent-overaccept=26 advent-underaccept=8 compiler-timeout=3 reference-disagreement=1204 same=18348 tree-difference=3
[19593/100000] reference-disagreement keypath-boundary len=44 artifacts=36 advent-overaccept=26 advent-underaccept=8 compiler-timeout=3 reference-disagreement=1205 same=18348 tree-difference=3
[19602/100000] reference-disagreement wide:func-body:space+line-comment:real:SyntaxVisitor:18 len=250 artifacts=36 advent-overaccept=26 advent-underaccept=8 compiler-timeout=3 reference-disagreement=1206 same=18356 tree-difference=3
[19615/100000] advent-overaccept wide:after-statement:newline+keyword:translated:testRecovery113#1 len=61 artifacts=37 advent-overaccept=27 advent-underaccept=8 compiler-timeout=3 reference-disagreement=1206 same=18368 tree-difference=3
[19622/100000] reference-disagreement grammarish-member-list len=162 artifacts=37 advent-overaccept=27 advent-underaccept=8 compiler-timeout=3 reference-disagreement=1207 same=18374 tree-difference=3
[19629/100000] reference-disagreement wide:closure:raw:phase4-import:import-func len=37 artifacts=37 advent-overaccept=27 advent-underaccept=8 compiler-timeout=3 reference-disagreement=1208 same=18380 tree-difference=3
[19650/100000] reference-disagreement wide:trailing-closure:raw:phase3-statement:dict-type+translated:testTry8#1 len=138 artifacts=37 advent-overaccept=27 advent-underaccept=8 compiler-timeout=3 reference-disagreement=1209 same=18400 tree-difference=3
[19655/100000] reference-disagreement member-list-wide-boundary len=102 artifacts=37 advent-overaccept=27 advent-underaccept=8 compiler-timeout=3 reference-disagreement=1210 same=18404 tree-difference=3
[19656/100000] reference-disagreement seed-corpus-wrapped:operator-question-assignment len=118 artifacts=37 advent-overaccept=27 advent-underaccept=8 compiler-timeout=3 reference-disagreement=1211 same=18404 tree-difference=3
[19674/100000] reference-disagreement wide:extension-member:space:translated:testOperatorDeclDesignatedTypes1#1 len=76 artifacts=37 advent-overaccept=27 advent-underaccept=8 compiler-timeout=3 reference-disagreement=1212 same=18421 tree-difference=3
[19677/100000] reference-disagreement wide:trailing-closure:raw:phase3-modifier:final-public len=32 artifacts=37 advent-overaccept=27 advent-underaccept=8 compiler-timeout=3 reference-disagreement=1213 same=18423 tree-difference=3
[19680/100000] advent-overaccept wide:closure:space+line-comment:type:testInverseTypes#6 len=47 artifacts=38 advent-overaccept=28 advent-underaccept=8 compiler-timeout=3 reference-disagreement=1213 same=18425 tree-difference=3
[19711/100000] reference-disagreement member-list-wide-boundary len=226 artifacts=38 advent-overaccept=28 advent-underaccept=8 compiler-timeout=3 reference-disagreement=1214 same=18455 tree-difference=3
[19718/100000] reference-disagreement wide:top:newline+line-comment:declaration:testCoroutineAccessors#2+translated:testForwardSlashRegex34#1 len=166 artifacts=38 advent-overaccept=28 advent-underaccept=8 compiler-timeout=3 reference-disagreement=1215 same=18461 tree-difference=3
[19722/100000] reference-disagreement wide:closure:block-comment+newline:real:SyntaxTraits:854 len=149 artifacts=38 advent-overaccept=28 advent-underaccept=8 compiler-timeout=3 reference-disagreement=1216 same=18464 tree-difference=3
[19731/100000] reference-disagreement wide:extension-member:raw:real:DiagnosticDecorator:69+translated:testPropertyWrapperWithCopy#1 len=1402 artifacts=38 advent-overaccept=28 advent-underaccept=8 compiler-timeout=3 reference-disagreement=1217 same=18472 tree-difference=3
[19742/100000] reference-disagreement wide:func-body:newline:real:ConvenienceInitializers:187 len=85 artifacts=38 advent-overaccept=28 advent-underaccept=8 compiler-timeout=3 reference-disagreement=1218 same=18482 tree-difference=3
[19750/100000] same wide:struct-member:newline:attribute:testTypeAttributeInExprContext#1 len=49 artifacts=38 advent-overaccept=28 advent-underaccept=8 compiler-timeout=3 reference-disagreement=1218 same=18490 tree-difference=3
[19773/100000] reference-disagreement wide:struct-member:newline:real:DeclSyntaxParseable:49 len=64 artifacts=38 advent-overaccept=28 advent-underaccept=8 compiler-timeout=3 reference-disagreement=1219 same=18512 tree-difference=3
[19783/100000] reference-disagreement wide:func-body:block-comment+glue:real:ResultBuilders:745+expression:testKeyPathMethodAndInitializers#5 len=229 artifacts=38 advent-overaccept=28 advent-underaccept=8 compiler-timeout=3 reference-disagreement=1220 same=18521 tree-difference=3
[19800/100000] reference-disagreement statement-list len=606 artifacts=38 advent-overaccept=28 advent-underaccept=8 compiler-timeout=3 reference-disagreement=1221 same=18537 tree-difference=3
[19825/100000] reference-disagreement tspl-divergence-protocol-body len=204 artifacts=38 advent-overaccept=28 advent-underaccept=8 compiler-timeout=3 reference-disagreement=1222 same=18561 tree-difference=3
[19850/100000] reference-disagreement wide:func-body:block-comment:translated:testOperatorDecl5#1 len=51 artifacts=38 advent-overaccept=28 advent-underaccept=8 compiler-timeout=3 reference-disagreement=1223 same=18585 tree-difference=3
[19877/100000] reference-disagreement wide:trailing-closure:raw:real:Parser:937+real:PeerMacro:19 len=1127 artifacts=38 advent-overaccept=28 advent-underaccept=8 compiler-timeout=3 reference-disagreement=1224 same=18611 tree-difference=3
[19878/100000] reference-disagreement attribute-ifconfig-elseif-list len=125 artifacts=38 advent-overaccept=28 advent-underaccept=8 compiler-timeout=3 reference-disagreement=1225 same=18611 tree-difference=3
[19892/100000] reference-disagreement wide:before-statement:glue:declaration:testModifiedParameter#7 len=67 artifacts=38 advent-overaccept=28 advent-underaccept=8 compiler-timeout=3 reference-disagreement=1226 same=18624 tree-difference=3
[19902/100000] reference-disagreement attribute-ifconfig-elseif-list len=133 artifacts=38 advent-overaccept=28 advent-underaccept=8 compiler-timeout=3 reference-disagreement=1227 same=18633 tree-difference=3
[19903/100000] reference-disagreement wide:trailing-closure:newline+glue:real:Diagnostics:55 len=372 artifacts=38 advent-overaccept=28 advent-underaccept=8 compiler-timeout=3 reference-disagreement=1228 same=18633 tree-difference=3
[19944/100000] reference-disagreement tspl-divergence-accessor-commitment len=49 artifacts=38 advent-overaccept=28 advent-underaccept=8 compiler-timeout=3 reference-disagreement=1229 same=18673 tree-difference=3
[19964/100000] reference-disagreement member-list-wide-boundary len=361 artifacts=38 advent-overaccept=28 advent-underaccept=8 compiler-timeout=3 reference-disagreement=1230 same=18692 tree-difference=3
[19971/100000] reference-disagreement declaration-modifier-stack len=34 artifacts=38 advent-overaccept=28 advent-underaccept=8 compiler-timeout=3 reference-disagreement=1231 same=18698 tree-difference=3
[19979/100000] reference-disagreement wide:extension-member:space+space:real:SyntaxExpressibleByStringInterpolationConformances:40 len=92 artifacts=38 advent-overaccept=28 advent-underaccept=8 compiler-timeout=3 reference-disagreement=1232 same=18705 tree-difference=3
[19984/100000] reference-disagreement wide:func-body:raw:real:SyntaxExpressibleByStringInterpolationConformances:241 len=91 artifacts=38 advent-overaccept=28 advent-underaccept=8 compiler-timeout=3 reference-disagreement=1233 same=18709 tree-difference=3
[19986/100000] reference-disagreement member-list-wide-boundary len=256 artifacts=38 advent-overaccept=28 advent-underaccept=8 compiler-timeout=3 reference-disagreement=1234 same=18710 tree-difference=3
[20000/100000] same closure-result-boundary len=89 artifacts=38 advent-overaccept=28 advent-underaccept=8 compiler-timeout=3 reference-disagreement=1234 same=18724 tree-difference=3
[20004/100000] reference-disagreement statement-list len=513 artifacts=38 advent-overaccept=28 advent-underaccept=8 compiler-timeout=3 reference-disagreement=1235 same=18727 tree-difference=3
[20006/100000] reference-disagreement declaration-modifier-stack len=34 artifacts=38 advent-overaccept=28 advent-underaccept=8 compiler-timeout=3 reference-disagreement=1236 same=18728 tree-difference=3
[20031/100000] reference-disagreement tspl-divergence-protocol-body len=168 artifacts=38 advent-overaccept=28 advent-underaccept=8 compiler-timeout=3 reference-disagreement=1237 same=18752 tree-difference=3
[20034/100000] reference-disagreement wide:closure:raw:real:Message:19 len=214 artifacts=38 advent-overaccept=28 advent-underaccept=8 compiler-timeout=3 reference-disagreement=1238 same=18754 tree-difference=3
[20054/100000] reference-disagreement wide:func-body:newline+splice:translated:testModuleSelectorImports#1 len=40 artifacts=38 advent-overaccept=28 advent-underaccept=8 compiler-timeout=3 reference-disagreement=1239 same=18773 tree-difference=3
[20061/100000] reference-disagreement wide:extension-member:splice:real:SwiftSyntaxCompatibility:252 len=261 artifacts=38 advent-overaccept=28 advent-underaccept=8 compiler-timeout=3 reference-disagreement=1240 same=18779 tree-difference=3
[20068/100000] reference-disagreement binding-pattern len=458 artifacts=38 advent-overaccept=28 advent-underaccept=8 compiler-timeout=3 reference-disagreement=1241 same=18785 tree-difference=3
[20081/100000] reference-disagreement tspl-divergence-protocol-body len=207 artifacts=38 advent-overaccept=28 advent-underaccept=8 compiler-timeout=3 reference-disagreement=1242 same=18797 tree-difference=3
[20089/100000] reference-disagreement wide:closure:raw:real:SyntaxExpressibleByStringInterpolationConformances:70+translated:testInitDeinit16#1 len=166 artifacts=38 advent-overaccept=28 advent-underaccept=8 compiler-timeout=3 reference-disagreement=1243 same=18804 tree-difference=3
[20098/100000] reference-disagreement keypath-boundary len=44 artifacts=38 advent-overaccept=28 advent-underaccept=8 compiler-timeout=3 reference-disagreement=1244 same=18812 tree-difference=3
[20163/100000] reference-disagreement wide:struct-member:raw:real:LayoutNodes+Parsable:79 len=189 artifacts=38 advent-overaccept=28 advent-underaccept=8 compiler-timeout=3 reference-disagreement=1245 same=18876 tree-difference=3
[20173/100000] reference-disagreement tspl-divergence-protocol-body len=122 artifacts=38 advent-overaccept=28 advent-underaccept=8 compiler-timeout=3 reference-disagreement=1246 same=18885 tree-difference=3
[20184/100000] reference-disagreement wide:after-statement:raw:translated:testOperatorDeclDesignatedTypes9#1 len=76 artifacts=38 advent-overaccept=28 advent-underaccept=8 compiler-timeout=3 reference-disagreement=1247 same=18895 tree-difference=3
[20186/100000] reference-disagreement wide:trailing-closure:raw:real:ScopeImplementations:733+translated:testDeinitAsync#1 len=489 artifacts=38 advent-overaccept=28 advent-underaccept=8 compiler-timeout=3 reference-disagreement=1248 same=18896 tree-difference=3
[20235/100000] reference-disagreement grammarish-member-list len=285 artifacts=38 advent-overaccept=28 advent-underaccept=8 compiler-timeout=3 reference-disagreement=1249 same=18944 tree-difference=3
[20250/100000] same wide:struct-member:duplicate:translated:testSubscripting19#1+reject:testDiagnoseAvailability21#1 len=191 artifacts=38 advent-overaccept=28 advent-underaccept=8 compiler-timeout=3 reference-disagreement=1249 same=18959 tree-difference=3
[20261/100000] reference-disagreement wide:trailing-closure:duplicate+newline:real:PluginMessageCompatibility:14 len=640 artifacts=38 advent-overaccept=28 advent-underaccept=8 compiler-timeout=3 reference-disagreement=1250 same=18969 tree-difference=3
[20269/100000] reference-disagreement tspl-divergence-accessor-commitment len=49 artifacts=38 advent-overaccept=28 advent-underaccept=8 compiler-timeout=3 reference-disagreement=1251 same=18976 tree-difference=3
[20287/100000] reference-disagreement wide:func-body:block-comment:real:Operator:26 len=243 artifacts=38 advent-overaccept=28 advent-underaccept=8 compiler-timeout=3 reference-disagreement=1252 same=18993 tree-difference=3
[20296/100000] reference-disagreement wide:closure:newline:real:Formatter.step1:3+real:ParseSourceFile:145 len=513 artifacts=38 advent-overaccept=28 advent-underaccept=8 compiler-timeout=3 reference-disagreement=1253 same=19001 tree-difference=3
[20321/100000] reference-disagreement keypath-component-matrix len=53 artifacts=38 advent-overaccept=28 advent-underaccept=8 compiler-timeout=3 reference-disagreement=1254 same=19025 tree-difference=3
[20331/100000] reference-disagreement attribute-ifconfig-elseif-list len=126 artifacts=38 advent-overaccept=28 advent-underaccept=8 compiler-timeout=3 reference-disagreement=1255 same=19034 tree-difference=3
[20332/100000] reference-disagreement wide:closure:raw:phase4-precedence:pg-lower len=73 artifacts=38 advent-overaccept=28 advent-underaccept=8 compiler-timeout=3 reference-disagreement=1256 same=19034 tree-difference=3
[20338/100000] reference-disagreement wide:struct-member:raw:real:DeclSyntaxParseable:47 len=65 artifacts=38 advent-overaccept=28 advent-underaccept=8 compiler-timeout=3 reference-disagreement=1257 same=19039 tree-difference=3
[20342/100000] reference-disagreement wide:closure:raw:real:LayoutNodes+Parsable:159+translated:testForwardSlashRegexSkipping20#1 len=254 artifacts=38 advent-overaccept=28 advent-underaccept=8 compiler-timeout=3 reference-disagreement=1258 same=19042 tree-difference=3
[20359/100000] reference-disagreement attribute-ifconfig-elseif-list len=118 artifacts=38 advent-overaccept=28 advent-underaccept=8 compiler-timeout=3 reference-disagreement=1259 same=19058 tree-difference=3
[20372/100000] reference-disagreement wide:func-body:newline:translated:testTypeExpr5#1 len=44 artifacts=38 advent-overaccept=28 advent-underaccept=8 compiler-timeout=3 reference-disagreement=1260 same=19070 tree-difference=3
[20386/100000] reference-disagreement wide:extension-member:block-comment+newline+glue:declaration:testAttributedMacroExpansionDeclaration#8 len=63 artifacts=38 advent-overaccept=28 advent-underaccept=8 compiler-timeout=3 reference-disagreement=1261 same=19083 tree-difference=3
[20392/100000] reference-disagreement member-list-wide-boundary len=253 artifacts=38 advent-overaccept=28 advent-underaccept=8 compiler-timeout=3 reference-disagreement=1262 same=19088 tree-difference=3
[20396/100000] reference-disagreement wide:extension-member:raw:declaration:testAttributedMacroExpansionDeclaration#10 len=78 artifacts=38 advent-overaccept=28 advent-underaccept=8 compiler-timeout=3 reference-disagreement=1263 same=19091 tree-difference=3
[20401/100000] reference-disagreement wide:closure:duplicate+line-comment:real:SyntaxCollections:510 len=502 artifacts=38 advent-overaccept=28 advent-underaccept=8 compiler-timeout=3 reference-disagreement=1264 same=19095 tree-difference=3
[20403/100000] reference-disagreement wide:top:space+glue+block-comment:declaration:testCoroutineAccessors#1 len=78 artifacts=38 advent-overaccept=28 advent-underaccept=8 compiler-timeout=3 reference-disagreement=1265 same=19096 tree-difference=3
[20412/100000] reference-disagreement wide:func-body:raw:real:ParserDiagnosticMessages:383 len=253 artifacts=38 advent-overaccept=28 advent-underaccept=8 compiler-timeout=3 reference-disagreement=1266 same=19104 tree-difference=3
[20413/100000] reference-disagreement wide:top:block-comment:declaration:testReferenceToOpenThatLooksLikeDeclarationModifier#1 len=41 artifacts=38 advent-overaccept=28 advent-underaccept=8 compiler-timeout=3 reference-disagreement=1267 same=19104 tree-difference=3
[20427/100000] reference-disagreement grammarish-member-list len=336 artifacts=38 advent-overaccept=28 advent-underaccept=8 compiler-timeout=3 reference-disagreement=1268 same=19117 tree-difference=3
[20428/100000] reference-disagreement wide:func-body:newline+delete+newline:real:LayoutNodes+Parsable:215 len=190 artifacts=38 advent-overaccept=28 advent-underaccept=8 compiler-timeout=3 reference-disagreement=1269 same=19117 tree-difference=3
[20451/100000] reference-disagreement wide:interpolation:line-comment:reject:testRecovery29#1 len=27 artifacts=38 advent-overaccept=28 advent-underaccept=8 compiler-timeout=3 reference-disagreement=1270 same=19139 tree-difference=3
[20482/100000] reference-disagreement binding-pattern len=458 artifacts=38 advent-overaccept=28 advent-underaccept=8 compiler-timeout=3 reference-disagreement=1271 same=19169 tree-difference=3
[20500/100000] same frontier:generic-member-type-shape len=278 artifacts=38 advent-overaccept=28 advent-underaccept=8 compiler-timeout=3 reference-disagreement=1271 same=19187 tree-difference=3
[20545/100000] reference-disagreement statement-list len=520 artifacts=38 advent-overaccept=28 advent-underaccept=8 compiler-timeout=3 reference-disagreement=1272 same=19231 tree-difference=3
[20577/100000] reference-disagreement member-list-wide-boundary len=320 artifacts=38 advent-overaccept=28 advent-underaccept=8 compiler-timeout=3 reference-disagreement=1273 same=19262 tree-difference=3
[20585/100000] reference-disagreement grammarish-member-list len=197 artifacts=38 advent-overaccept=28 advent-underaccept=8 compiler-timeout=3 reference-disagreement=1274 same=19269 tree-difference=3
[20601/100000] advent-overaccept wide:struct-member:space:type:testLifetimeSpecifier#5 len=48 artifacts=39 advent-overaccept=29 advent-underaccept=8 compiler-timeout=3 reference-disagreement=1274 same=19284 tree-difference=3
[20610/100000] reference-disagreement wide:closure:newline+newline:real:ParserDiagnosticMessages:562 len=243 artifacts=39 advent-overaccept=29 advent-underaccept=8 compiler-timeout=3 reference-disagreement=1275 same=19292 tree-difference=3
[20616/100000] reference-disagreement wide:trailing-closure:raw:real:Cursor:40 len=271 artifacts=39 advent-overaccept=29 advent-underaccept=8 compiler-timeout=3 reference-disagreement=1276 same=19297 tree-difference=3
[20636/100000] reference-disagreement wide:func-body:raw:real:MissingNodesError:253 len=275 artifacts=39 advent-overaccept=29 advent-underaccept=8 compiler-timeout=3 reference-disagreement=1277 same=19316 tree-difference=3
[20648/100000] reference-disagreement tspl-divergence-accessor-commitment len=49 artifacts=39 advent-overaccept=29 advent-underaccept=8 compiler-timeout=3 reference-disagreement=1278 same=19327 tree-difference=3
[20652/100000] reference-disagreement seed-corpus-structural-splice:operator-question-assignment len=163 artifacts=39 advent-overaccept=29 advent-underaccept=8 compiler-timeout=3 reference-disagreement=1279 same=19330 tree-difference=3
[20661/100000] reference-disagreement wide:extension-member:raw:real:SyntaxLiteralUtils:39+declaration:testAttributedMacroExpansionDeclaration#12 len=300 artifacts=39 advent-overaccept=29 advent-underaccept=8 compiler-timeout=3 reference-disagreement=1280 same=19338 tree-difference=3
[20694/100000] reference-disagreement member-list-wide-boundary len=276 artifacts=39 advent-overaccept=29 advent-underaccept=8 compiler-timeout=3 reference-disagreement=1281 same=19370 tree-difference=3
[20701/100000] advent-overaccept wide:func-body:raw:declaration:testUsing#4 len=26 artifacts=40 advent-overaccept=30 advent-underaccept=8 compiler-timeout=3 reference-disagreement=1281 same=19376 tree-difference=3
[20703/100000] reference-disagreement tspl-divergence-protocol-body len=339 artifacts=40 advent-overaccept=30 advent-underaccept=8 compiler-timeout=3 reference-disagreement=1282 same=19377 tree-difference=3
[20723/100000] reference-disagreement tspl-divergence-protocol-body len=146 artifacts=40 advent-overaccept=30 advent-underaccept=8 compiler-timeout=3 reference-disagreement=1283 same=19396 tree-difference=3
[20734/100000] reference-disagreement wide:func-body:raw:translated:testDiagnoseAvailability5#1 len=95 artifacts=40 advent-overaccept=30 advent-underaccept=8 compiler-timeout=3 reference-disagreement=1284 same=19406 tree-difference=3
[20750/100000] same pattern-switch len=107 artifacts=40 advent-overaccept=30 advent-underaccept=8 compiler-timeout=3 reference-disagreement=1284 same=19422 tree-difference=3
[20758/100000] reference-disagreement wide:struct-member:space:real:SyntaxExpressibleByStringInterpolationConformances:49+declaration:testSendingTypeSpecifier#1 len=153 artifacts=40 advent-overaccept=30 advent-underaccept=8 compiler-timeout=3 reference-disagreement=1285 same=19429 tree-difference=3
[20768/100000] reference-disagreement tspl-divergence-accessor-commitment len=78 artifacts=40 advent-overaccept=30 advent-underaccept=8 compiler-timeout=3 reference-disagreement=1286 same=19438 tree-difference=3
[20805/100000] reference-disagreement grammarish-member-list len=479 artifacts=40 advent-overaccept=30 advent-underaccept=8 compiler-timeout=3 reference-disagreement=1287 same=19474 tree-difference=3
[20811/100000] reference-disagreement member-list-wide-boundary len=220 artifacts=40 advent-overaccept=30 advent-underaccept=8 compiler-timeout=3 reference-disagreement=1288 same=19479 tree-difference=3
[20817/100000] reference-disagreement attribute-ifconfig-elseif-list len=133 artifacts=40 advent-overaccept=30 advent-underaccept=8 compiler-timeout=3 reference-disagreement=1289 same=19484 tree-difference=3
[20820/100000] reference-disagreement wide:func-body:raw:phase4-macro:macro-args len=37 artifacts=40 advent-overaccept=30 advent-underaccept=8 compiler-timeout=3 reference-disagreement=1290 same=19486 tree-difference=3
[20844/100000] reference-disagreement wide:struct-member:keyword:real:LayoutNodes+Parsable:175 len=207 artifacts=40 advent-overaccept=30 advent-underaccept=8 compiler-timeout=3 reference-disagreement=1291 same=19509 tree-difference=3
[20853/100000] reference-disagreement wide:trailing-closure:newline:real:SyntaxTraits:388 len=415 artifacts=40 advent-overaccept=30 advent-underaccept=8 compiler-timeout=3 reference-disagreement=1292 same=19517 tree-difference=3
[20856/100000] reference-disagreement wide:struct-member:keyword+line-comment:attribute:testABIAttribute#15 len=48 artifacts=40 advent-overaccept=30 advent-underaccept=8 compiler-timeout=3 reference-disagreement=1293 same=19519 tree-difference=3
[20859/100000] reference-disagreement wide:struct-member:raw:real:SyntaxTraits:826 len=124 artifacts=40 advent-overaccept=30 advent-underaccept=8 compiler-timeout=3 reference-disagreement=1294 same=19521 tree-difference=3
[20867/100000] reference-disagreement wide:func-body:glue:statement:testTrailingClosureInIfCondition#2+real:Declarations:1336 len=1025 artifacts=40 advent-overaccept=30 advent-underaccept=8 compiler-timeout=3 reference-disagreement=1295 same=19528 tree-difference=3
[20914/100000] advent-overaccept wide:after-statement:line-comment+block-comment+block-comment:expression:testKeypathExpressionWithSugaredRoot#4 len=39 artifacts=41 advent-overaccept=31 advent-underaccept=8 compiler-timeout=3 reference-disagreement=1295 same=19574 tree-difference=3
[20941/100000] reference-disagreement member-list-wide-boundary len=394 artifacts=41 advent-overaccept=31 advent-underaccept=8 compiler-timeout=3 reference-disagreement=1296 same=19600 tree-difference=3
[20956/100000] reference-disagreement wide:func-body:space:real:SyntaxTraits:780 len=74 artifacts=41 advent-overaccept=31 advent-underaccept=8 compiler-timeout=3 reference-disagreement=1297 same=19614 tree-difference=3
[20979/100000] reference-disagreement wide:before-statement:raw:translated:testOriginalDefinedInAttr7#1 len=119 artifacts=41 advent-overaccept=31 advent-underaccept=8 compiler-timeout=3 reference-disagreement=1298 same=19636 tree-difference=3
[20988/100000] reference-disagreement binding-pattern len=458 artifacts=41 advent-overaccept=31 advent-underaccept=8 compiler-timeout=3 reference-disagreement=1299 same=19644 tree-difference=3
[20989/100000] advent-overaccept wide:struct-member:newline+block-comment+keyword:real:ParseSourceFile:204 len=174 artifacts=42 advent-overaccept=32 advent-underaccept=8 compiler-timeout=3 reference-disagreement=1299 same=19644 tree-difference=3
[21000/100000] same regex-trivia-boundary len=83 artifacts=42 advent-overaccept=32 advent-underaccept=8 compiler-timeout=3 reference-disagreement=1299 same=19655 tree-difference=3
[21004/100000] reference-disagreement tspl-divergence-accessor-commitment len=49 artifacts=42 advent-overaccept=32 advent-underaccept=8 compiler-timeout=3 reference-disagreement=1300 same=19658 tree-difference=3
[21015/100000] reference-disagreement seed-corpus-wrapped:extension-optional-type len=53 artifacts=42 advent-overaccept=32 advent-underaccept=8 compiler-timeout=3 reference-disagreement=1301 same=19668 tree-difference=3
[21022/100000] reference-disagreement wide:top:line-comment:translated:testOperatorDeclDesignatedTypes18#1 len=268 artifacts=42 advent-overaccept=32 advent-underaccept=8 compiler-timeout=3 reference-disagreement=1302 same=19674 tree-difference=3
[21071/100000] reference-disagreement wide:closure:splice:real:Utils:83+real:Syntax+StringInterpolation:354 len=1531 artifacts=42 advent-overaccept=32 advent-underaccept=8 compiler-timeout=3 reference-disagreement=1303 same=19722 tree-difference=3
[21078/100000] reference-disagreement tspl-divergence-protocol-body len=166 artifacts=42 advent-overaccept=32 advent-underaccept=8 compiler-timeout=3 reference-disagreement=1304 same=19728 tree-difference=3
[21084/100000] reference-disagreement wide:closure:raw:real:AttachedMacro:15 len=62 artifacts=42 advent-overaccept=32 advent-underaccept=8 compiler-timeout=3 reference-disagreement=1305 same=19733 tree-difference=3
[21113/100000] reference-disagreement wide:trailing-closure:newline:translated:testAvailabilityQueryUnavailability18#1 len=114 artifacts=42 advent-overaccept=32 advent-underaccept=8 compiler-timeout=3 reference-disagreement=1306 same=19761 tree-difference=3
[21126/100000] reference-disagreement statement-list len=570 artifacts=42 advent-overaccept=32 advent-underaccept=8 compiler-timeout=3 reference-disagreement=1307 same=19773 tree-difference=3
[21138/100000] reference-disagreement member-list-wide-boundary len=427 artifacts=42 advent-overaccept=32 advent-underaccept=8 compiler-timeout=3 reference-disagreement=1308 same=19784 tree-difference=3
[21149/100000] reference-disagreement keypath-boundary len=40 artifacts=42 advent-overaccept=32 advent-underaccept=8 compiler-timeout=3 reference-disagreement=1309 same=19794 tree-difference=3
[21153/100000] reference-disagreement tspl-divergence-protocol-body len=145 artifacts=42 advent-overaccept=32 advent-underaccept=8 compiler-timeout=3 reference-disagreement=1310 same=19797 tree-difference=3
[21164/100000] reference-disagreement wide:extension-member:block-comment+line-comment:translated:testEnum83#1 len=64 artifacts=42 advent-overaccept=32 advent-underaccept=8 compiler-timeout=3 reference-disagreement=1311 same=19807 tree-difference=3
[21185/100000] reference-disagreement tspl-divergence-protocol-body len=127 artifacts=42 advent-overaccept=32 advent-underaccept=8 compiler-timeout=3 reference-disagreement=1312 same=19827 tree-difference=3
[21194/100000] reference-disagreement wide:closure:raw:real:SyntaxText:250 len=286 artifacts=42 advent-overaccept=32 advent-underaccept=8 compiler-timeout=3 reference-disagreement=1313 same=19835 tree-difference=3
[21204/100000] reference-disagreement tspl-divergence-protocol-body len=129 artifacts=42 advent-overaccept=32 advent-underaccept=8 compiler-timeout=3 reference-disagreement=1314 same=19844 tree-difference=3
[21222/100000] reference-disagreement wide:trailing-closure:newline+space:real:ParseSourceFile:204+translated:testNoimplicitcopyAttr8#1 len=282 artifacts=42 advent-overaccept=32 advent-underaccept=8 compiler-timeout=3 reference-disagreement=1315 same=19861 tree-difference=3
[21227/100000] reference-disagreement wide:closure:glue:real:Syntax+StringInterpolation:320 len=68 artifacts=42 advent-overaccept=32 advent-underaccept=8 compiler-timeout=3 reference-disagreement=1316 same=19865 tree-difference=3
[21247/100000] reference-disagreement keypath-component-matrix len=41 artifacts=42 advent-overaccept=32 advent-underaccept=8 compiler-timeout=3 reference-disagreement=1317 same=19884 tree-difference=3
[21250/100000] same generic-decl len=44 artifacts=42 advent-overaccept=32 advent-underaccept=8 compiler-timeout=3 reference-disagreement=1317 same=19887 tree-difference=3
[21257/100000] reference-disagreement wide:closure:newline+keyword+newline:real:SyntaxExpressibleByStringInterpolationConformances:130 len=70 artifacts=42 advent-overaccept=32 advent-underaccept=8 compiler-timeout=3 reference-disagreement=1318 same=19893 tree-difference=3
[21285/100000] reference-disagreement attribute-ifconfig-elseif-list len=131 artifacts=42 advent-overaccept=32 advent-underaccept=8 compiler-timeout=3 reference-disagreement=1319 same=19920 tree-difference=3
[21307/100000] reference-disagreement wide:extension-member:raw:translated:testInvalid33#1 len=74 artifacts=42 advent-overaccept=32 advent-underaccept=8 compiler-timeout=3 reference-disagreement=1320 same=19941 tree-difference=3
[21313/100000] reference-disagreement wide:trailing-closure:line-comment:real:ResultBuilders:608 len=407 artifacts=42 advent-overaccept=32 advent-underaccept=8 compiler-timeout=3 reference-disagreement=1321 same=19946 tree-difference=3
[21315/100000] reference-disagreement wide:struct-member:raw:real:SyntaxTraits:109+translated:testTypeExpr19#1 len=576 artifacts=42 advent-overaccept=32 advent-underaccept=8 compiler-timeout=3 reference-disagreement=1322 same=19947 tree-difference=3
[21361/100000] reference-disagreement wide:extension-member:raw:real:SyntaxExpressibleByStringInterpolationConformances:184 len=85 artifacts=42 advent-overaccept=32 advent-underaccept=8 compiler-timeout=3 reference-disagreement=1323 same=19992 tree-difference=3
[21385/100000] reference-disagreement attribute-ifconfig-elseif-list len=125 artifacts=42 advent-overaccept=32 advent-underaccept=8 compiler-timeout=3 reference-disagreement=1324 same=20015 tree-difference=3
[21404/100000] reference-disagreement wide:trailing-closure:line-comment+newline+newline:real:DeclSyntaxParseable:54 len=68 artifacts=42 advent-overaccept=32 advent-underaccept=8 compiler-timeout=3 reference-disagreement=1325 same=20033 tree-difference=3
[21453/100000] reference-disagreement wide:struct-member:raw:real:MissingNodeInitializers:58 len=142 artifacts=42 advent-overaccept=32 advent-underaccept=8 compiler-timeout=3 reference-disagreement=1326 same=20081 tree-difference=3
[21470/100000] reference-disagreement attribute-ifconfig-elseif-list len=123 artifacts=42 advent-overaccept=32 advent-underaccept=8 compiler-timeout=3 reference-disagreement=1327 same=20097 tree-difference=3
[21497/100000] reference-disagreement tspl-divergence-protocol-body len=103 artifacts=42 advent-overaccept=32 advent-underaccept=8 compiler-timeout=3 reference-disagreement=1328 same=20123 tree-difference=3
[21500/100000] same protocol-requirement-boundary len=93 artifacts=42 advent-overaccept=32 advent-underaccept=8 compiler-timeout=3 reference-disagreement=1328 same=20126 tree-difference=3
[21519/100000] reference-disagreement tspl-divergence-protocol-body len=131 artifacts=42 advent-overaccept=32 advent-underaccept=8 compiler-timeout=3 reference-disagreement=1329 same=20144 tree-difference=3
[21535/100000] reference-disagreement tspl-divergence-protocol-body len=120 artifacts=42 advent-overaccept=32 advent-underaccept=8 compiler-timeout=3 reference-disagreement=1330 same=20159 tree-difference=3
[21546/100000] reference-disagreement wide:func-body:block-comment+line-comment+line-comment:real:ResultBuilders:228 len=157 artifacts=42 advent-overaccept=32 advent-underaccept=8 compiler-timeout=3 reference-disagreement=1331 same=20169 tree-difference=3
[21569/100000] reference-disagreement wide:trailing-closure:space:real:ConvenienceInitializers:93 len=524 artifacts=42 advent-overaccept=32 advent-underaccept=8 compiler-timeout=3 reference-disagreement=1332 same=20191 tree-difference=3
[21578/100000] reference-disagreement wide:closure:line-comment:translated:testInitDeinit5a#1 len=71 artifacts=42 advent-overaccept=32 advent-underaccept=8 compiler-timeout=3 reference-disagreement=1333 same=20199 tree-difference=3
[21579/100000] reference-disagreement wide:trailing-closure:raw:real:WarningControlDeclSyntax:65 len=709 artifacts=42 advent-overaccept=32 advent-underaccept=8 compiler-timeout=3 reference-disagreement=1334 same=20199 tree-difference=3
[21590/100000] reference-disagreement tspl-divergence-protocol-body len=140 artifacts=42 advent-overaccept=32 advent-underaccept=8 compiler-timeout=3 reference-disagreement=1335 same=20209 tree-difference=3
[21592/100000] reference-disagreement wide:extension-member:keyword+glue:real:ParserDiagnosticMessages:26 len=107 artifacts=42 advent-overaccept=32 advent-underaccept=8 compiler-timeout=3 reference-disagreement=1336 same=20210 tree-difference=3
[21610/100000] reference-disagreement wide:trailing-closure:newline:attribute:testBackDeployed#6 len=127 artifacts=42 advent-overaccept=32 advent-underaccept=8 compiler-timeout=3 reference-disagreement=1337 same=20227 tree-difference=3
[21615/100000] reference-disagreement wide:extension-member:raw:real:CollectionNodes+Parsable:102 len=537 artifacts=42 advent-overaccept=32 advent-underaccept=8 compiler-timeout=3 reference-disagreement=1338 same=20231 tree-difference=3
[21627/100000] reference-disagreement wide:before-statement:duplicate:translated:testRecovery166#1 len=70 artifacts=42 advent-overaccept=32 advent-underaccept=8 compiler-timeout=3 reference-disagreement=1339 same=20242 tree-difference=3
[21632/100000] reference-disagreement wide:struct-member:newline:real:InferIndentation:19 len=464 artifacts=42 advent-overaccept=32 advent-underaccept=8 compiler-timeout=3 reference-disagreement=1340 same=20246 tree-difference=3
[21644/100000] reference-disagreement wide:closure:raw:translated:testEnum70#1 len=127 artifacts=42 advent-overaccept=32 advent-underaccept=8 compiler-timeout=3 reference-disagreement=1341 same=20257 tree-difference=3
[21670/100000] reference-disagreement wide:extension-member:raw:real:LayoutNodes+Parsable:239 len=846 artifacts=42 advent-overaccept=32 advent-underaccept=8 compiler-timeout=3 reference-disagreement=1342 same=20282 tree-difference=3
[21675/100000] reference-disagreement seed-corpus-wrapped:extension-optional-type len=51 artifacts=42 advent-overaccept=32 advent-underaccept=8 compiler-timeout=3 reference-disagreement=1343 same=20286 tree-difference=3
[21726/100000] reference-disagreement wide:extension-member:raw:real:SyntaxLiteralUtils:39 len=277 artifacts=42 advent-overaccept=32 advent-underaccept=8 compiler-timeout=3 reference-disagreement=1344 same=20336 tree-difference=3
[21750/100000] same type-let len=36 artifacts=42 advent-overaccept=32 advent-underaccept=8 compiler-timeout=3 reference-disagreement=1344 same=20360 tree-difference=3
[21757/100000] reference-disagreement wide:closure:raw:phase4-import:import-func len=37 artifacts=42 advent-overaccept=32 advent-underaccept=8 compiler-timeout=3 reference-disagreement=1345 same=20366 tree-difference=3
[21765/100000] reference-disagreement member-list-wide-boundary len=237 artifacts=42 advent-overaccept=32 advent-underaccept=8 compiler-timeout=3 reference-disagreement=1346 same=20373 tree-difference=3
[21778/100000] reference-disagreement statement-list len=568 artifacts=42 advent-overaccept=32 advent-underaccept=8 compiler-timeout=3 reference-disagreement=1347 same=20385 tree-difference=3
[21803/100000] reference-disagreement wide:closure:block-comment+newline:real:IsValidIdentifier:41+translated:testIfconfigExpr18#1 len=1103 artifacts=42 advent-overaccept=32 advent-underaccept=8 compiler-timeout=3 reference-disagreement=1348 same=20409 tree-difference=3
[21811/100000] reference-disagreement wide:trailing-closure:newline+space:real:LayoutNodes+Parsable:71 len=204 artifacts=42 advent-overaccept=32 advent-underaccept=8 compiler-timeout=3 reference-disagreement=1349 same=20416 tree-difference=3
[21815/100000] reference-disagreement attribute-ifconfig-elseif-list len=104 artifacts=42 advent-overaccept=32 advent-underaccept=8 compiler-timeout=3 reference-disagreement=1350 same=20419 tree-difference=3
[21825/100000] reference-disagreement wide:func-body:raw:real:Statements:123 len=785 artifacts=42 advent-overaccept=32 advent-underaccept=8 compiler-timeout=3 reference-disagreement=1351 same=20428 tree-difference=3
[21828/100000] reference-disagreement attribute-ifconfig-elseif-list len=129 artifacts=42 advent-overaccept=32 advent-underaccept=8 compiler-timeout=3 reference-disagreement=1352 same=20430 tree-difference=3
[21829/100000] reference-disagreement wide:closure:raw:real:Trivia:150 len=237 artifacts=42 advent-overaccept=32 advent-underaccept=8 compiler-timeout=3 reference-disagreement=1353 same=20430 tree-difference=3
[21849/100000] reference-disagreement cast-try-operator-cluster len=24 artifacts=42 advent-overaccept=32 advent-underaccept=8 compiler-timeout=3 reference-disagreement=1354 same=20449 tree-difference=3
[21869/100000] reference-disagreement wide:extension-member:block-comment:real:VersionTuple:58 len=70 artifacts=42 advent-overaccept=32 advent-underaccept=8 compiler-timeout=3 reference-disagreement=1355 same=20468 tree-difference=3
[21884/100000] reference-disagreement wide:top:splice:real:NominalTypeDeclSyntax:16 len=320 artifacts=42 advent-overaccept=32 advent-underaccept=8 compiler-timeout=3 reference-disagreement=1356 same=20482 tree-difference=3
[21888/100000] reference-disagreement statement-list len=514 artifacts=42 advent-overaccept=32 advent-underaccept=8 compiler-timeout=3 reference-disagreement=1357 same=20485 tree-difference=3
[21892/100000] reference-disagreement member-list-wide-boundary len=284 artifacts=42 advent-overaccept=32 advent-underaccept=8 compiler-timeout=3 reference-disagreement=1358 same=20488 tree-difference=3
[21899/100000] reference-disagreement wide:struct-member:raw:fuzz-harvest:constraint-iuo+real:Syntax+StringInterpolation:524 len=98 artifacts=42 advent-overaccept=32 advent-underaccept=8 compiler-timeout=3 reference-disagreement=1359 same=20494 tree-difference=3
[21900/100000] reference-disagreement wide:trailing-closure:raw:real:ResultBuilders:202 len=127 artifacts=42 advent-overaccept=32 advent-underaccept=8 compiler-timeout=3 reference-disagreement=1360 same=20494 tree-difference=3
[21929/100000] reference-disagreement tspl-divergence-protocol-body len=119 artifacts=42 advent-overaccept=32 advent-underaccept=8 compiler-timeout=3 reference-disagreement=1361 same=20522 tree-difference=3
[21946/100000] reference-disagreement wide:trailing-closure:line-comment:declaration:testAttributedMacroExpansionDeclaration#10 len=74 artifacts=42 advent-overaccept=32 advent-underaccept=8 compiler-timeout=3 reference-disagreement=1362 same=20538 tree-difference=3
[21947/100000] reference-disagreement wide:extension-member:glue:real:Parameters:27 len=76 artifacts=42 advent-overaccept=32 advent-underaccept=8 compiler-timeout=3 reference-disagreement=1363 same=20538 tree-difference=3
[22000/100000] same subscript-call-boundary len=42 artifacts=42 advent-overaccept=32 advent-underaccept=8 compiler-timeout=3 reference-disagreement=1363 same=20591 tree-difference=3
[22020/100000] reference-disagreement attribute-ifconfig-elseif-list len=125 artifacts=42 advent-overaccept=32 advent-underaccept=8 compiler-timeout=3 reference-disagreement=1364 same=20610 tree-difference=3
[22059/100000] reference-disagreement wide:extension-member:block-comment+newline+line-comment:real:SyntaxTraits:814 len=89 artifacts=42 advent-overaccept=32 advent-underaccept=8 compiler-timeout=3 reference-disagreement=1365 same=20648 tree-difference=3
[22064/100000] reference-disagreement wide:func-body:newline:real:BuildableNodes:1588 len=1060 artifacts=42 advent-overaccept=32 advent-underaccept=8 compiler-timeout=3 reference-disagreement=1366 same=20652 tree-difference=3
[22066/100000] reference-disagreement wide:extension-member:block-comment+newline+glue:real:BuildableNodes:269 len=889 artifacts=42 advent-overaccept=32 advent-underaccept=8 compiler-timeout=3 reference-disagreement=1367 same=20653 tree-difference=3
[22070/100000] reference-disagreement member-list-wide-boundary len=367 artifacts=42 advent-overaccept=32 advent-underaccept=8 compiler-timeout=3 reference-disagreement=1368 same=20656 tree-difference=3
[22080/100000] reference-disagreement wide:closure:raw:real:SyntaxCollections:618 len=544 artifacts=42 advent-overaccept=32 advent-underaccept=8 compiler-timeout=3 reference-disagreement=1369 same=20665 tree-difference=3
[22094/100000] reference-disagreement wide:func-body:raw:statement:testTypedThrows#2 len=54 artifacts=42 advent-overaccept=32 advent-underaccept=8 compiler-timeout=3 reference-disagreement=1370 same=20678 tree-difference=3
[22136/100000] reference-disagreement wide:trailing-closure:newline:translated:testSemicolon5#1+real:SyntaxTraits:756 len=74 artifacts=42 advent-overaccept=32 advent-underaccept=8 compiler-timeout=3 reference-disagreement=1371 same=20719 tree-difference=3
[22141/100000] reference-disagreement attribute-ifconfig-elseif-list len=133 artifacts=42 advent-overaccept=32 advent-underaccept=8 compiler-timeout=3 reference-disagreement=1372 same=20723 tree-difference=3
[22152/100000] advent-overaccept wide:func-body:duplicate:real:SyntaxCollections:332 len=507 artifacts=43 advent-overaccept=33 advent-underaccept=8 compiler-timeout=3 reference-disagreement=1372 same=20733 tree-difference=3
[22178/100000] reference-disagreement grammarish-member-list len=313 artifacts=43 advent-overaccept=33 advent-underaccept=8 compiler-timeout=3 reference-disagreement=1373 same=20758 tree-difference=3
[22187/100000] reference-disagreement tspl-divergence-protocol-body len=217 artifacts=43 advent-overaccept=33 advent-underaccept=8 compiler-timeout=3 reference-disagreement=1374 same=20766 tree-difference=3
[22191/100000] reference-disagreement wide:func-body:block-comment:real:ResultBuilders:566 len=159 artifacts=43 advent-overaccept=33 advent-underaccept=8 compiler-timeout=3 reference-disagreement=1375 same=20769 tree-difference=3
[22202/100000] reference-disagreement grammarish-member-list len=181 artifacts=43 advent-overaccept=33 advent-underaccept=8 compiler-timeout=3 reference-disagreement=1376 same=20779 tree-difference=3
[22221/100000] reference-disagreement declaration-modifier-stack len=34 artifacts=43 advent-overaccept=33 advent-underaccept=8 compiler-timeout=3 reference-disagreement=1377 same=20797 tree-difference=3
[22224/100000] advent-overaccept wide:closure:keyword+block-comment+line-comment:translated:testIfconfigExpr11#1 len=276 artifacts=44 advent-overaccept=34 advent-underaccept=8 compiler-timeout=3 reference-disagreement=1377 same=20799 tree-difference=3
[22237/100000] reference-disagreement tspl-divergence-protocol-body len=90 artifacts=44 advent-overaccept=34 advent-underaccept=8 compiler-timeout=3 reference-disagreement=1378 same=20811 tree-difference=3
[22239/100000] reference-disagreement wide:trailing-closure:block-comment+newline:translated:testAvailabilityQuery15#1+real:IsValidIdentifier:98 len=1067 artifacts=44 advent-overaccept=34 advent-underaccept=8 compiler-timeout=3 reference-disagreement=1379 same=20812 tree-difference=3
[22250/100000] same wide:after-statement:line-comment+newline+splice:translated:testAvailabilityQuery16#1 len=58 artifacts=44 advent-overaccept=34 advent-underaccept=8 compiler-timeout=3 reference-disagreement=1379 same=20823 tree-difference=3
[22251/100000] reference-disagreement member-list-wide-boundary len=288 artifacts=44 advent-overaccept=34 advent-underaccept=8 compiler-timeout=3 reference-disagreement=1380 same=20823 tree-difference=3
[22278/100000] reference-disagreement attribute-ifconfig-elseif-list len=125 artifacts=44 advent-overaccept=34 advent-underaccept=8 compiler-timeout=3 reference-disagreement=1381 same=20849 tree-difference=3
[22280/100000] reference-disagreement attribute-ifconfig-elseif-list len=125 artifacts=44 advent-overaccept=34 advent-underaccept=8 compiler-timeout=3 reference-disagreement=1382 same=20850 tree-difference=3
[22314/100000] reference-disagreement tspl-divergence-protocol-body len=94 artifacts=44 advent-overaccept=34 advent-underaccept=8 compiler-timeout=3 reference-disagreement=1383 same=20883 tree-difference=3
[22364/100000] reference-disagreement wide:extension-member:glue+block-comment:real:CustomTraits:24 len=183 artifacts=44 advent-overaccept=34 advent-underaccept=8 compiler-timeout=3 reference-disagreement=1384 same=20932 tree-difference=3
[22377/100000] reference-disagreement attribute-ifconfig-elseif-list len=126 artifacts=44 advent-overaccept=34 advent-underaccept=8 compiler-timeout=3 reference-disagreement=1385 same=20944 tree-difference=3
[22380/100000] reference-disagreement wide:before-statement:duplicate+line-comment+block-comment:expression:testTypedThrowsClosureParam#1 len=64 artifacts=44 advent-overaccept=34 advent-underaccept=8 compiler-timeout=3 reference-disagreement=1386 same=20946 tree-difference=3
[22381/100000] reference-disagreement tspl-divergence-protocol-body len=165 artifacts=44 advent-overaccept=34 advent-underaccept=8 compiler-timeout=3 reference-disagreement=1387 same=20946 tree-difference=3
[22384/100000] reference-disagreement tspl-divergence-protocol-body len=143 artifacts=44 advent-overaccept=34 advent-underaccept=8 compiler-timeout=3 reference-disagreement=1388 same=20948 tree-difference=3
[22451/100000] reference-disagreement binding-pattern len=458 artifacts=44 advent-overaccept=34 advent-underaccept=8 compiler-timeout=3 reference-disagreement=1389 same=21014 tree-difference=3
[22455/100000] reference-disagreement wide:ifconfig:block-comment:translated:testEffectfulProperties7#1 len=115 artifacts=44 advent-overaccept=34 advent-underaccept=8 compiler-timeout=3 reference-disagreement=1390 same=21017 tree-difference=3
[22479/100000] reference-disagreement wide:trailing-closure:keyword:real:DeclSyntaxParseable:25 len=702 artifacts=44 advent-overaccept=34 advent-underaccept=8 compiler-timeout=3 reference-disagreement=1391 same=21040 tree-difference=3
[22487/100000] reference-disagreement tspl-divergence-protocol-body len=221 artifacts=44 advent-overaccept=34 advent-underaccept=8 compiler-timeout=3 reference-disagreement=1392 same=21047 tree-difference=3
[22495/100000] reference-disagreement wide:func-body:raw:real:LookInMembersScopeSyntax:15 len=169 artifacts=44 advent-overaccept=34 advent-underaccept=8 compiler-timeout=3 reference-disagreement=1393 same=21054 tree-difference=3
[22497/100000] reference-disagreement wide:func-body:newline:real:ResultBuilders:254 len=162 artifacts=44 advent-overaccept=34 advent-underaccept=8 compiler-timeout=3 reference-disagreement=1394 same=21055 tree-difference=3
[22500/100000] same frontier:condition-trailing-closure-scope len=505 artifacts=44 advent-overaccept=34 advent-underaccept=8 compiler-timeout=3 reference-disagreement=1394 same=21058 tree-difference=3
[22506/100000] reference-disagreement wide:closure:duplicate+space:translated:testEscapedIdentifiers3#1 len=44 artifacts=44 advent-overaccept=34 advent-underaccept=8 compiler-timeout=3 reference-disagreement=1395 same=21063 tree-difference=3
[22530/100000] reference-disagreement wide:top:line-comment:attribute:testAttributeMainActorClosure#1 len=29 artifacts=44 advent-overaccept=34 advent-underaccept=8 compiler-timeout=3 reference-disagreement=1396 same=21086 tree-difference=3
[22541/100000] reference-disagreement member-list-wide-boundary len=433 artifacts=44 advent-overaccept=34 advent-underaccept=8 compiler-timeout=3 reference-disagreement=1397 same=21096 tree-difference=3
[22550/100000] reference-disagreement wide:extension-member:raw:real:ScopeImplementations:208 len=465 artifacts=44 advent-overaccept=34 advent-underaccept=8 compiler-timeout=3 reference-disagreement=1398 same=21104 tree-difference=3
[22551/100000] reference-disagreement wide:extension-member:newline+space:real:SyntaxExpressibleByStringInterpolationConformances:67 len=110 artifacts=44 advent-overaccept=34 advent-underaccept=8 compiler-timeout=3 reference-disagreement=1399 same=21104 tree-difference=3
[22552/100000] reference-disagreement tspl-divergence-protocol-body len=280 artifacts=44 advent-overaccept=34 advent-underaccept=8 compiler-timeout=3 reference-disagreement=1400 same=21104 tree-difference=3
[22566/100000] reference-disagreement wide:func-body:space+line-comment:real:Macro:22 len=225 artifacts=44 advent-overaccept=34 advent-underaccept=8 compiler-timeout=3 reference-disagreement=1401 same=21117 tree-difference=3
[22583/100000] reference-disagreement tspl-divergence-protocol-body len=164 artifacts=44 advent-overaccept=34 advent-underaccept=8 compiler-timeout=3 reference-disagreement=1402 same=21133 tree-difference=3
[22589/100000] reference-disagreement keypath-component-matrix len=38 artifacts=44 advent-overaccept=34 advent-underaccept=8 compiler-timeout=3 reference-disagreement=1403 same=21138 tree-difference=3
[22621/100000] reference-disagreement wide:closure:raw:real:SyntaxText:198 len=1244 artifacts=44 advent-overaccept=34 advent-underaccept=8 compiler-timeout=3 reference-disagreement=1404 same=21169 tree-difference=3
[22654/100000] reference-disagreement grammarish-member-list len=180 artifacts=44 advent-overaccept=34 advent-underaccept=8 compiler-timeout=3 reference-disagreement=1405 same=21201 tree-difference=3
[22658/100000] reference-disagreement keypath-component-matrix len=41 artifacts=44 advent-overaccept=34 advent-underaccept=8 compiler-timeout=3 reference-disagreement=1406 same=21204 tree-difference=3
[22674/100000] reference-disagreement wide:extension-member:raw:real:ConvenienceInitializers:230 len=91 artifacts=44 advent-overaccept=34 advent-underaccept=8 compiler-timeout=3 reference-disagreement=1407 same=21219 tree-difference=3
[22675/100000] reference-disagreement wide:top:line-comment:expression:testKeyPathFollowedByOperator#1 len=24 artifacts=44 advent-overaccept=34 advent-underaccept=8 compiler-timeout=3 reference-disagreement=1408 same=21219 tree-difference=3
[22696/100000] reference-disagreement wide:struct-member:line-comment+splice:real:Names:381 len=764 artifacts=44 advent-overaccept=34 advent-underaccept=8 compiler-timeout=3 reference-disagreement=1409 same=21239 tree-difference=3
[22722/100000] reference-disagreement wide:trailing-closure:newline+newline:real:ConvenienceInitializers:189 len=72 artifacts=44 advent-overaccept=34 advent-underaccept=8 compiler-timeout=3 reference-disagreement=1410 same=21264 tree-difference=3
[22733/100000] reference-disagreement wide:func-body:newline:real:MemberAttributeMacro:21 len=805 artifacts=44 advent-overaccept=34 advent-underaccept=8 compiler-timeout=3 reference-disagreement=1411 same=21274 tree-difference=3
[22745/100000] reference-disagreement tspl-divergence-protocol-body len=136 artifacts=44 advent-overaccept=34 advent-underaccept=8 compiler-timeout=3 reference-disagreement=1412 same=21285 tree-difference=3
[22750/100000] same frontier:statement-member-context len=73 artifacts=44 advent-overaccept=34 advent-underaccept=8 compiler-timeout=3 reference-disagreement=1412 same=21290 tree-difference=3
[22762/100000] reference-disagreement wide:before-statement:newline:expression:testClosureLiterals#1 len=69 artifacts=44 advent-overaccept=34 advent-underaccept=8 compiler-timeout=3 reference-disagreement=1413 same=21301 tree-difference=3
[22764/100000] reference-disagreement wide:func-body:line-comment+line-comment:real:FixIt:22 len=224 artifacts=44 advent-overaccept=34 advent-underaccept=8 compiler-timeout=3 reference-disagreement=1414 same=21302 tree-difference=3
[22776/100000] reference-disagreement wide:extension-member:line-comment:translated:testOperators30#1 len=163 artifacts=44 advent-overaccept=34 advent-underaccept=8 compiler-timeout=3 reference-disagreement=1415 same=21313 tree-difference=3
[22783/100000] reference-disagreement keypath-boundary len=33 artifacts=44 advent-overaccept=34 advent-underaccept=8 compiler-timeout=3 reference-disagreement=1416 same=21319 tree-difference=3
[22792/100000] reference-disagreement statement-list len=552 artifacts=44 advent-overaccept=34 advent-underaccept=8 compiler-timeout=3 reference-disagreement=1417 same=21327 tree-difference=3
[22802/100000] reference-disagreement grammarish-member-list len=90 artifacts=44 advent-overaccept=34 advent-underaccept=8 compiler-timeout=3 reference-disagreement=1418 same=21336 tree-difference=3
[22820/100000] reference-disagreement wide:top:space:reject:testKeyPathMethodAndInitializers#3 len=19 artifacts=44 advent-overaccept=34 advent-underaccept=8 compiler-timeout=3 reference-disagreement=1419 same=21353 tree-difference=3
[22826/100000] reference-disagreement tspl-divergence-protocol-body len=276 artifacts=44 advent-overaccept=34 advent-underaccept=8 compiler-timeout=3 reference-disagreement=1420 same=21358 tree-difference=3
[22836/100000] reference-disagreement grammarish-member-list len=484 artifacts=44 advent-overaccept=34 advent-underaccept=8 compiler-timeout=3 reference-disagreement=1421 same=21367 tree-difference=3
[22859/100000] reference-disagreement wide:trailing-closure:raw:real:SwiftSyntaxCompatibility:779 len=487 artifacts=44 advent-overaccept=34 advent-underaccept=8 compiler-timeout=3 reference-disagreement=1422 same=21389 tree-difference=3
[22898/100000] reference-disagreement wide:interpolation:raw:declaration:testParsePoundWarning#1 len=43 artifacts=44 advent-overaccept=34 advent-underaccept=8 compiler-timeout=3 reference-disagreement=1423 same=21427 tree-difference=3
[22990/100000] reference-disagreement wide:closure:raw:real:AddPackageTarget:154 len=824 artifacts=44 advent-overaccept=34 advent-underaccept=8 compiler-timeout=3 reference-disagreement=1424 same=21518 tree-difference=3
[22994/100000] reference-disagreement tspl-divergence-protocol-body len=130 artifacts=44 advent-overaccept=34 advent-underaccept=8 compiler-timeout=3 reference-disagreement=1425 same=21521 tree-difference=3
[22998/100000] reference-disagreement wide:struct-member:glue:real:ChildNameForDiagnostics:385+translated:testOptionalLvalues12#1 len=227 artifacts=44 advent-overaccept=34 advent-underaccept=8 compiler-timeout=3 reference-disagreement=1426 same=21524 tree-difference=3
[23000/100000] same init-subscript-boundary len=92 artifacts=44 advent-overaccept=34 advent-underaccept=8 compiler-timeout=3 reference-disagreement=1426 same=21526 tree-difference=3
[23030/100000] reference-disagreement wide:trailing-closure:block-comment+block-comment:expression:testSubscriptDeinitMembers#1+real:DeclSyntaxParseable:60 len=85 artifacts=44 advent-overaccept=34 advent-underaccept=8 compiler-timeout=3 reference-disagreement=1427 same=21555 tree-difference=3
[23049/100000] reference-disagreement keypath-boundary len=37 artifacts=44 advent-overaccept=34 advent-underaccept=8 compiler-timeout=3 reference-disagreement=1428 same=21573 tree-difference=3
[23053/100000] reference-disagreement attribute-ifconfig-elseif-list len=121 artifacts=44 advent-overaccept=34 advent-underaccept=8 compiler-timeout=3 reference-disagreement=1429 same=21576 tree-difference=3
[23076/100000] reference-disagreement wide:func-body:raw:real:ResultBuilders:280 len=132 artifacts=44 advent-overaccept=34 advent-underaccept=8 compiler-timeout=3 reference-disagreement=1430 same=21598 tree-difference=3
[23099/100000] advent-overaccept wide:ifconfig:raw:declaration:testUsing#1 len=31 artifacts=45 advent-overaccept=35 advent-underaccept=8 compiler-timeout=3 reference-disagreement=1430 same=21620 tree-difference=3
[23107/100000] reference-disagreement wide:closure:raw:real:SyntaxTraits:625 len=717 artifacts=45 advent-overaccept=35 advent-underaccept=8 compiler-timeout=3 reference-disagreement=1431 same=21627 tree-difference=3
[23113/100000] reference-disagreement grammarish-member-list len=212 artifacts=45 advent-overaccept=35 advent-underaccept=8 compiler-timeout=3 reference-disagreement=1432 same=21632 tree-difference=3
[23114/100000] reference-disagreement wide:ifconfig:line-comment+delete:phase4-decl:init-modifier len=44 artifacts=45 advent-overaccept=35 advent-underaccept=8 compiler-timeout=3 reference-disagreement=1433 same=21632 tree-difference=3
[23120/100000] reference-disagreement wide:closure:raw:real:VersionTuple:60 len=226 artifacts=45 advent-overaccept=35 advent-underaccept=8 compiler-timeout=3 reference-disagreement=1434 same=21637 tree-difference=3
[23131/100000] reference-disagreement attribute-ifconfig-elseif-list len=111 artifacts=45 advent-overaccept=35 advent-underaccept=8 compiler-timeout=3 reference-disagreement=1435 same=21647 tree-difference=3
[23144/100000] reference-disagreement keypath-component-matrix len=41 artifacts=45 advent-overaccept=35 advent-underaccept=8 compiler-timeout=3 reference-disagreement=1436 same=21659 tree-difference=3
[23168/100000] reference-disagreement wide:struct-member:raw:translated:testOperatorDeclDesignatedTypes2#1 len=102 artifacts=45 advent-overaccept=35 advent-underaccept=8 compiler-timeout=3 reference-disagreement=1437 same=21682 tree-difference=3
[23170/100000] reference-disagreement wide:struct-member:newline:real:SyntaxTraits:694 len=97 artifacts=45 advent-overaccept=35 advent-underaccept=8 compiler-timeout=3 reference-disagreement=1438 same=21683 tree-difference=3
[23200/100000] reference-disagreement wide:extension-member:raw:real:SyntaxExpressibleByStringInterpolationConformances:187 len=85 artifacts=45 advent-overaccept=35 advent-underaccept=8 compiler-timeout=3 reference-disagreement=1439 same=21712 tree-difference=3
[23201/100000] reference-disagreement wide:extension-member:raw:real:Cursor:409 len=355 artifacts=45 advent-overaccept=35 advent-underaccept=8 compiler-timeout=3 reference-disagreement=1440 same=21712 tree-difference=3
[23215/100000] reference-disagreement grammarish-member-list len=297 artifacts=45 advent-overaccept=35 advent-underaccept=8 compiler-timeout=3 reference-disagreement=1441 same=21725 tree-difference=3
[23246/100000] reference-disagreement wide:trailing-closure:raw:phase4-available:avail-introduced+real:BuildableNodes:1282 len=672 artifacts=45 advent-overaccept=35 advent-underaccept=8 compiler-timeout=3 reference-disagreement=1442 same=21755 tree-difference=3
[23250/100000] same wide:func-body:newline+line-comment:translated:testTry29#1 len=123 artifacts=45 advent-overaccept=35 advent-underaccept=8 compiler-timeout=3 reference-disagreement=1442 same=21759 tree-difference=3
[23261/100000] reference-disagreement tspl-divergence-protocol-body len=175 artifacts=45 advent-overaccept=35 advent-underaccept=8 compiler-timeout=3 reference-disagreement=1443 same=21769 tree-difference=3
[23272/100000] reference-disagreement wide:trailing-closure:raw:real:Syntax:548 len=36 artifacts=45 advent-overaccept=35 advent-underaccept=8 compiler-timeout=3 reference-disagreement=1444 same=21779 tree-difference=3
[23275/100000] reference-disagreement tspl-divergence-accessor-commitment len=78 artifacts=45 advent-overaccept=35 advent-underaccept=8 compiler-timeout=3 reference-disagreement=1445 same=21781 tree-difference=3
[23326/100000] reference-disagreement member-list-wide-boundary len=446 artifacts=45 advent-overaccept=35 advent-underaccept=8 compiler-timeout=3 reference-disagreement=1446 same=21831 tree-difference=3
[23327/100000] reference-disagreement tspl-divergence-protocol-body len=143 artifacts=45 advent-overaccept=35 advent-underaccept=8 compiler-timeout=3 reference-disagreement=1447 same=21831 tree-difference=3
[23333/100000] reference-disagreement wide:top:raw:translated:testSwitch24#1 len=36 artifacts=45 advent-overaccept=35 advent-underaccept=8 compiler-timeout=3 reference-disagreement=1448 same=21836 tree-difference=3
[23352/100000] reference-disagreement wide:closure:raw:real:RawSyntax:925 len=418 artifacts=45 advent-overaccept=35 advent-underaccept=8 compiler-timeout=3 reference-disagreement=1449 same=21854 tree-difference=3
[23398/100000] reference-disagreement tspl-divergence-accessor-commitment len=78 artifacts=45 advent-overaccept=35 advent-underaccept=8 compiler-timeout=3 reference-disagreement=1450 same=21899 tree-difference=3
[23399/100000] reference-disagreement member-list-wide-boundary len=282 artifacts=45 advent-overaccept=35 advent-underaccept=8 compiler-timeout=3 reference-disagreement=1451 same=21899 tree-difference=3
[23410/100000] reference-disagreement grammarish-member-list len=299 artifacts=45 advent-overaccept=35 advent-underaccept=8 compiler-timeout=3 reference-disagreement=1452 same=21909 tree-difference=3
[23411/100000] advent-underaccept wide:struct-member:newline+line-comment+block-comment:reject:testAccessLevelModifier#1+real:TokenSpecSet:157 len=892 artifacts=46 advent-overaccept=35 advent-underaccept=9 compiler-timeout=3 reference-disagreement=1452 same=21909 tree-difference=3
[23417/100000] reference-disagreement wide:trailing-closure:keyword+line-comment+newline:phase4-misc:avail-cond-two+translated:testMatchingPatterns13#1 len=351 artifacts=46 advent-overaccept=35 advent-underaccept=9 compiler-timeout=3 reference-disagreement=1453 same=21914 tree-difference=3
[23447/100000] reference-disagreement wide:func-body:glue+block-comment:real:MissingNodeInitializers:83 len=246 artifacts=46 advent-overaccept=35 advent-underaccept=9 compiler-timeout=3 reference-disagreement=1454 same=21943 tree-difference=3
[23457/100000] reference-disagreement member-list-wide-boundary len=158 artifacts=46 advent-overaccept=35 advent-underaccept=9 compiler-timeout=3 reference-disagreement=1455 same=21952 tree-difference=3
[23461/100000] reference-disagreement wide:struct-member:raw:real:ConvenienceInitializers:189 len=78 artifacts=46 advent-overaccept=35 advent-underaccept=9 compiler-timeout=3 reference-disagreement=1456 same=21955 tree-difference=3
[23488/100000] reference-disagreement wide:func-body:block-comment+keyword+duplicate:real:SyntaxTraits:329 len=363 artifacts=46 advent-overaccept=35 advent-underaccept=9 compiler-timeout=3 reference-disagreement=1457 same=21981 tree-difference=3
[23490/100000] reference-disagreement grammarish-member-list len=387 artifacts=46 advent-overaccept=35 advent-underaccept=9 compiler-timeout=3 reference-disagreement=1458 same=21982 tree-difference=3
[23500/100000] same tspl-divergence-pattern-shape len=71 artifacts=46 advent-overaccept=35 advent-underaccept=9 compiler-timeout=3 reference-disagreement=1458 same=21992 tree-difference=3
[23503/100000] reference-disagreement wide:extension-member:raw:attribute:testExpose#2 len=52 artifacts=46 advent-overaccept=35 advent-underaccept=9 compiler-timeout=3 reference-disagreement=1459 same=21994 tree-difference=3
[23507/100000] reference-disagreement wide:closure:raw:pattern:testNonBinding1#1+real:ResultBuilders:115 len=230 artifacts=46 advent-overaccept=35 advent-underaccept=9 compiler-timeout=3 reference-disagreement=1460 same=21997 tree-difference=3
[23590/100000] reference-disagreement grammarish-member-list len=192 artifacts=46 advent-overaccept=35 advent-underaccept=9 compiler-timeout=3 reference-disagreement=1461 same=22079 tree-difference=3
[23616/100000] reference-disagreement wide:trailing-closure:line-comment:real:SyntaxTraits:834+translated:testFunctionTypeExpr#4 len=161 artifacts=46 advent-overaccept=35 advent-underaccept=9 compiler-timeout=3 reference-disagreement=1462 same=22104 tree-difference=3
[23620/100000] reference-disagreement wide:func-body:raw:real:BuildableNodes:1557+translated:testAsyncSyntax6#1 len=1321 artifacts=46 advent-overaccept=35 advent-underaccept=9 compiler-timeout=3 reference-disagreement=1463 same=22107 tree-difference=3
[23631/100000] reference-disagreement attribute-ifconfig-elseif-list len=130 artifacts=46 advent-overaccept=35 advent-underaccept=9 compiler-timeout=3 reference-disagreement=1464 same=22117 tree-difference=3
[23642/100000] reference-disagreement member-list-wide-boundary len=339 artifacts=46 advent-overaccept=35 advent-underaccept=9 compiler-timeout=3 reference-disagreement=1465 same=22127 tree-difference=3
[23656/100000] reference-disagreement wide:closure:duplicate:translated:testInitDeinit6#1 len=74 artifacts=46 advent-overaccept=35 advent-underaccept=9 compiler-timeout=3 reference-disagreement=1466 same=22140 tree-difference=3
[23693/100000] reference-disagreement wide:closure:newline:real:MissingNodeInitializers:92 len=244 artifacts=46 advent-overaccept=35 advent-underaccept=9 compiler-timeout=3 reference-disagreement=1467 same=22176 tree-difference=3
[23703/100000] reference-disagreement wide:extension-member:line-comment:real:IsValidIdentifier:41 len=1042 artifacts=46 advent-overaccept=35 advent-underaccept=9 compiler-timeout=3 reference-disagreement=1468 same=22185 tree-difference=3
[23745/100000] reference-disagreement attribute-ifconfig-elseif-list len=118 artifacts=46 advent-overaccept=35 advent-underaccept=9 compiler-timeout=3 reference-disagreement=1469 same=22226 tree-difference=3
[23750/100000] same try-boundary len=24 artifacts=46 advent-overaccept=35 advent-underaccept=9 compiler-timeout=3 reference-disagreement=1469 same=22231 tree-difference=3
[23771/100000] reference-disagreement tspl-divergence-accessor-commitment len=78 artifacts=46 advent-overaccept=35 advent-underaccept=9 compiler-timeout=3 reference-disagreement=1470 same=22251 tree-difference=3
[23778/100000] reference-disagreement wide:func-body:keyword:real:ResultBuilders:531+real:Expressions:1877 len=582 artifacts=46 advent-overaccept=35 advent-underaccept=9 compiler-timeout=3 reference-disagreement=1471 same=22257 tree-difference=3
[23825/100000] reference-disagreement declaration-modifier-stack len=34 artifacts=46 advent-overaccept=35 advent-underaccept=9 compiler-timeout=3 reference-disagreement=1472 same=22303 tree-difference=3
[23828/100000] reference-disagreement wide:struct-member:line-comment+newline:real:GrammarNode:303 len=1198 artifacts=46 advent-overaccept=35 advent-underaccept=9 compiler-timeout=3 reference-disagreement=1473 same=22305 tree-difference=3
[23834/100000] reference-disagreement wide:trailing-closure:raw:real:RenamedChildrenBuilderCompatibility:547 len=1030 artifacts=46 advent-overaccept=35 advent-underaccept=9 compiler-timeout=3 reference-disagreement=1474 same=22310 tree-difference=3
[23840/100000] reference-disagreement attribute-ifconfig-elseif-list len=116 artifacts=46 advent-overaccept=35 advent-underaccept=9 compiler-timeout=3 reference-disagreement=1475 same=22315 tree-difference=3
[23842/100000] reference-disagreement wide:extension-member:newline:real:LookupResult:124+real:AbsolutePosition:29 len=493 artifacts=46 advent-overaccept=35 advent-underaccept=9 compiler-timeout=3 reference-disagreement=1476 same=22316 tree-difference=3
[23874/100000] reference-disagreement wide:struct-member:newline:expression:testObjectLiterals#2 len=174 artifacts=46 advent-overaccept=35 advent-underaccept=9 compiler-timeout=3 reference-disagreement=1477 same=22347 tree-difference=3
[23939/100000] reference-disagreement wide:before-statement:block-comment+newline:translated:testSwitch46#1 len=112 artifacts=46 advent-overaccept=35 advent-underaccept=9 compiler-timeout=3 reference-disagreement=1478 same=22411 tree-difference=3
[23968/100000] reference-disagreement wide:func-body:newline+newline+line-comment:declaration:testAttributedMacroExpansionDeclaration#8 len=65 artifacts=46 advent-overaccept=35 advent-underaccept=9 compiler-timeout=3 reference-disagreement=1479 same=22439 tree-difference=3
[23993/100000] reference-disagreement wide:func-body:block-comment+block-comment:real:Macros:245 len=566 artifacts=46 advent-overaccept=35 advent-underaccept=9 compiler-timeout=3 reference-disagreement=1480 same=22463 tree-difference=3
[24000/100000] same frontier:parser-mode-scope len=95 artifacts=46 advent-overaccept=35 advent-underaccept=9 compiler-timeout=3 reference-disagreement=1480 same=22470 tree-difference=3
[24008/100000] reference-disagreement member-list-wide-boundary len=184 artifacts=46 advent-overaccept=35 advent-underaccept=9 compiler-timeout=3 reference-disagreement=1481 same=22477 tree-difference=3
[24018/100000] reference-disagreement member-list-wide-boundary len=287 artifacts=46 advent-overaccept=35 advent-underaccept=9 compiler-timeout=3 reference-disagreement=1482 same=22486 tree-difference=3
[24035/100000] reference-disagreement wide:closure:newline+glue:real:SyntaxCollections:799 len=512 artifacts=46 advent-overaccept=35 advent-underaccept=9 compiler-timeout=3 reference-disagreement=1483 same=22502 tree-difference=3
[24055/100000] reference-disagreement keypath-component-matrix len=40 artifacts=46 advent-overaccept=35 advent-underaccept=9 compiler-timeout=3 reference-disagreement=1484 same=22521 tree-difference=3
[24069/100000] reference-disagreement wide:closure:raw:real:SyntaxExpressibleByStringInterpolationConformances:172 len=190 artifacts=46 advent-overaccept=35 advent-underaccept=9 compiler-timeout=3 reference-disagreement=1485 same=22534 tree-difference=3
[24087/100000] reference-disagreement wide:trailing-closure:raw:translated:testSwitch43#1 len=73 artifacts=46 advent-overaccept=35 advent-underaccept=9 compiler-timeout=3 reference-disagreement=1486 same=22551 tree-difference=3
[24099/100000] advent-overaccept wide:after-statement:line-comment+newline:type:testLifetimeSpecifier#5 len=56 artifacts=47 advent-overaccept=36 advent-underaccept=9 compiler-timeout=3 reference-disagreement=1486 same=22562 tree-difference=3
[24101/100000] reference-disagreement tspl-divergence-protocol-body len=145 artifacts=47 advent-overaccept=36 advent-underaccept=9 compiler-timeout=3 reference-disagreement=1487 same=22563 tree-difference=3
[24106/100000] reference-disagreement keypath-component-matrix len=44 artifacts=47 advent-overaccept=36 advent-underaccept=9 compiler-timeout=3 reference-disagreement=1488 same=22567 tree-difference=3
[24109/100000] reference-disagreement attribute-ifconfig-elseif-list len=111 artifacts=47 advent-overaccept=36 advent-underaccept=9 compiler-timeout=3 reference-disagreement=1489 same=22569 tree-difference=3
[24110/100000] reference-disagreement tspl-divergence-protocol-body len=226 artifacts=47 advent-overaccept=36 advent-underaccept=9 compiler-timeout=3 reference-disagreement=1490 same=22569 tree-difference=3
[24120/100000] reference-disagreement wide:struct-member:newline+newline:reject:testEnum11#1 len=71 artifacts=47 advent-overaccept=36 advent-underaccept=9 compiler-timeout=3 reference-disagreement=1491 same=22578 tree-difference=3
[24159/100000] reference-disagreement wide:top:raw:reject:testKeyPathMethodAndInitializers#3+real:RawSyntaxArena:245 len=400 artifacts=47 advent-overaccept=36 advent-underaccept=9 compiler-timeout=3 reference-disagreement=1492 same=22616 tree-difference=3
[24170/100000] reference-disagreement wide:closure:raw:real:CommonAncestor:14 len=446 artifacts=47 advent-overaccept=36 advent-underaccept=9 compiler-timeout=3 reference-disagreement=1493 same=22626 tree-difference=3
[24172/100000] reference-disagreement wide:top:block-comment:reject:testInitAccessorsWithDefaultValues#1 len=118 artifacts=47 advent-overaccept=36 advent-underaccept=9 compiler-timeout=3 reference-disagreement=1494 same=22627 tree-difference=3
[24182/100000] reference-disagreement wide:func-body:newline:translated:testOperatorDeclDesignatedTypes7#1 len=75 artifacts=47 advent-overaccept=36 advent-underaccept=9 compiler-timeout=3 reference-disagreement=1495 same=22636 tree-difference=3
[24195/100000] reference-disagreement wide:func-body:raw:real:CollectionNodes+Parsable:84 len=595 artifacts=47 advent-overaccept=36 advent-underaccept=9 compiler-timeout=3 reference-disagreement=1496 same=22648 tree-difference=3
[24205/100000] advent-overaccept wide:struct-member:raw:type:testLifetimeSpecifier#5 len=47 artifacts=47 advent-overaccept=37 advent-underaccept=9 compiler-timeout=3 reference-disagreement=1496 same=22657 tree-difference=3
[24250/100000] same wide:top:block-comment:reject:testFuncParsing#3 len=30 artifacts=47 advent-overaccept=37 advent-underaccept=9 compiler-timeout=3 reference-disagreement=1496 same=22702 tree-difference=3
[24264/100000] reference-disagreement tspl-divergence-protocol-body len=174 artifacts=47 advent-overaccept=37 advent-underaccept=9 compiler-timeout=3 reference-disagreement=1497 same=22715 tree-difference=3
[24295/100000] reference-disagreement wide:struct-member:duplicate:real:ParserDiagnosticMessages:26 len=110 artifacts=47 advent-overaccept=37 advent-underaccept=9 compiler-timeout=3 reference-disagreement=1498 same=22745 tree-difference=3
[24306/100000] reference-disagreement wide:func-body:newline+space+newline:real:PackageDependency:69 len=344 artifacts=47 advent-overaccept=37 advent-underaccept=9 compiler-timeout=3 reference-disagreement=1499 same=22755 tree-difference=3
[24334/100000] reference-disagreement wide:trailing-closure:newline+newline+glue:real:SyntaxText:225+phase3-statement:try-forced len=873 artifacts=47 advent-overaccept=37 advent-underaccept=9 compiler-timeout=3 reference-disagreement=1500 same=22782 tree-difference=3
[24352/100000] reference-disagreement wide:extension-member:newline+block-comment:phase3-modifier:public-ext len=50 artifacts=47 advent-overaccept=37 advent-underaccept=9 compiler-timeout=3 reference-disagreement=1501 same=22799 tree-difference=3
[24358/100000] reference-disagreement keypath-component-matrix len=52 artifacts=47 advent-overaccept=37 advent-underaccept=9 compiler-timeout=3 reference-disagreement=1502 same=22804 tree-difference=3
[24366/100000] reference-disagreement wide:extension-member:newline:real:DeclSyntaxParseable:54 len=72 artifacts=47 advent-overaccept=37 advent-underaccept=9 compiler-timeout=3 reference-disagreement=1503 same=22811 tree-difference=3
[24370/100000] reference-disagreement wide:after-statement:raw:expression:testKeyPathMethodAndInitializers#2 len=33 artifacts=47 advent-overaccept=37 advent-underaccept=9 compiler-timeout=3 reference-disagreement=1504 same=22814 tree-difference=3
[24382/100000] reference-disagreement grammarish-member-list len=372 artifacts=47 advent-overaccept=37 advent-underaccept=9 compiler-timeout=3 reference-disagreement=1505 same=22825 tree-difference=3
[24388/100000] reference-disagreement tspl-divergence-protocol-body len=144 artifacts=47 advent-overaccept=37 advent-underaccept=9 compiler-timeout=3 reference-disagreement=1506 same=22830 tree-difference=3
[24406/100000] reference-disagreement func-body len=467 artifacts=47 advent-overaccept=37 advent-underaccept=9 compiler-timeout=3 reference-disagreement=1507 same=22847 tree-difference=3
[24408/100000] reference-disagreement tspl-divergence-protocol-body len=166 artifacts=47 advent-overaccept=37 advent-underaccept=9 compiler-timeout=3 reference-disagreement=1508 same=22848 tree-difference=3
[24411/100000] reference-disagreement attribute-ifconfig-elseif-list len=131 artifacts=47 advent-overaccept=37 advent-underaccept=9 compiler-timeout=3 reference-disagreement=1509 same=22850 tree-difference=3
[24432/100000] reference-disagreement wide:closure:block-comment:real:ResultBuilders:128 len=210 artifacts=47 advent-overaccept=37 advent-underaccept=9 compiler-timeout=3 reference-disagreement=1510 same=22870 tree-difference=3
[24437/100000] reference-disagreement wide:extension-member:glue+block-comment+line-comment:real:SyntaxExpressibleByStringInterpolationConformances:61 len=98 artifacts=47 advent-overaccept=37 advent-underaccept=9 compiler-timeout=3 reference-disagreement=1511 same=22874 tree-difference=3
[24489/100000] reference-disagreement wide:func-body:line-comment+line-comment+space:real:SyntaxTraits:698 len=93 artifacts=47 advent-overaccept=37 advent-underaccept=9 compiler-timeout=3 reference-disagreement=1512 same=22925 tree-difference=3
[24492/100000] reference-disagreement wide:closure:newline+duplicate:translated:testIfconfigExpr2#1+real:MissingNodesError:361 len=365 artifacts=47 advent-overaccept=37 advent-underaccept=9 compiler-timeout=3 reference-disagreement=1513 same=22927 tree-difference=3
[24496/100000] reference-disagreement wide:trailing-closure:newline+line-comment+space:translated:testForwardSlashRegexSkipping9#1+statement:testSwitch#2 len=75 artifacts=47 advent-overaccept=37 advent-underaccept=9 compiler-timeout=3 reference-disagreement=1514 same=22930 tree-difference=3
[24500/100000] reference-disagreement wide:func-body:raw:real:CallLikeSyntax:28 len=84 artifacts=47 advent-overaccept=37 advent-underaccept=9 compiler-timeout=3 reference-disagreement=1515 same=22933 tree-difference=3
[24504/100000] reference-disagreement wide:before-statement:raw:real:SyntaxTraits:748+declaration:testClassWithPrivateSet#1 len=178 artifacts=47 advent-overaccept=37 advent-underaccept=9 compiler-timeout=3 reference-disagreement=1516 same=22936 tree-difference=3
[24509/100000] reference-disagreement wide:before-statement:line-comment+splice:real:SyntaxTraits:710 len=80 artifacts=47 advent-overaccept=37 advent-underaccept=9 compiler-timeout=3 reference-disagreement=1517 same=22940 tree-difference=3
[24513/100000] reference-disagreement grammarish-member-list len=301 artifacts=47 advent-overaccept=37 advent-underaccept=9 compiler-timeout=3 reference-disagreement=1518 same=22943 tree-difference=3
[24520/100000] reference-disagreement wide:top:space+block-comment+newline:expression:testKeyPathMethodAndInitializers#1+declaration:testBorrowingConsumingParameterSpecifiers#17 len=68 artifacts=47 advent-overaccept=37 advent-underaccept=9 compiler-timeout=3 reference-disagreement=1519 same=22949 tree-difference=3
[24530/100000] reference-disagreement attribute-ifconfig-elseif-list len=128 artifacts=47 advent-overaccept=37 advent-underaccept=9 compiler-timeout=3 reference-disagreement=1520 same=22958 tree-difference=3
[24558/100000] reference-disagreement declaration-modifier-stack len=34 artifacts=47 advent-overaccept=37 advent-underaccept=9 compiler-timeout=3 reference-disagreement=1521 same=22985 tree-difference=3
[24592/100000] reference-disagreement grammarish-member-list len=271 artifacts=47 advent-overaccept=37 advent-underaccept=9 compiler-timeout=3 reference-disagreement=1522 same=23018 tree-difference=3
[24601/100000] reference-disagreement tspl-divergence-protocol-body len=222 artifacts=47 advent-overaccept=37 advent-underaccept=9 compiler-timeout=3 reference-disagreement=1523 same=23026 tree-difference=3
[24620/100000] reference-disagreement wide:func-body:raw:attribute:testABIAttribute#7+translated:testEnum74#1 len=121 artifacts=47 advent-overaccept=37 advent-underaccept=9 compiler-timeout=3 reference-disagreement=1524 same=23044 tree-difference=3
[24630/100000] reference-disagreement wide:before-statement:raw:declaration:testModifiedParameter#4 len=98 artifacts=47 advent-overaccept=37 advent-underaccept=9 compiler-timeout=3 reference-disagreement=1525 same=23053 tree-difference=3
[24635/100000] reference-disagreement seed-corpus-wrapped:preconcurrency-import len=49 artifacts=47 advent-overaccept=37 advent-underaccept=9 compiler-timeout=3 reference-disagreement=1526 same=23057 tree-difference=3
[24672/100000] reference-disagreement wide:struct-member:raw:real:Indenter:19 len=330 artifacts=47 advent-overaccept=37 advent-underaccept=9 compiler-timeout=3 reference-disagreement=1527 same=23093 tree-difference=3
[24686/100000] reference-disagreement tspl-divergence-accessor-commitment len=49 artifacts=47 advent-overaccept=37 advent-underaccept=9 compiler-timeout=3 reference-disagreement=1528 same=23106 tree-difference=3
[24688/100000] reference-disagreement wide:closure:space+keyword:phase4-attr:attr-extension len=46 artifacts=47 advent-overaccept=37 advent-underaccept=9 compiler-timeout=3 reference-disagreement=1529 same=23107 tree-difference=3
[24705/100000] reference-disagreement binding-pattern len=458 artifacts=47 advent-overaccept=37 advent-underaccept=9 compiler-timeout=3 reference-disagreement=1530 same=23123 tree-difference=3
[24732/100000] reference-disagreement wide:func-body:block-comment:translated:testForwardSlashRegex29#1+real:WithGenericParametersScopeSyntax:15 len=357 artifacts=47 advent-overaccept=37 advent-underaccept=9 compiler-timeout=3 reference-disagreement=1531 same=23149 tree-difference=3
[24743/100000] reference-disagreement attribute-boundary len=99 artifacts=47 advent-overaccept=37 advent-underaccept=9 compiler-timeout=3 reference-disagreement=1532 same=23159 tree-difference=3
[24750/100000] same seed-corpus-structural-splice:effectful-accessor len=103 artifacts=47 advent-overaccept=37 advent-underaccept=9 compiler-timeout=3 reference-disagreement=1532 same=23166 tree-difference=3
[24755/100000] reference-disagreement keypath-boundary len=44 artifacts=47 advent-overaccept=37 advent-underaccept=9 compiler-timeout=3 reference-disagreement=1533 same=23170 tree-difference=3
[24798/100000] reference-disagreement tspl-divergence-protocol-body len=127 artifacts=47 advent-overaccept=37 advent-underaccept=9 compiler-timeout=3 reference-disagreement=1534 same=23212 tree-difference=3
[24799/100000] reference-disagreement binding-pattern len=458 artifacts=47 advent-overaccept=37 advent-underaccept=9 compiler-timeout=3 reference-disagreement=1535 same=23212 tree-difference=3
[24843/100000] reference-disagreement grammarish-member-list len=197 artifacts=47 advent-overaccept=37 advent-underaccept=9 compiler-timeout=3 reference-disagreement=1536 same=23255 tree-difference=3
[24860/100000] reference-disagreement wide:ifconfig:line-comment+newline:expression:testTernary#1+statement:testTypedThrows#3 len=68 artifacts=47 advent-overaccept=37 advent-underaccept=9 compiler-timeout=3 reference-disagreement=1537 same=23271 tree-difference=3
[24878/100000] reference-disagreement wide:ifconfig:block-comment+glue:attribute:testSpiAttributeWithoutParameter#1 len=40 artifacts=47 advent-overaccept=37 advent-underaccept=9 compiler-timeout=3 reference-disagreement=1538 same=23288 tree-difference=3
[24959/100000] reference-disagreement tspl-divergence-protocol-body len=178 artifacts=47 advent-overaccept=37 advent-underaccept=9 compiler-timeout=3 reference-disagreement=1539 same=23368 tree-difference=3
[24963/100000] advent-overaccept wide:after-statement:duplicate:phase4-accessor:computed-get len=59 artifacts=48 advent-overaccept=38 advent-underaccept=9 compiler-timeout=3 reference-disagreement=1539 same=23371 tree-difference=3
[24984/100000] advent-overaccept wide:trailing-closure:raw:declaration:testUsing#3 len=20 artifacts=49 advent-overaccept=39 advent-underaccept=9 compiler-timeout=3 reference-disagreement=1539 same=23391 tree-difference=3
[25000/100000] same ifconfig-boundary len=30 artifacts=49 advent-overaccept=39 advent-underaccept=9 compiler-timeout=3 reference-disagreement=1539 same=23407 tree-difference=3
[25001/100000] reference-disagreement wide:interpolation:raw:translated:testAvailabilityQuery23#1 len=113 artifacts=49 advent-overaccept=39 advent-underaccept=9 compiler-timeout=3 reference-disagreement=1540 same=23407 tree-difference=3
[25012/100000] reference-disagreement wide:trailing-closure:line-comment+newline:real:LayoutNodes+Parsable:127 len=189 artifacts=49 advent-overaccept=39 advent-underaccept=9 compiler-timeout=3 reference-disagreement=1541 same=23417 tree-difference=3
[25040/100000] reference-disagreement wide:func-body:raw:reject:testCoroutineAccessors#2+attribute:testTransposeAttribute#4 len=200 artifacts=49 advent-overaccept=39 advent-underaccept=9 compiler-timeout=3 reference-disagreement=1542 same=23444 tree-difference=3
[25054/100000] reference-disagreement wide:trailing-closure:glue:real:DeclSyntaxParseable:25 len=701 artifacts=49 advent-overaccept=39 advent-underaccept=9 compiler-timeout=3 reference-disagreement=1543 same=23457 tree-difference=3
[25058/100000] advent-underaccept wide:trailing-closure:newline:translated:testForwardSlashRegex11#1 len=28 artifacts=50 advent-overaccept=39 advent-underaccept=10 compiler-timeout=3 reference-disagreement=1543 same=23460 tree-difference=3
[25070/100000] reference-disagreement wide:trailing-closure:raw:declaration:testImports#1 len=26 artifacts=50 advent-overaccept=39 advent-underaccept=10 compiler-timeout=3 reference-disagreement=1544 same=23471 tree-difference=3
[25159/100000] reference-disagreement wide:closure:newline+newline:real:ResultBuilders:206 len=206 artifacts=50 advent-overaccept=39 advent-underaccept=10 compiler-timeout=3 reference-disagreement=1545 same=23559 tree-difference=3
[25167/100000] reference-disagreement wide:closure:raw:phase3-type:extension-empty len=36 artifacts=50 advent-overaccept=39 advent-underaccept=10 compiler-timeout=3 reference-disagreement=1546 same=23566 tree-difference=3
[25171/100000] reference-disagreement wide:func-body:duplicate:real:StandardIOMessageConnection:24 len=50 artifacts=50 advent-overaccept=39 advent-underaccept=10 compiler-timeout=3 reference-disagreement=1547 same=23569 tree-difference=3
[25175/100000] reference-disagreement tspl-divergence-protocol-body len=119 artifacts=50 advent-overaccept=39 advent-underaccept=10 compiler-timeout=3 reference-disagreement=1548 same=23572 tree-difference=3
[25221/100000] reference-disagreement member-list-wide-boundary len=325 artifacts=50 advent-overaccept=39 advent-underaccept=10 compiler-timeout=3 reference-disagreement=1549 same=23617 tree-difference=3
[25250/100000] same multiline-interpolation-boundary len=183 artifacts=50 advent-overaccept=39 advent-underaccept=10 compiler-timeout=3 reference-disagreement=1549 same=23646 tree-difference=3
[25260/100000] reference-disagreement wide:trailing-closure:newline+newline+keyword:real:Syntax+StringInterpolation:328 len=145 artifacts=50 advent-overaccept=39 advent-underaccept=10 compiler-timeout=3 reference-disagreement=1550 same=23655 tree-difference=3
[25340/100000] reference-disagreement wide:extension-member:raw:reject:testABIAttribute#8 len=120 artifacts=50 advent-overaccept=39 advent-underaccept=10 compiler-timeout=3 reference-disagreement=1551 same=23734 tree-difference=3
[25344/100000] reference-disagreement tspl-divergence-protocol-body len=145 artifacts=50 advent-overaccept=39 advent-underaccept=10 compiler-timeout=3 reference-disagreement=1552 same=23737 tree-difference=3
[25386/100000] reference-disagreement wide:top:newline:translated:testTrailingClosures12#1 len=64 artifacts=50 advent-overaccept=39 advent-underaccept=10 compiler-timeout=3 reference-disagreement=1553 same=23778 tree-difference=3
[25422/100000] reference-disagreement member-list-wide-boundary len=379 artifacts=50 advent-overaccept=39 advent-underaccept=10 compiler-timeout=3 reference-disagreement=1554 same=23813 tree-difference=3
[25481/100000] reference-disagreement attribute-ifconfig-elseif-list len=143 artifacts=50 advent-overaccept=39 advent-underaccept=10 compiler-timeout=3 reference-disagreement=1555 same=23871 tree-difference=3
[25485/100000] reference-disagreement wide:extension-member:newline+splice:real:Parameters:21 len=121 artifacts=50 advent-overaccept=39 advent-underaccept=10 compiler-timeout=3 reference-disagreement=1556 same=23874 tree-difference=3
[25500/100000] same macro-pound-boundary len=40 artifacts=50 advent-overaccept=39 advent-underaccept=10 compiler-timeout=3 reference-disagreement=1556 same=23889 tree-difference=3
[25502/100000] reference-disagreement wide:trailing-closure:newline+duplicate:real:LayoutNodes+Parsable:143 len=209 artifacts=50 advent-overaccept=39 advent-underaccept=10 compiler-timeout=3 reference-disagreement=1557 same=23890 tree-difference=3
[25514/100000] reference-disagreement wide:extension-member:raw:real:SyntaxSynthesis:19 len=209 artifacts=50 advent-overaccept=39 advent-underaccept=10 compiler-timeout=3 reference-disagreement=1558 same=23901 tree-difference=3
[25523/100000] reference-disagreement wide:closure:raw:real:SyntaxTraits:794 len=93 artifacts=50 advent-overaccept=39 advent-underaccept=10 compiler-timeout=3 reference-disagreement=1559 same=23909 tree-difference=3
[25542/100000] reference-disagreement tspl-divergence-protocol-body len=90 artifacts=50 advent-overaccept=39 advent-underaccept=10 compiler-timeout=3 reference-disagreement=1560 same=23927 tree-difference=3
[25548/100000] reference-disagreement wide:extension-member:raw:real:MissingNodesError:253 len=278 artifacts=50 advent-overaccept=39 advent-underaccept=10 compiler-timeout=3 reference-disagreement=1561 same=23932 tree-difference=3
[25566/100000] reference-disagreement wide:after-statement:keyword+keyword:translated:testBorrowingContextualParsing#5 len=154 artifacts=50 advent-overaccept=39 advent-underaccept=10 compiler-timeout=3 reference-disagreement=1562 same=23949 tree-difference=3
[25571/100000] reference-disagreement wide:struct-member:glue:real:SyntaxTraits:692 len=113 artifacts=50 advent-overaccept=39 advent-underaccept=10 compiler-timeout=3 reference-disagreement=1563 same=23953 tree-difference=3
[25599/100000] reference-disagreement wide:before-statement:space:type:testNamedOpaqueReturnTypes#1 len=355 artifacts=50 advent-overaccept=39 advent-underaccept=10 compiler-timeout=3 reference-disagreement=1564 same=23980 tree-difference=3
[25602/100000] reference-disagreement wide:ifconfig:splice:translated:testInitDeinit7#1 len=45 artifacts=50 advent-overaccept=39 advent-underaccept=10 compiler-timeout=3 reference-disagreement=1565 same=23982 tree-difference=3
[25609/100000] reference-disagreement tspl-divergence-protocol-body len=212 artifacts=50 advent-overaccept=39 advent-underaccept=10 compiler-timeout=3 reference-disagreement=1566 same=23988 tree-difference=3
[25611/100000] advent-overaccept wide:before-statement:newline+keyword+line-comment:translated:testErrors29#1 len=86 artifacts=51 advent-overaccept=40 advent-underaccept=10 compiler-timeout=3 reference-disagreement=1566 same=23989 tree-difference=3
[25612/100000] reference-disagreement wide:trailing-closure:glue:real:Trivia:139 len=328 artifacts=51 advent-overaccept=40 advent-underaccept=10 compiler-timeout=3 reference-disagreement=1567 same=23989 tree-difference=3
[25647/100000] reference-disagreement wide:closure:glue:real:SyntaxTraits:492 len=414 artifacts=51 advent-overaccept=40 advent-underaccept=10 compiler-timeout=3 reference-disagreement=1568 same=24023 tree-difference=3
[25655/100000] reference-disagreement wide:struct-member:raw:phase4-misc:attr-type+real:SyntaxExpressibleByStringInterpolationConformances:250 len=120 artifacts=51 advent-overaccept=40 advent-underaccept=10 compiler-timeout=3 reference-disagreement=1569 same=24030 tree-difference=3
[25686/100000] reference-disagreement wide:struct-member:newline+newline:real:WarningControlDeclSyntax:55+attribute:testSilgenName#1 len=477 artifacts=51 advent-overaccept=40 advent-underaccept=10 compiler-timeout=3 reference-disagreement=1570 same=24060 tree-difference=3
[25689/100000] reference-disagreement member-list-wide-boundary len=178 artifacts=51 advent-overaccept=40 advent-underaccept=10 compiler-timeout=3 reference-disagreement=1571 same=24062 tree-difference=3
[25750/100000] same contextual-keyword-boundary len=43 artifacts=51 advent-overaccept=40 advent-underaccept=10 compiler-timeout=3 reference-disagreement=1571 same=24123 tree-difference=3
[25755/100000] reference-disagreement wide:func-body:newline:real:SyntaxCollections:278+translated:testTry10#1 len=563 artifacts=51 advent-overaccept=40 advent-underaccept=10 compiler-timeout=3 reference-disagreement=1572 same=24127 tree-difference=3
[25758/100000] reference-disagreement wide:extension-member:space:real:ResultBuilders:620 len=215 artifacts=51 advent-overaccept=40 advent-underaccept=10 compiler-timeout=3 reference-disagreement=1573 same=24129 tree-difference=3
[25773/100000] advent-overaccept wide:trailing-closure:keyword+keyword:translated:testDiagnoseAvailabilityWindows1#1 len=84 artifacts=52 advent-overaccept=41 advent-underaccept=10 compiler-timeout=3 reference-disagreement=1573 same=24143 tree-difference=3
[25782/100000] reference-disagreement wide:extension-member:duplicate+block-comment:translated:testInvalid16a#1 len=67 artifacts=52 advent-overaccept=41 advent-underaccept=10 compiler-timeout=3 reference-disagreement=1574 same=24151 tree-difference=3
[25800/100000] reference-disagreement wide:after-statement:duplicate:real:RawSyntax:958 len=433 artifacts=52 advent-overaccept=41 advent-underaccept=10 compiler-timeout=3 reference-disagreement=1575 same=24168 tree-difference=3
[25802/100000] advent-overaccept wide:ifconfig:keyword:reject:testMissingArrowInArrowExpr#1 len=39 artifacts=53 advent-overaccept=42 advent-underaccept=10 compiler-timeout=3 reference-disagreement=1575 same=24169 tree-difference=3
[25807/100000] reference-disagreement keypath-boundary len=38 artifacts=53 advent-overaccept=42 advent-underaccept=10 compiler-timeout=3 reference-disagreement=1576 same=24173 tree-difference=3
[25809/100000] reference-disagreement wide:func-body:raw:real:Trivia:132 len=196 artifacts=53 advent-overaccept=42 advent-underaccept=10 compiler-timeout=3 reference-disagreement=1577 same=24174 tree-difference=3
[25819/100000] reference-disagreement member-list-wide-boundary len=252 artifacts=53 advent-overaccept=42 advent-underaccept=10 compiler-timeout=3 reference-disagreement=1578 same=24183 tree-difference=3
[25823/100000] reference-disagreement member-list-wide-boundary len=314 artifacts=53 advent-overaccept=42 advent-underaccept=10 compiler-timeout=3 reference-disagreement=1579 same=24186 tree-difference=3
[25825/100000] advent-overaccept wide:closure:newline+glue:fuzz-harvest:constraint-suppressed len=50 artifacts=54 advent-overaccept=43 advent-underaccept=10 compiler-timeout=3 reference-disagreement=1579 same=24187 tree-difference=3
[25850/100000] reference-disagreement tspl-divergence-protocol-body len=76 artifacts=54 advent-overaccept=43 advent-underaccept=10 compiler-timeout=3 reference-disagreement=1580 same=24211 tree-difference=3
[25867/100000] reference-disagreement attribute-ifconfig-elseif-list len=123 artifacts=54 advent-overaccept=43 advent-underaccept=10 compiler-timeout=3 reference-disagreement=1581 same=24227 tree-difference=3
[25882/100000] reference-disagreement tspl-divergence-protocol-body len=141 artifacts=54 advent-overaccept=43 advent-underaccept=10 compiler-timeout=3 reference-disagreement=1582 same=24241 tree-difference=3
[25968/100000] advent-overaccept wide:closure:space+keyword:translated:testFunctionTypeExpr#3+expression:testKeyPathMethodAndInitializers#4 len=58 artifacts=55 advent-overaccept=44 advent-underaccept=10 compiler-timeout=3 reference-disagreement=1582 same=24326 tree-difference=3
[26000/100000] same wide:ifconfig:space+glue+glue:translated:testModuleSelectorWhitespace#5 len=30 artifacts=55 advent-overaccept=44 advent-underaccept=10 compiler-timeout=3 reference-disagreement=1582 same=24358 tree-difference=3
[26002/100000] reference-disagreement grammarish-member-list len=212 artifacts=55 advent-overaccept=44 advent-underaccept=10 compiler-timeout=3 reference-disagreement=1583 same=24359 tree-difference=3
[26003/100000] reference-disagreement attribute-boundary len=34 artifacts=55 advent-overaccept=44 advent-underaccept=10 compiler-timeout=3 reference-disagreement=1584 same=24359 tree-difference=3
[26006/100000] reference-disagreement wide:top:space+newline+newline:attribute:testSendable#1 len=69 artifacts=55 advent-overaccept=44 advent-underaccept=10 compiler-timeout=3 reference-disagreement=1585 same=24361 tree-difference=3
[26027/100000] reference-disagreement tspl-divergence-protocol-body len=185 artifacts=55 advent-overaccept=44 advent-underaccept=10 compiler-timeout=3 reference-disagreement=1586 same=24381 tree-difference=3
[26045/100000] reference-disagreement wide:trailing-closure:raw:translated:testEffectfulProperties6#1+phase3-statement:try-call len=127 artifacts=55 advent-overaccept=44 advent-underaccept=10 compiler-timeout=3 reference-disagreement=1587 same=24398 tree-difference=3
[26070/100000] reference-disagreement wide:trailing-closure:swap:phase3-function:func-two-params+translated:testUnknownPlatform3#1 len=132 artifacts=55 advent-overaccept=44 advent-underaccept=10 compiler-timeout=3 reference-disagreement=1588 same=24422 tree-difference=3
[26071/100000] reference-disagreement wide:func-body:raw:translated:testMultilineString42#1+attribute:testMacroRoleNames#5 len=136 artifacts=55 advent-overaccept=44 advent-underaccept=10 compiler-timeout=3 reference-disagreement=1589 same=24422 tree-difference=3
[26074/100000] reference-disagreement attribute-ifconfig-elseif-list len=119 artifacts=55 advent-overaccept=44 advent-underaccept=10 compiler-timeout=3 reference-disagreement=1590 same=24424 tree-difference=3
[26089/100000] reference-disagreement wide:func-body:raw:real:ResultBuilders:332 len=132 artifacts=55 advent-overaccept=44 advent-underaccept=10 compiler-timeout=3 reference-disagreement=1591 same=24438 tree-difference=3
[26103/100000] reference-disagreement wide:trailing-closure:block-comment+splice:real:CompilerPluginMessageHandler:287 len=382 artifacts=55 advent-overaccept=44 advent-underaccept=10 compiler-timeout=3 reference-disagreement=1592 same=24451 tree-difference=3
[26108/100000] reference-disagreement tspl-divergence-accessor-commitment len=49 artifacts=55 advent-overaccept=44 advent-underaccept=10 compiler-timeout=3 reference-disagreement=1593 same=24455 tree-difference=3
[26113/100000] reference-disagreement grammarish-member-list len=108 artifacts=55 advent-overaccept=44 advent-underaccept=10 compiler-timeout=3 reference-disagreement=1594 same=24459 tree-difference=3
[26125/100000] reference-disagreement wide:trailing-closure:raw:attribute:testDocumentationAttribute#4 len=88 artifacts=55 advent-overaccept=44 advent-underaccept=10 compiler-timeout=3 reference-disagreement=1595 same=24470 tree-difference=3
[26133/100000] reference-disagreement wide:closure:raw:real:ResultBuilders:29 len=193 artifacts=55 advent-overaccept=44 advent-underaccept=10 compiler-timeout=3 reference-disagreement=1596 same=24477 tree-difference=3
[26151/100000] reference-disagreement wide:trailing-closure:space+line-comment:real:SyntaxExpressibleByStringInterpolationConformances:40 len=87 artifacts=55 advent-overaccept=44 advent-underaccept=10 compiler-timeout=3 reference-disagreement=1597 same=24494 tree-difference=3
[26181/100000] reference-disagreement wide:func-body:newline:translated:testErrors3#1+real:SwiftSyntaxCompatibility:252 len=343 artifacts=55 advent-overaccept=44 advent-underaccept=10 compiler-timeout=3 reference-disagreement=1598 same=24523 tree-difference=3
[26192/100000] reference-disagreement tspl-divergence-protocol-body len=141 artifacts=55 advent-overaccept=44 advent-underaccept=10 compiler-timeout=3 reference-disagreement=1599 same=24533 tree-difference=3
[26208/100000] reference-disagreement wide:trailing-closure:raw:real:SyntaxTraits:792 len=123 artifacts=55 advent-overaccept=44 advent-underaccept=10 compiler-timeout=3 reference-disagreement=1600 same=24548 tree-difference=3
[26210/100000] reference-disagreement wide:closure:swap+splice+glue:translated:testTupleTypeExpr#7 len=40 artifacts=55 advent-overaccept=44 advent-underaccept=10 compiler-timeout=3 reference-disagreement=1601 same=24549 tree-difference=3
[26213/100000] reference-disagreement grammarish-member-list len=146 artifacts=55 advent-overaccept=44 advent-underaccept=10 compiler-timeout=3 reference-disagreement=1602 same=24551 tree-difference=3
[26214/100000] reference-disagreement wide:extension-member:block-comment:phase4-precedence:pg-multi len=79 artifacts=55 advent-overaccept=44 advent-underaccept=10 compiler-timeout=3 reference-disagreement=1603 same=24551 tree-difference=3
[26220/100000] reference-disagreement wide:func-body:raw:real:MissingNodeInitializers:92 len=237 artifacts=55 advent-overaccept=44 advent-underaccept=10 compiler-timeout=3 reference-disagreement=1604 same=24556 tree-difference=3
[26228/100000] reference-disagreement tspl-divergence-protocol-body len=141 artifacts=55 advent-overaccept=44 advent-underaccept=10 compiler-timeout=3 reference-disagreement=1605 same=24563 tree-difference=3
[26250/100000] same grammarish-member-list len=485 artifacts=55 advent-overaccept=44 advent-underaccept=10 compiler-timeout=3 reference-disagreement=1605 same=24585 tree-difference=3
[26259/100000] reference-disagreement wide:struct-member:newline+newline:real:SyntaxExpressibleByStringInterpolationConformances:241 len=93 artifacts=55 advent-overaccept=44 advent-underaccept=10 compiler-timeout=3 reference-disagreement=1606 same=24593 tree-difference=3
[26267/100000] reference-disagreement wide:func-body:raw:fuzz-harvest:requirement-layout len=46 artifacts=55 advent-overaccept=44 advent-underaccept=10 compiler-timeout=3 reference-disagreement=1607 same=24600 tree-difference=3
[26277/100000] reference-disagreement wide:struct-member:glue:real:SyntaxExpressibleByStringInterpolationConformances:148 len=91 artifacts=55 advent-overaccept=44 advent-underaccept=10 compiler-timeout=3 reference-disagreement=1608 same=24609 tree-difference=3
[26292/100000] reference-disagreement wide:func-body:block-comment:translated:testOriginalDefinedInAttr7#4 len=189 artifacts=55 advent-overaccept=44 advent-underaccept=10 compiler-timeout=3 reference-disagreement=1609 same=24623 tree-difference=3
[26296/100000] reference-disagreement wide:func-body:glue:real:SyntaxProtocol:590 len=451 artifacts=55 advent-overaccept=44 advent-underaccept=10 compiler-timeout=3 reference-disagreement=1610 same=24626 tree-difference=3
[26330/100000] reference-disagreement wide:func-body:raw:real:Nominals:381 len=365 artifacts=55 advent-overaccept=44 advent-underaccept=10 compiler-timeout=3 reference-disagreement=1611 same=24659 tree-difference=3
[26365/100000] reference-disagreement attribute-ifconfig-elseif-list len=108 artifacts=55 advent-overaccept=44 advent-underaccept=10 compiler-timeout=3 reference-disagreement=1612 same=24693 tree-difference=3
[26386/100000] reference-disagreement attribute-ifconfig-elseif-list len=138 artifacts=55 advent-overaccept=44 advent-underaccept=10 compiler-timeout=3 reference-disagreement=1613 same=24713 tree-difference=3
[26391/100000] reference-disagreement wide:extension-member:newline+duplicate+block-comment:real:Expressions:1606 len=436 artifacts=55 advent-overaccept=44 advent-underaccept=10 compiler-timeout=3 reference-disagreement=1614 same=24717 tree-difference=3
[26401/100000] reference-disagreement wide:closure:raw:real:SyntaxExpressibleByStringInterpolationConformances:28 len=184 artifacts=55 advent-overaccept=44 advent-underaccept=10 compiler-timeout=3 reference-disagreement=1615 same=24726 tree-difference=3
[26419/100000] reference-disagreement keypath-component-matrix len=40 artifacts=55 advent-overaccept=44 advent-underaccept=10 compiler-timeout=3 reference-disagreement=1616 same=24743 tree-difference=3
[26456/100000] reference-disagreement tspl-divergence-protocol-body len=241 artifacts=55 advent-overaccept=44 advent-underaccept=10 compiler-timeout=3 reference-disagreement=1617 same=24779 tree-difference=3
[26457/100000] reference-disagreement wide:closure:glue+line-comment:real:SyntaxNodeWithBody:42 len=226 artifacts=55 advent-overaccept=44 advent-underaccept=10 compiler-timeout=3 reference-disagreement=1618 same=24779 tree-difference=3
[26500/100000] reference-disagreement wide:trailing-closure:glue:real:SyntaxTraits:764 len=113 artifacts=55 advent-overaccept=44 advent-underaccept=10 compiler-timeout=3 reference-disagreement=1619 same=24821 tree-difference=3
[26517/100000] reference-disagreement tspl-divergence-protocol-body len=142 artifacts=55 advent-overaccept=44 advent-underaccept=10 compiler-timeout=3 reference-disagreement=1620 same=24837 tree-difference=3
[26518/100000] reference-disagreement tspl-divergence-protocol-body len=132 artifacts=55 advent-overaccept=44 advent-underaccept=10 compiler-timeout=3 reference-disagreement=1621 same=24837 tree-difference=3
[26534/100000] reference-disagreement attribute-boundary len=37 artifacts=55 advent-overaccept=44 advent-underaccept=10 compiler-timeout=3 reference-disagreement=1622 same=24852 tree-difference=3
[26556/100000] advent-overaccept wide:after-statement:block-comment+glue+newline:expression:testKeyPathMethodAndInitializers#4 len=34 artifacts=56 advent-overaccept=45 advent-underaccept=10 compiler-timeout=3 reference-disagreement=1622 same=24873 tree-difference=3
[26562/100000] reference-disagreement wide:struct-member:newline:real:ListBuilder:108 len=337 artifacts=56 advent-overaccept=45 advent-underaccept=10 compiler-timeout=3 reference-disagreement=1623 same=24878 tree-difference=3
[26568/100000] reference-disagreement wide:extension-member:raw:real:BasicFormat:664 len=406 artifacts=56 advent-overaccept=45 advent-underaccept=10 compiler-timeout=3 reference-disagreement=1624 same=24883 tree-difference=3
[26575/100000] reference-disagreement wide:trailing-closure:splice+newline:real:CompilerPlugin:63 len=830 artifacts=56 advent-overaccept=45 advent-underaccept=10 compiler-timeout=3 reference-disagreement=1625 same=24889 tree-difference=3
[26595/100000] reference-disagreement tspl-divergence-protocol-body len=127 artifacts=56 advent-overaccept=45 advent-underaccept=10 compiler-timeout=3 reference-disagreement=1626 same=24908 tree-difference=3
[26617/100000] reference-disagreement wide:closure:newline:real:SyntaxCollections:50 len=492 artifacts=56 advent-overaccept=45 advent-underaccept=10 compiler-timeout=3 reference-disagreement=1627 same=24929 tree-difference=3
[26621/100000] reference-disagreement keypath-component-matrix len=44 artifacts=56 advent-overaccept=45 advent-underaccept=10 compiler-timeout=3 reference-disagreement=1628 same=24932 tree-difference=3
[26625/100000] reference-disagreement wide:extension-member:splice+keyword+newline:declaration:testModifiedParameter#7 len=73 artifacts=56 advent-overaccept=45 advent-underaccept=10 compiler-timeout=3 reference-disagreement=1629 same=24935 tree-difference=3
[26629/100000] reference-disagreement nested-ifconfig-boundary len=117 artifacts=56 advent-overaccept=45 advent-underaccept=10 compiler-timeout=3 reference-disagreement=1630 same=24938 tree-difference=3
[26632/100000] reference-disagreement wide:struct-member:raw:real:StringLiterals:765 len=171 artifacts=56 advent-overaccept=45 advent-underaccept=10 compiler-timeout=3 reference-disagreement=1631 same=24940 tree-difference=3
[26644/100000] reference-disagreement attribute-ifconfig-elseif-list len=124 artifacts=56 advent-overaccept=45 advent-underaccept=10 compiler-timeout=3 reference-disagreement=1632 same=24951 tree-difference=3
[26647/100000] reference-disagreement wide:struct-member:raw:translated:testForwardSlashRegexSkipping32#1+translated:testInitDeinit22#1 len=177 artifacts=56 advent-overaccept=45 advent-underaccept=10 compiler-timeout=3 reference-disagreement=1633 same=24953 tree-difference=3
[26650/100000] reference-disagreement grammarish-member-list len=273 artifacts=56 advent-overaccept=45 advent-underaccept=10 compiler-timeout=3 reference-disagreement=1634 same=24955 tree-difference=3
[26652/100000] reference-disagreement member-list-wide-boundary len=278 artifacts=56 advent-overaccept=45 advent-underaccept=10 compiler-timeout=3 reference-disagreement=1635 same=24956 tree-difference=3
[26665/100000] reference-disagreement wide:trailing-closure:newline+glue+newline:translated:testEffectfulProperties5#1+translated:testAvailabilityQueryUnavailability30#1 len=243 artifacts=56 advent-overaccept=45 advent-underaccept=10 compiler-timeout=3 reference-disagreement=1636 same=24968 tree-difference=3
[26672/100000] reference-disagreement binding-pattern len=458 artifacts=56 advent-overaccept=45 advent-underaccept=10 compiler-timeout=3 reference-disagreement=1637 same=24974 tree-difference=3
[26684/100000] reference-disagreement wide:closure:glue+keyword:attribute:testIsolatedTypeAttribute#3 len=72 artifacts=56 advent-overaccept=45 advent-underaccept=10 compiler-timeout=3 reference-disagreement=1638 same=24985 tree-difference=3
[26686/100000] advent-overaccept wide:top:newline:translated:testRegexParseError13#1 len=16 artifacts=57 advent-overaccept=46 advent-underaccept=10 compiler-timeout=3 reference-disagreement=1638 same=24986 tree-difference=3
[26687/100000] reference-disagreement keypath-boundary len=36 artifacts=57 advent-overaccept=46 advent-underaccept=10 compiler-timeout=3 reference-disagreement=1639 same=24986 tree-difference=3
[26693/100000] reference-disagreement wide:closure:raw:declaration:testParseIsolatedConformances#2 len=52 artifacts=57 advent-overaccept=46 advent-underaccept=10 compiler-timeout=3 reference-disagreement=1640 same=24991 tree-difference=3
[26706/100000] reference-disagreement wide:closure:splice:real:ParserDiagnosticMessages:289 len=331 artifacts=57 advent-overaccept=46 advent-underaccept=10 compiler-timeout=3 reference-disagreement=1641 same=25003 tree-difference=3
[26708/100000] reference-disagreement cast-try-operator-cluster len=24 artifacts=57 advent-overaccept=46 advent-underaccept=10 compiler-timeout=3 reference-disagreement=1642 same=25004 tree-difference=3
[26716/100000] reference-disagreement wide:trailing-closure:raw:statement:testIf#2+real:SyntaxTraits:643 len=248 artifacts=57 advent-overaccept=46 advent-underaccept=10 compiler-timeout=3 reference-disagreement=1643 same=25011 tree-difference=3
[26723/100000] reference-disagreement wide:extension-member:block-comment:real:SyntaxTraits:730+phase2-literal:array-empty len=96 artifacts=57 advent-overaccept=46 advent-underaccept=10 compiler-timeout=3 reference-disagreement=1644 same=25017 tree-difference=3
[26726/100000] reference-disagreement wide:trailing-closure:line-comment+delete:real:ApusTerminals:89+real:DeclSyntaxParseable:58 len=435 artifacts=57 advent-overaccept=46 advent-underaccept=10 compiler-timeout=3 reference-disagreement=1645 same=25019 tree-difference=3
[26732/100000] reference-disagreement declaration-modifier-stack len=34 artifacts=57 advent-overaccept=46 advent-underaccept=10 compiler-timeout=3 reference-disagreement=1646 same=25024 tree-difference=3
[26738/100000] reference-disagreement wide:func-body:raw:real:ManifestSyntaxRepresentable:41 len=162 artifacts=57 advent-overaccept=46 advent-underaccept=10 compiler-timeout=3 reference-disagreement=1647 same=25029 tree-difference=3
[26741/100000] reference-disagreement member-list-wide-boundary len=587 artifacts=57 advent-overaccept=46 advent-underaccept=10 compiler-timeout=3 reference-disagreement=1648 same=25031 tree-difference=3
[26750/100000] same frontier:interpolation-delimiter len=346 artifacts=57 advent-overaccept=46 advent-underaccept=10 compiler-timeout=3 reference-disagreement=1648 same=25040 tree-difference=3
[26752/100000] reference-disagreement wide:top:line-comment+line-comment:translated:testInitDeinit21#1 len=54 artifacts=57 advent-overaccept=46 advent-underaccept=10 compiler-timeout=3 reference-disagreement=1649 same=25041 tree-difference=3
[26756/100000] reference-disagreement wide:func-body:raw:real:Macros:245 len=556 artifacts=57 advent-overaccept=46 advent-underaccept=10 compiler-timeout=3 reference-disagreement=1650 same=25044 tree-difference=3
[26757/100000] reference-disagreement wide:struct-member:line-comment:real:SyntaxTraits:856 len=85 artifacts=57 advent-overaccept=46 advent-underaccept=10 compiler-timeout=3 reference-disagreement=1651 same=25044 tree-difference=3
[26798/100000] reference-disagreement member-list-wide-boundary len=144 artifacts=57 advent-overaccept=46 advent-underaccept=10 compiler-timeout=3 reference-disagreement=1652 same=25084 tree-difference=3
[26800/100000] reference-disagreement tspl-divergence-accessor-commitment len=49 artifacts=57 advent-overaccept=46 advent-underaccept=10 compiler-timeout=3 reference-disagreement=1653 same=25085 tree-difference=3
[26805/100000] reference-disagreement wide:trailing-closure:block-comment:translated:testIfconfigExpr28#1+real:SwiftSyntaxCompatibility:1132 len=942 artifacts=57 advent-overaccept=46 advent-underaccept=10 compiler-timeout=3 reference-disagreement=1654 same=25089 tree-difference=3
[26809/100000] reference-disagreement wide:extension-member:glue+glue:declaration:testSuppressedImplicitConformance#7+real:SyntaxExpressibleByStringInterpolationConformances:235 len=204 artifacts=57 advent-overaccept=46 advent-underaccept=10 compiler-timeout=3 reference-disagreement=1655 same=25092 tree-difference=3
[26816/100000] advent-underaccept wide:after-statement:space:translated:testSwitch75#1 len=95 artifacts=58 advent-overaccept=46 advent-underaccept=11 compiler-timeout=3 reference-disagreement=1655 same=25098 tree-difference=3
[26827/100000] reference-disagreement wide:func-body:raw:real:Syntax+StringInterpolation:320 len=62 artifacts=58 advent-overaccept=46 advent-underaccept=11 compiler-timeout=3 reference-disagreement=1656 same=25108 tree-difference=3
[26831/100000] reference-disagreement wide:func-body:newline+glue:declaration:testParseIsolatedConformances#4 len=54 artifacts=58 advent-overaccept=46 advent-underaccept=11 compiler-timeout=3 reference-disagreement=1657 same=25111 tree-difference=3
[26851/100000] reference-disagreement tspl-divergence-accessor-commitment len=78 artifacts=58 advent-overaccept=46 advent-underaccept=11 compiler-timeout=3 reference-disagreement=1658 same=25130 tree-difference=3
[26882/100000] reference-disagreement binding-pattern len=458 artifacts=58 advent-overaccept=46 advent-underaccept=11 compiler-timeout=3 reference-disagreement=1659 same=25160 tree-difference=3
[26888/100000] reference-disagreement keypath-component-matrix len=50 artifacts=58 advent-overaccept=46 advent-underaccept=11 compiler-timeout=3 reference-disagreement=1660 same=25165 tree-difference=3
[26904/100000] reference-disagreement wide:struct-member:glue:translated:testRecovery13#1 len=231 artifacts=58 advent-overaccept=46 advent-underaccept=11 compiler-timeout=3 reference-disagreement=1661 same=25180 tree-difference=3
[26928/100000] reference-disagreement declaration-modifier-stack len=34 artifacts=58 advent-overaccept=46 advent-underaccept=11 compiler-timeout=3 reference-disagreement=1662 same=25203 tree-difference=3
[26951/100000] reference-disagreement wide:struct-member:splice+newline:real:SyntaxTraits:774 len=66 artifacts=58 advent-overaccept=46 advent-underaccept=11 compiler-timeout=3 reference-disagreement=1663 same=25225 tree-difference=3
[27000/100000] same frontier:condition-trailing-closure-scope len=487 artifacts=58 advent-overaccept=46 advent-underaccept=11 compiler-timeout=3 reference-disagreement=1663 same=25274 tree-difference=3
[27012/100000] advent-overaccept wide:closure:duplicate:translated:testOperatorDeclDesignatedTypes18#1 len=290 artifacts=59 advent-overaccept=47 advent-underaccept=11 compiler-timeout=3 reference-disagreement=1663 same=25285 tree-difference=3
[27015/100000] reference-disagreement wide:ifconfig:delete:attribute:testMacroRoleNames#2 len=58 artifacts=59 advent-overaccept=47 advent-underaccept=11 compiler-timeout=3 reference-disagreement=1664 same=25287 tree-difference=3
[27018/100000] reference-disagreement func-body len=458 artifacts=59 advent-overaccept=47 advent-underaccept=11 compiler-timeout=3 reference-disagreement=1665 same=25289 tree-difference=3
[27033/100000] reference-disagreement wide:before-statement:splice:translated:testForwardSlashRegex108#2+real:PluginMacroExpansionContext:270 len=574 artifacts=59 advent-overaccept=47 advent-underaccept=11 compiler-timeout=3 reference-disagreement=1666 same=25303 tree-difference=3
[27057/100000] reference-disagreement wide:before-statement:line-comment+block-comment:expression:testKeyPathMethodAndInitializers#18 len=64 artifacts=59 advent-overaccept=47 advent-underaccept=11 compiler-timeout=3 reference-disagreement=1667 same=25326 tree-difference=3
[27062/100000] reference-disagreement statement-list len=458 artifacts=59 advent-overaccept=47 advent-underaccept=11 compiler-timeout=3 reference-disagreement=1668 same=25330 tree-difference=3
[27064/100000] reference-disagreement wide:func-body:newline:declaration:testReasyncFunctions#1 len=161 artifacts=59 advent-overaccept=47 advent-underaccept=11 compiler-timeout=3 reference-disagreement=1669 same=25331 tree-difference=3
[27071/100000] reference-disagreement wide:closure:raw:expression:testBorrowExpression#2+phase4-accessor:protocol-get-set len=75 artifacts=59 advent-overaccept=47 advent-underaccept=11 compiler-timeout=3 reference-disagreement=1670 same=25337 tree-difference=3
[27090/100000] reference-disagreement tspl-divergence-accessor-commitment len=49 artifacts=59 advent-overaccept=47 advent-underaccept=11 compiler-timeout=3 reference-disagreement=1671 same=25355 tree-difference=3
[27095/100000] reference-disagreement wide:closure:raw:real:ResultBuilders:732 len=205 artifacts=59 advent-overaccept=47 advent-underaccept=11 compiler-timeout=3 reference-disagreement=1672 same=25359 tree-difference=3
[27104/100000] reference-disagreement wide:trailing-closure:line-comment+block-comment+block-comment:phase3-modifier:private-let len=42 artifacts=59 advent-overaccept=47 advent-underaccept=11 compiler-timeout=3 reference-disagreement=1673 same=25367 tree-difference=3
[27116/100000] reference-disagreement statement-list len=629 artifacts=59 advent-overaccept=47 advent-underaccept=11 compiler-timeout=3 reference-disagreement=1674 same=25378 tree-difference=3
[27128/100000] reference-disagreement tspl-divergence-protocol-body len=210 artifacts=59 advent-overaccept=47 advent-underaccept=11 compiler-timeout=3 reference-disagreement=1675 same=25389 tree-difference=3
[27153/100000] reference-disagreement tspl-divergence-protocol-body len=226 artifacts=59 advent-overaccept=47 advent-underaccept=11 compiler-timeout=3 reference-disagreement=1676 same=25413 tree-difference=3
[27168/100000] reference-disagreement binding-pattern len=458 artifacts=59 advent-overaccept=47 advent-underaccept=11 compiler-timeout=3 reference-disagreement=1677 same=25427 tree-difference=3
[27206/100000] reference-disagreement wide:top:block-comment+line-comment:attribute:testAutoclosureAttribute#1 len=98 artifacts=59 advent-overaccept=47 advent-underaccept=11 compiler-timeout=3 reference-disagreement=1678 same=25464 tree-difference=3
[27223/100000] reference-disagreement cast-try-operator-cluster len=24 artifacts=59 advent-overaccept=47 advent-underaccept=11 compiler-timeout=3 reference-disagreement=1679 same=25480 tree-difference=3
[27225/100000] reference-disagreement tspl-divergence-protocol-body len=197 artifacts=59 advent-overaccept=47 advent-underaccept=11 compiler-timeout=3 reference-disagreement=1680 same=25481 tree-difference=3
[27247/100000] reference-disagreement wide:func-body:line-comment+newline:phase4-coroutine:coroutine-modify len=70 artifacts=59 advent-overaccept=47 advent-underaccept=11 compiler-timeout=3 reference-disagreement=1681 same=25502 tree-difference=3
[27250/100000] same wide:struct-member:duplicate:real:SyntaxTraits:736+reject:testRecovery17#1 len=88 artifacts=59 advent-overaccept=47 advent-underaccept=11 compiler-timeout=3 reference-disagreement=1681 same=25505 tree-difference=3
[27275/100000] reference-disagreement wide:closure:newline+keyword:real:CharacterInfo:13 len=449 artifacts=59 advent-overaccept=47 advent-underaccept=11 compiler-timeout=3 reference-disagreement=1682 same=25529 tree-difference=3
[27283/100000] reference-disagreement wide:trailing-closure:newline:real:ResultBuilders:745 len=196 artifacts=59 advent-overaccept=47 advent-underaccept=11 compiler-timeout=3 reference-disagreement=1683 same=25536 tree-difference=3
[27306/100000] reference-disagreement wide:func-body:block-comment+duplicate:real:ParserDiagnosticMessages:639 len=229 artifacts=59 advent-overaccept=47 advent-underaccept=11 compiler-timeout=3 reference-disagreement=1684 same=25558 tree-difference=3
[27307/100000] reference-disagreement wide:struct-member:splice+space:real:ScopeImplementations:752 len=182 artifacts=59 advent-overaccept=47 advent-underaccept=11 compiler-timeout=3 reference-disagreement=1685 same=25558 tree-difference=3
[27314/100000] reference-disagreement wide:before-statement:glue+keyword+space:real:SyntaxExpressibleByStringInterpolationConformances:199 len=163 artifacts=59 advent-overaccept=47 advent-underaccept=11 compiler-timeout=3 reference-disagreement=1686 same=25564 tree-difference=3
[27327/100000] reference-disagreement attribute-ifconfig-elseif-list len=104 artifacts=59 advent-overaccept=47 advent-underaccept=11 compiler-timeout=3 reference-disagreement=1687 same=25576 tree-difference=3
[27349/100000] reference-disagreement attribute-ifconfig-elseif-list len=138 artifacts=59 advent-overaccept=47 advent-underaccept=11 compiler-timeout=3 reference-disagreement=1688 same=25597 tree-difference=3
[27355/100000] reference-disagreement tspl-divergence-protocol-body len=263 artifacts=59 advent-overaccept=47 advent-underaccept=11 compiler-timeout=3 reference-disagreement=1689 same=25602 tree-difference=3
[27365/100000] reference-disagreement cast-try-operator-cluster len=24 artifacts=59 advent-overaccept=47 advent-underaccept=11 compiler-timeout=3 reference-disagreement=1690 same=25611 tree-difference=3
[27366/100000] reference-disagreement wide:top:newline:expression:testKeyPathMethodAndInitializers#7+translated:testOriginalDefinedInAttr1#1 len=86 artifacts=59 advent-overaccept=47 advent-underaccept=11 compiler-timeout=3 reference-disagreement=1691 same=25611 tree-difference=3
[27377/100000] reference-disagreement wide:before-statement:block-comment+newline:translated:testAvailabilityQueryUnavailability18#1 len=128 artifacts=59 advent-overaccept=47 advent-underaccept=11 compiler-timeout=3 reference-disagreement=1692 same=25621 tree-difference=3
[27423/100000] reference-disagreement wide:closure:raw:real:SyntaxTraits:816 len=85 artifacts=59 advent-overaccept=47 advent-underaccept=11 compiler-timeout=3 reference-disagreement=1693 same=25666 tree-difference=3
[27435/100000] reference-disagreement tspl-divergence-accessor-commitment len=49 artifacts=59 advent-overaccept=47 advent-underaccept=11 compiler-timeout=3 reference-disagreement=1694 same=25677 tree-difference=3
[27465/100000] reference-disagreement member-list-wide-boundary len=322 artifacts=59 advent-overaccept=47 advent-underaccept=11 compiler-timeout=3 reference-disagreement=1695 same=25706 tree-difference=3
[27471/100000] reference-disagreement wide:func-body:newline+glue+keyword:real:ValidatingSyntaxNodes:23 len=672 artifacts=59 advent-overaccept=47 advent-underaccept=11 compiler-timeout=3 reference-disagreement=1696 same=25711 tree-difference=3
[27481/100000] reference-disagreement member-list-wide-boundary len=242 artifacts=59 advent-overaccept=47 advent-underaccept=11 compiler-timeout=3 reference-disagreement=1697 same=25720 tree-difference=3
[27489/100000] reference-disagreement attribute-ifconfig-elseif-list len=144 artifacts=59 advent-overaccept=47 advent-underaccept=11 compiler-timeout=3 reference-disagreement=1698 same=25727 tree-difference=3
[27500/100000] same tspl-divergence-type-shape len=87 artifacts=59 advent-overaccept=47 advent-underaccept=11 compiler-timeout=3 reference-disagreement=1698 same=25738 tree-difference=3
[27519/100000] reference-disagreement tspl-divergence-protocol-body len=133 artifacts=59 advent-overaccept=47 advent-underaccept=11 compiler-timeout=3 reference-disagreement=1699 same=25756 tree-difference=3
[27520/100000] reference-disagreement wide:struct-member:duplicate+space:phase3-type:class-nested len=46 artifacts=59 advent-overaccept=47 advent-underaccept=11 compiler-timeout=3 reference-disagreement=1700 same=25756 tree-difference=3
[27569/100000] reference-disagreement tspl-divergence-accessor-commitment len=78 artifacts=59 advent-overaccept=47 advent-underaccept=11 compiler-timeout=3 reference-disagreement=1701 same=25804 tree-difference=3
[27579/100000] reference-disagreement statement-list len=480 artifacts=59 advent-overaccept=47 advent-underaccept=11 compiler-timeout=3 reference-disagreement=1702 same=25813 tree-difference=3
[27592/100000] reference-disagreement wide:trailing-closure:raw:translated:testIfconfigExpr1#1 len=66 artifacts=59 advent-overaccept=47 advent-underaccept=11 compiler-timeout=3 reference-disagreement=1703 same=25825 tree-difference=3
[27596/100000] reference-disagreement grammarish-member-list len=125 artifacts=59 advent-overaccept=47 advent-underaccept=11 compiler-timeout=3 reference-disagreement=1704 same=25828 tree-difference=3
[27616/100000] reference-disagreement wide:closure:keyword+keyword+block-comment:real:RawSyntaxLayoutView:13 len=420 artifacts=59 advent-overaccept=47 advent-underaccept=11 compiler-timeout=3 reference-disagreement=1705 same=25847 tree-difference=3
[27621/100000] reference-disagreement wide:trailing-closure:line-comment:translated:testOperatorDeclDesignatedTypes16#1 len=58 artifacts=59 advent-overaccept=47 advent-underaccept=11 compiler-timeout=3 reference-disagreement=1706 same=25851 tree-difference=3
[27649/100000] reference-disagreement wide:struct-member:space+space:real:StringExtensions:38 len=478 artifacts=59 advent-overaccept=47 advent-underaccept=11 compiler-timeout=3 reference-disagreement=1707 same=25878 tree-difference=3
[27659/100000] reference-disagreement wide:struct-member:keyword+glue+newline:real:SyntaxTraits:399 len=694 artifacts=59 advent-overaccept=47 advent-underaccept=11 compiler-timeout=3 reference-disagreement=1708 same=25887 tree-difference=3
[27668/100000] reference-disagreement attribute-ifconfig-elseif-list len=104 artifacts=59 advent-overaccept=47 advent-underaccept=11 compiler-timeout=3 reference-disagreement=1709 same=25895 tree-difference=3
[27672/100000] reference-disagreement keypath-boundary len=40 artifacts=59 advent-overaccept=47 advent-underaccept=11 compiler-timeout=3 reference-disagreement=1710 same=25898 tree-difference=3
[27679/100000] reference-disagreement wide:struct-member:splice:real:GrammarNode:285 len=237 artifacts=59 advent-overaccept=47 advent-underaccept=11 compiler-timeout=3 reference-disagreement=1711 same=25904 tree-difference=3
[27696/100000] reference-disagreement wide:trailing-closure:raw:translated:testFunctionTypeExpr#6+real:ConfiguredRegions:131 len=253 artifacts=59 advent-overaccept=47 advent-underaccept=11 compiler-timeout=3 reference-disagreement=1712 same=25920 tree-difference=3
[27707/100000] reference-disagreement statement-list len=506 artifacts=59 advent-overaccept=47 advent-underaccept=11 compiler-timeout=3 reference-disagreement=1713 same=25930 tree-difference=3
[27718/100000] reference-disagreement wide:struct-member:duplicate:real:ResultBuilders:371 len=139 artifacts=59 advent-overaccept=47 advent-underaccept=11 compiler-timeout=3 reference-disagreement=1714 same=25940 tree-difference=3
[27731/100000] reference-disagreement tspl-divergence-accessor-commitment len=49 artifacts=59 advent-overaccept=47 advent-underaccept=11 compiler-timeout=3 reference-disagreement=1715 same=25952 tree-difference=3
[27732/100000] reference-disagreement wide:trailing-closure:raw:real:Indenter:34 len=775 artifacts=59 advent-overaccept=47 advent-underaccept=11 compiler-timeout=3 reference-disagreement=1716 same=25952 tree-difference=3
[27737/100000] reference-disagreement binding-pattern len=458 artifacts=59 advent-overaccept=47 advent-underaccept=11 compiler-timeout=3 reference-disagreement=1717 same=25956 tree-difference=3
[27750/100000] same wide:before-statement:raw:declaration:testTypedThrows#3 len=48 artifacts=59 advent-overaccept=47 advent-underaccept=11 compiler-timeout=3 reference-disagreement=1717 same=25969 tree-difference=3
[27752/100000] reference-disagreement wide:struct-member:raw:real:SyntaxTraits:838+declaration:testSuppressedImplicitConformance#6 len=94 artifacts=59 advent-overaccept=47 advent-underaccept=11 compiler-timeout=3 reference-disagreement=1718 same=25970 tree-difference=3
[27753/100000] reference-disagreement tspl-divergence-accessor-commitment len=78 artifacts=59 advent-overaccept=47 advent-underaccept=11 compiler-timeout=3 reference-disagreement=1719 same=25970 tree-difference=3
[27786/100000] reference-disagreement keypath-boundary len=36 artifacts=59 advent-overaccept=47 advent-underaccept=11 compiler-timeout=3 reference-disagreement=1720 same=26002 tree-difference=3
[27801/100000] reference-disagreement wide:extension-member:space+swap+newline:real:LayoutNodes+Parsable:199 len=195 artifacts=59 advent-overaccept=47 advent-underaccept=11 compiler-timeout=3 reference-disagreement=1721 same=26016 tree-difference=3
[27819/100000] reference-disagreement keypath-component-matrix len=49 artifacts=59 advent-overaccept=47 advent-underaccept=11 compiler-timeout=3 reference-disagreement=1722 same=26033 tree-difference=3
[27912/100000] reference-disagreement keypath-component-matrix len=41 artifacts=59 advent-overaccept=47 advent-underaccept=11 compiler-timeout=3 reference-disagreement=1723 same=26125 tree-difference=3
[27914/100000] reference-disagreement cast-try-operator-cluster len=24 artifacts=59 advent-overaccept=47 advent-underaccept=11 compiler-timeout=3 reference-disagreement=1724 same=26126 tree-difference=3
[27974/100000] reference-disagreement tspl-divergence-accessor-commitment len=49 artifacts=59 advent-overaccept=47 advent-underaccept=11 compiler-timeout=3 reference-disagreement=1725 same=26185 tree-difference=3
[27989/100000] reference-disagreement tspl-divergence-accessor-commitment len=49 artifacts=59 advent-overaccept=47 advent-underaccept=11 compiler-timeout=3 reference-disagreement=1726 same=26199 tree-difference=3
[27995/100000] reference-disagreement wide:extension-member:glue:translated:testOperatorDeclDesignatedTypes9#1 len=76 artifacts=59 advent-overaccept=47 advent-underaccept=11 compiler-timeout=3 reference-disagreement=1727 same=26204 tree-difference=3
[28000/100000] same seed-corpus-structural-splice:warning-directive len=104 artifacts=59 advent-overaccept=47 advent-underaccept=11 compiler-timeout=3 reference-disagreement=1727 same=26209 tree-difference=3
[28003/100000] reference-disagreement wide:ifconfig:raw:translated:testDeprecatedWhere5#1 len=281 artifacts=59 advent-overaccept=47 advent-underaccept=11 compiler-timeout=3 reference-disagreement=1728 same=26211 tree-difference=3
[28029/100000] reference-disagreement wide:extension-member:glue+glue:declaration:testParseRetroactiveExtension#1 len=62 artifacts=59 advent-overaccept=47 advent-underaccept=11 compiler-timeout=3 reference-disagreement=1729 same=26236 tree-difference=3
[28033/100000] reference-disagreement wide:func-body:line-comment+newline:real:ExpandEditorPlaceholder:474 len=716 artifacts=59 advent-overaccept=47 advent-underaccept=11 compiler-timeout=3 reference-disagreement=1730 same=26239 tree-difference=3
[28037/100000] reference-disagreement wide:extension-member:glue+newline:real:LayoutNodes+Parsable:159 len=208 artifacts=59 advent-overaccept=47 advent-underaccept=11 compiler-timeout=3 reference-disagreement=1731 same=26242 tree-difference=3
[28046/100000] reference-disagreement attribute-ifconfig-elseif-list len=116 artifacts=59 advent-overaccept=47 advent-underaccept=11 compiler-timeout=3 reference-disagreement=1732 same=26250 tree-difference=3
[28052/100000] reference-disagreement wide:trailing-closure:block-comment+line-comment+newline:real:SyntaxClassifier:19 len=487 artifacts=59 advent-overaccept=47 advent-underaccept=11 compiler-timeout=3 reference-disagreement=1733 same=26255 tree-difference=3
[28069/100000] reference-disagreement wide:trailing-closure:newline+newline:translated:testOriginalDefinedInAttr9#1 len=161 artifacts=59 advent-overaccept=47 advent-underaccept=11 compiler-timeout=3 reference-disagreement=1734 same=26271 tree-difference=3
[28090/100000] reference-disagreement wide:extension-member:raw:real:IndentationUtils:101 len=204 artifacts=59 advent-overaccept=47 advent-underaccept=11 compiler-timeout=3 reference-disagreement=1735 same=26291 tree-difference=3
[28095/100000] reference-disagreement tspl-divergence-accessor-commitment len=78 artifacts=59 advent-overaccept=47 advent-underaccept=11 compiler-timeout=3 reference-disagreement=1736 same=26295 tree-difference=3
[28097/100000] reference-disagreement tspl-divergence-protocol-body len=213 artifacts=59 advent-overaccept=47 advent-underaccept=11 compiler-timeout=3 reference-disagreement=1737 same=26296 tree-difference=3
[28138/100000] reference-disagreement wide:top:raw:expression:probeParenKeyPathMember#1+translated:testSwitch42#1 len=74 artifacts=59 advent-overaccept=47 advent-underaccept=11 compiler-timeout=3 reference-disagreement=1738 same=26336 tree-difference=3
[28165/100000] reference-disagreement wide:closure:raw:real:ResultBuilders:336 len=202 artifacts=59 advent-overaccept=47 advent-underaccept=11 compiler-timeout=3 reference-disagreement=1739 same=26362 tree-difference=3
[28172/100000] reference-disagreement wide:closure:space+keyword+line-comment:real:LayoutNodes+Parsable:183 len=206 artifacts=59 advent-overaccept=47 advent-underaccept=11 compiler-timeout=3 reference-disagreement=1740 same=26368 tree-difference=3
[28176/100000] advent-overaccept wide:top:block-comment:translated:testForwardSlashRegexSkipping16#1 len=53 artifacts=60 advent-overaccept=48 advent-underaccept=11 compiler-timeout=3 reference-disagreement=1740 same=26371 tree-difference=3
[28187/100000] reference-disagreement wide:func-body:raw:translated:testSwitch44#1 len=79 artifacts=60 advent-overaccept=48 advent-underaccept=11 compiler-timeout=3 reference-disagreement=1741 same=26381 tree-difference=3
[28195/100000] reference-disagreement wide:trailing-closure:keyword+line-comment+delete:real:BuildConfiguration:28+real:SyntaxExpressibleByStringInterpolationConformances:109 len=493 artifacts=60 advent-overaccept=48 advent-underaccept=11 compiler-timeout=3 reference-disagreement=1742 same=26388 tree-difference=3
[28205/100000] tree-difference wide:before-statement:keyword:phase4-loop:do-two-catch len=75 artifacts=61 advent-overaccept=48 advent-underaccept=11 compiler-timeout=3 reference-disagreement=1742 same=26397 tree-difference=4
[28241/100000] reference-disagreement wide:before-statement:splice+swap+newline:reject:testCoroutineAccessors#2 len=89 artifacts=61 advent-overaccept=48 advent-underaccept=11 compiler-timeout=3 reference-disagreement=1743 same=26432 tree-difference=4
[28246/100000] reference-disagreement member-list-wide-boundary len=112 artifacts=61 advent-overaccept=48 advent-underaccept=11 compiler-timeout=3 reference-disagreement=1744 same=26436 tree-difference=4
[28247/100000] reference-disagreement cast-try-operator-cluster len=24 artifacts=61 advent-overaccept=48 advent-underaccept=11 compiler-timeout=3 reference-disagreement=1745 same=26436 tree-difference=4
[28248/100000] reference-disagreement wide:func-body:keyword:declaration:testModifiedParameter#2 len=62 artifacts=61 advent-overaccept=48 advent-underaccept=11 compiler-timeout=3 reference-disagreement=1746 same=26436 tree-difference=4
[28250/100000] same wide:before-statement:space+block-comment:reject:testDictionaryExprWithNoCommas#1+real:SyntaxTraits:718 len=102 artifacts=61 advent-overaccept=48 advent-underaccept=11 compiler-timeout=3 reference-disagreement=1746 same=26438 tree-difference=4
[28252/100000] reference-disagreement wide:func-body:line-comment+newline:real:IsLexerClassified:139 len=507 artifacts=61 advent-overaccept=48 advent-underaccept=11 compiler-timeout=3 reference-disagreement=1747 same=26439 tree-difference=4
[28253/100000] reference-disagreement wide:extension-member:duplicate:translated:testTry19#1 len=127 artifacts=61 advent-overaccept=48 advent-underaccept=11 compiler-timeout=3 reference-disagreement=1748 same=26439 tree-difference=4
[28280/100000] reference-disagreement member-list-wide-boundary len=277 artifacts=61 advent-overaccept=48 advent-underaccept=11 compiler-timeout=3 reference-disagreement=1749 same=26465 tree-difference=4
[28283/100000] reference-disagreement binding-pattern len=458 artifacts=61 advent-overaccept=48 advent-underaccept=11 compiler-timeout=3 reference-disagreement=1750 same=26467 tree-difference=4
[28320/100000] reference-disagreement wide:extension-member:glue:real:ParserDiagnosticMessages:289+translated:testModuleSelectorExpr#9 len=388 artifacts=61 advent-overaccept=48 advent-underaccept=11 compiler-timeout=3 reference-disagreement=1751 same=26503 tree-difference=4
[28358/100000] reference-disagreement statement-list len=687 artifacts=61 advent-overaccept=48 advent-underaccept=11 compiler-timeout=3 reference-disagreement=1752 same=26540 tree-difference=4
[28378/100000] reference-disagreement grammarish-member-list len=273 artifacts=61 advent-overaccept=48 advent-underaccept=11 compiler-timeout=3 reference-disagreement=1753 same=26559 tree-difference=4
[28384/100000] reference-disagreement wide:closure:block-comment:translated:testTry21#1+real:Diagnostic:97 len=458 artifacts=61 advent-overaccept=48 advent-underaccept=11 compiler-timeout=3 reference-disagreement=1754 same=26564 tree-difference=4
[28387/100000] reference-disagreement tspl-divergence-protocol-body len=171 artifacts=61 advent-overaccept=48 advent-underaccept=11 compiler-timeout=3 reference-disagreement=1755 same=26566 tree-difference=4
[28393/100000] reference-disagreement wide:func-body:raw:real:TokenSyntax:211 len=431 artifacts=61 advent-overaccept=48 advent-underaccept=11 compiler-timeout=3 reference-disagreement=1756 same=26571 tree-difference=4
[28405/100000] reference-disagreement wide:closure:raw:translated:testDeprecatedWhere9#1 len=234 artifacts=61 advent-overaccept=48 advent-underaccept=11 compiler-timeout=3 reference-disagreement=1757 same=26582 tree-difference=4
[28416/100000] reference-disagreement wide:func-body:raw:real:SyntaxLiteralUtils:28 len=315 artifacts=61 advent-overaccept=48 advent-underaccept=11 compiler-timeout=3 reference-disagreement=1758 same=26592 tree-difference=4
[28453/100000] reference-disagreement wide:func-body:raw:real:LayoutNodes+Parsable:215+translated:testSwitch38#1 len=262 artifacts=61 advent-overaccept=48 advent-underaccept=11 compiler-timeout=3 reference-disagreement=1759 same=26628 tree-difference=4
[28463/100000] reference-disagreement grammarish-member-list len=425 artifacts=61 advent-overaccept=48 advent-underaccept=11 compiler-timeout=3 reference-disagreement=1760 same=26637 tree-difference=4
[28500/100000] same closure-label len=61 artifacts=61 advent-overaccept=48 advent-underaccept=11 compiler-timeout=3 reference-disagreement=1760 same=26674 tree-difference=4
[28514/100000] reference-disagreement cast-try-operator-cluster len=24 artifacts=61 advent-overaccept=48 advent-underaccept=11 compiler-timeout=3 reference-disagreement=1761 same=26687 tree-difference=4
[28560/100000] reference-disagreement binding-pattern len=458 artifacts=61 advent-overaccept=48 advent-underaccept=11 compiler-timeout=3 reference-disagreement=1762 same=26732 tree-difference=4
[28567/100000] reference-disagreement wide:struct-member:raw:real:SyntaxNodeWithBody:213 len=75 artifacts=61 advent-overaccept=48 advent-underaccept=11 compiler-timeout=3 reference-disagreement=1763 same=26738 tree-difference=4
[28571/100000] reference-disagreement wide:trailing-closure:block-comment+line-comment+block-comment:real:Syntax+StringInterpolation:290 len=76 artifacts=61 advent-overaccept=48 advent-underaccept=11 compiler-timeout=3 reference-disagreement=1764 same=26741 tree-difference=4
[28580/100000] reference-disagreement wide:func-body:raw:real:BuildableNodes:1251 len=1296 artifacts=61 advent-overaccept=48 advent-underaccept=11 compiler-timeout=3 reference-disagreement=1765 same=26749 tree-difference=4
[28588/100000] reference-disagreement attribute-ifconfig-elseif-list len=115 artifacts=61 advent-overaccept=48 advent-underaccept=11 compiler-timeout=3 reference-disagreement=1766 same=26756 tree-difference=4
[28601/100000] reference-disagreement keypath-boundary len=37 artifacts=61 advent-overaccept=48 advent-underaccept=11 compiler-timeout=3 reference-disagreement=1767 same=26768 tree-difference=4
[28609/100000] reference-disagreement wide:func-body:keyword:translated:testDeprecatedWhere3#1 len=324 artifacts=61 advent-overaccept=48 advent-underaccept=11 compiler-timeout=3 reference-disagreement=1768 same=26775 tree-difference=4
[28620/100000] reference-disagreement tspl-divergence-protocol-body len=132 artifacts=61 advent-overaccept=48 advent-underaccept=11 compiler-timeout=3 reference-disagreement=1769 same=26785 tree-difference=4
[28629/100000] reference-disagreement wide:func-body:block-comment+space+line-comment:real:SwiftSyntaxCompatibility:422 len=79 artifacts=61 advent-overaccept=48 advent-underaccept=11 compiler-timeout=3 reference-disagreement=1770 same=26793 tree-difference=4
[28633/100000] reference-disagreement wide:trailing-closure:keyword:real:SyntaxTraits:453 len=106 artifacts=61 advent-overaccept=48 advent-underaccept=11 compiler-timeout=3 reference-disagreement=1771 same=26796 tree-difference=4
[28647/100000] reference-disagreement attribute-ifconfig-elseif-list len=120 artifacts=61 advent-overaccept=48 advent-underaccept=11 compiler-timeout=3 reference-disagreement=1772 same=26809 tree-difference=4
[28648/100000] reference-disagreement wide:extension-member:raw:real:LayoutNodes+Parsable:63 len=198 artifacts=61 advent-overaccept=48 advent-underaccept=11 compiler-timeout=3 reference-disagreement=1773 same=26809 tree-difference=4
[28668/100000] compiler-timeout wide:interpolation:raw:reject:testForwardSlashRegex150a#1 len=20 artifacts=61 advent-overaccept=48 advent-underaccept=11 compiler-timeout=4 reference-disagreement=1773 same=26828 tree-difference=4
[28669/100000] reference-disagreement keypath-component-matrix len=37 artifacts=61 advent-overaccept=48 advent-underaccept=11 compiler-timeout=4 reference-disagreement=1774 same=26828 tree-difference=4
[28677/100000] reference-disagreement wide:func-body:keyword:statement:testYield#2 len=485 artifacts=61 advent-overaccept=48 advent-underaccept=11 compiler-timeout=4 reference-disagreement=1775 same=26835 tree-difference=4
[28740/100000] reference-disagreement tspl-divergence-accessor-commitment len=78 artifacts=61 advent-overaccept=48 advent-underaccept=11 compiler-timeout=4 reference-disagreement=1776 same=26897 tree-difference=4
[28750/100000] same statement-control-boundary len=475 artifacts=61 advent-overaccept=48 advent-underaccept=11 compiler-timeout=4 reference-disagreement=1776 same=26907 tree-difference=4
[28770/100000] reference-disagreement keypath-boundary len=40 artifacts=61 advent-overaccept=48 advent-underaccept=11 compiler-timeout=4 reference-disagreement=1777 same=26926 tree-difference=4
[28778/100000] reference-disagreement wide:closure:space+newline+glue:real:BuildableNodes:211 len=1061 artifacts=61 advent-overaccept=48 advent-underaccept=11 compiler-timeout=4 reference-disagreement=1778 same=26933 tree-difference=4
[28782/100000] reference-disagreement statement-list len=617 artifacts=61 advent-overaccept=48 advent-underaccept=11 compiler-timeout=4 reference-disagreement=1779 same=26936 tree-difference=4
[28790/100000] reference-disagreement wide:closure:raw:translated:testInitDeinit5a#1 len=65 artifacts=61 advent-overaccept=48 advent-underaccept=11 compiler-timeout=4 reference-disagreement=1780 same=26943 tree-difference=4
[28806/100000] reference-disagreement wide:before-statement:keyword+newline:real:ParserDiagnosticMessages:26 len=108 artifacts=61 advent-overaccept=48 advent-underaccept=11 compiler-timeout=4 reference-disagreement=1781 same=26958 tree-difference=4
[28814/100000] reference-disagreement wide:func-body:line-comment+swap+block-comment:real:InferIndentation:127 len=124 artifacts=61 advent-overaccept=48 advent-underaccept=11 compiler-timeout=4 reference-disagreement=1782 same=26965 tree-difference=4
[28822/100000] reference-disagreement keypath-component-matrix len=31 artifacts=61 advent-overaccept=48 advent-underaccept=11 compiler-timeout=4 reference-disagreement=1783 same=26972 tree-difference=4
[28829/100000] reference-disagreement wide:closure:raw:real:LayoutNodes+Parsable:111 len=203 artifacts=61 advent-overaccept=48 advent-underaccept=11 compiler-timeout=4 reference-disagreement=1784 same=26978 tree-difference=4
[28840/100000] reference-disagreement binding-pattern len=458 artifacts=61 advent-overaccept=48 advent-underaccept=11 compiler-timeout=4 reference-disagreement=1785 same=26988 tree-difference=4
[28877/100000] reference-disagreement wide:extension-member:line-comment:real:DeclSyntaxParseable:53 len=80 artifacts=61 advent-overaccept=48 advent-underaccept=11 compiler-timeout=4 reference-disagreement=1786 same=27024 tree-difference=4
[28883/100000] reference-disagreement wide:trailing-closure:raw:real:ResultBuilders:306 len=103 artifacts=61 advent-overaccept=48 advent-underaccept=11 compiler-timeout=4 reference-disagreement=1787 same=27029 tree-difference=4
[28906/100000] reference-disagreement wide:trailing-closure:block-comment:attribute:testQualifiedAttribute#1+real:Declarations:2404 len=498 artifacts=61 advent-overaccept=48 advent-underaccept=11 compiler-timeout=4 reference-disagreement=1788 same=27051 tree-difference=4
[28942/100000] reference-disagreement wide:trailing-closure:raw:real:MemoryLayout:14 len=837 artifacts=61 advent-overaccept=48 advent-underaccept=11 compiler-timeout=4 reference-disagreement=1789 same=27086 tree-difference=4
[28963/100000] reference-disagreement keypath-component-matrix len=44 artifacts=61 advent-overaccept=48 advent-underaccept=11 compiler-timeout=4 reference-disagreement=1790 same=27106 tree-difference=4
[28974/100000] reference-disagreement wide:closure:raw:type:testOpaqueReturnTypes#1 len=116 artifacts=61 advent-overaccept=48 advent-underaccept=11 compiler-timeout=4 reference-disagreement=1791 same=27116 tree-difference=4
[28985/100000] reference-disagreement tspl-divergence-protocol-body len=174 artifacts=61 advent-overaccept=48 advent-underaccept=11 compiler-timeout=4 reference-disagreement=1792 same=27126 tree-difference=4
[28986/100000] reference-disagreement wide:closure:splice+splice:real:SyntaxBaseNodes:441 len=691 artifacts=61 advent-overaccept=48 advent-underaccept=11 compiler-timeout=4 reference-disagreement=1793 same=27126 tree-difference=4
[29000/100000] same wide:ifconfig:swap+splice:reject:testSwitch15#1 len=54 artifacts=61 advent-overaccept=48 advent-underaccept=11 compiler-timeout=4 reference-disagreement=1793 same=27140 tree-difference=4
[29003/100000] reference-disagreement func-body len=458 artifacts=61 advent-overaccept=48 advent-underaccept=11 compiler-timeout=4 reference-disagreement=1794 same=27142 tree-difference=4
[29080/100000] reference-disagreement tspl-divergence-accessor-commitment len=78 artifacts=61 advent-overaccept=48 advent-underaccept=11 compiler-timeout=4 reference-disagreement=1795 same=27218 tree-difference=4
[29087/100000] reference-disagreement wide:closure:newline:translated:testEffectfulProperties8#1+real:FunctionScopeSyntax:15 len=320 artifacts=61 advent-overaccept=48 advent-underaccept=11 compiler-timeout=4 reference-disagreement=1796 same=27224 tree-difference=4
[29093/100000] reference-disagreement wide:closure:newline:reject:testCoroutineAccessors#1+real:MissingNodeInitializers:68 len=466 artifacts=61 advent-overaccept=48 advent-underaccept=11 compiler-timeout=4 reference-disagreement=1797 same=27229 tree-difference=4
[29099/100000] reference-disagreement attribute-ifconfig-elseif-list len=133 artifacts=61 advent-overaccept=48 advent-underaccept=11 compiler-timeout=4 reference-disagreement=1798 same=27234 tree-difference=4
[29101/100000] reference-disagreement attribute-ifconfig-elseif-list len=144 artifacts=61 advent-overaccept=48 advent-underaccept=11 compiler-timeout=4 reference-disagreement=1799 same=27235 tree-difference=4
[29120/100000] reference-disagreement wide:top:raw:translated:testSwitch21#1 len=38 artifacts=61 advent-overaccept=48 advent-underaccept=11 compiler-timeout=4 reference-disagreement=1800 same=27253 tree-difference=4
[29155/100000] reference-disagreement attribute-ifconfig-elseif-list len=138 artifacts=61 advent-overaccept=48 advent-underaccept=11 compiler-timeout=4 reference-disagreement=1801 same=27287 tree-difference=4
[29185/100000] reference-disagreement wide:before-statement:duplicate+line-comment:attribute:testMacroRoleNames#2 len=72 artifacts=61 advent-overaccept=48 advent-underaccept=11 compiler-timeout=4 reference-disagreement=1802 same=27316 tree-difference=4
[29191/100000] reference-disagreement tspl-divergence-protocol-body len=146 artifacts=61 advent-overaccept=48 advent-underaccept=11 compiler-timeout=4 reference-disagreement=1803 same=27321 tree-difference=4
[29194/100000] reference-disagreement wide:struct-member:raw:real:Convenience:19 len=464 artifacts=61 advent-overaccept=48 advent-underaccept=11 compiler-timeout=4 reference-disagreement=1804 same=27323 tree-difference=4
[29208/100000] reference-disagreement declaration-modifier-stack len=34 artifacts=61 advent-overaccept=48 advent-underaccept=11 compiler-timeout=4 reference-disagreement=1805 same=27336 tree-difference=4
[29221/100000] reference-disagreement nested-ifconfig-boundary len=163 artifacts=61 advent-overaccept=48 advent-underaccept=11 compiler-timeout=4 reference-disagreement=1806 same=27348 tree-difference=4
[29233/100000] reference-disagreement wide:func-body:block-comment+line-comment+glue:real:RawSyntaxNodeProtocol:16+translated:testOperatorDeclDesignatedTypes10#1 len=466 artifacts=61 advent-overaccept=48 advent-underaccept=11 compiler-timeout=4 reference-disagreement=1807 same=27359 tree-difference=4
[29239/100000] reference-disagreement grammarish-member-list len=277 artifacts=61 advent-overaccept=48 advent-underaccept=11 compiler-timeout=4 reference-disagreement=1808 same=27364 tree-difference=4
[29244/100000] reference-disagreement member-list-wide-boundary len=394 artifacts=61 advent-overaccept=48 advent-underaccept=11 compiler-timeout=4 reference-disagreement=1809 same=27368 tree-difference=4
[29249/100000] reference-disagreement wide:func-body:newline:translated:testInvalid16a#1 len=54 artifacts=61 advent-overaccept=48 advent-underaccept=11 compiler-timeout=4 reference-disagreement=1810 same=27372 tree-difference=4
[29250/100000] same wide:closure:glue+block-comment+duplicate:translated:testIfconfigExpr2#1 len=81 artifacts=61 advent-overaccept=48 advent-underaccept=11 compiler-timeout=4 reference-disagreement=1810 same=27373 tree-difference=4
[29291/100000] reference-disagreement nested-ifconfig-boundary len=117 artifacts=61 advent-overaccept=48 advent-underaccept=11 compiler-timeout=4 reference-disagreement=1811 same=27413 tree-difference=4
[29311/100000] reference-disagreement grammarish-member-list len=341 artifacts=61 advent-overaccept=48 advent-underaccept=11 compiler-timeout=4 reference-disagreement=1812 same=27432 tree-difference=4
[29329/100000] reference-disagreement wide:struct-member:newline:real:ResultBuilders:219 len=193 artifacts=61 advent-overaccept=48 advent-underaccept=11 compiler-timeout=4 reference-disagreement=1813 same=27449 tree-difference=4
[29335/100000] reference-disagreement wide:func-body:glue:real:Syntax+StringInterpolation:354 len=691 artifacts=61 advent-overaccept=48 advent-underaccept=11 compiler-timeout=4 reference-disagreement=1814 same=27454 tree-difference=4
[29339/100000] reference-disagreement wide:closure:newline:real:SyntaxTraits:682+translated:testMatchingPatterns31#1 len=165 artifacts=61 advent-overaccept=48 advent-underaccept=11 compiler-timeout=4 reference-disagreement=1815 same=27457 tree-difference=4
[29348/100000] reference-disagreement wide:struct-member:raw:real:LocationMarkers:22+real:SyntaxTraits:690 len=265 artifacts=61 advent-overaccept=48 advent-underaccept=11 compiler-timeout=4 reference-disagreement=1816 same=27465 tree-difference=4
[29361/100000] reference-disagreement wide:closure:splice:declaration:testCoroutineAccessors#2 len=154 artifacts=61 advent-overaccept=48 advent-underaccept=11 compiler-timeout=4 reference-disagreement=1817 same=27477 tree-difference=4
[29365/100000] reference-disagreement wide:closure:splice:real:ConfiguredRegions:138 len=281 artifacts=61 advent-overaccept=48 advent-underaccept=11 compiler-timeout=4 reference-disagreement=1818 same=27480 tree-difference=4
[29377/100000] reference-disagreement wide:func-body:splice+newline:reject:testKeyPathMethodAndInitializers#3 len=38 artifacts=61 advent-overaccept=48 advent-underaccept=11 compiler-timeout=4 reference-disagreement=1819 same=27491 tree-difference=4
[29418/100000] reference-disagreement wide:after-statement:newline+newline:translated:testRecovery13#1 len=234 artifacts=61 advent-overaccept=48 advent-underaccept=11 compiler-timeout=4 reference-disagreement=1820 same=27531 tree-difference=4
[29425/100000] reference-disagreement wide:trailing-closure:raw:real:Trivia+commentValue:149+real:SyntaxExpressibleByStringInterpolationConformances:22 len=258 artifacts=61 advent-overaccept=48 advent-underaccept=11 compiler-timeout=4 reference-disagreement=1821 same=27537 tree-difference=4
[29426/100000] advent-overaccept wide:before-statement:glue:phase4-string:multiline-blank+fuzz-harvest:constraint-suppressed len=71 artifacts=62 advent-overaccept=49 advent-underaccept=11 compiler-timeout=4 reference-disagreement=1821 same=27537 tree-difference=4
[29433/100000] reference-disagreement wide:struct-member:block-comment:real:SyntaxExpressibleByStringInterpolationConformances:193 len=94 artifacts=62 advent-overaccept=49 advent-underaccept=11 compiler-timeout=4 reference-disagreement=1822 same=27543 tree-difference=4
[29440/100000] reference-disagreement tspl-divergence-protocol-body len=122 artifacts=62 advent-overaccept=49 advent-underaccept=11 compiler-timeout=4 reference-disagreement=1823 same=27549 tree-difference=4
[29462/100000] reference-disagreement wide:after-statement:delete+space:reject:testOperatorDecl125#1 len=65 artifacts=62 advent-overaccept=49 advent-underaccept=11 compiler-timeout=4 reference-disagreement=1824 same=27570 tree-difference=4
[29472/100000] reference-disagreement wide:func-body:raw:translated:testInitDeinit5a#1+phase4-pattern:case-tuple-bind len=123 artifacts=62 advent-overaccept=49 advent-underaccept=11 compiler-timeout=4 reference-disagreement=1825 same=27579 tree-difference=4
[29486/100000] reference-disagreement wide:trailing-closure:raw:real:WarningControlDeclSyntax:87 len=314 artifacts=62 advent-overaccept=49 advent-underaccept=11 compiler-timeout=4 reference-disagreement=1826 same=27592 tree-difference=4
[29500/100000] same wide:trailing-closure:keyword+keyword:real:NameMatcher:418 len=365 artifacts=62 advent-overaccept=49 advent-underaccept=11 compiler-timeout=4 reference-disagreement=1826 same=27606 tree-difference=4
[29503/100000] reference-disagreement wide:after-statement:raw:translated:testSwitch21#1 len=56 artifacts=62 advent-overaccept=49 advent-underaccept=11 compiler-timeout=4 reference-disagreement=1827 same=27608 tree-difference=4
[29505/100000] reference-disagreement wide:closure:keyword:reject:testDollarIdentifier2d#1 len=56 artifacts=62 advent-overaccept=49 advent-underaccept=11 compiler-timeout=4 reference-disagreement=1828 same=27609 tree-difference=4
[29508/100000] reference-disagreement wide:trailing-closure:raw:real:ScopeImplementations:371 len=164 artifacts=62 advent-overaccept=49 advent-underaccept=11 compiler-timeout=4 reference-disagreement=1829 same=27611 tree-difference=4
[29557/100000] reference-disagreement wide:struct-member:glue+newline:real:MacroArgument:149 len=550 artifacts=62 advent-overaccept=49 advent-underaccept=11 compiler-timeout=4 reference-disagreement=1830 same=27659 tree-difference=4
[29566/100000] reference-disagreement wide:after-statement:raw:reject:testForwardSlashRegex142#1 len=27 artifacts=62 advent-overaccept=49 advent-underaccept=11 compiler-timeout=4 reference-disagreement=1831 same=27667 tree-difference=4
[29573/100000] reference-disagreement wide:trailing-closure:line-comment+newline:translated:testOperatorDeclDesignatedTypes2#1 len=102 artifacts=62 advent-overaccept=49 advent-underaccept=11 compiler-timeout=4 reference-disagreement=1832 same=27673 tree-difference=4
[29595/100000] reference-disagreement wide:trailing-closure:raw:real:SyntaxNodeWithBody:210 len=65 artifacts=62 advent-overaccept=49 advent-underaccept=11 compiler-timeout=4 reference-disagreement=1833 same=27694 tree-difference=4
[29602/100000] reference-disagreement wide:closure:swap+glue:real:OperatorTable+Folding:19+phase4-accessor:computed-static len=260 artifacts=62 advent-overaccept=49 advent-underaccept=11 compiler-timeout=4 reference-disagreement=1834 same=27700 tree-difference=4
[29605/100000] advent-overaccept wide:ifconfig:duplicate:type:testInverseTypesInParameter#10 len=66 artifacts=63 advent-overaccept=50 advent-underaccept=11 compiler-timeout=4 reference-disagreement=1834 same=27702 tree-difference=4
[29607/100000] reference-disagreement wide:trailing-closure:raw:real:LayoutNodes+Parsable:103 len=196 artifacts=63 advent-overaccept=50 advent-underaccept=11 compiler-timeout=4 reference-disagreement=1835 same=27703 tree-difference=4
[29616/100000] reference-disagreement wide:struct-member:newline:real:SyntaxTraits:724 len=73 artifacts=63 advent-overaccept=50 advent-underaccept=11 compiler-timeout=4 reference-disagreement=1836 same=27711 tree-difference=4
[29635/100000] reference-disagreement wide:trailing-closure:raw:real:LibraryPluginProvider:162 len=263 artifacts=63 advent-overaccept=50 advent-underaccept=11 compiler-timeout=4 reference-disagreement=1837 same=27729 tree-difference=4
[29653/100000] reference-disagreement tspl-divergence-protocol-body len=141 artifacts=63 advent-overaccept=50 advent-underaccept=11 compiler-timeout=4 reference-disagreement=1838 same=27746 tree-difference=4
[29660/100000] reference-disagreement wide:trailing-closure:block-comment:translated:testForwardSlashRegex184#1+real:SyntaxTraits:832 len=114 artifacts=63 advent-overaccept=50 advent-underaccept=11 compiler-timeout=4 reference-disagreement=1839 same=27752 tree-difference=4
[29661/100000] reference-disagreement wide:top:newline+newline+glue:reject:testModuleSelectorExpr#16 len=12 artifacts=63 advent-overaccept=50 advent-underaccept=11 compiler-timeout=4 reference-disagreement=1840 same=27752 tree-difference=4
[29668/100000] reference-disagreement statement-list len=698 artifacts=63 advent-overaccept=50 advent-underaccept=11 compiler-timeout=4 reference-disagreement=1841 same=27758 tree-difference=4
[29704/100000] reference-disagreement wide:closure:raw:real:ParserDiagnosticMessages:307 len=255 artifacts=63 advent-overaccept=50 advent-underaccept=11 compiler-timeout=4 reference-disagreement=1842 same=27793 tree-difference=4
[29707/100000] reference-disagreement wide:ifconfig:raw:attribute:testDifferentiableAttribute#1 len=130 artifacts=63 advent-overaccept=50 advent-underaccept=11 compiler-timeout=4 reference-disagreement=1843 same=27795 tree-difference=4
[29712/100000] reference-disagreement member-list-wide-boundary len=572 artifacts=63 advent-overaccept=50 advent-underaccept=11 compiler-timeout=4 reference-disagreement=1844 same=27799 tree-difference=4
[29717/100000] reference-disagreement wide:closure:raw:real:ScopeImplementations:752 len=187 artifacts=63 advent-overaccept=50 advent-underaccept=11 compiler-timeout=4 reference-disagreement=1845 same=27803 tree-difference=4
[29733/100000] reference-disagreement wide:extension-member:delete:real:StandardIOMessageConnection:24+translated:testSubscripting17#1 len=80 artifacts=63 advent-overaccept=50 advent-underaccept=11 compiler-timeout=4 reference-disagreement=1846 same=27818 tree-difference=4
[29750/100000] reference-disagreement wide:closure:raw:real:ResultBuilders:467 len=247 artifacts=63 advent-overaccept=50 advent-underaccept=11 compiler-timeout=4 reference-disagreement=1847 same=27834 tree-difference=4
[29754/100000] reference-disagreement expr-let len=28 artifacts=63 advent-overaccept=50 advent-underaccept=11 compiler-timeout=4 reference-disagreement=1848 same=27837 tree-difference=4
[29756/100000] reference-disagreement wide:trailing-closure:block-comment+glue+newline:real:SyntaxCollections:332 len=495 artifacts=63 advent-overaccept=50 advent-underaccept=11 compiler-timeout=4 reference-disagreement=1849 same=27838 tree-difference=4
[29762/100000] reference-disagreement tspl-divergence-protocol-body len=160 artifacts=63 advent-overaccept=50 advent-underaccept=11 compiler-timeout=4 reference-disagreement=1850 same=27843 tree-difference=4
[29778/100000] reference-disagreement attribute-ifconfig-elseif-list len=124 artifacts=63 advent-overaccept=50 advent-underaccept=11 compiler-timeout=4 reference-disagreement=1851 same=27858 tree-difference=4
[29780/100000] reference-disagreement tspl-divergence-protocol-body len=197 artifacts=63 advent-overaccept=50 advent-underaccept=11 compiler-timeout=4 reference-disagreement=1852 same=27859 tree-difference=4
[29801/100000] reference-disagreement wide:trailing-closure:block-comment:declaration:testOpenVarInCodeBlockItemList#1+real:IdentifiableSyntax:40 len=148 artifacts=63 advent-overaccept=50 advent-underaccept=11 compiler-timeout=4 reference-disagreement=1853 same=27879 tree-difference=4
[29821/100000] advent-underaccept wide:top:glue+newline+space:translated:testForwardSlashRegex127#1 len=26 artifacts=64 advent-overaccept=50 advent-underaccept=12 compiler-timeout=4 reference-disagreement=1853 same=27898 tree-difference=4
[29828/100000] reference-disagreement grammarish-member-list len=174 artifacts=64 advent-overaccept=50 advent-underaccept=12 compiler-timeout=4 reference-disagreement=1854 same=27904 tree-difference=4
[29840/100000] reference-disagreement wide:closure:raw:real:CallLikeSyntax:20 len=364 artifacts=64 advent-overaccept=50 advent-underaccept=12 compiler-timeout=4 reference-disagreement=1855 same=27915 tree-difference=4
[29872/100000] reference-disagreement wide:trailing-closure:newline+newline:real:Syntax+StringInterpolation:287 len=55 artifacts=64 advent-overaccept=50 advent-underaccept=12 compiler-timeout=4 reference-disagreement=1856 same=27946 tree-difference=4
[29882/100000] reference-disagreement keypath-boundary len=38 artifacts=64 advent-overaccept=50 advent-underaccept=12 compiler-timeout=4 reference-disagreement=1857 same=27955 tree-difference=4
[29886/100000] reference-disagreement tspl-divergence-protocol-body len=114 artifacts=64 advent-overaccept=50 advent-underaccept=12 compiler-timeout=4 reference-disagreement=1858 same=27958 tree-difference=4
[29944/100000] reference-disagreement wide:struct-member:block-comment:translated:testInitDeinit21#1 len=63 artifacts=64 advent-overaccept=50 advent-underaccept=12 compiler-timeout=4 reference-disagreement=1859 same=28015 tree-difference=4
[29984/100000] reference-disagreement wide:closure:glue:translated:testModuleSelectorAttrs#3 len=97 artifacts=64 advent-overaccept=50 advent-underaccept=12 compiler-timeout=4 reference-disagreement=1860 same=28054 tree-difference=4
[29990/100000] reference-disagreement attribute-ifconfig-elseif-list len=133 artifacts=64 advent-overaccept=50 advent-underaccept=12 compiler-timeout=4 reference-disagreement=1861 same=28059 tree-difference=4
[29999/100000] reference-disagreement wide:func-body:raw:translated:testOperatorDeclDesignatedTypes7#1 len=75 artifacts=64 advent-overaccept=50 advent-underaccept=12 compiler-timeout=4 reference-disagreement=1862 same=28067 tree-difference=4
[30000/100000] same seed-corpus-mutated:nonisolated-unsafe-property len=49 artifacts=64 advent-overaccept=50 advent-underaccept=12 compiler-timeout=4 reference-disagreement=1862 same=28068 tree-difference=4
[30014/100000] reference-disagreement ifconfig-member-context-boundary len=77 artifacts=64 advent-overaccept=50 advent-underaccept=12 compiler-timeout=4 reference-disagreement=1863 same=28081 tree-difference=4
[30067/100000] reference-disagreement attribute-boundary len=45 artifacts=64 advent-overaccept=50 advent-underaccept=12 compiler-timeout=4 reference-disagreement=1864 same=28133 tree-difference=4
[30077/100000] reference-disagreement wide:extension-member:raw:real:CustomTraits:68 len=182 artifacts=64 advent-overaccept=50 advent-underaccept=12 compiler-timeout=4 reference-disagreement=1865 same=28142 tree-difference=4
[30084/100000] reference-disagreement wide:closure:glue:phase4-loop:while-let+real:ResultBuilders:557 len=257 artifacts=64 advent-overaccept=50 advent-underaccept=12 compiler-timeout=4 reference-disagreement=1866 same=28148 tree-difference=4
[30103/100000] reference-disagreement wide:func-body:newline+space+line-comment:real:SyntaxExpressibleByStringInterpolationConformances:160 len=105 artifacts=64 advent-overaccept=50 advent-underaccept=12 compiler-timeout=4 reference-disagreement=1867 same=28166 tree-difference=4
[30120/100000] reference-disagreement wide:struct-member:space+line-comment:real:BuildableNodes:269 len=888 artifacts=64 advent-overaccept=50 advent-underaccept=12 compiler-timeout=4 reference-disagreement=1868 same=28182 tree-difference=4
[30129/100000] reference-disagreement wide:closure:raw:translated:testSwitch38#1+real:ResultBuilders:258 len=318 artifacts=64 advent-overaccept=50 advent-underaccept=12 compiler-timeout=4 reference-disagreement=1869 same=28190 tree-difference=4
[30145/100000] reference-disagreement wide:closure:keyword+newline:real:SyntaxExpressibleByStringInterpolationConformances:214 len=83 artifacts=64 advent-overaccept=50 advent-underaccept=12 compiler-timeout=4 reference-disagreement=1870 same=28205 tree-difference=4
[30164/100000] reference-disagreement cast-try-operator-cluster len=24 artifacts=64 advent-overaccept=50 advent-underaccept=12 compiler-timeout=4 reference-disagreement=1871 same=28223 tree-difference=4
[30191/100000] reference-disagreement tspl-divergence-protocol-body len=198 artifacts=64 advent-overaccept=50 advent-underaccept=12 compiler-timeout=4 reference-disagreement=1872 same=28249 tree-difference=4
[30203/100000] reference-disagreement grammarish-member-list len=369 artifacts=64 advent-overaccept=50 advent-underaccept=12 compiler-timeout=4 reference-disagreement=1873 same=28260 tree-difference=4
[30214/100000] reference-disagreement wide:struct-member:raw:translated:testIfconfigExpr12#1+translated:testInitDeinit19#1 len=210 artifacts=64 advent-overaccept=50 advent-underaccept=12 compiler-timeout=4 reference-disagreement=1874 same=28270 tree-difference=4
[30218/100000] reference-disagreement wide:extension-member:raw:real:Operator:57 len=227 artifacts=64 advent-overaccept=50 advent-underaccept=12 compiler-timeout=4 reference-disagreement=1875 same=28273 tree-difference=4
[30243/100000] reference-disagreement tspl-divergence-protocol-body len=142 artifacts=64 advent-overaccept=50 advent-underaccept=12 compiler-timeout=4 reference-disagreement=1876 same=28297 tree-difference=4
[30246/100000] reference-disagreement member-list-wide-boundary len=319 artifacts=64 advent-overaccept=50 advent-underaccept=12 compiler-timeout=4 reference-disagreement=1877 same=28299 tree-difference=4
[30249/100000] reference-disagreement wide:struct-member:glue+newline:real:SyntaxExpressibleByStringInterpolationConformances:85 len=90 artifacts=64 advent-overaccept=50 advent-underaccept=12 compiler-timeout=4 reference-disagreement=1878 same=28301 tree-difference=4
[30250/100000] same ifconfig-boundary len=27 artifacts=64 advent-overaccept=50 advent-underaccept=12 compiler-timeout=4 reference-disagreement=1878 same=28302 tree-difference=4
[30254/100000] reference-disagreement tspl-divergence-protocol-body len=130 artifacts=64 advent-overaccept=50 advent-underaccept=12 compiler-timeout=4 reference-disagreement=1879 same=28305 tree-difference=4
[30255/100000] reference-disagreement wide:closure:keyword:real:InferIndentation:19 len=458 artifacts=64 advent-overaccept=50 advent-underaccept=12 compiler-timeout=4 reference-disagreement=1880 same=28305 tree-difference=4
[30279/100000] reference-disagreement declaration-modifier-stack len=34 artifacts=64 advent-overaccept=50 advent-underaccept=12 compiler-timeout=4 reference-disagreement=1881 same=28328 tree-difference=4
[30286/100000] reference-disagreement func-body len=458 artifacts=64 advent-overaccept=50 advent-underaccept=12 compiler-timeout=4 reference-disagreement=1882 same=28334 tree-difference=4
[30293/100000] reference-disagreement wide:func-body:line-comment+block-comment:real:BuildableNodes:1282 len=641 artifacts=64 advent-overaccept=50 advent-underaccept=12 compiler-timeout=4 reference-disagreement=1883 same=28340 tree-difference=4
[30296/100000] reference-disagreement wide:after-statement:newline:translated:testMatchingPatterns13#1+real:Parameters:35 len=360 artifacts=64 advent-overaccept=50 advent-underaccept=12 compiler-timeout=4 reference-disagreement=1884 same=28342 tree-difference=4
[30298/100000] reference-disagreement grammarish-member-list len=582 artifacts=64 advent-overaccept=50 advent-underaccept=12 compiler-timeout=4 reference-disagreement=1885 same=28343 tree-difference=4
[30305/100000] reference-disagreement member-list-wide-boundary len=479 artifacts=64 advent-overaccept=50 advent-underaccept=12 compiler-timeout=4 reference-disagreement=1886 same=28349 tree-difference=4
[30308/100000] reference-disagreement wide:trailing-closure:raw:real:RawSyntax:925 len=405 artifacts=64 advent-overaccept=50 advent-underaccept=12 compiler-timeout=4 reference-disagreement=1887 same=28351 tree-difference=4
[30313/100000] reference-disagreement wide:extension-member:keyword+delete+keyword:real:MissingNodeInitializers:101 len=229 artifacts=64 advent-overaccept=50 advent-underaccept=12 compiler-timeout=4 reference-disagreement=1888 same=28355 tree-difference=4
[30329/100000] reference-disagreement keypath-boundary len=44 artifacts=64 advent-overaccept=50 advent-underaccept=12 compiler-timeout=4 reference-disagreement=1889 same=28370 tree-difference=4
[30393/100000] reference-disagreement tspl-divergence-protocol-body len=112 artifacts=64 advent-overaccept=50 advent-underaccept=12 compiler-timeout=4 reference-disagreement=1890 same=28433 tree-difference=4
[30398/100000] reference-disagreement declaration-modifier-stack len=34 artifacts=64 advent-overaccept=50 advent-underaccept=12 compiler-timeout=4 reference-disagreement=1891 same=28437 tree-difference=4
[30404/100000] reference-disagreement statement-list len=588 artifacts=64 advent-overaccept=50 advent-underaccept=12 compiler-timeout=4 reference-disagreement=1892 same=28442 tree-difference=4
[30413/100000] reference-disagreement wide:extension-member:raw:translated:testForwardSlashRegexSkipping18#1+real:PluginMessageCompatibility:14 len=683 artifacts=64 advent-overaccept=50 advent-underaccept=12 compiler-timeout=4 reference-disagreement=1893 same=28450 tree-difference=4
[30444/100000] reference-disagreement tspl-divergence-protocol-body len=184 artifacts=64 advent-overaccept=50 advent-underaccept=12 compiler-timeout=4 reference-disagreement=1894 same=28480 tree-difference=4
[30452/100000] reference-disagreement wide:struct-member:raw:real:String+TrimmingTrailingWhitespace:13+real:SyntaxTraits:850 len=327 artifacts=64 advent-overaccept=50 advent-underaccept=12 compiler-timeout=4 reference-disagreement=1895 same=28487 tree-difference=4
[30500/100000] same cast-boundary len=35 artifacts=64 advent-overaccept=50 advent-underaccept=12 compiler-timeout=4 reference-disagreement=1895 same=28535 tree-difference=4
[30522/100000] reference-disagreement wide:closure:newline+newline:real:ParserDiagnosticMessages:675 len=554 artifacts=64 advent-overaccept=50 advent-underaccept=12 compiler-timeout=4 reference-disagreement=1896 same=28556 tree-difference=4
[30532/100000] reference-disagreement wide:closure:newline+space:real:Macros:245 len=564 artifacts=64 advent-overaccept=50 advent-underaccept=12 compiler-timeout=4 reference-disagreement=1897 same=28565 tree-difference=4
[30533/100000] reference-disagreement grammarish-member-list len=424 artifacts=64 advent-overaccept=50 advent-underaccept=12 compiler-timeout=4 reference-disagreement=1898 same=28565 tree-difference=4
[30548/100000] reference-disagreement grammarish-member-list len=283 artifacts=64 advent-overaccept=50 advent-underaccept=12 compiler-timeout=4 reference-disagreement=1899 same=28579 tree-difference=4
[30550/100000] reference-disagreement cast-try-operator-cluster len=24 artifacts=64 advent-overaccept=50 advent-underaccept=12 compiler-timeout=4 reference-disagreement=1900 same=28580 tree-difference=4
[30563/100000] reference-disagreement wide:top:keyword+splice+space:translated:testEnum76#1 len=21 artifacts=64 advent-overaccept=50 advent-underaccept=12 compiler-timeout=4 reference-disagreement=1901 same=28592 tree-difference=4
[30570/100000] reference-disagreement wide:func-body:raw:real:SyntaxExpressibleByStringInterpolationConformances:154 len=178 artifacts=64 advent-overaccept=50 advent-underaccept=12 compiler-timeout=4 reference-disagreement=1902 same=28598 tree-difference=4
[30595/100000] reference-disagreement tspl-divergence-protocol-body len=179 artifacts=64 advent-overaccept=50 advent-underaccept=12 compiler-timeout=4 reference-disagreement=1903 same=28622 tree-difference=4
[30596/100000] reference-disagreement grammarish-member-list len=304 artifacts=64 advent-overaccept=50 advent-underaccept=12 compiler-timeout=4 reference-disagreement=1904 same=28622 tree-difference=4
[30643/100000] reference-disagreement wide:trailing-closure:raw:real:SyntaxExpressibleByStringInterpolationConformances:253 len=167 artifacts=64 advent-overaccept=50 advent-underaccept=12 compiler-timeout=4 reference-disagreement=1905 same=28668 tree-difference=4
[30645/100000] reference-disagreement wide:extension-member:raw:real:Convenience:44 len=536 artifacts=64 advent-overaccept=50 advent-underaccept=12 compiler-timeout=4 reference-disagreement=1906 same=28669 tree-difference=4
[30646/100000] reference-disagreement wide:extension-member:raw:real:SyntaxExpressibleByStringInterpolationConformances:223 len=82 artifacts=64 advent-overaccept=50 advent-underaccept=12 compiler-timeout=4 reference-disagreement=1907 same=28669 tree-difference=4
[30698/100000] reference-disagreement wide:before-statement:raw:expression:testClosureParameterWithModifier#1 len=44 artifacts=64 advent-overaccept=50 advent-underaccept=12 compiler-timeout=4 reference-disagreement=1908 same=28720 tree-difference=4
[30702/100000] reference-disagreement wide:trailing-closure:newline+swap+newline:translated:testTupleTypeExpr#4+real:DeclSyntaxParseable:55 len=76 artifacts=64 advent-overaccept=50 advent-underaccept=12 compiler-timeout=4 reference-disagreement=1909 same=28723 tree-difference=4
[30742/100000] reference-disagreement wide:func-body:line-comment+duplicate:real:WarningControlRegions:318 len=743 artifacts=64 advent-overaccept=50 advent-underaccept=12 compiler-timeout=4 reference-disagreement=1910 same=28762 tree-difference=4
[30750/100000] same seed-corpus-raw:member-list-ifconfig-semicolon len=157 artifacts=64 advent-overaccept=50 advent-underaccept=12 compiler-timeout=4 reference-disagreement=1910 same=28770 tree-difference=4
[30760/100000] reference-disagreement wide:trailing-closure:newline:real:SyntaxTraits:794 len=80 artifacts=64 advent-overaccept=50 advent-underaccept=12 compiler-timeout=4 reference-disagreement=1911 same=28779 tree-difference=4
[30782/100000] reference-disagreement keypath-boundary len=37 artifacts=64 advent-overaccept=50 advent-underaccept=12 compiler-timeout=4 reference-disagreement=1912 same=28800 tree-difference=4
[30786/100000] reference-disagreement wide:func-body:keyword+glue:real:Statements:123+real:SyntaxTraits:752 len=839 artifacts=64 advent-overaccept=50 advent-underaccept=12 compiler-timeout=4 reference-disagreement=1913 same=28803 tree-difference=4
[30789/100000] reference-disagreement member-list-wide-boundary len=226 artifacts=64 advent-overaccept=50 advent-underaccept=12 compiler-timeout=4 reference-disagreement=1914 same=28805 tree-difference=4
[30822/100000] reference-disagreement wide:extension-member:raw:real:SyntaxTraits:830 len=70 artifacts=64 advent-overaccept=50 advent-underaccept=12 compiler-timeout=4 reference-disagreement=1915 same=28837 tree-difference=4
[30831/100000] reference-disagreement wide:closure:raw:declaration:testModifiedParameter#4 len=102 artifacts=64 advent-overaccept=50 advent-underaccept=12 compiler-timeout=4 reference-disagreement=1916 same=28845 tree-difference=4
[30854/100000] reference-disagreement wide:closure:keyword+glue:attribute:testSendable#2 len=74 artifacts=64 advent-overaccept=50 advent-underaccept=12 compiler-timeout=4 reference-disagreement=1917 same=28867 tree-difference=4
[30861/100000] reference-disagreement wide:trailing-closure:block-comment+newline:real:Syntax+StringInterpolation:453 len=577 artifacts=64 advent-overaccept=50 advent-underaccept=12 compiler-timeout=4 reference-disagreement=1918 same=28873 tree-difference=4
[30865/100000] reference-disagreement ifconfig-member-context-boundary len=72 artifacts=64 advent-overaccept=50 advent-underaccept=12 compiler-timeout=4 reference-disagreement=1919 same=28876 tree-difference=4
[30869/100000] reference-disagreement wide:func-body:raw:real:StaticBuildConfiguration:435 len=863 artifacts=64 advent-overaccept=50 advent-underaccept=12 compiler-timeout=4 reference-disagreement=1920 same=28879 tree-difference=4
[30960/100000] reference-disagreement wide:func-body:newline:real:SyntaxTraits:752+declaration:testUsing#5 len=92 artifacts=64 advent-overaccept=50 advent-underaccept=12 compiler-timeout=4 reference-disagreement=1921 same=28969 tree-difference=4
[30971/100000] reference-disagreement grammarish-member-list len=201 artifacts=64 advent-overaccept=50 advent-underaccept=12 compiler-timeout=4 reference-disagreement=1922 same=28979 tree-difference=4
[30980/100000] reference-disagreement wide:interpolation:block-comment:translated:testArchFuncCall#1 len=22 artifacts=64 advent-overaccept=50 advent-underaccept=12 compiler-timeout=4 reference-disagreement=1923 same=28987 tree-difference=4
[30983/100000] reference-disagreement wide:struct-member:keyword+newline+keyword:real:SyntaxEditUtils:444 len=321 artifacts=64 advent-overaccept=50 advent-underaccept=12 compiler-timeout=4 reference-disagreement=1924 same=28989 tree-difference=4
[30987/100000] reference-disagreement wide:struct-member:delete+glue:real:SyntaxUtils:35 len=312 artifacts=64 advent-overaccept=50 advent-underaccept=12 compiler-timeout=4 reference-disagreement=1925 same=28992 tree-difference=4
[31000/100000] same wide:after-statement:newline:real:MissingNodeInitializers:83+phase4-attr:attr-extension len=261 artifacts=64 advent-overaccept=50 advent-underaccept=12 compiler-timeout=4 reference-disagreement=1925 same=29005 tree-difference=4
[31030/100000] reference-disagreement keypath-component-matrix len=53 artifacts=64 advent-overaccept=50 advent-underaccept=12 compiler-timeout=4 reference-disagreement=1926 same=29034 tree-difference=4
[31033/100000] reference-disagreement wide:struct-member:raw:real:Attributes:993 len=964 artifacts=64 advent-overaccept=50 advent-underaccept=12 compiler-timeout=4 reference-disagreement=1927 same=29036 tree-difference=4
[31069/100000] reference-disagreement tspl-divergence-accessor-commitment len=49 artifacts=64 advent-overaccept=50 advent-underaccept=12 compiler-timeout=4 reference-disagreement=1928 same=29071 tree-difference=4
[31130/100000] reference-disagreement attribute-ifconfig-elseif-list len=126 artifacts=64 advent-overaccept=50 advent-underaccept=12 compiler-timeout=4 reference-disagreement=1929 same=29131 tree-difference=4
[31147/100000] reference-disagreement wide:closure:newline+glue+newline:real:SyntaxTraits:818 len=82 artifacts=64 advent-overaccept=50 advent-underaccept=12 compiler-timeout=4 reference-disagreement=1930 same=29147 tree-difference=4
[31168/100000] reference-disagreement wide:before-statement:glue:attribute:testIsolatedTypeAttribute#2 len=54 artifacts=64 advent-overaccept=50 advent-underaccept=12 compiler-timeout=4 reference-disagreement=1931 same=29167 tree-difference=4
[31178/100000] reference-disagreement wide:extension-member:space+newline:real:SyntaxTraits:752 len=77 artifacts=64 advent-overaccept=50 advent-underaccept=12 compiler-timeout=4 reference-disagreement=1932 same=29176 tree-difference=4
[31182/100000] reference-disagreement tspl-divergence-protocol-body len=208 artifacts=64 advent-overaccept=50 advent-underaccept=12 compiler-timeout=4 reference-disagreement=1933 same=29179 tree-difference=4
[31191/100000] reference-disagreement wide:func-body:raw:real:CollectionNodes+Parsable:102+real:SyntaxProtocol:35 len=643 artifacts=64 advent-overaccept=50 advent-underaccept=12 compiler-timeout=4 reference-disagreement=1934 same=29187 tree-difference=4
[31202/100000] reference-disagreement keypath-component-matrix len=55 artifacts=64 advent-overaccept=50 advent-underaccept=12 compiler-timeout=4 reference-disagreement=1935 same=29197 tree-difference=4
[31209/100000] reference-disagreement wide:struct-member:raw:real:AddPackageTarget:154 len=818 artifacts=64 advent-overaccept=50 advent-underaccept=12 compiler-timeout=4 reference-disagreement=1936 same=29203 tree-difference=4
[31234/100000] reference-disagreement wide:trailing-closure:raw:real:SyntaxExpressibleByStringInterpolationConformances:133 len=85 artifacts=64 advent-overaccept=50 advent-underaccept=12 compiler-timeout=4 reference-disagreement=1937 same=29227 tree-difference=4
[31243/100000] reference-disagreement wide:closure:keyword+block-comment:phase4-closure:closure-typed2+real:Statements:387 len=505 artifacts=64 advent-overaccept=50 advent-underaccept=12 compiler-timeout=4 reference-disagreement=1938 same=29235 tree-difference=4
[31250/100000] same pack-boundary len=69 artifacts=64 advent-overaccept=50 advent-underaccept=12 compiler-timeout=4 reference-disagreement=1938 same=29242 tree-difference=4
[31251/100000] reference-disagreement wide:struct-member:space:real:ResultBuilders:544 len=209 artifacts=64 advent-overaccept=50 advent-underaccept=12 compiler-timeout=4 reference-disagreement=1939 same=29242 tree-difference=4
[31255/100000] reference-disagreement wide:top:space:declaration:testOpenVarInCodeBlockItemList#1+translated:testSwitch74#1 len=111 artifacts=64 advent-overaccept=50 advent-underaccept=12 compiler-timeout=4 reference-disagreement=1940 same=29245 tree-difference=4
[31282/100000] reference-disagreement tspl-divergence-protocol-body len=184 artifacts=64 advent-overaccept=50 advent-underaccept=12 compiler-timeout=4 reference-disagreement=1941 same=29271 tree-difference=4
[31316/100000] reference-disagreement keypath-component-matrix len=38 artifacts=64 advent-overaccept=50 advent-underaccept=12 compiler-timeout=4 reference-disagreement=1942 same=29304 tree-difference=4
[31318/100000] reference-disagreement attribute-ifconfig-elseif-list len=129 artifacts=64 advent-overaccept=50 advent-underaccept=12 compiler-timeout=4 reference-disagreement=1943 same=29305 tree-difference=4
[31321/100000] reference-disagreement wide:struct-member:raw:real:GrammarNode:285 len=236 artifacts=64 advent-overaccept=50 advent-underaccept=12 compiler-timeout=4 reference-disagreement=1944 same=29307 tree-difference=4
[31334/100000] reference-disagreement wide:ifconfig:newline+keyword:reject:testModuleSelectorType#3+translated:testTrailingClosures3#1 len=60 artifacts=64 advent-overaccept=50 advent-underaccept=12 compiler-timeout=4 reference-disagreement=1945 same=29319 tree-difference=4
[31346/100000] reference-disagreement wide:func-body:raw:real:ConvenienceInitializers:68 len=135 artifacts=64 advent-overaccept=50 advent-underaccept=12 compiler-timeout=4 reference-disagreement=1946 same=29330 tree-difference=4
[31348/100000] advent-underaccept wide:trailing-closure:duplicate+glue:translated:testInvalid30#1 len=43 artifacts=65 advent-overaccept=50 advent-underaccept=13 compiler-timeout=4 reference-disagreement=1946 same=29331 tree-difference=4
[31365/100000] reference-disagreement wide:struct-member:block-comment+block-comment+space:real:Specifiers:581 len=526 artifacts=65 advent-overaccept=50 advent-underaccept=13 compiler-timeout=4 reference-disagreement=1947 same=29347 tree-difference=4
[31383/100000] reference-disagreement wide:struct-member:space:attribute:testObjcImplementationAttribute#1 len=143 artifacts=65 advent-overaccept=50 advent-underaccept=13 compiler-timeout=4 reference-disagreement=1948 same=29364 tree-difference=4
[31384/100000] reference-disagreement wide:struct-member:raw:real:WarningControlRegionBuilder:91 len=272 artifacts=65 advent-overaccept=50 advent-underaccept=13 compiler-timeout=4 reference-disagreement=1949 same=29364 tree-difference=4
[31387/100000] reference-disagreement tspl-divergence-protocol-body len=164 artifacts=65 advent-overaccept=50 advent-underaccept=13 compiler-timeout=4 reference-disagreement=1950 same=29366 tree-difference=4
[31427/100000] reference-disagreement wide:closure:raw:real:LayoutNodes+Parsable:55 len=203 artifacts=65 advent-overaccept=50 advent-underaccept=13 compiler-timeout=4 reference-disagreement=1951 same=29405 tree-difference=4
[31438/100000] reference-disagreement wide:struct-member:block-comment+newline+block-comment:real:SyntaxTraits:722 len=79 artifacts=65 advent-overaccept=50 advent-underaccept=13 compiler-timeout=4 reference-disagreement=1952 same=29415 tree-difference=4
[31441/100000] reference-disagreement wide:struct-member:raw:real:SyntaxExpressibleByStringInterpolationConformances:91 len=177 artifacts=65 advent-overaccept=50 advent-underaccept=13 compiler-timeout=4 reference-disagreement=1953 same=29417 tree-difference=4
[31442/100000] reference-disagreement wide:trailing-closure:raw:real:SourceLocation:484+real:SyntaxTraits:810 len=640 artifacts=65 advent-overaccept=50 advent-underaccept=13 compiler-timeout=4 reference-disagreement=1954 same=29417 tree-difference=4
[31444/100000] reference-disagreement tspl-divergence-protocol-body len=121 artifacts=65 advent-overaccept=50 advent-underaccept=13 compiler-timeout=4 reference-disagreement=1955 same=29418 tree-difference=4
[31470/100000] reference-disagreement tspl-divergence-accessor-commitment len=49 artifacts=65 advent-overaccept=50 advent-underaccept=13 compiler-timeout=4 reference-disagreement=1956 same=29443 tree-difference=4
[31483/100000] reference-disagreement wide:struct-member:raw:real:BuildableNodes:986 len=1242 artifacts=65 advent-overaccept=50 advent-underaccept=13 compiler-timeout=4 reference-disagreement=1957 same=29455 tree-difference=4
[31488/100000] reference-disagreement statement-list len=546 artifacts=65 advent-overaccept=50 advent-underaccept=13 compiler-timeout=4 reference-disagreement=1958 same=29459 tree-difference=4
[31500/100000] same expr-let len=45 artifacts=65 advent-overaccept=50 advent-underaccept=13 compiler-timeout=4 reference-disagreement=1958 same=29471 tree-difference=4
[31501/100000] reference-disagreement wide:func-body:block-comment:real:LibraryPluginProvider:162+translated:testTupleTypeExpr#1 len=284 artifacts=65 advent-overaccept=50 advent-underaccept=13 compiler-timeout=4 reference-disagreement=1959 same=29471 tree-difference=4
[31503/100000] reference-disagreement binding-pattern len=458 artifacts=65 advent-overaccept=50 advent-underaccept=13 compiler-timeout=4 reference-disagreement=1960 same=29472 tree-difference=4
[31520/100000] reference-disagreement tspl-divergence-protocol-body len=234 artifacts=65 advent-overaccept=50 advent-underaccept=13 compiler-timeout=4 reference-disagreement=1961 same=29488 tree-difference=4
[31523/100000] reference-disagreement wide:struct-member:space:real:Attributes:839+real:Diagnostics:53 len=567 artifacts=65 advent-overaccept=50 advent-underaccept=13 compiler-timeout=4 reference-disagreement=1962 same=29490 tree-difference=4
[31530/100000] reference-disagreement wide:func-body:block-comment:reject:testABIAttribute#8 len=122 artifacts=65 advent-overaccept=50 advent-underaccept=13 compiler-timeout=4 reference-disagreement=1963 same=29496 tree-difference=4
[31539/100000] reference-disagreement wide:extension-member:duplicate+line-comment+keyword:declaration:testVariableDeclarations#3 len=74 artifacts=65 advent-overaccept=50 advent-underaccept=13 compiler-timeout=4 reference-disagreement=1964 same=29504 tree-difference=4
[31564/100000] reference-disagreement wide:struct-member:raw:real:AddPackageTarget:137 len=499 artifacts=65 advent-overaccept=50 advent-underaccept=13 compiler-timeout=4 reference-disagreement=1965 same=29528 tree-difference=4
[31574/100000] reference-disagreement wide:func-body:raw:real:FixItApplier:146+translated:testInvalid7#1 len=460 artifacts=65 advent-overaccept=50 advent-underaccept=13 compiler-timeout=4 reference-disagreement=1966 same=29537 tree-difference=4
[31581/100000] reference-disagreement keypath-boundary len=38 artifacts=65 advent-overaccept=50 advent-underaccept=13 compiler-timeout=4 reference-disagreement=1967 same=29543 tree-difference=4
[31593/100000] reference-disagreement attribute-ifconfig-elseif-list len=115 artifacts=65 advent-overaccept=50 advent-underaccept=13 compiler-timeout=4 reference-disagreement=1968 same=29554 tree-difference=4
[31628/100000] reference-disagreement nested-ifconfig-boundary len=113 artifacts=65 advent-overaccept=50 advent-underaccept=13 compiler-timeout=4 reference-disagreement=1969 same=29588 tree-difference=4
[31644/100000] reference-disagreement attribute-boundary len=43 artifacts=65 advent-overaccept=50 advent-underaccept=13 compiler-timeout=4 reference-disagreement=1970 same=29603 tree-difference=4
[31645/100000] reference-disagreement attribute-ifconfig-elseif-list len=140 artifacts=65 advent-overaccept=50 advent-underaccept=13 compiler-timeout=4 reference-disagreement=1971 same=29603 tree-difference=4
[31689/100000] reference-disagreement wide:after-statement:delete:translated:testMatchingPatterns34#1 len=72 artifacts=65 advent-overaccept=50 advent-underaccept=13 compiler-timeout=4 reference-disagreement=1972 same=29646 tree-difference=4
[31695/100000] reference-disagreement wide:func-body:raw:real:SyntaxTraits:578 len=453 artifacts=65 advent-overaccept=50 advent-underaccept=13 compiler-timeout=4 reference-disagreement=1973 same=29651 tree-difference=4
[31706/100000] reference-disagreement wide:closure:raw:real:ResultBuilders:176 len=140 artifacts=65 advent-overaccept=50 advent-underaccept=13 compiler-timeout=4 reference-disagreement=1974 same=29661 tree-difference=4
[31715/100000] reference-disagreement member-list-wide-boundary len=262 artifacts=65 advent-overaccept=50 advent-underaccept=13 compiler-timeout=4 reference-disagreement=1975 same=29669 tree-difference=4
[31732/100000] reference-disagreement wide:struct-member:raw:real:ScopeImplementations:752 len=181 artifacts=65 advent-overaccept=50 advent-underaccept=13 compiler-timeout=4 reference-disagreement=1976 same=29685 tree-difference=4
[31736/100000] reference-disagreement member-list-wide-boundary len=438 artifacts=65 advent-overaccept=50 advent-underaccept=13 compiler-timeout=4 reference-disagreement=1977 same=29688 tree-difference=4
[31739/100000] tree-difference wide:trailing-closure:newline+newline:translated:testForwardSlashRegex41#1 len=23 artifacts=66 advent-overaccept=50 advent-underaccept=13 compiler-timeout=4 reference-disagreement=1977 same=29690 tree-difference=5
[31750/100000] same frontier:protocol-accessor-shape len=112 artifacts=66 advent-overaccept=50 advent-underaccept=13 compiler-timeout=4 reference-disagreement=1977 same=29701 tree-difference=5
[31786/100000] reference-disagreement tspl-divergence-protocol-body len=76 artifacts=66 advent-overaccept=50 advent-underaccept=13 compiler-timeout=4 reference-disagreement=1978 same=29736 tree-difference=5
[31794/100000] reference-disagreement wide:trailing-closure:newline+newline+line-comment:real:CustomTraits:57 len=184 artifacts=66 advent-overaccept=50 advent-underaccept=13 compiler-timeout=4 reference-disagreement=1979 same=29743 tree-difference=5
[31795/100000] reference-disagreement wide:trailing-closure:keyword+space:real:Parameters:26+real:SyntaxTraits:764 len=161 artifacts=66 advent-overaccept=50 advent-underaccept=13 compiler-timeout=4 reference-disagreement=1980 same=29743 tree-difference=5
[31823/100000] reference-disagreement wide:trailing-closure:space:real:ResultBuilders:42 len=181 artifacts=66 advent-overaccept=50 advent-underaccept=13 compiler-timeout=4 reference-disagreement=1981 same=29770 tree-difference=5
[31865/100000] reference-disagreement wide:closure:raw:real:ParseDiagnosticsGenerator:76 len=325 artifacts=66 advent-overaccept=50 advent-underaccept=13 compiler-timeout=4 reference-disagreement=1982 same=29811 tree-difference=5
[31871/100000] reference-disagreement wide:trailing-closure:newline:phase3-type:extension-empty+phase1:let-float len=36 artifacts=66 advent-overaccept=50 advent-underaccept=13 compiler-timeout=4 reference-disagreement=1983 same=29816 tree-difference=5
[31890/100000] reference-disagreement attribute-ifconfig-elseif-list len=117 artifacts=66 advent-overaccept=50 advent-underaccept=13 compiler-timeout=4 reference-disagreement=1984 same=29834 tree-difference=5
[31891/100000] reference-disagreement grammarish-member-list len=419 artifacts=66 advent-overaccept=50 advent-underaccept=13 compiler-timeout=4 reference-disagreement=1985 same=29834 tree-difference=5
[31895/100000] reference-disagreement wide:func-body:raw:declaration:testCoroutineAccessors#1 len=87 artifacts=66 advent-overaccept=50 advent-underaccept=13 compiler-timeout=4 reference-disagreement=1986 same=29837 tree-difference=5
[31898/100000] reference-disagreement wide:closure:glue+space:attribute:testABIAttribute#3 len=45 artifacts=66 advent-overaccept=50 advent-underaccept=13 compiler-timeout=4 reference-disagreement=1987 same=29839 tree-difference=5
[31960/100000] reference-disagreement wide:struct-member:newline:real:ResultBuilders:362 len=206 artifacts=66 advent-overaccept=50 advent-underaccept=13 compiler-timeout=4 reference-disagreement=1988 same=29900 tree-difference=5
[31968/100000] reference-disagreement wide:closure:keyword:translated:testInvalid36#1+real:Oracle:24 len=1277 artifacts=66 advent-overaccept=50 advent-underaccept=13 compiler-timeout=4 reference-disagreement=1989 same=29907 tree-difference=5
[31983/100000] reference-disagreement tspl-divergence-accessor-commitment len=49 artifacts=66 advent-overaccept=50 advent-underaccept=13 compiler-timeout=4 reference-disagreement=1990 same=29921 tree-difference=5
[32000/100000] same cast-boundary len=40 artifacts=66 advent-overaccept=50 advent-underaccept=13 compiler-timeout=4 reference-disagreement=1990 same=29938 tree-difference=5
[32001/100000] reference-disagreement keypath-component-matrix len=59 artifacts=66 advent-overaccept=50 advent-underaccept=13 compiler-timeout=4 reference-disagreement=1991 same=29938 tree-difference=5
[32007/100000] reference-disagreement wide:trailing-closure:space+block-comment:real:StandardIOMessageConnection:183 len=543 artifacts=66 advent-overaccept=50 advent-underaccept=13 compiler-timeout=4 reference-disagreement=1992 same=29943 tree-difference=5
[32011/100000] reference-disagreement grammarish-member-list len=307 artifacts=66 advent-overaccept=50 advent-underaccept=13 compiler-timeout=4 reference-disagreement=1993 same=29946 tree-difference=5
[32014/100000] reference-disagreement grammarish-member-list len=126 artifacts=66 advent-overaccept=50 advent-underaccept=13 compiler-timeout=4 reference-disagreement=1994 same=29948 tree-difference=5
[32024/100000] reference-disagreement wide:clos