wide corpus: 4594 entries, 50% of inputs
frontier lanes: 20% of inputs
interesting corpus: 0 entries, 0% of inputs
run: /Users/janwillem/Developer/Xcode/ApusApus/SwiftSyntaxFuzzer/runs/worker-4/2026-10-07T08-39-21Z
seed: 1663247016786083207
iterations: 100000
probe mode: persistent
seed corpus: /Users/janwillem/Developer/Xcode/ApusApus/SwiftSyntaxFuzzer/seeds/known-problems.txt (63 entries)
artifact cap: 10000 files, 1024 MB
artifact statuses: advent-no-generated-tree,advent-overaccept,advent-underaccept,crash,invalid-probe-output,probe-error,residual-ambiguity,timeout,tree-difference
artifact cap per status: 500
artifact dedupe: signal
interesting passes: /Users/janwillem/Developer/Xcode/ApusApus/SwiftSyntaxFuzzer/runs/worker-4/2026-10-07T08-39-21Z/interesting.jsonl (cap 2000)
[1/100000] same multiline-interpolation-boundary len=161 artifacts=0 same=1
[8/100000] advent-underaccept wide:struct-member:glue:reject:testAccessLevelModifier#1 len=298 artifacts=1 advent-underaccept=1 same=7
[24/100000] reference-disagreement tspl-divergence-protocol-body len=154 artifacts=1 advent-underaccept=1 reference-disagreement=1 same=22
[30/100000] reference-disagreement attribute-boundary len=101 artifacts=1 advent-underaccept=1 reference-disagreement=2 same=27
[65/100000] reference-disagreement wide:extension-member:raw:real:MacroSystem:1498 len=533 artifacts=1 advent-underaccept=1 reference-disagreement=3 same=61
[71/100000] reference-disagreement keypath-boundary len=38 artifacts=1 advent-underaccept=1 reference-disagreement=4 same=66
[96/100000] reference-disagreement member-list-wide-boundary len=148 artifacts=1 advent-underaccept=1 reference-disagreement=5 same=90
[98/100000] reference-disagreement wide:func-body:keyword+space:real:LayoutNodes+Parsable:167 len=187 artifacts=1 advent-underaccept=1 reference-disagreement=6 same=91
[131/100000] reference-disagreement wide:extension-member:glue+glue:real:SyntaxNodeWithBody:214 len=76 artifacts=1 advent-underaccept=1 reference-disagreement=7 same=123
[138/100000] reference-disagreement wide:func-body:space+space+block-comment:real:SwiftSyntaxCompatibility:425 len=87 artifacts=1 advent-underaccept=1 reference-disagreement=8 same=129
[169/100000] reference-disagreement wide:closure:newline:real:SyntaxEditUtils:270 len=458 artifacts=1 advent-underaccept=1 reference-disagreement=9 same=159
[192/100000] reference-disagreement cast-try-operator-cluster len=24 artifacts=1 advent-underaccept=1 reference-disagreement=10 same=181
[194/100000] reference-disagreement wide:closure:raw:real:BuildableNodes:848 len=1274 artifacts=1 advent-underaccept=1 reference-disagreement=11 same=182
[199/100000] reference-disagreement wide:func-body:block-comment+newline+line-comment:real:StandardIOMessageConnection:168 len=398 artifacts=1 advent-underaccept=1 reference-disagreement=12 same=186
[216/100000] reference-disagreement wide:extension-member:newline+glue+line-comment:real:Expressions:1619 len=667 artifacts=1 advent-underaccept=1 reference-disagreement=13 same=202
[226/100000] reference-disagreement keypath-boundary len=38 artifacts=1 advent-underaccept=1 reference-disagreement=14 same=211
[239/100000] reference-disagreement attribute-ifconfig-elseif-list len=119 artifacts=1 advent-underaccept=1 reference-disagreement=15 same=223
[245/100000] reference-disagreement wide:struct-member:glue:attribute:testDifferentiableAttribute#1+real:SyntaxTraits:860 len=181 artifacts=1 advent-underaccept=1 reference-disagreement=16 same=228
[250/100000] same pattern-matrix-boundary len=508 artifacts=1 advent-underaccept=1 reference-disagreement=16 same=233
[308/100000] reference-disagreement keypath-boundary len=38 artifacts=1 advent-underaccept=1 reference-disagreement=17 same=290
[312/100000] reference-disagreement attribute-ifconfig-elseif-list len=115 artifacts=1 advent-underaccept=1 reference-disagreement=18 same=293
[316/100000] reference-disagreement wide:trailing-closure:raw:real:IndentationUtils:33+real:SyntaxChildren:16 len=1213 artifacts=1 advent-underaccept=1 reference-disagreement=19 same=296
[325/100000] reference-disagreement grammarish-member-list len=154 artifacts=1 advent-underaccept=1 reference-disagreement=20 same=304
[327/100000] reference-disagreement wide:func-body:raw:translated:testOptionalLvalues6#1+real:SyntaxNodeWithBody:42 len=368 artifacts=1 advent-underaccept=1 reference-disagreement=21 same=305
[332/100000] reference-disagreement member-list-wide-boundary len=284 artifacts=1 advent-underaccept=1 reference-disagreement=22 same=309
[340/100000] advent-overaccept wide:before-statement:newline:type:testInverseTypes#6 len=37 artifacts=2 advent-overaccept=1 advent-underaccept=1 reference-disagreement=22 same=316
[353/100000] reference-disagreement wide:func-body:splice+newline+newline:real:SyntaxNodeWithBody:74 len=491 artifacts=2 advent-overaccept=1 advent-underaccept=1 reference-disagreement=23 same=328
[358/100000] reference-disagreement attribute-ifconfig-elseif-list len=122 artifacts=2 advent-overaccept=1 advent-underaccept=1 reference-disagreement=24 same=332
[362/100000] reference-disagreement grammarish-member-list len=297 artifacts=2 advent-overaccept=1 advent-underaccept=1 reference-disagreement=25 same=335
[368/100000] reference-disagreement wide:trailing-closure:delete:real:BuildConfiguration:28 len=331 artifacts=2 advent-overaccept=1 advent-underaccept=1 reference-disagreement=26 same=340
[379/100000] reference-disagreement keypath-boundary len=37 artifacts=2 advent-overaccept=1 advent-underaccept=1 reference-disagreement=27 same=350
[417/100000] reference-disagreement wide:closure:raw:real:ResultBuilders:336+attribute:testOriginallyDefinedIn#2 len=285 artifacts=2 advent-overaccept=1 advent-underaccept=1 reference-disagreement=28 same=387
[423/100000] reference-disagreement wide:trailing-closure:glue+line-comment+space:real:LocationMarkers:44 len=335 artifacts=2 advent-overaccept=1 advent-underaccept=1 reference-disagreement=29 same=392
[445/100000] reference-disagreement wide:closure:raw:real:SyntaxProtocol:35 len=130 artifacts=2 advent-overaccept=1 advent-underaccept=1 reference-disagreement=30 same=413
[455/100000] advent-overaccept wide:func-body:space+glue+splice:real:SyntaxTraits:453 len=125 artifacts=3 advent-overaccept=2 advent-underaccept=1 reference-disagreement=30 same=422
[466/100000] reference-disagreement nested-ifconfig-boundary len=113 artifacts=3 advent-overaccept=2 advent-underaccept=1 reference-disagreement=31 same=432
[475/100000] reference-disagreement attribute-ifconfig-elseif-list len=121 artifacts=3 advent-overaccept=2 advent-underaccept=1 reference-disagreement=32 same=440
[481/100000] reference-disagreement attribute-ifconfig-elseif-list len=122 artifacts=3 advent-overaccept=2 advent-underaccept=1 reference-disagreement=33 same=445
[498/100000] reference-disagreement tspl-divergence-protocol-body len=81 artifacts=3 advent-overaccept=2 advent-underaccept=1 reference-disagreement=34 same=461
[500/100000] same wide:closure:line-comment+delete+swap:real:NameMatcher:447+reject:testForwardSlashRegexSkippingInvalid17#1 len=522 artifacts=3 advent-overaccept=2 advent-underaccept=1 reference-disagreement=34 same=463
[532/100000] reference-disagreement wide:extension-member:line-comment:real:MacroArgument:149 len=558 artifacts=3 advent-overaccept=2 advent-underaccept=1 reference-disagreement=35 same=494
[550/100000] advent-overaccept wide:after-statement:newline:declaration:testUsing#3 len=30 artifacts=4 advent-overaccept=3 advent-underaccept=1 reference-disagreement=35 same=511
[568/100000] reference-disagreement wide:extension-member:raw:real:AddPackageDependency:127 len=291 artifacts=4 advent-overaccept=3 advent-underaccept=1 reference-disagreement=36 same=528
[578/100000] reference-disagreement wide:extension-member:raw:real:ParseDiagnosticsGenerator:59 len=583 artifacts=4 advent-overaccept=3 advent-underaccept=1 reference-disagreement=37 same=537
[604/100000] reference-disagreement tspl-divergence-accessor-commitment len=49 artifacts=4 advent-overaccept=3 advent-underaccept=1 reference-disagreement=38 same=562
[614/100000] reference-disagreement wide:trailing-closure:block-comment+space:real:SyntaxBaseNodes:899 len=91 artifacts=4 advent-overaccept=3 advent-underaccept=1 reference-disagreement=39 same=571
[616/100000] reference-disagreement attribute-ifconfig-elseif-list len=127 artifacts=4 advent-overaccept=3 advent-underaccept=1 reference-disagreement=40 same=572
[618/100000] reference-disagreement nested-ifconfig-boundary len=146 artifacts=4 advent-overaccept=3 advent-underaccept=1 reference-disagreement=41 same=573
[627/100000] reference-disagreement wide:struct-member:block-comment+space:real:DeclSyntaxParseable:57 len=80 artifacts=4 advent-overaccept=3 advent-underaccept=1 reference-disagreement=42 same=581
[643/100000] reference-disagreement wide:trailing-closure:raw:real:ScopeImplementations:366 len=164 artifacts=4 advent-overaccept=3 advent-underaccept=1 reference-disagreement=43 same=596
[648/100000] reference-disagreement tspl-divergence-protocol-body len=273 artifacts=4 advent-overaccept=3 advent-underaccept=1 reference-disagreement=44 same=600
[653/100000] reference-disagreement tspl-divergence-protocol-body len=98 artifacts=4 advent-overaccept=3 advent-underaccept=1 reference-disagreement=45 same=604
[662/100000] reference-disagreement wide:closure:space:real:SyntaxTraits:730 len=84 artifacts=4 advent-overaccept=3 advent-underaccept=1 reference-disagreement=46 same=612
[669/100000] reference-disagreement wide:trailing-closure:block-comment+newline:real:SyntaxEnum:920 len=1185 artifacts=4 advent-overaccept=3 advent-underaccept=1 reference-disagreement=47 same=618
[697/100000] reference-disagreement wide:func-body:raw:real:SyntaxLiteralUtils:21 len=197 artifacts=4 advent-overaccept=3 advent-underaccept=1 reference-disagreement=48 same=645
[699/100000] reference-disagreement wide:closure:newline:real:DeclSyntaxParseable:45+translated:testModuleSelectorExpr#12 len=97 artifacts=4 advent-overaccept=3 advent-underaccept=1 reference-disagreement=49 same=646
[703/100000] reference-disagreement keypath-component-matrix len=41 artifacts=4 advent-overaccept=3 advent-underaccept=1 reference-disagreement=50 same=649
[707/100000] reference-disagreement wide:func-body:space:translated:testFunctionTypeExpr#23+real:SyntaxEditUtils:444 len=345 artifacts=4 advent-overaccept=3 advent-underaccept=1 reference-disagreement=51 same=652
[735/100000] reference-disagreement wide:ifconfig:duplicate:phase4-decl:arrow-in-seq len=40 artifacts=4 advent-overaccept=3 advent-underaccept=1 reference-disagreement=52 same=679
[743/100000] reference-disagreement tspl-divergence-protocol-body len=178 artifacts=4 advent-overaccept=3 advent-underaccept=1 reference-disagreement=53 same=686
[750/100000] same wide:interpolation:splice+delete+swap:real:LocationMarkers:32 len=333 artifacts=4 advent-overaccept=3 advent-underaccept=1 reference-disagreement=53 same=693
[789/100000] reference-disagreement wide:before-statement:raw:translated:testOperatorDeclDesignatedTypes18#1 len=280 artifacts=4 advent-overaccept=3 advent-underaccept=1 reference-disagreement=54 same=731
[806/100000] reference-disagreement wide:trailing-closure:line-comment:real:IfConfigEvaluation:548 len=670 artifacts=4 advent-overaccept=3 advent-underaccept=1 reference-disagreement=55 same=747
[843/100000] reference-disagreement wide:struct-member:raw:declaration:testVariableDeclarations#3+real:ValidatingSyntaxNodes:40 len=1007 artifacts=4 advent-overaccept=3 advent-underaccept=1 reference-disagreement=56 same=783
[859/100000] reference-disagreement declaration-modifier-stack len=34 artifacts=4 advent-overaccept=3 advent-underaccept=1 reference-disagreement=57 same=798
[860/100000] reference-disagreement wide:func-body:raw:real:JSONDecoding:405 len=749 artifacts=4 advent-overaccept=3 advent-underaccept=1 reference-disagreement=58 same=798
[861/100000] reference-disagreement wide:func-body:raw:real:MemberMacro:73+real:BuildableNodes:406 len=2133 artifacts=4 advent-overaccept=3 advent-underaccept=1 reference-disagreement=59 same=798
[900/100000] reference-disagreement wide:trailing-closure:block-comment:real:Statements:387 len=458 artifacts=4 advent-overaccept=3 advent-underaccept=1 reference-disagreement=60 same=836
[912/100000] reference-disagreement keypath-component-matrix len=31 artifacts=4 advent-overaccept=3 advent-underaccept=1 reference-disagreement=61 same=847
[915/100000] reference-disagreement wide:closure:newline:reject:testRecovery28#1 len=50 artifacts=4 advent-overaccept=3 advent-underaccept=1 reference-disagreement=62 same=849
[930/100000] reference-disagreement declaration-modifier-stack len=34 artifacts=4 advent-overaccept=3 advent-underaccept=1 reference-disagreement=63 same=863
[945/100000] reference-disagreement wide:closure:newline:real:MacroExpansion:41+real:SyntaxCollections:1054 len=1106 artifacts=4 advent-overaccept=3 advent-underaccept=1 reference-disagreement=64 same=877
[967/100000] reference-disagreement member-list-wide-boundary len=74 artifacts=4 advent-overaccept=3 advent-underaccept=1 reference-disagreement=65 same=898
[972/100000] reference-disagreement tspl-divergence-protocol-body len=189 artifacts=4 advent-overaccept=3 advent-underaccept=1 reference-disagreement=66 same=902
[994/100000] reference-disagreement declaration-modifier-stack len=34 artifacts=4 advent-overaccept=3 advent-underaccept=1 reference-disagreement=67 same=923
[1000/100000] same frontier:statement-member-context len=93 artifacts=4 advent-overaccept=3 advent-underaccept=1 reference-disagreement=67 same=929
[1002/100000] reference-disagreement wide:after-statement:duplicate:declaration:observer-no-annotation len=45 artifacts=4 advent-overaccept=3 advent-underaccept=1 reference-disagreement=68 same=930
[1005/100000] reference-disagreement keypath-boundary len=37 artifacts=4 advent-overaccept=3 advent-underaccept=1 reference-disagreement=69 same=932
[1022/100000] reference-disagreement wide:closure:block-comment:real:Syntax+StringInterpolation:263 len=186 artifacts=4 advent-overaccept=3 advent-underaccept=1 reference-disagreement=70 same=948
[1026/100000] reference-disagreement wide:struct-member:newline+splice:translated:testSemicolon11#1 len=169 artifacts=4 advent-overaccept=3 advent-underaccept=1 reference-disagreement=71 same=951
[1029/100000] reference-disagreement tspl-divergence-protocol-body len=155 artifacts=4 advent-overaccept=3 advent-underaccept=1 reference-disagreement=72 same=953
[1031/100000] reference-disagreement wide:func-body:raw:phase4-decl:op-prefix len=35 artifacts=4 advent-overaccept=3 advent-underaccept=1 reference-disagreement=73 same=954
[1070/100000] reference-disagreement grammarish-member-list len=179 artifacts=4 advent-overaccept=3 advent-underaccept=1 reference-disagreement=74 same=992
[1072/100000] reference-disagreement wide:struct-member:raw:translated:testForwardSlashRegexSkipping30#1+real:SyntaxTraits:794 len=112 artifacts=4 advent-overaccept=3 advent-underaccept=1 reference-disagreement=75 same=993
[1088/100000] reference-disagreement wide:func-body:raw:real:SyntaxExpressibleByStringInterpolationConformances:100+translated:testLet#1 len=233 artifacts=4 advent-overaccept=3 advent-underaccept=1 reference-disagreement=76 same=1008
[1091/100000] reference-disagreement wide:func-body:glue:real:RefactoringProvider:118 len=480 artifacts=4 advent-overaccept=3 advent-underaccept=1 reference-disagreement=77 same=1010
[1100/100000] reference-disagreement tspl-divergence-accessor-commitment len=49 artifacts=4 advent-overaccept=3 advent-underaccept=1 reference-disagreement=78 same=1018
[1133/100000] reference-disagreement grammarish-member-list len=356 artifacts=4 advent-overaccept=3 advent-underaccept=1 reference-disagreement=79 same=1050
[1144/100000] reference-disagreement nested-ifconfig-boundary len=117 artifacts=4 advent-overaccept=3 advent-underaccept=1 reference-disagreement=80 same=1060
[1163/100000] reference-disagreement tspl-divergence-accessor-commitment len=49 artifacts=4 advent-overaccept=3 advent-underaccept=1 reference-disagreement=81 same=1078
[1180/100000] advent-underaccept wide:struct-member:newline+glue:attribute:testTransposeAttribute#4 len=127 artifacts=5 advent-overaccept=3 advent-underaccept=2 reference-disagreement=81 same=1094
[1198/100000] reference-disagreement wide:closure:block-comment:real:ParserDiagnosticMessages:461 len=768 artifacts=5 advent-overaccept=3 advent-underaccept=2 reference-disagreement=82 same=1111
[1236/100000] reference-disagreement wide:interpolation:keyword+block-comment+block-comment:translated:testTupleTypeExpr#2 len=31 artifacts=5 advent-overaccept=3 advent-underaccept=2 reference-disagreement=83 same=1148
[1249/100000] advent-overaccept wide:before-statement:splice:real:String+TrimmingTrailingWhitespace:13 len=267 artifacts=6 advent-overaccept=4 advent-underaccept=2 reference-disagreement=83 same=1160
[1250/100000] same wide:top:keyword+block-comment:type:testMultipleTypeSpecifiers#2+statement:testReturn#3 len=56 artifacts=6 advent-overaccept=4 advent-underaccept=2 reference-disagreement=83 same=1161
[1251/100000] reference-disagreement wide:closure:newline:real:SyntaxEditUtils:424 len=399 artifacts=6 advent-overaccept=4 advent-underaccept=2 reference-disagreement=84 same=1161
[1256/100000] reference-disagreement wide:func-body:newline:real:SwiftSyntaxCompatibility:747+real:SyntaxTraits:258 len=1372 artifacts=6 advent-overaccept=4 advent-underaccept=2 reference-disagreement=85 same=1165
[1286/100000] reference-disagreement wide:extension-member:newline:real:ResultBuilders:167 len=221 artifacts=6 advent-overaccept=4 advent-underaccept=2 reference-disagreement=86 same=1194
[1291/100000] reference-disagreement wide:func-body:line-comment:real:ExpandEditorPlaceholder:501 len=152 artifacts=6 advent-overaccept=4 advent-underaccept=2 reference-disagreement=87 same=1198
[1300/100000] reference-disagreement tspl-divergence-protocol-body len=149 artifacts=6 advent-overaccept=4 advent-underaccept=2 reference-disagreement=88 same=1206
[1312/100000] advent-overaccept wide:after-statement:glue:reject:testConflictMarkers14#1+translated:testTypeExpr21#1 len=234 artifacts=7 advent-overaccept=5 advent-underaccept=2 reference-disagreement=88 same=1217
[1320/100000] reference-disagreement wide:func-body:newline:real:Names:409 len=1110 artifacts=7 advent-overaccept=5 advent-underaccept=2 reference-disagreement=89 same=1224
[1339/100000] reference-disagreement wide:struct-member:raw:translated:testEnum47#1+real:SyntaxTraits:698 len=223 artifacts=7 advent-overaccept=5 advent-underaccept=2 reference-disagreement=90 same=1242
[1390/100000] reference-disagreement wide:struct-member:glue:real:ResultBuilders:245+declaration:testBorrowingConsumingParameterSpecifiers#4 len=256 artifacts=7 advent-overaccept=5 advent-underaccept=2 reference-disagreement=91 same=1292
[1395/100000] reference-disagreement wide:closure:newline+line-comment+newline:real:IsValidIdentifier:41+translated:testSwitch30#1 len=1202 artifacts=7 advent-overaccept=5 advent-underaccept=2 reference-disagreement=92 same=1296
[1426/100000] reference-disagreement wide:struct-member:raw:real:SyntaxTraits:517 len=760 artifacts=7 advent-overaccept=5 advent-underaccept=2 reference-disagreement=93 same=1326
[1432/100000] reference-disagreement wide:closure:raw:real:SyntaxTraits:744 len=81 artifacts=7 advent-overaccept=5 advent-underaccept=2 reference-disagreement=94 same=1331
[1433/100000] reference-disagreement wide:closure:newline:real:SyntaxExpressibleByStringInterpolationConformances:148 len=99 artifacts=7 advent-overaccept=5 advent-underaccept=2 reference-disagreement=95 same=1331
[1455/100000] reference-disagreement grammarish-member-list len=300 artifacts=7 advent-overaccept=5 advent-underaccept=2 reference-disagreement=96 same=1352
[1469/100000] reference-disagreement wide:closure:raw:real:SyntaxUtils:79 len=923 artifacts=7 advent-overaccept=5 advent-underaccept=2 reference-disagreement=97 same=1365
[1479/100000] reference-disagreement tspl-divergence-protocol-body len=163 artifacts=7 advent-overaccept=5 advent-underaccept=2 reference-disagreement=98 same=1374
[1483/100000] reference-disagreement wide:extension-member:raw:real:ResultBuilderExtensions:97 len=393 artifacts=7 advent-overaccept=5 advent-underaccept=2 reference-disagreement=99 same=1377
[1487/100000] reference-disagreement wide:trailing-closure:raw:real:SyntaxTraits:417 len=125 artifacts=7 advent-overaccept=5 advent-underaccept=2 reference-disagreement=100 same=1380
[1497/100000] advent-overaccept wide:ifconfig:raw:type:testLifetimeSpecifier#1 len=43 artifacts=8 advent-overaccept=6 advent-underaccept=2 reference-disagreement=100 same=1389
[1500/100000] same wide:struct-member:raw:reject:testOperatorDecl12a#1 len=35 artifacts=8 advent-overaccept=6 advent-underaccept=2 reference-disagreement=100 same=1392
[1511/100000] reference-disagreement tspl-divergence-accessor-commitment len=49 artifacts=8 advent-overaccept=6 advent-underaccept=2 reference-disagreement=101 same=1402
[1540/100000] reference-disagreement tspl-divergence-accessor-commitment len=49 artifacts=8 advent-overaccept=6 advent-underaccept=2 reference-disagreement=102 same=1430
[1543/100000] reference-disagreement declaration-modifier-stack len=34 artifacts=8 advent-overaccept=6 advent-underaccept=2 reference-disagreement=103 same=1432
[1546/100000] reference-disagreement wide:closure:block-comment:translated:testOperatorDeclDesignatedTypes14#1 len=85 artifacts=8 advent-overaccept=6 advent-underaccept=2 reference-disagreement=104 same=1434
[1564/100000] reference-disagreement func-body len=458 artifacts=8 advent-overaccept=6 advent-underaccept=2 reference-disagreement=105 same=1451
[1584/100000] reference-disagreement grammarish-member-list len=139 artifacts=8 advent-overaccept=6 advent-underaccept=2 reference-disagreement=106 same=1470
[1586/100000] reference-disagreement wide:struct-member:raw:real:Syntax+StringInterpolation:269 len=253 artifacts=8 advent-overaccept=6 advent-underaccept=2 reference-disagreement=107 same=1471
[1587/100000] reference-disagreement wide:struct-member:block-comment:real:BuildableNodes:292 len=1068 artifacts=8 advent-overaccept=6 advent-underaccept=2 reference-disagreement=108 same=1471
[1591/100000] reference-disagreement wide:closure:raw:real:Attributes:993 len=970 artifacts=8 advent-overaccept=6 advent-underaccept=2 reference-disagreement=109 same=1474
[1597/100000] reference-disagreement wide:struct-member:raw:real:JSONEncoding:244+real:DeclSyntaxParseable:48 len=331 artifacts=8 advent-overaccept=6 advent-underaccept=2 reference-disagreement=110 same=1479
[1656/100000] reference-disagreement grammarish-member-list len=138 artifacts=8 advent-overaccept=6 advent-underaccept=2 reference-disagreement=111 same=1537
[1688/100000] reference-disagreement wide:func-body:raw:real:SyntaxTraits:704 len=150 artifacts=8 advent-overaccept=6 advent-underaccept=2 reference-disagreement=112 same=1568
[1696/100000] reference-disagreement wide:closure:newline:translated:testAvailabilityQuery14#1 len=64 artifacts=8 advent-overaccept=6 advent-underaccept=2 reference-disagreement=113 same=1575
[1750/100000] same wide:ifconfig:duplicate+delete:translated:testEnum77#1 len=124 artifacts=8 advent-overaccept=6 advent-underaccept=2 reference-disagreement=113 same=1629
[1756/100000] reference-disagreement declaration-modifier-stack len=34 artifacts=8 advent-overaccept=6 advent-underaccept=2 reference-disagreement=114 same=1634
[1757/100000] reference-disagreement wide:struct-member:line-comment+space:real:RawSyntax:175 len=350 artifacts=8 advent-overaccept=6 advent-underaccept=2 reference-disagreement=115 same=1634
[1775/100000] reference-disagreement tspl-divergence-protocol-body len=177 artifacts=8 advent-overaccept=6 advent-underaccept=2 reference-disagreement=116 same=1651
[1785/100000] reference-disagreement wide:struct-member:raw:real:SyntaxTraits:854 len=137 artifacts=8 advent-overaccept=6 advent-underaccept=2 reference-disagreement=117 same=1660
[1825/100000] reference-disagreement attribute-ifconfig-elseif-list len=119 artifacts=8 advent-overaccept=6 advent-underaccept=2 reference-disagreement=118 same=1699
[1848/100000] reference-disagreement wide:closure:newline:real:CallToTrailingClosures:181 len=184 artifacts=8 advent-overaccept=6 advent-underaccept=2 reference-disagreement=119 same=1721
[1850/100000] reference-disagreement wide:trailing-closure:newline+space:real:SyntaxExpressibleByStringInterpolationConformances:61 len=78 artifacts=8 advent-overaccept=6 advent-underaccept=2 reference-disagreement=120 same=1722
[1857/100000] reference-disagreement tspl-divergence-protocol-body len=246 artifacts=8 advent-overaccept=6 advent-underaccept=2 reference-disagreement=121 same=1728
[1869/100000] reference-disagreement wide:closure:glue+line-comment+newline:statement:testSwitch#2 len=65 artifacts=8 advent-overaccept=6 advent-underaccept=2 reference-disagreement=122 same=1739
[1876/100000] reference-disagreement wide:trailing-closure:duplicate:phase2-postfix:call-noargs len=24 artifacts=8 advent-overaccept=6 advent-underaccept=2 reference-disagreement=123 same=1745
[1898/100000] reference-disagreement attribute-ifconfig-elseif-list len=104 artifacts=8 advent-overaccept=6 advent-underaccept=2 reference-disagreement=124 same=1766
[1912/100000] reference-disagreement binding-pattern len=458 artifacts=8 advent-overaccept=6 advent-underaccept=2 reference-disagreement=125 same=1779
[1914/100000] reference-disagreement wide:func-body:newline+line-comment:attribute:testTransposeAttribute#2 len=107 artifacts=8 advent-overaccept=6 advent-underaccept=2 reference-disagreement=126 same=1780
[1915/100000] reference-disagreement wide:trailing-closure:block-comment:real:ScopeImplementations:376 len=175 artifacts=8 advent-overaccept=6 advent-underaccept=2 reference-disagreement=127 same=1780
[1931/100000] reference-disagreement wide:closure:line-comment:real:SyntaxTraits:748 len=110 artifacts=8 advent-overaccept=6 advent-underaccept=2 reference-disagreement=128 same=1795
[1942/100000] reference-disagreement keypath-boundary len=38 artifacts=8 advent-overaccept=6 advent-underaccept=2 reference-disagreement=129 same=1805
[1943/100000] reference-disagreement wide:after-statement:newline+splice+space:translated:testSwitch75#1+expression:testBogusCaptureLists#1 len=400 artifacts=8 advent-overaccept=6 advent-underaccept=2 reference-disagreement=130 same=1805
[1990/100000] reference-disagreement wide:trailing-closure:block-comment+block-comment:real:ConvenienceInitializers:111+translated:testCanImportFuncCall#1 len=694 artifacts=8 advent-overaccept=6 advent-underaccept=2 reference-disagreement=131 same=1851
[1992/100000] reference-disagreement wide:func-body:raw:pattern:testNonBinding4#1+real:ResultBuilders:620 len=248 artifacts=8 advent-overaccept=6 advent-underaccept=2 reference-disagreement=132 same=1852
[2000/100000] same expr-let len=26 artifacts=8 advent-overaccept=6 advent-underaccept=2 reference-disagreement=132 same=1860
[2034/100000] reference-disagreement wide:extension-member:raw:real:Trivia:150 len=234 artifacts=8 advent-overaccept=6 advent-underaccept=2 reference-disagreement=133 same=1893
[2040/100000] reference-disagreement wide:trailing-closure:raw:real:SyntaxBaseNodes:1183 len=75 artifacts=8 advent-overaccept=6 advent-underaccept=2 reference-disagreement=134 same=1898
[2043/100000] reference-disagreement wide:top:newline:translated:testEnum54#1+real:LayoutNodes+Parsable:167 len=255 artifacts=8 advent-overaccept=6 advent-underaccept=2 reference-disagreement=135 same=1900
[2121/100000] reference-disagreement wide:struct-member:raw:translated:testOperatorDeclDesignatedTypes16#1+translated:testSemicolon2#1 len=166 artifacts=8 advent-overaccept=6 advent-underaccept=2 reference-disagreement=136 same=1977
[2132/100000] reference-disagreement keypath-boundary len=44 artifacts=8 advent-overaccept=6 advent-underaccept=2 reference-disagreement=137 same=1987
[2218/100000] reference-disagreement tspl-divergence-accessor-commitment len=78 artifacts=8 advent-overaccept=6 advent-underaccept=2 reference-disagreement=138 same=2072
[2238/100000] reference-disagreement wide:extension-member:duplicate+block-comment:real:SyntaxText:198 len=1319 artifacts=8 advent-overaccept=6 advent-underaccept=2 reference-disagreement=139 same=2091
[2250/100000] same init-subscript-boundary len=116 artifacts=8 advent-overaccept=6 advent-underaccept=2 reference-disagreement=139 same=2103
[2291/100000] reference-disagreement wide:closure:raw:real:Parser:937 len=633 artifacts=8 advent-overaccept=6 advent-underaccept=2 reference-disagreement=140 same=2143
[2294/100000] reference-disagreement wide:trailing-closure:glue:real:ConvenienceInitializers:40 len=156 artifacts=8 advent-overaccept=6 advent-underaccept=2 reference-disagreement=141 same=2145
[2319/100000] advent-overaccept wide:before-statement:line-comment+keyword:translated:testSubscripting3#1 len=167 artifacts=9 advent-overaccept=7 advent-underaccept=2 reference-disagreement=141 same=2169
[2327/100000] reference-disagreement wide:func-body:raw:real:SyntaxExtensions:72 len=255 artifacts=9 advent-overaccept=7 advent-underaccept=2 reference-disagreement=142 same=2176
[2331/100000] reference-disagreement wide:func-body:glue+glue:translated:testForwardSlashRegex8#1 len=85 artifacts=9 advent-overaccept=7 advent-underaccept=2 reference-disagreement=143 same=2179
[2344/100000] reference-disagreement declaration-modifier-stack len=34 artifacts=9 advent-overaccept=7 advent-underaccept=2 reference-disagreement=144 same=2191
[2351/100000] reference-disagreement keypath-boundary len=44 artifacts=9 advent-overaccept=7 advent-underaccept=2 reference-disagreement=145 same=2197
[2379/100000] reference-disagreement ifconfig-member-context-boundary len=72 artifacts=9 advent-overaccept=7 advent-underaccept=2 reference-disagreement=146 same=2224
[2402/100000] reference-disagreement wide:func-body:raw:real:LibraryPluginProvider:185 len=172 artifacts=9 advent-overaccept=7 advent-underaccept=2 reference-disagreement=147 same=2246
[2500/100000] same wide:closure:duplicate+block-comment:phase4-precedence:postfix-op len=60 artifacts=9 advent-overaccept=7 advent-underaccept=2 reference-disagreement=147 same=2344
[2517/100000] reference-disagreement attribute-ifconfig-elseif-list len=118 artifacts=9 advent-overaccept=7 advent-underaccept=2 reference-disagreement=148 same=2360
[2518/100000] reference-disagreement wide:after-statement:newline+line-comment:translated:testSwitch20#1 len=59 artifacts=9 advent-overaccept=7 advent-underaccept=2 reference-disagreement=149 same=2360
[2520/100000] reference-disagreement keypath-component-matrix len=40 artifacts=9 advent-overaccept=7 advent-underaccept=2 reference-disagreement=150 same=2361
[2524/100000] reference-disagreement wide:closure:newline+line-comment+line-comment:real:SyntaxExpressibleByStringInterpolationConformances:196 len=104 artifacts=9 advent-overaccept=7 advent-underaccept=2 reference-disagreement=151 same=2364
[2536/100000] reference-disagreement wide:top:raw:translated:testDeinitInSwiftinterfaceIsFollowedByFinalFunc#1+phase2-postfix:force-unwrap len=52 artifacts=9 advent-overaccept=7 advent-underaccept=2 reference-disagreement=152 same=2375
[2540/100000] advent-overaccept wide:func-body:splice+line-comment+delete:declaration:testProtocolParsing#2 len=34 artifacts=10 advent-overaccept=8 advent-underaccept=2 reference-disagreement=152 same=2378
[2560/100000] reference-disagreement wide:extension-member:raw:real:Statements:123 len=788 artifacts=10 advent-overaccept=8 advent-underaccept=2 reference-disagreement=153 same=2397
[2583/100000] reference-disagreement wide:trailing-closure:newline:real:SyntaxTraits:120 len=670 artifacts=10 advent-overaccept=8 advent-underaccept=2 reference-disagreement=154 same=2419
[2643/100000] reference-disagreement keypath-component-matrix len=31 artifacts=10 advent-overaccept=8 advent-underaccept=2 reference-disagreement=155 same=2478
[2653/100000] reference-disagreement keypath-component-matrix len=44 artifacts=10 advent-overaccept=8 advent-underaccept=2 reference-disagreement=156 same=2487
[2699/100000] reference-disagreement statement-list len=652 artifacts=10 advent-overaccept=8 advent-underaccept=2 reference-disagreement=157 same=2532
[2719/100000] reference-disagreement wide:closure:line-comment:real:ResultBuilders:232 len=214 artifacts=10 advent-overaccept=8 advent-underaccept=2 reference-disagreement=158 same=2551
[2730/100000] reference-disagreement wide:ifconfig:newline:translated:testDiagnoseAvailability7#1 len=108 artifacts=10 advent-overaccept=8 advent-underaccept=2 reference-disagreement=159 same=2561
[2750/100000] same wide:trailing-closure:duplicate:reject:testRecovery148#1+translated:testEnum9#1 len=90 artifacts=10 advent-overaccept=8 advent-underaccept=2 reference-disagreement=159 same=2581
[2753/100000] reference-disagreement wide:after-statement:line-comment:declaration:testBorrowingConsumingParameterSpecifiers#12+translated:testOperatorDecl21#1 len=138 artifacts=10 advent-overaccept=8 advent-underaccept=2 reference-disagreement=160 same=2583
[2764/100000] reference-disagreement wide:trailing-closure:raw:real:SyntaxTraits:607 len=129 artifacts=10 advent-overaccept=8 advent-underaccept=2 reference-disagreement=161 same=2593
[2766/100000] reference-disagreement member-list-wide-boundary len=253 artifacts=10 advent-overaccept=8 advent-underaccept=2 reference-disagreement=162 same=2594
[2776/100000] reference-disagreement cast-try-operator-cluster len=24 artifacts=10 advent-overaccept=8 advent-underaccept=2 reference-disagreement=163 same=2603
[2782/100000] reference-disagreement tspl-divergence-accessor-commitment len=78 artifacts=10 advent-overaccept=8 advent-underaccept=2 reference-disagreement=164 same=2608
[2790/100000] reference-disagreement attribute-boundary len=43 artifacts=10 advent-overaccept=8 advent-underaccept=2 reference-disagreement=165 same=2615
[2803/100000] reference-disagreement wide:ifconfig:glue+delete:translated:testInitDeinit5a#1 len=51 artifacts=10 advent-overaccept=8 advent-underaccept=2 reference-disagreement=166 same=2627
[2804/100000] reference-disagreement wide:struct-member:glue+newline+delete:real:Syntax+StringInterpolation:498 len=818 artifacts=10 advent-overaccept=8 advent-underaccept=2 reference-disagreement=167 same=2627
[2806/100000] reference-disagreement tspl-divergence-protocol-body len=135 artifacts=10 advent-overaccept=8 advent-underaccept=2 reference-disagreement=168 same=2628
[2812/100000] reference-disagreement wide:func-body:newline:real:SyntaxCollections:853 len=503 artifacts=10 advent-overaccept=8 advent-underaccept=2 reference-disagreement=169 same=2633
[2823/100000] reference-disagreement wide:trailing-closure:raw:real:Syntax+StringInterpolation:320 len=55 artifacts=10 advent-overaccept=8 advent-underaccept=2 reference-disagreement=170 same=2643
[2831/100000] reference-disagreement wide:trailing-closure:glue+splice:declaration:testInitAccessor#3+real:LayoutNodes+Parsable:167 len=289 artifacts=10 advent-overaccept=8 advent-underaccept=2 reference-disagreement=171 same=2650
[2840/100000] reference-disagreement wide:func-body:newline:real:SyntaxExpressibleByStringInterpolationConformances:247 len=89 artifacts=10 advent-overaccept=8 advent-underaccept=2 reference-disagreement=172 same=2658
[2872/100000] reference-disagreement nested-ifconfig-boundary len=146 artifacts=10 advent-overaccept=8 advent-underaccept=2 reference-disagreement=173 same=2689
[2938/100000] reference-disagreement tspl-divergence-protocol-body len=193 artifacts=10 advent-overaccept=8 advent-underaccept=2 reference-disagreement=174 same=2754
[2952/100000] reference-disagreement statement-list len=664 artifacts=10 advent-overaccept=8 advent-underaccept=2 reference-disagreement=175 same=2767
[2966/100000] reference-disagreement tspl-divergence-protocol-body len=173 artifacts=10 advent-overaccept=8 advent-underaccept=2 reference-disagreement=176 same=2780
[2983/100000] reference-disagreement wide:trailing-closure:newline+newline+keyword:phase2-literal:dict-two+real:WarningControlRegions:18 len=488 artifacts=10 advent-overaccept=8 advent-underaccept=2 reference-disagreement=177 same=2796
[2990/100000] reference-disagreement wide:extension-member:newline+line-comment:attribute:testMacroRoleNames#5 len=89 artifacts=10 advent-overaccept=8 advent-underaccept=2 reference-disagreement=178 same=2802
[3000/100000] same regex-trivia-boundary len=85 artifacts=10 advent-overaccept=8 advent-underaccept=2 reference-disagreement=178 same=2812
[3031/100000] reference-disagreement wide:func-body:raw:real:SyntaxText:250+type:testInverseTypesAsExpr#3 len=301 artifacts=10 advent-overaccept=8 advent-underaccept=2 reference-disagreement=179 same=2842
[3039/100000] reference-disagreement wide:trailing-closure:raw:real:BinarySubtreeRepresentation:25 len=344 artifacts=10 advent-overaccept=8 advent-underaccept=2 reference-disagreement=180 same=2849
[3054/100000] reference-disagreement wide:closure:block-comment:real:SyntaxNodeWithBody:209 len=83 artifacts=10 advent-overaccept=8 advent-underaccept=2 reference-disagreement=181 same=2863
[3080/100000] reference-disagreement statement-list len=639 artifacts=10 advent-overaccept=8 advent-underaccept=2 reference-disagreement=182 same=2888
[3125/100000] reference-disagreement attribute-boundary len=99 artifacts=10 advent-overaccept=8 advent-underaccept=2 reference-disagreement=183 same=2932
[3127/100000] reference-disagreement attribute-boundary len=52 artifacts=10 advent-overaccept=8 advent-underaccept=2 reference-disagreement=184 same=2933
[3147/100000] reference-disagreement tspl-divergence-protocol-body len=101 artifacts=10 advent-overaccept=8 advent-underaccept=2 reference-disagreement=185 same=2952
[3163/100000] reference-disagreement wide:extension-member:raw:translated:testTry10#1+translated:testDeprecatedWhere4#1 len=536 artifacts=10 advent-overaccept=8 advent-underaccept=2 reference-disagreement=186 same=2967
[3182/100000] reference-disagreement wide:closure:space:attribute:testDerivativeAttribute#4+translated:testTypeExpr16#1 len=281 artifacts=10 advent-overaccept=8 advent-underaccept=2 reference-disagreement=187 same=2985
[3190/100000] reference-disagreement wide:ifconfig:duplicate:real:ParserDiagnosticMessages:505+real:MacroExpansion:27 len=583 artifacts=10 advent-overaccept=8 advent-underaccept=2 reference-disagreement=188 same=2992
[3195/100000] reference-disagreement wide:func-body:raw:real:ResultBuilders:345 len=134 artifacts=10 advent-overaccept=8 advent-underaccept=2 reference-disagreement=189 same=2996
[3206/100000] reference-disagreement statement-list len=574 artifacts=10 advent-overaccept=8 advent-underaccept=2 reference-disagreement=190 same=3006
[3211/100000] reference-disagreement binding-pattern len=458 artifacts=10 advent-overaccept=8 advent-underaccept=2 reference-disagreement=191 same=3010
[3250/100000] same wide:before-statement:delete:real:Syntax+StringInterpolation:498 len=1002 artifacts=10 advent-overaccept=8 advent-underaccept=2 reference-disagreement=191 same=3049
[3253/100000] reference-disagreement wide:before-statement:line-comment:translated:testInitDeinit20#1 len=80 artifacts=10 advent-overaccept=8 advent-underaccept=2 reference-disagreement=192 same=3051
[3255/100000] reference-disagreement nested-ifconfig-boundary len=117 artifacts=10 advent-overaccept=8 advent-underaccept=2 reference-disagreement=193 same=3052
[3291/100000] reference-disagreement wide:extension-member:block-comment+line-comment:real:ScopeImplementations:91 len=937 artifacts=10 advent-overaccept=8 advent-underaccept=2 reference-disagreement=194 same=3087
[3294/100000] reference-disagreement wide:top:block-comment:attribute:testBackDeployed#6+type:testInverseTypesAsExpr#1 len=143 artifacts=10 advent-overaccept=8 advent-underaccept=2 reference-disagreement=195 same=3089
[3322/100000] reference-disagreement member-list-wide-boundary len=158 artifacts=10 advent-overaccept=8 advent-underaccept=2 reference-disagreement=196 same=3116
[3336/100000] reference-disagreement wide:closure:splice+space:real:LayoutNodes+Parsable:239 len=839 artifacts=10 advent-overaccept=8 advent-underaccept=2 reference-disagreement=197 same=3129
[3339/100000] reference-disagreement attribute-ifconfig-elseif-list len=133 artifacts=10 advent-overaccept=8 advent-underaccept=2 reference-disagreement=198 same=3131
[3349/100000] advent-overaccept wide:func-body:raw:statement:testReturn#1+translated:testForwardSlashRegexSkipping35#1 len=50 artifacts=11 advent-overaccept=9 advent-underaccept=2 reference-disagreement=198 same=3140
[3350/100000] reference-disagreement wide:trailing-closure:newline+line-comment:real:LexerDiagnosticMessages:30 len=291 artifacts=11 advent-overaccept=9 advent-underaccept=2 reference-disagreement=199 same=3140
[3352/100000] reference-disagreement wide:func-body:raw:real:String+TrimmingTrailingWhitespace:13 len=266 artifacts=11 advent-overaccept=9 advent-underaccept=2 reference-disagreement=200 same=3141
[3370/100000] reference-disagreement wide:func-body:raw:real:Statements:815 len=597 artifacts=11 advent-overaccept=9 advent-underaccept=2 reference-disagreement=201 same=3158
[3386/100000] reference-disagreement declaration-modifier-stack len=34 artifacts=11 advent-overaccept=9 advent-underaccept=2 reference-disagreement=202 same=3173
[3414/100000] reference-disagreement attribute-ifconfig-elseif-list len=124 artifacts=11 advent-overaccept=9 advent-underaccept=2 reference-disagreement=203 same=3200
[3421/100000] reference-disagreement grammarish-member-list len=296 artifacts=11 advent-overaccept=9 advent-underaccept=2 reference-disagreement=204 same=3206
[3423/100000] reference-disagreement tspl-divergence-accessor-commitment len=49 artifacts=11 advent-overaccept=9 advent-underaccept=2 reference-disagreement=205 same=3207
[3424/100000] reference-disagreement wide:ifconfig:splice+space+space:declaration:testAttributedMacroExpansionDeclaration#8 len=56 artifacts=11 advent-overaccept=9 advent-underaccept=2 reference-disagreement=206 same=3207
[3432/100000] reference-disagreement attribute-ifconfig-elseif-list len=121 artifacts=11 advent-overaccept=9 advent-underaccept=2 reference-disagreement=207 same=3214
[3443/100000] reference-disagreement wide:struct-member:raw:real:InferIndentation:127+translated:testInitDeinit13#1 len=158 artifacts=11 advent-overaccept=9 advent-underaccept=2 reference-disagreement=208 same=3224
[3451/100000] reference-disagreement wide:trailing-closure:space+newline:real:Cursor:409 len=346 artifacts=11 advent-overaccept=9 advent-underaccept=2 reference-disagreement=209 same=3231
[3463/100000] reference-disagreement grammarish-member-list len=332 artifacts=11 advent-overaccept=9 advent-underaccept=2 reference-disagreement=210 same=3242
[3482/100000] reference-disagreement tspl-divergence-protocol-body len=216 artifacts=11 advent-overaccept=9 advent-underaccept=2 reference-disagreement=211 same=3260
[3495/100000] reference-disagreement wide:trailing-closure:glue:real:RawSyntaxArena:245 len=390 artifacts=11 advent-overaccept=9 advent-underaccept=2 reference-disagreement=212 same=3272
[3500/100000] same frontier:generic-member-type-shape len=264 artifacts=11 advent-overaccept=9 advent-underaccept=2 reference-disagreement=212 same=3277
[3502/100000] reference-disagreement wide:closure:raw:real:SwiftSyntaxCompatibility:238 len=147 artifacts=11 advent-overaccept=9 advent-underaccept=2 reference-disagreement=213 same=3278
[3558/100000] reference-disagreement statement-list len=606 artifacts=11 advent-overaccept=9 advent-underaccept=2 reference-disagreement=214 same=3333
[3576/100000] reference-disagreement wide:ifconfig:delete+space+block-comment:translated:testDeprecatedWhere4#1 len=448 artifacts=11 advent-overaccept=9 advent-underaccept=2 reference-disagreement=215 same=3350
[3603/100000] reference-disagreement wide:closure:raw:declaration:testOperators#2 len=296 artifacts=11 advent-overaccept=9 advent-underaccept=2 reference-disagreement=216 same=3376
[3634/100000] reference-disagreement statement-list len=600 artifacts=11 advent-overaccept=9 advent-underaccept=2 reference-disagreement=217 same=3406
[3655/100000] reference-disagreement attribute-boundary len=37 artifacts=11 advent-overaccept=9 advent-underaccept=2 reference-disagreement=218 same=3426
[3657/100000] reference-disagreement wide:closure:block-comment+newline:translated:testEnum70#1 len=132 artifacts=11 advent-overaccept=9 advent-underaccept=2 reference-disagreement=219 same=3427
[3691/100000] reference-disagreement keypath-boundary len=33 artifacts=11 advent-overaccept=9 advent-underaccept=2 reference-disagreement=220 same=3460
[3696/100000] advent-overaccept wide:trailing-closure:block-comment:declaration:testUsing#1 len=34 artifacts=12 advent-overaccept=10 advent-underaccept=2 reference-disagreement=220 same=3464
[3709/100000] reference-disagreement grammarish-member-list len=222 artifacts=12 advent-overaccept=10 advent-underaccept=2 reference-disagreement=221 same=3476
[3714/100000] reference-disagreement wide:extension-member:delete+newline+line-comment:real:CallLikeSyntax:28 len=87 artifacts=12 advent-overaccept=10 advent-underaccept=2 reference-disagreement=222 same=3480
[3721/100000] reference-disagreement wide:extension-member:keyword:real:SyntaxEditUtils:22 len=162 artifacts=12 advent-overaccept=10 advent-underaccept=2 reference-disagreement=223 same=3486
[3736/100000] reference-disagreement wide:closure:raw:real:ConfiguredRegions:112 len=759 artifacts=12 advent-overaccept=10 advent-underaccept=2 reference-disagreement=224 same=3500
[3744/100000] reference-disagreement seed-corpus-structural-splice:preconcurrency-import len=80 artifacts=12 advent-overaccept=10 advent-underaccept=2 reference-disagreement=225 same=3507
[3750/100000] reference-disagreement cast-try-operator-cluster len=24 artifacts=12 advent-overaccept=10 advent-underaccept=2 reference-disagreement=226 same=3512
[3756/100000] reference-disagreement wide:trailing-closure:raw:real:ResultBuilders:98+real:CompilerPluginMessageHandler:144 len=634 artifacts=12 advent-overaccept=10 advent-underaccept=2 reference-disagreement=227 same=3517
[3764/100000] reference-disagreement wide:trailing-closure:raw:attribute:testMacroRoleNames#1+real:MissingNodeInitializers:92 len=280 artifacts=12 advent-overaccept=10 advent-underaccept=2 reference-disagreement=228 same=3524
[3772/100000] reference-disagreement member-list-wide-boundary len=262 artifacts=12 advent-overaccept=10 advent-underaccept=2 reference-disagreement=229 same=3531
[3786/100000] reference-disagreement grammarish-member-list len=195 artifacts=12 advent-overaccept=10 advent-underaccept=2 reference-disagreement=230 same=3544
[3807/100000] reference-disagreement wide:func-body:line-comment+newline:translated:testSwitch73#1 len=121 artifacts=12 advent-overaccept=10 advent-underaccept=2 reference-disagreement=231 same=3564
[3817/100000] reference-disagreement tspl-divergence-protocol-body len=193 artifacts=12 advent-overaccept=10 advent-underaccept=2 reference-disagreement=232 same=3573
[3824/100000] reference-disagreement wide:func-body:newline+newline+newline:real:SyntaxBaseNodes:278 len=83 artifacts=12 advent-overaccept=10 advent-underaccept=2 reference-disagreement=233 same=3579
[3833/100000] advent-underaccept wide:top:splice+splice:translated:testForwardSlashRegexSkipping51#1 len=30 artifacts=13 advent-overaccept=10 advent-underaccept=3 reference-disagreement=233 same=3587
[3842/100000] reference-disagreement statement-list len=623 artifacts=13 advent-overaccept=10 advent-underaccept=3 reference-disagreement=234 same=3595
[3855/100000] reference-disagreement binding-pattern len=458 artifacts=13 advent-overaccept=10 advent-underaccept=3 reference-disagreement=235 same=3607
[3873/100000] reference-disagreement wide:trailing-closure:newline:real:SyntaxClassifier:19 len=472 artifacts=13 advent-overaccept=10 advent-underaccept=3 reference-disagreement=236 same=3624
[3876/100000] reference-disagreement member-list-wide-boundary len=148 artifacts=13 advent-overaccept=10 advent-underaccept=3 reference-disagreement=237 same=3626
[3908/100000] reference-disagreement tspl-divergence-accessor-commitment len=78 artifacts=13 advent-overaccept=10 advent-underaccept=3 reference-disagreement=238 same=3657
[3914/100000] reference-disagreement binding-pattern len=458 artifacts=13 advent-overaccept=10 advent-underaccept=3 reference-disagreement=239 same=3662
[3927/100000] reference-disagreement statement-list len=679 artifacts=13 advent-overaccept=10 advent-underaccept=3 reference-disagreement=240 same=3674
[3935/100000] reference-disagreement wide:func-body:line-comment:real:SyntaxEnum:1190 len=381 artifacts=13 advent-overaccept=10 advent-underaccept=3 reference-disagreement=241 same=3681
[3940/100000] reference-disagreement attribute-boundary len=41 artifacts=13 advent-overaccept=10 advent-underaccept=3 reference-disagreement=242 same=3685
[3941/100000] reference-disagreement wide:func-body:newline:real:SyntaxTraits:852 len=65 artifacts=13 advent-overaccept=10 advent-underaccept=3 reference-disagreement=243 same=3685
[3947/100000] reference-disagreement wide:closure:raw:real:Attributes:839 len=532 artifacts=13 advent-overaccept=10 advent-underaccept=3 reference-disagreement=244 same=3690
[3949/100000] reference-disagreement grammarish-member-list len=448 artifacts=13 advent-overaccept=10 advent-underaccept=3 reference-disagreement=245 same=3691
[3950/100000] reference-disagreement wide:struct-member:block-comment:real:SyntaxProtocol+Initializer:84 len=561 artifacts=13 advent-overaccept=10 advent-underaccept=3 reference-disagreement=246 same=3691
[3960/100000] reference-disagreement member-list-wide-boundary len=243 artifacts=13 advent-overaccept=10 advent-underaccept=3 reference-disagreement=247 same=3700
[3965/100000] reference-disagreement tspl-divergence-protocol-body len=262 artifacts=13 advent-overaccept=10 advent-underaccept=3 reference-disagreement=248 same=3704
[3970/100000] reference-disagreement grammarish-member-list len=368 artifacts=13 advent-overaccept=10 advent-underaccept=3 reference-disagreement=249 same=3708
[3971/100000] reference-disagreement wide:func-body:newline:real:IndentationUtils:77 len=778 artifacts=13 advent-overaccept=10 advent-underaccept=3 reference-disagreement=250 same=3708
[3983/100000] reference-disagreement member-list-wide-boundary len=268 artifacts=13 advent-overaccept=10 advent-underaccept=3 reference-disagreement=251 same=3719
[3997/100000] reference-disagreement tspl-divergence-protocol-body len=125 artifacts=13 advent-overaccept=10 advent-underaccept=3 reference-disagreement=252 same=3732
[4000/100000] same statement-control-boundary len=478 artifacts=13 advent-overaccept=10 advent-underaccept=3 reference-disagreement=252 same=3735
[4040/100000] reference-disagreement declaration-modifier-stack len=34 artifacts=13 advent-overaccept=10 advent-underaccept=3 reference-disagreement=253 same=3774
[4043/100000] reference-disagreement wide:struct-member:space:attribute:testABIAttribute#3 len=39 artifacts=13 advent-overaccept=10 advent-underaccept=3 reference-disagreement=254 same=3776
[4050/100000] reference-disagreement attribute-ifconfig-elseif-list len=122 artifacts=13 advent-overaccept=10 advent-underaccept=3 reference-disagreement=255 same=3782
[4054/100000] reference-disagreement tspl-divergence-protocol-body len=89 artifacts=13 advent-overaccept=10 advent-underaccept=3 reference-disagreement=256 same=3785
[4079/100000] reference-disagreement wide:after-statement:raw:translated:testPatternWithoutVariables6#1 len=108 artifacts=13 advent-overaccept=10 advent-underaccept=3 reference-disagreement=257 same=3809
[4128/100000] reference-disagreement wide:struct-member:newline+keyword:real:BuildableNodes:767 len=1066 artifacts=13 advent-overaccept=10 advent-underaccept=3 reference-disagreement=258 same=3857
[4141/100000] reference-disagreement wide:extension-member:newline:reject:testInitAccessorsWithDefaultValues#1 len=132 artifacts=13 advent-overaccept=10 advent-underaccept=3 reference-disagreement=259 same=3869
[4148/100000] reference-disagreement wide:closure:block-comment:real:ResultBuilders:680 len=210 artifacts=13 advent-overaccept=10 advent-underaccept=3 reference-disagreement=260 same=3875
[4163/100000] reference-disagreement wide:trailing-closure:line-comment+space+newline:translated:testOperators5#1 len=52 artifacts=13 advent-overaccept=10 advent-underaccept=3 reference-disagreement=261 same=3889
[4178/100000] reference-disagreement wide:trailing-closure:raw:real:NameMatcher:418 len=397 artifacts=13 advent-overaccept=10 advent-underaccept=3 reference-disagreement=262 same=3903
[4180/100000] reference-disagreement wide:trailing-closure:raw:real:ConvenienceInitializers:397 len=791 artifacts=13 advent-overaccept=10 advent-underaccept=3 reference-disagreement=263 same=3904
[4181/100000] reference-disagreement wide:extension-member:raw:translated:testForwardSlashRegex9#1 len=86 artifacts=13 advent-overaccept=10 advent-underaccept=3 reference-disagreement=264 same=3904
[4182/100000] reference-disagreement wide:func-body:line-comment:declaration:testConstAsArgumentLabel#1+translated:testSwitch33#1 len=154 artifacts=13 advent-overaccept=10 advent-underaccept=3 reference-disagreement=265 same=3904
[4187/100000] reference-disagreement wide:trailing-closure:raw:real:AccessorMacro:20 len=414 artifacts=13 advent-overaccept=10 advent-underaccept=3 reference-disagreement=266 same=3908
[4190/100000] reference-disagreement wide:closure:newline:translated:testOperatorDecl3#1 len=47 artifacts=13 advent-overaccept=10 advent-underaccept=3 reference-disagreement=267 same=3910
[4202/100000] reference-disagreement wide:trailing-closure:newline+glue:real:LayoutNodes+Parsable:119 len=197 artifacts=13 advent-overaccept=10 advent-underaccept=3 reference-disagreement=268 same=3921
[4240/100000] reference-disagreement wide:ifconfig:raw:translated:testEnumCaseWithWildcardAsFirstName#2 len=44 artifacts=13 advent-overaccept=10 advent-underaccept=3 reference-disagreement=269 same=3958
[4244/100000] reference-disagreement wide:extension-member:raw:real:ResultBuilders:297 len=205 artifacts=13 advent-overaccept=10 advent-underaccept=3 reference-disagreement=270 same=3961
[4247/100000] reference-disagreement wide:trailing-closure:raw:declaration:testParseSpecializeAttribute#3 len=183 artifacts=13 advent-overaccept=10 advent-underaccept=3 reference-disagreement=271 same=3963
[4250/100000] same wide:before-statement:delete+splice+line-comment:translated:testEscapedIdentifiers8#1+translated:testForLoop#1 len=108 artifacts=13 advent-overaccept=10 advent-underaccept=3 reference-disagreement=271 same=3966
[4253/100000] reference-disagreement grammarish-member-list len=213 artifacts=13 advent-overaccept=10 advent-underaccept=3 reference-disagreement=272 same=3968
[4306/100000] reference-disagreement attribute-boundary len=45 artifacts=13 advent-overaccept=10 advent-underaccept=3 reference-disagreement=273 same=4020
[4311/100000] reference-disagreement keypath-boundary len=44 artifacts=13 advent-overaccept=10 advent-underaccept=3 reference-disagreement=274 same=4024
[4315/100000] reference-disagreement member-list-wide-boundary len=285 artifacts=13 advent-overaccept=10 advent-underaccept=3 reference-disagreement=275 same=4027
[4319/100000] reference-disagreement wide:top:line-comment+block-comment:translated:testEnum14#1 len=95 artifacts=13 advent-overaccept=10 advent-underaccept=3 reference-disagreement=276 same=4030
[4341/100000] reference-disagreement wide:struct-member:newline+newline:real:SyntaxTraits:686 len=74 artifacts=13 advent-overaccept=10 advent-underaccept=3 reference-disagreement=277 same=4051
[4355/100000] reference-disagreement attribute-ifconfig-elseif-list len=121 artifacts=13 advent-overaccept=10 advent-underaccept=3 reference-disagreement=278 same=4064
[4371/100000] reference-disagreement wide:extension-member:block-comment:real:SyntaxExpressibleByStringInterpolationConformances:238+real:ChildNameForDiagnostics:385 len=286 artifacts=13 advent-overaccept=10 advent-underaccept=3 reference-disagreement=279 same=4079
[4440/100000] reference-disagreement wide:extension-member:raw:declaration:testFuncParsing#5+real:SwiftSyntaxCompatibility:813 len=264 artifacts=13 advent-overaccept=10 advent-underaccept=3 reference-disagreement=280 same=4147
[4461/100000] reference-disagreement wide:ifconfig:glue+newline+keyword:expression:testKeyPathMethodAndInitializers#1 len=30 artifacts=13 advent-overaccept=10 advent-underaccept=3 reference-disagreement=281 same=4167
[4475/100000] reference-disagreement binding-pattern len=458 artifacts=13 advent-overaccept=10 advent-underaccept=3 reference-disagreement=282 same=4180
[4500/100000] same wide:ifconfig:swap+space+delete:real:DeclSyntaxParseable:49 len=63 artifacts=13 advent-overaccept=10 advent-underaccept=3 reference-disagreement=282 same=4205
[4511/100000] reference-disagreement wide:after-statement:splice:translated:testOriginalDefinedInAttr3#1 len=91 artifacts=13 advent-overaccept=10 advent-underaccept=3 reference-disagreement=283 same=4215
[4520/100000] reference-disagreement wide:extension-member:newline+space:attribute:testSpiAttributeWithoutParameter#1 len=41 artifacts=13 advent-overaccept=10 advent-underaccept=3 reference-disagreement=284 same=4223
[4552/100000] reference-disagreement wide:func-body:keyword:real:MissingNodeInitializers:119 len=228 artifacts=13 advent-overaccept=10 advent-underaccept=3 reference-disagreement=285 same=4254
[4556/100000] reference-disagreement attribute-ifconfig-elseif-list len=103 artifacts=13 advent-overaccept=10 advent-underaccept=3 reference-disagreement=286 same=4257
[4571/100000] reference-disagreement wide:extension-member:glue+duplicate:phase4-string:multiline-blank len=47 artifacts=13 advent-overaccept=10 advent-underaccept=3 reference-disagreement=287 same=4271
[4575/100000] reference-disagreement wide:trailing-closure:raw:real:StringLiterals:765 len=164 artifacts=13 advent-overaccept=10 advent-underaccept=3 reference-disagreement=288 same=4274
[4596/100000] reference-disagreement tspl-divergence-accessor-commitment len=49 artifacts=13 advent-overaccept=10 advent-underaccept=3 reference-disagreement=289 same=4294
[4605/100000] advent-overaccept wide:func-body:newline:translated:testOperatorDeclDesignatedTypes19#1 len=60 artifacts=14 advent-overaccept=11 advent-underaccept=3 reference-disagreement=289 same=4302
[4615/100000] reference-disagreement wide:closure:block-comment+newline:attribute:testABIAttribute#7+translated:testModuleSelectorExpr#17 len=112 artifacts=14 advent-overaccept=11 advent-underaccept=3 reference-disagreement=290 same=4311
[4637/100000] reference-disagreement wide:top:raw:translated:testSwitch46#1 len=89 artifacts=14 advent-overaccept=11 advent-underaccept=3 reference-disagreement=291 same=4332
[4641/100000] reference-disagreement wide:after-statement:space:statement:testTypedThrows#3 len=48 artifacts=14 advent-overaccept=11 advent-underaccept=3 reference-disagreement=292 same=4335
[4651/100000] reference-disagreement func-body len=458 artifacts=14 advent-overaccept=11 advent-underaccept=3 reference-disagreement=293 same=4344
[4661/100000] reference-disagreement tspl-divergence-accessor-commitment len=78 artifacts=14 advent-overaccept=11 advent-underaccept=3 reference-disagreement=294 same=4353
[4671/100000] reference-disagreement member-list-wide-boundary len=215 artifacts=14 advent-overaccept=11 advent-underaccept=3 reference-disagreement=295 same=4362
[4705/100000] reference-disagreement attribute-ifconfig-elseif-list len=112 artifacts=14 advent-overaccept=11 advent-underaccept=3 reference-disagreement=296 same=4395
[4734/100000] reference-disagreement cast-try-operator-cluster len=24 artifacts=14 advent-overaccept=11 advent-underaccept=3 reference-disagreement=297 same=4423
[4750/100000] same accessor-effect-boundary len=106 artifacts=14 advent-overaccept=11 advent-underaccept=3 reference-disagreement=297 same=4439
[4771/100000] reference-disagreement nested-ifconfig-boundary len=113 artifacts=14 advent-overaccept=11 advent-underaccept=3 reference-disagreement=298 same=4459
[4799/100000] reference-disagreement wide:ifconfig:raw:translated:testSwitch47#1+real:Convenience:44 len=621 artifacts=14 advent-overaccept=11 advent-underaccept=3 reference-disagreement=299 same=4486
[4819/100000] reference-disagreement expr-let len=25 artifacts=14 advent-overaccept=11 advent-underaccept=3 reference-disagreement=300 same=4505
[4820/100000] reference-disagreement member-list-wide-boundary len=242 artifacts=14 advent-overaccept=11 advent-underaccept=3 reference-disagreement=301 same=4505
[4825/100000] reference-disagreement wide:closure:space+newline:real:BuildableNodes:1414 len=1033 artifacts=14 advent-overaccept=11 advent-underaccept=3 reference-disagreement=302 same=4509
[4832/100000] reference-disagreement wide:trailing-closure:raw:real:ResultBuilders:463 len=155 artifacts=14 advent-overaccept=11 advent-underaccept=3 reference-disagreement=303 same=4515
[4839/100000] reference-disagreement statement-list len=586 artifacts=14 advent-overaccept=11 advent-underaccept=3 reference-disagreement=304 same=4521
[4848/100000] reference-disagreement tspl-divergence-protocol-body len=167 artifacts=14 advent-overaccept=11 advent-underaccept=3 reference-disagreement=305 same=4529
[4855/100000] reference-disagreement wide:extension-member:line-comment:reject:testMacroRoleNames#1 len=73 artifacts=14 advent-overaccept=11 advent-underaccept=3 reference-disagreement=306 same=4535
[4863/100000] reference-disagreement wide:func-body:block-comment+newline:expression:testKeyPathFollowedByOperator#2 len=36 artifacts=14 advent-overaccept=11 advent-underaccept=3 reference-disagreement=307 same=4542
[4885/100000] reference-disagreement wide:func-body:line-comment+newline+newline:real:SyntaxNodeWithBody:34 len=242 artifacts=14 advent-overaccept=11 advent-underaccept=3 reference-disagreement=308 same=4563
[4898/100000] reference-disagreement attribute-ifconfig-elseif-list len=131 artifacts=14 advent-overaccept=11 advent-underaccept=3 reference-disagreement=309 same=4575
[4924/100000] reference-disagreement wide:closure:raw:translated:testDeinitAsync#1 len=72 artifacts=14 advent-overaccept=11 advent-underaccept=3 reference-disagreement=310 same=4600
[4948/100000] reference-disagreement wide:trailing-closure:duplicate+keyword+glue:translated:testEscapedIdentifiers3#1 len=31 artifacts=14 advent-overaccept=11 advent-underaccept=3 reference-disagreement=311 same=4623
[5000/100000] same frontier:generic-member-type-shape len=304 artifacts=14 advent-overaccept=11 advent-underaccept=3 reference-disagreement=311 same=4675
[5019/100000] reference-disagreement wide:closure:raw:real:LookupResult:124 len=212 artifacts=14 advent-overaccept=11 advent-underaccept=3 reference-disagreement=312 same=4693
[5045/100000] reference-disagreement attribute-ifconfig-elseif-list len=115 artifacts=14 advent-overaccept=11 advent-underaccept=3 reference-disagreement=313 same=4718
[5060/100000] reference-disagreement tspl-divergence-protocol-body len=159 artifacts=14 advent-overaccept=11 advent-underaccept=3 reference-disagreement=314 same=4732
[5078/100000] reference-disagreement binding-pattern len=458 artifacts=14 advent-overaccept=11 advent-underaccept=3 reference-disagreement=315 same=4749
[5082/100000] reference-disagreement member-list-wide-boundary len=298 artifacts=14 advent-overaccept=11 advent-underaccept=3 reference-disagreement=316 same=4752
[5099/100000] reference-disagreement wide:closure:splice+glue+space:declaration:testUsing#2 len=39 artifacts=14 advent-overaccept=11 advent-underaccept=3 reference-disagreement=317 same=4768
[5102/100000] reference-disagreement wide:top:raw:translated:testDeprecatedWhere5#1 len=266 artifacts=14 advent-overaccept=11 advent-underaccept=3 reference-disagreement=318 same=4770
[5124/100000] reference-disagreement declaration-modifier-stack len=34 artifacts=14 advent-overaccept=11 advent-underaccept=3 reference-disagreement=319 same=4791
[5155/100000] reference-disagreement wide:extension-member:duplicate:real:SyntaxTraits:680 len=66 artifacts=14 advent-overaccept=11 advent-underaccept=3 reference-disagreement=320 same=4821
[5171/100000] reference-disagreement wide:func-body:raw:real:SyntaxTraits:816 len=79 artifacts=14 advent-overaccept=11 advent-underaccept=3 reference-disagreement=321 same=4836
[5184/100000] reference-disagreement tspl-divergence-accessor-commitment len=49 artifacts=14 advent-overaccept=11 advent-underaccept=3 reference-disagreement=322 same=4848
[5189/100000] reference-disagreement tspl-divergence-protocol-body len=89 artifacts=14 advent-overaccept=11 advent-underaccept=3 reference-disagreement=323 same=4852
[5199/100000] reference-disagreement wide:closure:raw:real:SwiftSyntaxCompatibility:238 len=147 artifacts=14 advent-overaccept=11 advent-underaccept=3 reference-disagreement=324 same=4861
[5203/100000] reference-disagreement keypath-boundary len=44 artifacts=14 advent-overaccept=11 advent-underaccept=3 reference-disagreement=325 same=4864
[5213/100000] reference-disagreement grammarish-member-list len=367 artifacts=14 advent-overaccept=11 advent-underaccept=3 reference-disagreement=326 same=4873
[5250/100000] same wide:top:raw:real:SyntaxExpressibleByStringInterpolationConformances:43 len=71 artifacts=14 advent-overaccept=11 advent-underaccept=3 reference-disagreement=326 same=4910
[5270/100000] reference-disagreement tspl-divergence-accessor-commitment len=49 artifacts=14 advent-overaccept=11 advent-underaccept=3 reference-disagreement=327 same=4929
[5278/100000] reference-disagreement wide:closure:keyword:real:ScannerTelemetry:21+real:ConvenienceInitializers:23 len=1215 artifacts=14 advent-overaccept=11 advent-underaccept=3 reference-disagreement=328 same=4936
[5281/100000] reference-disagreement func-body len=458 artifacts=14 advent-overaccept=11 advent-underaccept=3 reference-disagreement=329 same=4938
[5289/100000] reference-disagreement wide:func-body:splice:real:PackageDependency:79 len=176 artifacts=14 advent-overaccept=11 advent-underaccept=3 reference-disagreement=330 same=4945
[5296/100000] reference-disagreement attribute-ifconfig-elseif-list len=106 artifacts=14 advent-overaccept=11 advent-underaccept=3 reference-disagreement=331 same=4951
[5301/100000] reference-disagreement wide:extension-member:block-comment+space+glue:real:ParseDiagnosticsGenerator:59+real:ScopeImplementations:758 len=925 artifacts=14 advent-overaccept=11 advent-underaccept=3 reference-disagreement=332 same=4955
[5306/100000] reference-disagreement attribute-ifconfig-elseif-list len=112 artifacts=14 advent-overaccept=11 advent-underaccept=3 reference-disagreement=333 same=4959
[5311/100000] reference-disagreement statement-list len=646 artifacts=14 advent-overaccept=11 advent-underaccept=3 reference-disagreement=334 same=4963
[5324/100000] reference-disagreement cast-try-operator-cluster len=24 artifacts=14 advent-overaccept=11 advent-underaccept=3 reference-disagreement=335 same=4975
[5331/100000] reference-disagreement wide:struct-member:keyword:translated:testModuleSelectorIncorrectRuntimeBaseAttr#1 len=73 artifacts=14 advent-overaccept=11 advent-underaccept=3 reference-disagreement=336 same=4981
[5344/100000] reference-disagreement wide:struct-member:raw:real:MacroReplacement:78 len=401 artifacts=14 advent-overaccept=11 advent-underaccept=3 reference-disagreement=337 same=4993
[5362/100000] reference-disagreement wide:closure:newline:real:LexerDiagnosticMessages:381 len=284 artifacts=14 advent-overaccept=11 advent-underaccept=3 reference-disagreement=338 same=5010
[5368/100000] reference-disagreement func-body len=458 artifacts=14 advent-overaccept=11 advent-underaccept=3 reference-disagreement=339 same=5015
[5385/100000] reference-disagreement wide:func-body:newline+keyword:real:JSON:14 len=391 artifacts=14 advent-overaccept=11 advent-underaccept=3 reference-disagreement=340 same=5031
[5387/100000] reference-disagreement wide:func-body:glue+space:real:Descriptor:27 len=669 artifacts=14 advent-overaccept=11 advent-underaccept=3 reference-disagreement=341 same=5032
[5404/100000] reference-disagreement cast-try-operator-cluster len=24 artifacts=14 advent-overaccept=11 advent-underaccept=3 reference-disagreement=342 same=5048
[5407/100000] reference-disagreement wide:struct-member:newline+space:translated:testOrinalDefinedInAttr12#1 len=93 artifacts=14 advent-overaccept=11 advent-underaccept=3 reference-disagreement=343 same=5050
[5467/100000] reference-disagreement attribute-ifconfig-elseif-list len=119 artifacts=14 advent-overaccept=11 advent-underaccept=3 reference-disagreement=344 same=5109
[5491/100000] reference-disagreement wide:trailing-closure:space+space+block-comment:real:LayoutNodes+Parsable:127 len=193 artifacts=14 advent-overaccept=11 advent-underaccept=3 reference-disagreement=345 same=5132
[5500/100000] same wide:top:raw:real:SyntaxExpressibleByStringInterpolationConformances:55 len=164 artifacts=14 advent-overaccept=11 advent-underaccept=3 reference-disagreement=345 same=5141
[5501/100000] reference-disagreement wide:struct-member:block-comment+glue:real:Attributes:821 len=509 artifacts=14 advent-overaccept=11 advent-underaccept=3 reference-disagreement=346 same=5141
[5529/100000] reference-disagreement attribute-ifconfig-elseif-list len=114 artifacts=14 advent-overaccept=11 advent-underaccept=3 reference-disagreement=347 same=5168
[5536/100000] reference-disagreement tspl-divergence-protocol-body len=100 artifacts=14 advent-overaccept=11 advent-underaccept=3 reference-disagreement=348 same=5174
[5537/100000] reference-disagreement wide:func-body:line-comment:real:ParserDiagnosticMessages:529 len=425 artifacts=14 advent-overaccept=11 advent-underaccept=3 reference-disagreement=349 same=5174
[5554/100000] reference-disagreement wide:trailing-closure:space:translated:testSwitch24#1 len=46 artifacts=14 advent-overaccept=11 advent-underaccept=3 reference-disagreement=350 same=5190
[5607/100000] reference-disagreement wide:func-body:raw:translated:testEnum28#1+translated:testOperatorDeclDesignatedTypes15#1 len=265 artifacts=14 advent-overaccept=11 advent-underaccept=3 reference-disagreement=351 same=5242
[5608/100000] reference-disagreement wide:closure:raw:real:Statements:785+translated:testOperatorDecl11c#1 len=928 artifacts=14 advent-overaccept=11 advent-underaccept=3 reference-disagreement=352 same=5242
[5621/100000] reference-disagreement tspl-divergence-protocol-body len=195 artifacts=14 advent-overaccept=11 advent-underaccept=3 reference-disagreement=353 same=5254
[5633/100000] reference-disagreement wide:struct-member:splice+glue:real:LocationMarkers:22 len=208 artifacts=14 advent-overaccept=11 advent-underaccept=3 reference-disagreement=354 same=5265
[5640/100000] reference-disagreement tspl-divergence-accessor-commitment len=78 artifacts=14 advent-overaccept=11 advent-underaccept=3 reference-disagreement=355 same=5271
[5657/100000] reference-disagreement wide:struct-member:space+glue:real:SyntaxTraits:553 len=704 artifacts=14 advent-overaccept=11 advent-underaccept=3 reference-disagreement=356 same=5287
[5688/100000] reference-disagreement nested-ifconfig-boundary len=117 artifacts=14 advent-overaccept=11 advent-underaccept=3 reference-disagreement=357 same=5317
[5693/100000] reference-disagreement wide:trailing-closure:line-comment+line-comment+block-comment:real:SyntaxExpressibleByStringInterpolationConformances:28 len=188 artifacts=14 advent-overaccept=11 advent-underaccept=3 reference-disagreement=358 same=5321
[5694/100000] reference-disagreement attribute-ifconfig-elseif-list len=125 artifacts=14 advent-overaccept=11 advent-underaccept=3 reference-disagreement=359 same=5321
[5698/100000] reference-disagreement tspl-divergence-protocol-body len=224 artifacts=14 advent-overaccept=11 advent-underaccept=3 reference-disagreement=360 same=5324
[5710/100000] reference-disagreement declaration-modifier-stack len=34 artifacts=14 advent-overaccept=11 advent-underaccept=3 reference-disagreement=361 same=5335
[5723/100000] reference-disagreement wide:closure:keyword:real:Syntax:548 len=47 artifacts=14 advent-overaccept=11 advent-underaccept=3 reference-disagreement=362 same=5347
[5729/100000] reference-disagreement wide:closure:space+newline:translated:testMatchingPatterns1#1 len=44 artifacts=14 advent-overaccept=11 advent-underaccept=3 reference-disagreement=363 same=5352
[5746/100000] reference-disagreement tspl-divergence-accessor-commitment len=49 artifacts=14 advent-overaccept=11 advent-underaccept=3 reference-disagreement=364 same=5368
[5750/100000] same ifconfig-member-context-boundary len=54 artifacts=14 advent-overaccept=11 advent-underaccept=3 reference-disagreement=364 same=5372
[5763/100000] reference-disagreement wide:trailing-closure:splice+duplicate:real:SyntaxExpressibleByStringInterpolationConformances:169 len=92 artifacts=14 advent-overaccept=11 advent-underaccept=3 reference-disagreement=365 same=5384
[5775/100000] reference-disagreement wide:trailing-closure:keyword:real:Types:1605 len=633 artifacts=14 advent-overaccept=11 advent-underaccept=3 reference-disagreement=366 same=5395
[5779/100000] reference-disagreement wide:extension-member:line-comment:translated:testOperators3#1 len=119 artifacts=14 advent-overaccept=11 advent-underaccept=3 reference-disagreement=367 same=5398
[5803/100000] reference-disagreement attribute-ifconfig-elseif-list len=107 artifacts=14 advent-overaccept=11 advent-underaccept=3 reference-disagreement=368 same=5421
[5807/100000] reference-disagreement wide:closure:line-comment+line-comment:translated:testOperators28#1+translated:testOperators4#1 len=265 artifacts=14 advent-overaccept=11 advent-underaccept=3 reference-disagreement=369 same=5424
[5822/100000] reference-disagreement wide:top:space+glue+newline:translated:testModuleSelectorExpr#9 len=56 artifacts=14 advent-overaccept=11 advent-underaccept=3 reference-disagreement=370 same=5438
[5828/100000] reference-disagreement wide:struct-member:raw:real:SyntaxExpressibleByStringInterpolationConformances:241+real:SyntaxExpressibleByStringInterpolationConformances:208 len=241 artifacts=14 advent-overaccept=11 advent-underaccept=3 reference-disagreement=371 same=5443
[5843/100000] reference-disagreement wide:func-body:raw:declaration:testParseIsolatedConformances#2 len=46 artifacts=14 advent-overaccept=11 advent-underaccept=3 reference-disagreement=372 same=5457
[5858/100000] reference-disagreement keypath-boundary len=36 artifacts=14 advent-overaccept=11 advent-underaccept=3 reference-disagreement=373 same=5471
[5898/100000] reference-disagreement wide:func-body:newline+newline:translated:testForwardSlashRegex180#1+real:ResultBuilders:728 len=144 artifacts=14 advent-overaccept=11 advent-underaccept=3 reference-disagreement=374 same=5510
[5913/100000] reference-disagreement wide:func-body:raw:real:RefactoringProvider:23 len=197 artifacts=14 advent-overaccept=11 advent-underaccept=3 reference-disagreement=375 same=5524
[5944/100000] reference-disagreement wide:struct-member:newline+newline:real:SwiftSyntaxCompatibility:801 len=334 artifacts=14 advent-overaccept=11 advent-underaccept=3 reference-disagreement=376 same=5554
[5976/100000] reference-disagreement wide:closure:raw:real:LayoutNodes+Parsable:167+real:BuildableNodes:825 len=1109 artifacts=14 advent-overaccept=11 advent-underaccept=3 reference-disagreement=377 same=5585
[5985/100000] reference-disagreement tspl-divergence-protocol-body len=156 artifacts=14 advent-overaccept=11 advent-underaccept=3 reference-disagreement=378 same=5593
[5988/100000] reference-disagreement wide:trailing-closure:raw:real:LayoutNodes+Parsable:207 len=177 artifacts=14 advent-overaccept=11 advent-underaccept=3 reference-disagreement=379 same=5595
[5997/100000] reference-disagreement attribute-ifconfig-elseif-list len=118 artifacts=14 advent-overaccept=11 advent-underaccept=3 reference-disagreement=380 same=5603
[6000/100000] reference-disagreement wide:trailing-closure:raw:real:ManifestSyntaxRepresentable:41+translated:testOperatorDecl16#1 len=199 artifacts=14 advent-overaccept=11 advent-underaccept=3 reference-disagreement=381 same=5605
[6002/100000] reference-disagreement keypath-component-matrix len=40 artifacts=14 advent-overaccept=11 advent-underaccept=3 reference-disagreement=382 same=5606
[6036/100000] reference-disagreement grammarish-member-list len=269 artifacts=14 advent-overaccept=11 advent-underaccept=3 reference-disagreement=383 same=5639
[6043/100000] reference-disagreement tspl-divergence-protocol-body len=103 artifacts=14 advent-overaccept=11 advent-underaccept=3 reference-disagreement=384 same=5645
[6049/100000] reference-disagreement cast-try-operator-cluster len=24 artifacts=14 advent-overaccept=11 advent-underaccept=3 reference-disagreement=385 same=5650
[6057/100000] reference-disagreement wide:trailing-closure:raw:real:PackageDependency:91 len=196 artifacts=14 advent-overaccept=11 advent-underaccept=3 reference-disagreement=386 same=5657
[6058/100000] reference-disagreement wide:func-body:raw:real:SyntaxExpressibleByStringInterpolationConformances:28 len=178 artifacts=14 advent-overaccept=11 advent-underaccept=3 reference-disagreement=387 same=5657
[6064/100000] reference-disagreement wide:struct-member:newline+glue:declaration:testModifiedParameter#7 len=67 artifacts=14 advent-overaccept=11 advent-underaccept=3 reference-disagreement=388 same=5662
[6071/100000] reference-disagreement tspl-divergence-accessor-commitment len=49 artifacts=14 advent-overaccept=11 advent-underaccept=3 reference-disagreement=389 same=5668
[6077/100000] reference-disagreement tspl-divergence-protocol-body len=152 artifacts=14 advent-overaccept=11 advent-underaccept=3 reference-disagreement=390 same=5673
[6078/100000] reference-disagreement tspl-divergence-protocol-body len=202 artifacts=14 advent-overaccept=11 advent-underaccept=3 reference-disagreement=391 same=5673
[6092/100000] reference-disagreement wide:extension-member:raw:real:SyntaxLiteralUtils:21 len=200 artifacts=14 advent-overaccept=11 advent-underaccept=3 reference-disagreement=392 same=5686
[6093/100000] reference-disagreement grammarish-member-list len=309 artifacts=14 advent-overaccept=11 advent-underaccept=3 reference-disagreement=393 same=5686
[6128/100000] reference-disagreement attribute-boundary len=32 artifacts=14 advent-overaccept=11 advent-underaccept=3 reference-disagreement=394 same=5720
[6153/100000] reference-disagreement wide:ifconfig:line-comment+delete:phase4-coroutine:coroutine-both+real:ParserDiagnosticMessages:298 len=401 artifacts=14 advent-overaccept=11 advent-underaccept=3 reference-disagreement=395 same=5744
[6162/100000] reference-disagreement wide:extension-member:raw:real:SyntaxTraits:704 len=153 artifacts=14 advent-overaccept=11 advent-underaccept=3 reference-disagreement=396 same=5752
[6180/100000] reference-disagreement wide:func-body:raw:translated:testDiagnoseAvailability4#1 len=95 artifacts=14 advent-overaccept=11 advent-underaccept=3 reference-disagreement=397 same=5769
[6182/100000] reference-disagreement grammarish-member-list len=297 artifacts=14 advent-overaccept=11 advent-underaccept=3 reference-disagreement=398 same=5770
[6186/100000] reference-disagreement member-list-wide-boundary len=293 artifacts=14 advent-overaccept=11 advent-underaccept=3 reference-disagreement=399 same=5773
[6190/100000] advent-underaccept wide:top:keyword+keyword:translated:testForwardSlashRegex168#1 len=10 artifacts=15 advent-overaccept=11 advent-underaccept=4 reference-disagreement=399 same=5776
[6209/100000] reference-disagreement statement-list len=524 artifacts=15 advent-overaccept=11 advent-underaccept=4 reference-disagreement=400 same=5794
[6212/100000] reference-disagreement member-list-wide-boundary len=405 artifacts=15 advent-overaccept=11 advent-underaccept=4 reference-disagreement=401 same=5796
[6218/100000] reference-disagreement grammarish-member-list len=145 artifacts=15 advent-overaccept=11 advent-underaccept=4 reference-disagreement=402 same=5801
[6222/100000] reference-disagreement tspl-divergence-protocol-body len=119 artifacts=15 advent-overaccept=11 advent-underaccept=4 reference-disagreement=403 same=5804
[6250/100000] same wide:struct-member:splice+keyword:statement:testTrailingClosureInIfCondition#3 len=44 artifacts=15 advent-overaccept=11 advent-underaccept=4 reference-disagreement=403 same=5832
[6256/100000] reference-disagreement wide:struct-member:raw:real:BuildableNodes:319 len=862 artifacts=15 advent-overaccept=11 advent-underaccept=4 reference-disagreement=404 same=5837
[6258/100000] reference-disagreement keypath-component-matrix len=26 artifacts=15 advent-overaccept=11 advent-underaccept=4 reference-disagreement=405 same=5838
[6269/100000] reference-disagreement wide:func-body:space:attribute:testTransposeAttribute#4 len=127 artifacts=15 advent-overaccept=11 advent-underaccept=4 reference-disagreement=406 same=5848
[6281/100000] reference-disagreement wide:trailing-closure:duplicate:real:Syntax+StringInterpolation:498+real:EditorPlaceholder:72 len=1152 artifacts=15 advent-overaccept=11 advent-underaccept=4 reference-disagreement=407 same=5859
[6328/100000] reference-disagreement wide:extension-member:raw:translated:testDiagnoseAvailability4#1 len=98 artifacts=15 advent-overaccept=11 advent-underaccept=4 reference-disagreement=408 same=5905
[6332/100000] reference-disagreement wide:closure:duplicate+swap:reject:testChainedOptionalUnwrapsAfterSubscript#1 len=34 artifacts=15 advent-overaccept=11 advent-underaccept=4 reference-disagreement=409 same=5908
[6384/100000] reference-disagreement wide:struct-member:keyword:real:SyntaxUtils:79+real:SyntaxUtils:53 len=991 artifacts=15 advent-overaccept=11 advent-underaccept=4 reference-disagreement=410 same=5959
[6386/100000] reference-disagreement tspl-divergence-protocol-body len=246 artifacts=15 advent-overaccept=11 advent-underaccept=4 reference-disagreement=411 same=5960
[6415/100000] reference-disagreement wide:trailing-closure:glue+newline+block-comment:declaration:testAttributedMacroExpansionDeclaration#8 len=57 artifacts=15 advent-overaccept=11 advent-underaccept=4 reference-disagreement=412 same=5988
[6423/100000] reference-disagreement wide:struct-member:splice:phase4-precedence:pg-higher len=78 artifacts=15 advent-overaccept=11 advent-underaccept=4 reference-disagreement=413 same=5995
[6425/100000] reference-disagreement wide:top:newline+splice+newline:attribute:testSilgenName#4 len=43 artifacts=15 advent-overaccept=11 advent-underaccept=4 reference-disagreement=414 same=5996
[6449/100000] reference-disagreement binding-pattern len=458 artifacts=15 advent-overaccept=11 advent-underaccept=4 reference-disagreement=415 same=6019
[6451/100000] reference-disagreement wide:trailing-closure:splice:attribute:testObjcImplementationAttribute#1 len=117 artifacts=15 advent-overaccept=11 advent-underaccept=4 reference-disagreement=416 same=6020
[6474/100000] reference-disagreement wide:interpolation:raw:reject:testChainedOptionalUnwrapsWithDot#1 len=17 artifacts=15 advent-overaccept=11 advent-underaccept=4 reference-disagreement=417 same=6042
[6483/100000] reference-disagreement wide:func-body:swap:real:RawSyntax:175 len=343 artifacts=15 advent-overaccept=11 advent-underaccept=4 reference-disagreement=418 same=6050
[6499/100000] reference-disagreement wide:closure:raw:real:Trivia:108 len=52 artifacts=15 advent-overaccept=11 advent-underaccept=4 reference-disagreement=419 same=6065
[6500/100000] same ifconfig-boundary len=24 artifacts=15 advent-overaccept=11 advent-underaccept=4 reference-disagreement=419 same=6066
[6506/100000] reference-disagreement wide:func-body:splice+delete:real:RemoveSeparatorsFromIntegerLiteral:33 len=421 artifacts=15 advent-overaccept=11 advent-underaccept=4 reference-disagreement=420 same=6071
[6509/100000] reference-disagreement attribute-ifconfig-elseif-list len=119 artifacts=15 advent-overaccept=11 advent-underaccept=4 reference-disagreement=421 same=6073
[6515/100000] reference-disagreement binding-pattern len=458 artifacts=15 advent-overaccept=11 advent-underaccept=4 reference-disagreement=422 same=6078
[6516/100000] reference-disagreement wide:closure:raw:translated:testOperatorDecl17#1 len=98 artifacts=15 advent-overaccept=11 advent-underaccept=4 reference-disagreement=423 same=6078
[6547/100000] reference-disagreement wide:closure:glue:real:CustomTraits:35 len=176 artifacts=15 advent-overaccept=11 advent-underaccept=4 reference-disagreement=424 same=6108
[6583/100000] reference-disagreement wide:closure:raw:real:SyntaxNodeWithBody:185 len=1092 artifacts=15 advent-overaccept=11 advent-underaccept=4 reference-disagreement=425 same=6143
[6603/100000] reference-disagreement seed-corpus-wrapped:preconcurrency-import len=40 artifacts=15 advent-overaccept=11 advent-underaccept=4 reference-disagreement=426 same=6162
[6605/100000] reference-disagreement tspl-divergence-protocol-body len=153 artifacts=15 advent-overaccept=11 advent-underaccept=4 reference-disagreement=427 same=6163
[6628/100000] reference-disagreement attribute-ifconfig-elseif-list len=110 artifacts=15 advent-overaccept=11 advent-underaccept=4 reference-disagreement=428 same=6185
[6646/100000] reference-disagreement wide:trailing-closure:line-comment:real:ActiveSyntaxRewriter:446 len=936 artifacts=15 advent-overaccept=11 advent-underaccept=4 reference-disagreement=429 same=6202
[6652/100000] reference-disagreement tspl-divergence-protocol-body len=232 artifacts=15 advent-overaccept=11 advent-underaccept=4 reference-disagreement=430 same=6207
[6657/100000] reference-disagreement seed-corpus-wrapped:contextual-await-member len=59 artifacts=15 advent-overaccept=11 advent-underaccept=4 reference-disagreement=431 same=6211
[6683/100000] reference-disagreement wide:struct-member:glue+newline:declaration:testImports#1+real:Syntax+StringInterpolation:233 len=830 artifacts=15 advent-overaccept=11 advent-underaccept=4 reference-disagreement=432 same=6236
[6699/100000] reference-disagreement wide:after-statement:line-comment:expression:testClosureWithExternalParameterName#2+translated:testForwardSlashRegex14#1 len=61 artifacts=15 advent-overaccept=11 advent-underaccept=4 reference-disagreement=433 same=6251
[6700/100000] reference-disagreement wide:struct-member:raw:real:SyntaxText:198 len=1238 artifacts=15 advent-overaccept=11 advent-underaccept=4 reference-disagreement=434 same=6251
[6701/100000] reference-disagreement tspl-divergence-protocol-body len=280 artifacts=15 advent-overaccept=11 advent-underaccept=4 reference-disagreement=435 same=6251
[6741/100000] reference-disagreement wide:trailing-closure:block-comment+space+line-comment:real:SyntaxTraits:838 len=79 artifacts=15 advent-overaccept=11 advent-underaccept=4 reference-disagreement=436 same=6290
[6746/100000] reference-disagreement tspl-divergence-accessor-commitment len=49 artifacts=15 advent-overaccept=11 advent-underaccept=4 reference-disagreement=437 same=6294
[6750/100000] same tspl-divergence-pattern-shape len=53 artifacts=15 advent-overaccept=11 advent-underaccept=4 reference-disagreement=437 same=6298
[6759/100000] reference-disagreement tspl-divergence-protocol-body len=105 artifacts=15 advent-overaccept=11 advent-underaccept=4 reference-disagreement=438 same=6306
[6760/100000] reference-disagreement wide:closure:glue:real:CallToTrailingClosures:181 len=183 artifacts=15 advent-overaccept=11 advent-underaccept=4 reference-disagreement=439 same=6306
[6774/100000] reference-disagreement wide:struct-member:line-comment+keyword+line-comment:translated:testOperatorDeclDesignatedTypes12#1 len=103 artifacts=15 advent-overaccept=11 advent-underaccept=4 reference-disagreement=440 same=6319
[6778/100000] reference-disagreement wide:func-body:block-comment+space:real:SwiftSyntaxCompatibility:881 len=81 artifacts=15 advent-overaccept=11 advent-underaccept=4 reference-disagreement=441 same=6322
[6782/100000] reference-disagreement wide:after-statement:raw:translated:testInitDeinit4#1 len=88 artifacts=15 advent-overaccept=11 advent-underaccept=4 reference-disagreement=442 same=6325
[6795/100000] reference-disagreement tspl-divergence-protocol-body len=160 artifacts=15 advent-overaccept=11 advent-underaccept=4 reference-disagreement=443 same=6337
[6806/100000] reference-disagreement cast-try-operator-cluster len=24 artifacts=15 advent-overaccept=11 advent-underaccept=4 reference-disagreement=444 same=6347
[6829/100000] reference-disagreement wide:struct-member:newline+line-comment+newline:type:testNamedOpaqueReturnTypes#1 len=359 artifacts=15 advent-overaccept=11 advent-underaccept=4 reference-disagreement=445 same=6369
[6859/100000] reference-disagreement attribute-ifconfig-elseif-list len=123 artifacts=15 advent-overaccept=11 advent-underaccept=4 reference-disagreement=446 same=6398
[6865/100000] reference-disagreement wide:extension-member:delete+line-comment:declaration:testTypedThrows#3+real:BuildableNodes:825 len=947 artifacts=15 advent-overaccept=11 advent-underaccept=4 reference-disagreement=447 same=6403
[6866/100000] reference-disagreement wide:func-body:newline:real:SyntaxNodeWithBody:155 len=902 artifacts=15 advent-overaccept=11 advent-underaccept=4 reference-disagreement=448 same=6403
[6874/100000] reference-disagreement wide:closure:keyword:real:ParserDiagnosticMessages:562+expression:testConsumeExpression#2 len=237 artifacts=15 advent-overaccept=11 advent-underaccept=4 reference-disagreement=449 same=6410
[6912/100000] reference-disagreement wide:extension-member:space+keyword:real:SyntaxTraits:802 len=58 artifacts=15 advent-overaccept=11 advent-underaccept=4 reference-disagreement=450 same=6447
[6922/100000] reference-disagreement keypath-boundary len=38 artifacts=15 advent-overaccept=11 advent-underaccept=4 reference-disagreement=451 same=6456
[6943/100000] reference-disagreement tspl-divergence-protocol-body len=142 artifacts=15 advent-overaccept=11 advent-underaccept=4 reference-disagreement=452 same=6476
[6944/100000] reference-disagreement attribute-ifconfig-elseif-list len=119 artifacts=15 advent-overaccept=11 advent-underaccept=4 reference-disagreement=453 same=6476
[6948/100000] reference-disagreement wide:func-body:raw:real:SyntaxExpressibleByStringInterpolationConformances:202 len=79 artifacts=15 advent-overaccept=11 advent-underaccept=4 reference-disagreement=454 same=6479
[6950/100000] reference-disagreement wide:func-body:raw:translated:testOrinalDefinedInAttr12#1 len=92 artifacts=15 advent-overaccept=11 advent-underaccept=4 reference-disagreement=455 same=6480
[6963/100000] reference-disagreement wide:struct-member:glue:declaration:testImports#2 len=45 artifacts=15 advent-overaccept=11 advent-underaccept=4 reference-disagreement=456 same=6492
[6989/100000] reference-disagreement wide:before-statement:raw:attribute:testUnavailableFromAsync#4 len=68 artifacts=15 advent-overaccept=11 advent-underaccept=4 reference-disagreement=457 same=6517
[7000/100000] same delimiter-recovery-boundary len=40 artifacts=15 advent-overaccept=11 advent-underaccept=4 reference-disagreement=457 same=6528
[7031/100000] reference-disagreement wide:extension-member:newline:translated:testForwardSlashRegex8#1+translated:testSemicolon8#1 len=103 artifacts=15 advent-overaccept=11 advent-underaccept=4 reference-disagreement=458 same=6558
[7039/100000] reference-disagreement wide:struct-member:block-comment:real:SyntaxEditUtils:55 len=435 artifacts=15 advent-overaccept=11 advent-underaccept=4 reference-disagreement=459 same=6565
[7069/100000] reference-disagreement tspl-divergence-accessor-commitment len=78 artifacts=15 advent-overaccept=11 advent-underaccept=4 reference-disagreement=460 same=6594
[7072/100000] advent-overaccept wide:extension-member:delete+block-comment:real:Syntax:353 len=234 artifacts=16 advent-overaccept=12 advent-underaccept=4 reference-disagreement=460 same=6596
[7082/100000] reference-disagreement member-list-wide-boundary len=539 artifacts=16 advent-overaccept=12 advent-underaccept=4 reference-disagreement=461 same=6605
[7150/100000] reference-disagreement declaration-modifier-stack len=34 artifacts=16 advent-overaccept=12 advent-underaccept=4 reference-disagreement=462 same=6672
[7181/100000] reference-disagreement member-list-wide-boundary len=360 artifacts=16 advent-overaccept=12 advent-underaccept=4 reference-disagreement=463 same=6702
[7200/100000] reference-disagreement wide:extension-member:newline:real:Diagnostics:55 len=382 artifacts=16 advent-overaccept=12 advent-underaccept=4 reference-disagreement=464 same=6720
[7222/100000] reference-disagreement wide:closure:raw:real:SyntaxTraits:704 len=156 artifacts=16 advent-overaccept=12 advent-underaccept=4 reference-disagreement=465 same=6741
[7233/100000] reference-disagreement keypath-component-matrix len=45 artifacts=16 advent-overaccept=12 advent-underaccept=4 reference-disagreement=466 same=6751
[7250/100000] same frontier:generic-member-type-shape len=283 artifacts=16 advent-overaccept=12 advent-underaccept=4 reference-disagreement=466 same=6768
[7274/100000] reference-disagreement wide:closure:raw:real:SyntaxExpressibleByStringInterpolationConformances:34 len=94 artifacts=16 advent-overaccept=12 advent-underaccept=4 reference-disagreement=467 same=6791
[7281/100000] reference-disagreement wide:closure:newline:real:SyntaxTraits:698 len=86 artifacts=16 advent-overaccept=12 advent-underaccept=4 reference-disagreement=468 same=6797
[7300/100000] reference-disagreement wide:trailing-closure:newline+glue:real:Declarations:1336 len=994 artifacts=16 advent-overaccept=12 advent-underaccept=4 reference-disagreement=469 same=6815
[7358/100000] reference-disagreement wide:extension-member:raw:declaration:testCoroutineAccessors#2 len=152 artifacts=16 advent-overaccept=12 advent-underaccept=4 reference-disagreement=470 same=6872
[7376/100000] reference-disagreement keypath-boundary len=37 artifacts=16 advent-overaccept=12 advent-underaccept=4 reference-disagreement=471 same=6889
[7384/100000] reference-disagreement keypath-component-matrix len=41 artifacts=16 advent-overaccept=12 advent-underaccept=4 reference-disagreement=472 same=6896
[7394/100000] reference-disagreement wide:func-body:raw:real:TokenSpecSet:745+expression:testBorrowExpression#1 len=616 artifacts=16 advent-overaccept=12 advent-underaccept=4 reference-disagreement=473 same=6905
[7405/100000] reference-disagreement wide:trailing-closure:raw:translated:testAvailabilityQueryUnavailability10#1+real:ResultBuilders:375 len=227 artifacts=16 advent-overaccept=12 advent-underaccept=4 reference-disagreement=474 same=6915
[7419/100000] reference-disagreement attribute-ifconfig-elseif-list len=123 artifacts=16 advent-overaccept=12 advent-underaccept=4 reference-disagreement=475 same=6928
[7435/100000] reference-disagreement wide:extension-member:line-comment:translated:testOperatorDeclDesignatedTypes15#1 len=85 artifacts=16 advent-overaccept=12 advent-underaccept=4 reference-disagreement=476 same=6943
[7444/100000] reference-disagreement wide:extension-member:glue:real:SyntaxEditUtils:70 len=744 artifacts=16 advent-overaccept=12 advent-underaccept=4 reference-disagreement=477 same=6951
[7446/100000] reference-disagreement nested-ifconfig-boundary len=163 artifacts=16 advent-overaccept=12 advent-underaccept=4 reference-disagreement=478 same=6952
[7478/100000] reference-disagreement wide:func-body:line-comment:real:SyntaxExpressibleByStringInterpolationConformances:151 len=98 artifacts=16 advent-overaccept=12 advent-underaccept=4 reference-disagreement=479 same=6983
[7492/100000] reference-disagreement tspl-divergence-protocol-body len=198 artifacts=16 advent-overaccept=12 advent-underaccept=4 reference-disagreement=480 same=6996
[7500/100000] same protocol-requirement-boundary len=119 artifacts=16 advent-overaccept=12 advent-underaccept=4 reference-disagreement=480 same=7004
[7508/100000] reference-disagreement tspl-divergence-protocol-body len=178 artifacts=16 advent-overaccept=12 advent-underaccept=4 reference-disagreement=481 same=7011
[7512/100000] reference-disagreement member-list-wide-boundary len=192 artifacts=16 advent-overaccept=12 advent-underaccept=4 reference-disagreement=482 same=7014
[7513/100000] reference-disagreement tspl-divergence-protocol-body len=133 artifacts=16 advent-overaccept=12 advent-underaccept=4 reference-disagreement=483 same=7014
[7525/100000] reference-disagreement grammarish-member-list len=272 artifacts=16 advent-overaccept=12 advent-underaccept=4 reference-disagreement=484 same=7025
[7562/100000] reference-disagreement wide:func-body:raw:translated:testOriginalDefinedInAttr9#1 len=166 artifacts=16 advent-overaccept=12 advent-underaccept=4 reference-disagreement=485 same=7061
[7567/100000] reference-disagreement wide:extension-member:raw:real:ScannerTelemetry:21+real:AddPackageDependency:127 len=1072 artifacts=16 advent-overaccept=12 advent-underaccept=4 reference-disagreement=486 same=7065
[7571/100000] advent-overaccept wide:closure:block-comment+line-comment:real:PluginMessageCompatibility:14 len=662 artifacts=17 advent-overaccept=13 advent-underaccept=4 reference-disagreement=486 same=7068
[7572/100000] reference-disagreement wide:struct-member:raw:phase4-macro:borrow len=45 artifacts=17 advent-overaccept=13 advent-underaccept=4 reference-disagreement=487 same=7068
[7624/100000] reference-disagreement wide:extension-member:newline:real:WarningControlRegions:188 len=793 artifacts=17 advent-overaccept=13 advent-underaccept=4 reference-disagreement=488 same=7119
[7644/100000] reference-disagreement wide:func-body:raw:real:ScopeImplementations:366 len=171 artifacts=17 advent-overaccept=13 advent-underaccept=4 reference-disagreement=489 same=7138
[7653/100000] reference-disagreement wide:struct-member:raw:real:SyntaxTraits:858 len=90 artifacts=17 advent-overaccept=13 advent-underaccept=4 reference-disagreement=490 same=7146
[7658/100000] reference-disagreement wide:trailing-closure:raw:phase3-modifier:private-let+translated:testSwitch43#1 len=91 artifacts=17 advent-overaccept=13 advent-underaccept=4 reference-disagreement=491 same=7150
[7668/100000] reference-disagreement binding-pattern len=458 artifacts=17 advent-overaccept=13 advent-underaccept=4 reference-disagreement=492 same=7159
[7688/100000] reference-disagreement wide:top:duplicate+glue:translated:testForwardSlashRegex35#1+real:LayoutNodes+Parsable:111 len=205 artifacts=17 advent-overaccept=13 advent-underaccept=4 reference-disagreement=493 same=7178
[7750/100000] reference-disagreement wide:struct-member:raw:real:LayoutNodes+Parsable:55 len=197 artifacts=17 advent-overaccept=13 advent-underaccept=4 reference-disagreement=494 same=7239
[7797/100000] reference-disagreement attribute-ifconfig-elseif-list len=113 artifacts=17 advent-overaccept=13 advent-underaccept=4 reference-disagreement=495 same=7285
[7798/100000] reference-disagreement member-list-wide-boundary len=417 artifacts=17 advent-overaccept=13 advent-underaccept=4 reference-disagreement=496 same=7285
[7813/100000] reference-disagreement wide:closure:keyword+newline+glue:declaration:testProtocolParsing#3+translated:testTry20#1 len=330 artifacts=17 advent-overaccept=13 advent-underaccept=4 reference-disagreement=497 same=7299
[7820/100000] reference-disagreement wide:func-body:raw:real:ResultBuilders:141+real:IdentifiableSyntax:16 len=312 artifacts=17 advent-overaccept=13 advent-underaccept=4 reference-disagreement=498 same=7305
[7846/100000] reference-disagreement tspl-divergence-protocol-body len=196 artifacts=17 advent-overaccept=13 advent-underaccept=4 reference-disagreement=499 same=7330
[7890/100000] reference-disagreement grammarish-member-list len=139 artifacts=17 advent-overaccept=13 advent-underaccept=4 reference-disagreement=500 same=7373
[7895/100000] reference-disagreement wide:before-statement:glue+space+block-comment:translated:testInitDeinit16#1 len=80 artifacts=17 advent-overaccept=13 advent-underaccept=4 reference-disagreement=501 same=7377
[7901/100000] reference-disagreement wide:struct-member:raw:phase4-precedence:pg-higher len=68 artifacts=17 advent-overaccept=13 advent-underaccept=4 reference-disagreement=502 same=7382
[7912/100000] reference-disagreement wide:func-body:newline+block-comment+newline:phase3-type:extension-func len=48 artifacts=17 advent-overaccept=13 advent-underaccept=4 reference-disagreement=503 same=7392
[7920/100000] reference-disagreement wide:func-body:newline+newline:translated:testOperatorDecl11a#1 len=34 artifacts=17 advent-overaccept=13 advent-underaccept=4 reference-disagreement=504 same=7399
[7922/100000] reference-disagreement keypath-component-matrix len=53 artifacts=17 advent-overaccept=13 advent-underaccept=4 reference-disagreement=505 same=7400
[7928/100000] reference-disagreement wide:extension-member:keyword+delete+swap:real:FixIt:103 len=676 artifacts=17 advent-overaccept=13 advent-underaccept=4 reference-disagreement=506 same=7405
[7943/100000] reference-disagreement tspl-divergence-accessor-commitment len=78 artifacts=17 advent-overaccept=13 advent-underaccept=4 reference-disagreement=507 same=7419
[7967/100000] reference-disagreement wide:extension-member:raw:real:FixIt:103 len=681 artifacts=17 advent-overaccept=13 advent-underaccept=4 reference-disagreement=508 same=7442
[7983/100000] reference-disagreement wide:struct-member:raw:real:SyntaxNodeWithBody:88 len=323 artifacts=17 advent-overaccept=13 advent-underaccept=4 reference-disagreement=509 same=7457
[7990/100000] reference-disagreement tspl-divergence-accessor-commitment len=49 artifacts=17 advent-overaccept=13 advent-underaccept=4 reference-disagreement=510 same=7463
[7995/100000] reference-disagreement tspl-divergence-protocol-body len=89 artifacts=17 advent-overaccept=13 advent-underaccept=4 reference-disagreement=511 same=7467
[7999/100000] reference-disagreement wide:struct-member:line-comment+newline+newline:real:SyntaxExpressibleByStringInterpolationConformances:208 len=172 artifacts=17 advent-overaccept=13 advent-underaccept=4 reference-disagreement=512 same=7470
[8000/100000] same wide:struct-member:raw:translated:testHashbangLibrary1#1+phase4-closure:closure-wildcard len=64 artifacts=17 advent-overaccept=13 advent-underaccept=4 reference-disagreement=512 same=7471
[8008/100000] reference-disagreement wide:closure:space+line-comment:real:SyntaxTraits:694 len=110 artifacts=17 advent-overaccept=13 advent-underaccept=4 reference-disagreement=513 same=7478
[8017/100000] reference-disagreement wide:extension-member:glue+splice:real:SyntaxEditUtils:22 len=151 artifacts=17 advent-overaccept=13 advent-underaccept=4 reference-disagreement=514 same=7486
[8046/100000] reference-disagreement tspl-divergence-protocol-body len=230 artifacts=17 advent-overaccept=13 advent-underaccept=4 reference-disagreement=515 same=7514
[8071/100000] reference-disagreement wide:extension-member:line-comment+newline:real:SyntaxProtocol:710+real:SyntaxExpressibleByStringInterpolationConformances:211 len=149 artifacts=17 advent-overaccept=13 advent-underaccept=4 reference-disagreement=516 same=7538
[8104/100000] reference-disagreement wide:func-body:glue:real:Expressions:1853 len=674 artifacts=17 advent-overaccept=13 advent-underaccept=4 reference-disagreement=517 same=7570
[8114/100000] reference-disagreement tspl-divergence-accessor-commitment len=49 artifacts=17 advent-overaccept=13 advent-underaccept=4 reference-disagreement=518 same=7579
[8117/100000] reference-disagreement keypath-boundary len=38 artifacts=17 advent-overaccept=13 advent-underaccept=4 reference-disagreement=519 same=7581
[8136/100000] reference-disagreement wide:extension-member:splice:real:SyntaxExpressibleByStringInterpolationConformances:55 len=141 artifacts=17 advent-overaccept=13 advent-underaccept=4 reference-disagreement=520 same=7599
[8170/100000] reference-disagreement wide:trailing-closure:raw:real:RefactoringProvider:50 len=567 artifacts=17 advent-overaccept=13 advent-underaccept=4 reference-disagreement=521 same=7632
[8178/100000] reference-disagreement wide:top:raw:real:Statements:387+translated:testOperatorDeclDesignatedTypes9#1 len=503 artifacts=17 advent-overaccept=13 advent-underaccept=4 reference-disagreement=522 same=7639
[8182/100000] reference-disagreement wide:ifconfig:raw:translated:testPatternWithoutVariables6#1 len=105 artifacts=17 advent-overaccept=13 advent-underaccept=4 reference-disagreement=523 same=7642
[8198/100000] reference-disagreement tspl-divergence-accessor-commitment len=49 artifacts=17 advent-overaccept=13 advent-underaccept=4 reference-disagreement=524 same=7657
[8208/100000] reference-disagreement wide:after-statement:duplicate+newline:real:SyntaxCollections:2113 len=514 artifacts=17 advent-overaccept=13 advent-underaccept=4 reference-disagreement=525 same=7666
[8211/100000] reference-disagreement wide:closure:keyword+block-comment:real:EditorPlaceholder:43 len=909 artifacts=17 advent-overaccept=13 advent-underaccept=4 reference-disagreement=526 same=7668
[8235/100000] reference-disagreement grammarish-member-list len=209 artifacts=17 advent-overaccept=13 advent-underaccept=4 reference-disagreement=527 same=7691
[8237/100000] reference-disagreement grammarish-member-list len=146 artifacts=17 advent-overaccept=13 advent-underaccept=4 reference-disagreement=528 same=7692
[8242/100000] reference-disagreement wide:struct-member:raw:real:RefactoringProvider:118 len=481 artifacts=17 advent-overaccept=13 advent-underaccept=4 reference-disagreement=529 same=7696
[8250/100000] same pack-boundary len=84 artifacts=17 advent-overaccept=13 advent-underaccept=4 reference-disagreement=529 same=7704
[8258/100000] reference-disagreement keypath-component-matrix len=38 artifacts=17 advent-overaccept=13 advent-underaccept=4 reference-disagreement=530 same=7711
[8274/100000] reference-disagreement cast-try-operator-cluster len=24 artifacts=17 advent-overaccept=13 advent-underaccept=4 reference-disagreement=531 same=7726
[8287/100000] reference-disagreement cast-try-operator-cluster len=24 artifacts=17 advent-overaccept=13 advent-underaccept=4 reference-disagreement=532 same=7738
[8326/100000] reference-disagreement member-list-wide-boundary len=259 artifacts=17 advent-overaccept=13 advent-underaccept=4 reference-disagreement=533 same=7776
[8347/100000] reference-disagreement grammarish-member-list len=190 artifacts=17 advent-overaccept=13 advent-underaccept=4 reference-disagreement=534 same=7796
[8352/100000] reference-disagreement member-list-wide-boundary len=137 artifacts=17 advent-overaccept=13 advent-underaccept=4 reference-disagreement=535 same=7800
[8364/100000] reference-disagreement wide:closure:block-comment:real:MacroExpansionContext:192 len=369 artifacts=17 advent-overaccept=13 advent-underaccept=4 reference-disagreement=536 same=7811
[8375/100000] reference-disagreement wide:func-body:raw:real:SyntaxCollections:647+translated:testForwardSlashRegex22#1 len=567 artifacts=17 advent-overaccept=13 advent-underaccept=4 reference-disagreement=537 same=7821
[8379/100000] reference-disagreement attribute-ifconfig-elseif-list len=112 artifacts=17 advent-overaccept=13 advent-underaccept=4 reference-disagreement=538 same=7824
[8429/100000] reference-disagreement wide:func-body:block-comment:real:ResultBuilders:427 len=189 artifacts=17 advent-overaccept=13 advent-underaccept=4 reference-disagreement=539 same=7873
[8453/100000] reference-disagreement grammarish-member-list len=286 artifacts=17 advent-overaccept=13 advent-underaccept=4 reference-disagreement=540 same=7896
[8456/100000] reference-disagreement attribute-ifconfig-elseif-list len=125 artifacts=17 advent-overaccept=13 advent-underaccept=4 reference-disagreement=541 same=7898
[8485/100000] reference-disagreement wide:trailing-closure:raw:real:BuildableNodes:1503 len=1034 artifacts=17 advent-overaccept=13 advent-underaccept=4 reference-disagreement=542 same=7926
[8495/100000] reference-disagreement wide:closure:splice:attribute:testTransposeAttribute#1 len=147 artifacts=17 advent-overaccept=13 advent-underaccept=4 reference-disagreement=543 same=7935
[8496/100000] reference-disagreement keypath-boundary len=33 artifacts=17 advent-overaccept=13 advent-underaccept=4 reference-disagreement=544 same=7935
[8500/100000] same wide:before-statement:raw:translated:testForwardSlashRegex130#1 len=26 artifacts=17 advent-overaccept=13 advent-underaccept=4 reference-disagreement=544 same=7939
[8537/100000] reference-disagreement grammarish-member-list len=175 artifacts=17 advent-overaccept=13 advent-underaccept=4 reference-disagreement=545 same=7975
[8614/100000] reference-disagreement grammarish-member-list len=173 artifacts=17 advent-overaccept=13 advent-underaccept=4 reference-disagreement=546 same=8051
[8617/100000] reference-disagreement grammarish-member-list len=90 artifacts=17 advent-overaccept=13 advent-underaccept=4 reference-disagreement=547 same=8053
[8622/100000] reference-disagreement attribute-ifconfig-elseif-list len=129 artifacts=17 advent-overaccept=13 advent-underaccept=4 reference-disagreement=548 same=8057
[8627/100000] reference-disagreement wide:func-body:space:real:Syntax+StringInterpolation:263 len=172 artifacts=17 advent-overaccept=13 advent-underaccept=4 reference-disagreement=549 same=8061
[8646/100000] reference-disagreement attribute-ifconfig-elseif-list len=116 artifacts=17 advent-overaccept=13 advent-underaccept=4 reference-disagreement=550 same=8079
[8687/100000] reference-disagreement attribute-ifconfig-elseif-list len=122 artifacts=17 advent-overaccept=13 advent-underaccept=4 reference-disagreement=551 same=8119
[8703/100000] reference-disagreement wide:func-body:line-comment:real:ScopeImplementations:907+type:testTypedThrows#1 len=380 artifacts=17 advent-overaccept=13 advent-underaccept=4 reference-disagreement=552 same=8134
[8720/100000] reference-disagreement wide:func-body:raw:real:ParserDiagnosticMessages:505 len=322 artifacts=17 advent-overaccept=13 advent-underaccept=4 reference-disagreement=553 same=8150
[8731/100000] reference-disagreement tspl-divergence-protocol-body len=121 artifacts=17 advent-overaccept=13 advent-underaccept=4 reference-disagreement=554 same=8160
[8742/100000] reference-disagreement wide:closure:space:phase3-modifier:public-func len=41 artifacts=17 advent-overaccept=13 advent-underaccept=4 reference-disagreement=555 same=8170
[8750/100000] same enum-case-pattern-boundary len=73 artifacts=17 advent-overaccept=13 advent-underaccept=4 reference-disagreement=555 same=8178
[8753/100000] reference-disagreement wide:func-body:duplicate+line-comment+line-comment:real:ParserDiagnosticMessages:539 len=546 artifacts=17 advent-overaccept=13 advent-underaccept=4 reference-disagreement=556 same=8180
[8761/100000] reference-disagreement tspl-divergence-protocol-body len=114 artifacts=17 advent-overaccept=13 advent-underaccept=4 reference-disagreement=557 same=8187
[8770/100000] reference-disagreement wide:trailing-closure:raw:attribute:testSpiAttributeWithoutParameter#1 len=29 artifacts=17 advent-overaccept=13 advent-underaccept=4 reference-disagreement=558 same=8195
[8801/100000] reference-disagreement wide:top:newline+space+line-comment:attribute:testSilgenName#1 len=93 artifacts=17 advent-overaccept=13 advent-underaccept=4 reference-disagreement=559 same=8225
[8812/100000] reference-disagreement keypath-boundary len=36 artifacts=17 advent-overaccept=13 advent-underaccept=4 reference-disagreement=560 same=8235
[8814/100000] reference-disagreement tspl-divergence-protocol-body len=68 artifacts=17 advent-overaccept=13 advent-underaccept=4 reference-disagreement=561 same=8236
[8815/100000] reference-disagreement wide:closure:space:real:ResultBuilderExtensions:97 len=397 artifacts=17 advent-overaccept=13 advent-underaccept=4 reference-disagreement=562 same=8236
[8835/100000] reference-disagreement binding-pattern len=458 artifacts=17 advent-overaccept=13 advent-underaccept=4 reference-disagreement=563 same=8255
[8836/100000] reference-disagreement wide:func-body:raw:real:ResultBuilders:680 len=199 artifacts=17 advent-overaccept=13 advent-underaccept=4 reference-disagreement=564 same=8255
[8844/100000] reference-disagreement wide:struct-member:raw:translated:testDiagnoseAvailability5#1 len=95 artifacts=17 advent-overaccept=13 advent-underaccept=4 reference-disagreement=565 same=8262
[8845/100000] reference-disagreement wide:func-body:raw:real:SyntaxExpressibleByStringInterpolationConformances:115 len=84 artifacts=17 advent-overaccept=13 advent-underaccept=4 reference-disagreement=566 same=8262
[8861/100000] reference-disagreement wide:func-body:raw:real:BumpPtrAllocator:179 len=659 artifacts=17 advent-overaccept=13 advent-underaccept=4 reference-disagreement=567 same=8277
[8867/100000] reference-disagreement wide:extension-member:raw:real:BuildableNodes:110 len=1062 artifacts=17 advent-overaccept=13 advent-underaccept=4 reference-disagreement=568 same=8282
[8873/100000] reference-disagreement wide:top:splice:statement:testReturn#2 len=12 artifacts=17 advent-overaccept=13 advent-underaccept=4 reference-disagreement=569 same=8287
[8910/100000] reference-disagreement wide:before-statement:raw:attribute:testABIAttribute#4+translated:testAvailabilityQueryUnavailability16#1 len=138 artifacts=17 advent-overaccept=13 advent-underaccept=4 reference-disagreement=570 same=8323
[8916/100000] reference-disagreement wide:struct-member:raw:real:ScopeImplementations:746+real:FixItApplier:139 len=325 artifacts=17 advent-overaccept=13 advent-underaccept=4 reference-disagreement=571 same=8328
[8918/100000] reference-disagreement wide:func-body:raw:attribute:testSpiAttributeWithoutParameter#1 len=36 artifacts=17 advent-overaccept=13 advent-underaccept=4 reference-disagreement=572 same=8329
[8919/100000] reference-disagreement grammarish-member-list len=258 artifacts=17 advent-overaccept=13 advent-underaccept=4 reference-disagreement=573 same=8329
[8923/100000] reference-disagreement wide:func-body:newline:attribute:testTransposeAttribute#3 len=120 artifacts=17 advent-overaccept=13 advent-underaccept=4 reference-disagreement=574 same=8332
[8948/100000] reference-disagreement tspl-divergence-protocol-body len=143 artifacts=17 advent-overaccept=13 advent-underaccept=4 reference-disagreement=575 same=8356
[8960/100000] reference-disagreement member-list-wide-boundary len=103 artifacts=17 advent-overaccept=13 advent-underaccept=4 reference-disagreement=576 same=8367
[8992/100000] reference-disagreement wide:closure:newline:real:SyntaxUtils:77+phase4-type:func-type-nested len=119 artifacts=17 advent-overaccept=13 advent-underaccept=4 reference-disagreement=577 same=8398
[8996/100000] reference-disagreement attribute-ifconfig-elseif-list len=124 artifacts=17 advent-overaccept=13 advent-underaccept=4 reference-disagreement=578 same=8401
[9000/100000] same wide:extension-member:keyword:translated:testCompositionTypeExpr#4+translated:testTypeExpr25d#1 len=106 artifacts=17 advent-overaccept=13 advent-underaccept=4 reference-disagreement=578 same=8405
[9067/100000] reference-disagreement declaration-modifier-stack len=34 artifacts=17 advent-overaccept=13 advent-underaccept=4 reference-disagreement=579 same=8471
[9098/100000] reference-disagreement wide:func-body:raw:real:SyntaxTraits:808 len=65 artifacts=17 advent-overaccept=13 advent-underaccept=4 reference-disagreement=580 same=8501
[9135/100000] reference-disagreement wide:struct-member:newline+block-comment:real:SyntaxExpressibleByStringInterpolationConformances:262 len=183 artifacts=17 advent-overaccept=13 advent-underaccept=4 reference-disagreement=581 same=8537
[9159/100000] reference-disagreement wide:closure:raw:attribute:testSpiAttributeWithoutParameter#1+real:ResultBuilders:163 len=173 artifacts=17 advent-overaccept=13 advent-underaccept=4 reference-disagreement=582 same=8560
[9173/100000] reference-disagreement wide:before-statement:raw:translated:testInvalid39#1 len=46 artifacts=17 advent-overaccept=13 advent-underaccept=4 reference-disagreement=583 same=8573
[9184/100000] reference-disagreement grammarish-member-list len=332 artifacts=17 advent-overaccept=13 advent-underaccept=4 reference-disagreement=584 same=8583
[9224/100000] reference-disagreement wide:struct-member:raw:real:PrecedenceGroup:134+real:SyntaxCollections:1054 len=761 artifacts=17 advent-overaccept=13 advent-underaccept=4 reference-disagreement=585 same=8622
[9228/100000] reference-disagreement wide:after-statement:newline+line-comment+space:translated:testIfconfigExpr17#1 len=82 artifacts=17 advent-overaccept=13 advent-underaccept=4 reference-disagreement=586 same=8625
[9238/100000] reference-disagreement grammarish-member-list len=602 artifacts=17 advent-overaccept=13 advent-underaccept=4 reference-disagreement=587 same=8634
[9250/100000] same wide:struct-member:raw:translated:testRawString30#1 len=34 artifacts=17 advent-overaccept=13 advent-underaccept=4 reference-disagreement=587 same=8646
[9264/100000] reference-disagreement wide:closure:newline+newline+block-comment:real:ConvenienceInitializers:302 len=390 artifacts=17 advent-overaccept=13 advent-underaccept=4 reference-disagreement=588 same=8659
[9307/100000] reference-disagreement attribute-ifconfig-elseif-list len=108 artifacts=17 advent-overaccept=13 advent-underaccept=4 reference-disagreement=589 same=8701
[9309/100000] reference-disagreement wide:top:line-comment+block-comment:translated:testEnum55#1 len=92 artifacts=17 advent-overaccept=13 advent-underaccept=4 reference-disagreement=590 same=8702
[9342/100000] reference-disagreement attribute-ifconfig-elseif-list len=151 artifacts=17 advent-overaccept=13 advent-underaccept=4 reference-disagreement=591 same=8734
[9359/100000] reference-disagreement declaration-modifier-stack len=34 artifacts=17 advent-overaccept=13 advent-underaccept=4 reference-disagreement=592 same=8750
[9366/100000] reference-disagreement grammarish-member-list len=175 artifacts=17 advent-overaccept=13 advent-underaccept=4 reference-disagreement=593 same=8756
[9377/100000] reference-disagreement wide:closure:newline+newline:real:ResultBuilders:271 len=230 artifacts=17 advent-overaccept=13 advent-underaccept=4 reference-disagreement=594 same=8766
[9467/100000] reference-disagreement tspl-divergence-accessor-commitment len=49 artifacts=17 advent-overaccept=13 advent-underaccept=4 reference-disagreement=595 same=8855
[9492/100000] reference-disagreement wide:extension-member:line-comment:real:ScopeImplementations:376 len=182 artifacts=17 advent-overaccept=13 advent-underaccept=4 reference-disagreement=596 same=8879
[9500/100000] same wide:interpolation:space:reject:testConflictMarkers12#1 len=140 artifacts=17 advent-overaccept=13 advent-underaccept=4 reference-disagreement=596 same=8887
[9507/100000] reference-disagreement wide:trailing-closure:glue:real:MacroSystem:1498+translated:testForeachAsync2#1 len=848 artifacts=17 advent-overaccept=13 advent-underaccept=4 reference-disagreement=597 same=8893
[9534/100000] reference-disagreement statement-list len=582 artifacts=17 advent-overaccept=13 advent-underaccept=4 reference-disagreement=598 same=8919
[9535/100000] reference-disagreement wide:func-body:raw:real:Syntax+StringInterpolation:530 len=69 artifacts=17 advent-overaccept=13 advent-underaccept=4 reference-disagreement=599 same=8919
[9543/100000] reference-disagreement wide:func-body:glue+line-comment+newline:real:SyntaxUtils:61 len=222 artifacts=17 advent-overaccept=13 advent-underaccept=4 reference-disagreement=600 same=8926
[9545/100000] reference-disagreement member-list-wide-boundary len=255 artifacts=17 advent-overaccept=13 advent-underaccept=4 reference-disagreement=601 same=8927
[9551/100000] reference-disagreement wide:closure:raw:real:ResultBuilderExtensions:97 len=396 artifacts=17 advent-overaccept=13 advent-underaccept=4 reference-disagreement=602 same=8932
[9563/100000] reference-disagreement wide:closure:splice+newline:real:Syntax+StringInterpolation:289 len=50 artifacts=17 advent-overaccept=13 advent-underaccept=4 reference-disagreement=603 same=8943
[9588/100000] reference-disagreement wide:before-statement:raw:translated:testDeinitInSwiftinterfaceIsFollowedByFinalFunc#1 len=59 artifacts=17 advent-overaccept=13 advent-underaccept=4 reference-disagreement=604 same=8967
[9619/100000] reference-disagreement keypath-boundary len=40 artifacts=17 advent-overaccept=13 advent-underaccept=4 reference-disagreement=605 same=8997
[9635/100000] reference-disagreement wide:func-body:line-comment+line-comment+newline:translated:testDebugger2#1 len=69 artifacts=17 advent-overaccept=13 advent-underaccept=4 reference-disagreement=606 same=9012
[9672/100000] reference-disagreement wide:closure:glue+newline:real:SyntaxTraits:329+translated:testForwardSlashRegex84#1 len=384 artifacts=17 advent-overaccept=13 advent-underaccept=4 reference-disagreement=607 same=9048
[9681/100000] reference-disagreement grammarish-member-list len=248 artifacts=17 advent-overaccept=13 advent-underaccept=4 reference-disagreement=608 same=9056
[9685/100000] reference-disagreement wide:after-statement:space+delete+keyword:attribute:testSpiAttributeWithUnderscore#1 len=43 artifacts=17 advent-overaccept=13 advent-underaccept=4 reference-disagreement=609 same=9059
[9690/100000] reference-disagreement attribute-ifconfig-elseif-list len=132 artifacts=17 advent-overaccept=13 advent-underaccept=4 reference-disagreement=610 same=9063
[9717/100000] reference-disagreement wide:trailing-closure:raw:real:ResultBuilders:553 len=137 artifacts=17 advent-overaccept=13 advent-underaccept=4 reference-disagreement=611 same=9089
[9720/100000] reference-disagreement wide:struct-member:raw:real:Statements:785 len=903 artifacts=17 advent-overaccept=13 advent-underaccept=4 reference-disagreement=612 same=9091
[9734/100000] reference-disagreement wide:func-body:raw:real:RawSyntaxNodeProtocol:64 len=368 artifacts=17 advent-overaccept=13 advent-underaccept=4 reference-disagreement=613 same=9104
[9740/100000] reference-disagreement wide:before-statement:raw:statement:testTypedThrows#2 len=56 artifacts=17 advent-overaccept=13 advent-underaccept=4 reference-disagreement=614 same=9109
[9745/100000] reference-disagreement keypath-boundary len=38 artifacts=17 advent-overaccept=13 advent-underaccept=4 reference-disagreement=615 same=9113
[9750/100000] same frontier:parser-mode-scope len=107 artifacts=17 advent-overaccept=13 advent-underaccept=4 reference-disagreement=615 same=9118
[9764/100000] reference-disagreement attribute-ifconfig-elseif-list len=138 artifacts=17 advent-overaccept=13 advent-underaccept=4 reference-disagreement=616 same=9131
[9769/100000] reference-disagreement wide:extension-member:raw:expression:testKeyPathMethodAndInitializers#19 len=62 artifacts=17 advent-overaccept=13 advent-underaccept=4 reference-disagreement=617 same=9135
[9777/100000] advent-underaccept wide:top:delete+space+line-comment:statement:testYield#7 len=35 artifacts=18 advent-overaccept=13 advent-underaccept=5 reference-disagreement=617 same=9142
[9787/100000] reference-disagreement wide:func-body:newline:fuzz-harvest:requirement-layout len=47 artifacts=18 advent-overaccept=13 advent-underaccept=5 reference-disagreement=618 same=9151
[9788/100000] reference-disagreement cast-try-operator-cluster len=24 artifacts=18 advent-overaccept=13 advent-underaccept=5 reference-disagreement=619 same=9151
[9813/100000] reference-disagreement wide:extension-member:splice:real:Parameters:56 len=58 artifacts=18 advent-overaccept=13 advent-underaccept=5 reference-disagreement=620 same=9175
[9824/100000] reference-disagreement wide:trailing-closure:newline:attribute:testBackDeployed#3 len=128 artifacts=18 advent-overaccept=13 advent-underaccept=5 reference-disagreement=621 same=9185
[9845/100000] reference-disagreement wide:extension-member:raw:real:SyntaxTraits:696 len=74 artifacts=18 advent-overaccept=13 advent-underaccept=5 reference-disagreement=622 same=9205
[9846/100000] reference-disagreement wide:trailing-closure:raw:real:DeclSyntaxParseable:49 len=57 artifacts=18 advent-overaccept=13 advent-underaccept=5 reference-disagreement=623 same=9205
[9871/100000] reference-disagreement member-list-wide-boundary len=598 artifacts=18 advent-overaccept=13 advent-underaccept=5 reference-disagreement=624 same=9229
[9879/100000] reference-disagreement wide:trailing-closure:newline:real:Expressions:2114 len=287 artifacts=18 advent-overaccept=13 advent-underaccept=5 reference-disagreement=625 same=9236
[9901/100000] reference-disagreement wide:extension-member:raw:real:SyntaxTraits:736 len=65 artifacts=18 advent-overaccept=13 advent-underaccept=5 reference-disagreement=626 same=9257
[9904/100000] reference-disagreement wide:struct-member:space+newline+space:real:BuildableNodes:1441 len=987 artifacts=18 advent-overaccept=13 advent-underaccept=5 reference-disagreement=627 same=9259
[9906/100000] reference-disagreement keypath-boundary len=33 artifacts=18 advent-overaccept=13 advent-underaccept=5 reference-disagreement=628 same=9260
[9941/100000] reference-disagreement member-list-wide-boundary len=159 artifacts=18 advent-overaccept=13 advent-underaccept=5 reference-disagreement=629 same=9294
[9944/100000] reference-disagreement wide:top:newline+keyword+space:translated:testSwitch20#1 len=41 artifacts=18 advent-overaccept=13 advent-underaccept=5 reference-disagreement=630 same=9296
[9951/100000] reference-disagreement wide:func-body:newline:real:WarningControlRegionBuilder:91 len=272 artifacts=18 advent-overaccept=13 advent-underaccept=5 reference-disagreement=631 same=9302
[9956/100000] reference-disagreement tspl-divergence-protocol-body len=198 artifacts=18 advent-overaccept=13 advent-underaccept=5 reference-disagreement=632 same=9306
[9981/100000] reference-disagreement attribute-ifconfig-elseif-list len=138 artifacts=18 advent-overaccept=13 advent-underaccept=5 reference-disagreement=633 same=9330
[9998/100000] reference-disagreement wide:trailing-closure:raw:real:MissingNodeInitializers:92 len=230 artifacts=18 advent-overaccept=13 advent-underaccept=5 reference-disagreement=634 same=9346
[10000/100000] same operator-decl-boundary len=162 artifacts=18 advent-overaccept=13 advent-underaccept=5 reference-disagreement=634 same=9348
[10015/100000] reference-disagreement attribute-boundary len=32 artifacts=18 advent-overaccept=13 advent-underaccept=5 reference-disagreement=635 same=9362
[10025/100000] reference-disagreement wide:func-body:raw:real:Syntax+StringInterpolation:453 len=574 artifacts=18 advent-overaccept=13 advent-underaccept=5 reference-disagreement=636 same=9371
[10026/100000] reference-disagreement member-list-wide-boundary len=318 artifacts=18 advent-overaccept=13 advent-underaccept=5 reference-disagreement=637 same=9371
[10027/100000] reference-disagreement wide:struct-member:swap:real:ConvenienceInitializers:68 len=135 artifacts=18 advent-overaccept=13 advent-underaccept=5 reference-disagreement=638 same=9371
[10037/100000] reference-disagreement wide:closure:newline:real:SyntaxTraits:834 len=157 artifacts=18 advent-overaccept=13 advent-underaccept=5 reference-disagreement=639 same=9380
[10044/100000] reference-disagreement wide:trailing-closure:line-comment+newline+line-comment:real:IntegerLiteralUtilities:19+real:SyntaxTraits:506 len=1259 artifacts=18 advent-overaccept=13 advent-underaccept=5 reference-disagreement=640 same=9386
[10062/100000] reference-disagreement wide:func-body:space+block-comment+line-comment:translated:testForwardSlashRegexSkippingAllowed9#1 len=83 artifacts=18 advent-overaccept=13 advent-underaccept=5 reference-disagreement=641 same=9403
[10072/100000] reference-disagreement member-list-wide-boundary len=240 artifacts=18 advent-overaccept=13 advent-underaccept=5 reference-disagreement=642 same=9412
[10080/100000] reference-disagreement wide:struct-member:newline+newline:real:Assertions:648 len=451 artifacts=18 advent-overaccept=13 advent-underaccept=5 reference-disagreement=643 same=9419
[10081/100000] reference-disagreement statement-list len=617 artifacts=18 advent-overaccept=13 advent-underaccept=5 reference-disagreement=644 same=9419
[10091/100000] reference-disagreement wide:func-body:line-comment+glue:translated:testTry25#1 len=110 artifacts=18 advent-overaccept=13 advent-underaccept=5 reference-disagreement=645 same=9428
[10141/100000] reference-disagreement wide:closure:line-comment:real:SyntaxEnum:1190 len=387 artifacts=18 advent-overaccept=13 advent-underaccept=5 reference-disagreement=646 same=9477
[10161/100000] reference-disagreement attribute-ifconfig-elseif-list len=121 artifacts=18 advent-overaccept=13 advent-underaccept=5 reference-disagreement=647 same=9496
[10174/100000] reference-disagreement member-list-wide-boundary len=262 artifacts=18 advent-overaccept=13 advent-underaccept=5 reference-disagreement=648 same=9508
[10178/100000] reference-disagreement statement-list len=496 artifacts=18 advent-overaccept=13 advent-underaccept=5 reference-disagreement=649 same=9511
[10190/100000] reference-disagreement wide:struct-member:newline:real:ConvenienceInitializers:111 len=669 artifacts=18 advent-overaccept=13 advent-underaccept=5 reference-disagreement=650 same=9522
[10191/100000] reference-disagreement keypath-component-matrix len=49 artifacts=18 advent-overaccept=13 advent-underaccept=5 reference-disagreement=651 same=9522
[10246/100000] reference-disagreement wide:struct-member:newline:real:BasicMacroExpansionContext:118 len=1037 artifacts=18 advent-overaccept=13 advent-underaccept=5 reference-disagreement=652 same=9576
[10250/100000] same frontier:parser-mode-scope len=58 artifacts=18 advent-overaccept=13 advent-underaccept=5 reference-disagreement=652 same=9580
[10285/100000] reference-disagreement binding-pattern len=458 artifacts=18 advent-overaccept=13 advent-underaccept=5 reference-disagreement=653 same=9614
[10321/100000] reference-disagreement wide:struct-member:keyword:translated:testMatchingPatterns18#1+real:CallLikeSyntax:31 len=360 artifacts=18 advent-overaccept=13 advent-underaccept=5 reference-disagreement=654 same=9649
[10352/100000] reference-disagreement wide:struct-member:raw:real:SyntaxSynthesis:53 len=729 artifacts=18 advent-overaccept=13 advent-underaccept=5 reference-disagreement=655 same=9679
[10388/100000] reference-disagreement wide:struct-member:glue:real:Parser:865+real:DeclSyntaxParseable:52 len=282 artifacts=18 advent-overaccept=13 advent-underaccept=5 reference-disagreement=656 same=9714
[10394/100000] reference-disagreement wide:after-statement:block-comment:declaration:testDeinitializers#2+real:MissingNodeInitializers:92 len=255 artifacts=18 advent-overaccept=13 advent-underaccept=5 reference-disagreement=657 same=9719
[10445/100000] reference-disagreement wide:func-body:newline+splice:real:AddPackageTarget:137 len=494 artifacts=18 advent-overaccept=13 advent-underaccept=5 reference-disagreement=658 same=9769
[10466/100000] reference-disagreement wide:trailing-closure:newline:real:SyntaxExpressibleByStringInterpolationConformances:25 len=86 artifacts=18 advent-overaccept=13 advent-underaccept=5 reference-disagreement=659 same=9789
[10483/100000] reference-disagreement grammarish-member-list len=198 artifacts=18 advent-overaccept=13 advent-underaccept=5 reference-disagreement=660 same=9805
[10488/100000] reference-disagreement wide:closure:space:real:EditorPlaceholder:70 len=68 artifacts=18 advent-overaccept=13 advent-underaccept=5 reference-disagreement=661 same=9809
[10489/100000] reference-disagreement wide:trailing-closure:raw:real:ResultBuilders:544 len=201 artifacts=18 advent-overaccept=13 advent-underaccept=5 reference-disagreement=662 same=9809
[10500/100000] same wide:top:line-comment:real:ParserDiagnosticMessages:440+reject:testDiagnosticMissingFuncKeyword5d#1 len=906 artifacts=18 advent-overaccept=13 advent-underaccept=5 reference-disagreement=662 same=9820
[10504/100000] reference-disagreement wide:extension-member:glue+splice:attribute:testOriginallyDefinedIn#2 len=110 artifacts=18 advent-overaccept=13 advent-underaccept=5 reference-disagreement=663 same=9823
[10522/100000] reference-disagreement wide:closure:raw:real:SyntaxCollections:676 len=521 artifacts=18 advent-overaccept=13 advent-underaccept=5 reference-disagreement=664 same=9840
[10559/100000] reference-disagreement wide:func-body:newline+duplicate:type:testNonisolatedSpecifier#1 len=55 artifacts=18 advent-overaccept=13 advent-underaccept=5 reference-disagreement=665 same=9876
[10582/100000] reference-disagreement wide:trailing-closure:keyword+space+newline:expression:testStringLiterals#4+real:SyntaxTraits:732 len=87 artifacts=18 advent-overaccept=13 advent-underaccept=5 reference-disagreement=666 same=9898
[10603/100000] reference-disagreement wide:closure:raw:real:RegexLiteralLexer:339 len=335 artifacts=18 advent-overaccept=13 advent-underaccept=5 reference-disagreement=667 same=9918
[10628/100000] reference-disagreement keypath-boundary len=38 artifacts=18 advent-overaccept=13 advent-underaccept=5 reference-disagreement=668 same=9942
[10637/100000] reference-disagreement tspl-divergence-protocol-body len=204 artifacts=18 advent-overaccept=13 advent-underaccept=5 reference-disagreement=669 same=9950
[10648/100000] reference-disagreement binding-pattern len=458 artifacts=18 advent-overaccept=13 advent-underaccept=5 reference-disagreement=670 same=9960
[10697/100000] reference-disagreement wide:extension-member:newline:real:SyntaxTraits:856 len=83 artifacts=18 advent-overaccept=13 advent-underaccept=5 reference-disagreement=671 same=10008
[10698/100000] reference-disagreement attribute-ifconfig-elseif-list len=108 artifacts=18 advent-overaccept=13 advent-underaccept=5 reference-disagreement=672 same=10008
[10739/100000] reference-disagreement wide:extension-member:raw:real:SyntaxExpressibleByStringInterpolationConformances:238+real:DeclSyntaxParseable:62 len=148 artifacts=18 advent-overaccept=13 advent-underaccept=5 reference-disagreement=673 same=10048
[10750/100000] same frontier:protocol-accessor-shape len=83 artifacts=18 advent-overaccept=13 advent-underaccept=5 reference-disagreement=673 same=10059
[10764/100000] reference-disagreement attribute-ifconfig-elseif-list len=143 artifacts=18 advent-overaccept=13 advent-underaccept=5 reference-disagreement=674 same=10072
[10766/100000] reference-disagreement wide:trailing-closure:raw:real:ResultBuilders:219 len=186 artifacts=18 advent-overaccept=13 advent-underaccept=5 reference-disagreement=675 same=10073
[10777/100000] reference-disagreement wide:closure:raw:real:LayoutNodes+Parsable:87 len=239 artifacts=18 advent-overaccept=13 advent-underaccept=5 reference-disagreement=676 same=10083
[10804/100000] reference-disagreement wide:closure:raw:real:Syntax:348 len=152 artifacts=18 advent-overaccept=13 advent-underaccept=5 reference-disagreement=677 same=10109
[10806/100000] reference-disagreement tspl-divergence-protocol-body len=101 artifacts=18 advent-overaccept=13 advent-underaccept=5 reference-disagreement=678 same=10110
[10810/100000] reference-disagreement wide:top:raw:expression:testKeyPathMethodAndInitializers#7 len=16 artifacts=18 advent-overaccept=13 advent-underaccept=5 reference-disagreement=679 same=10113
[10815/100000] reference-disagreement wide:closure:raw:real:Note:22 len=209 artifacts=18 advent-overaccept=13 advent-underaccept=5 reference-disagreement=680 same=10117
[10823/100000] reference-disagreement cast-try-operator-cluster len=24 artifacts=18 advent-overaccept=13 advent-underaccept=5 reference-disagreement=681 same=10124
[10847/100000] reference-disagreement keypath-boundary len=37 artifacts=18 advent-overaccept=13 advent-underaccept=5 reference-disagreement=682 same=10147
[10850/100000] reference-disagreement wide:closure:raw:real:ActiveSyntaxRewriter:446 len=943 artifacts=18 advent-overaccept=13 advent-underaccept=5 reference-disagreement=683 same=10149
[10866/100000] reference-disagreement wide:struct-member:line-comment+space:real:Syntax+StringInterpolation:325 len=71 artifacts=18 advent-overaccept=13 advent-underaccept=5 reference-disagreement=684 same=10164
[10872/100000] reference-disagreement member-list-wide-boundary len=320 artifacts=18 advent-overaccept=13 advent-underaccept=5 reference-disagreement=685 same=10169
[10885/100000] reference-disagreement grammarish-member-list len=305 artifacts=18 advent-overaccept=13 advent-underaccept=5 reference-disagreement=686 same=10181
[10891/100000] reference-disagreement wide:after-statement:raw:translated:testPatternWithoutVariables6#1+real:SyntaxExpressibleByStringInterpolationConformances:103 len=181 artifacts=18 advent-overaccept=13 advent-underaccept=5 reference-disagreement=687 same=10186
[10897/100000] reference-disagreement member-list-wide-boundary len=159 artifacts=18 advent-overaccept=13 advent-underaccept=5 reference-disagreement=688 same=10191
[10903/100000] reference-disagreement keypath-component-matrix len=40 artifacts=18 advent-overaccept=13 advent-underaccept=5 reference-disagreement=689 same=10196
[10928/100000] reference-disagreement wide:func-body:newline:translated:testInitDeinit4#1 len=86 artifacts=18 advent-overaccept=13 advent-underaccept=5 reference-disagreement=690 same=10220
[10931/100000] reference-disagreement wide:extension-member:keyword:real:Loggers:11 len=625 artifacts=18 advent-overaccept=13 advent-underaccept=5 reference-disagreement=691 same=10222
[10971/100000] reference-disagreement wide:ifconfig:line-comment+line-comment:declaration:testAttributedMacroExpansionDeclaration#10 len=86 artifacts=18 advent-overaccept=13 advent-underaccept=5 reference-disagreement=692 same=10261
[10974/100000] reference-disagreement wide:func-body:block-comment+block-comment:real:ResultBuilders:228 len=146 artifacts=18 advent-overaccept=13 advent-underaccept=5 reference-disagreement=693 same=10263
[11000/100000] same seed-corpus-wrapped:import-operator-declaration len=46 artifacts=18 advent-overaccept=13 advent-underaccept=5 reference-disagreement=693 same=10289
[11076/100000] reference-disagreement wide:trailing-closure:raw:real:SyntaxTraits:734 len=55 artifacts=18 advent-overaccept=13 advent-underaccept=5 reference-disagreement=694 same=10364
[11077/100000] reference-disagreement tspl-divergence-protocol-body len=231 artifacts=18 advent-overaccept=13 advent-underaccept=5 reference-disagreement=695 same=10364
[11078/100000] reference-disagreement binding-pattern len=458 artifacts=18 advent-overaccept=13 advent-underaccept=5 reference-disagreement=696 same=10364
[11099/100000] reference-disagreement member-list-wide-boundary len=195 artifacts=18 advent-overaccept=13 advent-underaccept=5 reference-disagreement=697 same=10384
[11119/100000] reference-disagreement wide:closure:newline:real:Syntax+StringInterpolation:478+real:BasicMacroExpansionContext:109 len=433 artifacts=18 advent-overaccept=13 advent-underaccept=5 reference-disagreement=698 same=10403
[11122/100000] reference-disagreement wide:closure:raw:real:Scanner:98 len=174 artifacts=18 advent-overaccept=13 advent-underaccept=5 reference-disagreement=699 same=10405
[11143/100000] reference-disagreement member-list-wide-boundary len=133 artifacts=18 advent-overaccept=13 advent-underaccept=5 reference-disagreement=700 same=10425
[11148/100000] reference-disagreement grammarish-member-list len=407 artifacts=18 advent-overaccept=13 advent-underaccept=5 reference-disagreement=701 same=10429
[11152/100000] reference-disagreement tspl-divergence-protocol-body len=189 artifacts=18 advent-overaccept=13 advent-underaccept=5 reference-disagreement=702 same=10432
[11159/100000] reference-disagreement wide:struct-member:raw:real:ConvenienceInitializers:230+real:SyntaxTraits:758 len=238 artifacts=18 advent-overaccept=13 advent-underaccept=5 reference-disagreement=703 same=10438
[11197/100000] reference-disagreement attribute-ifconfig-elseif-list len=115 artifacts=18 advent-overaccept=13 advent-underaccept=5 reference-disagreement=704 same=10475
[11199/100000] reference-disagreement wide:closure:keyword+line-comment+newline:real:RefactoringProvider:85 len=1023 artifacts=18 advent-overaccept=13 advent-underaccept=5 reference-disagreement=705 same=10476
[11250/100000] same wide:closure:duplicate:translated:testTypeExpr25u#1 len=80 artifacts=18 advent-overaccept=13 advent-underaccept=5 reference-disagreement=705 same=10527
[11303/100000] reference-disagreement tspl-divergence-protocol-body len=135 artifacts=18 advent-overaccept=13 advent-underaccept=5 reference-disagreement=706 same=10579
[11304/100000] advent-underaccept wide:after-statement:space+space:real:SyntaxExtensions:217 len=440 artifacts=19 advent-overaccept=13 advent-underaccept=6 reference-disagreement=706 same=10579
[11306/100000] reference-disagreement keypath-component-matrix len=53 artifacts=19 advent-overaccept=13 advent-underaccept=6 reference-disagreement=707 same=10580
[11316/100000] reference-disagreement wide:extension-member:raw:real:DeclSyntaxParseable:59 len=71 artifacts=19 advent-overaccept=13 advent-underaccept=6 reference-disagreement=708 same=10589
[11329/100000] reference-disagreement member-list-wide-boundary len=115 artifacts=19 advent-overaccept=13 advent-underaccept=6 reference-disagreement=709 same=10601
[11349/100000] reference-disagreement keypath-component-matrix len=26 artifacts=19 advent-overaccept=13 advent-underaccept=6 reference-disagreement=710 same=10620
[11413/100000] reference-disagreement tspl-divergence-protocol-body len=155 artifacts=19 advent-overaccept=13 advent-underaccept=6 reference-disagreement=711 same=10683
[11419/100000] reference-disagreement wide:closure:block-comment:phase4-string:raw-simple+real:SyntaxExpressibleByStringInterpolationConformances:133 len=123 artifacts=19 advent-overaccept=13 advent-underaccept=6 reference-disagreement=712 same=10688
[11432/100000] reference-disagreement attribute-ifconfig-elseif-list len=111 artifacts=19 advent-overaccept=13 advent-underaccept=6 reference-disagreement=713 same=10700
[11445/100000] reference-disagreement cast-try-operator-cluster len=24 artifacts=19 advent-overaccept=13 advent-underaccept=6 reference-disagreement=714 same=10712
[11457/100000] reference-disagreement wide:func-body:space+newline+space:declaration:testVariableDeclarations#4+phase4-loop:while len=90 artifacts=19 advent-overaccept=13 advent-underaccept=6 reference-disagreement=715 same=10723
[11500/100000] same wide:ifconfig:newline+keyword:reject:testFuncParsing#4 len=43 artifacts=19 advent-overaccept=13 advent-underaccept=6 reference-disagreement=715 same=10766
[11504/100000] reference-disagreement member-list-wide-boundary len=182 artifacts=19 advent-overaccept=13 advent-underaccept=6 reference-disagreement=716 same=10769
[11510/100000] reference-disagreement keypath-component-matrix len=37 artifacts=19 advent-overaccept=13 advent-underaccept=6 reference-disagreement=717 same=10774
[11515/100000] advent-overaccept wide:ifconfig:raw:declaration:testInitializerWithReturnType#1 len=98 artifacts=20 advent-overaccept=14 advent-underaccept=6 reference-disagreement=717 same=10778
[11548/100000] reference-disagreement keypath-component-matrix len=41 artifacts=20 advent-overaccept=14 advent-underaccept=6 reference-disagreement=718 same=10810
[11581/100000] advent-overaccept wide:closure:raw:translated:testFunctionTypeExpr#1 len=28 artifacts=21 advent-overaccept=15 advent-underaccept=6 reference-disagreement=718 same=10842
[11585/100000] reference-disagreement tspl-divergence-protocol-body len=111 artifacts=21 advent-overaccept=15 advent-underaccept=6 reference-disagreement=719 same=10845
[11618/100000] reference-disagreement wide:extension-member:line-comment+keyword:real:SyntaxTraits:792 len=126 artifacts=21 advent-overaccept=15 advent-underaccept=6 reference-disagreement=720 same=10877
[11621/100000] advent-underaccept wide:ifconfig:newline+newline:translated:testSwitch70#1 len=54 artifacts=22 advent-overaccept=15 advent-underaccept=7 reference-disagreement=720 same=10879
[11683/100000] reference-disagreement grammarish-member-list len=360 artifacts=22 advent-overaccept=15 advent-underaccept=7 reference-disagreement=721 same=10940
[11711/100000] reference-disagreement grammarish-member-list len=139 artifacts=22 advent-overaccept=15 advent-underaccept=7 reference-disagreement=722 same=10967
[11750/100000] same wide:top:newline+splice+line-comment:reject:testEnum92#1+phase4-ifconfig:regex-extended len=102 artifacts=22 advent-overaccept=15 advent-underaccept=7 reference-disagreement=722 same=11006
[11784/100000] reference-disagreement wide:func-body:space:real:SyntaxExpressibleByStringInterpolationConformances:115 len=85 artifacts=22 advent-overaccept=15 advent-underaccept=7 reference-disagreement=723 same=11039
[11815/100000] reference-disagreement tspl-divergence-protocol-body len=288 artifacts=22 advent-overaccept=15 advent-underaccept=7 reference-disagreement=724 same=11069
[11816/100000] reference-disagreement wide:struct-member:raw:real:DeclSyntaxParseable:25+real:Syntax+StringInterpolation:172 len=1310 artifacts=22 advent-overaccept=15 advent-underaccept=7 reference-disagreement=725 same=11069
[11834/100000] reference-disagreement wide:extension-member:raw:real:ANSIDiagnosticDecorator:13 len=176 artifacts=22 advent-overaccept=15 advent-underaccept=7 reference-disagreement=726 same=11086
[11838/100000] reference-disagreement member-list-wide-boundary len=149 artifacts=22 advent-overaccept=15 advent-underaccept=7 reference-disagreement=727 same=11089
[11865/100000] reference-disagreement wide:func-body:keyword:real:Trivia:210 len=266 artifacts=22 advent-overaccept=15 advent-underaccept=7 reference-disagreement=728 same=11115
[11882/100000] reference-disagreement wide:trailing-closure:raw:real:Syntax+StringInterpolation:472 len=84 artifacts=22 advent-overaccept=15 advent-underaccept=7 reference-disagreement=729 same=11131
[11909/100000] reference-disagreement tspl-divergence-protocol-body len=237 artifacts=22 advent-overaccept=15 advent-underaccept=7 reference-disagreement=730 same=11157
[11913/100000] reference-disagreement wide:struct-member:space+block-comment:real:Convenience:19 len=474 artifacts=22 advent-overaccept=15 advent-underaccept=7 reference-disagreement=731 same=11160
[11921/100000] reference-disagreement wide:closure:newline+splice+glue:real:SyntaxClassifier:45 len=588 artifacts=22 advent-overaccept=15 advent-underaccept=7 reference-disagreement=732 same=11167
[11923/100000] reference-disagreement wide:trailing-closure:space:real:SyntaxParsable+ExpressibleByStringInterpolation:50 len=250 artifacts=22 advent-overaccept=15 advent-underaccept=7 reference-disagreement=733 same=11168
[11932/100000] reference-disagreement tspl-divergence-accessor-commitment len=49 artifacts=22 advent-overaccept=15 advent-underaccept=7 reference-disagreement=734 same=11176
[11936/100000] reference-disagreement seed-corpus-wrapped:operator-question-assignment len=118 artifacts=22 advent-overaccept=15 advent-underaccept=7 reference-disagreement=735 same=11179
[11939/100000] reference-disagreement wide:top:space+keyword:attribute:testTransposeAttribute#1+real:ConvenienceInitializers:23 len=540 artifacts=22 advent-overaccept=15 advent-underaccept=7 reference-disagreement=736 same=11181
[11969/100000] reference-disagreement grammarish-member-list len=333 artifacts=22 advent-overaccept=15 advent-underaccept=7 reference-disagreement=737 same=11210
[12000/100000] same wide:trailing-closure:delete+glue+newline:declaration:testBorrowingConsumingParameterSpecifiers#10 len=39 artifacts=22 advent-overaccept=15 advent-underaccept=7 reference-disagreement=737 same=11241
[12001/100000] reference-disagreement wide:trailing-closure:block-comment:real:String+TrimmingTrailingWhitespace:23 len=192 artifacts=22 advent-overaccept=15 advent-underaccept=7 reference-disagreement=738 same=11241
[12046/100000] reference-disagreement wide:trailing-closure:raw:real:SyntaxBaseNodes:899 len=81 artifacts=22 advent-overaccept=15 advent-underaccept=7 reference-disagreement=739 same=11285
[12073/100000] reference-disagreement seed-corpus-structural-splice:declaration-modifier-stack len=84 artifacts=22 advent-overaccept=15 advent-underaccept=7 reference-disagreement=740 same=11311
[12078/100000] reference-disagreement wide:closure:line-comment:real:ParserDiagnosticMessages:675 len=558 artifacts=22 advent-overaccept=15 advent-underaccept=7 reference-disagreement=741 same=11315
[12079/100000] reference-disagreement cast-try-operator-cluster len=24 artifacts=22 advent-overaccept=15 advent-underaccept=7 reference-disagreement=742 same=11315
[12082/100000] reference-disagreement wide:func-body:glue+duplicate+space:translated:testTypeExpr29#1+real:SyntaxExtensions:217 len=515 artifacts=22 advent-overaccept=15 advent-underaccept=7 reference-disagreement=743 same=11317
[12103/100000] reference-disagreement attribute-ifconfig-elseif-list len=114 artifacts=22 advent-overaccept=15 advent-underaccept=7 reference-disagreement=744 same=11337
[12153/100000] reference-disagreement wide:struct-member:space:real:StringLiterals:765 len=172 artifacts=22 advent-overaccept=15 advent-underaccept=7 reference-disagreement=745 same=11386
[12154/100000] reference-disagreement tspl-divergence-protocol-body len=221 artifacts=22 advent-overaccept=15 advent-underaccept=7 reference-disagreement=746 same=11386
[12206/100000] reference-disagreement keypath-component-matrix len=37 artifacts=22 advent-overaccept=15 advent-underaccept=7 reference-disagreement=747 same=11437
[12220/100000] reference-disagreement wide:func-body:keyword:real:AssertEqualWithDiff:15 len=385 artifacts=22 advent-overaccept=15 advent-underaccept=7 reference-disagreement=748 same=11450
[12250/100000] same frontier:statement-member-context len=66 artifacts=22 advent-overaccept=15 advent-underaccept=7 reference-disagreement=748 same=11480
[12316/100000] reference-disagreement wide:struct-member:splice+line-comment+splice:real:ConfiguredRegions:138 len=286 artifacts=22 advent-overaccept=15 advent-underaccept=7 reference-disagreement=749 same=11545
[12318/100000] reference-disagreement wide:func-body:raw:real:ParserDiagnosticMessages:815 len=303 artifacts=22 advent-overaccept=15 advent-underaccept=7 reference-disagreement=750 same=11546
[12336/100000] reference-disagreement declaration-modifier-stack len=34 artifacts=22 advent-overaccept=15 advent-underaccept=7 reference-disagreement=751 same=11563
[12378/100000] reference-disagreement member-list-wide-boundary len=414 artifacts=22 advent-overaccept=15 advent-underaccept=7 reference-disagreement=752 same=11604
[12389/100000] reference-disagreement wide:func-body:newline+duplicate+newline:translated:testInitDeinit19#1 len=74 artifacts=22 advent-overaccept=15 advent-underaccept=7 reference-disagreement=753 same=11614
[12411/100000] reference-disagreement attribute-boundary len=50 artifacts=22 advent-overaccept=15 advent-underaccept=7 reference-disagreement=754 same=11635
[12420/100000] reference-disagreement wide:func-body:glue:real:SyntaxTraits:764+translated:testSwitch29#1 len=330 artifacts=22 advent-overaccept=15 advent-underaccept=7 reference-disagreement=755 same=11643
[12440/100000] reference-disagreement wide:trailing-closure:splice+glue:real:Parameters:37 len=60 artifacts=22 advent-overaccept=15 advent-underaccept=7 reference-disagreement=756 same=11662
[12445/100000] reference-disagreement grammarish-member-list len=145 artifacts=22 advent-overaccept=15 advent-underaccept=7 reference-disagreement=757 same=11666
[12500/100000] same type-composition-boundary len=180 artifacts=22 advent-overaccept=15 advent-underaccept=7 reference-disagreement=757 same=11721
[12513/100000] reference-disagreement wide:closure:block-comment+keyword:reject:testFunctionWithoutNameOrArguments#1 len=40 artifacts=22 advent-overaccept=15 advent-underaccept=7 reference-disagreement=758 same=11733
[12519/100000] reference-disagreement func-body len=458 artifacts=22 advent-overaccept=15 advent-underaccept=7 reference-disagreement=759 same=11738
[12523/100000] reference-disagreement grammarish-member-list len=213 artifacts=22 advent-overaccept=15 advent-underaccept=7 reference-disagreement=760 same=11741
[12566/100000] reference-disagreement tspl-divergence-protocol-body len=269 artifacts=22 advent-overaccept=15 advent-underaccept=7 reference-disagreement=761 same=11783
[12585/100000] reference-disagreement declaration-modifier-stack len=34 artifacts=22 advent-overaccept=15 advent-underaccept=7 reference-disagreement=762 same=11801
[12612/100000] reference-disagreement attribute-ifconfig-elseif-list len=133 artifacts=22 advent-overaccept=15 advent-underaccept=7 reference-disagreement=763 same=11827
[12644/100000] reference-disagreement wide:extension-member:raw:real:MacroSystem:1567 len=194 artifacts=22 advent-overaccept=15 advent-underaccept=7 reference-disagreement=764 same=11858
[12662/100000] reference-disagreement member-list-wide-boundary len=229 artifacts=22 advent-overaccept=15 advent-underaccept=7 reference-disagreement=765 same=11875
[12750/100000] same wide:closure:newline+keyword+glue:translated:testTry2#1 len=284 artifacts=22 advent-overaccept=15 advent-underaccept=7 reference-disagreement=765 same=11963
[12758/100000] reference-disagreement wide:func-body:duplicate+glue:real:ResultBuilders:332 len=141 artifacts=22 advent-overaccept=15 advent-underaccept=7 reference-disagreement=766 same=11970
[12759/100000] reference-disagreement wide:trailing-closure:raw:attribute:testABIAttribute#2 len=60 artifacts=22 advent-overaccept=15 advent-underaccept=7 reference-disagreement=767 same=11970
[12780/100000] reference-disagreement attribute-boundary len=32 artifacts=22 advent-overaccept=15 advent-underaccept=7 reference-disagreement=768 same=11990
[12788/100000] reference-disagreement wide:trailing-closure:raw:real:Assertions:187 len=1162 artifacts=22 advent-overaccept=15 advent-underaccept=7 reference-disagreement=769 same=11997
[12827/100000] reference-disagreement wide:closure:newline+space+space:real:ResultBuilders:741 len=144 artifacts=22 advent-overaccept=15 advent-underaccept=7 reference-disagreement=770 same=12035
[12847/100000] reference-disagreement keypath-boundary len=33 artifacts=22 advent-overaccept=15 advent-underaccept=7 reference-disagreement=771 same=12054
[12862/100000] reference-disagreement wide:extension-member:newline:real:SyntaxExpressibleByStringInterpolationConformances:43+real:SyntaxTraits:832 len=167 artifacts=22 advent-overaccept=15 advent-underaccept=7 reference-disagreement=772 same=12068
[12890/100000] reference-disagreement wide:func-body:raw:real:RawSyntaxNodesTUVWXYZ:17+translated:testModuleSelectorAttrs#2 len=195 artifacts=22 advent-overaccept=15 advent-underaccept=7 reference-disagreement=773 same=12095
[12894/100000] reference-disagreement attribute-ifconfig-elseif-list len=137 artifacts=22 advent-overaccept=15 advent-underaccept=7 reference-disagreement=774 same=12098
[12907/100000] reference-disagreement grammarish-member-list len=111 artifacts=22 advent-overaccept=15 advent-underaccept=7 reference-disagreement=775 same=12110
[12932/100000] reference-disagreement wide:trailing-closure:line-comment:real:SwiftSyntaxCompatibility:801 len=332 artifacts=22 advent-overaccept=15 advent-underaccept=7 reference-disagreement=776 same=12134
[12963/100000] reference-disagreement wide:trailing-closure:line-comment+space:real:SyntaxBaseNodes:325 len=69 artifacts=22 advent-overaccept=15 advent-underaccept=7 reference-disagreement=777 same=12164
[12976/100000] reference-disagreement member-list-wide-boundary len=321 artifacts=22 advent-overaccept=15 advent-underaccept=7 reference-disagreement=778 same=12176
[12997/100000] reference-disagreement wide:func-body:newline+space+space:real:MacroSystem:1573 len=819 artifacts=22 advent-overaccept=15 advent-underaccept=7 reference-disagreement=779 same=12196
[13000/100000] reference-disagreement tspl-divergence-protocol-body len=156 artifacts=22 advent-overaccept=15 advent-underaccept=7 reference-disagreement=780 same=12198
[13014/100000] reference-disagreement attribute-ifconfig-elseif-list len=123 artifacts=22 advent-overaccept=15 advent-underaccept=7 reference-disagreement=781 same=12211
[13027/100000] reference-disagreement wide:struct-member:line-comment:real:DeclSyntaxParseable:54 len=74 artifacts=22 advent-overaccept=15 advent-underaccept=7 reference-disagreement=782 same=12223
[13028/100000] reference-disagreement wide:func-body:line-comment+newline:real:SyntaxNodeWithBody:209 len=73 artifacts=22 advent-overaccept=15 advent-underaccept=7 reference-disagreement=783 same=12223
[13036/100000] reference-disagreement cast-try-operator-cluster len=24 artifacts=22 advent-overaccept=15 advent-underaccept=7 reference-disagreement=784 same=12230
[13056/100000] reference-disagreement wide:trailing-closure:raw:real:Trivia:203 len=243 artifacts=22 advent-overaccept=15 advent-underaccept=7 reference-disagreement=785 same=12249
[13057/100000] reference-disagreement wide:func-body:raw:real:FixIt:103 len=678 artifacts=22 advent-overaccept=15 advent-underaccept=7 reference-disagreement=786 same=12249
[13062/100000] reference-disagreement wide:func-body:line-comment+glue+newline:translated:testRawString28#1 len=105 artifacts=22 advent-overaccept=15 advent-underaccept=7 reference-disagreement=787 same=12253
[13118/100000] reference-disagreement tspl-divergence-protocol-body len=267 artifacts=22 advent-overaccept=15 advent-underaccept=7 reference-disagreement=788 same=12308
[13154/100000] reference-disagreement attribute-ifconfig-elseif-list len=129 artifacts=22 advent-overaccept=15 advent-underaccept=7 reference-disagreement=789 same=12343
[13196/100000] reference-disagreement wide:struct-member:raw:translated:testEffectfulProperties6#1 len=118 artifacts=22 advent-overaccept=15 advent-underaccept=7 reference-disagreement=790 same=12384
[13216/100000] reference-disagreement wide:after-statement:space+space:attribute:testABIAttribute#18 len=55 artifacts=22 advent-overaccept=15 advent-underaccept=7 reference-disagreement=791 same=12403
[13222/100000] reference-disagreement tspl-divergence-accessor-commitment len=78 artifacts=22 advent-overaccept=15 advent-underaccept=7 reference-disagreement=792 same=12408
[13223/100000] reference-disagreement wide:struct-member:line-comment:translated:testEnumCaseWithWildcardAsFirstName#1+real:IdentifiableSyntax:22 len=174 artifacts=22 advent-overaccept=15 advent-underaccept=7 reference-disagreement=793 same=12408
[13250/100000] advent-underaccept wide:after-statement:newline+delete+keyword:expression:testUnsafeExpr#10 len=62 artifacts=23 advent-overaccept=15 advent-underaccept=8 reference-disagreement=793 same=12434
[13256/100000] reference-disagreement tspl-divergence-protocol-body len=136 artifacts=23 advent-overaccept=15 advent-underaccept=8 reference-disagreement=794 same=12439
[13267/100000] reference-disagreement tspl-divergence-protocol-body len=175 artifacts=23 advent-overaccept=15 advent-underaccept=8 reference-disagreement=795 same=12449
[13298/100000] reference-disagreement tspl-divergence-accessor-commitment len=49 artifacts=23 advent-overaccept=15 advent-underaccept=8 reference-disagreement=796 same=12479
[13302/100000] reference-disagreement cast-try-operator-cluster len=24 artifacts=23 advent-overaccept=15 advent-underaccept=8 reference-disagreement=797 same=12482
[13305/100000] reference-disagreement nested-ifconfig-boundary len=146 artifacts=23 advent-overaccept=15 advent-underaccept=8 reference-disagreement=798 same=12484
[13343/100000] reference-disagreement wide:struct-member:raw:translated:testOrinalDefinedInAttr12#1 len=92 artifacts=23 advent-overaccept=15 advent-underaccept=8 reference-disagreement=799 same=12521
[13352/100000] reference-disagreement wide:trailing-closure:raw:expression:testClosureWithExternalParameterName#1+real:SyntaxExpressibleByStringInterpolationConformances:22 len=110 artifacts=23 advent-overaccept=15 advent-underaccept=8 reference-disagreement=800 same=12529
[13354/100000] reference-disagreement wide:extension-member:duplicate:phase2-postfix:self-member len=37 artifacts=23 advent-overaccept=15 advent-underaccept=8 reference-disagreement=801 same=12530
[13357/100000] reference-disagreement wide:closure:delete:attribute:testMacroRoleNames#5 len=84 artifacts=23 advent-overaccept=15 advent-underaccept=8 reference-disagreement=802 same=12532
[13360/100000] reference-disagreement wide:func-body:block-comment:real:SyntaxCollections:761 len=459 artifacts=23 advent-overaccept=15 advent-underaccept=8 reference-disagreement=803 same=12534
[13374/100000] reference-disagreement wide:trailing-closure:raw:real:SyntaxParsable+ExpressibleByStringInterpolation:42 len=69 artifacts=23 advent-overaccept=15 advent-underaccept=8 reference-disagreement=804 same=12547
[13380/100000] reference-disagreement grammarish-member-list len=455 artifacts=23 advent-overaccept=15 advent-underaccept=8 reference-disagreement=805 same=12552
[13382/100000] reference-disagreement wide:trailing-closure:raw:declaration:testClassWithPrivateSet#1 len=86 artifacts=23 advent-overaccept=15 advent-underaccept=8 reference-disagreement=806 same=12553
[13388/100000] reference-disagreement wide:func-body:space+block-comment:real:PreambleMacro:22 len=690 artifacts=23 advent-overaccept=15 advent-underaccept=8 reference-disagreement=807 same=12558
[13410/100000] reference-disagreement wide:func-body:newline:real:SyntaxExpressibleByStringInterpolationConformances:73 len=193 artifacts=23 advent-overaccept=15 advent-underaccept=8 reference-disagreement=808 same=12579
[13415/100000] reference-disagreement wide:closure:newline+block-comment:real:Syntax+StringInterpolation:530 len=81 artifacts=23 advent-overaccept=15 advent-underaccept=8 reference-disagreement=809 same=12583
[13427/100000] reference-disagreement member-list-wide-boundary len=365 artifacts=23 advent-overaccept=15 advent-underaccept=8 reference-disagreement=810 same=12594
[13500/100000] same wide:struct-member:swap:translated:testFunctionTypeExpr#17 len=46 artifacts=23 advent-overaccept=15 advent-underaccept=8 reference-disagreement=810 same=12667
[13506/100000] reference-disagreement wide:closure:space:real:Nominals:381 len=372 artifacts=23 advent-overaccept=15 advent-underaccept=8 reference-disagreement=811 same=12672
[13516/100000] reference-disagreement tspl-divergence-protocol-body len=235 artifacts=23 advent-overaccept=15 advent-underaccept=8 reference-disagreement=812 same=12681
[13533/100000] reference-disagreement wide:closure:line-comment+newline+block-comment:attribute:testExpose#4 len=67 artifacts=23 advent-overaccept=15 advent-underaccept=8 reference-disagreement=813 same=12697
[13544/100000] reference-disagreement wide:trailing-closure:space+newline+newline:real:FormatRawStringLiteral:72 len=428 artifacts=23 advent-overaccept=15 advent-underaccept=8 reference-disagreement=814 same=12707
[13563/100000] reference-disagreement attribute-ifconfig-elseif-list len=127 artifacts=23 advent-overaccept=15 advent-underaccept=8 reference-disagreement=815 same=12725
[13566/100000] reference-disagreement wide:func-body:raw:real:SyntaxTraits:435 len=711 artifacts=23 advent-overaccept=15 advent-underaccept=8 reference-disagreement=816 same=12727
[13581/100000] reference-disagreement attribute-ifconfig-elseif-list len=133 artifacts=23 advent-overaccept=15 advent-underaccept=8 reference-disagreement=817 same=12741
[13609/100000] reference-disagreement wide:func-body:raw:real:ManifestEditError:18 len=350 artifacts=23 advent-overaccept=15 advent-underaccept=8 reference-disagreement=818 same=12768
[13614/100000] reference-disagreement wide:closure:line-comment:real:MacroExpansionContext:116 len=571 artifacts=23 advent-overaccept=15 advent-underaccept=8 reference-disagreement=819 same=12772
[13624/100000] reference-disagreement tspl-divergence-protocol-body len=141 artifacts=23 advent-overaccept=15 advent-underaccept=8 reference-disagreement=820 same=12781
[13630/100000] reference-disagreement wide:func-body:line-comment+newline+newline:real:SyntaxEnum:1190 len=383 artifacts=23 advent-overaccept=15 advent-underaccept=8 reference-disagreement=821 same=12786
[13648/100000] reference-disagreement wide:closure:raw:translated:testOriginalDefinedInAttr11#1 len=136 artifacts=23 advent-overaccept=15 advent-underaccept=8 reference-disagreement=822 same=12803
[13658/100000] reference-disagreement attribute-ifconfig-elseif-list len=137 artifacts=23 advent-overaccept=15 advent-underaccept=8 reference-disagreement=823 same=12812
[13668/100000] reference-disagreement cast-try-operator-cluster len=24 artifacts=23 advent-overaccept=15 advent-underaccept=8 reference-disagreement=824 same=12821
[13675/100000] reference-disagreement tspl-divergence-protocol-body len=102 artifacts=23 advent-overaccept=15 advent-underaccept=8 reference-disagreement=825 same=12827
[13679/100000] reference-disagreement wide:extension-member:raw:real:SwiftSyntaxCompatibility:252 len=262 artifacts=23 advent-overaccept=15 advent-underaccept=8 reference-disagreement=826 same=12830
[13681/100000] reference-disagreement wide:struct-member:line-comment:real:SyntaxTraits:846+phase4-available:avail-introduced len=134 artifacts=23 advent-overaccept=15 advent-underaccept=8 reference-disagreement=827 same=12831
[13691/100000] reference-disagreement grammarish-member-list len=456 artifacts=23 advent-overaccept=15 advent-underaccept=8 reference-disagreement=828 same=12840
[13700/100000] reference-disagreement wide:extension-member:space+glue:translated:testInitDeinit6#1+real:DeclarationMacro:36 len=234 artifacts=23 advent-overaccept=15 advent-underaccept=8 reference-disagreement=829 same=12848
[13708/100000] reference-disagreement wide:struct-member:newline:declaration:testAccessors#2 len=71 artifacts=23 advent-overaccept=15 advent-underaccept=8 reference-disagreement=830 same=12855
[13710/100000] reference-disagreement attribute-boundary len=39 artifacts=23 advent-overaccept=15 advent-underaccept=8 reference-disagreement=831 same=12856
[13728/100000] reference-disagreement tspl-divergence-accessor-commitment len=78 artifacts=23 advent-overaccept=15 advent-underaccept=8 reference-disagreement=832 same=12873
[13734/100000] reference-disagreement tspl-divergence-protocol-body len=243 artifacts=23 advent-overaccept=15 advent-underaccept=8 reference-disagreement=833 same=12878
[13736/100000] reference-disagreement wide:trailing-closure:space:phase4-loop:do-plain+real:BuildableNodes:292 len=1077 artifacts=23 advent-overaccept=15 advent-underaccept=8 reference-disagreement=834 same=12879
[13750/100000] same frontier:parser-mode-scope len=95 artifacts=23 advent-overaccept=15 advent-underaccept=8 reference-disagreement=834 same=12893
[13759/100000] reference-disagreement tspl-divergence-protocol-body len=196 artifacts=23 advent-overaccept=15 advent-underaccept=8 reference-disagreement=835 same=12901
[13762/100000] reference-disagreement wide:top:raw:reject:testABIAttribute#8 len=101 artifacts=23 advent-overaccept=15 advent-underaccept=8 reference-disagreement=836 same=12903
[13781/100000] reference-disagreement wide:trailing-closure:raw:real:Expressions:1877 len=371 artifacts=23 advent-overaccept=15 advent-underaccept=8 reference-disagreement=837 same=12921
[13800/100000] reference-disagreement keypath-boundary len=38 artifacts=23 advent-overaccept=15 advent-underaccept=8 reference-disagreement=838 same=12939
[13806/100000] reference-disagreement attribute-boundary len=47 artifacts=23 advent-overaccept=15 advent-underaccept=8 reference-disagreement=839 same=12944
[13829/100000] reference-disagreement wide:func-body:block-comment+delete:reject:testAvailabilityQueryUnavailability23#1 len=51 artifacts=23 advent-overaccept=15 advent-underaccept=8 reference-disagreement=840 same=12966
[13844/100000] reference-disagreement wide:trailing-closure:glue:translated:testSwitch48#1 len=98 artifacts=23 advent-overaccept=15 advent-underaccept=8 reference-disagreement=841 same=12980
[13871/100000] reference-disagreement tspl-divergence-protocol-body len=127 artifacts=23 advent-overaccept=15 advent-underaccept=8 reference-disagreement=842 same=13006
[13876/100000] advent-overaccept wide:before-statement:line-comment+duplicate:phase4-decl:op-infix len=53 artifacts=24 advent-overaccept=16 advent-underaccept=8 reference-disagreement=842 same=13010
[13885/100000] reference-disagreement wide:closure:raw:real:TriviaPieces:251+real:SyntaxTraits:692 len=155 artifacts=24 advent-overaccept=16 advent-underaccept=8 reference-disagreement=843 same=13018
[13909/100000] reference-disagreement wide:trailing-closure:raw:translated:testEnum83#1 len=43 artifacts=24 advent-overaccept=16 advent-underaccept=8 reference-disagreement=844 same=13041
[13921/100000] reference-disagreement tspl-divergence-protocol-body len=207 artifacts=24 advent-overaccept=16 advent-underaccept=8 reference-disagreement=845 same=13052
[13922/100000] reference-disagreement attribute-boundary len=45 artifacts=24 advent-overaccept=16 advent-underaccept=8 reference-disagreement=846 same=13052
[13925/100000] reference-disagreement wide:trailing-closure:glue:real:IdentifiableSyntax:22+translated:testModuleSelectorIncorrectAttrNames#3 len=178 artifacts=24 advent-overaccept=16 advent-underaccept=8 reference-disagreement=847 same=13054
[13963/100000] reference-disagreement wide:trailing-closure:swap+newline+newline:real:ResultBuilders:154+translated:testUpcomingFeature1#1 len=209 artifacts=24 advent-overaccept=16 advent-underaccept=8 reference-disagreement=848 same=13091
[13993/100000] reference-disagreement wide:func-body:newline:real:BuildableNodes:914 len=859 artifacts=24 advent-overaccept=16 advent-underaccept=8 reference-disagreement=849 same=13120
[14000/100000] same frontier:statement-member-context len=93 artifacts=24 advent-overaccept=16 advent-underaccept=8 reference-disagreement=849 same=13127
[14003/100000] reference-disagreement wide:func-body:line-comment+glue:translated:testSwitch14#1 len=59 artifacts=24 advent-overaccept=16 advent-underaccept=8 reference-disagreement=850 same=13129
[14005/100000] reference-disagreement attribute-boundary len=32 artifacts=24 advent-overaccept=16 advent-underaccept=8 reference-disagreement=851 same=13130
[14024/100000] reference-disagreement wide:trailing-closure:raw:real:ConvenienceInitializers:189 len=71 artifacts=24 advent-overaccept=16 advent-underaccept=8 reference-disagreement=852 same=13148
[14030/100000] reference-disagreement wide:trailing-closure:space+line-comment+line-comment:translated:testSwitch76#1 len=99 artifacts=24 advent-overaccept=16 advent-underaccept=8 reference-disagreement=853 same=13153
[14059/100000] advent-underaccept wide:ifconfig:delete:real:MacroSystem:1573 len=811 artifacts=25 advent-overaccept=16 advent-underaccept=9 reference-disagreement=853 same=13181
[14069/100000] reference-disagreement wide:trailing-closure:block-comment:real:MissingNodeInitializers:42 len=147 artifacts=25 advent-overaccept=16 advent-underaccept=9 reference-disagreement=854 same=13190
[14081/100000] reference-disagreement wide:func-body:keyword:real:MacroSystem:1498 len=524 artifacts=25 advent-overaccept=16 advent-underaccept=9 reference-disagreement=855 same=13201
[14086/100000] reference-disagreement wide:extension-member:raw:real:DiagnosticExtensions:23 len=941 artifacts=25 advent-overaccept=16 advent-underaccept=9 reference-disagreement=856 same=13205
[14093/100000] reference-disagreement wide:trailing-closure:raw:translated:testOriginalDefinedInAttr7#2+real:SyntaxNodeWithBody:214 len=179 artifacts=25 advent-overaccept=16 advent-underaccept=9 reference-disagreement=857 same=13211
[14103/100000] reference-disagreement attribute-boundary len=52 artifacts=25 advent-overaccept=16 advent-underaccept=9 reference-disagreement=858 same=13220
[14121/100000] reference-disagreement wide:closure:raw:translated:testEnum23#1+real:ParserDiagnosticMessages:298 len=380 artifacts=25 advent-overaccept=16 advent-underaccept=9 reference-disagreement=859 same=13237
[14147/100000] reference-disagreement wide:struct-member:raw:real:StringLiterals:745 len=313 artifacts=25 advent-overaccept=16 advent-underaccept=9 reference-disagreement=860 same=13262
[14160/100000] reference-disagreement tspl-divergence-protocol-body len=245 artifacts=25 advent-overaccept=16 advent-underaccept=9 reference-disagreement=861 same=13274
[14177/100000] reference-disagreement grammarish-member-list len=296 artifacts=25 advent-overaccept=16 advent-underaccept=9 reference-disagreement=862 same=13290
[14183/100000] reference-disagreement wide:after-statement:raw:translated:testOperatorDeclDesignatedTypes10#1 len=57 artifacts=25 advent-overaccept=16 advent-underaccept=9 reference-disagreement=863 same=13295
[14185/100000] reference-disagreement wide:closure:line-comment:translated:testModuleSelectorExpr#9 len=83 artifacts=25 advent-overaccept=16 advent-underaccept=9 reference-disagreement=864 same=13296
[14199/100000] reference-disagreement wide:ifconfig:raw:translated:testOperatorDeclDesignatedTypes18#1 len=277 artifacts=25 advent-overaccept=16 advent-underaccept=9 reference-disagreement=865 same=13309
[14207/100000] advent-overaccept wide:func-body:duplicate+newline:translated:testOperatorDeclDesignatedTypes6#1 len=188 artifacts=26 advent-overaccept=17 advent-underaccept=9 reference-disagreement=865 same=13316
[14216/100000] reference-disagreement tspl-divergence-protocol-body len=160 artifacts=26 advent-overaccept=17 advent-underaccept=9 reference-disagreement=866 same=13324
[14250/100000] same wide:top:newline+delete+delete:translated:testMatchingPatterns23#1 len=106 artifacts=26 advent-overaccept=17 advent-underaccept=9 reference-disagreement=866 same=13358
[14265/100000] reference-disagreement wide:func-body:glue:real:SyntaxExpressibleByStringInterpolationConformances:253 len=174 artifacts=26 advent-overaccept=17 advent-underaccept=9 reference-disagreement=867 same=13372
[14271/100000] reference-disagreement wide:extension-member:raw:real:Utils:83 len=857 artifacts=26 advent-overaccept=17 advent-underaccept=9 reference-disagreement=868 same=13377
[14293/100000] reference-disagreement keypath-component-matrix len=44 artifacts=26 advent-overaccept=17 advent-underaccept=9 reference-disagreement=869 same=13398
[14308/100000] reference-disagreement grammarish-member-list len=250 artifacts=26 advent-overaccept=17 advent-underaccept=9 reference-disagreement=870 same=13412
[14316/100000] reference-disagreement wide:func-body:raw:phase4-import:import-kind len=45 artifacts=26 advent-overaccept=17 advent-underaccept=9 reference-disagreement=871 same=13419
[14318/100000] reference-disagreement wide:struct-member:newline+glue+line-comment:phase4-import:import-kind len=52 artifacts=26 advent-overaccept=17 advent-underaccept=9 reference-disagreement=872 same=13420
[14327/100000] reference-disagreement declaration-modifier-stack len=34 artifacts=26 advent-overaccept=17 advent-underaccept=9 reference-disagreement=873 same=13428
[14331/100000] reference-disagreement wide:before-statement:raw:declaration:testAccessors#1 len=56 artifacts=26 advent-overaccept=17 advent-underaccept=9 reference-disagreement=874 same=13431
[14332/100000] reference-disagreement tspl-divergence-protocol-body len=212 artifacts=26 advent-overaccept=17 advent-underaccept=9 reference-disagreement=875 same=13431
[14370/100000] reference-disagreement tspl-divergence-protocol-body len=129 artifacts=26 advent-overaccept=17 advent-underaccept=9 reference-disagreement=876 same=13468
[14374/100000] reference-disagreement attribute-ifconfig-elseif-list len=114 artifacts=26 advent-overaccept=17 advent-underaccept=9 reference-disagreement=877 same=13471
[14404/100000] reference-disagreement attribute-ifconfig-elseif-list len=126 artifacts=26 advent-overaccept=17 advent-underaccept=9 reference-disagreement=878 same=13500
[14443/100000] reference-disagreement keypath-boundary len=33 artifacts=26 advent-overaccept=17 advent-underaccept=9 reference-disagreement=879 same=13538
[14450/100000] reference-disagreement attribute-ifconfig-elseif-list len=137 artifacts=26 advent-overaccept=17 advent-underaccept=9 reference-disagreement=880 same=13544
[14463/100000] reference-disagreement wide:func-body:glue+line-comment:translated:testAvailabilityQueryUnavailability16#1 len=63 artifacts=26 advent-overaccept=17 advent-underaccept=9 reference-disagreement=881 same=13556
[14470/100000] advent-overaccept wide:top:line-comment+keyword+splice:expression:testCollectionLiterals#5 len=37 artifacts=27 advent-overaccept=18 advent-underaccept=9 reference-disagreement=881 same=13562
[14487/100000] reference-disagreement wide:func-body:raw:real:SyntaxExpressibleByStringInterpolationConformances:256 len=92 artifacts=27 advent-overaccept=18 advent-underaccept=9 reference-disagreement=882 same=13578
[14500/100000] same func-body len=454 artifacts=27 advent-overaccept=18 advent-underaccept=9 reference-disagreement=882 same=13591
[14518/100000] reference-disagreement grammarish-member-list len=233 artifacts=27 advent-overaccept=18 advent-underaccept=9 reference-disagreement=883 same=13608
[14519/100000] reference-disagreement wide:func-body:swap:real:SyntaxExpressibleByStringInterpolationConformances:211+statement:testSwitch#1 len=119 artifacts=27 advent-overaccept=18 advent-underaccept=9 reference-disagreement=884 same=13608
[14524/100000] reference-disagreement binding-pattern len=458 artifacts=27 advent-overaccept=18 advent-underaccept=9 reference-disagreement=885 same=13612
[14548/100000] reference-disagreement wide:struct-member:raw:real:SyntaxExtensions:198+real:SyntaxEnum:1190 len=516 artifacts=27 advent-overaccept=18 advent-underaccept=9 reference-disagreement=886 same=13635
[14549/100000] reference-disagreement wide:trailing-closure:glue+newline+space:real:IdentifiableSyntax:52 len=111 artifacts=27 advent-overaccept=18 advent-underaccept=9 reference-disagreement=887 same=13635
[14576/100000] reference-disagreement wide:trailing-closure:line-comment+space:translated:testForwardSlashRegex132#1+real:ScopeImplementations:376 len=187 artifacts=27 advent-overaccept=18 advent-underaccept=9 reference-disagreement=888 same=13661
[14600/100000] reference-disagreement wide:func-body:glue+newline:translated:testOperatorDeclDesignatedTypes10#1 len=54 artifacts=27 advent-overaccept=18 advent-underaccept=9 reference-disagreement=889 same=13684
[14615/100000] reference-disagreement member-list-wide-boundary len=127 artifacts=27 advent-overaccept=18 advent-underaccept=9 reference-disagreement=890 same=13698
[14664/100000] reference-disagreement nested-ifconfig-boundary len=117 artifacts=27 advent-overaccept=18 advent-underaccept=9 reference-disagreement=891 same=13746
[14680/100000] reference-disagreement statement-list len=606 artifacts=27 advent-overaccept=18 advent-underaccept=9 reference-disagreement=892 same=13761
[14683/100000] reference-disagreement wide:interpolation:glue+splice+block-comment:translated:testForwardSlashRegex178#1 len=26 artifacts=27 advent-overaccept=18 advent-underaccept=9 reference-disagreement=893 same=13763
[14685/100000] reference-disagreement wide:closure:newline+keyword+duplicate:translated:testSubscripting17#1 len=64 artifacts=27 advent-overaccept=18 advent-underaccept=9 reference-disagreement=894 same=13764
[14688/100000] reference-disagreement attribute-ifconfig-elseif-list len=116 artifacts=27 advent-overaccept=18 advent-underaccept=9 reference-disagreement=895 same=13766
[14728/100000] advent-underaccept wide:ifconfig:newline+delete+block-comment:real:BuildableNodes:1177 len=1040 artifacts=28 advent-overaccept=18 advent-underaccept=10 reference-disagreement=895 same=13805
[14750/100000] same wide:extension-member:line-comment+block-comment+delete:translated:testTry41#1 len=82 artifacts=28 advent-overaccept=18 advent-underaccept=10 reference-disagreement=895 same=13827
[14767/100000] reference-disagreement wide:closure:space+block-comment+glue:translated:testSwitch32#1 len=549 artifacts=28 advent-overaccept=18 advent-underaccept=10 reference-disagreement=896 same=13843
[14779/100000] reference-disagreement wide:trailing-closure:raw:declaration:testParseSpecializeAttribute#3 len=183 artifacts=28 advent-overaccept=18 advent-underaccept=10 reference-disagreement=897 same=13854
[14788/100000] reference-disagreement tspl-divergence-protocol-body len=270 artifacts=28 advent-overaccept=18 advent-underaccept=10 reference-disagreement=898 same=13862
[14803/100000] reference-disagreement tspl-divergence-protocol-body len=174 artifacts=28 advent-overaccept=18 advent-underaccept=10 reference-disagreement=899 same=13876
[14815/100000] reference-disagreement tspl-divergence-accessor-commitment len=78 artifacts=28 advent-overaccept=18 advent-underaccept=10 reference-disagreement=900 same=13887
[14825/100000] reference-disagreement wide:func-body:space:translated:testSwitch45#1+real:SyntaxNodeWithBody:209 len=138 artifacts=28 advent-overaccept=18 advent-underaccept=10 reference-disagreement=901 same=13896
[14840/100000] reference-disagreement wide:func-body:space:real:Syntax+StringInterpolation:293 len=904 artifacts=28 advent-overaccept=18 advent-underaccept=10 reference-disagreement=902 same=13910
[14863/100000] reference-disagreement wide:closure:block-comment+glue:real:SyntaxCollections:2140 len=514 artifacts=28 advent-overaccept=18 advent-underaccept=10 reference-disagreement=903 same=13932
[14884/100000] reference-disagreement wide:func-body:newline+newline:real:ResultBuilders:189 len=126 artifacts=28 advent-overaccept=18 advent-underaccept=10 reference-disagreement=904 same=13952
[14886/100000] reference-disagreement member-list-wide-boundary len=162 artifacts=28 advent-overaccept=18 advent-underaccept=10 reference-disagreement=905 same=13953
[14918/100000] reference-disagreement keypath-boundary len=37 artifacts=28 advent-overaccept=18 advent-underaccept=10 reference-disagreement=906 same=13984
[14938/100000] reference-disagreement wide:func-body:glue:declaration:testInitializerWithReturnType#2+real:LayoutNodes+Parsable:167 len=231 artifacts=28 advent-overaccept=18 advent-underaccept=10 reference-disagreement=907 same=14003
[14948/100000] reference-disagreement tspl-divergence-protocol-body len=185 artifacts=28 advent-overaccept=18 advent-underaccept=10 reference-disagreement=908 same=14012
[14974/100000] reference-disagreement nested-ifconfig-boundary len=146 artifacts=28 advent-overaccept=18 advent-underaccept=10 reference-disagreement=909 same=14037
[14990/100000] reference-disagreement wide:func-body:newline:real:DeclSyntaxParseable:51 len=69 artifacts=28 advent-overaccept=18 advent-underaccept=10 reference-disagreement=910 same=14052
[15000/100000] same wide:interpolation:duplicate+block-comment+newline:translated:testMatchingPatterns8#1 len=33 artifacts=28 advent-overaccept=18 advent-underaccept=10 reference-disagreement=910 same=14062
[15009/100000] reference-disagreement wide:trailing-closure:raw:type:testTrailingCommas#3+translated:testOperatorDeclDesignatedTypes9#1 len=153 artifacts=28 advent-overaccept=18 advent-underaccept=10 reference-disagreement=911 same=14070
[15059/100000] reference-disagreement cast-try-operator-cluster len=24 artifacts=28 advent-overaccept=18 advent-underaccept=10 reference-disagreement=912 same=14119
[15070/100000] reference-disagreement wide:struct-member:newline+glue:real:LayoutNodes+Parsable:199 len=192 artifacts=28 advent-overaccept=18 advent-underaccept=10 reference-disagreement=913 same=14129
[15092/100000] reference-disagreement wide:closure:newline+block-comment:statement:testTypedThrows#2 len=67 artifacts=28 advent-overaccept=18 advent-underaccept=10 reference-disagreement=914 same=14150
[15104/100000] reference-disagreement wide:trailing-closure:glue:translated:testOperators13#1 len=48 artifacts=28 advent-overaccept=18 advent-underaccept=10 reference-disagreement=915 same=14161
[15135/100000] reference-disagreement attribute-ifconfig-elseif-list len=132 artifacts=28 advent-overaccept=18 advent-underaccept=10 reference-disagreement=916 same=14191
[15146/100000] reference-disagreement tspl-divergence-protocol-body len=187 artifacts=28 advent-overaccept=18 advent-underaccept=10 reference-disagreement=917 same=14201
[15149/100000] reference-disagreement attribute-ifconfig-elseif-list len=133 artifacts=28 advent-overaccept=18 advent-underaccept=10 reference-disagreement=918 same=14203
[15183/100000] reference-disagreement wide:func-body:newline:real:SyntaxTraits:720 len=77 artifacts=28 advent-overaccept=18 advent-underaccept=10 reference-disagreement=919 same=14236
[15195/100000] reference-disagreement wide:trailing-closure:newline+glue:translated:testAvailabilityQuery16#1 len=43 artifacts=28 advent-overaccept=18 advent-underaccept=10 reference-disagreement=920 same=14247
[15229/100000] reference-disagreement attribute-ifconfig-elseif-list len=104 artifacts=28 advent-overaccept=18 advent-underaccept=10 reference-disagreement=921 same=14280
[15250/100000] same frontier:condition-trailing-closure-scope len=467 artifacts=28 advent-overaccept=18 advent-underaccept=10 reference-disagreement=921 same=14301
[15254/100000] reference-disagreement wide:top:newline:translated:testForwardSlashRegex171#1+translated:testSwitch43#1 len=73 artifacts=28 advent-overaccept=18 advent-underaccept=10 reference-disagreement=922 same=14304
[15261/100000] reference-disagreement tspl-divergence-protocol-body len=154 artifacts=28 advent-overaccept=18 advent-underaccept=10 reference-disagreement=923 same=14310
[15305/100000] reference-disagreement wide:struct-member:block-comment+glue:real:LayoutNodes+Parsable:159 len=210 artifacts=28 advent-overaccept=18 advent-underaccept=10 reference-disagreement=924 same=14353
[15330/100000] reference-disagreement keypath-component-matrix len=38 artifacts=28 advent-overaccept=18 advent-underaccept=10 reference-disagreement=925 same=14377
[15335/100000] reference-disagreement binding-pattern len=458 artifacts=28 advent-overaccept=18 advent-underaccept=10 reference-disagreement=926 same=14381
[15369/100000] reference-disagreement tspl-divergence-protocol-body len=140 artifacts=28 advent-overaccept=18 advent-underaccept=10 reference-disagreement=927 same=14414
[15384/100000] reference-disagreement cast-try-operator-cluster len=24 artifacts=28 advent-overaccept=18 advent-underaccept=10 reference-disagreement=928 same=14428
[15392/100000] reference-disagreement wide:before-statement:raw:real:SyntaxExpressibleByStringInterpolationConformances:172+translated:testSwitch65#1 len=205 artifacts=28 advent-overaccept=18 advent-underaccept=10 reference-disagreement=929 same=14435
[15410/100000] reference-disagreement wide:trailing-closure:line-comment+space:real:Note:22 len=203 artifacts=28 advent-overaccept=18 advent-underaccept=10 reference-disagreement=930 same=14452
[15443/100000] reference-disagreement member-list-wide-boundary len=432 artifacts=28 advent-overaccept=18 advent-underaccept=10 reference-disagreement=931 same=14484
[15478/100000] reference-disagreement wide:closure:newline:real:JSONDecoding:405 len=755 artifacts=28 advent-overaccept=18 advent-underaccept=10 reference-disagreement=932 same=14518
[15492/100000] reference-disagreement wide:func-body:raw:real:SyntaxEnum:1291 len=906 artifacts=28 advent-overaccept=18 advent-underaccept=10 reference-disagreement=933 same=14531
[15500/100000] same frontier:statement-member-context len=93 artifacts=28 advent-overaccept=18 advent-underaccept=10 reference-disagreement=933 same=14539
[15583/100000] reference-disagreement wide:func-body:raw:real:ResultBuilders:89 len=184 artifacts=28 advent-overaccept=18 advent-underaccept=10 reference-disagreement=934 same=14621
[15612/100000] reference-disagreement wide:extension-member:block-comment+newline+keyword:real:ScopeImplementations:758 len=354 artifacts=28 advent-overaccept=18 advent-underaccept=10 reference-disagreement=935 same=14649
[15614/100000] reference-disagreement wide:trailing-closure:raw:translated:testRawString2#1+real:SyntaxEditUtils:166 len=507 artifacts=28 advent-overaccept=18 advent-underaccept=10 reference-disagreement=936 same=14650
[15626/100000] reference-disagreement wide:closure:newline+newline:translated:testMatchingPatterns14#1+real:PresenceUtils:41 len=678 artifacts=28 advent-overaccept=18 advent-underaccept=10 reference-disagreement=937 same=14661
[15648/100000] reference-disagreement wide:closure:block-comment:real:OperatorError+Diagnostics:56 len=813 artifacts=28 advent-overaccept=18 advent-underaccept=10 reference-disagreement=938 same=14682
[15690/100000] advent-overaccept wide:ifconfig:line-comment+newline+delete:real:LayoutNodes+Parsable:87+type:testLifetimeSpecifier#1 len=267 artifacts=29 advent-overaccept=19 advent-underaccept=10 reference-disagreement=938 same=14723
[15720/100000] reference-disagreement tspl-divergence-protocol-body len=151 artifacts=29 advent-overaccept=19 advent-underaccept=10 reference-disagreement=939 same=14752
[15728/100000] reference-disagreement wide:trailing-closure:newline+delete:translated:testSemicolon8#1 len=21 artifacts=29 advent-overaccept=19 advent-underaccept=10 reference-disagreement=940 same=14759
[15739/100000] reference-disagreement wide:top:raw:phase4-decl:init-empty+translated:testInvalid39#1 len=51 artifacts=29 advent-overaccept=19 advent-underaccept=10 reference-disagreement=941 same=14769
[15750/100000] same macro-attribute-directive-boundary len=97 artifacts=29 advent-overaccept=19 advent-underaccept=10 reference-disagreement=941 same=14780
[15782/100000] reference-disagreement wide:closure:newline:attribute:testDocumentationAttribute#4 len=101 artifacts=29 advent-overaccept=19 advent-underaccept=10 reference-disagreement=942 same=14811
[15790/100000] reference-disagreement wide:func-body:newline+newline:real:ResultBuilders:608 len=409 artifacts=29 advent-overaccept=19 advent-underaccept=10 reference-disagreement=943 same=14818
[15798/100000] advent-overaccept wide:top:line-comment+duplicate+duplicate:real:BodyMacro:21+translated:testForwardSlashRegex179#1 len=961 artifacts=30 advent-overaccept=20 advent-underaccept=10 reference-disagreement=943 same=14825
[15804/100000] reference-disagreement tspl-divergence-protocol-body len=225 artifacts=30 advent-overaccept=20 advent-underaccept=10 reference-disagreement=944 same=14830
[15805/100000] reference-disagreement keypath-component-matrix len=34 artifacts=30 advent-overaccept=20 advent-underaccept=10 reference-disagreement=945 same=14830
[15814/100000] reference-disagreement attribute-boundary len=37 artifacts=30 advent-overaccept=20 advent-underaccept=10 reference-disagreement=946 same=14838
[15842/100000] reference-disagreement statement-list len=713 artifacts=30 advent-overaccept=20 advent-underaccept=10 reference-disagreement=947 same=14865
[15846/100000] reference-disagreement wide:closure:raw:expression:testBorrowExpression#4 len=50 artifacts=30 advent-overaccept=20 advent-underaccept=10 reference-disagreement=948 same=14868
[15848/100000] reference-disagreement wide:func-body:space:real:SourceLocation:85 len=628 artifacts=30 advent-overaccept=20 advent-underaccept=10 reference-disagreement=949 same=14869
[15883/100000] reference-disagreement wide:struct-member:newline:real:SyntaxUtils:77 len=81 artifacts=30 advent-overaccept=20 advent-underaccept=10 reference-disagreement=950 same=14903
[15886/100000] reference-disagreement binding-pattern len=458 artifacts=30 advent-overaccept=20 advent-underaccept=10 reference-disagreement=951 same=14905
[15924/100000] reference-disagreement wide:closure:glue:translated:testSwitch52#1 len=100 artifacts=30 advent-overaccept=20 advent-underaccept=10 reference-disagreement=952 same=14942
[15925/100000] reference-disagreement keypath-component-matrix len=44 artifacts=30 advent-overaccept=20 advent-underaccept=10 reference-disagreement=953 same=14942
[15945/100000] reference-disagreement declaration-modifier-stack len=34 artifacts=30 advent-overaccept=20 advent-underaccept=10 reference-disagreement=954 same=14961
[15958/100000] reference-disagreement wide:extension-member:keyword+line-comment:real:ResultBuilders:63 len=186 artifacts=30 advent-overaccept=20 advent-underaccept=10 reference-disagreement=955 same=14973
[15966/100000] reference-disagreement wide:trailing-closure:swap+space:real:LayoutNodes+Parsable:175 len=211 artifacts=30 advent-overaccept=20 advent-underaccept=10 reference-disagreement=956 same=14980
[15997/100000] reference-disagreement tspl-divergence-accessor-commitment len=49 artifacts=30 advent-overaccept=20 advent-underaccept=10 reference-disagreement=957 same=15010
[16000/100000] same keypath-component-matrix len=31 artifacts=30 advent-overaccept=20 advent-underaccept=10 reference-disagreement=957 same=15013
[16018/100000] reference-disagreement wide:closure:raw:real:LookInMembersScopeSyntax:15 len=175 artifacts=30 advent-overaccept=20 advent-underaccept=10 reference-disagreement=958 same=15030
[16059/100000] reference-disagreement wide:trailing-closure:block-comment:real:TriviaPieces:24 len=1231 artifacts=30 advent-overaccept=20 advent-underaccept=10 reference-disagreement=959 same=15070
[16063/100000] reference-disagreement wide:closure:raw:translated:testOperatorDeclDesignatedTypes16#1 len=65 artifacts=30 advent-overaccept=20 advent-underaccept=10 reference-disagreement=960 same=15073
[16075/100000] reference-disagreement seed-corpus-structural-splice:operator-question-assignment len=157 artifacts=30 advent-overaccept=20 advent-underaccept=10 reference-disagreement=961 same=15084
[16087/100000] reference-disagreement wide:extension-member:raw:real:BuildableNodes:1017 len=1083 artifacts=30 advent-overaccept=20 advent-underaccept=10 reference-disagreement=962 same=15095
[16097/100000] reference-disagreement declaration-modifier-stack len=34 artifacts=30 advent-overaccept=20 advent-underaccept=10 reference-disagreement=963 same=15104
[16133/100000] reference-disagreement wide:ifconfig:block-comment:translated:testSwitch33#1+real:SyntaxTraits:706 len=181 artifacts=30 advent-overaccept=20 advent-underaccept=10 reference-disagreement=964 same=15139
[16156/100000] reference-disagreement attribute-ifconfig-elseif-list len=123 artifacts=30 advent-overaccept=20 advent-underaccept=10 reference-disagreement=965 same=15161
[16172/100000] reference-disagreement wide:extension-member:space+newline:real:Diagnostics:55 len=383 artifacts=30 advent-overaccept=20 advent-underaccept=10 reference-disagreement=966 same=15176
[16211/100000] reference-disagreement wide:closure:newline:real:ConfiguredRegions:138+real:ApusTerminals:101 len=665 artifacts=30 advent-overaccept=20 advent-underaccept=10 reference-disagreement=967 same=15214
[16225/100000] reference-disagreement binding-pattern len=458 artifacts=30 advent-overaccept=20 advent-underaccept=10 reference-disagreement=968 same=15227
[16226/100000] reference-disagreement keypath-component-matrix len=37 artifacts=30 advent-overaccept=20 advent-underaccept=10 reference-disagreement=969 same=15227
[16230/100000] reference-disagreement seed-corpus-structural-splice:declaration-modifier-stack len=85 artifacts=30 advent-overaccept=20 advent-underaccept=10 reference-disagreement=970 same=15230
[16250/100000] same wide:func-body:swap+newline+duplicate:translated:testInvalid37#1+reject:testModuleSelectorIncorrectFuncSignature#3 len=100 artifacts=30 advent-overaccept=20 advent-underaccept=10 reference-disagreement=970 same=15250
[16261/100000] reference-disagreement tspl-divergence-protocol-body len=89 artifacts=30 advent-overaccept=20 advent-underaccept=10 reference-disagreement=971 same=15260
[16294/100000] reference-disagreement wide:ifconfig:raw:translated:testOperatorDecl18#1+type:testInverseTypes#7 len=108 artifacts=30 advent-overaccept=20 advent-underaccept=10 reference-disagreement=972 same=15292
[16309/100000] reference-disagreement wide:extension-member:raw:translated:testOperatorDecl11b#1 len=38 artifacts=30 advent-overaccept=20 advent-underaccept=10 reference-disagreement=973 same=15306
[16310/100000] reference-disagreement wide:func-body:raw:translated:testModuleSelectorAttrs#1 len=96 artifacts=30 advent-overaccept=20 advent-underaccept=10 reference-disagreement=974 same=15306
[16311/100000] reference-disagreement attribute-ifconfig-elseif-list len=118 artifacts=30 advent-overaccept=20 advent-underaccept=10 reference-disagreement=975 same=15306
[16313/100000] reference-disagreement wide:trailing-closure:raw:real:SyntaxTraits:762 len=72 artifacts=30 advent-overaccept=20 advent-underaccept=10 reference-disagreement=976 same=15307
[16325/100000] reference-disagreement wide:struct-member:newline+glue:real:MacroArgument:149 len=549 artifacts=30 advent-overaccept=20 advent-underaccept=10 reference-disagreement=977 same=15318
[16338/100000] reference-disagreement wide:struct-member:space+newline:real:SyntaxExtensions:72+expression:testUnsafeExpr#10 len=299 artifacts=30 advent-overaccept=20 advent-underaccept=10 reference-disagreement=978 same=15330
[16355/100000] reference-disagreement wide:struct-member:line-comment+space:translated:testInitDeinit14#1 len=152 artifacts=30 advent-overaccept=20 advent-underaccept=10 reference-disagreement=979 same=15346
[16360/100000] reference-disagreement member-list-wide-boundary len=110 artifacts=30 advent-overaccept=20 advent-underaccept=10 reference-disagreement=980 same=15350
[16364/100000] reference-disagreement keypath-component-matrix len=50 artifacts=30 advent-overaccept=20 advent-underaccept=10 reference-disagreement=981 same=15353
[16365/100000] reference-disagreement tspl-divergence-accessor-commitment len=49 artifacts=30 advent-overaccept=20 advent-underaccept=10 reference-disagreement=982 same=15353
[16376/100000] reference-disagreement member-list-wide-boundary len=364 artifacts=30 advent-overaccept=20 advent-underaccept=10 reference-disagreement=983 same=15363
[16382/100000] reference-disagreement grammarish-member-list len=392 artifacts=30 advent-overaccept=20 advent-underaccept=10 reference-disagreement=984 same=15368
[16383/100000] reference-disagreement member-list-wide-boundary len=366 artifacts=30 advent-overaccept=20 advent-underaccept=10 reference-disagreement=985 same=15368
[16399/100000] reference-disagreement member-list-wide-boundary len=214 artifacts=30 advent-overaccept=20 advent-underaccept=10 reference-disagreement=986 same=15383
[16422/100000] reference-disagreement wide:extension-member:glue:real:AddSeparatorsToIntegerLiteral:63 len=394 artifacts=30 advent-overaccept=20 advent-underaccept=10 reference-disagreement=987 same=15405
[16435/100000] advent-underaccept wide:closure:newline+line-comment+glue:translated:testForwardSlashRegex114#1 len=56 artifacts=31 advent-overaccept=20 advent-underaccept=11 reference-disagreement=987 same=15417
[16446/100000] reference-disagreement wide:after-statement:newline:translated:testDiagnoseAvailability4#1 len=98 artifacts=31 advent-overaccept=20 advent-underaccept=11 reference-disagreement=988 same=15427
[16447/100000] reference-disagreement tspl-divergence-protocol-body len=89 artifacts=31 advent-overaccept=20 advent-underaccept=11 reference-disagreement=989 same=15427
[16450/100000] reference-disagreement member-list-wide-boundary len=249 artifacts=31 advent-overaccept=20 advent-underaccept=11 reference-disagreement=990 same=15429
[16462/100000] reference-disagreement keypath-component-matrix len=34 artifacts=31 advent-overaccept=20 advent-underaccept=11 reference-disagreement=991 same=15440
[16472/100000] reference-disagreement ifconfig-member-context-boundary len=77 artifacts=31 advent-overaccept=20 advent-underaccept=11 reference-disagreement=992 same=15449
[16500/100000] same frontier:condition-trailing-closure-scope len=505 artifacts=31 advent-overaccept=20 advent-underaccept=11 reference-disagreement=992 same=15477
[16502/100000] reference-disagreement func-body len=458 artifacts=31 advent-overaccept=20 advent-underaccept=11 reference-disagreement=993 same=15478
[16532/100000] reference-disagreement tspl-divergence-protocol-body len=134 artifacts=31 advent-overaccept=20 advent-underaccept=11 reference-disagreement=994 same=15507
[16555/100000] reference-disagreement wide:extension-member:raw:real:RawSyntax:958 len=360 artifacts=31 advent-overaccept=20 advent-underaccept=11 reference-disagreement=995 same=15529
[16569/100000] reference-disagreement wide:struct-member:glue+newline:translated:testOperatorDecl17#1+real:SyntaxTraits:686 len=151 artifacts=31 advent-overaccept=20 advent-underaccept=11 reference-disagreement=996 same=15542
[16575/100000] reference-disagreement wide:extension-member:line-comment:real:RenamedChildrenBuilderCompatibility:547 len=1046 artifacts=31 advent-overaccept=20 advent-underaccept=11 reference-disagreement=997 same=15547
[16598/100000] reference-disagreement wide:func-body:newline:real:Syntax+StringInterpolation:453 len=575 artifacts=31 advent-overaccept=20 advent-underaccept=11 reference-disagreement=998 same=15569
[16599/100000] reference-disagreement wide:extension-member:line-comment+block-comment+glue:real:PackageDependency:91 len=220 artifacts=31 advent-overaccept=20 advent-underaccept=11 reference-disagreement=999 same=15569
[16612/100000] reference-disagreement wide:ifconfig:swap+line-comment:translated:testTypeExpr15#1 len=108 artifacts=31 advent-overaccept=20 advent-underaccept=11 reference-disagreement=1000 same=15581
[16630/100000] reference-disagreement tspl-divergence-protocol-body len=116 artifacts=31 advent-overaccept=20 advent-underaccept=11 reference-disagreement=1001 same=15598
[16643/100000] reference-disagreement wide:closure:keyword:real:BuildableNodes:1017+translated:testAvailabilityQuery36#1 len=1189 artifacts=31 advent-overaccept=20 advent-underaccept=11 reference-disagreement=1002 same=15610
[16662/100000] reference-disagreement statement-list len=649 artifacts=31 advent-overaccept=20 advent-underaccept=11 reference-disagreement=1003 same=15628
[16668/100000] reference-disagreement tspl-divergence-protocol-body len=89 artifacts=31 advent-overaccept=20 advent-underaccept=11 reference-disagreement=1004 same=15633
[16687/100000] reference-disagreement wide:closure:block-comment+block-comment:real:TokenSpec:197 len=994 artifacts=31 advent-overaccept=20 advent-underaccept=11 reference-disagreement=1005 same=15651
[16707/100000] reference-disagreement attribute-ifconfig-elseif-list len=112 artifacts=31 advent-overaccept=20 advent-underaccept=11 reference-disagreement=1006 same=15670
[16734/100000] reference-disagreement tspl-divergence-protocol-body len=145 artifacts=31 advent-overaccept=20 advent-underaccept=11 reference-disagreement=1007 same=15696
[16737/100000] reference-disagreement wide:ifconfig:glue:declaration:testParseDynamicReplacement#2 len=152 artifacts=31 advent-overaccept=20 advent-underaccept=11 reference-disagreement=1008 same=15698
[16750/100000] same wide:closure:keyword+line-comment+block-comment:phase3-enum-case:case-ifconfig-elseif len=102 artifacts=31 advent-overaccept=20 advent-underaccept=11 reference-disagreement=1008 same=15711
[16777/100000] reference-disagreement tspl-divergence-protocol-body len=97 artifacts=31 advent-overaccept=20 advent-underaccept=11 reference-disagreement=1009 same=15737
[16797/100000] reference-disagreement statement-list len=665 artifacts=31 advent-overaccept=20 advent-underaccept=11 reference-disagreement=1010 same=15756
[16800/100000] reference-disagreement wide:before-statement:raw:attribute:testTransposeAttribute#1 len=143 artifacts=31 advent-overaccept=20 advent-underaccept=11 reference-disagreement=1011 same=15758
[16802/100000] reference-disagreement wide:top:glue+line-comment:translated:testSwitch45#1 len=70 artifacts=31 advent-overaccept=20 advent-underaccept=11 reference-disagreement=1012 same=15759
[16814/100000] reference-disagreement nested-ifconfig-boundary len=117 artifacts=31 advent-overaccept=20 advent-underaccept=11 reference-disagreement=1013 same=15770
[16828/100000] reference-disagreement wide:trailing-closure:keyword+newline+newline:real:SourcePresence:17 len=219 artifacts=31 advent-overaccept=20 advent-underaccept=11 reference-disagreement=1014 same=15783
[16837/100000] reference-disagreement wide:closure:raw:real:SyntaxExpressibleByStringInterpolationConformances:94+real:RawSyntax:17 len=319 artifacts=31 advent-overaccept=20 advent-underaccept=11 reference-disagreement=1015 same=15791
[16858/100000] reference-disagreement wide:interpolation:glue+glue+block-comment:translated:testAvailabilityQueryUnavailability18#1 len=120 artifacts=31 advent-overaccept=20 advent-underaccept=11 reference-disagreement=1016 same=15811
[16875/100000] reference-disagreement wide:trailing-closure:newline:phase3-type:struct-inherit2+translated:testOperatorDeclDesignatedTypes11#1 len=67 artifacts=31 advent-overaccept=20 advent-underaccept=11 reference-disagreement=1017 same=15827
[16907/100000] reference-disagreement member-list-wide-boundary len=246 artifacts=31 advent-overaccept=20 advent-underaccept=11 reference-disagreement=1018 same=15858
[16926/100000] reference-disagreement wide:extension-member:block-comment+space:real:MacroSystem:1567 len=200 artifacts=31 advent-overaccept=20 advent-underaccept=11 reference-disagreement=1019 same=15876
[16936/100000] reference-disagreement wide:before-statement:raw:translated:testOperatorDecl3#1+attribute:testDocumentationAttribute#3 len=107 artifacts=31 advent-overaccept=20 advent-underaccept=11 reference-disagreement=1020 same=15885
[16940/100000] reference-disagreement wide:struct-member:line-comment+block-comment+glue:real:SyntaxEditUtils:55 len=440 artifacts=31 advent-overaccept=20 advent-underaccept=11 reference-disagreement=1021 same=15888
[16946/100000] reference-disagreement wide:func-body:line-comment+newline:real:StringLiterals:758 len=191 artifacts=31 advent-overaccept=20 advent-underaccept=11 reference-disagreement=1022 same=15893
[16960/100000] reference-disagreement wide:closure:glue:real:Syntax:548 len=48 artifacts=31 advent-overaccept=20 advent-underaccept=11 reference-disagreement=1023 same=15906
[16972/100000] reference-disagreement member-list-wide-boundary len=246 artifacts=31 advent-overaccept=20 advent-underaccept=11 reference-disagreement=1024 same=15917
[16989/100000] reference-disagreement wide:struct-member:glue:real:SyntaxTraits:708 len=81 artifacts=31 advent-overaccept=20 advent-underaccept=11 reference-disagreement=1025 same=15933
[17000/100000] same frontier:parser-mode-scope len=58 artifacts=31 advent-overaccept=20 advent-underaccept=11 reference-disagreement=1025 same=15944
[17007/100000] reference-disagreement wide:struct-member:line-comment:real:MacroExpansion:549 len=555 artifacts=31 advent-overaccept=20 advent-underaccept=11 reference-disagreement=1026 same=15950
[17010/100000] reference-disagreement wide:closure:raw:real:ResultBuilders:241 len=158 artifacts=31 advent-overaccept=20 advent-underaccept=11 reference-disagreement=1027 same=15952
[17012/100000] reference-disagreement declaration-modifier-stack len=34 artifacts=31 advent-overaccept=20 advent-underaccept=11 reference-disagreement=1028 same=15953
[17013/100000] reference-disagreement wide:extension-member:raw:real:ResultBuilders:384+translated:testModuleSelectorExpr#9 len=199 artifacts=31 advent-overaccept=20 advent-underaccept=11 reference-disagreement=1029 same=15953
[17016/100000] reference-disagreement wide:struct-member:newline:translated:testBuiltinBridgeObject3#1+real:SyntaxEditUtils:270 len=462 artifacts=31 advent-overaccept=20 advent-underaccept=11 reference-disagreement=1030 same=15955
[17020/100000] reference-disagreement tspl-divergence-protocol-body len=250 artifacts=31 advent-overaccept=20 advent-underaccept=11 reference-disagreement=1031 same=15958
[17027/100000] reference-disagreement tspl-divergence-protocol-body len=154 artifacts=31 advent-overaccept=20 advent-underaccept=11 reference-disagreement=1032 same=15964
[17031/100000] reference-disagreement wide:after-statement:raw:translated:testEffectfulProperties10#1 len=335 artifacts=31 advent-overaccept=20 advent-underaccept=11 reference-disagreement=1033 same=15967
[17034/100000] reference-disagreement wide:closure:raw:real:IdentifiableSyntax:22 len=142 artifacts=31 advent-overaccept=20 advent-underaccept=11 reference-disagreement=1034 same=15969
[17035/100000] advent-underaccept wide:struct-member:line-comment:translated:testForwardSlashRegexSkipping37#1 len=43 artifacts=32 advent-overaccept=20 advent-underaccept=12 reference-disagreement=1034 same=15969
[17041/100000] reference-disagreement keypath-component-matrix len=41 artifacts=32 advent-overaccept=20 advent-underaccept=12 reference-disagreement=1035 same=15974
[17067/100000] reference-disagreement member-list-wide-boundary len=360 artifacts=32 advent-overaccept=20 advent-underaccept=12 reference-disagreement=1036 same=15999
[17069/100000] reference-disagreement wide:struct-member:duplicate:translated:testTypeExpr15#1 len=111 artifacts=32 advent-overaccept=20 advent-underaccept=12 reference-disagreement=1037 same=16000
[17077/100000] reference-disagreement wide:before-statement:newline:translated:testSwitch11#1 len=87 artifacts=32 advent-overaccept=20 advent-underaccept=12 reference-disagreement=1038 same=16007
[17105/100000] reference-disagreement attribute-ifconfig-elseif-list len=138 artifacts=32 advent-overaccept=20 advent-underaccept=12 reference-disagreement=1039 same=16034
[17106/100000] reference-disagreement grammarish-member-list len=174 artifacts=32 advent-overaccept=20 advent-underaccept=12 reference-disagreement=1040 same=16034
[17109/100000] reference-disagreement cast-try-operator-cluster len=24 artifacts=32 advent-overaccept=20 advent-underaccept=12 reference-disagreement=1041 same=16036
[17126/100000] reference-disagreement tspl-divergence-protocol-body len=123 artifacts=32 advent-overaccept=20 advent-underaccept=12 reference-disagreement=1042 same=16052
[17131/100000] reference-disagreement tspl-divergence-protocol-body len=81 artifacts=32 advent-overaccept=20 advent-underaccept=12 reference-disagreement=1043 same=16056
[17133/100000] reference-disagreement tspl-divergence-protocol-body len=249 artifacts=32 advent-overaccept=20 advent-underaccept=12 reference-disagreement=1044 same=16057
[17160/100000] reference-disagreement wide:closure:raw:real:ConfiguredRegions:112 len=759 artifacts=32 advent-overaccept=20 advent-underaccept=12 reference-disagreement=1045 same=16083
[17172/100000] reference-disagreement wide:struct-member:block-comment+newline:real:BuildableNodes:1177 len=1049 artifacts=32 advent-overaccept=20 advent-underaccept=12 reference-disagreement=1046 same=16094
[17186/100000] reference-disagreement wide:closure:glue+newline:real:WarningControlRegions:18 len=471 artifacts=32 advent-overaccept=20 advent-underaccept=12 reference-disagreement=1047 same=16107
[17192/100000] reference-disagreement wide:trailing-closure:glue:translated:testForwardSlashRegex10#1 len=77 artifacts=32 advent-overaccept=20 advent-underaccept=12 reference-disagreement=1048 same=16112
[17209/100000] reference-disagreement tspl-divergence-accessor-commitment len=78 artifacts=32 advent-overaccept=20 advent-underaccept=12 reference-disagreement=1049 same=16128
[17250/100000] same frontier:generic-member-type-shape len=269 artifacts=32 advent-overaccept=20 advent-underaccept=12 reference-disagreement=1049 same=16169
[17267/100000] reference-disagreement wide:struct-member:raw:real:PrecedenceGroup:26+real:SwiftSyntaxCompatibility:259 len=1047 artifacts=32 advent-overaccept=20 advent-underaccept=12 reference-disagreement=1050 same=16185
[17299/100000] reference-disagreement wide:trailing-closure:raw:real:SyntaxTraits:748 len=91 artifacts=32 advent-overaccept=20 advent-underaccept=12 reference-disagreement=1051 same=16216
[17301/100000] reference-disagreement wide:func-body:newline:translated:testGenericDisambiguation3#1+real:SyntaxTraits:329 len=429 artifacts=32 advent-overaccept=20 advent-underaccept=12 reference-disagreement=1052 same=16217
[17307/100000] reference-disagreement wide:trailing-closure:space+newline+glue:real:ResultBuilders:741 len=129 artifacts=32 advent-overaccept=20 advent-underaccept=12 reference-disagreement=1053 same=16222
[17322/100000] reference-disagreement binding-pattern len=458 artifacts=32 advent-overaccept=20 advent-underaccept=12 reference-disagreement=1054 same=16236
[17348/100000] reference-disagreement wide:trailing-closure:raw:real:SyntaxTraits:287 len=219 artifacts=32 advent-overaccept=20 advent-underaccept=12 reference-disagreement=1055 same=16261
[17355/100000] reference-disagreement attribute-ifconfig-elseif-list len=114 artifacts=32 advent-overaccept=20 advent-underaccept=12 reference-disagreement=1056 same=16267
[17377/100000] reference-disagreement declaration-modifier-stack len=34 artifacts=32 advent-overaccept=20 advent-underaccept=12 reference-disagreement=1057 same=16288
[17381/100000] reference-disagreement statement-list len=704 artifacts=32 advent-overaccept=20 advent-underaccept=12 reference-disagreement=1058 same=16291
[17391/100000] reference-disagreement wide:extension-member:newline:real:ConvenienceInitializers:219 len=216 artifacts=32 advent-overaccept=20 advent-underaccept=12 reference-disagreement=1059 same=16300
[17394/100000] reference-disagreement wide:closure:glue+line-comment:real:DiagnosticGroupInheritanceTree:65 len=293 artifacts=32 advent-overaccept=20 advent-underaccept=12 reference-disagreement=1060 same=16302
[17458/100000] reference-disagreement wide:func-body:block-comment+line-comment:real:ResultBuilders:215 len=145 artifacts=32 advent-overaccept=20 advent-underaccept=12 reference-disagreement=1061 same=16365
[17467/100000] reference-disagreement wide:trailing-closure:block-comment+space:real:ResultBuilders:297 len=205 artifacts=32 advent-overaccept=20 advent-underaccept=12 reference-disagreement=1062 same=16373
[17480/100000] reference-disagreement wide:before-statement:line-comment+delete+space:translated:testEnum29#1+real:MacroExpansionContext:86 len=1215 artifacts=32 advent-overaccept=20 advent-underaccept=12 reference-disagreement=1063 same=16385
[17493/100000] reference-disagreement wide:closure:raw:real:Utils:19 len=329 artifacts=32 advent-overaccept=20 advent-underaccept=12 reference-disagreement=1064 same=16397
[17500/100000] same wide:interpolation:duplicate+keyword+newline:translated:testDiagnoseAvailability3#1+reject:testStringLiterals#6 len=113 artifacts=32 advent-overaccept=20 advent-underaccept=12 reference-disagreement=1064 same=16404
[17525/100000] reference-disagreement tspl-divergence-protocol-body len=145 artifacts=32 advent-overaccept=20 advent-underaccept=12 reference-disagreement=1065 same=16428
[17545/100000] reference-disagreement tspl-divergence-accessor-commitment len=78 artifacts=32 advent-overaccept=20 advent-underaccept=12 reference-disagreement=1066 same=16447
[17596/100000] reference-disagreement wide:closure:raw:real:DeclSyntaxParseable:57+real:ResultBuilders:544 len=273 artifacts=32 advent-overaccept=20 advent-underaccept=12 reference-disagreement=1067 same=16497
[17598/100000] reference-disagreement nested-ifconfig-boundary len=146 artifacts=32 advent-overaccept=20 advent-underaccept=12 reference-disagreement=1068 same=16498
[17616/100000] reference-disagreement member-list-wide-boundary len=138 artifacts=32 advent-overaccept=20 advent-underaccept=12 reference-disagreement=1069 same=16515
[17658/100000] reference-disagreement wide:extension-member:space:real:ConvenienceInitializers:397 len=802 artifacts=32 advent-overaccept=20 advent-underaccept=12 reference-disagreement=1070 same=16556
[17677/100000] reference-disagreement attribute-ifconfig-elseif-list len=110 artifacts=32 advent-overaccept=20 advent-underaccept=12 reference-disagreement=1071 same=16574
[17692/100000] reference-disagreement wide:extension-member:newline:real:SyntaxTraits:702+real:String+TrimmingTrailingWhitespace:23 len=249 artifacts=32 advent-overaccept=20 advent-underaccept=12 reference-disagreement=1072 same=16588
[17698/100000] reference-disagreement tspl-divergence-accessor-commitment len=78 artifacts=32 advent-overaccept=20 advent-underaccept=12 reference-disagreement=1073 same=16593
[17703/100000] reference-disagreement tspl-divergence-protocol-body len=114 artifacts=32 advent-overaccept=20 advent-underaccept=12 reference-disagreement=1074 same=16597
[17743/100000] reference-disagreement wide:trailing-closure:raw:real:SyntaxTraits:772+translated:testForwardSlashRegexSkipping37#1 len=93 artifacts=32 advent-overaccept=20 advent-underaccept=12 reference-disagreement=1075 same=16636
[17749/100000] reference-disagreement grammarish-member-list len=173 artifacts=32 advent-overaccept=20 advent-underaccept=12 reference-disagreement=1076 same=16641
[17750/100000] same frontier:parser-mode-scope len=55 artifacts=32 advent-overaccept=20 advent-underaccept=12 reference-disagreement=1076 same=16642
[17759/100000] reference-disagreement wide:closure:block-comment:expression:testKeyPathMethodAndInitializers#1 len=40 artifacts=32 advent-overaccept=20 advent-underaccept=12 reference-disagreement=1077 same=16650
[17786/100000] reference-disagreement attribute-ifconfig-elseif-list len=138 artifacts=32 advent-overaccept=20 advent-underaccept=12 reference-disagreement=1078 same=16676
[17799/100000] reference-disagreement tspl-divergence-protocol-body len=207 artifacts=32 advent-overaccept=20 advent-underaccept=12 reference-disagreement=1079 same=16688
[17817/100000] reference-disagreement wide:after-statement:raw:translated:testDeprecatedWhere11#1 len=257 artifacts=32 advent-overaccept=20 advent-underaccept=12 reference-disagreement=1080 same=16705
[17827/100000] reference-disagreement declaration-modifier-stack len=34 artifacts=32 advent-overaccept=20 advent-underaccept=12 reference-disagreement=1081 same=16714
[17830/100000] reference-disagreement wide:trailing-closure:raw:real:SyntaxTraits:836 len=113 artifacts=32 advent-overaccept=20 advent-underaccept=12 reference-disagreement=1082 same=16716
[17843/100000] reference-disagreement wide:extension-member:duplicate:real:ResultBuilders:414 len=230 artifacts=32 advent-overaccept=20 advent-underaccept=12 reference-disagreement=1083 same=16728
[17860/100000] reference-disagreement grammarish-member-list len=331 artifacts=32 advent-overaccept=20 advent-underaccept=12 reference-disagreement=1084 same=16744
[17863/100000] reference-disagreement wide:struct-member:splice:real:BuildConfiguration:311+real:SyntaxTraits:736 len=373 artifacts=32 advent-overaccept=20 advent-underaccept=12 reference-disagreement=1085 same=16746
[17870/100000] reference-disagreement keypath-component-matrix len=41 artifacts=32 advent-overaccept=20 advent-underaccept=12 reference-disagreement=1086 same=16752
[17880/100000] reference-disagreement wide:trailing-closure:line-comment:real:Syntax+StringInterpolation:287 len=60 artifacts=32 advent-overaccept=20 advent-underaccept=12 reference-disagreement=1087 same=16761
[17884/100000] reference-disagreement nested-ifconfig-boundary len=117 artifacts=32 advent-overaccept=20 advent-underaccept=12 reference-disagreement=1088 same=16764
[17887/100000] reference-disagreement wide:func-body:raw:real:Syntax+StringInterpolation:527 len=86 artifacts=32 advent-overaccept=20 advent-underaccept=12 reference-disagreement=1089 same=16766
[17894/100000] reference-disagreement wide:struct-member:space:phase3-enum-case:case-list+real:SourceLength:61 len=1007 artifacts=32 advent-overaccept=20 advent-underaccept=12 reference-disagreement=1090 same=16772
[17912/100000] reference-disagreement wide:trailing-closure:raw:real:RenamedChildrenBuilderCompatibility:460+phase3-modifier:public-struct len=1300 artifacts=32 advent-overaccept=20 advent-underaccept=12 reference-disagreement=1091 same=16789
[17915/100000] reference-disagreement wide:func-body:duplicate+newline:phase2-postfix:call-mixed len=39 artifacts=32 advent-overaccept=20 advent-underaccept=12 reference-disagreement=1092 same=16791
[17926/100000] reference-disagreement wide:struct-member:raw:real:SyntaxUtils:57 len=164 artifacts=32 advent-overaccept=20 advent-underaccept=12 reference-disagreement=1093 same=16801
[17929/100000] reference-disagreement wide:closure:glue+space:real:StaticBuildConfiguration:427 len=248 artifacts=32 advent-overaccept=20 advent-underaccept=12 reference-disagreement=1094 same=16803
[17951/100000] reference-disagreement wide:after-statement:raw:translated:testSwitch63#1+translated:testSelfRebinding10#1 len=251 artifacts=32 advent-overaccept=20 advent-underaccept=12 reference-disagreement=1095 same=16824
[17955/100000] reference-disagreement wide:func-body:line-comment:declaration:testAttributedMacroExpansionDeclaration#8+phase4-precedence:pg-lower len=116 artifacts=32 advent-overaccept=20 advent-underaccept=12 reference-disagreement=1096 same=16827
[17958/100000] reference-disagreement keypath-component-matrix len=38 artifacts=32 advent-overaccept=20 advent-underaccept=12 reference-disagreement=1097 same=16829
[18000/100000] same frontier:parser-mode-scope len=107 artifacts=32 advent-overaccept=20 advent-underaccept=12 reference-disagreement=1097 same=16871
[18002/100000] reference-disagreement wide:struct-member:block-comment+newline+newline:phase3-modifier:final-class+real:SyntaxTraits:460 len=449 artifacts=32 advent-overaccept=20 advent-underaccept=12 reference-disagreement=1098 same=16872
[18034/100000] reference-disagreement wide:func-body:raw:real:Oracle:43+translated:testIdentifiers4#1 len=150 artifacts=32 advent-overaccept=20 advent-underaccept=12 reference-disagreement=1099 same=16903
[18046/100000] reference-disagreement wide:struct-member:raw:translated:testGenericDisambiguation2#1+real:Utils:19 len=894 artifacts=32 advent-overaccept=20 advent-underaccept=12 reference-disagreement=1100 same=16914
[18054/100000] reference-disagreement tspl-divergence-protocol-body len=84 artifacts=32 advent-overaccept=20 advent-underaccept=12 reference-disagreement=1101 same=16921
[18058/100000] reference-disagreement wide:extension-member:glue:real:IdentifiableSyntax:46 len=121 artifacts=32 advent-overaccept=20 advent-underaccept=12 reference-disagreement=1102 same=16924
[18059/100000] reference-disagreement grammarish-member-list len=285 artifacts=32 advent-overaccept=20 advent-underaccept=12 reference-disagreement=1103 same=16924
[18072/100000] reference-disagreement member-list-wide-boundary len=117 artifacts=32 advent-overaccept=20 advent-underaccept=12 reference-disagreement=1104 same=16936
[18083/100000] reference-disagreement keypath-component-matrix len=41 artifacts=32 advent-overaccept=20 advent-underaccept=12 reference-disagreement=1105 same=16946
[18087/100000] reference-disagreement keypath-component-matrix len=34 artifacts=32 advent-overaccept=20 advent-underaccept=12 reference-disagreement=1106 same=16949
[18100/100000] reference-disagreement statement-list len=468 artifacts=32 advent-overaccept=20 advent-underaccept=12 reference-disagreement=1107 same=16961
[18105/100000] reference-disagreement ifconfig-member-context-boundary len=77 artifacts=32 advent-overaccept=20 advent-underaccept=12 reference-disagreement=1108 same=16965
[18163/100000] reference-disagreement wide:trailing-closure:splice+line-comment:translated:testGenericDisambiguation18#1+real:SyntaxTraits:806 len=85 artifacts=32 advent-overaccept=20 advent-underaccept=12 reference-disagreement=1109 same=17022
[18170/100000] reference-disagreement wide:func-body:raw:real:UnicodeScalarExtensions:273+expression:testKeyPathFollowedByOperator#2 len=457 artifacts=32 advent-overaccept=20 advent-underaccept=12 reference-disagreement=1110 same=17028
[18175/100000] reference-disagreement wide:func-body:newline+newline+block-comment:translated:testOperatorDeclDesignatedTypes8#1 len=67 artifacts=32 advent-overaccept=20 advent-underaccept=12 reference-disagreement=1111 same=17032
[18185/100000] reference-disagreement wide:extension-member:space:real:ResultBuilderExtensions:97 len=394 artifacts=32 advent-overaccept=20 advent-underaccept=12 reference-disagreement=1112 same=17041
[18197/100000] advent-overaccept wide:struct-member:raw:declaration:testUsing#3 len=27 artifacts=33 advent-overaccept=21 advent-underaccept=12 reference-disagreement=1112 same=17052
[18207/100000] reference-disagreement wide:closure:raw:real:Utils:19+phase4-pattern:case-enum-two len=395 artifacts=33 advent-overaccept=21 advent-underaccept=12 reference-disagreement=1113 same=17061
[18210/100000] reference-disagreement wide:after-statement:raw:translated:testTypeExpr5#1 len=46 artifacts=33 advent-overaccept=21 advent-underaccept=12 reference-disagreement=1114 same=17063
[18231/100000] reference-disagreement wide:trailing-closure:space+newline+glue:real:ResultBuilders:566 len=148 artifacts=33 advent-overaccept=21 advent-underaccept=12 reference-disagreement=1115 same=17083
[18250/100000] same enum-case-pattern-boundary len=80 artifacts=33 advent-overaccept=21 advent-underaccept=12 reference-disagreement=1115 same=17102
[18256/100000] reference-disagreement attribute-ifconfig-elseif-list len=122 artifacts=33 advent-overaccept=21 advent-underaccept=12 reference-disagreement=1116 same=17107
[18265/100000] reference-disagreement wide:closure:line-comment:real:SyntaxExpressibleByStringInterpolationConformances:259 len=104 artifacts=33 advent-overaccept=21 advent-underaccept=12 reference-disagreement=1117 same=17115
[18276/100000] reference-disagreement wide:trailing-closure:raw:real:ResultBuilders:228 len=129 artifacts=33 advent-overaccept=21 advent-underaccept=12 reference-disagreement=1118 same=17125
[18278/100000] reference-disagreement wide:func-body:glue:translated:testInvalidStringInterpolationProtocol2#1 len=254 artifacts=33 advent-overaccept=21 advent-underaccept=12 reference-disagreement=1119 same=17126
[18283/100000] reference-disagreement wide:trailing-closure:raw:real:SyntaxExpressibleByStringInterpolationConformances:127 len=158 artifacts=33 advent-overaccept=21 advent-underaccept=12 reference-disagreement=1120 same=17130
[18296/100000] reference-disagreement wide:top:raw:translated:testOperatorDeclDesignatedTypes19#1 len=43 artifacts=33 advent-overaccept=21 advent-underaccept=12 reference-disagreement=1121 same=17142
[18315/100000] reference-disagreement wide:struct-member:block-comment:attribute:testABIAttribute#2 len=72 artifacts=33 advent-overaccept=21 advent-underaccept=12 reference-disagreement=1122 same=17160
[18349/100000] reference-disagreement wide:trailing-closure:glue:real:LayoutNodes+Parsable:87 len=226 artifacts=33 advent-overaccept=21 advent-underaccept=12 reference-disagreement=1123 same=17193
[18357/100000] reference-disagreement wide:trailing-closure:block-comment:real:ResultBuilders:271 len=221 artifacts=33 advent-overaccept=21 advent-underaccept=12 reference-disagreement=1124 same=17200
[18358/100000] reference-disagreement wide:func-body:newline:real:Syntax+StringInterpolation:282 len=60 artifacts=33 advent-overaccept=21 advent-underaccept=12 reference-disagreement=1125 same=17200
[18359/100000] reference-disagreement wide:func-body:glue:attribute:testImplementsAttributeBaseType#1+declaration:testInitializerWithReturnType#2 len=59 artifacts=33 advent-overaccept=21 advent-underaccept=12 reference-disagreement=1126 same=17200
[18397/100000] reference-disagreement wide:before-statement:raw:translated:testEffectfulProperties7#1 len=113 artifacts=33 advent-overaccept=21 advent-underaccept=12 reference-disagreement=1127 same=17237
[18415/100000] reference-disagreement wide:func-body:raw:phase4-precedence:pg-assignment+real:FormatRawStringLiteral:72 len=472 artifacts=33 advent-overaccept=21 advent-underaccept=12 reference-disagreement=1128 same=17254
[18424/100000] reference-disagreement tspl-divergence-accessor-commitment len=78 artifacts=33 advent-overaccept=21 advent-underaccept=12 reference-disagreement=1129 same=17262
[18437/100000] reference-disagreement binding-pattern len=458 artifacts=33 advent-overaccept=21 advent-underaccept=12 reference-disagreement=1130 same=17274
[18500/100000] same wide:after-statement:delete+space:attribute:testUnavailableFromAsync#4 len=69 artifacts=33 advent-overaccept=21 advent-underaccept=12 reference-disagreement=1130 same=17337
[18527/100000] reference-disagreement wide:trailing-closure:newline:real:ConvenienceInitializers:76 len=219 artifacts=33 advent-overaccept=21 advent-underaccept=12 reference-disagreement=1131 same=17363
[18549/100000] reference-disagreement wide:trailing-closure:raw:real:SyntaxTraits:778 len=81 artifacts=33 advent-overaccept=21 advent-underaccept=12 reference-disagreement=1132 same=17384
[18555/100000] reference-disagreement wide:before-statement:duplicate+delete+glue:reject:testMacroRoleNames#1 len=66 artifacts=33 advent-overaccept=21 advent-underaccept=12 reference-disagreement=1133 same=17389
[18600/100000] reference-disagreement cast-try-operator-cluster len=24 artifacts=33 advent-overaccept=21 advent-underaccept=12 reference-disagreement=1134 same=17433
[18649/100000] reference-disagreement wide:func-body:space+line-comment:real:MacroReplacement:78+real:ActiveSyntaxRewriter:395 len=1251 artifacts=33 advent-overaccept=21 advent-underaccept=12 reference-disagreement=1135 same=17481
[18657/100000] reference-disagreement keypath-boundary len=38 artifacts=33 advent-overaccept=21 advent-underaccept=12 reference-disagreement=1136 same=17488
[18659/100000] reference-disagreement keypath-component-matrix len=26 artifacts=33 advent-overaccept=21 advent-underaccept=12 reference-disagreement=1137 same=17489
[18660/100000] reference-disagreement wide:func-body:splice:real:SyntaxTraits:810+real:String+TrimmingTrailingWhitespace:13 len=335 artifacts=33 advent-overaccept=21 advent-underaccept=12 reference-disagreement=1138 same=17489
[18674/100000] reference-disagreement wide:func-body:raw:translated:testDiagnoseAvailability4#1 len=95 artifacts=33 advent-overaccept=21 advent-underaccept=12 reference-disagreement=1139 same=17502
[18709/100000] reference-disagreement wide:func-body:newline:real:LayoutNodes+Parsable:63 len=195 artifacts=33 advent-overaccept=21 advent-underaccept=12 reference-disagreement=1140 same=17536
[18740/100000] reference-disagreement wide:closure:raw:translated:testDeinitInSwiftinterfaceIsFollowedByFinalFunc#1 len=63 artifacts=33 advent-overaccept=21 advent-underaccept=12 reference-disagreement=1141 same=17566
[18746/100000] reference-disagreement tspl-divergence-protocol-body len=152 artifacts=33 advent-overaccept=21 advent-underaccept=12 reference-disagreement=1142 same=17571
[18750/100000] same member-keyword len=29 artifacts=33 advent-overaccept=21 advent-underaccept=12 reference-disagreement=1142 same=17575
[18767/100000] reference-disagreement seed-corpus-structural-splice:preconcurrency-import len=94 artifacts=33 advent-overaccept=21 advent-underaccept=12 reference-disagreement=1143 same=17591
[18801/100000] reference-disagreement wide:trailing-closure:space+newline+block-comment:real:Expressions:2344 len=890 artifacts=33 advent-overaccept=21 advent-underaccept=12 reference-disagreement=1144 same=17624
[18805/100000] reference-disagreement wide:struct-member:block-comment:real:SyntaxTraits:748 len=107 artifacts=33 advent-overaccept=21 advent-underaccept=12 reference-disagreement=1145 same=17627
[18828/100000] reference-disagreement wide:trailing-closure:block-comment:attribute:testABIAttribute#4 len=92 artifacts=33 advent-overaccept=21 advent-underaccept=12 reference-disagreement=1146 same=17649
[18862/100000] reference-disagreement wide:ifconfig:newline:real:StandardIOMessageConnection:28+translated:testOperatorDeclDesignatedTypes10#1 len=87 artifacts=33 advent-overaccept=21 advent-underaccept=12 reference-disagreement=1147 same=17682
[18869/100000] reference-disagreement declaration-modifier-stack len=34 artifacts=33 advent-overaccept=21 advent-underaccept=12 reference-disagreement=1148 same=17688
[18874/100000] reference-disagreement wide:closure:keyword+line-comment:real:Trivia:210+translated:testTupleTypeExpr#15 len=292 artifacts=33 advent-overaccept=21 advent-underaccept=12 reference-disagreement=1149 same=17692
[18889/100000] reference-disagreement wide:func-body:space+space:declaration:testImports#3 len=59 artifacts=33 advent-overaccept=21 advent-underaccept=12 reference-disagreement=1150 same=17706
[18943/100000] reference-disagreement keypath-boundary len=33 artifacts=33 advent-overaccept=21 advent-underaccept=12 reference-disagreement=1151 same=17759
[18970/100000] reference-disagreement tspl-divergence-protocol-body len=160 artifacts=33 advent-overaccept=21 advent-underaccept=12 reference-disagreement=1152 same=17785
[18971/100000] reference-disagreement wide:closure:block-comment+newline+newline:translated:testAvailabilityQueryUnavailability1#1+real:Parameters:27 len=188 artifacts=33 advent-overaccept=21 advent-underaccept=12 reference-disagreement=1153 same=17785
[18990/100000] reference-disagreement attribute-ifconfig-elseif-list len=133 artifacts=33 advent-overaccept=21 advent-underaccept=12 reference-disagreement=1154 same=17803
[19000/100000] same wide:trailing-closure:line-comment+block-comment:reject:testIdentifierAsOperatorName#1+expression:testUnsafeExpr#11 len=68 artifacts=33 advent-overaccept=21 advent-underaccept=12 reference-disagreement=1154 same=17813
[19004/100000] reference-disagreement attribute-ifconfig-elseif-list len=115 artifacts=33 advent-overaccept=21 advent-underaccept=12 reference-disagreement=1155 same=17816
[19006/100000] reference-disagreement attribute-ifconfig-elseif-list len=119 artifacts=33 advent-overaccept=21 advent-underaccept=12 reference-disagreement=1156 same=17817
[19010/100000] reference-disagreement grammarish-member-list len=90 artifacts=33 advent-overaccept=21 advent-underaccept=12 reference-disagreement=1157 same=17820
[19014/100000] reference-disagreement keypath-boundary len=38 artifacts=33 advent-overaccept=21 advent-underaccept=12 reference-disagreement=1158 same=17823
[19027/100000] reference-disagreement wide:func-body:newline:real:SyntaxExpressibleByStringInterpolationConformances:235 len=173 artifacts=33 advent-overaccept=21 advent-underaccept=12 reference-disagreement=1159 same=17835
[19029/100000] reference-disagreement wide:func-body:newline:translated:testSwitch11#1 len=85 artifacts=33 advent-overaccept=21 advent-underaccept=12 reference-disagreement=1160 same=17836
[19088/100000] reference-disagreement attribute-ifconfig-elseif-list len=123 artifacts=33 advent-overaccept=21 advent-underaccept=12 reference-disagreement=1161 same=17894
[19133/100000] reference-disagreement attribute-ifconfig-elseif-list len=119 artifacts=33 advent-overaccept=21 advent-underaccept=12 reference-disagreement=1162 same=17938
[19136/100000] reference-disagreement wide:extension-member:raw:real:IdentifiableSyntax:34 len=129 artifacts=33 advent-overaccept=21 advent-underaccept=12 reference-disagreement=1163 same=17940
[19139/100000] reference-disagreement statement-list len=674 artifacts=33 advent-overaccept=21 advent-underaccept=12 reference-disagreement=1164 same=17942
[19148/100000] reference-disagreement keypath-boundary len=38 artifacts=33 advent-overaccept=21 advent-underaccept=12 reference-disagreement=1165 same=17950
[19156/100000] reference-disagreement grammarish-member-list len=277 artifacts=33 advent-overaccept=21 advent-underaccept=12 reference-disagreement=1166 same=17957
[19161/100000] reference-disagreement wide:extension-member:newline:real:ResultBuilders:336 len=199 artifacts=33 advent-overaccept=21 advent-underaccept=12 reference-disagreement=1167 same=17961
[19171/100000] reference-disagreement tspl-divergence-protocol-body len=154 artifacts=33 advent-overaccept=21 advent-underaccept=12 reference-disagreement=1168 same=17970
[19184/100000] reference-disagreement wide:struct-member:raw:real:SyntaxExpressibleByStringInterpolationConformances:256 len=92 artifacts=33 advent-overaccept=21 advent-underaccept=12 reference-disagreement=1169 same=17982
[19186/100000] reference-disagreement wide:after-statement:keyword:real:ResultBuilders:441 len=224 artifacts=33 advent-overaccept=21 advent-underaccept=12 reference-disagreement=1170 same=17983
[19208/100000] reference-disagreement ifconfig-member-context-boundary len=71 artifacts=33 advent-overaccept=21 advent-underaccept=12 reference-disagreement=1171 same=18004
[19215/100000] reference-disagreement wide:struct-member:raw:real:SyntaxNodeWithBody:209 len=72 artifacts=33 advent-overaccept=21 advent-underaccept=12 reference-disagreement=1172 same=18010
[19250/100000] same regex-slash-operator-boundary len=45 artifacts=33 advent-overaccept=21 advent-underaccept=12 reference-disagreement=1172 same=18045
[19287/100000] reference-disagreement wide:struct-member:line-comment:real:SyntaxNodeWithBody:305 len=865 artifacts=33 advent-overaccept=21 advent-underaccept=12 reference-disagreement=1173 same=18081
[19312/100000] reference-disagreement wide:func-body:newline+splice:real:SyntaxExtensions:198 len=155 artifacts=33 advent-overaccept=21 advent-underaccept=12 reference-disagreement=1174 same=18105
[19318/100000] reference-disagreement wide:struct-member:raw:real:SyntaxExpressibleByStringInterpolationConformances:214 len=85 artifacts=33 advent-overaccept=21 advent-underaccept=12 reference-disagreement=1175 same=18110
[19341/100000] reference-disagreement tspl-divergence-accessor-commitment len=78 artifacts=33 advent-overaccept=21 advent-underaccept=12 reference-disagreement=1176 same=18132
[19345/100000] reference-disagreement wide:struct-member:glue:real:LayoutNodes+Parsable:135 len=195 artifacts=33 advent-overaccept=21 advent-underaccept=12 reference-disagreement=1177 same=18135
[19350/100000] reference-disagreement wide:extension-member:glue:translated:testMatchingPatterns23#1+phase4-precedence:pg-assoc-left len=168 artifacts=33 advent-overaccept=21 advent-underaccept=12 reference-disagreement=1178 same=18139
[19371/100000] reference-disagreement wide:struct-member:splice:real:SyntaxTraits:816 len=79 artifacts=33 advent-overaccept=21 advent-underaccept=12 reference-disagreement=1179 same=18159
[19378/100000] reference-disagreement wide:trailing-closure:raw:translated:testOriginalDefinedInAttr7#1 len=110 artifacts=33 advent-overaccept=21 advent-underaccept=12 reference-disagreement=1180 same=18165
[19423/100000] reference-disagreement grammarish-member-list len=210 artifacts=33 advent-overaccept=21 advent-underaccept=12 reference-disagreement=1181 same=18209
[19426/100000] reference-disagreement tspl-divergence-accessor-commitment len=78 artifacts=33 advent-overaccept=21 advent-underaccept=12 reference-disagreement=1182 same=18211
[19428/100000] reference-disagreement wide:func-body:block-comment+space+newline:real:SyntaxExpressibleByStringInterpolationConformances:151+real:SyntaxTraits:571 len=217 artifacts=33 advent-overaccept=21 advent-underaccept=12 reference-disagreement=1183 same=18212
[19455/100000] reference-disagreement tspl-divergence-protocol-body len=164 artifacts=33 advent-overaccept=21 advent-underaccept=12 reference-disagreement=1184 same=18238
[19458/100000] reference-disagreement statement-list len=488 artifacts=33 advent-overaccept=21 advent-underaccept=12 reference-disagreement=1185 same=18240
[19459/100000] reference-disagreement statement-list len=458 artifacts=33 advent-overaccept=21 advent-underaccept=12 reference-disagreement=1186 same=18240
[19473/100000] reference-disagreement wide:closure:space:real:Syntax+StringInterpolation:289+real:ResultBuilders:633 len=248 artifacts=33 advent-overaccept=21 advent-underaccept=12 reference-disagreement=1187 same=18253
[19477/100000] reference-disagreement wide:func-body:newline+newline:real:SyntaxExpressibleByStringInterpolationConformances:58 len=85 artifacts=33 advent-overaccept=21 advent-underaccept=12 reference-disagreement=1188 same=18256
[19490/100000] reference-disagreement wide:extension-member:newline+block-comment:real:ConvenienceInitializers:232 len=95 artifacts=33 advent-overaccept=21 advent-underaccept=12 reference-disagreement=1189 same=18268
[19500/100000] same init-subscript-boundary len=92 artifacts=33 advent-overaccept=21 advent-underaccept=12 reference-disagreement=1189 same=18278
[19511/100000] reference-disagreement wide:struct-member:space+line-comment+keyword:real:LayoutNodes+Parsable:231 len=203 artifacts=33 advent-overaccept=21 advent-underaccept=12 reference-disagreement=1190 same=18288
[19519/100000] reference-disagreement wide:extension-member:raw:translated:testDeprecatedWhere9#1 len=231 artifacts=33 advent-overaccept=21 advent-underaccept=12 reference-disagreement=1191 same=18295
[19528/100000] reference-disagreement member-list-wide-boundary len=439 artifacts=33 advent-overaccept=21 advent-underaccept=12 reference-disagreement=1192 same=18303
[19560/100000] reference-disagreement declaration-modifier-stack len=34 artifacts=33 advent-overaccept=21 advent-underaccept=12 reference-disagreement=1193 same=18334
[19584/100000] reference-disagreement tspl-divergence-protocol-body len=98 artifacts=33 advent-overaccept=21 advent-underaccept=12 reference-disagreement=1194 same=18357
[19589/100000] reference-disagreement member-list-wide-boundary len=324 artifacts=33 advent-overaccept=21 advent-underaccept=12 reference-disagreement=1195 same=18361
[19595/100000] reference-disagreement wide:extension-member:raw:translated:testOperators2#1 len=115 artifacts=33 advent-overaccept=21 advent-underaccept=12 reference-disagreement=1196 same=18366
[19600/100000] reference-disagreement wide:trailing-closure:block-comment+line-comment:real:ConvenienceInitializers:76 len=230 artifacts=33 advent-overaccept=21 advent-underaccept=12 reference-disagreement=1197 same=18370
[19615/100000] reference-disagreement wide:struct-member:raw:real:SyntaxBaseNodes:139 len=687 artifacts=33 advent-overaccept=21 advent-underaccept=12 reference-disagreement=1198 same=18384
[19648/100000] reference-disagreement wide:struct-member:raw:real:SyntaxTraits:712 len=119 artifacts=33 advent-overaccept=21 advent-underaccept=12 reference-disagreement=1199 same=18416
[19689/100000] reference-disagreement wide:after-statement:raw:translated:testDiagnoseAvailability4#1 len=97 artifacts=33 advent-overaccept=21 advent-underaccept=12 reference-disagreement=1200 same=18456
[19695/100000] reference-disagreement attribute-ifconfig-elseif-list len=115 artifacts=33 advent-overaccept=21 advent-underaccept=12 reference-disagreement=1201 same=18461
[19701/100000] reference-disagreement grammarish-member-list len=336 artifacts=33 advent-overaccept=21 advent-underaccept=12 reference-disagreement=1202 same=18466
[19712/100000] reference-disagreement statement-list len=458 artifacts=33 advent-overaccept=21 advent-underaccept=12 reference-disagreement=1203 same=18476
[19750/100000] same wide:func-body:delete+splice:real:BuildableNodes:269 len=833 artifacts=33 advent-overaccept=21 advent-underaccept=12 reference-disagreement=1203 same=18514
[19767/100000] reference-disagreement wide:closure:block-comment+newline:real:SyntaxTraits:370 len=390 artifacts=33 advent-overaccept=21 advent-underaccept=12 reference-disagreement=1204 same=18530
[19769/100000] reference-disagreement keypath-component-matrix len=52 artifacts=33 advent-overaccept=21 advent-underaccept=12 reference-disagreement=1205 same=18531
[19804/100000] reference-disagreement wide:closure:raw:real:IndentationUtils:77 len=786 artifacts=33 advent-overaccept=21 advent-underaccept=12 reference-disagreement=1206 same=18565
[19812/100000] reference-disagreement wide:closure:raw:real:PreambleMacro:22 len=690 artifacts=33 advent-overaccept=21 advent-underaccept=12 reference-disagreement=1207 same=18572
[19858/100000] reference-disagreement wide:struct-member:raw:translated:testOperatorDeclDesignatedTypes7#1 len=75 artifacts=33 advent-overaccept=21 advent-underaccept=12 reference-disagreement=1208 same=18617
[19888/100000] reference-disagreement wide:trailing-closure:raw:translated:testInitDeinit21#1 len=51 artifacts=33 advent-overaccept=21 advent-underaccept=12 reference-disagreement=1209 same=18646
[19913/100000] reference-disagreement wide:func-body:glue+glue:real:ConvenienceInitializers:187 len=84 artifacts=33 advent-overaccept=21 advent-underaccept=12 reference-disagreement=1210 same=18670
[19917/100000] reference-disagreement wide:closure:raw:real:SyntaxBaseNodes:1230 len=75 artifacts=33 advent-overaccept=21 advent-underaccept=12 reference-disagreement=1211 same=18673
[19956/100000] reference-disagreement binding-pattern len=458 artifacts=33 advent-overaccept=21 advent-underaccept=12 reference-disagreement=1212 same=18711
[19964/100000] reference-disagreement wide:closure:raw:real:SyntaxTraits:806 len=67 artifacts=33 advent-overaccept=21 advent-underaccept=12 reference-disagreement=1213 same=18718
[19994/100000] reference-disagreement wide:func-body:line-comment:real:Utils:46+real:FunctionParameterUtils:19 len=884 artifacts=33 advent-overaccept=21 advent-underaccept=12 reference-disagreement=1214 same=18747
[20000/100000] reference-disagreement wide:top:line-comment:translated:testEnum12#1 len=45 artifacts=33 advent-overaccept=21 advent-underaccept=12 reference-disagreement=1215 same=18752
[20003/100000] reference-disagreement cast-try-operator-cluster len=24 artifacts=33 advent-overaccept=21 advent-underaccept=12 reference-disagreement=1216 same=18754
[20008/100000] reference-disagreement attribute-ifconfig-elseif-list len=122 artifacts=33 advent-overaccept=21 advent-underaccept=12 reference-disagreement=1217 same=18758
[20009/100000] reference-disagreement wide:extension-member:raw:real:Statements:123 len=788 artifacts=33 advent-overaccept=21 advent-underaccept=12 reference-disagreement=1218 same=18758
[20020/100000] advent-overaccept wide:func-body:space+newline+newline:translated:testMultilineString26#1+translated:testOperatorDeclDesignatedTypes4#1 len=201 artifacts=34 advent-overaccept=22 advent-underaccept=12 reference-disagreement=1218 same=18768
[20023/100000] reference-disagreement wide:closure:raw:real:SyntaxTraits:802 len=74 artifacts=34 advent-overaccept=22 advent-underaccept=12 reference-disagreement=1219 same=18770
[20029/100000] reference-disagreement wide:top:space:real:SyntaxNodeWithBody:212+translated:testOperatorDeclDesignatedTypes6#1 len=228 artifacts=34 advent-overaccept=22 advent-underaccept=12 reference-disagreement=1220 same=18775
[20052/100000] reference-disagreement keypath-boundary len=38 artifacts=34 advent-overaccept=22 advent-underaccept=12 reference-disagreement=1221 same=18797
[20056/100000] reference-disagreement wide:trailing-closure:raw:phase4-precedence:postfix-op len=40 artifacts=34 advent-overaccept=22 advent-underaccept=12 reference-disagreement=1222 same=18800
[20078/100000] reference-disagreement wide:func-body:raw:real:SyntaxExpressibleByStringInterpolationConformances:253 len=174 artifacts=34 advent-overaccept=22 advent-underaccept=12 reference-disagreement=1223 same=18821
[20113/100000] reference-disagreement wide:before-statement:newline+block-comment+duplicate:real:ParserDiagnosticMessages:23 len=83 artifacts=34 advent-overaccept=22 advent-underaccept=12 reference-disagreement=1224 same=18855
[20114/100000] reference-disagreement tspl-divergence-protocol-body len=148 artifacts=34 advent-overaccept=22 advent-underaccept=12 reference-disagreement=1225 same=18855
[20122/100000] reference-disagreement wide:closure:raw:real:ConvenienceInitializers:176 len=216 artifacts=34 advent-overaccept=22 advent-underaccept=12 reference-disagreement=1226 same=18862
[20131/100000] reference-disagreement binding-pattern len=458 artifacts=34 advent-overaccept=22 advent-underaccept=12 reference-disagreement=1227 same=18870
[20132/100000] reference-disagreement keypath-component-matrix len=45 artifacts=34 advent-overaccept=22 advent-underaccept=12 reference-disagreement=1228 same=18870
[20137/100000] reference-disagreement attribute-boundary len=99 artifacts=34 advent-overaccept=22 advent-underaccept=12 reference-disagreement=1229 same=18874
[20151/100000] reference-disagreement wide:trailing-closure:newline+newline:real:Message:53 len=769 artifacts=34 advent-overaccept=22 advent-underaccept=12 reference-disagreement=1230 same=18887
[20162/100000] reference-disagreement wide:extension-member:keyword:real:ConvenienceInitializers:189 len=59 artifacts=34 advent-overaccept=22 advent-underaccept=12 reference-disagreement=1231 same=18897
[20165/100000] reference-disagreement wide:closure:newline+newline:real:DeclSyntaxParseable:46+translated:testErrors2#1 len=123 artifacts=34 advent-overaccept=22 advent-underaccept=12 reference-disagreement=1232 same=18899
[20176/100000] reference-disagreement wide:func-body:space+glue+newline:real:Assertions:648 len=452 artifacts=34 advent-overaccept=22 advent-underaccept=12 reference-disagreement=1233 same=18909
[20181/100000] reference-disagreement grammarish-member-list len=360 artifacts=34 advent-overaccept=22 advent-underaccept=12 reference-disagreement=1234 same=18913
[20195/100000] reference-disagreement wide:extension-member:space+newline+newline:real:SyntaxLiteralUtils:15 len=135 artifacts=34 advent-overaccept=22 advent-underaccept=12 reference-disagreement=1235 same=18926
[20206/100000] reference-disagreement nested-ifconfig-boundary len=163 artifacts=34 advent-overaccept=22 advent-underaccept=12 reference-disagreement=1236 same=18936
[20214/100000] reference-disagreement wide:struct-member:raw:real:ResultBuilders:150+real:SyntaxExpressibleByStringInterpolationConformances:52 len=207 artifacts=34 advent-overaccept=22 advent-underaccept=12 reference-disagreement=1237 same=18943
[20215/100000] reference-disagreement wide:struct-member:space+newline:real:SyntaxNodeWithBody:74+translated:testTypeExpr23#1 len=540 artifacts=34 advent-overaccept=22 advent-underaccept=12 reference-disagreement=1238 same=18943
[20223/100000] reference-disagreement wide:func-body:block-comment:real:SyntaxUtils:25+phase3-enum-case:case-ifconfig-else len=340 artifacts=34 advent-overaccept=22 advent-underaccept=12 reference-disagreement=1239 same=18950
[20235/100000] reference-disagreement wide:closure:space:real:TokenSpec:197 len=985 artifacts=34 advent-overaccept=22 advent-underaccept=12 reference-disagreement=1240 same=18961
[20250/100000] same regex-slash-operator-boundary len=83 artifacts=34 advent-overaccept=22 advent-underaccept=12 reference-disagreement=1240 same=18976
[20255/100000] reference-disagreement binding-pattern len=458 artifacts=34 advent-overaccept=22 advent-underaccept=12 reference-disagreement=1241 same=18980
[20258/100000] reference-disagreement wide:after-statement:space+newline+space:real:CompilerPlugin:97+expression:testClosureLiterals#1 len=375 artifacts=34 advent-overaccept=22 advent-underaccept=12 reference-disagreement=1242 same=18982
[20264/100000] reference-disagreement tspl-divergence-protocol-body len=165 artifacts=34 advent-overaccept=22 advent-underaccept=12 reference-disagreement=1243 same=18987
[20278/100000] reference-disagreement wide:closure:raw:real:ConfiguredRegions:138 len=291 artifacts=34 advent-overaccept=22 advent-underaccept=12 reference-disagreement=1244 same=19000
[20281/100000] reference-disagreement member-list-wide-boundary len=392 artifacts=34 advent-overaccept=22 advent-underaccept=12 reference-disagreement=1245 same=19002
[20309/100000] reference-disagreement keypath-component-matrix len=37 artifacts=34 advent-overaccept=22 advent-underaccept=12 reference-disagreement=1246 same=19029
[20343/100000] reference-disagreement wide:closure:glue:real:SyntaxExpressibleByStringInterpolationConformances:256 len=98 artifacts=34 advent-overaccept=22 advent-underaccept=12 reference-disagreement=1247 same=19062
[20386/100000] reference-disagreement wide:after-statement:block-comment:translated:testSwitch48#1 len=116 artifacts=34 advent-overaccept=22 advent-underaccept=12 reference-disagreement=1248 same=19104
[20391/100000] reference-disagreement wide:top:block-comment+block-comment+block-comment:translated:testDeprecatedWhere9#1 len=227 artifacts=34 advent-overaccept=22 advent-underaccept=12 reference-disagreement=1249 same=19108
[20412/100000] reference-disagreement wide:before-statement:newline:translated:testOperators2#1+declaration:testAccessors#2 len=170 artifacts=34 advent-overaccept=22 advent-underaccept=12 reference-disagreement=1250 same=19128
[20424/100000] reference-disagreement wide:before-statement:line-comment:declaration:testParseDynamicReplacement#4 len=98 artifacts=34 advent-overaccept=22 advent-underaccept=12 reference-disagreement=1251 same=19139
[20437/100000] reference-disagreement wide:ifconfig:delete+space:real:FunctionScopeSyntax:15 len=211 artifacts=34 advent-overaccept=22 advent-underaccept=12 reference-disagreement=1252 same=19151
[20475/100000] reference-disagreement keypath-boundary len=38 artifacts=34 advent-overaccept=22 advent-underaccept=12 reference-disagreement=1253 same=19188
[20500/100000] same pattern-matrix-boundary len=508 artifacts=34 advent-overaccept=22 advent-underaccept=12 reference-disagreement=1253 same=19213
[20538/100000] reference-disagreement wide:trailing-closure:space:real:Trivia:159 len=368 artifacts=34 advent-overaccept=22 advent-underaccept=12 reference-disagreement=1254 same=19250
[20552/100000] reference-disagreement wide:struct-member:raw:real:Macros:245 len=556 artifacts=34 advent-overaccept=22 advent-underaccept=12 reference-disagreement=1255 same=19263
[20556/100000] reference-disagreement grammarish-member-list len=156 artifacts=34 advent-overaccept=22 advent-underaccept=12 reference-disagreement=1256 same=19266
[20558/100000] reference-disagreement wide:func-body:delete:real:ConvenienceInitializers:194+real:BuildableNodes:1588 len=2050 artifacts=34 advent-overaccept=22 advent-underaccept=12 reference-disagreement=1257 same=19267
[20580/100000] reference-disagreement keypath-boundary len=40 artifacts=34 advent-overaccept=22 advent-underaccept=12 reference-disagreement=1258 same=19288
[20602/100000] reference-disagreement wide:trailing-closure:line-comment:real:LookInMembersScopeSyntax:15 len=168 artifacts=34 advent-overaccept=22 advent-underaccept=12 reference-disagreement=1259 same=19309
[20620/100000] reference-disagreement wide:struct-member:newline:real:SyntaxTraits:846 len=80 artifacts=34 advent-overaccept=22 advent-underaccept=12 reference-disagreement=1260 same=19326
[20645/100000] reference-disagreement wide:ifconfig:raw:translated:testSwitch21#1 len=53 artifacts=34 advent-overaccept=22 advent-underaccept=12 reference-disagreement=1261 same=19350
[20648/100000] reference-disagreement wide:trailing-closure:newline:translated:testForwardSlashRegex180#1+real:Indenter:19 len=331 artifacts=34 advent-overaccept=22 advent-underaccept=12 reference-disagreement=1262 same=19352
[20665/100000] reference-disagreement wide:trailing-closure:raw:type:testTrailingCommas#3+real:VersionTuple:58 len=141 artifacts=34 advent-overaccept=22 advent-underaccept=12 reference-disagreement=1263 same=19368
[20683/100000] reference-disagreement wide:extension-member:newline:declaration:testParseSpecializeAttribute#1 len=1866 artifacts=34 advent-overaccept=22 advent-underaccept=12 reference-disagreement=1264 same=19385
[20691/100000] reference-disagreement keypath-component-matrix len=44 artifacts=34 advent-overaccept=22 advent-underaccept=12 reference-disagreement=1265 same=19392
[20693/100000] reference-disagreement wide:closure:raw:real:Specifiers:581 len=521 artifacts=34 advent-overaccept=22 advent-underaccept=12 reference-disagreement=1266 same=19393
[20702/100000] reference-disagreement wide:struct-member:raw:real:BuildableNodes:319 len=862 artifacts=34 advent-overaccept=22 advent-underaccept=12 reference-disagreement=1267 same=19401
[20708/100000] reference-disagreement wide:struct-member:raw:real:MemberMacro:73 len=890 artifacts=34 advent-overaccept=22 advent-underaccept=12 reference-disagreement=1268 same=19406
[20730/100000] reference-disagreement wide:trailing-closure:duplicate:real:Expressions:1547 len=531 artifacts=34 advent-overaccept=22 advent-underaccept=12 reference-disagreement=1269 same=19427
[20750/100000] reference-disagreement wide:extension-member:raw:declaration:testAccessors#2 len=74 artifacts=34 advent-overaccept=22 advent-underaccept=12 reference-disagreement=1270 same=19446
[20781/100000] reference-disagreement wide:closure:space:real:ResultBuilders:115+real:EditorPlaceholder:69 len=248 artifacts=34 advent-overaccept=22 advent-underaccept=12 reference-disagreement=1271 same=19476
[20795/100000] reference-disagreement wide:closure:newline:real:SyntaxTraits:664 len=738 artifacts=34 advent-overaccept=22 advent-underaccept=12 reference-disagreement=1272 same=19489
[20820/100000] reference-disagreement keypath-component-matrix len=37 artifacts=34 advent-overaccept=22 advent-underaccept=12 reference-disagreement=1273 same=19513
[20832/100000] reference-disagreement wide:struct-member:space:translated:testEnum29#1+attribute:testABIAttribute#4 len=308 artifacts=34 advent-overaccept=22 advent-underaccept=12 reference-disagreement=1274 same=19524
[20839/100000] reference-disagreement keypath-component-matrix len=50 artifacts=34 advent-overaccept=22 advent-underaccept=12 reference-disagreement=1275 same=19530
[20862/100000] reference-disagreement wide:ifconfig:space:translated:testDeprecatedWhere6#1 len=137 artifacts=34 advent-overaccept=22 advent-underaccept=12 reference-disagreement=1276 same=19552
[20865/100000] reference-disagreement wide:trailing-closure:splice:real:BasicMacroExpansionContext:109 len=257 artifacts=34 advent-overaccept=22 advent-underaccept=12 reference-disagreement=1277 same=19554
[20870/100000] reference-disagreement wide:after-statement:raw:translated:testEffectfulProperties14#1 len=88 artifacts=34 advent-overaccept=22 advent-underaccept=12 reference-disagreement=1278 same=19558
[20871/100000] reference-disagreement wide:trailing-closure:glue+newline:real:SyntaxText:225 len=856 artifacts=34 advent-overaccept=22 advent-underaccept=12 reference-disagreement=1279 same=19558
[20876/100000] reference-disagreement cast-try-operator-cluster len=24 artifacts=34 advent-overaccept=22 advent-underaccept=12 reference-disagreement=1280 same=19562
[20892/100000] reference-disagreement grammarish-member-list len=125 artifacts=34 advent-overaccept=22 advent-underaccept=12 reference-disagreement=1281 same=19577
[20907/100000] reference-disagreement wide:trailing-closure:glue+line-comment:real:NominalTypeDeclSyntax:22 len=1256 artifacts=34 advent-overaccept=22 advent-underaccept=12 reference-disagreement=1282 same=19591
[20912/100000] reference-disagreement wide:closure:space+newline:real:ParserDiagnosticMessages:391+real:SyntaxTraits:734 len=301 artifacts=34 advent-overaccept=22 advent-underaccept=12 reference-disagreement=1283 same=19595
[20914/100000] reference-disagreement wide:struct-member:newline:real:Names:19 len=935 artifacts=34 advent-overaccept=22 advent-underaccept=12 reference-disagreement=1284 same=19596
[20918/100000] reference-disagreement keypath-boundary len=44 artifacts=34 advent-overaccept=22 advent-underaccept=12 reference-disagreement=1285 same=19599
[20927/100000] reference-disagreement wide:trailing-closure:raw:real:StandardIOMessageConnection:28 len=41 artifacts=34 advent-overaccept=22 advent-underaccept=12 reference-disagreement=1286 same=19607
[20939/100000] reference-disagreement tspl-divergence-protocol-body len=112 artifacts=34 advent-overaccept=22 advent-underaccept=12 reference-disagreement=1287 same=19618
[20950/100000] reference-disagreement wide:after-statement:space:translated:testSwitch42#1 len=82 artifacts=34 advent-overaccept=22 advent-underaccept=12 reference-disagreement=1288 same=19628
[20958/100000] reference-disagreement wide:func-body:line-comment:real:IdentifiableSyntax:34 len=132 artifacts=34 advent-overaccept=22 advent-underaccept=12 reference-disagreement=1289 same=19635
[20976/100000] reference-disagreement keypath-component-matrix len=37 artifacts=34 advent-overaccept=22 advent-underaccept=12 reference-disagreement=1290 same=19652
[21000/100000] same frontier:interpolation-delimiter len=355 artifacts=34 advent-overaccept=22 advent-underaccept=12 reference-disagreement=1290 same=19676
[21033/100000] reference-disagreement wide:top:space+block-comment:translated:testSwitch66#1 len=51 artifacts=34 advent-overaccept=22 advent-underaccept=12 reference-disagreement=1291 same=19708
[21034/100000] reference-disagreement wide:struct-member:raw:real:Syntax+StringInterpolation:472 len=91 artifacts=34 advent-overaccept=22 advent-underaccept=12 reference-disagreement=1292 same=19708
[21039/100000] reference-disagreement tspl-divergence-protocol-body len=261 artifacts=34 advent-overaccept=22 advent-underaccept=12 reference-disagreement=1293 same=19712
[21046/100000] reference-disagreement wide:closure:raw:declaration:testParsePreconcurrency#2 len=61 artifacts=34 advent-overaccept=22 advent-underaccept=12 reference-disagreement=1294 same=19718
[21048/100000] reference-disagreement wide:closure:raw:attribute:testTransposeAttribute#3 len=126 artifacts=34 advent-overaccept=22 advent-underaccept=12 reference-disagreement=1295 same=19719
[21054/100000] reference-disagreement keypath-component-matrix len=52 artifacts=34 advent-overaccept=22 advent-underaccept=12 reference-disagreement=1296 same=19724
[21064/100000] reference-disagreement wide:func-body:raw:real:MacroSystem:623+declaration:testParseDynamicReplacement#2 len=957 artifacts=34 advent-overaccept=22 advent-underaccept=12 reference-disagreement=1297 same=19733
[21066/100000] reference-disagreement member-list-wide-boundary len=294 artifacts=34 advent-overaccept=22 advent-underaccept=12 reference-disagreement=1298 same=19734
[21103/100000] reference-disagreement binding-pattern len=458 artifacts=34 advent-overaccept=22 advent-underaccept=12 reference-disagreement=1299 same=19770
[21108/100000] reference-disagreement grammarish-member-list len=396 artifacts=34 advent-overaccept=22 advent-underaccept=12 reference-disagreement=1300 same=19774
[21140/100000] reference-disagreement wide:func-body:raw:expression:testAwaitIf2#1+real:SwiftSyntaxCompatibility:771 len=217 artifacts=34 advent-overaccept=22 advent-underaccept=12 reference-disagreement=1301 same=19805
[21142/100000] reference-disagreement wide:extension-member:line-comment+space:real:Parameters:25 len=84 artifacts=34 advent-overaccept=22 advent-underaccept=12 reference-disagreement=1302 same=19806
[21146/100000] reference-disagreement grammarish-member-list len=126 artifacts=34 advent-overaccept=22 advent-underaccept=12 reference-disagreement=1303 same=19809
[21147/100000] reference-disagreement wide:func-body:space:translated:testEnum70#1+real:ResultBuilders:293 len=243 artifacts=34 advent-overaccept=22 advent-underaccept=12 reference-disagreement=1304 same=19809
[21152/100000] reference-disagreement wide:closure:raw:real:SyntaxTraits:834+translated:testDiagnoseAvailability18#1 len=249 artifacts=34 advent-overaccept=22 advent-underaccept=12 reference-disagreement=1305 same=19813
[21155/100000] reference-disagreement wide:trailing-closure:line-comment:real:FixItApplier:146 len=446 artifacts=34 advent-overaccept=22 advent-underaccept=12 reference-disagreement=1306 same=19815
[21160/100000] reference-disagreement wide:trailing-closure:raw:real:SyntaxExpressibleByStringInterpolationConformances:145 len=158 artifacts=34 advent-overaccept=22 advent-underaccept=12 reference-disagreement=1307 same=19819
[21176/100000] reference-disagreement wide:func-body:raw:real:DiagnosticExtensions:23 len=938 artifacts=34 advent-overaccept=22 advent-underaccept=12 reference-disagreement=1308 same=19834
[21190/100000] reference-disagreement tspl-divergence-protocol-body len=143 artifacts=34 advent-overaccept=22 advent-underaccept=12 reference-disagreement=1309 same=19847
[21227/100000] reference-disagreement binding-pattern len=458 artifacts=34 advent-overaccept=22 advent-underaccept=12 reference-disagreement=1310 same=19883
[21246/100000] reference-disagreement wide:extension-member:newline+duplicate:phase3-type:struct-two-members len=55 artifacts=34 advent-overaccept=22 advent-underaccept=12 reference-disagreement=1311 same=19901
[21250/100000] same frontier:parser-mode-scope len=55 artifacts=34 advent-overaccept=22 advent-underaccept=12 reference-disagreement=1311 same=19905
[21306/100000] reference-disagreement wide:closure:raw:real:CommonAncestor:33+real:SyntaxNodeWithBody:74 len=843 artifacts=34 advent-overaccept=22 advent-underaccept=12 reference-disagreement=1312 same=19960
[21321/100000] reference-disagreement wide:extension-member:raw:translated:testOperatorDecl11a#1 len=37 artifacts=34 advent-overaccept=22 advent-underaccept=12 reference-disagreement=1313 same=19974
[21332/100000] reference-disagreement wide:func-body:raw:real:SyntaxExpressibleByStringInterpolationConformances:79 len=86 artifacts=34 advent-overaccept=22 advent-underaccept=12 reference-disagreement=1314 same=19984
[21352/100000] reference-disagreement tspl-divergence-accessor-commitment len=78 artifacts=34 advent-overaccept=22 advent-underaccept=12 reference-disagreement=1315 same=20003
[21374/100000] reference-disagreement wide:trailing-closure:glue:real:SyntaxCollections:826+translated:testTry15#1 len=692 artifacts=34 advent-overaccept=22 advent-underaccept=12 reference-disagreement=1316 same=20024
[21386/100000] reference-disagreement tspl-divergence-protocol-body len=178 artifacts=34 advent-overaccept=22 advent-underaccept=12 reference-disagreement=1317 same=20035
[21396/100000] reference-disagreement statement-list len=626 artifacts=34 advent-overaccept=22 advent-underaccept=12 reference-disagreement=1318 same=20044
[21404/100000] reference-disagreement wide:extension-member:raw:real:SyntaxTraits:822 len=82 artifacts=34 advent-overaccept=22 advent-underaccept=12 reference-disagreement=1319 same=20051
[21412/100000] reference-disagreement member-list-wide-boundary len=456 artifacts=34 advent-overaccept=22 advent-underaccept=12 reference-disagreement=1320 same=20058
[21417/100000] reference-disagreement wide:trailing-closure:raw:declaration:testParseSpecializeAttribute#2+translated:testTargetEnvironmentFuncCall#1 len=417 artifacts=34 advent-overaccept=22 advent-underaccept=12 reference-disagreement=1321 same=20062
[21432/100000] reference-disagreement wide:struct-member:newline:real:ConvenienceInitializers:397 len=798 artifacts=34 advent-overaccept=22 advent-underaccept=12 reference-disagreement=1322 same=20076
[21440/100000] reference-disagreement wide:func-body:line-comment+space+keyword:real:SyntaxTraits:730 len=66 artifacts=34 advent-overaccept=22 advent-underaccept=12 reference-disagreement=1323 same=20083
[21443/100000] reference-disagreement wide:func-body:newline+newline:translated:testRecovery152#1+real:Syntax+StringInterpolation:472 len=142 artifacts=34 advent-overaccept=22 advent-underaccept=12 reference-disagreement=1324 same=20085
[21458/100000] reference-disagreement wide:trailing-closure:raw:translated:testOperatorDeclDesignatedTypes13#1 len=97 artifacts=34 advent-overaccept=22 advent-underaccept=12 reference-disagreement=1325 same=20099
[21459/100000] reference-disagreement wide:ifconfig:swap+newline+line-comment:attribute:testEffects#1 len=71 artifacts=34 advent-overaccept=22 advent-underaccept=12 reference-disagreement=1326 same=20099
[21480/100000] reference-disagreement wide:ifconfig:line-comment+newline+block-comment:declaration:testCoroutineAccessors#1+expression:testKeypathExpression#1 len=103 artifacts=34 advent-overaccept=22 advent-underaccept=12 reference-disagreement=1327 same=20119
[21484/100000] reference-disagreement member-list-wide-boundary len=213 artifacts=34 advent-overaccept=22 advent-underaccept=12 reference-disagreement=1328 same=20122
[21500/100000] same wide:trailing-closure:swap+line-comment:reject:testInvalid2b#1+declaration:testModifiedParameter#5 len=85 artifacts=34 advent-overaccept=22 advent-underaccept=12 reference-disagreement=1328 same=20138
[21516/100000] reference-disagreement tspl-divergence-accessor-commitment len=78 artifacts=34 advent-overaccept=22 advent-underaccept=12 reference-disagreement=1329 same=20153
[21518/100000] reference-disagreement attribute-ifconfig-elseif-list len=118 artifacts=34 advent-overaccept=22 advent-underaccept=12 reference-disagreement=1330 same=20154
[21553/100000] reference-disagreement binding-pattern len=458 artifacts=34 advent-overaccept=22 advent-underaccept=12 reference-disagreement=1331 same=20188
[21559/100000] reference-disagreement statement-list len=569 artifacts=34 advent-overaccept=22 advent-underaccept=12 reference-disagreement=1332 same=20193
[21589/100000] reference-disagreement wide:trailing-closure:raw:real:ResultBuilders:566 len=147 artifacts=34 advent-overaccept=22 advent-underaccept=12 reference-disagreement=1333 same=20222
[21597/100000] reference-disagreement grammarish-member-list len=246 artifacts=34 advent-overaccept=22 advent-underaccept=12 reference-disagreement=1334 same=20229
[21641/100000] reference-disagreement wide:closure:block-comment:translated:testDeprecatedWhere3#1 len=332 artifacts=34 advent-overaccept=22 advent-underaccept=12 reference-disagreement=1335 same=20272
[21650/100000] reference-disagreement declaration-modifier-stack len=34 artifacts=34 advent-overaccept=22 advent-underaccept=12 reference-disagreement=1336 same=20280
[21687/100000] reference-disagreement wide:trailing-closure:keyword:real:SyntaxBaseNodes:899 len=63 artifacts=34 advent-overaccept=22 advent-underaccept=12 reference-disagreement=1337 same=20316
[21698/100000] reference-disagreement wide:extension-member:line-comment:real:SyntaxTraits:770 len=107 artifacts=34 advent-overaccept=22 advent-underaccept=12 reference-disagreement=1338 same=20326
[21725/100000] advent-underaccept wide:before-statement:block-comment+line-comment:phase4-keypath:kp-optional len=46 artifacts=35 advent-overaccept=22 advent-underaccept=13 reference-disagreement=1338 same=20352
[21726/100000] reference-disagreement wide:func-body:space+newline+space:real:SyntaxNodeWithBody:185 len=1084 artifacts=35 advent-overaccept=22 advent-underaccept=13 reference-disagreement=1339 same=20352
[21736/100000] reference-disagreement wide:after-statement:raw:translated:testSwitch17#1 len=64 artifacts=35 advent-overaccept=22 advent-underaccept=13 reference-disagreement=1340 same=20361
[21748/100000] reference-disagreement wide:func-body:line-comment+space:translated:testEffectfulProperties10#1+attribute:testDifferentiableAttribute#1 len=456 artifacts=35 advent-overaccept=22 advent-underaccept=13 reference-disagreement=1341 same=20372
[21750/100000] same wide:closure:raw:translated:testMultilineString18#1 len=42 artifacts=35 advent-overaccept=22 advent-underaccept=13 reference-disagreement=1341 same=20374
[21755/100000] reference-disagreement attribute-ifconfig-elseif-list len=118 artifacts=35 advent-overaccept=22 advent-underaccept=13 reference-disagreement=1342 same=20378
[21770/100000] reference-disagreement wide:struct-member:raw:real:LayoutNodes+Parsable:79 len=189 artifacts=35 advent-overaccept=22 advent-underaccept=13 reference-disagreement=1343 same=20392
[21777/100000] reference-disagreement wide:func-body:raw:real:JSON:14 len=387 artifacts=35 advent-overaccept=22 advent-underaccept=13 reference-disagreement=1344 same=20398
[21779/100000] reference-disagreement wide:closure:raw:real:SyntaxCollections:2113 len=508 artifacts=35 advent-overaccept=22 advent-underaccept=13 reference-disagreement=1345 same=20399
[21789/100000] reference-disagreement wide:func-body:raw:real:SyntaxTraits:810 len=84 artifacts=35 advent-overaccept=22 advent-underaccept=13 reference-disagreement=1346 same=20408
[21790/100000] reference-disagreement wide:struct-member:block-comment+space:phase2-postfix:method-call+real:Syntax+StringInterpolation:289 len=87 artifacts=35 advent-overaccept=22 advent-underaccept=13 reference-disagreement=1347 same=20408
[21807/100000] reference-disagreement wide:closure:raw:real:Indenter:19 len=614 artifacts=35 advent-overaccept=22 advent-underaccept=13 reference-disagreement=1348 same=20424
[21831/100000] reference-disagreement declaration-modifier-stack len=34 artifacts=35 advent-overaccept=22 advent-underaccept=13 reference-disagreement=1349 same=20447
[21855/100000] reference-disagreement tspl-divergence-protocol-body len=136 artifacts=35 advent-overaccept=22 advent-underaccept=13 reference-disagreement=1350 same=20470
[21867/100000] reference-disagreement wide:func-body:raw:real:DiagnosticGroupInheritanceTree:65+translated:testForwardSlashRegex170#1 len=290 artifacts=35 advent-overaccept=22 advent-underaccept=13 reference-disagreement=1351 same=20481
[21869/100000] reference-disagreement wide:trailing-closure:keyword+line-comment:reject:testTry11g#1 len=63 artifacts=35 advent-overaccept=22 advent-underaccept=13 reference-disagreement=1352 same=20482
[21893/100000] reference-disagreement wide:extension-member:raw:real:SyntaxClassifier:19 len=482 artifacts=35 advent-overaccept=22 advent-underaccept=13 reference-disagreement=1353 same=20505
[21899/100000] reference-disagreement wide:extension-member:raw:real:RegexLiteralLexer:577 len=487 artifacts=35 advent-overaccept=22 advent-underaccept=13 reference-disagreement=1354 same=20510
[21900/100000] reference-disagreement tspl-divergence-protocol-body len=166 artifacts=35 advent-overaccept=22 advent-underaccept=13 reference-disagreement=1355 same=20510
[21901/100000] reference-disagreement wide:func-body:newline+keyword:real:IdentifiableSyntax:28 len=133 artifacts=35 advent-overaccept=22 advent-underaccept=13 reference-disagreement=1356 same=20510
[21904/100000] reference-disagreement wide:func-body:space+space:real:ParserDiagnosticMessages:758 len=366 artifacts=35 advent-overaccept=22 advent-underaccept=13 reference-disagreement=1357 same=20512
[21906/100000] reference-disagreement wide:closure:raw:translated:testEnumElementPatternSwift43#1+real:WarningControlRegions:210 len=723 artifacts=35 advent-overaccept=22 advent-underaccept=13 reference-disagreement=1358 same=20513
[21910/100000] reference-disagreement wide:trailing-closure:block-comment+block-comment+block-comment:real:SyntaxExpressibleByStringInterpolationConformances:58 len=96 artifacts=35 advent-overaccept=22 advent-underaccept=13 reference-disagreement=1359 same=20516
[21918/100000] reference-disagreement tspl-divergence-accessor-commitment len=49 artifacts=35 advent-overaccept=22 advent-underaccept=13 reference-disagreement=1360 same=20523
[21970/100000] reference-disagreement tspl-divergence-protocol-body len=253 artifacts=35 advent-overaccept=22 advent-underaccept=13 reference-disagreement=1361 same=20574
[21978/100000] advent-overaccept wide:closure:keyword+newline:translated:testEnum81b#1 len=65 artifacts=36 advent-overaccept=23 advent-underaccept=13 reference-disagreement=1361 same=20581
[22000/100000] same frontier:protocol-accessor-shape len=112 artifacts=36 advent-overaccept=23 advent-underaccept=13 reference-disagreement=1361 same=20603
[22021/100000] reference-disagreement wide:trailing-closure:newline+line-comment:real:LoopProgressCondition:60 len=669 artifacts=36 advent-overaccept=23 advent-underaccept=13 reference-disagreement=1362 same=20623
[22029/100000] reference-disagreement wide:closure:block-comment+line-comment+line-comment:real:LayoutNodes+Parsable:239 len=870 artifacts=36 advent-overaccept=23 advent-underaccept=13 reference-disagreement=1363 same=20630
[22049/100000] reference-disagreement wide:interpolation:block-comment+block-comment:translated:testRawString24#1 len=41 artifacts=36 advent-overaccept=23 advent-underaccept=13 reference-disagreement=1364 same=20649
[22051/100000] reference-disagreement tspl-divergence-protocol-body len=221 artifacts=36 advent-overaccept=23 advent-underaccept=13 reference-disagreement=1365 same=20650
[22055/100000] reference-disagreement wide:closure:newline+keyword:real:Types:1605+phase3-modifier:final-class len=667 artifacts=36 advent-overaccept=23 advent-underaccept=13 reference-disagreement=1366 same=20653
[22078/100000] reference-disagreement attribute-ifconfig-elseif-list len=122 artifacts=36 advent-overaccept=23 advent-underaccept=13 reference-disagreement=1367 same=20675
[22092/100000] reference-disagreement wide:extension-member:keyword+glue+glue:real:SyntaxTraits:732 len=69 artifacts=36 advent-overaccept=23 advent-underaccept=13 reference-disagreement=1368 same=20688
[22132/100000] reference-disagreement wide:extension-member:newline+newline:real:BuildableNodes:1503 len=1045 artifacts=36 advent-overaccept=23 advent-underaccept=13 reference-disagreement=1369 same=20727
[22133/100000] reference-disagreement wide:func-body:block-comment+newline:translated:testInvalidStringInterpolationProtocol4#1 len=288 artifacts=36 advent-overaccept=23 advent-underaccept=13 reference-disagreement=1370 same=20727
[22137/100000] reference-disagreement wide:func-body:newline+glue:translated:testTypeExpr5#1+phase4-accessor:computed-shorthand len=74 artifacts=36 advent-overaccept=23 advent-underaccept=13 reference-disagreement=1371 same=20730
[22157/100000] reference-disagreement statement-list len=676 artifacts=36 advent-overaccept=23 advent-underaccept=13 reference-disagreement=1372 same=20749
[22158/100000] reference-disagreement wide:func-body:space+newline:real:ResultBuilders:63 len=179 artifacts=36 advent-overaccept=23 advent-underaccept=13 reference-disagreement=1373 same=20749
[22159/100000] reference-disagreement wide:func-body:raw:real:IfConfigEvaluation:548 len=671 artifacts=36 advent-overaccept=23 advent-underaccept=13 reference-disagreement=1374 same=20749
[22163/100000] reference-disagreement wide:struct-member:newline:real:ResultBuilders:245 len=227 artifacts=36 advent-overaccept=23 advent-underaccept=13 reference-disagreement=1375 same=20752
[22185/100000] reference-disagreement member-list-wide-boundary len=496 artifacts=36 advent-overaccept=23 advent-underaccept=13 reference-disagreement=1376 same=20773
[22203/100000] reference-disagreement wide:struct-member:space+newline+splice:real:RegexLiteralLexer:348+real:SyntaxTraits:734 len=608 artifacts=36 advent-overaccept=23 advent-underaccept=13 reference-disagreement=1377 same=20790
[22212/100000] reference-disagreement tspl-divergence-protocol-body len=98 artifacts=36 advent-overaccept=23 advent-underaccept=13 reference-disagreement=1378 same=20798
[22240/100000] reference-disagreement wide:after-statement:keyword+block-comment+block-comment:attribute:testDocumentationAttribute#2 len=98 artifacts=36 advent-overaccept=23 advent-underaccept=13 reference-disagreement=1379 same=20825
[22241/100000] reference-disagreement tspl-divergence-protocol-body len=194 artifacts=36 advent-overaccept=23 advent-underaccept=13 reference-disagreement=1380 same=20825
[22243/100000] reference-disagreement tspl-divergence-protocol-body len=132 artifacts=36 advent-overaccept=23 advent-underaccept=13 reference-disagreement=1381 same=20826
[22246/100000] reference-disagreement wide:trailing-closure:space:real:ParserDiagnosticMessages:369 len=530 artifacts=36 advent-overaccept=23 advent-underaccept=13 reference-disagreement=1382 same=20828
[22250/100000] reference-disagreement wide:func-body:raw:attribute:testBackDeployed#3 len=134 artifacts=36 advent-overaccept=23 advent-underaccept=13 reference-disagreement=1383 same=20831
[22252/100000] reference-disagreement wide:trailing-closure:raw:real:StringExtensions:38 len=469 artifacts=36 advent-overaccept=23 advent-underaccept=13 reference-disagreement=1384 same=20832
[22269/100000] reference-disagreement wide:extension-member:line-comment+duplicate+block-comment:phase1:let-two-bindings len=49 artifacts=36 advent-overaccept=23 advent-underaccept=13 reference-disagreement=1385 same=20848
[22275/100000] reference-disagreement attribute-ifconfig-elseif-list len=131 artifacts=36 advent-overaccept=23 advent-underaccept=13 reference-disagreement=1386 same=20853
[22282/100000] reference-disagreement tspl-divergence-protocol-body len=166 artifacts=36 advent-overaccept=23 advent-underaccept=13 reference-disagreement=1387 same=20859
[22297/100000] reference-disagreement declaration-modifier-stack len=34 artifacts=36 advent-overaccept=23 advent-underaccept=13 reference-disagreement=1388 same=20873
[22301/100000] reference-disagreement tspl-divergence-protocol-body len=225 artifacts=36 advent-overaccept=23 advent-underaccept=13 reference-disagreement=1389 same=20876
[22306/100000] reference-disagreement wide:extension-member:raw:real:RawSyntaxLayoutView:13+fuzz-harvest:dot-own-line len=457 artifacts=36 advent-overaccept=23 advent-underaccept=13 reference-disagreement=1390 same=20880
[22307/100000] reference-disagreement wide:trailing-closure:raw:translated:testStructNamedLowercaseAny#1+real:RawSyntaxNodeProtocol:64 len=375 artifacts=36 advent-overaccept=23 advent-underaccept=13 reference-disagreement=1391 same=20880
[22314/100000] reference-disagreement keypath-component-matrix len=37 artifacts=36 advent-overaccept=23 advent-underaccept=13 reference-disagreement=1392 same=20886
[22337/100000] reference-disagreement wide:closure:raw:phase4-precedence:pg-empty len=42 artifacts=36 advent-overaccept=23 advent-underaccept=13 reference-disagreement=1393 same=20908
[22352/100000] reference-disagreement attribute-boundary len=41 artifacts=36 advent-overaccept=23 advent-underaccept=13 reference-disagreement=1394 same=20922
[22376/100000] reference-disagreement wide:trailing-closure:space+line-comment+swap:real:LayoutNodes+Parsable:79 len=189 artifacts=36 advent-overaccept=23 advent-underaccept=13 reference-disagreement=1395 same=20945
[22385/100000] reference-disagreement attribute-ifconfig-elseif-list len=118 artifacts=36 advent-overaccept=23 advent-underaccept=13 reference-disagreement=1396 same=20953
[22389/100000] reference-disagreement wide:trailing-closure:block-comment+line-comment:real:ResultBuilders:629+real:DiagnosticExtensions:23 len=1061 artifacts=36 advent-overaccept=23 advent-underaccept=13 reference-disagreement=1397 same=20956
[22418/100000] reference-disagreement wide:before-statement:block-comment+space+block-comment:reject:testAvailabilityQueryUnavailability23#1 len=64 artifacts=36 advent-overaccept=23 advent-underaccept=13 reference-disagreement=1398 same=20984
[22431/100000] reference-disagreement binding-pattern len=458 artifacts=36 advent-overaccept=23 advent-underaccept=13 reference-disagreement=1399 same=20996
[22441/100000] reference-disagreement member-list-wide-boundary len=153 artifacts=36 advent-overaccept=23 advent-underaccept=13 reference-disagreement=1400 same=21005
[22462/100000] reference-disagreement wide:interpolation:raw:translated:testAvailabilityQuery17#1 len=45 artifacts=36 advent-overaccept=23 advent-underaccept=13 reference-disagreement=1401 same=21025
[22487/100000] reference-disagreement wide:closure:raw:translated:testOperatorDecl20#1 len=69 artifacts=36 advent-overaccept=23 advent-underaccept=13 reference-disagreement=1402 same=21049
[22500/100000] same wide:func-body:duplicate+block-comment:reject:testDollarIdentifier14#1+statement:testReturn#2 len=58 artifacts=36 advent-overaccept=23 advent-underaccept=13 reference-disagreement=1402 same=21062
[22517/100000] reference-disagreement keypath-component-matrix len=38 artifacts=36 advent-overaccept=23 advent-underaccept=13 reference-disagreement=1403 same=21078
[22520/100000] reference-disagreement wide:struct-member:raw:real:ScopeImplementations:64+real:SequentialScopeSyntax:18 len=814 artifacts=36 advent-overaccept=23 advent-underaccept=13 reference-disagreement=1404 same=21080
[22535/100000] reference-disagreement wide:after-statement:block-comment:translated:testModuleSelectorIncorrectRuntimeBaseAttr#1 len=84 artifacts=36 advent-overaccept=23 advent-underaccept=13 reference-disagreement=1405 same=21094
[22540/100000] reference-disagreement wide:struct-member:duplicate:real:SyntaxCollections:23+translated:testDeprecatedWhere1#1 len=539 artifacts=36 advent-overaccept=23 advent-underaccept=13 reference-disagreement=1406 same=21098
[22558/100000] reference-disagreement keypath-component-matrix len=53 artifacts=36 advent-overaccept=23 advent-underaccept=13 reference-disagreement=1407 same=21115
[22579/100000] reference-disagreement wide:func-body:raw:real:SyntaxCollections:880 len=510 artifacts=36 advent-overaccept=23 advent-underaccept=13 reference-disagreement=1408 same=21135
[22604/100000] reference-disagreement attribute-ifconfig-elseif-list len=138 artifacts=36 advent-overaccept=23 advent-underaccept=13 reference-disagreement=1409 same=21159
[22624/100000] reference-disagreement binding-pattern len=458 artifacts=36 advent-overaccept=23 advent-underaccept=13 reference-disagreement=1410 same=21178
[22639/100000] reference-disagreement wide:extension-member:block-comment:real:SyntaxExtensions:217 len=444 artifacts=36 advent-overaccept=23 advent-underaccept=13 reference-disagreement=1411 same=21192
[22653/100000] reference-disagreement wide:extension-member:raw:real:SyntaxTraits:848+translated:testMatchingPatterns10#1 len=115 artifacts=36 advent-overaccept=23 advent-underaccept=13 reference-disagreement=1412 same=21205
[22659/100000] reference-disagreement wide:extension-member:raw:real:ScopeImplementations:371 len=174 artifacts=36 advent-overaccept=23 advent-underaccept=13 reference-disagreement=1413 same=21210
[22669/100000] reference-disagreement member-list-wide-boundary len=209 artifacts=36 advent-overaccept=23 advent-underaccept=13 reference-disagreement=1414 same=21219
[22672/100000] reference-disagreement binding-pattern len=458 artifacts=36 advent-overaccept=23 advent-underaccept=13 reference-disagreement=1415 same=21221
[22712/100000] reference-disagreement wide:before-statement:duplicate+glue:translated:testInitDeinit12#1+real:ResultBuilders:128 len=236 artifacts=36 advent-overaccept=23 advent-underaccept=13 reference-disagreement=1416 same=21260
[22730/100000] reference-disagreement wide:closure:raw:real:Scanner:98 len=174 artifacts=36 advent-overaccept=23 advent-underaccept=13 reference-disagreement=1417 same=21277
[22750/100000] same ifconfig-boundary len=42 artifacts=36 advent-overaccept=23 advent-underaccept=13 reference-disagreement=1417 same=21297
[22784/100000] reference-disagreement wide:trailing-closure:raw:real:SyntaxExpressibleByStringInterpolationConformances:145 len=158 artifacts=36 advent-overaccept=23 advent-underaccept=13 reference-disagreement=1418 same=21330
[22793/100000] reference-disagreement wide:trailing-closure:splice:real:SyntaxTraits:435 len=700 artifacts=36 advent-overaccept=23 advent-underaccept=13 reference-disagreement=1419 same=21338
[22804/100000] reference-disagreement binding-pattern len=458 artifacts=36 advent-overaccept=23 advent-underaccept=13 reference-disagreement=1420 same=21348
[22805/100000] reference-disagreement wide:trailing-closure:splice:translated:testForwardSlashRegex8#1 len=75 artifacts=36 advent-overaccept=23 advent-underaccept=13 reference-disagreement=1421 same=21348
[22825/100000] reference-disagreement member-list-wide-boundary len=358 artifacts=36 advent-overaccept=23 advent-underaccept=13 reference-disagreement=1422 same=21367
[22836/100000] reference-disagreement tspl-divergence-protocol-body len=130 artifacts=36 advent-overaccept=23 advent-underaccept=13 reference-disagreement=1423 same=21377
[22841/100000] reference-disagreement wide:trailing-closure:block-comment:real:Parameters:21+phase3-modifier:final-public len=140 artifacts=36 advent-overaccept=23 advent-underaccept=13 reference-disagreement=1424 same=21381
[22848/100000] reference-disagreement tspl-divergence-protocol-body len=68 artifacts=36 advent-overaccept=23 advent-underaccept=13 reference-disagreement=1425 same=21387
[22854/100000] reference-disagreement attribute-boundary len=39 artifacts=36 advent-overaccept=23 advent-underaccept=13 reference-disagreement=1426 same=21392
[22856/100000] reference-disagreement tspl-divergence-protocol-body len=145 artifacts=36 advent-overaccept=23 advent-underaccept=13 reference-disagreement=1427 same=21393
[22862/100000] reference-disagreement attribute-ifconfig-elseif-list len=127 artifacts=36 advent-overaccept=23 advent-underaccept=13 reference-disagreement=1428 same=21398
[22904/100000] reference-disagreement keypath-boundary len=44 artifacts=36 advent-overaccept=23 advent-underaccept=13 reference-disagreement=1429 same=21439
[22917/100000] reference-disagreement wide:trailing-closure:raw:translated:testSwitch56#1+real:PackageDependency:132 len=677 artifacts=36 advent-overaccept=23 advent-underaccept=13 reference-disagreement=1430 same=21451
[22934/100000] reference-disagreement tspl-divergence-accessor-commitment len=49 artifacts=36 advent-overaccept=23 advent-underaccept=13 reference-disagreement=1431 same=21467
[22966/100000] reference-disagreement wide:func-body:newline:real:Syntax+StringInterpolation:288 len=63 artifacts=36 advent-overaccept=23 advent-underaccept=13 reference-disagreement=1432 same=21498
[22968/100000] reference-disagreement wide:trailing-closure:raw:declaration:testBorrowingConsumingParameterSpecifiers#4+translated:testInvalidStringInterpolationProtocol3#1 len=472 artifacts=36 advent-overaccept=23 advent-underaccept=13 reference-disagreement=1433 same=21499
[22979/100000] reference-disagreement wide:ifconfig:newline:expression:testClosureLiterals#1 len=67 artifacts=36 advent-overaccept=23 advent-underaccept=13 reference-disagreement=1434 same=21509
[22980/100000] reference-disagreement member-list-wide-boundary len=256 artifacts=36 advent-overaccept=23 advent-underaccept=13 reference-disagreement=1435 same=21509
[22993/100000] reference-disagreement grammarish-member-list len=202 artifacts=36 advent-overaccept=23 advent-underaccept=13 reference-disagreement=1436 same=21521
[23000/100000] same regex-trivia-boundary len=113 artifacts=36 advent-overaccept=23 advent-underaccept=13 reference-disagreement=1436 same=21528
[23048/100000] reference-disagreement wide:ifconfig:newline+newline:reject:testMacroRoleNames#1 len=65 artifacts=36 advent-overaccept=23 advent-underaccept=13 reference-disagreement=1437 same=21575
[23071/100000] reference-disagreement wide:func-body:raw:real:WarningControlRegions:18+translated:testEnum53#1 len=548 artifacts=36 advent-overaccept=23 advent-underaccept=13 reference-disagreement=1438 same=21597
[23080/100000] reference-disagreement member-list-wide-boundary len=387 artifacts=36 advent-overaccept=23 advent-underaccept=13 reference-disagreement=1439 same=21605
[23087/100000] reference-disagreement tspl-divergence-protocol-body len=203 artifacts=36 advent-overaccept=23 advent-underaccept=13 reference-disagreement=1440 same=21611
[23135/100000] reference-disagreement attribute-ifconfig-elseif-list len=129 artifacts=36 advent-overaccept=23 advent-underaccept=13 reference-disagreement=1441 same=21658
[23157/100000] reference-disagreement wide:closure:raw:real:ApusTerminals:138+translated:testEffectfulProperties14#1 len=1243 artifacts=36 advent-overaccept=23 advent-underaccept=13 reference-disagreement=1442 same=21679
[23167/100000] reference-disagreement wide:extension-member:block-comment:real:MacroSystem:1543 len=491 artifacts=36 advent-overaccept=23 advent-underaccept=13 reference-disagreement=1443 same=21688
[23179/100000] reference-disagreement wide:func-body:raw:real:ExpandEditorPlaceholder:169 len=1155 artifacts=36 advent-overaccept=23 advent-underaccept=13 reference-disagreement=1444 same=21699
[23195/100000] reference-disagreement declaration-modifier-stack len=34 artifacts=36 advent-overaccept=23 advent-underaccept=13 reference-disagreement=1445 same=21714
[23205/100000] reference-disagreement seed-corpus-wrapped:extension-optional-type len=51 artifacts=36 advent-overaccept=23 advent-underaccept=13 reference-disagreement=1446 same=21723
[23210/100000] reference-disagreement keypath-boundary len=38 artifacts=36 advent-overaccept=23 advent-underaccept=13 reference-disagreement=1447 same=21727
[23213/100000] reference-disagreement keypath-boundary len=40 artifacts=36 advent-overaccept=23 advent-underaccept=13 reference-disagreement=1448 same=21729
[23224/100000] reference-disagreement keypath-component-matrix len=41 artifacts=36 advent-overaccept=23 advent-underaccept=13 reference-disagreement=1449 same=21739
[23237/100000] reference-disagreement tspl-divergence-protocol-body len=222 artifacts=36 advent-overaccept=23 advent-underaccept=13 reference-disagreement=1450 same=21751
[23246/100000] reference-disagreement wide:closure:line-comment+newline:real:DeclSyntaxParseable:54 len=81 artifacts=36 advent-overaccept=23 advent-underaccept=13 reference-disagreement=1451 same=21759
[23250/100000] same attribute-boundary len=31 artifacts=36 advent-overaccept=23 advent-underaccept=13 reference-disagreement=1451 same=21763
[23260/100000] reference-disagreement wide:trailing-closure:block-comment+newline:phase4-precedence:pg-empty len=38 artifacts=36 advent-overaccept=23 advent-underaccept=13 reference-disagreement=1452 same=21772
[23286/100000] reference-disagreement wide:func-body:newline:phase4-decl:op-prefix len=35 artifacts=36 advent-overaccept=23 advent-underaccept=13 reference-disagreement=1453 same=21797
[23291/100000] reference-disagreement wide:closure:line-comment:translated:testFunctionTypeExpr#15+real:CustomTraits:68 len=219 artifacts=36 advent-overaccept=23 advent-underaccept=13 reference-disagreement=1454 same=21801
[23295/100000] reference-disagreement wide:extension-member:swap:real:ResultBuilders:732 len=202 artifacts=36 advent-overaccept=23 advent-underaccept=13 reference-disagreement=1455 same=21804
[23296/100000] reference-disagreement wide:top:raw:attribute:testMacroRoleNames#9 len=56 artifacts=36 advent-overaccept=23 advent-underaccept=13 reference-disagreement=1456 same=21804
[23299/100000] reference-disagreement wide:extension-member:raw:real:BuildableNodes:211 len=1056 artifacts=36 advent-overaccept=23 advent-underaccept=13 reference-disagreement=1457 same=21806
[23302/100000] reference-disagreement wide:closure:line-comment:real:SyntaxTraits:772 len=90 artifacts=36 advent-overaccept=23 advent-underaccept=13 reference-disagreement=1458 same=21808
[23345/100000] reference-disagreement attribute-ifconfig-elseif-list len=116 artifacts=36 advent-overaccept=23 advent-underaccept=13 reference-disagreement=1459 same=21850
[23356/100000] reference-disagreement wide:closure:raw:translated:testMultilineString37#1+real:SyntaxTraits:774 len=89 artifacts=36 advent-overaccept=23 advent-underaccept=13 reference-disagreement=1460 same=21860
[23366/100000] reference-disagreement member-list-wide-boundary len=239 artifacts=36 advent-overaccept=23 advent-underaccept=13 reference-disagreement=1461 same=21869
[23367/100000] reference-disagreement wide:func-body:raw:real:SyntaxHashable:14 len=94 artifacts=36 advent-overaccept=23 advent-underaccept=13 reference-disagreement=1462 same=21869
[23368/100000] reference-disagreement binding-pattern len=458 artifacts=36 advent-overaccept=23 advent-underaccept=13 reference-disagreement=1463 same=21869
[23373/100000] reference-disagreement wide:func-body:newline+block-comment:real:GrammarNode:294 len=219 artifacts=36 advent-overaccept=23 advent-underaccept=13 reference-disagreement=1464 same=21873
[23379/100000] reference-disagreement wide:extension-member:block-comment+block-comment:real:Message:74+translated:testEnum13#1 len=363 artifacts=36 advent-overaccept=23 advent-underaccept=13 reference-disagreement=1465 same=21878
[23399/100000] reference-disagreement tspl-divergence-protocol-body len=182 artifacts=36 advent-overaccept=23 advent-underaccept=13 reference-disagreement=1466 same=21897
[23432/100000] reference-disagreement member-list-wide-boundary len=292 artifacts=36 advent-overaccept=23 advent-underaccept=13 reference-disagreement=1467 same=21929
[23443/100000] reference-disagreement nested-ifconfig-boundary len=163 artifacts=36 advent-overaccept=23 advent-underaccept=13 reference-disagreement=1468 same=21939
[23462/100000] reference-disagreement wide:func-body:space:real:SourceLocation:484+real:StandardIOMessageConnection:183 len=1108 artifacts=36 advent-overaccept=23 advent-underaccept=13 reference-disagreement=1469 same=21957
[23473/100000] reference-disagreement wide:ifconfig:space:phase4-macro:macro-args len=37 artifacts=36 advent-overaccept=23 advent-underaccept=13 reference-disagreement=1470 same=21967
[23485/100000] reference-disagreement tspl-divergence-protocol-body len=121 artifacts=36 advent-overaccept=23 advent-underaccept=13 reference-disagreement=1471 same=21978
[23491/100000] reference-disagreement keypath-boundary len=37 artifacts=36 advent-overaccept=23 advent-underaccept=13 reference-disagreement=1472 same=21983
[23500/100000] same seed-corpus-wrapped:condition-case-optional len=83 artifacts=36 advent-overaccept=23 advent-underaccept=13 reference-disagreement=1472 same=21992
[23516/100000] reference-disagreement wide:top:newline+block-comment:translated:testSwitch66#1 len=46 artifacts=36 advent-overaccept=23 advent-underaccept=13 reference-disagreement=1473 same=22007
[23530/100000] reference-disagreement wide:before-statement:delete+space:phase4-accessor:computed-static len=49 artifacts=36 advent-overaccept=23 advent-underaccept=13 reference-disagreement=1474 same=22020
[23545/100000] reference-disagreement keypath-component-matrix len=44 artifacts=36 advent-overaccept=23 advent-underaccept=13 reference-disagreement=1475 same=22034
[23559/100000] reference-disagreement grammarish-member-list len=106 artifacts=36 advent-overaccept=23 advent-underaccept=13 reference-disagreement=1476 same=22047
[23573/100000] reference-disagreement seed-corpus-wrapped:extension-optional-type len=59 artifacts=36 advent-overaccept=23 advent-underaccept=13 reference-disagreement=1477 same=22060
[23577/100000] reference-disagreement wide:struct-member:newline+block-comment:real:Attributes:362 len=912 artifacts=36 advent-overaccept=23 advent-underaccept=13 reference-disagreement=1478 same=22063
[23600/100000] reference-disagreement grammarish-member-list len=320 artifacts=36 advent-overaccept=23 advent-underaccept=13 reference-disagreement=1479 same=22085
[23621/100000] reference-disagreement wide:func-body:raw:real:EditorPlaceholder:43 len=904 artifacts=36 advent-overaccept=23 advent-underaccept=13 reference-disagreement=1480 same=22105
[23624/100000] reference-disagreement wide:struct-member:newline+splice:real:NameMatcher:418 len=403 artifacts=36 advent-overaccept=23 advent-underaccept=13 reference-disagreement=1481 same=22107
[23630/100000] reference-disagreement keypath-boundary len=38 artifacts=36 advent-overaccept=23 advent-underaccept=13 reference-disagreement=1482 same=22112
[23642/100000] reference-disagreement wide:trailing-closure:raw:expression:testStringLiterals#5+real:SyntaxTraits:856 len=310 artifacts=36 advent-overaccept=23 advent-underaccept=13 reference-disagreement=1483 same=22123
[23646/100000] reference-disagreement attribute-ifconfig-elseif-list len=120 artifacts=36 advent-overaccept=23 advent-underaccept=13 reference-disagreement=1484 same=22126
[23648/100000] reference-disagreement attribute-ifconfig-elseif-list len=130 artifacts=36 advent-overaccept=23 advent-underaccept=13 reference-disagreement=1485 same=22127
[23735/100000] reference-disagreement wide:closure:glue+line-comment:expression:testSubscriptDeinitMembers#2+real:SyntaxExpressibleByStringInterpolationConformances:205 len=102 artifacts=36 advent-overaccept=23 advent-underaccept=13 reference-disagreement=1486 same=22213
[23740/100000] reference-disagreement wide:func-body:raw:real:ResultBuilders:633 len=193 artifacts=36 advent-overaccept=23 advent-underaccept=13 reference-disagreement=1487 same=22217
[23750/100000] same tspl-divergence-accessor-commitment len=84 artifacts=36 advent-overaccept=23 advent-underaccept=13 reference-disagreement=1487 same=22227
[23752/100000] reference-disagreement statement-list len=522 artifacts=36 advent-overaccept=23 advent-underaccept=13 reference-disagreement=1488 same=22228
[23755/100000] reference-disagreement wide:closure:delete+block-comment+glue:translated:testOptionalChainLvalues5#1 len=145 artifacts=36 advent-overaccept=23 advent-underaccept=13 reference-disagreement=1489 same=22230
[23777/100000] reference-disagreement wide:trailing-closure:glue:real:NameMatcher:447 len=476 artifacts=36 advent-overaccept=23 advent-underaccept=13 reference-disagreement=1490 same=22251
[23780/100000] reference-disagreement wide:before-statement:newline+newline:translated:testModuleSelectorExpr#9 len=75 artifacts=36 advent-overaccept=23 advent-underaccept=13 reference-disagreement=1491 same=22253
[23800/100000] reference-disagreement grammarish-member-list len=436 artifacts=36 advent-overaccept=23 advent-underaccept=13 reference-disagreement=1492 same=22272
[23801/100000] reference-disagreement wide:trailing-closure:newline+block-comment:real:ResultBuilders:89 len=186 artifacts=36 advent-overaccept=23 advent-underaccept=13 reference-disagreement=1493 same=22272
[23805/100000] reference-disagreement wide:func-body:raw:attribute:testDerivativeAttribute#5+translated:testDiagnoseAvailability4#1 len=141 artifacts=36 advent-overaccept=23 advent-underaccept=13 reference-disagreement=1494 same=22275
[23810/100000] reference-disagreement wide:closure:newline+line-comment:real:SyntaxCollections:853 len=514 artifacts=36 advent-overaccept=23 advent-underaccept=13 reference-disagreement=1495 same=22279
[23835/100000] reference-disagreement wide:extension-member:newline:real:SyntaxTraits:856 len=82 artifacts=36 advent-overaccept=23 advent-underaccept=13 reference-disagreement=1496 same=22303
[23883/100000] reference-disagreement wide:closure:newline:real:Message:38 len=393 artifacts=36 advent-overaccept=23 advent-underaccept=13 reference-disagreement=1497 same=22350
[23911/100000] reference-disagreement wide:closure:raw:real:SyntaxCollections:1884+translated:testForwardSlashRegexSkipping30#1 len=545 artifacts=36 advent-overaccept=23 advent-underaccept=13 reference-disagreement=1498 same=22377
[23916/100000] advent-overaccept wide:after-statement:glue+splice:translated:testVar#1 len=96 artifacts=37 advent-overaccept=24 advent-underaccept=13 reference-disagreement=1498 same=22381
[23958/100000] reference-disagreement wide:trailing-closure:raw:real:SyntaxCollections:761 len=447 artifacts=37 advent-overaccept=24 advent-underaccept=13 reference-disagreement=1499 same=22422
[23976/100000] reference-disagreement tspl-divergence-protocol-body len=185 artifacts=37 advent-overaccept=24 advent-underaccept=13 reference-disagreement=1500 same=22439
[23981/100000] reference-disagreement wide:closure:block-comment:real:ResultBuilders:654+declaration:testParseSpecializeAttribute#1 len=2040 artifacts=37 advent-overaccept=24 advent-underaccept=13 reference-disagreement=1501 same=22443
[23987/100000] reference-disagreement attribute-boundary len=45 artifacts=37 advent-overaccept=24 advent-underaccept=13 reference-disagreement=1502 same=22448
[23991/100000] reference-disagreement wide:trailing-closure:raw:translated:testDiagnosticMissingFuncKeyword3#1+phase4-pattern:if-case-let-optional len=67 artifacts=37 advent-overaccept=24 advent-underaccept=13 reference-disagreement=1503 same=22451
[24000/100000] same wide:extension-member:newline+swap+splice:declaration:testVariableDeclarations#7 len=40 artifacts=37 advent-overaccept=24 advent-underaccept=13 reference-disagreement=1503 same=22460
[24013/100000] reference-disagreement wide:closure:space:phase4-decl:op-infix len=41 artifacts=37 advent-overaccept=24 advent-underaccept=13 reference-disagreement=1504 same=22472
[24055/100000] reference-disagreement keypath-component-matrix len=26 artifacts=37 advent-overaccept=24 advent-underaccept=13 reference-disagreement=1505 same=22513
[24065/100000] reference-disagreement wide:closure:raw:real:SyntaxTraits:614 len=431 artifacts=37 advent-overaccept=24 advent-underaccept=13 reference-disagreement=1506 same=22522
[24072/100000] reference-disagreement tspl-divergence-protocol-body len=155 artifacts=37 advent-overaccept=24 advent-underaccept=13 reference-disagreement=1507 same=22528
[24081/100000] reference-disagreement wide:closure:raw:real:AddPackageTarget:137+phase4-accessor:setter-name len=560 artifacts=37 advent-overaccept=24 advent-underaccept=13 reference-disagreement=1508 same=22536
[24110/100000] reference-disagreement wide:trailing-closure:newline:real:SyntaxBaseNodes:325 len=63 artifacts=37 advent-overaccept=24 advent-underaccept=13 reference-disagreement=1509 same=22564
[24163/100000] reference-disagreement tspl-divergence-protocol-body len=132 artifacts=37 advent-overaccept=24 advent-underaccept=13 reference-disagreement=1510 same=22616
[24182/100000] reference-disagreement statement-list len=560 artifacts=37 advent-overaccept=24 advent-underaccept=13 reference-disagreement=1511 same=22634
[24189/100000] reference-disagreement tspl-divergence-protocol-body len=202 artifacts=37 advent-overaccept=24 advent-underaccept=13 reference-disagreement=1512 same=22640
[24203/100000] reference-disagreement keypath-boundary len=44 artifacts=37 advent-overaccept=24 advent-underaccept=13 reference-disagreement=1513 same=22653
[24237/100000] reference-disagreement wide:func-body:raw:translated:testInvalid39#1 len=44 artifacts=37 advent-overaccept=24 advent-underaccept=13 reference-disagreement=1514 same=22686
[24243/100000] reference-disagreement declaration-modifier-stack len=34 artifacts=37 advent-overaccept=24 advent-underaccept=13 reference-disagreement=1515 same=22691
[24250/100000] same wide:extension-member:raw:translated:testForwardSlashRegexSkipping8#1 len=40 artifacts=37 advent-overaccept=24 advent-underaccept=13 reference-disagreement=1515 same=22698
[24261/100000] reference-disagreement binding-pattern len=458 artifacts=37 advent-overaccept=24 advent-underaccept=13 reference-disagreement=1516 same=22708
[24341/100000] reference-disagreement wide:trailing-closure:newline+newline:real:WarningControlRegionBuilder:91 len=259 artifacts=37 advent-overaccept=24 advent-underaccept=13 reference-disagreement=1517 same=22787
[24353/100000] reference-disagreement cast-try-operator-cluster len=24 artifacts=37 advent-overaccept=24 advent-underaccept=13 reference-disagreement=1518 same=22798
[24355/100000] reference-disagreement tspl-divergence-accessor-commitment len=49 artifacts=37 advent-overaccept=24 advent-underaccept=13 reference-disagreement=1519 same=22799
[24360/100000] reference-disagreement wide:before-statement:glue+duplicate+glue:real:AddSeparatorsToIntegerLiteral:63+attribute:testEffects#2 len=487 artifacts=37 advent-overaccept=24 advent-underaccept=13 reference-disagreement=1520 same=22803
[24405/100000] reference-disagreement wide:closure:glue+newline:real:Syntax+StringInterpolation:289 len=69 artifacts=37 advent-overaccept=24 advent-underaccept=13 reference-disagreement=1521 same=22847
[24411/100000] reference-disagreement tspl-divergence-accessor-commitment len=49 artifacts=37 advent-overaccept=24 advent-underaccept=13 reference-disagreement=1522 same=22852
[24419/100000] reference-disagreement binding-pattern len=458 artifacts=37 advent-overaccept=24 advent-underaccept=13 reference-disagreement=1523 same=22859
[24420/100000] reference-disagreement wide:struct-member:newline+newline:real:SyntaxTraits:704 len=151 artifacts=37 advent-overaccept=24 advent-underaccept=13 reference-disagreement=1524 same=22859
[24443/100000] reference-disagreement binding-pattern len=458 artifacts=37 advent-overaccept=24 advent-underaccept=13 reference-disagreement=1525 same=22881
[24456/100000] reference-disagreement wide:struct-member:glue:real:SyntaxExtensions:207 len=161 artifacts=37 advent-overaccept=24 advent-underaccept=13 reference-disagreement=1526 same=22893
[24475/100000] reference-disagreement wide:closure:raw:real:BuildConfiguration:311 len=332 artifacts=37 advent-overaccept=24 advent-underaccept=13 reference-disagreement=1527 same=22911
[24489/100000] reference-disagreement grammarish-member-list len=164 artifacts=37 advent-overaccept=24 advent-underaccept=13 reference-disagreement=1528 same=22924
[24500/100000] same frontier:interpolation-delimiter len=355 artifacts=37 advent-overaccept=24 advent-underaccept=13 reference-disagreement=1528 same=22935
[24515/100000] reference-disagreement keypath-boundary len=33 artifacts=37 advent-overaccept=24 advent-underaccept=13 reference-disagreement=1529 same=22949
[24520/100000] reference-disagreement wide:func-body:raw:real:LayoutNodes+Parsable:167 len=210 artifacts=37 advent-overaccept=24 advent-underaccept=13 reference-disagreement=1530 same=22953
[24524/100000] reference-disagreement wide:trailing-closure:raw:real:SyntaxExpressibleByStringInterpolationConformances:103 len=81 artifacts=37 advent-overaccept=24 advent-underaccept=13 reference-disagreement=1531 same=22956
[24532/100000] advent-underaccept wide:func-body:block-comment:translated:testSwitch70#1 len=59 artifacts=38 advent-overaccept=24 advent-underaccept=14 reference-disagreement=1531 same=22963
[24567/100000] reference-disagreement wide:trailing-closure:raw:real:SyntaxExpressibleByStringInterpolationConformances:184 len=75 artifacts=38 advent-overaccept=24 advent-underaccept=14 reference-disagreement=1532 same=22997
[24573/100000] reference-disagreement wide:func-body:raw:real:RawSyntax:175 len=343 artifacts=38 advent-overaccept=24 advent-underaccept=14 reference-disagreement=1533 same=23002
[24604/100000] reference-disagreement wide:closure:block-comment+delete:real:ResultBuilders:531 len=229 artifacts=38 advent-overaccept=24 advent-underaccept=14 reference-disagreement=1534 same=23032
[24609/100000] reference-disagreement wide:func-body:splice+keyword:attribute:testMacroRoleNames#5 len=82 artifacts=38 advent-overaccept=24 advent-underaccept=14 reference-disagreement=1535 same=23036
[24647/100000] reference-disagreement wide:closure:raw:translated:testBuiltinWord2#1+real:LibraryPluginProvider:162 len=393 artifacts=38 advent-overaccept=24 advent-underaccept=14 reference-disagreement=1536 same=23073
[24664/100000] reference-disagreement seed-corpus-wrapped:preconcurrency-import len=49 artifacts=38 advent-overaccept=24 advent-underaccept=14 reference-disagreement=1537 same=23089
[24668/100000] reference-disagreement attribute-ifconfig-elseif-list len=129 artifacts=38 advent-overaccept=24 advent-underaccept=14 reference-disagreement=1538 same=23092
[24679/100000] reference-disagreement wide:trailing-closure:line-comment:real:SyntaxTraits:453 len=120 artifacts=38 advent-overaccept=24 advent-underaccept=14 reference-disagreement=1539 same=23102
[24704/100000] reference-disagreement statement-list len=493 artifacts=38 advent-overaccept=24 advent-underaccept=14 reference-disagreement=1540 same=23126
[24708/100000] reference-disagreement wide:trailing-closure:newline:real:SyntaxTraits:694 len=91 artifacts=38 advent-overaccept=24 advent-underaccept=14 reference-disagreement=1541 same=23129
[24750/100000] same attribute-ifconfig-elseif-list len=134 artifacts=38 advent-overaccept=24 advent-underaccept=14 reference-disagreement=1541 same=23171
[24751/100000] reference-disagreement tspl-divergence-accessor-commitment len=49 artifacts=38 advent-overaccept=24 advent-underaccept=14 reference-disagreement=1542 same=23171
[24806/100000] reference-disagreement grammarish-member-list len=331 artifacts=38 advent-overaccept=24 advent-underaccept=14 reference-disagreement=1543 same=23225
[24829/100000] reference-disagreement wide:top:block-comment+newline:type:testTypedThrows#1 len=45 artifacts=38 advent-overaccept=24 advent-underaccept=14 reference-disagreement=1544 same=23247
[24864/100000] reference-disagreement attribute-ifconfig-elseif-list len=133 artifacts=38 advent-overaccept=24 advent-underaccept=14 reference-disagreement=1545 same=23281
[24866/100000] reference-disagreement wide:closure:line-comment:real:AddPackageTarget:137 len=511 artifacts=38 advent-overaccept=24 advent-underaccept=14 reference-disagreement=1546 same=23282
[24869/100000] reference-disagreement tspl-divergence-accessor-commitment len=78 artifacts=38 advent-overaccept=24 advent-underaccept=14 reference-disagreement=1547 same=23284
[24872/100000] reference-disagreement wide:top:raw:translated:testInitDeinit5a#1 len=43 artifacts=38 advent-overaccept=24 advent-underaccept=14 reference-disagreement=1548 same=23286
[24877/100000] reference-disagreement wide:struct-member:space:real:SyntaxExpressibleByStringInterpolationConformances:238 len=92 artifacts=38 advent-overaccept=24 advent-underaccept=14 reference-disagreement=1549 same=23290
[24898/100000] reference-disagreement tspl-divergence-accessor-commitment len=78 artifacts=38 advent-overaccept=24 advent-underaccept=14 reference-disagreement=1550 same=23310
[24910/100000] reference-disagreement wide:extension-member:block-comment:real:SwiftSyntaxCompatibility:771 len=156 artifacts=38 advent-overaccept=24 advent-underaccept=14 reference-disagreement=1551 same=23321
[24962/100000] reference-disagreement tspl-divergence-accessor-commitment len=78 artifacts=38 advent-overaccept=24 advent-underaccept=14 reference-disagreement=1552 same=23372
[24974/100000] reference-disagreement wide:func-body:raw:real:Indenter:19+phase3-branch:switch-case len=659 artifacts=38 advent-overaccept=24 advent-underaccept=14 reference-disagreement=1553 same=23383
[25000/100000] same frontier:protocol-accessor-shape len=86 artifacts=38 advent-overaccept=24 advent-underaccept=14 reference-disagreement=1553 same=23409
[25030/100000] reference-disagreement wide:struct-member:splice:real:SyntaxTraits:754 len=107 artifacts=38 advent-overaccept=24 advent-underaccept=14 reference-disagreement=1554 same=23438
[25051/100000] reference-disagreement wide:func-body:space:translated:testTypeExpr25h#1+phase3-modifier:public-final len=57 artifacts=38 advent-overaccept=24 advent-underaccept=14 reference-disagreement=1555 same=23458
[25060/100000] reference-disagreement tspl-divergence-protocol-body len=168 artifacts=38 advent-overaccept=24 advent-underaccept=14 reference-disagreement=1556 same=23466
[25062/100000] reference-disagreement wide:func-body:splice:real:ResultBuilders:332+translated:testSwitch71#1 len=229 artifacts=38 advent-overaccept=24 advent-underaccept=14 reference-disagreement=1557 same=23467
[25068/100000] reference-disagreement keypath-boundary len=37 artifacts=38 advent-overaccept=24 advent-underaccept=14 reference-disagreement=1558 same=23472
[25074/100000] reference-disagreement wide:closure:raw:declaration:testAttributedMacroExpansionDeclaration#2 len=50 artifacts=38 advent-overaccept=24 advent-underaccept=14 reference-disagreement=1559 same=23477
[25075/100000] reference-disagreement binding-pattern len=458 artifacts=38 advent-overaccept=24 advent-underaccept=14 reference-disagreement=1560 same=23477
[25114/100000] reference-disagreement attribute-ifconfig-elseif-list len=123 artifacts=38 advent-overaccept=24 advent-underaccept=14 reference-disagreement=1561 same=23515
[25186/100000] reference-disagreement wide:func-body:line-comment+newline:attribute:testUnavailableFromAsync#4 len=72 artifacts=38 advent-overaccept=24 advent-underaccept=14 reference-disagreement=1562 same=23586
[25188/100000] reference-disagreement wide:func-body:newline+splice+space:real:ParserDiagnosticMessages:339 len=665 artifacts=38 advent-overaccept=24 advent-underaccept=14 reference-disagreement=1563 same=23587
[25208/100000] reference-disagreement wide:trailing-closure:keyword:real:Lookahead:104 len=104 artifacts=38 advent-overaccept=24 advent-underaccept=14 reference-disagreement=1564 same=23606
[25237/100000] reference-disagreement cast-try-operator-cluster len=24 artifacts=38 advent-overaccept=24 advent-underaccept=14 reference-disagreement=1565 same=23634
[25238/100000] advent-overaccept wide:closure:block-comment:translated:testForwardSlashRegex33#1+fuzz-harvest:is-any-iuo len=64 artifacts=39 advent-overaccept=25 advent-underaccept=14 reference-disagreement=1565 same=23634
[25250/100000] same wide:trailing-closure:glue+swap:translated:testSelfRebinding3#1 len=199 artifacts=39 advent-overaccept=25 advent-underaccept=14 reference-disagreement=1565 same=23646
[25275/100000] advent-overaccept wide:func-body:keyword+line-comment:reject:testDiagnosticMissingFuncKeyword4a#1 len=53 artifacts=40 advent-overaccept=26 advent-underaccept=14 reference-disagreement=1565 same=23670
[25287/100000] reference-disagreement wide:func-body:keyword:real:SyntaxBaseNodes:797 len=708 artifacts=40 advent-overaccept=26 advent-underaccept=14 reference-disagreement=1566 same=23681
[25290/100000] reference-disagreement wide:closure:raw:real:ScopeImplementations:91+translated:testForwardSlashRegex132#1 len=943 artifacts=40 advent-overaccept=26 advent-underaccept=14 reference-disagreement=1567 same=23683
[25310/100000] reference-disagreement keypath-boundary len=36 artifacts=40 advent-overaccept=26 advent-underaccept=14 reference-disagreement=1568 same=23702
[25333/100000] reference-disagreement tspl-divergence-protocol-body len=155 artifacts=40 advent-overaccept=26 advent-underaccept=14 reference-disagreement=1569 same=23724
[25340/100000] reference-disagreement grammarish-member-list len=333 artifacts=40 advent-overaccept=26 advent-underaccept=14 reference-disagreement=1570 same=23730
[25351/100000] reference-disagreement wide:func-body:raw:translated:testSwitch33#1 len=118 artifacts=40 advent-overaccept=26 advent-underaccept=14 reference-disagreement=1571 same=23740
[25374/100000] reference-disagreement wide:func-body:raw:real:SyntaxProtocol+Initializer:104 len=527 artifacts=40 advent-overaccept=26 advent-underaccept=14 reference-disagreement=1572 same=23762
[25386/100000] reference-disagreement wide:func-body:glue:attribute:testABIAttribute#17 len=51 artifacts=40 advent-overaccept=26 advent-underaccept=14 reference-disagreement=1573 same=23773
[25393/100000] reference-disagreement wide:extension-member:raw:phase3-statement:iuo-type+declaration:testAccessorBlockDisambiguationMarker#1 len=87 artifacts=40 advent-overaccept=26 advent-underaccept=14 reference-disagreement=1574 same=23779
[25396/100000] advent-overaccept wide:trailing-closure:line-comment:translated:testFunctionTypeExpr#3 len=28 artifacts=41 advent-overaccept=27 advent-underaccept=14 reference-disagreement=1574 same=23781
[25403/100000] reference-disagreement wide:extension-member:raw:real:ResultBuilders:219 len=196 artifacts=41 advent-overaccept=27 advent-underaccept=14 reference-disagreement=1575 same=23787
[25410/100000] reference-disagreement wide:trailing-closure:raw:translated:testInvalid28#1 len=157 artifacts=41 advent-overaccept=27 advent-underaccept=14 reference-disagreement=1576 same=23793
[25428/100000] reference-disagreement wide:closure:space:real:Syntax+StringInterpolation:276 len=268 artifacts=41 advent-overaccept=27 advent-underaccept=14 reference-disagreement=1577 same=23810
[25456/100000] tree-difference wide:top:swap+keyword:attribute:testEffects#2 len=80 artifacts=42 advent-overaccept=27 advent-underaccept=14 reference-disagreement=1577 same=23837 tree-difference=1
[25479/100000] reference-disagreement tspl-divergence-protocol-body len=133 artifacts=42 advent-overaccept=27 advent-underaccept=14 reference-disagreement=1578 same=23859 tree-difference=1
[25486/100000] reference-disagreement keypath-component-matrix len=41 artifacts=42 advent-overaccept=27 advent-underaccept=14 reference-disagreement=1579 same=23865 tree-difference=1
[25492/100000] reference-disagreement attribute-ifconfig-elseif-list len=122 artifacts=42 advent-overaccept=27 advent-underaccept=14 reference-disagreement=1580 same=23870 tree-difference=1
[25500/100000] same wide:ifconfig:newline+block-comment:translated:testUnknownPlatform2#1 len=121 artifacts=42 advent-overaccept=27 advent-underaccept=14 reference-disagreement=1580 same=23878 tree-difference=1
[25509/100000] reference-disagreement statement-list len=676 artifacts=42 advent-overaccept=27 advent-underaccept=14 reference-disagreement=1581 same=23886 tree-difference=1
[25520/100000] reference-disagreement wide:struct-member:newline+keyword:real:DeclSyntaxParseable:61 len=62 artifacts=42 advent-overaccept=27 advent-underaccept=14 reference-disagreement=1582 same=23896 tree-difference=1
[25527/100000] reference-disagreement tspl-divergence-protocol-body len=122 artifacts=42 advent-overaccept=27 advent-underaccept=14 reference-disagreement=1583 same=23902 tree-difference=1
[25532/100000] reference-disagreement attribute-ifconfig-elseif-list len=140 artifacts=42 advent-overaccept=27 advent-underaccept=14 reference-disagreement=1584 same=23906 tree-difference=1
[25540/100000] reference-disagreement keypath-boundary len=37 artifacts=42 advent-overaccept=27 advent-underaccept=14 reference-disagreement=1585 same=23913 tree-difference=1
[25557/100000] reference-disagreement cast-try-operator-cluster len=24 artifacts=42 advent-overaccept=27 advent-underaccept=14 reference-disagreement=1586 same=23929 tree-difference=1
[25576/100000] reference-disagreement wide:extension-member:glue:real:CompilerPlugin:63 len=842 artifacts=42 advent-overaccept=27 advent-underaccept=14 reference-disagreement=1587 same=23947 tree-difference=1
[25584/100000] reference-disagreement tspl-divergence-accessor-commitment len=78 artifacts=42 advent-overaccept=27 advent-underaccept=14 reference-disagreement=1588 same=23954 tree-difference=1
[25608/100000] reference-disagreement keypath-boundary len=38 artifacts=42 advent-overaccept=27 advent-underaccept=14 reference-disagreement=1589 same=23977 tree-difference=1
[25620/100000] advent-overaccept wide:struct-member:raw:declaration:testUsing#4+real:CallReturnForest:21 len=379 artifacts=43 advent-overaccept=28 advent-underaccept=14 reference-disagreement=1589 same=23988 tree-difference=1
[25628/100000] reference-disagreement wide:trailing-closure:raw:real:GrammarNode:294 len=203 artifacts=43 advent-overaccept=28 advent-underaccept=14 reference-disagreement=1590 same=23995 tree-difference=1
[25683/100000] reference-disagreement nested-ifconfig-boundary len=113 artifacts=43 advent-overaccept=28 advent-underaccept=14 reference-disagreement=1591 same=24049 tree-difference=1
[25685/100000] reference-disagreement wide:closure:keyword:real:SyntaxProtocol:350 len=807 artifacts=43 advent-overaccept=28 advent-underaccept=14 reference-disagreement=1592 same=24050 tree-difference=1
[25693/100000] reference-disagreement declaration-modifier-stack len=34 artifacts=43 advent-overaccept=28 advent-underaccept=14 reference-disagreement=1593 same=24057 tree-difference=1
[25694/100000] reference-disagreement wide:extension-member:block-comment+glue+splice:translated:testOperatorDeclDesignatedTypes12#1 len=108 artifacts=43 advent-overaccept=28 advent-underaccept=14 reference-disagreement=1594 same=24057 tree-difference=1
[25698/100000] reference-disagreement wide:func-body:glue+newline+newline:attribute:testABIAttribute#18 len=52 artifacts=43 advent-overaccept=28 advent-underaccept=14 reference-disagreement=1595 same=24060 tree-difference=1
[25708/100000] reference-disagreement attribute-boundary len=47 artifacts=43 advent-overaccept=28 advent-underaccept=14 reference-disagreement=1596 same=24069 tree-difference=1
[25711/100000] reference-disagreement wide:func-body:raw:real:GrammarNode:62 len=331 artifacts=43 advent-overaccept=28 advent-underaccept=14 reference-disagreement=1597 same=24071 tree-difference=1
[25724/100000] reference-disagreement member-list-wide-boundary len=144 artifacts=43 advent-overaccept=28 advent-underaccept=14 reference-disagreement=1598 same=24083 tree-difference=1
[25732/100000] reference-disagreement wide:struct-member:keyword:translated:testDiagnoseAvailability14#1+real:PrecedenceGroup:134 len=276 artifacts=43 advent-overaccept=28 advent-underaccept=14 reference-disagreement=1599 same=24090 tree-difference=1
[25738/100000] reference-disagreement wide:func-body:line-comment:real:SyntaxExpressibleByStringInterpolationConformances:247+real:Oracle:47 len=299 artifacts=43 advent-overaccept=28 advent-underaccept=14 reference-disagreement=1600 same=24095 tree-difference=1
[25741/100000] reference-disagreement tspl-divergence-protocol-body len=188 artifacts=43 advent-overaccept=28 advent-underaccept=14 reference-disagreement=1601 same=24097 tree-difference=1
[25748/100000] reference-disagreement tspl-divergence-protocol-body len=155 artifacts=43 advent-overaccept=28 advent-underaccept=14 reference-disagreement=1602 same=24103 tree-difference=1
[25749/100000] reference-disagreement wide:closure:block-comment+keyword:real:SyntaxCollections:647 len=539 artifacts=43 advent-overaccept=28 advent-underaccept=14 reference-disagreement=1603 same=24103 tree-difference=1
[25750/100000] same frontier:parser-mode-scope len=58 artifacts=43 advent-overaccept=28 advent-underaccept=14 reference-disagreement=1603 same=24104 tree-difference=1
[25760/100000] reference-disagreement statement-list len=692 artifacts=43 advent-overaccept=28 advent-underaccept=14 reference-disagreement=1604 same=24113 tree-difference=1
[25766/100000] reference-disagreement tspl-divergence-protocol-body len=164 artifacts=43 advent-overaccept=28 advent-underaccept=14 reference-disagreement=1605 same=24118 tree-difference=1
[25784/100000] reference-disagreement grammarish-member-list len=273 artifacts=43 advent-overaccept=28 advent-underaccept=14 reference-disagreement=1606 same=24135 tree-difference=1
[25801/100000] reference-disagreement wide:func-body:glue+glue:real:ResultBuilders:137+translated:testSwitch41#1 len=849 artifacts=43 advent-overaccept=28 advent-underaccept=14 reference-disagreement=1607 same=24151 tree-difference=1
[25812/100000] reference-disagreement wide:struct-member:raw:real:NameMatcher:418 len=404 artifacts=43 advent-overaccept=28 advent-underaccept=14 reference-disagreement=1608 same=24161 tree-difference=1
[25820/100000] reference-disagreement wide:extension-member:raw:real:Trivia:139+real:ExpandEditorPlaceholder:169 len=1479 artifacts=43 advent-overaccept=28 advent-underaccept=14 reference-disagreement=1609 same=24168 tree-difference=1
[25856/100000] reference-disagreement wide:extension-member:raw:real:ConvenienceInitializers:132 len=178 artifacts=43 advent-overaccept=28 advent-underaccept=14 reference-disagreement=1610 same=24203 tree-difference=1
[25862/100000] reference-disagreement wide:struct-member:raw:real:DeclSyntaxParseable:45 len=74 artifacts=43 advent-overaccept=28 advent-underaccept=14 reference-disagreement=1611 same=24208 tree-difference=1
[25864/100000] reference-disagreement wide:before-statement:block-comment+line-comment+newline:translated:testDeprecatedWhere3#1 len=335 artifacts=43 advent-overaccept=28 advent-underaccept=14 reference-disagreement=1612 same=24209 tree-difference=1
[25874/100000] reference-disagreement wide:func-body:raw:translated:testInvalidStringInterpolationProtocol7#1 len=646 artifacts=43 advent-overaccept=28 advent-underaccept=14 reference-disagreement=1613 same=24218 tree-difference=1
[25913/100000] reference-disagreement wide:struct-member:newline:real:SyntaxExpressibleByStringInterpolationConformances:244+translated:testAlwaysEmitConformanceMetadataAttr#1 len=226 artifacts=43 advent-overaccept=28 advent-underaccept=14 reference-disagreement=1614 same=24256 tree-difference=1
[25916/100000] reference-disagreement wide:trailing-closure:raw:real:ConvenienceInitializers:76 len=219 artifacts=43 advent-overaccept=28 advent-underaccept=14 reference-disagreement=1615 same=24258 tree-difference=1
[25960/100000] reference-disagreement wide:closure:newline+glue+newline:real:BuildableNodes:292+translated:testGuardTopLevel2#1 len=1113 artifacts=43 advent-overaccept=28 advent-underaccept=14 reference-disagreement=1616 same=24301 tree-difference=1
[25964/100000] reference-disagreement wide:extension-member:splice+newline:real:SyntaxBaseNodes:1472+real:SyntaxExpressibleByStringInterpolationConformances:85 len=149 artifacts=43 advent-overaccept=28 advent-underaccept=14 reference-disagreement=1617 same=24304 tree-difference=1
[26000/100000] reference-disagreement wide:top:glue+line-comment+space:attribute:testABIAttribute#3 len=29 artifacts=43 advent-overaccept=28 advent-underaccept=14 reference-disagreement=1618 same=24339 tree-difference=1
[26010/100000] reference-disagreement tspl-divergence-protocol-body len=92 artifacts=43 advent-overaccept=28 advent-underaccept=14 reference-disagreement=1619 same=24348 tree-difference=1
[26015/100000] reference-disagreement wide:func-body:splice:translated:testInvalid16a#1 len=46 artifacts=43 advent-overaccept=28 advent-underaccept=14 reference-disagreement=1620 same=24352 tree-difference=1
[26050/100000] reference-disagreement wide:trailing-closure:raw:translated:testGenericDisambiguation6e#1+real:SyntaxTraits:329 len=362 artifacts=43 advent-overaccept=28 advent-underaccept=14 reference-disagreement=1621 same=24386 tree-difference=1
[26083/100000] reference-disagreement wide:after-statement:raw:translated:testSwitch65#1+translated:testOperators24#1 len=109 artifacts=43 advent-overaccept=28 advent-underaccept=14 reference-disagreement=1622 same=24418 tree-difference=1
[26094/100000] reference-disagreement grammarish-member-list len=213 artifacts=43 advent-overaccept=28 advent-underaccept=14 reference-disagreement=1623 same=24428 tree-difference=1
[26111/100000] reference-disagreement tspl-divergence-protocol-body len=194 artifacts=43 advent-overaccept=28 advent-underaccept=14 reference-disagreement=1624 same=24444 tree-difference=1
[26120/100000] reference-disagreement wide:func-body:raw:real:BuildableNodes:110 len=1059 artifacts=43 advent-overaccept=28 advent-underaccept=14 reference-disagreement=1625 same=24452 tree-difference=1
[26128/100000] reference-disagreement wide:closure:raw:real:Trivia:108 len=52 artifacts=43 advent-overaccept=28 advent-underaccept=14 reference-disagreement=1626 same=24459 tree-difference=1
[26134/100000] reference-disagreement tspl-divergence-protocol-body len=155 artifacts=43 advent-overaccept=28 advent-underaccept=14 reference-disagreement=1627 same=24464 tree-difference=1
[26139/100000] reference-disagreement wide:trailing-closure:block-comment:translated:testEnum83#1 len=48 artifacts=43 advent-overaccept=28 advent-underaccept=14 reference-disagreement=1628 same=24468 tree-difference=1
[26175/100000] reference-disagreement tspl-divergence-protocol-body len=195 artifacts=43 advent-overaccept=28 advent-underaccept=14 reference-disagreement=1629 same=24503 tree-difference=1
[26182/100000] reference-disagreement wide:trailing-closure:newline+newline:real:Parser:937 len=622 artifacts=43 advent-overaccept=28 advent-underaccept=14 reference-disagreement=1630 same=24509 tree-difference=1
[26194/100000] reference-disagreement wide:trailing-closure:space+newline+newline:real:Syntax+StringInterpolation:354 len=686 artifacts=43 advent-overaccept=28 advent-underaccept=14 reference-disagreement=1631 same=24520 tree-difference=1
[26205/100000] reference-disagreement attribute-ifconfig-elseif-list len=115 artifacts=43 advent-overaccept=28 advent-underaccept=14 reference-disagreement=1632 same=24530 tree-difference=1
[26225/100000] reference-disagreement keypath-boundary len=40 artifacts=43 advent-overaccept=28 advent-underaccept=14 reference-disagreement=1633 same=24549 tree-difference=1
[26227/100000] reference-disagreement wide:func-body:line-comment+block-comment:real:Syntax+StringInterpolation:233 len=822 artifacts=43 advent-overaccept=28 advent-underaccept=14 reference-disagreement=1634 same=24550 tree-difference=1
[26231/100000] reference-disagreement wide:trailing-closure:raw:real:ParserDiagnosticMessages:289 len=322 artifacts=43 advent-overaccept=28 advent-underaccept=14 reference-disagreement=1635 same=24553 tree-difference=1
[26250/100000] same wide:after-statement:block-comment+line-comment:phase3-type:extension-inherit len=46 artifacts=43 advent-overaccept=28 advent-underaccept=14 reference-disagreement=1635 same=24572 tree-difference=1
[26269/100000] reference-disagreement wide:trailing-closure:keyword+keyword:translated:testRawString5#1+attribute:testMacroRoleNames#10 len=117 artifacts=43 advent-overaccept=28 advent-underaccept=14 reference-disagreement=1636 same=24590 tree-difference=1
[26271/100000] reference-disagreement tspl-divergence-accessor-commitment len=49 artifacts=43 advent-overaccept=28 advent-underaccept=14 reference-disagreement=1637 same=24591 tree-difference=1
[26284/100000] reference-disagreement wide:ifconfig:newline+block-comment:translated:testDeprecatedWhere5#1 len=286 artifacts=43 advent-overaccept=28 advent-underaccept=14 reference-disagreement=1638 same=24603 tree-difference=1
[26299/100000] compiler-timeout seed-corpus-mutated:raw-regex-interpolation len=62 artifacts=43 advent-overaccept=28 advent-underaccept=14 compiler-timeout=1 reference-disagreement=1638 same=24617 tree-difference=1
[26313/100000] reference-disagreement tspl-divergence-protocol-body len=89 artifacts=43 advent-overaccept=28 advent-underaccept=14 compiler-timeout=1 reference-disagreement=1639 same=24630 tree-difference=1
[26344/100000] reference-disagreement wide:closure:line-comment:translated:testOperatorDeclDesignatedTypes7#1 len=87 artifacts=43 advent-overaccept=28 advent-underaccept=14 compiler-timeout=1 reference-disagreement=1640 same=24660 tree-difference=1
[26346/100000] reference-disagreement declaration-modifier-stack len=34 artifacts=43 advent-overaccept=28 advent-underaccept=14 compiler-timeout=1 reference-disagreement=1641 same=24661 tree-difference=1
[26354/100000] reference-disagreement wide:closure:raw:real:AbstractSourceLocation:22 len=821 artifacts=43 advent-overaccept=28 advent-underaccept=14 compiler-timeout=1 reference-disagreement=1642 same=24668 tree-difference=1
[26355/100000] reference-disagreement tspl-divergence-protocol-body len=100 artifacts=43 advent-overaccept=28 advent-underaccept=14 compiler-timeout=1 reference-disagreement=1643 same=24668 tree-difference=1
[26366/100000] reference-disagreement wide:struct-member:keyword:real:Syntax+StringInterpolation:289 len=62 artifacts=43 advent-overaccept=28 advent-underaccept=14 compiler-timeout=1 reference-disagreement=1644 same=24678 tree-difference=1
[26412/100000] reference-disagreement wide:before-statement:newline:attribute:testABIAttribute#17 len=54 artifacts=43 advent-overaccept=28 advent-underaccept=14 compiler-timeout=1 reference-disagreement=1645 same=24723 tree-difference=1
[26445/100000] reference-disagreement wide:struct-member:raw:real:SyntaxTraits:758 len=165 artifacts=43 advent-overaccept=28 advent-underaccept=14 compiler-timeout=1 reference-disagreement=1646 same=24755 tree-difference=1
[26452/100000] reference-disagreement statement-list len=604 artifacts=43 advent-overaccept=28 advent-underaccept=14 compiler-timeout=1 reference-disagreement=1647 same=24761 tree-difference=1
[26465/100000] reference-disagreement wide:closure:keyword+space+newline:translated:testRecovery113#1+real:SyntaxCollections:50 len=534 artifacts=43 advent-overaccept=28 advent-underaccept=14 compiler-timeout=1 reference-disagreement=1648 same=24773 tree-difference=1
[26497/100000] reference-disagreement wide:before-statement:newline:statement:testTypedThrows#3 len=47 artifacts=43 advent-overaccept=28 advent-underaccept=14 compiler-timeout=1 reference-disagreement=1649 same=24804 tree-difference=1
[26500/100000] same frontier:parser-mode-scope len=95 artifacts=43 advent-overaccept=28 advent-underaccept=14 compiler-timeout=1 reference-disagreement=1649 same=24807 tree-difference=1
[26547/100000] reference-disagreement wide:trailing-closure:raw:real:SyntaxTraits:812+real:ResultBuilders:570 len=271 artifacts=43 advent-overaccept=28 advent-underaccept=14 compiler-timeout=1 reference-disagreement=1650 same=24853 tree-difference=1
[26551/100000] reference-disagreement wide:struct-member:space+line-comment:real:Parameters:54+translated:testForwardSlashRegex1#1 len=150 artifacts=43 advent-overaccept=28 advent-underaccept=14 compiler-timeout=1 reference-disagreement=1651 same=24856 tree-difference=1
[26555/100000] reference-disagreement wide:func-body:raw:real:EditorPlaceholder:72+translated:testTypeExpr14#1 len=303 artifacts=43 advent-overaccept=28 advent-underaccept=14 compiler-timeout=1 reference-disagreement=1652 same=24859 tree-difference=1
[26567/100000] reference-disagreement wide:closure:newline:declaration:testOpenVarInCodeBlockItemList#1+real:ManifestSyntaxRepresentable:17 len=1210 artifacts=43 advent-overaccept=28 advent-underaccept=14 compiler-timeout=1 reference-disagreement=1653 same=24870 tree-difference=1
[26569/100000] reference-disagreement keypath-component-matrix len=49 artifacts=43 advent-overaccept=28 advent-underaccept=14 compiler-timeout=1 reference-disagreement=1654 same=24871 tree-difference=1
[26603/100000] reference-disagreement tspl-divergence-protocol-body len=200 artifacts=43 advent-overaccept=28 advent-underaccept=14 compiler-timeout=1 reference-disagreement=1655 same=24904 tree-difference=1
[26620/100000] reference-disagreement wide:closure:glue:attribute:testDerivativeAttribute#1 len=208 artifacts=43 advent-overaccept=28 advent-underaccept=14 compiler-timeout=1 reference-disagreement=1656 same=24920 tree-difference=1
[26623/100000] reference-disagreement wide:trailing-closure:newline+block-comment:translated:testEnum70#1 len=119 artifacts=43 advent-overaccept=28 advent-underaccept=14 compiler-timeout=1 reference-disagreement=1657 same=24922 tree-difference=1
[26635/100000] reference-disagreement wide:extension-member:raw:real:SyntaxTraits:832 len=95 artifacts=43 advent-overaccept=28 advent-underaccept=14 compiler-timeout=1 reference-disagreement=1658 same=24933 tree-difference=1
[26637/100000] reference-disagreement attribute-ifconfig-elseif-list len=112 artifacts=43 advent-overaccept=28 advent-underaccept=14 compiler-timeout=1 reference-disagreement=1659 same=24934 tree-difference=1
[26643/100000] reference-disagreement wide:struct-member:glue+block-comment:real:SyntaxTraits:700 len=76 artifacts=43 advent-overaccept=28 advent-underaccept=14 compiler-timeout=1 reference-disagreement=1660 same=24939 tree-difference=1
[26659/100000] reference-disagreement wide:struct-member:raw:real:SyntaxUtils:273 len=383 artifacts=43 advent-overaccept=28 advent-underaccept=14 compiler-timeout=1 reference-disagreement=1661 same=24954 tree-difference=1
[26663/100000] reference-disagreement tspl-divergence-protocol-body len=103 artifacts=43 advent-overaccept=28 advent-underaccept=14 compiler-timeout=1 reference-disagreement=1662 same=24957 tree-difference=1
[26669/100000] reference-disagreement wide:func-body:raw:declaration:testModifiedParameter#1 len=51 artifacts=43 advent-overaccept=28 advent-underaccept=14 compiler-timeout=1 reference-disagreement=1663 same=24962 tree-difference=1
[26682/100000] reference-disagreement tspl-divergence-accessor-commitment len=78 artifacts=43 advent-overaccept=28 advent-underaccept=14 compiler-timeout=1 reference-disagreement=1664 same=24974 tree-difference=1
[26715/100000] reference-disagreement keypath-boundary len=44 artifacts=43 advent-overaccept=28 advent-underaccept=14 compiler-timeout=1 reference-disagreement=1665 same=25006 tree-difference=1
[26721/100000] reference-disagreement wide:closure:raw:translated:testErrors19#1+real:SwiftSyntaxCompatibility:94 len=967 artifacts=43 advent-overaccept=28 advent-underaccept=14 compiler-timeout=1 reference-disagreement=1666 same=25011 tree-difference=1
[26750/100000] reference-disagreement statement-list len=657 artifacts=43 advent-overaccept=28 advent-underaccept=14 compiler-timeout=1 reference-disagreement=1667 same=25039 tree-difference=1
[26751/100000] reference-disagreement seed-corpus-structural-splice:declaration-modifier-stack len=84 artifacts=43 advent-overaccept=28 advent-underaccept=14 compiler-timeout=1 reference-disagreement=1668 same=25039 tree-difference=1
[26762/100000] reference-disagreement tspl-divergence-accessor-commitment len=78 artifacts=43 advent-overaccept=28 advent-underaccept=14 compiler-timeout=1 reference-disagreement=1669 same=25049 tree-difference=1
[26765/100000] reference-disagreement wide:extension-member:block-comment+newline:translated:testInvalid16a#1 len=66 artifacts=43 advent-overaccept=28 advent-underaccept=14 compiler-timeout=1 reference-disagreement=1670 same=25051 tree-difference=1
[26816/100000] reference-disagreement wide:ifconfig:space:attribute:testABIAttribute#18 len=51 artifacts=43 advent-overaccept=28 advent-underaccept=14 compiler-timeout=1 reference-disagreement=1671 same=25101 tree-difference=1
[26828/100000] reference-disagreement keypath-component-matrix len=38 artifacts=43 advent-overaccept=28 advent-underaccept=14 compiler-timeout=1 reference-disagreement=1672 same=25112 tree-difference=1
[26848/100000] reference-disagreement member-list-wide-boundary len=76 artifacts=43 advent-overaccept=28 advent-underaccept=14 compiler-timeout=1 reference-disagreement=1673 same=25131 tree-difference=1
[26849/100000] reference-disagreement wide:trailing-closure:line-comment+newline+line-comment:real:Expressions:1619+translated:testRecovery165#1 len=767 artifacts=43 advent-overaccept=28 advent-underaccept=14 compiler-timeout=1 reference-disagreement=1674 same=25131 tree-difference=1
[26881/100000] reference-disagreement attribute-boundary len=34 artifacts=43 advent-overaccept=28 advent-underaccept=14 compiler-timeout=1 reference-disagreement=1675 same=25162 tree-difference=1
[26891/100000] reference-disagreement keypath-component-matrix len=40 artifacts=43 advent-overaccept=28 advent-underaccept=14 compiler-timeout=1 reference-disagreement=1676 same=25171 tree-difference=1
[26902/100000] reference-disagreement keypath-boundary len=37 artifacts=43 advent-overaccept=28 advent-underaccept=14 compiler-timeout=1 reference-disagreement=1677 same=25181 tree-difference=1
[26903/100000] reference-disagreement wide:func-body:raw:translated:testPatternWithoutVariables5#1 len=467 artifacts=43 advent-overaccept=28 advent-underaccept=14 compiler-timeout=1 reference-disagreement=1678 same=25181 tree-difference=1
[26906/100000] reference-disagreement keypath-component-matrix len=31 artifacts=43 advent-overaccept=28 advent-underaccept=14 compiler-timeout=1 reference-disagreement=1679 same=25183 tree-difference=1
[26936/100000] reference-disagreement attribute-ifconfig-elseif-list len=133 artifacts=43 advent-overaccept=28 advent-underaccept=14 compiler-timeout=1 reference-disagreement=1680 same=25212 tree-difference=1
[26957/100000] reference-disagreement attribute-ifconfig-elseif-list len=108 artifacts=43 advent-overaccept=28 advent-underaccept=14 compiler-timeout=1 reference-disagreement=1681 same=25232 tree-difference=1
[26962/100000] reference-disagreement wide:trailing-closure:block-comment:declaration:testStructParsing#1+real:DeclSyntaxParseable:46 len=80 artifacts=43 advent-overaccept=28 advent-underaccept=14 compiler-timeout=1 reference-disagreement=1682 same=25236 tree-difference=1
[26974/100000] reference-disagreement keypath-component-matrix len=53 artifacts=43 advent-overaccept=28 advent-underaccept=14 compiler-timeout=1 reference-disagreement=1683 same=25247 tree-difference=1
[26978/100000] reference-disagreement cast-try-operator-cluster len=24 artifacts=43 advent-overaccept=28 advent-underaccept=14 compiler-timeout=1 reference-disagreement=1684 same=25250 tree-difference=1
[27000/100000] same seed-corpus-raw:effectful-accessor len=57 artifacts=43 advent-overaccept=28 advent-underaccept=14 compiler-timeout=1 reference-disagreement=1684 same=25272 tree-difference=1
[27033/100000] reference-disagreement wide:extension-member:raw:declaration:testImports#4 len=82 artifacts=43 advent-overaccept=28 advent-underaccept=14 compiler-timeout=1 reference-disagreement=1685 same=25304 tree-difference=1
[27078/100000] reference-disagreement wide:extension-member:raw:real:SyntaxExtensions:198 len=159 artifacts=43 advent-overaccept=28 advent-underaccept=14 compiler-timeout=1 reference-disagreement=1686 same=25348 tree-difference=1
[27122/100000] reference-disagreement grammarish-member-list len=234 artifacts=43 advent-overaccept=28 advent-underaccept=14 compiler-timeout=1 reference-disagreement=1687 same=25391 tree-difference=1
[27134/100000] reference-disagreement wide:trailing-closure:raw:real:SyntaxExpressibleByStringInterpolationConformances:178 len=79 artifacts=43 advent-overaccept=28 advent-underaccept=14 compiler-timeout=1 reference-disagreement=1688 same=25402 tree-difference=1
[27136/100000] reference-disagreement wide:closure:space+newline:real:String+TrimmingTrailingWhitespace:13 len=273 artifacts=43 advent-overaccept=28 advent-underaccept=14 compiler-timeout=1 reference-disagreement=1689 same=25403 tree-difference=1
[27139/100000] reference-disagreement wide:after-statement:keyword+newline+line-comment:declaration:testUsing#7 len=53 artifacts=43 advent-overaccept=28 advent-underaccept=14 compiler-timeout=1 reference-disagreement=1690 same=25405 tree-difference=1
[27142/100000] reference-disagreement grammarish-member-list len=90 artifacts=43 advent-overaccept=28 advent-underaccept=14 compiler-timeout=1 reference-disagreement=1691 same=25407 tree-difference=1
[27168/100000] reference-disagreement tspl-divergence-protocol-body len=198 artifacts=43 advent-overaccept=28 advent-underaccept=14 compiler-timeout=1 reference-disagreement=1692 same=25432 tree-difference=1
[27188/100000] reference-disagreement wide:trailing-closure:newline+newline:real:ConvenienceInitializers:302 len=375 artifacts=43 advent-overaccept=28 advent-underaccept=14 compiler-timeout=1 reference-disagreement=1693 same=25451 tree-difference=1
[27199/100000] reference-disagreement wide:closure:space:real:IntegerLiteralUtilities:19+real:Syntax+StringInterpolation:276 len=1073 artifacts=43 advent-overaccept=28 advent-underaccept=14 compiler-timeout=1 reference-disagreement=1694 same=25461 tree-difference=1
[27209/100000] reference-disagreement wide:closure:newline+newline:real:StringLiterals:745 len=319 artifacts=43 advent-overaccept=28 advent-underaccept=14 compiler-timeout=1 reference-disagreement=1695 same=25470 tree-difference=1
[27210/100000] reference-disagreement wide:trailing-closure:space+block-comment:real:Syntax+StringInterpolation:320 len=65 artifacts=43 advent-overaccept=28 advent-underaccept=14 compiler-timeout=1 reference-disagreement=1696 same=25470 tree-difference=1
[27211/100000] reference-disagreement wide:closure:newline+block-comment+block-comment:real:ResultBuilders:245 len=246 artifacts=43 advent-overaccept=28 advent-underaccept=14 compiler-timeout=1 reference-disagreement=1697 same=25470 tree-difference=1
[27218/100000] reference-disagreement tspl-divergence-protocol-body len=145 artifacts=43 advent-overaccept=28 advent-underaccept=14 compiler-timeout=1 reference-disagreement=1698 same=25476 tree-difference=1
[27248/100000] reference-disagreement wide:top:splice+keyword+block-comment:translated:testInitDeinit4#1 len=63 artifacts=43 advent-overaccept=28 advent-underaccept=14 compiler-timeout=1 reference-disagreement=1699 same=25505 tree-difference=1
[27250/100000] same wide:closure:delete:expression:testClosureParameterWithAttribute#1 len=65 artifacts=43 advent-overaccept=28 advent-underaccept=14 compiler-timeout=1 reference-disagreement=1699 same=25507 tree-difference=1
[27262/100000] reference-disagreement cast-try-operator-cluster len=24 artifacts=43 advent-overaccept=28 advent-underaccept=14 compiler-timeout=1 reference-disagreement=1700 same=25518 tree-difference=1
[27265/100000] reference-disagreement member-list-wide-boundary len=244 artifacts=43 advent-overaccept=28 advent-underaccept=14 compiler-timeout=1 reference-disagreement=1701 same=25520 tree-difference=1
[27270/100000] reference-disagreement wide:struct-member:raw:attribute:testABIAttribute#16 len=100 artifacts=43 advent-overaccept=28 advent-underaccept=14 compiler-timeout=1 reference-disagreement=1702 same=25524 tree-difference=1
[27293/100000] reference-disagreement tspl-divergence-accessor-commitment len=49 artifacts=43 advent-overaccept=28 advent-underaccept=14 compiler-timeout=1 reference-disagreement=1703 same=25546 tree-difference=1
[27295/100000] reference-disagreement wide:trailing-closure:raw:translated:testSwitch33#1+type:testInverseTypesInParameter#1 len=145 artifacts=43 advent-overaccept=28 advent-underaccept=14 compiler-timeout=1 reference-disagreement=1704 same=25547 tree-difference=1
[27298/100000] reference-disagreement keypath-boundary len=38 artifacts=43 advent-overaccept=28 advent-underaccept=14 compiler-timeout=1 reference-disagreement=1705 same=25549 tree-difference=1
[27338/100000] reference-disagreement seed-corpus-mutated:member-list-ifconfig-semicolon len=167 artifacts=43 advent-overaccept=28 advent-underaccept=14 compiler-timeout=1 reference-disagreement=1706 same=25588 tree-difference=1
[27342/100000] reference-disagreement wide:func-body:splice:attribute:testIsolatedTypeAttribute#1+attribute:testSemanticsAttribute#1 len=263 artifacts=43 advent-overaccept=28 advent-underaccept=14 compiler-timeout=1 reference-disagreement=1707 same=25591 tree-difference=1
[27348/100000] reference-disagreement wide:trailing-closure:newline+newline+block-comment:real:OperatorError:20 len=862 artifacts=43 advent-overaccept=28 advent-underaccept=14 compiler-timeout=1 reference-disagreement=1708 same=25596 tree-difference=1
[27349/100000] reference-disagreement wide:trailing-closure:newline+space+keyword:translated:testSwitch14#1 len=51 artifacts=43 advent-overaccept=28 advent-underaccept=14 compiler-timeout=1 reference-disagreement=1709 same=25596 tree-difference=1
[27373/100000] reference-disagreement binding-pattern len=458 artifacts=43 advent-overaccept=28 advent-underaccept=14 compiler-timeout=1 reference-disagreement=1710 same=25619 tree-difference=1
[27388/100000] reference-disagreement wide:func-body:raw:real:SyntaxCollections:537 len=502 artifacts=43 advent-overaccept=28 advent-underaccept=14 compiler-timeout=1 reference-disagreement=1711 same=25633 tree-difference=1
[27429/100000] reference-disagreement wide:struct-member:line-comment+newline:real:CompilerPlugin:97+real:SyntaxTraits:716 len=384 artifacts=43 advent-overaccept=28 advent-underaccept=14 compiler-timeout=1 reference-disagreement=1712 same=25673 tree-difference=1
[27469/100000] reference-disagreement keypath-boundary len=36 artifacts=43 advent-overaccept=28 advent-underaccept=14 compiler-timeout=1 reference-disagreement=1713 same=25712 tree-difference=1
[27488/100000] reference-disagreement binding-pattern len=458 artifacts=43 advent-overaccept=28 advent-underaccept=14 compiler-timeout=1 reference-disagreement=1714 same=25730 tree-difference=1
[27491/100000] reference-disagreement wide:ifconfig:newline+glue:translated:testInitDeinit18#1 len=94 artifacts=43 advent-overaccept=28 advent-underaccept=14 compiler-timeout=1 reference-disagreement=1715 same=25732 tree-difference=1
[27492/100000] reference-disagreement wide:before-statement:raw:translated:testSwitch21#1 len=56 artifacts=43 advent-overaccept=28 advent-underaccept=14 compiler-timeout=1 reference-disagreement=1716 same=25732 tree-difference=1
[27497/100000] reference-disagreement wide:extension-member:raw:translated:testEnum13#1 len=55 artifacts=43 advent-overaccept=28 advent-underaccept=14 compiler-timeout=1 reference-disagreement=1717 same=25736 tree-difference=1
[27500/100000] same frontier:statement-member-context len=66 artifacts=43 advent-overaccept=28 advent-underaccept=14 compiler-timeout=1 reference-disagreement=1717 same=25739 tree-difference=1
[27502/100000] reference-disagreement tspl-divergence-accessor-commitment len=78 artifacts=43 advent-overaccept=28 advent-underaccept=14 compiler-timeout=1 reference-disagreement=1718 same=25740 tree-difference=1
[27526/100000] reference-disagreement nested-ifconfig-boundary len=113 artifacts=43 advent-overaccept=28 advent-underaccept=14 compiler-timeout=1 reference-disagreement=1719 same=25763 tree-difference=1
[27545/100000] reference-disagreement wide:struct-member:raw:real:FormatRawStringLiteral:72 len=433 artifacts=43 advent-overaccept=28 advent-underaccept=14 compiler-timeout=1 reference-disagreement=1720 same=25781 tree-difference=1
[27559/100000] reference-disagreement wide:func-body:line-comment:reject:testKeypathExpression#3 len=43 artifacts=43 advent-overaccept=28 advent-underaccept=14 compiler-timeout=1 reference-disagreement=1721 same=25794 tree-difference=1
[27563/100000] reference-disagreement wide:before-statement:glue:type:testClosureSignatures#2 len=41 artifacts=43 advent-overaccept=28 advent-underaccept=14 compiler-timeout=1 reference-disagreement=1722 same=25797 tree-difference=1
[27566/100000] reference-disagreement wide:top:splice+newline:expression:testKeypathExpression#10 len=5 artifacts=43 advent-overaccept=28 advent-underaccept=14 compiler-timeout=1 reference-disagreement=1723 same=25799 tree-difference=1
[27587/100000] reference-disagreement tspl-divergence-protocol-body len=221 artifacts=43 advent-overaccept=28 advent-underaccept=14 compiler-timeout=1 reference-disagreement=1724 same=25819 tree-difference=1
[27595/100000] reference-disagreement wide:trailing-closure:newline:real:ResultBuilders:719 len=175 artifacts=43 advent-overaccept=28 advent-underaccept=14 compiler-timeout=1 reference-disagreement=1725 same=25826 tree-difference=1
[27607/100000] reference-disagreement statement-list len=559 artifacts=43 advent-overaccept=28 advent-underaccept=14 compiler-timeout=1 reference-disagreement=1726 same=25837 tree-difference=1
[27613/100000] reference-disagreement member-list-wide-boundary len=266 artifacts=43 advent-overaccept=28 advent-underaccept=14 compiler-timeout=1 reference-disagreement=1727 same=25842 tree-difference=1
[27618/100000] reference-disagreement wide:trailing-closure:raw:real:SyntaxExpressibleByStringInterpolationConformances:208 len=158 artifacts=43 advent-overaccept=28 advent-underaccept=14 compiler-timeout=1 reference-disagreement=1728 same=25846 tree-difference=1
[27623/100000] reference-disagreement wide:struct-member:glue:real:SyntaxTraits:738 len=90 artifacts=43 advent-overaccept=28 advent-underaccept=14 compiler-timeout=1 reference-disagreement=1729 same=25850 tree-difference=1
[27624/100000] reference-disagreement wide:closure:raw:real:ResultBuilders:345 len=140 artifacts=43 advent-overaccept=28 advent-underaccept=14 compiler-timeout=1 reference-disagreement=1730 same=25850 tree-difference=1
[27631/100000] reference-disagreement wide:after-statement:duplicate+newline+duplicate:phase1:let-binary len=40 artifacts=43 advent-overaccept=28 advent-underaccept=14 compiler-timeout=1 reference-disagreement=1731 same=25856 tree-difference=1
[27652/100000] reference-disagreement tspl-divergence-protocol-body len=198 artifacts=43 advent-overaccept=28 advent-underaccept=14 compiler-timeout=1 reference-disagreement=1732 same=25876 tree-difference=1
[27661/100000] reference-disagreement wide:struct-member:newline+newline:real:SyntaxTraits:424 len=426 artifacts=43 advent-overaccept=28 advent-underaccept=14 compiler-timeout=1 reference-disagreement=1733 same=25884 tree-difference=1
[27669/100000] reference-disagreement wide:closure:splice+splice:real:ConvenienceInitializers:397 len=792 artifacts=43 advent-overaccept=28 advent-underaccept=14 compiler-timeout=1 reference-disagreement=1734 same=25891 tree-difference=1
[27672/100000] reference-disagreement wide:struct-member:line-comment:real:LayoutNodes+Parsable:151 len=191 artifacts=43 advent-overaccept=28 advent-underaccept=14 compiler-timeout=1 reference-disagreement=1735 same=25893 tree-difference=1
[27710/100000] reference-disagreement grammarish-member-list len=232 artifacts=43 advent-overaccept=28 advent-underaccept=14 compiler-timeout=1 reference-disagreement=1736 same=25930 tree-difference=1
[27714/100000] reference-disagreement wide:func-body:newline+keyword:phase4-pattern:case-optional-tuple len=144 artifacts=43 advent-overaccept=28 advent-underaccept=14 compiler-timeout=1 reference-disagreement=1737 same=25933 tree-difference=1
[27721/100000] reference-disagreement wide:struct-member:raw:real:ResultBuilders:544 len=208 artifacts=43 advent-overaccept=28 advent-underaccept=14 compiler-timeout=1 reference-disagreement=1738 same=25939 tree-difference=1
[27722/100000] reference-disagreement tspl-divergence-accessor-commitment len=78 artifacts=43 advent-overaccept=28 advent-underaccept=14 compiler-timeout=1 reference-disagreement=1739 same=25939 tree-difference=1
[27743/100000] reference-disagreement wide:extension-member:space:real:ResultBuilders:732 len=203 artifacts=43 advent-overaccept=28 advent-underaccept=14 compiler-timeout=1 reference-disagreement=1740 same=25959 tree-difference=1
[27750/100000] same try-boundary len=23 artifacts=43 advent-overaccept=28 advent-underaccept=14 compiler-timeout=1 reference-disagreement=1740 same=25966 tree-difference=1
[27762/100000] reference-disagreement func-body len=458 artifacts=43 advent-overaccept=28 advent-underaccept=14 compiler-timeout=1 reference-disagreement=1741 same=25977 tree-difference=1
[27770/100000] reference-disagreement wide:closure:line-comment+swap:real:ParserDiagnosticMessages:369 len=548 artifacts=43 advent-overaccept=28 advent-underaccept=14 compiler-timeout=1 reference-disagreement=1742 same=25984 tree-difference=1
[27779/100000] reference-disagreement wide:func-body:splice:real:SyntaxTraits:848+translated:testTupleTypeExpr#8 len=82 artifacts=43 advent-overaccept=28 advent-underaccept=14 compiler-timeout=1 reference-disagreement=1743 same=25992 tree-difference=1
[27782/100000] reference-disagreement keypath-component-matrix len=38 artifacts=43 advent-overaccept=28 advent-underaccept=14 compiler-timeout=1 reference-disagreement=1744 same=25994 tree-difference=1
[27783/100000] reference-disagreement wide:struct-member:block-comment:real:Syntax+StringInterpolation:290 len=72 artifacts=43 advent-overaccept=28 advent-underaccept=14 compiler-timeout=1 reference-disagreement=1745 same=25994 tree-difference=1
[27784/100000] reference-disagreement wide:extension-member:newline:real:ResultBuilders:388 len=212 artifacts=43 advent-overaccept=28 advent-underaccept=14 compiler-timeout=1 reference-disagreement=1746 same=25994 tree-difference=1
[27796/100000] reference-disagreement wide:closure:block-comment+splice+glue:real:EditorPlaceholder:13 len=370 artifacts=43 advent-overaccept=28 advent-underaccept=14 compiler-timeout=1 reference-disagreement=1747 same=26005 tree-difference=1
[27799/100000] reference-disagreement wide:closure:space+newline:translated:testDollarIdentifier12#1+real:MacroSystem:1555 len=479 artifacts=43 advent-overaccept=28 advent-underaccept=14 compiler-timeout=1 reference-disagreement=1748 same=26007 tree-difference=1
[27813/100000] reference-disagreement tspl-divergence-protocol-body len=151 artifacts=43 advent-overaccept=28 advent-underaccept=14 compiler-timeout=1 reference-disagreement=1749 same=26020 tree-difference=1
[27829/100000] reference-disagreement ifconfig-member-context-boundary len=89 artifacts=43 advent-overaccept=28 advent-underaccept=14 compiler-timeout=1 reference-disagreement=1750 same=26035 tree-difference=1
[27831/100000] reference-disagreement wide:struct-member:glue:real:Descriptor:27+real:JSONDecoding:405 len=1403 artifacts=43 advent-overaccept=28 advent-underaccept=14 compiler-timeout=1 reference-disagreement=1751 same=26036 tree-difference=1
[27842/100000] reference-disagreement attribute-ifconfig-elseif-list len=131 artifacts=43 advent-overaccept=28 advent-underaccept=14 compiler-timeout=1 reference-disagreement=1752 same=26046 tree-difference=1
[27844/100000] reference-disagreement func-body len=458 artifacts=43 advent-overaccept=28 advent-underaccept=14 compiler-timeout=1 reference-disagreement=1753 same=26047 tree-difference=1
[27846/100000] reference-disagreement wide:closure:glue+newline+duplicate:translated:testInitDeinit9#1+phase3-statement:dict-type len=97 artifacts=43 advent-overaccept=28 advent-underaccept=14 compiler-timeout=1 reference-disagreement=1754 same=26048 tree-difference=1
[27890/100000] reference-disagreement tspl-divergence-protocol-body len=76 artifacts=43 advent-overaccept=28 advent-underaccept=14 compiler-timeout=1 reference-disagreement=1755 same=26091 tree-difference=1
[27892/100000] reference-disagreement grammarish-member-list len=232 artifacts=43 advent-overaccept=28 advent-underaccept=14 compiler-timeout=1 reference-disagreement=1756 same=26092 tree-difference=1
[27895/100000] reference-disagreement seed-corpus-wrapped:preconcurrency-import len=49 artifacts=43 advent-overaccept=28 advent-underaccept=14 compiler-timeout=1 reference-disagreement=1757 same=26094 tree-difference=1
[27902/100000] reference-disagreement wide:trailing-closure:raw:real:OperatorTable:126 len=743 artifacts=43 advent-overaccept=28 advent-underaccept=14 compiler-timeout=1 reference-disagreement=1758 same=26100 tree-difference=1
[27908/100000] reference-disagreement wide:trailing-closure:glue+block-comment:translated:testGenericDisambiguation6a#1+real:SyntaxBaseNodes:1183 len=90 artifacts=43 advent-overaccept=28 advent-underaccept=14 compiler-timeout=1 reference-disagreement=1759 same=26105 tree-difference=1
[27934/100000] reference-disagreement wide:trailing-closure:space+delete+space:real:SyntaxSynthesis:78 len=191 artifacts=43 advent-overaccept=28 advent-underaccept=14 compiler-timeout=1 reference-disagreement=1760 same=26130 tree-difference=1
[27985/100000] reference-disagreement wide:trailing-closure:keyword+block-comment+swap:real:ResultBuilders:25+real:LayoutNodes+Parsable:143 len=312 artifacts=43 advent-overaccept=28 advent-underaccept=14 compiler-timeout=1 reference-disagreement=1761 same=26180 tree-difference=1
[28000/100000] reference-disagreement wide:ifconfig:keyword:attribute:testEffects#1 len=59 artifacts=43 advent-overaccept=28 advent-underaccept=14 compiler-timeout=1 reference-disagreement=1762 same=26194 tree-difference=1
[28021/100000] reference-disagreement attribute-ifconfig-elseif-list len=118 artifacts=43 advent-overaccept=28 advent-underaccept=14 compiler-timeout=1 reference-disagreement=1763 same=26214 tree-difference=1
[28025/100000] reference-disagreement wide:ifconfig:glue:statement:testTypedThrows#1 len=55 artifacts=43 advent-overaccept=28 advent-underaccept=14 compiler-timeout=1 reference-disagreement=1764 same=26217 tree-difference=1
[28037/100000] reference-disagreement wide:struct-member:raw:real:SyntaxExpressibleByStringInterpolationConformances:22 len=92 artifacts=43 advent-overaccept=28 advent-underaccept=14 compiler-timeout=1 reference-disagreement=1765 same=26228 tree-difference=1
[28048/100000] reference-disagreement keypath-boundary len=44 artifacts=43 advent-overaccept=28 advent-underaccept=14 compiler-timeout=1 reference-disagreement=1766 same=26238 tree-difference=1
[28070/100000] reference-disagreement wide:func-body:raw:real:ParserDiagnosticMessages:517 len=327 artifacts=43 advent-overaccept=28 advent-underaccept=14 compiler-timeout=1 reference-disagreement=1767 same=26259 tree-difference=1
[28085/100000] reference-disagreement wide:closure:raw:real:ResultBuilders:506 len=214 artifacts=43 advent-overaccept=28 advent-underaccept=14 compiler-timeout=1 reference-disagreement=1768 same=26273 tree-difference=1
[28090/100000] reference-disagreement wide:struct-member:glue:real:DeclSyntaxParseable:56 len=67 artifacts=43 advent-overaccept=28 advent-underaccept=14 compiler-timeout=1 reference-disagreement=1769 same=26277 tree-difference=1
[28118/100000] reference-disagreement wide:func-body:raw:real:ResultBuilders:633 len=193 artifacts=43 advent-overaccept=28 advent-underaccept=14 compiler-timeout=1 reference-disagreement=1770 same=26304 tree-difference=1
[28127/100000] reference-disagreement wide:closure:raw:real:ConvenienceInitializers:68+real:SyntaxCollections:564 len=620 artifacts=43 advent-overaccept=28 advent-underaccept=14 compiler-timeout=1 reference-disagreement=1771 same=26312 tree-difference=1
[28138/100000] reference-disagreement tspl-divergence-protocol-body len=68 artifacts=43 advent-overaccept=28 advent-underaccept=14 compiler-timeout=1 reference-disagreement=1772 same=26322 tree-difference=1
[28151/100000] reference-disagreement cast-try-operator-cluster len=24 artifacts=43 advent-overaccept=28 advent-underaccept=14 compiler-timeout=1 reference-disagreement=1773 same=26334 tree-difference=1
[28153/100000] reference-disagreement keypath-component-matrix len=38 artifacts=43 advent-overaccept=28 advent-underaccept=14 compiler-timeout=1 reference-disagreement=1774 same=26335 tree-difference=1
[28174/100000] reference-disagreement wide:closure:newline+newline:real:SyntaxNodeWithBody:213 len=81 artifacts=43 advent-overaccept=28 advent-underaccept=14 compiler-timeout=1 reference-disagreement=1775 same=26355 tree-difference=1
[28213/100000] reference-disagreement wide:extension-member:newline:real:LayoutNodes+Parsable:111 len=201 artifacts=43 advent-overaccept=28 advent-underaccept=14 compiler-timeout=1 reference-disagreement=1776 same=26393 tree-difference=1
[28249/100000] reference-disagreement wide:closure:line-comment:phase4-macro:borrow+real:SyntaxTraits:724 len=115 artifacts=43 advent-overaccept=28 advent-underaccept=14 compiler-timeout=1 reference-disagreement=1777 same=26428 tree-difference=1
[28250/100000] same wide:before-statement:keyword+glue+delete:translated:testObjectLiterals8#1 len=61 artifacts=43 advent-overaccept=28 advent-underaccept=14 compiler-timeout=1 reference-disagreement=1777 same=26429 tree-difference=1
[28279/100000] reference-disagreement wide:trailing-closure:block-comment:real:ResultBuilders:180 len=197 artifacts=43 advent-overaccept=28 advent-underaccept=14 compiler-timeout=1 reference-disagreement=1778 same=26457 tree-difference=1
[28381/100000] reference-disagreement wide:func-body:raw:real:BuildableNodes:767 len=1068 artifacts=43 advent-overaccept=28 advent-underaccept=14 compiler-timeout=1 reference-disagreement=1779 same=26558 tree-difference=1
[28396/100000] reference-disagreement nested-ifconfig-boundary len=113 artifacts=43 advent-overaccept=28 advent-underaccept=14 compiler-timeout=1 reference-disagreement=1780 same=26572 tree-difference=1
[28420/100000] reference-disagreement wide:after-statement:raw:reject:testChainedOptionalUnwrapsWithDot#1 len=24 artifacts=43 advent-overaccept=28 advent-underaccept=14 compiler-timeout=1 reference-disagreement=1781 same=26595 tree-difference=1
[28429/100000] reference-disagreement statement-list len=458 artifacts=43 advent-overaccept=28 advent-underaccept=14 compiler-timeout=1 reference-disagreement=1782 same=26603 tree-difference=1
[28444/100000] reference-disagreement wide:closure:raw:reject:testCoroutineAccessors#1 len=95 artifacts=43 advent-overaccept=28 advent-underaccept=14 compiler-timeout=1 reference-disagreement=1783 same=26617 tree-difference=1
[28459/100000] reference-disagreement wide:closure:raw:real:SyntaxNodeWithBody:155 len=908 artifacts=43 advent-overaccept=28 advent-underaccept=14 compiler-timeout=1 reference-disagreement=1784 same=26631 tree-difference=1
[28480/100000] reference-disagreement wide:extension-member:space:real:SourceLocation:784+translated:testForwardSlashRegexSkipping42#1 len=567 artifacts=43 advent-overaccept=28 advent-underaccept=14 compiler-timeout=1 reference-disagreement=1785 same=26651 tree-difference=1
[28483/100000] reference-disagreement tspl-divergence-accessor-commitment len=49 artifacts=43 advent-overaccept=28 advent-underaccept=14 compiler-timeout=1 reference-disagreement=1786 same=26653 tree-difference=1
[28500/100000] same wide:interpolation:newline:declaration:testVariableDeclarations#1 len=32 artifacts=43 advent-overaccept=28 advent-underaccept=14 compiler-timeout=1 reference-disagreement=1786 same=26670 tree-difference=1
[28512/100000] reference-disagreement wide:trailing-closure:line-comment:real:ScopeImplementations:371 len=170 artifacts=43 advent-overaccept=28 advent-underaccept=14 compiler-timeout=1 reference-disagreement=1787 same=26681 tree-difference=1
[28523/100000] reference-disagreement wide:func-body:newline:real:ConvenienceInitializers:86 len=89 artifacts=43 advent-overaccept=28 advent-underaccept=14 compiler-timeout=1 reference-disagreement=1788 same=26691 tree-difference=1
[28527/100000] reference-disagreement wide:struct-member:glue+newline+block-comment:real:ListBuilder:108+phase4-import:actor-inherit len=355 artifacts=43 advent-overaccept=28 advent-underaccept=14 compiler-timeout=1 reference-disagreement=1789 same=26694 tree-difference=1
[28534/100000] reference-disagreement declaration-modifier-stack len=34 artifacts=43 advent-overaccept=28 advent-underaccept=14 compiler-timeout=1 reference-disagreement=1790 same=26700 tree-difference=1
[28590/100000] reference-disagreement grammarish-member-list len=174 artifacts=43 advent-overaccept=28 advent-underaccept=14 compiler-timeout=1 reference-disagreement=1791 same=26755 tree-difference=1
[28592/100000] reference-disagreement wide:extension-member:glue+newline:phase4-precedence:pg-assoc-none len=60 artifacts=43 advent-overaccept=28 advent-underaccept=14 compiler-timeout=1 reference-disagreement=1792 same=26756 tree-difference=1
[28599/100000] reference-disagreement keypath-component-matrix len=44 artifacts=43 advent-overaccept=28 advent-underaccept=14 compiler-timeout=1 reference-disagreement=1793 same=26762 tree-difference=1
[28610/100000] reference-disagreement declaration-modifier-stack len=34 artifacts=43 advent-overaccept=28 advent-underaccept=14 compiler-timeout=1 reference-disagreement=1794 same=26772 tree-difference=1
[28632/100000] reference-disagreement wide:trailing-closure:newline+delete:real:SyntaxUtils:25 len=259 artifacts=43 advent-overaccept=28 advent-underaccept=14 compiler-timeout=1 reference-disagreement=1795 same=26793 tree-difference=1
[28653/100000] reference-disagreement tspl-divergence-protocol-body len=188 artifacts=43 advent-overaccept=28 advent-underaccept=14 compiler-timeout=1 reference-disagreement=1796 same=26813 tree-difference=1
[28665/100000] reference-disagreement wide:func-body:block-comment+delete+line-comment:real:Syntax+StringInterpolation:478 len=166 artifacts=43 advent-overaccept=28 advent-underaccept=14 compiler-timeout=1 reference-disagreement=1797 same=26824 tree-difference=1
[28692/100000] reference-disagreement nested-ifconfig-boundary len=163 artifacts=43 advent-overaccept=28 advent-underaccept=14 compiler-timeout=1 reference-disagreement=1798 same=26850 tree-difference=1
[28696/100000] reference-disagreement tspl-divergence-protocol-body len=190 artifacts=43 advent-overaccept=28 advent-underaccept=14 compiler-timeout=1 reference-disagreement=1799 same=26853 tree-difference=1
[28697/100000] reference-disagreement wide:struct-member:space+newline:real:SyntaxEditUtils:166 len=297 artifacts=43 advent-overaccept=28 advent-underaccept=14 compiler-timeout=1 reference-disagreement=1800 same=26853 tree-difference=1
[28711/100000] reference-disagreement tspl-divergence-accessor-commitment len=49 artifacts=43 advent-overaccept=28 advent-underaccept=14 compiler-timeout=1 reference-disagreement=1801 same=26866 tree-difference=1
[28730/100000] reference-disagreement func-body len=458 artifacts=43 advent-overaccept=28 advent-underaccept=14 compiler-timeout=1 reference-disagreement=1802 same=26884 tree-difference=1
[28732/100000] reference-disagreement wide:trailing-closure:raw:real:ResultBuilders:319 len=129 artifacts=43 advent-overaccept=28 advent-underaccept=14 compiler-timeout=1 reference-disagreement=1803 same=26885 tree-difference=1
[28734/100000] reference-disagreement wide:func-body:keyword+space:real:Trivia:110+expression:testCollectionLiterals#1 len=614 artifacts=43 advent-overaccept=28 advent-underaccept=14 compiler-timeout=1 reference-disagreement=1804 same=26886 tree-difference=1
[28737/100000] reference-disagreement declaration-modifier-stack len=34 artifacts=43 advent-overaccept=28 advent-underaccept=14 compiler-timeout=1 reference-disagreement=1805 same=26888 tree-difference=1
[28750/100000] same effectful-function-type len=104 artifacts=43 advent-overaccept=28 advent-underaccept=14 compiler-timeout=1 reference-disagreement=1805 same=26901 tree-difference=1
[28753/100000] reference-disagreement wide:trailing-closure:delete+newline:real:ScopeImplementations:208+translated:testPatternWithoutVariables6#1 len=540 artifacts=43 advent-overaccept=28 advent-underaccept=14 compiler-timeout=1 reference-disagreement=1806 same=26903 tree-difference=1
[28776/100000] reference-disagreement wide:trailing-closure:raw:real:SyntaxTraits:506+real:StringExtensions:38 len=907 artifacts=43 advent-overaccept=28 advent-underaccept=14 compiler-timeout=1 reference-disagreement=1807 same=26925 tree-difference=1
[28782/100000] reference-disagreement wide:after-statement:raw:reject:testChainedOptionalUnwrapsWithDot#1+real:ResultBuilders:29 len=196 artifacts=43 advent-overaccept=28 advent-underaccept=14 compiler-timeout=1 reference-disagreement=1808 same=26930 tree-difference=1
[28812/100000] reference-disagreement wide:func-body:raw:real:SyntaxTraits:768 len=75 artifacts=43 advent-overaccept=28 advent-underaccept=14 compiler-timeout=1 reference-disagreement=1809 same=26959 tree-difference=1
[28819/100000] reference-disagreement wide:func-body:raw:translated:testModuleSelectorExpr#8 len=68 artifacts=43 advent-overaccept=28 advent-underaccept=14 compiler-timeout=1 reference-disagreement=1810 same=26965 tree-difference=1
[28820/100000] reference-disagreement wide:ifconfig:raw:real:ExpandEditorPlaceholder:474+translated:testInitDeinit14#1 len=838 artifacts=43 advent-overaccept=28 advent-underaccept=14 compiler-timeout=1 reference-disagreement=1811 same=26965 tree-difference=1
[28840/100000] reference-disagreement wide:struct-member:raw:real:SyntaxExpressibleByStringInterpolationConformances:118 len=170 artifacts=43 advent-overaccept=28 advent-underaccept=14 compiler-timeout=1 reference-disagreement=1812 same=26984 tree-difference=1
[28847/100000] reference-disagreement tspl-divergence-protocol-body len=224 artifacts=43 advent-overaccept=28 advent-underaccept=14 compiler-timeout=1 reference-disagreement=1813 same=26990 tree-difference=1
[28864/100000] reference-disagreement wide:trailing-closure:space+block-comment+splice:real:IndentationUtils:101 len=204 artifacts=43 advent-overaccept=28 advent-underaccept=14 compiler-timeout=1 reference-disagreement=1814 same=27006 tree-difference=1
[28875/100000] advent-overaccept wide:func-body:duplicate:attribute:testTypeAttributeInExprContext#1 len=57 artifacts=44 advent-overaccept=29 advent-underaccept=14 compiler-timeout=1 reference-disagreement=1814 same=27016 tree-difference=1
[28922/100000] reference-disagreement wide:func-body:line-comment:real:WarningControlRegions:188 len=795 artifacts=44 advent-overaccept=29 advent-underaccept=14 compiler-timeout=1 reference-disagreement=1815 same=27062 tree-difference=1
[28987/100000] reference-disagreement wide:func-body:splice:real:SyntaxUtils:71 len=129 artifacts=44 advent-overaccept=29 advent-underaccept=14 compiler-timeout=1 reference-disagreement=1816 same=27126 tree-difference=1
[29000/100000] same wide:extension-member:keyword+glue:reject:testEscapedIdentifiers18#1+translated:testOperatorDeclDesignatedTypes10#1 len=111 artifacts=44 advent-overaccept=29 advent-underaccept=14 compiler-timeout=1 reference-disagreement=1816 same=27139 tree-difference=1
[29040/100000] reference-disagreement seed-corpus-structural-splice:extension-optional-type len=96 artifacts=44 advent-overaccept=29 advent-underaccept=14 compiler-timeout=1 reference-disagreement=1817 same=27178 tree-difference=1
[29081/100000] reference-disagreement wide:closure:raw:real:SyntaxExpressibleByStringInterpolationConformances:184+real:SyntaxExpressibleByStringInterpolationConformances:46 len=246 artifacts=44 advent-overaccept=29 advent-underaccept=14 compiler-timeout=1 reference-disagreement=1818 same=27218 tree-difference=1
[29082/100000] reference-disagreement wide:trailing-closure:glue+newline:real:SyntaxCollections:1139+type:testNonisolatedSpecifier#1 len=535 artifacts=44 advent-overaccept=29 advent-underaccept=14 compiler-timeout=1 reference-disagreement=1819 same=27218 tree-difference=1
[29089/100000] reference-disagreement tspl-divergence-accessor-commitment len=49 artifacts=44 advent-overaccept=29 advent-underaccept=14 compiler-timeout=1 reference-disagreement=1820 same=27224 tree-difference=1
[29123/100000] reference-disagreement tspl-divergence-protocol-body len=211 artifacts=44 advent-overaccept=29 advent-underaccept=14 compiler-timeout=1 reference-disagreement=1821 same=27257 tree-difference=1
[29138/100000] reference-disagreement wide:closure:raw:real:Diagnostics:29 len=757 artifacts=44 advent-overaccept=29 advent-underaccept=14 compiler-timeout=1 reference-disagreement=1822 same=27271 tree-difference=1
[29170/100000] reference-disagreement wide:before-statement:raw:translated:testPatternWithoutVariables5#1 len=469 artifacts=44 advent-overaccept=29 advent-underaccept=14 compiler-timeout=1 reference-disagreement=1823 same=27302 tree-difference=1
[29192/100000] reference-disagreement wide:struct-member:keyword:real:WarningControlRegions:318 len=723 artifacts=44 advent-overaccept=29 advent-underaccept=14 compiler-timeout=1 reference-disagreement=1824 same=27323 tree-difference=1
[29226/100000] reference-disagreement wide:func-body:block-comment:translated:testUnclosedStringInterpolation1#1+real:RawSyntaxNodeProtocol:85 len=485 artifacts=44 advent-overaccept=29 advent-underaccept=14 compiler-timeout=1 reference-disagreement=1825 same=27356 tree-difference=1
[29250/100000] same tspl-divergence-accessor-commitment len=65 artifacts=44 advent-overaccept=29 advent-underaccept=14 compiler-timeout=1 reference-disagreement=1825 same=27380 tree-difference=1
[29251/100000] advent-overaccept wide:before-statement:glue+newline:statement:testSwitch#3 len=115 artifacts=45 advent-overaccept=30 advent-underaccept=14 compiler-timeout=1 reference-disagreement=1825 same=27380 tree-difference=1
[29259/100000] reference-disagreement member-list-wide-boundary len=311 artifacts=45 advent-overaccept=30 advent-underaccept=14 compiler-timeout=1 reference-disagreement=1826 same=27387 tree-difference=1
[29260/100000] advent-overaccept wide:ifconfig:splice+block-comment:declaration:testUsing#11 len=44 artifacts=46 advent-overaccept=31 advent-underaccept=14 compiler-timeout=1 reference-disagreement=1826 same=27387 tree-difference=1
[29292/100000] reference-disagreement wide:extension-member:raw:real:LexerDiagnosticMessages:30 len=295 artifacts=46 advent-overaccept=31 advent-underaccept=14 compiler-timeout=1 reference-disagreement=1827 same=27418 tree-difference=1
[29294/100000] reference-disagreement wide:trailing-closure:splice+glue:real:Oracle:43+translated:testOperators14#1 len=134 artifacts=46 advent-overaccept=31 advent-underaccept=14 compiler-timeout=1 reference-disagreement=1828 same=27419 tree-difference=1
[29309/100000] reference-disagreement tspl-divergence-protocol-body len=155 artifacts=46 advent-overaccept=31 advent-underaccept=14 compiler-timeout=1 reference-disagreement=1829 same=27433 tree-difference=1
[29336/100000] reference-disagreement grammarish-member-list len=109 artifacts=46 advent-overaccept=31 advent-underaccept=14 compiler-timeout=1 reference-disagreement=1830 same=27459 tree-difference=1
[29380/100000] reference-disagreement wide:func-body:raw:phase3-modifier:public-final len=39 artifacts=46 advent-overaccept=31 advent-underaccept=14 compiler-timeout=1 reference-disagreement=1831 same=27502 tree-difference=1
[29389/100000] reference-disagreement member-list-wide-boundary len=378 artifacts=46 advent-overaccept=31 advent-underaccept=14 compiler-timeout=1 reference-disagreement=1832 same=27510 tree-difference=1
[29403/100000] reference-disagreement wide:func-body:line-comment:real:Syntax:348 len=152 artifacts=46 advent-overaccept=31 advent-underaccept=14 compiler-timeout=1 reference-disagreement=1833 same=27523 tree-difference=1
[29419/100000] advent-overaccept wide:extension-member:keyword+keyword:real:ScopeImplementations:64 len=771 artifacts=47 advent-overaccept=32 advent-underaccept=14 compiler-timeout=1 reference-disagreement=1833 same=27538 tree-difference=1
[29421/100000] reference-disagreement wide:closure:raw:real:SwiftSyntaxCompatibility:883 len=187 artifacts=47 advent-overaccept=32 advent-underaccept=14 compiler-timeout=1 reference-disagreement=1834 same=27539 tree-difference=1
[29452/100000] reference-disagreement attribute-boundary len=39 artifacts=47 advent-overaccept=32 advent-underaccept=14 compiler-timeout=1 reference-disagreement=1835 same=27569 tree-difference=1
[29474/100000] reference-disagreement wide:trailing-closure:newline+glue:real:MissingNodeInitializers:101 len=230 artifacts=47 advent-overaccept=32 advent-underaccept=14 compiler-timeout=1 reference-disagreement=1836 same=27590 tree-difference=1
[29500/100000] reference-disagreement grammarish-member-list len=366 artifacts=47 advent-overaccept=32 advent-underaccept=14 compiler-timeout=1 reference-disagreement=1837 same=27615 tree-difference=1
[29521/100000] reference-disagreement seed-corpus-mutated:member-list-ifconfig-semicolon len=166 artifacts=47 advent-overaccept=32 advent-underaccept=14 compiler-timeout=1 reference-disagreement=1838 same=27635 tree-difference=1
[29522/100000] reference-disagreement wide:struct-member:splice+newline:real:SyntaxExpressibleByStringInterpolationConformances:256+phase4-loop:subscript len=102 artifacts=47 advent-overaccept=32 advent-underaccept=14 compiler-timeout=1 reference-disagreement=1839 same=27635 tree-difference=1
[29533/100000] reference-disagreement tspl-divergence-protocol-body len=164 artifacts=47 advent-overaccept=32 advent-underaccept=14 compiler-timeout=1 reference-disagreement=1840 same=27645 tree-difference=1
[29563/100000] reference-disagreement tspl-divergence-protocol-body len=111 artifacts=47 advent-overaccept=32 advent-underaccept=14 compiler-timeout=1 reference-disagreement=1841 same=27674 tree-difference=1
[29566/100000] reference-disagreement wide:closure:splice+line-comment:real:SyntaxBaseNodes:325 len=68 artifacts=47 advent-overaccept=32 advent-underaccept=14 compiler-timeout=1 reference-disagreement=1842 same=27676 tree-difference=1
[29574/100000] reference-disagreement wide:struct-member:raw:real:SyntaxEditUtils:444 len=320 artifacts=47 advent-overaccept=32 advent-underaccept=14 compiler-timeout=1 reference-disagreement=1843 same=27683 tree-difference=1
[29587/100000] reference-disagreement member-list-wide-boundary len=161 artifacts=47 advent-overaccept=32 advent-underaccept=14 compiler-timeout=1 reference-disagreement=1844 same=27695 tree-difference=1
[29598/100000] reference-disagreement tspl-divergence-protocol-body len=152 artifacts=47 advent-overaccept=32 advent-underaccept=14 compiler-timeout=1 reference-disagreement=1845 same=27705 tree-difference=1
[29602/100000] reference-disagreement wide:struct-member:newline+newline:real:MacroSystem:1555 len=445 artifacts=47 advent-overaccept=32 advent-underaccept=14 compiler-timeout=1 reference-disagreement=1846 same=27708 tree-difference=1
[29614/100000] reference-disagreement wide:trailing-closure:raw:real:SyntaxEditUtils:444 len=313 artifacts=47 advent-overaccept=32 advent-underaccept=14 compiler-timeout=1 reference-disagreement=1847 same=27719 tree-difference=1
[29643/100000] reference-disagreement tspl-divergence-protocol-body len=119 artifacts=47 advent-overaccept=32 advent-underaccept=14 compiler-timeout=1 reference-disagreement=1848 same=27747 tree-difference=1
[29649/100000] reference-disagreement wide:closure:line-comment:translated:testSwitch32#1 len=550 artifacts=47 advent-overaccept=32 advent-underaccept=14 compiler-timeout=1 reference-disagreement=1849 same=27752 tree-difference=1
[29655/100000] reference-disagreement wide:extension-member:space+space+space:real:BodyMacro:45+translated:testOperatorDeclDesignatedTypes10#1 len=219 artifacts=47 advent-overaccept=32 advent-underaccept=14 compiler-timeout=1 reference-disagreement=1850 same=27757 tree-difference=1
[29656/100000] reference-disagreement grammarish-member-list len=436 artifacts=47 advent-overaccept=32 advent-underaccept=14 compiler-timeout=1 reference-disagreement=1851 same=27757 tree-difference=1
[29666/100000] reference-disagreement wide:trailing-closure:splice+splice:phase2-infix:long-chain+reject:testModuleSelectorExpr#16 len=45 artifacts=47 advent-overaccept=32 advent-underaccept=14 compiler-timeout=1 reference-disagreement=1852 same=27766 tree-difference=1
[29669/100000] reference-disagreement wide:struct-member:glue:real:ResultBuilders:414 len=196 artifacts=47 advent-overaccept=32 advent-underaccept=14 compiler-timeout=1 reference-disagreement=1853 same=27768 tree-difference=1
[29683/100000] reference-disagreement wide:closure:block-comment+space:real:OperatorTable+Folding:19 len=230 artifacts=47 advent-overaccept=32 advent-underaccept=14 compiler-timeout=1 reference-disagreement=1854 same=27781 tree-difference=1
[29686/100000] reference-disagreement wide:trailing-closure:splice:real:ResultBuilders:163+real:Parser:848 len=737 artifacts=47 advent-overaccept=32 advent-underaccept=14 compiler-timeout=1 reference-disagreement=1855 same=27783 tree-difference=1
[29687/100000] reference-disagreement tspl-divergence-protocol-body len=119 artifacts=47 advent-overaccept=32 advent-underaccept=14 compiler-timeout=1 reference-disagreement=1856 same=27783 tree-difference=1
[29702/100000] reference-disagreement wide:after-statement:raw:translated:testInvalid36#1 len=51 artifacts=47 advent-overaccept=32 advent-underaccept=14 compiler-timeout=1 reference-disagreement=1857 same=27797 tree-difference=1
[29706/100000] reference-disagreement wide:closure:raw:real:DeclSyntaxParseable:61 len=75 artifacts=47 advent-overaccept=32 advent-underaccept=14 compiler-timeout=1 reference-disagreement=1858 same=27800 tree-difference=1
[29741/100000] reference-disagreement binding-pattern len=458 artifacts=47 advent-overaccept=32 advent-underaccept=14 compiler-timeout=1 reference-disagreement=1859 same=27834 tree-difference=1
[29750/100000] same frontier:generic-member-type-shape len=284 artifacts=47 advent-overaccept=32 advent-underaccept=14 compiler-timeout=1 reference-disagreement=1859 same=27843 tree-difference=1
[29764/100000] reference-disagreement attribute-ifconfig-elseif-list len=121 artifacts=47 advent-overaccept=32 advent-underaccept=14 compiler-timeout=1 reference-disagreement=1860 same=27856 tree-difference=1
[29776/100000] reference-disagreement wide:trailing-closure:block-comment+newline+swap:real:CallToTrailingClosures:181+translated:testSemicolon4#1 len=262 artifacts=47 advent-overaccept=32 advent-underaccept=14 compiler-timeout=1 reference-disagreement=1861 same=27867 tree-difference=1
[29792/100000] reference-disagreement wide:func-body:block-comment+glue:type:testNamedOpaqueReturnTypes#1 len=356 artifacts=47 advent-overaccept=32 advent-underaccept=14 compiler-timeout=1 reference-disagreement=1862 same=27882 tree-difference=1
[29821/100000] reference-disagreement wide:struct-member:space:real:SyntaxExpressibleByStringInterpolationConformances:166 len=99 artifacts=47 advent-overaccept=32 advent-underaccept=14 compiler-timeout=1 reference-disagreement=1863 same=27910 tree-difference=1
[29822/100000] reference-disagreement tspl-divergence-accessor-commitment len=49 artifacts=47 advent-overaccept=32 advent-underaccept=14 compiler-timeout=1 reference-disagreement=1864 same=27910 tree-difference=1
[29861/100000] advent-overaccept wide:ifconfig:keyword:translated:testForwardSlashRegex15#1 len=26 artifacts=48 advent-overaccept=33 advent-underaccept=14 compiler-timeout=1 reference-disagreement=1864 same=27948 tree-difference=1
[29862/100000] reference-disagreement cast-try-operator-cluster len=24 artifacts=48 advent-overaccept=33 advent-underaccept=14 compiler-timeout=1 reference-disagreement=1865 same=27948 tree-difference=1
[29883/100000] reference-disagreement wide:extension-member:raw:real:Parser:848 len=609 artifacts=48 advent-overaccept=33 advent-underaccept=14 compiler-timeout=1 reference-disagreement=1866 same=27968 tree-difference=1
[29886/100000] reference-disagreement nested-ifconfig-boundary len=113 artifacts=48 advent-overaccept=33 advent-underaccept=14 compiler-timeout=1 reference-disagreement=1867 same=27970 tree-difference=1
[29925/100000] reference-disagreement declaration-modifier-stack len=34 artifacts=48 advent-overaccept=33 advent-underaccept=14 compiler-timeout=1 reference-disagreement=1868 same=28008 tree-difference=1
[29960/100000] reference-disagreement wide:func-body:space:real:Syntax+StringInterpolation:33 len=849 artifacts=48 advent-overaccept=33 advent-underaccept=14 compiler-timeout=1 reference-disagreement=1869 same=28042 tree-difference=1
[29963/100000] reference-disagreement binding-pattern len=458 artifacts=48 advent-overaccept=33 advent-underaccept=14 compiler-timeout=1 reference-disagreement=1870 same=28044 tree-difference=1
[29967/100000] reference-disagreement wide:struct-member:newline:real:Convenience:19 len=465 artifacts=48 advent-overaccept=33 advent-underaccept=14 compiler-timeout=1 reference-disagreement=1871 same=28047 tree-difference=1
[29983/100000] reference-disagreement attribute-ifconfig-elseif-list len=124 artifacts=48 advent-overaccept=33 advent-underaccept=14 compiler-timeout=1 reference-disagreement=1872 same=28062 tree-difference=1
[29986/100000] reference-disagreement wide:trailing-closure:raw:real:SyntaxCollections:826 len=491 artifacts=48 advent-overaccept=33 advent-underaccept=14 compiler-timeout=1 reference-disagreement=1873 same=28064 tree-difference=1
[29989/100000] reference-disagreement wide:closure:raw:phase3-modifier:public-ext len=43 artifacts=48 advent-overaccept=33 advent-underaccept=14 compiler-timeout=1 reference-disagreement=1874 same=28066 tree-difference=1
[29996/100000] reference-disagreement wide:top:newline+newline:translated:testOperatorDecl3#1+real:SyntaxTraits:808 len=76 artifacts=48 advent-overaccept=33 advent-underaccept=14 compiler-timeout=1 reference-disagreement=1875 same=28072 tree-difference=1
[30000/100000] same nested-ifconfig-boundary len=163 artifacts=48 advent-overaccept=33 advent-underaccept=14 compiler-timeout=1 reference-disagreement=1875 same=28076 tree-difference=1
[30065/100000] reference-disagreement wide:extension-member:raw:real:Parameters:27 len=77 artifacts=48 advent-overaccept=33 advent-underaccept=14 compiler-timeout=1 reference-disagreement=1876 same=28140 tree-difference=1
[30067/100000] reference-disagreement wide:closure:newline+line-comment:real:SyntaxTraits:258 len=486 artifacts=48 advent-overaccept=33 advent-underaccept=14 compiler-timeout=1 reference-disagreement=1877 same=28141 tree-difference=1
[30080/100000] reference-disagreement tspl-divergence-accessor-commitment len=49 artifacts=48 advent-overaccept=33 advent-underaccept=14 compiler-timeout=1 reference-disagreement=1878 same=28153 tree-difference=1
[30084/100000] reference-disagreement declaration-modifier-stack len=34 artifacts=48 advent-overaccept=33 advent-underaccept=14 compiler-timeout=1 reference-disagreement=1879 same=28156 tree-difference=1
[30095/100000] reference-disagreement statement-list len=693 artifacts=48 advent-overaccept=33 advent-underaccept=14 compiler-timeout=1 reference-disagreement=1880 same=28166 tree-difference=1
[30115/100000] reference-disagreement wide:func-body:raw:real:LayoutNodes+Parsable:71 len=209 artifacts=48 advent-overaccept=33 advent-underaccept=14 compiler-timeout=1 reference-disagreement=1881 same=28185 tree-difference=1
[30116/100000] reference-disagreement wide:before-statement:newline:translated:testBorrowingContextualParsing#5+translated:testAvailabilityQuery17#1 len=183 artifacts=48 advent-overaccept=33 advent-underaccept=14 compiler-timeout=1 reference-disagreement=1882 same=28185 tree-difference=1
[30122/100000] advent-overaccept wide:trailing-closure:space:type:testLifetimeSpecifier#2 len=41 artifacts=49 advent-overaccept=34 advent-underaccept=14 compiler-timeout=1 reference-disagreement=1882 same=28190 tree-difference=1
[30123/100000] reference-disagreement member-list-wide-boundary len=254 artifacts=49 advent-overaccept=34 advent-underaccept=14 compiler-timeout=1 reference-disagreement=1883 same=28190 tree-difference=1
[30143/100000] reference-disagreement binding-pattern len=458 artifacts=49 advent-overaccept=34 advent-underaccept=14 compiler-timeout=1 reference-disagreement=1884 same=28209 tree-difference=1
[30144/100000] reference-disagreement wide:func-body:block-comment:expression:testStringLiterals#10+attribute:testTransposeAttribute#1 len=158 artifacts=49 advent-overaccept=34 advent-underaccept=14 compiler-timeout=1 reference-disagreement=1885 same=28209 tree-difference=1
[30160/100000] reference-disagreement wide:extension-member:block-comment:real:LayoutNodes+Parsable:223+phase4-macro:macro-bare len=201 artifacts=49 advent-overaccept=34 advent-underaccept=14 compiler-timeout=1 reference-disagreement=1886 same=28224 tree-difference=1
[30165/100000] reference-disagreement wide:closure:space:real:SyntaxEditUtils:290 len=651 artifacts=49 advent-overaccept=34 advent-underaccept=14 compiler-timeout=1 reference-disagreement=1887 same=28228 tree-difference=1
[30184/100000] reference-disagreement wide:trailing-closure:raw:real:SyntaxBaseNodes:1819 len=67 artifacts=49 advent-overaccept=34 advent-underaccept=14 compiler-timeout=1 reference-disagreement=1888 same=28246 tree-difference=1
[30186/100000] reference-disagreement tspl-divergence-accessor-commitment len=78 artifacts=49 advent-overaccept=34 advent-underaccept=14 compiler-timeout=1 reference-disagreement=1889 same=28247 tree-difference=1
[30202/100000] reference-disagreement attribute-ifconfig-elseif-list len=126 artifacts=49 advent-overaccept=34 advent-underaccept=14 compiler-timeout=1 reference-disagreement=1890 same=28262 tree-difference=1
[30206/100000] reference-disagreement binding-pattern len=458 artifacts=49 advent-overaccept=34 advent-underaccept=14 compiler-timeout=1 reference-disagreement=1891 same=28265 tree-difference=1
[30209/100000] reference-disagreement wide:extension-member:glue+newline+glue:real:SyntaxClassifier:19 len=479 artifacts=49 advent-overaccept=34 advent-underaccept=14 compiler-timeout=1 reference-disagreement=1892 same=28267 tree-difference=1
[30232/100000] reference-disagreement keypath-boundary len=38 artifacts=49 advent-overaccept=34 advent-underaccept=14 compiler-timeout=1 reference-disagreement=1893 same=28289 tree-difference=1
[30250/100000] reference-disagreement wide:trailing-closure:raw:real:DeclSyntaxParseable:53 len=64 artifacts=49 advent-overaccept=34 advent-underaccept=14 compiler-timeout=1 reference-disagreement=1894 same=28306 tree-difference=1
[30270/100000] reference-disagreement keypath-component-matrix len=38 artifacts=49 advent-overaccept=34 advent-underaccept=14 compiler-timeout=1 reference-disagreement=1895 same=28325 tree-difference=1
[30294/100000] reference-disagreement wide:func-body:glue+newline+block-comment:real:DeclSyntaxParseable:54 len=72 artifacts=49 advent-overaccept=34 advent-underaccept=14 compiler-timeout=1 reference-disagreement=1896 same=28348 tree-difference=1
[30301/100000] reference-disagreement tspl-divergence-accessor-commitment len=78 artifacts=49 advent-overaccept=34 advent-underaccept=14 compiler-timeout=1 reference-disagreement=1897 same=28354 tree-difference=1
[30315/100000] reference-disagreement member-list-wide-boundary len=157 artifacts=49 advent-overaccept=34 advent-underaccept=14 compiler-timeout=1 reference-disagreement=1898 same=28367 tree-difference=1
[30327/100000] reference-disagreement wide:before-statement:line-comment+block-comment+duplicate:real:SyntaxClassifier:92 len=573 artifacts=49 advent-overaccept=34 advent-underaccept=14 compiler-timeout=1 reference-disagreement=1899 same=28378 tree-difference=1
[30348/100000] reference-disagreement wide:trailing-closure:newline+newline:real:OperatorTable+Folding:19 len=212 artifacts=49 advent-overaccept=34 advent-underaccept=14 compiler-timeout=1 reference-disagreement=1900 same=28398 tree-difference=1
[30378/100000] reference-disagreement wide:func-body:raw:phase4-attr:attr-with-modifier len=40 artifacts=49 advent-overaccept=34 advent-underaccept=14 compiler-timeout=1 reference-disagreement=1901 same=28427 tree-difference=1
[30381/100000] reference-disagreement wide:closure:raw:real:LayoutNodes+Parsable:223 len=185 artifacts=49 advent-overaccept=34 advent-underaccept=14 compiler-timeout=1 reference-disagreement=1902 same=28429 tree-difference=1
[30466/100000] reference-disagreement wide:top:line-comment:translated:testOperatorDecl11d#1 len=25 artifacts=49 advent-overaccept=34 advent-underaccept=14 compiler-timeout=1 reference-disagreement=1903 same=28513 tree-difference=1
[30473/100000] reference-disagreement wide:top:line-comment:translated:testSwitch48#1 len=95 artifacts=49 advent-overaccept=34 advent-underaccept=14 compiler-timeout=1 reference-disagreement=1904 same=28519 tree-difference=1
[30493/100000] reference-disagreement ifconfig-member-context-boundary len=89 artifacts=49 advent-overaccept=34 advent-underaccept=14 compiler-timeout=1 reference-disagreement=1905 same=28538 tree-difference=1
[30500/100000] same nested-template len=81 artifacts=49 advent-overaccept=34 advent-underaccept=14 compiler-timeout=1 reference-disagreement=1905 same=28545 tree-difference=1
[30513/100000] reference-disagreement wide:trailing-closure:raw:real:DeclSyntaxParseable:62 len=62 artifacts=49 advent-overaccept=34 advent-underaccept=14 compiler-timeout=1 reference-disagreement=1906 same=28557 tree-difference=1
[30540/100000] reference-disagreement wide:struct-member:raw:real:DeclSyntaxParseable:56 len=68 artifacts=49 advent-overaccept=34 advent-underaccept=14 compiler-timeout=1 reference-disagreement=1907 same=28583 tree-difference=1
[30564/100000] advent-underaccept wide:struct-member:newline+line-comment+newline:translated:testForwardSlashRegex11#1 len=41 artifacts=50 advent-overaccept=34 advent-underaccept=15 compiler-timeout=1 reference-disagreement=1907 same=28606 tree-difference=1
[30588/100000] reference-disagreement wide:trailing-closure:raw:real:Syntax+StringInterpolation:253+real:ResultBuilders:310 len=399 artifacts=50 advent-overaccept=34 advent-underaccept=15 compiler-timeout=1 reference-disagreement=1908 same=28629 tree-difference=1
[30595/100000] reference-disagreement tspl-divergence-protocol-body len=155 artifacts=50 advent-overaccept=34 advent-underaccept=15 compiler-timeout=1 reference-disagreement=1909 same=28635 tree-difference=1
[30623/100000] reference-disagreement member-list-wide-boundary len=330 artifacts=50 advent-overaccept=34 advent-underaccept=15 compiler-timeout=1 reference-disagreement=1910 same=28662 tree-difference=1
[30627/100000] reference-disagreement tspl-divergence-accessor-commitment len=49 artifacts=50 advent-overaccept=34 advent-underaccept=15 compiler-timeout=1 reference-disagreement=1911 same=28665 tree-difference=1
[30637/100000] reference-disagreement wide:closure:line-comment:real:SyntaxCollections:990 len=514 artifacts=50 advent-overaccept=34 advent-underaccept=15 compiler-timeout=1 reference-disagreement=1912 same=28674 tree-difference=1
[30638/100000] reference-disagreement wide:extension-member:splice:real:Statements:387+real:WarningControlDeclSyntax:65 len=1165 artifacts=50 advent-overaccept=34 advent-underaccept=15 compiler-timeout=1 reference-disagreement=1913 same=28674 tree-difference=1
[30647/100000] reference-disagreement wide:func-body:block-comment+newline+space:real:Syntax+StringInterpolation:285 len=69 artifacts=50 advent-overaccept=34 advent-underaccept=15 compiler-timeout=1 reference-disagreement=1914 same=28682 tree-difference=1
[30717/100000] reference-disagreement wide:ifconfig:keyword:real:SyntaxExpressibleByStringInterpolationConformances:106+translated:testEnum54#1 len=150 artifacts=50 advent-overaccept=34 advent-underaccept=15 compiler-timeout=1 reference-disagreement=1915 same=28751 tree-difference=1
[30734/100000] reference-disagreement wide:closure:glue:real:SyntaxCollections:990 len=508 artifacts=50 advent-overaccept=34 advent-underaccept=15 compiler-timeout=1 reference-disagreement=1916 same=28767 tree-difference=1
[30750/100000] same trailing-closure-boundary len=83 artifacts=50 advent-overaccept=34 advent-underaccept=15 compiler-timeout=1 reference-disagreement=1916 same=28783 tree-difference=1
[30751/100000] reference-disagreement wide:func-body:line-comment+block-comment+newline:real:SyntaxTraits:702+expression:testSwitchExprForceCast#1 len=140 artifacts=50 advent-overaccept=34 advent-underaccept=15 compiler-timeout=1 reference-disagreement=1917 same=28783 tree-difference=1
[30766/100000] reference-disagreement attribute-ifconfig-elseif-list len=113 artifacts=50 advent-overaccept=34 advent-underaccept=15 compiler-timeout=1 reference-disagreement=1918 same=28797 tree-difference=1
[30787/100000] reference-disagreement wide:func-body:raw:real:SyntaxExpressibleByStringInterpolationConformances:205 len=79 artifacts=50 advent-overaccept=34 advent-underaccept=15 compiler-timeout=1 reference-disagreement=1919 same=28817 tree-difference=1
[30788/100000] reference-disagreement wide:closure:glue+space+line-comment:real:RawSyntaxLayoutView:13 len=438 artifacts=50 advent-overaccept=34 advent-underaccept=15 compiler-timeout=1 reference-disagreement=1920 same=28817 tree-difference=1
[30790/100000] reference-disagreement keypath-component-matrix len=59 artifacts=50 advent-overaccept=34 advent-underaccept=15 compiler-timeout=1 reference-disagreement=1921 same=28818 tree-difference=1
[30804/100000] reference-disagreement attribute-ifconfig-elseif-list len=134 artifacts=50 advent-overaccept=34 advent-underaccept=15 compiler-timeout=1 reference-disagreement=1922 same=28831 tree-difference=1
[30813/100000] reference-disagreement wide:func-body:splice+glue:translated:testOriginalDefinedInAttr10#1 len=170 artifacts=50 advent-overaccept=34 advent-underaccept=15 compiler-timeout=1 reference-disagreement=1923 same=28839 tree-difference=1
[30827/100000] reference-disagreement wide:extension-member:raw:real:SyntaxTraits:684 len=86 artifacts=50 advent-overaccept=34 advent-underaccept=15 compiler-timeout=1 reference-disagreement=1924 same=28852 tree-difference=1
[30837/100000] reference-disagreement wide:struct-member:glue+newline:real:BodyMacro:21+real:Syntax+StringInterpolation:527 len=1015 artifacts=50 advent-overaccept=34 advent-underaccept=15 compiler-timeout=1 reference-disagreement=1925 same=28861 tree-difference=1
[30840/100000] reference-disagreement wide:extension-member:block-comment:real:DeclSyntaxParseable:54 len=76 artifacts=50 advent-overaccept=34 advent-underaccept=15 compiler-timeout=1 reference-disagreement=1926 same=28863 tree-difference=1
[30849/100000] reference-disagreement tspl-divergence-protocol-body len=175 artifacts=50 advent-overaccept=34 advent-underaccept=15 compiler-timeout=1 reference-disagreement=1927 same=28871 tree-difference=1
[30894/100000] reference-disagreement wide:func-body:keyword+space+line-comment:real:Parser:848 len=608 artifacts=50 advent-overaccept=34 advent-underaccept=15 compiler-timeout=1 reference-disagreement=1928 same=28915 tree-difference=1
[30897/100000] reference-disagreement wide:closure:line-comment+line-comment:phase3-type:extension-empty len=48 artifacts=50 advent-overaccept=34 advent-underaccept=15 compiler-timeout=1 reference-disagreement=1929 same=28917 tree-difference=1
[30901/100000] reference-disagreement member-list-wide-boundary len=192 artifacts=50 advent-overaccept=34 advent-underaccept=15 compiler-timeout=1 reference-disagreement=1930 same=28920 tree-difference=1
[30916/100000] reference-disagreement tspl-divergence-protocol-body len=188 artifacts=50 advent-overaccept=34 advent-underaccept=15 compiler-timeout=1 reference-disagreement=1931 same=28934 tree-difference=1
[30918/100000] reference-disagreement wide:closure:newline+glue:real:ConvenienceInitializers:86 len=94 artifacts=50 advent-overaccept=34 advent-underaccept=15 compiler-timeout=1 reference-disagreement=1932 same=28935 tree-difference=1
[30938/100000] reference-disagreement wide:extension-member:splice+delete:real:SyntaxProtocol+Initializer:104 len=515 artifacts=50 advent-overaccept=34 advent-underaccept=15 compiler-timeout=1 reference-disagreement=1933 same=28954 tree-difference=1
[30951/100000] reference-disagreement wide:closure:newline:translated:testForwardSlashRegex8#1 len=91 artifacts=50 advent-overaccept=34 advent-underaccept=15 compiler-timeout=1 reference-disagreement=1934 same=28966 tree-difference=1
[30960/100000] reference-disagreement wide:trailing-closure:newline+newline+newline:real:DiagnosticExtensions:23 len=933 artifacts=50 advent-overaccept=34 advent-underaccept=15 compiler-timeout=1 reference-disagreement=1935 same=28974 tree-difference=1
[30980/100000] reference-disagreement wide:func-body:glue+block-comment+line-comment:attribute:testBackDeployed#6 len=144 artifacts=50 advent-overaccept=34 advent-underaccept=15 compiler-timeout=1 reference-disagreement=1936 same=28993 tree-difference=1
[31000/100000] same wide:after-statement:splice+splice:real:MacroExpansionDiagnosticMessages:81 len=285 artifacts=50 advent-overaccept=34 advent-underaccept=15 compiler-timeout=1 reference-disagreement=1936 same=29013 tree-difference=1
[31017/100000] reference-disagreement keypath-component-matrix len=38 artifacts=50 advent-overaccept=34 advent-underaccept=15 compiler-timeout=1 reference-disagreement=1937 same=29029 tree-difference=1
[31020/100000] reference-disagreement wide:func-body:glue+duplicate:real:Names:19 len=940 artifacts=50 advent-overaccept=34 advent-underaccept=15 compiler-timeout=1 reference-disagreement=1938 same=29031 tree-difference=1
[31043/100000] reference-disagreement wide:func-body:duplicate+block-comment:statement:testSwitch#3+real:Parameters:25 len=189 artifacts=50 advent-overaccept=34 advent-underaccept=15 compiler-timeout=1 reference-disagreement=1939 same=29053 tree-difference=1
[31077/100000] reference-disagreement wide:extension-member:space:real:SyntaxText:242 len=354 artifacts=50 advent-overaccept=34 advent-underaccept=15 compiler-timeout=1 reference-disagreement=1940 same=29086 tree-difference=1
[31110/100000] reference-disagreement wide:struct-member:raw:translated:testDeprecatedWhere11#1 len=255 artifacts=50 advent-overaccept=34 advent-underaccept=15 compiler-timeout=1 reference-disagreement=1941 same=29118 tree-difference=1
[31128/100000] reference-disagreement keypath-boundary len=33 artifacts=50 advent-overaccept=34 advent-underaccept=15 compiler-timeout=1 reference-disagreement=1942 same=29135 tree-difference=1
[31174/100000] reference-disagreement wide:trailing-closure:splice+newline:real:MissingNodesError:26 len=139 artifacts=50 advent-overaccept=34 advent-underaccept=15 compiler-timeout=1 reference-disagreement=1943 same=29180 tree-difference=1
[31176/100000] reference-disagreement wide:top:duplicate+newline:real:ResultBuilders:89 len=178 artifacts=50 advent-overaccept=34 advent-underaccept=15 compiler-timeout=1 reference-disagreement=1944 same=29181 tree-difference=1
[31190/100000] reference-disagreement wide:closure:line-comment+newline+space:real:ConvenienceInitializers:237 len=473 artifacts=50 advent-overaccept=34 advent-underaccept=15 compiler-timeout=1 reference-disagreement=1945 same=29194 tree-difference=1
[31196/100000] reference-disagreement wide:closure:newline:phase2-literal:dict-one+real:ScopeSyntax:51 len=847 artifacts=50 advent-overaccept=34 advent-underaccept=15 compiler-timeout=1 reference-disagreement=1946 same=29199 tree-difference=1
[31200/100000] reference-disagreement attribute-ifconfig-elseif-list len=113 artifacts=50 advent-overaccept=34 advent-underaccept=15 compiler-timeout=1 reference-disagreement=1947 same=29202 tree-difference=1
[31227/100000] reference-disagreement wide:extension-member:raw:real:Declarations:19 len=590 artifacts=50 advent-overaccept=34 advent-underaccept=15 compiler-timeout=1 reference-disagreement=1948 same=29228 tree-difference=1
[31238/100000] reference-disagreement wide:extension-member:block-comment:real:SyntaxEditUtils:70+translated:testOperatorDeclDesignatedTypes8#1 len=792 artifacts=50 advent-overaccept=34 advent-underaccept=15 compiler-timeout=1 reference-disagreement=1949 same=29238 tree-difference=1
[31242/100000] reference-disagreement attribute-ifconfig-elseif-list len=133 artifacts=50 advent-overaccept=34 advent-underaccept=15 compiler-timeout=1 reference-disagreement=1950 same=29241 tree-difference=1
[31244/100000] reference-disagreement wide:func-body:glue+newline:real:Expressions:1434+translated:testForwardSlashRegex14#1 len=790 artifacts=50 advent-overaccept=34 advent-underaccept=15 compiler-timeout=1 reference-disagreement=1951 same=29242 tree-difference=1
[31250/100000] same frontier:protocol-accessor-shape len=77 artifacts=50 advent-overaccept=34 advent-underaccept=15 compiler-timeout=1 reference-disagreement=1951 same=29248 tree-difference=1
[31251/100000] reference-disagreement tspl-divergence-protocol-body len=317 artifacts=50 advent-overaccept=34 advent-underaccept=15 compiler-timeout=1 reference-disagreement=1952 same=29248 tree-difference=1
[31261/100000] reference-disagreement member-list-wide-boundary len=397 artifacts=50 advent-overaccept=34 advent-underaccept=15 compiler-timeout=1 reference-disagreement=1953 same=29257 tree-difference=1
[31273/100000] reference-disagreement wide:extension-member:keyword+line-comment+block-comment:real:Attributes:993 len=970 artifacts=50 advent-overaccept=34 advent-underaccept=15 compiler-timeout=1 reference-disagreement=1954 same=29268 tree-difference=1
[31289/100000] reference-disagreement attribute-ifconfig-elseif-list len=130 artifacts=50 advent-overaccept=34 advent-underaccept=15 compiler-timeout=1 reference-disagreement=1955 same=29283 tree-difference=1
[31310/100000] reference-disagreement member-list-wide-boundary len=422 artifacts=50 advent-overaccept=34 advent-underaccept=15 compiler-timeout=1 reference-disagreement=1956 same=29303 tree-difference=1
[31344/100000] reference-disagreement wide:ifconfig:newline+delete:real:Convenience:128 len=295 artifacts=50 advent-overaccept=34 advent-underaccept=15 compiler-timeout=1 reference-disagreement=1957 same=29336 tree-difference=1
[31366/100000] reference-disagreement wide:extension-member:keyword+glue:real:SyntaxTraits:824 len=68 artifacts=50 advent-overaccept=34 advent-underaccept=15 compiler-timeout=1 reference-disagreement=1958 same=29357 tree-difference=1
[31370/100000] reference-disagreement grammarish-member-list len=296 artifacts=50 advent-overaccept=34 advent-underaccept=15 compiler-timeout=1 reference-disagreement=1959 same=29360 tree-difference=1
[31380/100000] reference-disagreement wide:closure:newline+delete:reject:testCoroutineAccessors#2 len=90 artifacts=50 advent-overaccept=34 advent-underaccept=15 compiler-timeout=1 reference-disagreement=1960 same=29369 tree-difference=1
[31394/100000] reference-disagreement tspl-divergence-protocol-body len=331 artifacts=50 advent-overaccept=34 advent-underaccept=15 compiler-timeout=1 reference-disagreement=1961 same=29382 tree-difference=1
[31404/100000] reference-disagreement tspl-divergence-protocol-body len=165 artifacts=50 advent-overaccept=34 advent-underaccept=15 compiler-timeout=1 reference-disagreement=1962 same=29391 tree-difference=1
[31412/100000] reference-disagreement ifconfig-member-context-boundary len=77 artifacts=50 advent-overaccept=34 advent-underaccept=15 compiler-timeout=1 reference-disagreement=1963 same=29398 tree-difference=1
[31423/100000] reference-disagreement tspl-divergence-protocol-body len=102 artifacts=50 advent-overaccept=34 advent-underaccept=15 compiler-timeout=1 reference-disagreement=1964 same=29408 tree-difference=1
[31437/100000] reference-disagreement wide:closure:space+newline:real:MacroExpansion:549 len=557 artifacts=50 advent-overaccept=34 advent-underaccept=15 compiler-timeout=1 reference-disagreement=1965 same=29421 tree-difference=1
[31459/100000] reference-disagreement wide:trailing-closure:raw:real:SwiftSyntaxCompatibility:460 len=56 artifacts=50 advent-overaccept=34 advent-underaccept=15 compiler-timeout=1 reference-disagreement=1966 same=29442 tree-difference=1
[31466/100000] reference-disagreement wide:closure:newline+glue+block-comment:real:DeclSyntaxParseable:44 len=80 artifacts=50 advent-overaccept=34 advent-underaccept=15 compiler-timeout=1 reference-disagreement=1967 same=29448 tree-difference=1
[31469/100000] reference-disagreement tspl-divergence-protocol-body len=213 artifacts=50 advent-overaccept=34 advent-underaccept=15 compiler-timeout=1 reference-disagreement=1968 same=29450 tree-difference=1
[31471/100000] reference-disagreement wide:func-body:raw:real:SyntaxNodeWithBody:98 len=63 artifacts=50 advent-overaccept=34 advent-underaccept=15 compiler-timeout=1 reference-disagreement=1969 same=29451 tree-difference=1
[31489/100000] reference-disagreement keypath-boundary len=44 artifacts=50 advent-overaccept=34 advent-underaccept=15 compiler-timeout=1 reference-disagreement=1970 same=29468 tree-difference=1
[31491/100000] reference-disagreement binding-pattern len=458 artifacts=50 advent-overaccept=34 advent-underaccept=15 compiler-timeout=1 reference-disagreement=1971 same=29469 tree-difference=1
[31500/100000] same wide:after-statement:swap:real:BuildableNodes:740 len=1083 artifacts=50 advent-overaccept=34 advent-underaccept=15 compiler-timeout=1 reference-disagreement=1971 same=29478 tree-difference=1
[31595/100000] reference-disagreement statement-list len=602 artifacts=50 advent-overaccept=34 advent-underaccept=15 compiler-timeout=1 reference-disagreement=1972 same=29572 tree-difference=1
[31603/100000] reference-disagreement grammarish-member-list len=288 artifacts=50 advent-overaccept=34 advent-underaccept=15 compiler-timeout=1 reference-disagreement=1973 same=29579 tree-difference=1
[31620/100000] reference-disagreement grammarish-member-list len=394 artifacts=50 advent-overaccept=34 advent-underaccept=15 compiler-timeout=1 reference-disagreement=1974 same=29595 tree-difference=1
[31623/100000] reference-disagreement tspl-divergence-protocol-body len=203 artifacts=50 advent-overaccept=34 advent-underaccept=15 compiler-timeout=1 reference-disagreement=1975 same=29597 tree-difference=1
[31657/100000] reference-disagreement tspl-divergence-protocol-body len=234 artifacts=50 advent-overaccept=34 advent-underaccept=15 compiler-timeout=1 reference-disagreement=1976 same=29630 tree-difference=1
[31719/100000] reference-disagreement wide:func-body:glue+line-comment+newline:real:StaticBuildConfiguration:427 len=247 artifacts=50 advent-overaccept=34 advent-underaccept=15 compiler-timeout=1 reference-disagreement=1977 same=29691 tree-difference=1
[31724/100000] reference-disagreement tspl-divergence-protocol-body len=171 artifacts=50 advent-overaccept=34 advent-underaccept=15 compiler-timeout=1 reference-disagreement=1978 same=29695 tree-difference=1
[31737/100000] reference-disagreement wide:ifconfig:glue:translated:testOperatorDeclDesignatedTypes6#1 len=181 artifacts=50 advent-overaccept=34 advent-underaccept=15 compiler-timeout=1 reference-disagreement=1979 same=29707 tree-difference=1
[31750/100000] same generic-decl len=42 artifacts=50 advent-overaccept=34 advent-underaccept=15 compiler-timeout=1 reference-disagreement=1979 same=29720 tree-difference=1
[31751/100000] reference-disagreement wide:struct-member:line-comment+newline:real:BuildableNodes:1557 len=1269 artifacts=50 advent-overaccept=34 advent-underaccept=15 compiler-timeout=1 reference-disagreement=1980 same=29720 tree-difference=1
[31754/100000] reference-disagreement attribute-boundary len=34 artifacts=50 advent-overaccept=34 advent-underaccept=15 compiler-timeout=1 reference-disagreement=1981 same=29722 tree-difference=1
[31756/100000] reference-disagreement grammarish-member-list len=241 artifacts=50 advent-overaccept=34 advent-underaccept=15 compiler-timeout=1 reference-disagreement=1982 same=29723 tree-difference=1
[31775/100000] reference-disagreement ifconfig-member-context-boundary len=72 artifacts=50 advent-overaccept=34 advent-underaccept=15 compiler-timeout=1 reference-disagreement=1983 same=29741 tree-difference=1
[31785/100000] reference-disagreement keypath-boundary len=37 artifacts=50 advent-overaccept=34 advent-underaccept=15 compiler-timeout=1 reference-disagreement=1984 same=29750 tree-difference=1
[31798/100000] reference-disagreement wide:closure:glue:real:SyntaxExpressibleByStringInterpolationConformances:28 len=183 artifacts=50 advent-overaccept=34 advent-underaccept=15 compiler-timeout=1 reference-disagreement=1985 same=29762 tree-difference=1
[31812/100000] reference-disagreement wide:trailing-closure:newline:real:CallLikeSyntax:29+real:Statements:387 len=523 artifacts=50 advent-overaccept=34 advent-underaccept=15 compiler-timeout=1 reference-disagreement=1986 same=29775 tree-difference=1
[31830/100000] reference-disagreement tspl-divergence-protocol-body len=181 artifacts=50 advent-overaccept=34 advent-underaccept=15 compiler-timeout=1 reference-disagreement=1987 same=29792 tree-difference=1
[31832/100000] reference-disagreement attribute-ifconfig-elseif-list len=119 artifacts=50 advent-overaccept=34 advent-underaccept=15 compiler-timeout=1 reference-disagreement=1988 same=29793 tree-difference=1
[31849/100000] reference-disagreement binding-pattern len=458 artifacts=50 advent-overaccept=34 advent-underaccept=15 compiler-timeout=1 reference-disagreement=1989 same=29809 tree-difference=1
[31869/100000] reference-disagreement attribute-ifconfig-elseif-list len=127 artifacts=50 advent-overaccept=34 advent-underaccept=15 compiler-timeout=1 reference-disagreement=1990 same=29828 tree-difference=1
[31905/100000] reference-disagreement wide:func-body:raw:real:SyntaxTraits:506 len=453 artifacts=50 advent-overaccept=34 advent-underaccept=15 compiler-timeout=1 reference-disagreement=1991 same=29863 tree-difference=1
[31915/100000] reference-disagreement wide:trailing-closure:raw:declaration:testModifiedParameter#2+translated:testSelfRebinding3#1 len=240 artifacts=50 advent-overaccept=34 advent-underaccept=15 compiler-timeout=1 reference-disagreement=1992 same=29872 tree-difference=1
[31977/100000] reference-disagreement statement-list len=595 artifacts=50 advent-overaccept=34 advent-underaccept=15 compiler-timeout=1 reference-disagreement=1993 same=29933 tree-difference=1
[31999/100000] reference-disagreement wide:after-statement:newline:declaration:testCoroutineAccessors#1 len=89 artifacts=50 advent-overaccept=34 advent-underaccept=15 compiler-timeout=1 reference-disagreement=1994 same=29954 tree-difference=1
[32000/100000] same wide:after-statement:block-comment+space+line-comment:real:ResultBuilders:163 len=160 artifacts=50 advent-overaccept=34 advent-underaccept=15 compiler-timeout=1 reference-disagreement=1994 same=29955 tree-difference=1
[32008/100000] reference-disagreement member-list-wide-boundary len=430 artifacts=50 advent-overaccept=34 advent-underaccept=15 compiler-timeout=1 reference-disagreement=1995 same=29962 tree-difference=1
[32039/100000] advent-overaccept wide:struct-member:glue+splice+glue:declaration:testUsing#6 len=25 artifacts=51 advent-overaccept=35 advent-underaccept=15 compiler-timeout=1 reference-disagreement=1995 same=29992 tree-difference=1
[32051/100000] reference-disagreement wide:extension-member:line-comment:translated:testInitDeinit20#1+real:Declarations:19 len=653 artifacts=51 advent-overaccept=35 advent-underaccept=15 compiler-timeout=1 reference-disagreement=1996 same=30003 tree-difference=1
[32071/100000] reference-disagreement tspl-divergence-protocol-body len=178 artifacts=51 advent-overaccept=35 advent-underaccept=15 compiler-timeout=1 reference-disagreement=1997 same=30022 tree-difference=1
[32084/100000] reference-disagreement member-list-wide-boundary len=149 artifacts=51 advent-overaccept=35 advent-underaccept=15 compiler-timeout=1 reference-disagreement=1998 same=30034 tree-difference=1
[32097/100000] reference-disagreement tspl-divergence-protocol-body len=184 artifacts=51 advent-overaccept=35 advent-underaccept=15 compiler-timeout=1 reference-disagreement=1999 same=30046 tree-difference=1
[32106/100000] reference-disagreement wide:extension-member:glue:real:Macros:245 len=559 artifacts=51 advent-overaccept=35 advent-underaccept=15 compiler-timeout=1 reference-disagreement=2000 same=30054 tree-difference=1
[32141/100000] reference-disagreement wide:after-statement:newline:translated:testUnknownPlatform5#1 len=102 artifacts=51 advent-overaccept=35 advent-underaccept=15 compiler-timeout=1 reference-disagreement=2001 same=30088 tree-difference=1
[32146/100000] reference-disagreement attribute-ifconfig-elseif-list len=129 artifacts=51 advent-overaccept=35 advent-underaccept=15 compiler-timeout=1 reference-disagreement=2002 same=30092 tree-difference=1
[32180/100000] reference-disagreement wide:func-body:raw:real:MigrateToNewIfLetSyntax:41 len=1472 artifacts=51 advent-overaccept=35 advent-underaccept=15 compiler-timeout=1 reference-disagreement=2003 same=30125 tree-difference=1
[32186/100000] reference-disagreement cast-try-operator-cluster len=24 artifacts=51 advent-overaccept=35 advent-underaccept=15 compiler-timeout=1 reference-disagreement=2004 same=30130 tree-difference=1
[32189/100000] reference-disagreement tspl-divergence-protocol-body len=171 artifacts=51 advent-overaccept=35 advent-underaccept=15 compiler-timeout=1 reference-disagreement=2005 same=30132 tree-difference=1
[32239/100000] reference-disagreement attribute-ifconfig-elseif-list len=115 artifacts=51 advent-overaccept=35 advent-underaccept=15 compiler-timeout=1 reference-disagreement=2006 same=30181 tree-difference=1
[32242/100000] reference-disagreement wide:func-body:duplicate:real:ScopeSyntax:51 len=828 artifacts=51 advent-overaccept=35 advent-underaccept=15 compiler-timeout=1 reference-disagreement=2007 same=30183 tree-difference=1
[32250/100000] same frontier:statement-member-context len=73 artifacts=51 advent-overaccept=35 advent-underaccept=15 compiler-timeout=1 reference-disagreement=2007 same=30191 tree-difference=1
[32251/100000] reference-disagreement wide:trailing-closure:space+line-comment:real:SyntaxTraits:692 len=113 artifacts=51 advent-overaccept=35 advent-underaccept=15 compiler-timeout=1 reference-disagreement=2008 same=30191 tree-difference=1
[32256/100000] advent-underaccept wide:struct-member:newline+newline:reject:testAccessLevelModifier#1 len=299 artifacts=51 advent-overaccept=35 advent-underaccept=16 compiler-timeout=1 reference-disagreement=2008 same=30195 tree-difference=1
[32280/100000] reference-disagreement declaration-modifier-stack len=34 artifacts=51 advent-overaccept=35 advent-underaccept=16 compiler-timeout=1 reference-disagreement=2009 same=30218 tree-difference=1
[32287/100000] reference-disagreement wide:closure:raw:translated:testOriginalDefinedInAttr11#1 len=136 artifacts=51 advent-overaccept=35 advent-underaccept=16 compiler-timeout=1 reference-disagreement=2010 same=30224 tree-difference=1
[32294/100000] reference-disagreement wide:struct-member:splice+newline:real:Parameters:36 len=68 artifacts=51 advent-overaccept=35 advent-underaccept=16 compiler-timeout=1 reference-disagreement=2011 same=30230 tree-difference=1
[32295/100000] reference-disagreement wide:struct-member:raw:real:ResultBuilders:654 len=181 artifacts=51 advent-overaccept=35 advent-underaccept=16 compiler-timeout=1 reference-disagreement=2012 same=30230 tree-difference=1
[32299/100000] reference-disagreement tspl-divergence-protocol-body len=116 artifacts=51 advent-overaccept=35 advent-underaccept=16 compiler-timeout=1 reference-disagreement=2013 same=30233 tree-difference=1
[32314/100000] reference-disagreement member-list-wide-boundary len=198 artifacts=51 advent-overaccept=35 advent-underaccept=16 compiler-timeout=1 reference-disagreement=2014 same=30247 tree-difference=1
[32320/100000] reference-disagreement ifconfig-member-context-boundary len=77 artifacts=51 advent-overaccept=35 advent-underaccept=16 compiler-timeout=1 reference-disagreement=2015 same=30252 tree-difference=1
[32325/100000] reference-disagreement grammarish-member-list len=257 artifacts=51 advent-overaccept=35 advent-underaccept=16 compiler-timeout=1 reference-disagreement=2016 same=30256 tree-difference=1
[32328/100000] reference-disagreement wide:after-statement:glue:translated:testTypeExpr5#1 len=45 artifacts=51 advent-overaccept=35 advent-underaccept=16 compiler-timeout=1 reference-disagreement=2017 same=30258 tree-difference=1
[32333/100000] reference-disagreement wide:func-body:newline:real:SyntaxExpressibleByStringInterpolationConformances:163+declaration:testParseDynamicReplacement#4 len=259 artifacts=51 advent-overaccept=35 advent-underaccept=16 compiler-timeout=1 reference-disagreement=2018 same=30262 tree-difference=1
[32340/100000] reference-disagreement wide:closure:raw:real:ArenaAllocatedBuffer:20+real:Trivia:203 len=1007 artifacts=51 advent-overaccept=35 advent-underaccept=16 compiler-timeout=1 reference-disagreement=2019 same=30268 tree-difference=1
[32364/100000] reference-disagreement tspl-divergence-protocol-body len=97 artifacts=51 advent-overaccept=35 advent-underaccept=16 compiler-timeout=1 reference-disagreement=2020 same=30291 tree-difference=1
[32377/100000] reference-disagreement statement-list len=617 artifacts=51 advent-overaccept=35 advent-underaccept=16 compiler-timeout=1 reference-disagreement=2021 same=30303 tree-difference=1
[32393/100000] reference-disagreement keypath-component-matrix len=55 artifacts=51 advent-overaccept=35 advent-underaccept=16 compiler-timeout=1 reference-disagreement=2022 same=30318 tree-difference=1
[32413/100000] reference-disagreement tspl-divergence-protocol-body len=180 artifacts=51 advent-overaccept=35 advent-underaccept=16 compiler-timeout=1 reference-disagreement=2023 same=30337 tree-difference=1
[32430/100000] reference-disagreement wide:closure:raw:real:ResultBuilders:297 len=208 artifacts=51 advent-overaccept=35 advent-underaccept=16 compiler-timeout=1 reference-disagreement=2024 same=30353 tree-difference=1
[32433/100000] reference-disagreement wide:func-body:raw:real:ParserDiagnosticMessages:570 len=324 artifacts=51 advent-overaccept=35 advent-underaccept=16 compiler-timeout=1 reference-disagreement=2025 same=30355 tree-difference=1
[32450/100000] reference-disagreement attribute-ifconfig-elseif-list len=106 artifacts=51 advent-overaccept=35 advent-underaccept=16 compiler-timeout=1 reference-disagreement=2026 same=30371 tree-difference=1
[32482/100000] reference-disagreement wide:ifconfig:block-comment+newline:declaration:testInitializerWithReturnType#2 len=41 artifacts=51 advent-overaccept=35 advent-underaccept=16 compiler-timeout=1 reference-disagreement=2027 same=30402 tree-difference=1
[32499/100000] reference-disagreement wide:closure:keyword+space:real:Indenter:34 len=786 artifacts=51 advent-overaccept=35 advent-underaccept=16 compiler-timeout=1 reference-disagreement=2028 same=30418 tree-difference=1
[32500/100000] same wide:ifconfig:duplicate+space:translated:testTypeExpr25c#1 len=48 artifacts=51 advent-overaccept=35 advent-underaccept=16 compiler-timeout=1 reference-disagreement=2028 same=30419 tree-difference=1
[32504/100000] reference-disagreement wide:func-body:block-comment:real:SwiftSyntaxCompatibility:747 len=919 artifacts=51 advent-overaccept=35 advent-underaccept=16 compiler-timeout=1 reference-disagreement=2029 same=30422 tree-difference=1
[32542/100000] reference-disagreement wide:trailing-closure:line-comment:real:IndentationUtils:33 len=810 artifacts=51 advent-overaccept=35 advent-underaccept=16 compiler-timeout=1 reference-disagreement=2030 same=30459 tree-difference=1
[32566/100000] reference-disagreement tspl-divergence-protocol-body len=152 artifacts=51 advent-overaccept=35 advent-underaccept=16 compiler-timeout=1 reference-disagreement=2031 same=30482 tree-difference=1
[32568/100000] reference-disagreement cast-try-operator-cluster len=24 artifacts=51 advent-overaccept=35 advent-underaccept=16 compiler-timeout=1 reference-disagreement=2032 same=30483 tree-difference=1
[32569/100000] reference-disagreement tspl-divergence-protocol-body len=90 artifacts=51 advent-overaccept=35 advent-underaccept=16 compiler-timeout=1 reference-disagreement=2033 same=30483 tree-difference=1
[32585/100000] reference-disagreement seed-corpus-wrapped:contextual-await-member len=72 artifacts=51 advent-overaccept=35 advent-underaccept=16 compiler-timeout=1 reference-disagreement=2034 same=30498 tree-differ