wide corpus: 4594 entries, 50% of inputs
frontier lanes: 20% of inputs
interesting corpus: 0 entries, 0% of inputs
run: /Users/janwillem/Developer/Xcode/ApusApus/SwiftSyntaxFuzzer/runs/worker-5/2026-10-07T08-39-21Z
seed: 13064010816016726416
iterations: 100000
probe mode: persistent
seed corpus: /Users/janwillem/Developer/Xcode/ApusApus/SwiftSyntaxFuzzer/seeds/known-problems.txt (63 entries)
artifact cap: 10000 files, 1024 MB
artifact statuses: advent-no-generated-tree,advent-overaccept,advent-underaccept,crash,invalid-probe-output,probe-error,residual-ambiguity,timeout,tree-difference
artifact cap per status: 500
artifact dedupe: signal
interesting passes: /Users/janwillem/Developer/Xcode/ApusApus/SwiftSyntaxFuzzer/runs/worker-5/2026-10-07T08-39-21Z/interesting.jsonl (cap 2000)
[1/100000] same wide:extension-member:raw:statement:testReturn#3 len=25 artifacts=0 same=1
[24/100000] reference-disagreement attribute-ifconfig-elseif-list len=123 artifacts=0 reference-disagreement=1 same=23
[49/100000] reference-disagreement wide:extension-member:raw:real:ConfiguredRegions:102 len=332 artifacts=0 reference-disagreement=2 same=47
[85/100000] reference-disagreement wide:top:raw:attribute:testABIAttribute#15+translated:testTypeExpr4#1 len=118 artifacts=0 reference-disagreement=3 same=82
[89/100000] reference-disagreement binding-pattern len=458 artifacts=0 reference-disagreement=4 same=85
[110/100000] reference-disagreement wide:extension-member:space:real:SyntaxTraits:453+translated:testEnum83#1 len=160 artifacts=0 reference-disagreement=5 same=105
[112/100000] reference-disagreement tspl-divergence-protocol-body len=217 artifacts=0 reference-disagreement=6 same=106
[127/100000] reference-disagreement wide:struct-member:line-comment+block-comment:translated:testSwitch31#1+real:IdentifiableSyntax:58 len=152 artifacts=0 reference-disagreement=7 same=120
[128/100000] reference-disagreement wide:func-body:newline+line-comment+newline:real:MissingNodeInitializers:119 len=231 artifacts=0 reference-disagreement=8 same=120
[150/100000] reference-disagreement wide:top:keyword+newline+block-comment:expression:testBorrowExpression#2 len=29 artifacts=0 reference-disagreement=9 same=141
[151/100000] reference-disagreement wide:struct-member:keyword+keyword:real:SyntaxExpressibleByStringInterpolationConformances:133 len=51 artifacts=0 reference-disagreement=10 same=141
[152/100000] advent-overaccept wide:extension-member:space+newline:type:testLifetimeSpecifier#4+real:LibraryPluginProvider:148 len=701 artifacts=1 advent-overaccept=1 reference-disagreement=10 same=141
[177/100000] reference-disagreement wide:closure:raw:real:RegexLiteralLexer:348+real:Expressions:2820 len=1108 artifacts=1 advent-overaccept=1 reference-disagreement=11 same=165
[189/100000] reference-disagreement wide:trailing-closure:newline:real:MissingNodeInitializers:13 len=281 artifacts=1 advent-overaccept=1 reference-disagreement=12 same=176
[227/100000] tree-difference wide:ifconfig:glue+block-comment+newline:type:testNonisolatedSpecifier#8 len=97 artifacts=2 advent-overaccept=1 reference-disagreement=12 same=213 tree-difference=1
[228/100000] reference-disagreement statement-list len=620 artifacts=2 advent-overaccept=1 reference-disagreement=13 same=213 tree-difference=1
[237/100000] reference-disagreement tspl-divergence-accessor-commitment len=49 artifacts=2 advent-overaccept=1 reference-disagreement=14 same=221 tree-difference=1
[250/100000] same wide:top:keyword:reject:testModuleSelectorIllFormedModuleNames#16+reject:testMissingDeclarationAfterAttributes#1 len=34 artifacts=2 advent-overaccept=1 reference-disagreement=14 same=234 tree-difference=1
[319/100000] reference-disagreement grammarish-member-list len=428 artifacts=2 advent-overaccept=1 reference-disagreement=15 same=302 tree-difference=1
[331/100000] reference-disagreement tspl-divergence-protocol-body len=98 artifacts=2 advent-overaccept=1 reference-disagreement=16 same=313 tree-difference=1
[397/100000] reference-disagreement wide:extension-member:raw:real:LayoutNodes+Parsable:143 len=208 artifacts=2 advent-overaccept=1 reference-disagreement=17 same=378 tree-difference=1
[409/100000] reference-disagreement keypath-component-matrix len=36 artifacts=2 advent-overaccept=1 reference-disagreement=18 same=389 tree-difference=1
[452/100000] reference-disagreement keypath-boundary len=44 artifacts=2 advent-overaccept=1 reference-disagreement=19 same=431 tree-difference=1
[465/100000] reference-disagreement wide:func-body:newline:real:SyntaxCollections:853 len=503 artifacts=2 advent-overaccept=1 reference-disagreement=20 same=443 tree-difference=1
[496/100000] advent-overaccept wide:struct-member:block-comment:real:SyntaxCollections:278 len=479 artifacts=3 advent-overaccept=2 reference-disagreement=20 same=473 tree-difference=1
[500/100000] same delimiter-recovery-boundary len=23 artifacts=3 advent-overaccept=2 reference-disagreement=20 same=477 tree-difference=1
[511/100000] reference-disagreement tspl-divergence-protocol-body len=109 artifacts=3 advent-overaccept=2 reference-disagreement=21 same=487 tree-difference=1
[531/100000] reference-disagreement member-list-wide-boundary len=109 artifacts=3 advent-overaccept=2 reference-disagreement=22 same=506 tree-difference=1
[542/100000] reference-disagreement tspl-divergence-protocol-body len=190 artifacts=3 advent-overaccept=2 reference-disagreement=23 same=516 tree-difference=1
[547/100000] reference-disagreement wide:trailing-closure:line-comment:real:WarningControlRegions:210 len=436 artifacts=3 advent-overaccept=2 reference-disagreement=24 same=520 tree-difference=1
[556/100000] reference-disagreement wide:top:raw:declaration:testReasyncFunctions#1 len=145 artifacts=3 advent-overaccept=2 reference-disagreement=25 same=528 tree-difference=1
[567/100000] reference-disagreement tspl-divergence-accessor-commitment len=49 artifacts=3 advent-overaccept=2 reference-disagreement=26 same=538 tree-difference=1
[571/100000] reference-disagreement wide:extension-member:newline:real:Syntax+StringInterpolation:269 len=256 artifacts=3 advent-overaccept=2 reference-disagreement=27 same=541 tree-difference=1
[617/100000] reference-disagreement wide:closure:space:translated:testForeachAsync1#1 len=42 artifacts=3 advent-overaccept=2 reference-disagreement=28 same=586 tree-difference=1
[653/100000] reference-disagreement wide:extension-member:newline:real:ResultBuilders:154 len=194 artifacts=3 advent-overaccept=2 reference-disagreement=29 same=621 tree-difference=1
[657/100000] reference-disagreement wide:func-body:space+block-comment:attribute:testMacroRoleNames#4+real:CollectionNodes+Parsable:84 len=654 artifacts=3 advent-overaccept=2 reference-disagreement=30 same=624 tree-difference=1
[659/100000] reference-disagreement tspl-divergence-protocol-body len=264 artifacts=3 advent-overaccept=2 reference-disagreement=31 same=625 tree-difference=1
[674/100000] reference-disagreement wide:before-statement:newline+space+space:translated:testAvailabilityQueryUnavailability30#1 len=152 artifacts=3 advent-overaccept=2 reference-disagreement=32 same=639 tree-difference=1
[697/100000] advent-overaccept wide:ifconfig:raw:real:AbstractSourceLocation:22+reject:testConflictMarkers12#1 len=943 artifacts=4 advent-overaccept=3 reference-disagreement=32 same=661 tree-difference=1
[707/100000] reference-disagreement cast-try-operator-cluster len=24 artifacts=4 advent-overaccept=3 reference-disagreement=33 same=670 tree-difference=1
[711/100000] reference-disagreement wide:extension-member:glue:real:SyntaxExpressibleByStringInterpolationConformances:214 len=88 artifacts=4 advent-overaccept=3 reference-disagreement=34 same=673 tree-difference=1
[736/100000] reference-disagreement grammarish-member-list len=258 artifacts=4 advent-overaccept=3 reference-disagreement=35 same=697 tree-difference=1
[750/100000] reference-disagreement wide:top:line-comment:translated:testSwitch52#1+translated:testOptionalChainLvalues3#1 len=116 artifacts=4 advent-overaccept=3 reference-disagreement=36 same=710 tree-difference=1
[759/100000] reference-disagreement wide:ifconfig:raw:expression:testTryIf2#1+translated:testDebugger2#1 len=121 artifacts=4 advent-overaccept=3 reference-disagreement=37 same=718 tree-difference=1
[768/100000] reference-disagreement wide:func-body:raw:real:OpaqueParameterToGeneric:21 len=171 artifacts=4 advent-overaccept=3 reference-disagreement=38 same=726 tree-difference=1
[778/100000] reference-disagreement tspl-divergence-protocol-body len=151 artifacts=4 advent-overaccept=3 reference-disagreement=39 same=735 tree-difference=1
[810/100000] advent-overaccept wide:ifconfig:newline:type:testLifetimeSpecifier#1 len=44 artifacts=5 advent-overaccept=4 reference-disagreement=39 same=766 tree-difference=1
[828/100000] reference-disagreement keypath-component-matrix len=26 artifacts=5 advent-overaccept=4 reference-disagreement=40 same=783 tree-difference=1
[839/100000] reference-disagreement keypath-component-matrix len=41 artifacts=5 advent-overaccept=4 reference-disagreement=41 same=793 tree-difference=1
[869/100000] reference-disagreement wide:closure:block-comment:real:PackageDependency:91 len=214 artifacts=5 advent-overaccept=4 reference-disagreement=42 same=822 tree-difference=1
[877/100000] reference-disagreement wide:struct-member:raw:real:NameMatcher:418+real:MacroExpansionDiagnosticMessages:19 len=463 artifacts=5 advent-overaccept=4 reference-disagreement=43 same=829 tree-difference=1
[879/100000] reference-disagreement wide:struct-member:block-comment:real:SyntaxTraits:399 len=713 artifacts=5 advent-overaccept=4 reference-disagreement=44 same=830 tree-difference=1
[918/100000] reference-disagreement wide:closure:line-comment+newline:real:RenamedChildrenBuilderCompatibility:460 len=1301 artifacts=5 advent-overaccept=4 reference-disagreement=45 same=868 tree-difference=1
[976/100000] reference-disagreement tspl-divergence-protocol-body len=156 artifacts=5 advent-overaccept=4 reference-disagreement=46 same=925 tree-difference=1
[977/100000] reference-disagreement wide:trailing-closure:raw:real:BodyMacro:45 len=166 artifacts=5 advent-overaccept=4 reference-disagreement=47 same=925 tree-difference=1
[992/100000] reference-disagreement wide:closure:raw:phase4-import:import-kind len=51 artifacts=5 advent-overaccept=4 reference-disagreement=48 same=939 tree-difference=1
[1000/100000] same frontier:generic-member-type-shape len=291 artifacts=5 advent-overaccept=4 reference-disagreement=48 same=947 tree-difference=1
[1022/100000] reference-disagreement tspl-divergence-protocol-body len=89 artifacts=5 advent-overaccept=4 reference-disagreement=49 same=968 tree-difference=1
[1026/100000] reference-disagreement wide:ifconfig:raw:translated:testOperatorDecl17#1 len=91 artifacts=5 advent-overaccept=4 reference-disagreement=50 same=971 tree-difference=1
[1048/100000] reference-disagreement wide:struct-member:raw:real:SyntaxTraits:736 len=62 artifacts=5 advent-overaccept=4 reference-disagreement=51 same=992 tree-difference=1
[1065/100000] reference-disagreement tspl-divergence-protocol-body len=190 artifacts=5 advent-overaccept=4 reference-disagreement=52 same=1008 tree-difference=1
[1084/100000] reference-disagreement wide:closure:newline+line-comment:real:SourceLength:61 len=995 artifacts=5 advent-overaccept=4 reference-disagreement=53 same=1026 tree-difference=1
[1088/100000] reference-disagreement keypath-boundary len=44 artifacts=5 advent-overaccept=4 reference-disagreement=54 same=1029 tree-difference=1
[1107/100000] reference-disagreement wide:closure:delete+duplicate+space:translated:testInitDeinit16#1 len=77 artifacts=5 advent-overaccept=4 reference-disagreement=55 same=1047 tree-difference=1
[1150/100000] reference-disagreement member-list-wide-boundary len=192 artifacts=5 advent-overaccept=4 reference-disagreement=56 same=1089 tree-difference=1
[1155/100000] reference-disagreement attribute-ifconfig-elseif-list len=115 artifacts=5 advent-overaccept=4 reference-disagreement=57 same=1093 tree-difference=1
[1164/100000] reference-disagreement attribute-ifconfig-elseif-list len=115 artifacts=5 advent-overaccept=4 reference-disagreement=58 same=1101 tree-difference=1
[1173/100000] reference-disagreement attribute-ifconfig-elseif-list len=111 artifacts=5 advent-overaccept=4 reference-disagreement=59 same=1109 tree-difference=1
[1178/100000] reference-disagreement wide:closure:keyword+glue+keyword:real:Operator:26 len=247 artifacts=5 advent-overaccept=4 reference-disagreement=60 same=1113 tree-difference=1
[1207/100000] reference-disagreement wide:closure:raw:attribute:testSpecializeWithAvailability#1 len=175 artifacts=5 advent-overaccept=4 reference-disagreement=61 same=1141 tree-difference=1
[1241/100000] reference-disagreement cast-try-operator-cluster len=24 artifacts=5 advent-overaccept=4 reference-disagreement=62 same=1174 tree-difference=1
[1246/100000] reference-disagreement wide:func-body:raw:real:Expressions:1853 len=674 artifacts=5 advent-overaccept=4 reference-disagreement=63 same=1178 tree-difference=1
[1248/100000] reference-disagreement wide:trailing-closure:raw:real:DiagnosticDecorator:69+real:SyntaxExpressibleByStringInterpolationConformances:82 len=809 artifacts=5 advent-overaccept=4 reference-disagreement=64 same=1179 tree-difference=1
[1250/100000] same wide:struct-member:glue+splice:expression:testCollectionLiterals#8 len=69 artifacts=5 advent-overaccept=4 reference-disagreement=64 same=1181 tree-difference=1
[1290/100000] reference-disagreement wide:after-statement:block-comment+block-comment+keyword:declaration:testAttributedMacroExpansionDeclaration#10 len=85 artifacts=5 advent-overaccept=4 reference-disagreement=65 same=1220 tree-difference=1
[1302/100000] reference-disagreement wide:struct-member:raw:real:AddPackageTarget:154 len=818 artifacts=5 advent-overaccept=4 reference-disagreement=66 same=1231 tree-difference=1
[1306/100000] advent-overaccept wide:before-statement:line-comment+glue:translated:testOperatorDeclDesignatedTypes19#1 len=66 artifacts=6 advent-overaccept=5 reference-disagreement=66 same=1234 tree-difference=1
[1339/100000] reference-disagreement binding-pattern len=458 artifacts=6 advent-overaccept=5 reference-disagreement=67 same=1266 tree-difference=1
[1340/100000] reference-disagreement tspl-divergence-protocol-body len=175 artifacts=6 advent-overaccept=5 reference-disagreement=68 same=1266 tree-difference=1
[1345/100000] reference-disagreement wide:trailing-closure:raw:real:Lookahead:85 len=675 artifacts=6 advent-overaccept=5 reference-disagreement=69 same=1270 tree-difference=1
[1386/100000] reference-disagreement tspl-divergence-protocol-body len=81 artifacts=6 advent-overaccept=5 reference-disagreement=70 same=1310 tree-difference=1
[1426/100000] reference-disagreement wide:ifconfig:block-comment:type:testNamedOpaqueReturnTypes#1 len=360 artifacts=6 advent-overaccept=5 reference-disagreement=71 same=1349 tree-difference=1
[1429/100000] reference-disagreement wide:struct-member:splice+newline:real:Parser:848 len=599 artifacts=6 advent-overaccept=5 reference-disagreement=72 same=1351 tree-difference=1
[1437/100000] reference-disagreement wide:ifconfig:raw:declaration:testReferenceToOpenThatLooksLikeDeclarationModifier#1+translated:testIdentifiers1#1 len=79 artifacts=6 advent-overaccept=5 reference-disagreement=73 same=1358 tree-difference=1
[1488/100000] reference-disagreement grammarish-member-list len=213 artifacts=6 advent-overaccept=5 reference-disagreement=74 same=1408 tree-difference=1
[1500/100000] same type-composition-boundary len=179 artifacts=6 advent-overaccept=5 reference-disagreement=74 same=1420 tree-difference=1
[1504/100000] reference-disagreement binding-pattern len=458 artifacts=6 advent-overaccept=5 reference-disagreement=75 same=1423 tree-difference=1
[1577/100000] reference-disagreement wide:func-body:raw:translated:testDiagnoseAvailability7#1 len=108 artifacts=6 advent-overaccept=5 reference-disagreement=76 same=1495 tree-difference=1
[1578/100000] reference-disagreement tspl-divergence-protocol-body len=176 artifacts=6 advent-overaccept=5 reference-disagreement=77 same=1495 tree-difference=1
[1593/100000] reference-disagreement attribute-ifconfig-elseif-list len=118 artifacts=6 advent-overaccept=5 reference-disagreement=78 same=1509 tree-difference=1
[1604/100000] reference-disagreement tspl-divergence-accessor-commitment len=49 artifacts=6 advent-overaccept=5 reference-disagreement=79 same=1519 tree-difference=1
[1613/100000] reference-disagreement tspl-divergence-protocol-body len=141 artifacts=6 advent-overaccept=5 reference-disagreement=80 same=1527 tree-difference=1
[1632/100000] reference-disagreement attribute-ifconfig-elseif-list len=129 artifacts=6 advent-overaccept=5 reference-disagreement=81 same=1545 tree-difference=1
[1645/100000] reference-disagreement wide:closure:raw:real:SyntaxTraits:830 len=73 artifacts=6 advent-overaccept=5 reference-disagreement=82 same=1557 tree-difference=1
[1652/100000] reference-disagreement wide:closure:newline:declaration:testParseDynamicReplacement#2 len=160 artifacts=6 advent-overaccept=5 reference-disagreement=83 same=1563 tree-difference=1
[1664/100000] reference-disagreement member-list-wide-boundary len=195 artifacts=6 advent-overaccept=5 reference-disagreement=84 same=1574 tree-difference=1
[1686/100000] reference-disagreement wide:trailing-closure:glue+duplicate:real:IdentifiableSyntax:40 len=109 artifacts=6 advent-overaccept=5 reference-disagreement=85 same=1595 tree-difference=1
[1726/100000] reference-disagreement statement-list len=530 artifacts=6 advent-overaccept=5 reference-disagreement=86 same=1634 tree-difference=1
[1731/100000] reference-disagreement wide:func-body:glue+newline+block-comment:real:ConvenienceInitializers:88 len=88 artifacts=6 advent-overaccept=5 reference-disagreement=87 same=1638 tree-difference=1
[1750/100000] same frontier:generic-member-type-shape len=283 artifacts=6 advent-overaccept=5 reference-disagreement=87 same=1657 tree-difference=1
[1784/100000] reference-disagreement wide:closure:raw:expression:testKeypathExpression#5+real:SyntaxSynthesis:19 len=219 artifacts=6 advent-overaccept=5 reference-disagreement=88 same=1690 tree-difference=1
[1788/100000] reference-disagreement tspl-divergence-accessor-commitment len=49 artifacts=6 advent-overaccept=5 reference-disagreement=89 same=1693 tree-difference=1
[1795/100000] reference-disagreement wide:top:raw:real:Convenience:44+translated:testDollarIdentifier8#1 len=1181 artifacts=6 advent-overaccept=5 reference-disagreement=90 same=1699 tree-difference=1
[1800/100000] reference-disagreement member-list-wide-boundary len=266 artifacts=6 advent-overaccept=5 reference-disagreement=91 same=1703 tree-difference=1
[1801/100000] reference-disagreement wide:closure:block-comment+line-comment:real:DiagnosticDecorator:69 len=680 artifacts=6 advent-overaccept=5 reference-disagreement=92 same=1703 tree-difference=1
[1804/100000] reference-disagreement wide:func-body:raw:real:Diagnostics:29 len=751 artifacts=6 advent-overaccept=5 reference-disagreement=93 same=1705 tree-difference=1
[1809/100000] reference-disagreement wide:struct-member:block-comment:translated:testDeprecatedWhere5#1 len=287 artifacts=6 advent-overaccept=5 reference-disagreement=94 same=1709 tree-difference=1
[1816/100000] reference-disagreement wide:trailing-closure:glue+newline:translated:testTypeExpr25q#1+real:ExpandEditorPlaceholder:496 len=161 artifacts=6 advent-overaccept=5 reference-disagreement=95 same=1715 tree-difference=1
[1837/100000] reference-disagreement wide:trailing-closure:raw:real:SyntaxExpressibleByStringInterpolationConformances:217 len=164 artifacts=6 advent-overaccept=5 reference-disagreement=96 same=1735 tree-difference=1
[1854/100000] reference-disagreement wide:top:line-comment+space+keyword:real:ParserDiagnosticMessages:665 len=226 artifacts=6 advent-overaccept=5 reference-disagreement=97 same=1751 tree-difference=1
[1857/100000] reference-disagreement tspl-divergence-protocol-body len=193 artifacts=6 advent-overaccept=5 reference-disagreement=98 same=1753 tree-difference=1
[1862/100000] reference-disagreement wide:func-body:raw:translated:testSemicolon8#1 len=29 artifacts=6 advent-overaccept=5 reference-disagreement=99 same=1757 tree-difference=1
[1895/100000] reference-disagreement member-list-wide-boundary len=331 artifacts=6 advent-overaccept=5 reference-disagreement=100 same=1789 tree-difference=1
[1897/100000] reference-disagreement wide:struct-member:duplicate+block-comment:translated:testOperators33#1+real:OperatorError+Diagnostics:56 len=841 artifacts=6 advent-overaccept=5 reference-disagreement=101 same=1790 tree-difference=1
[1941/100000] reference-disagreement wide:ifconfig:glue:translated:testSwitch42#1 len=77 artifacts=6 advent-overaccept=5 reference-disagreement=102 same=1833 tree-difference=1
[1968/100000] reference-disagreement wide:extension-member:newline+newline:real:SyntaxText:250+translated:testAsyncSyntax6#1 len=341 artifacts=6 advent-overaccept=5 reference-disagreement=103 same=1859 tree-difference=1
[1981/100000] reference-disagreement wide:closure:glue:real:PackageTarget:131 len=500 artifacts=6 advent-overaccept=5 reference-disagreement=104 same=1871 tree-difference=1
[1994/100000] reference-disagreement tspl-divergence-accessor-commitment len=78 artifacts=6 advent-overaccept=5 reference-disagreement=105 same=1883 tree-difference=1
[1996/100000] reference-disagreement cast-try-operator-cluster len=24 artifacts=6 advent-overaccept=5 reference-disagreement=106 same=1884 tree-difference=1
[2000/100000] same init-subscript-boundary len=116 artifacts=6 advent-overaccept=5 reference-disagreement=106 same=1888 tree-difference=1
[2006/100000] reference-disagreement wide:closure:raw:real:ParserDiagnosticMessages:791 len=222 artifacts=6 advent-overaccept=5 reference-disagreement=107 same=1893 tree-difference=1
[2012/100000] reference-disagreement tspl-divergence-protocol-body len=156 artifacts=6 advent-overaccept=5 reference-disagreement=108 same=1898 tree-difference=1
[2015/100000] reference-disagreement member-list-wide-boundary len=278 artifacts=6 advent-overaccept=5 reference-disagreement=109 same=1900 tree-difference=1
[2030/100000] reference-disagreement wide:top:duplicate+block-comment+newline:declaration:testCoroutineAccessors#1 len=79 artifacts=6 advent-overaccept=5 reference-disagreement=110 same=1914 tree-difference=1
[2031/100000] reference-disagreement wide:struct-member:raw:real:ResultBuilders:544 len=208 artifacts=6 advent-overaccept=5 reference-disagreement=111 same=1914 tree-difference=1
[2047/100000] reference-disagreement grammarish-member-list len=90 artifacts=6 advent-overaccept=5 reference-disagreement=112 same=1929 tree-difference=1
[2071/100000] reference-disagreement grammarish-member-list len=147 artifacts=6 advent-overaccept=5 reference-disagreement=113 same=1952 tree-difference=1
[2083/100000] reference-disagreement wide:struct-member:raw:real:Parser:438 len=179 artifacts=6 advent-overaccept=5 reference-disagreement=114 same=1963 tree-difference=1
[2098/100000] reference-disagreement attribute-ifconfig-elseif-list len=137 artifacts=6 advent-overaccept=5 reference-disagreement=115 same=1977 tree-difference=1
[2125/100000] reference-disagreement wide:closure:raw:real:SyntaxExpressibleByStringInterpolationConformances:247 len=94 artifacts=6 advent-overaccept=5 reference-disagreement=116 same=2003 tree-difference=1
[2128/100000] reference-disagreement member-list-wide-boundary len=192 artifacts=6 advent-overaccept=5 reference-disagreement=117 same=2005 tree-difference=1
[2177/100000] reference-disagreement wide:trailing-closure:raw:translated:testOriginalDefinedInAttr8#1 len=160 artifacts=6 advent-overaccept=5 reference-disagreement=118 same=2053 tree-difference=1
[2203/100000] reference-disagreement binding-pattern len=458 artifacts=6 advent-overaccept=5 reference-disagreement=119 same=2078 tree-difference=1
[2217/100000] reference-disagreement wide:closure:space:declaration:testImports#3 len=64 artifacts=6 advent-overaccept=5 reference-disagreement=120 same=2091 tree-difference=1
[2245/100000] reference-disagreement wide:trailing-closure:space:translated:testSubscripting17#1+real:Attributes:821 len=540 artifacts=6 advent-overaccept=5 reference-disagreement=121 same=2118 tree-difference=1
[2250/100000] same wide:top:glue+glue+newline:real:ResultBuilders:454 len=177 artifacts=6 advent-overaccept=5 reference-disagreement=121 same=2123 tree-difference=1
[2270/100000] reference-disagreement wide:struct-member:newline+newline+block-comment:translated:testOperatorDeclDesignatedTypes8#1 len=64 artifacts=6 advent-overaccept=5 reference-disagreement=122 same=2142 tree-difference=1
[2273/100000] advent-overaccept wide:before-statement:glue:phase4-keypath:kp-bare-subscript+translated:testFunctionTypeExpr#23 len=56 artifacts=7 advent-overaccept=6 reference-disagreement=122 same=2144 tree-difference=1
[2286/100000] reference-disagreement declaration-modifier-stack len=34 artifacts=7 advent-overaccept=6 reference-disagreement=123 same=2156 tree-difference=1
[2287/100000] reference-disagreement wide:extension-member:space+line-comment:translated:testOperatorDeclDesignatedTypes7#1+attribute:testExpose#1 len=113 artifacts=7 advent-overaccept=6 reference-disagreement=124 same=2156 tree-difference=1
[2295/100000] advent-overaccept wide:before-statement:raw:declaration:testUsing#3 len=29 artifacts=8 advent-overaccept=7 reference-disagreement=124 same=2163 tree-difference=1
[2302/100000] reference-disagreement member-list-wide-boundary len=101 artifacts=8 advent-overaccept=7 reference-disagreement=125 same=2169 tree-difference=1
[2306/100000] reference-disagreement cast-try-operator-cluster len=24 artifacts=8 advent-overaccept=7 reference-disagreement=126 same=2172 tree-difference=1
[2308/100000] reference-disagreement wide:func-body:line-comment:real:ResultBuilders:397 len=134 artifacts=8 advent-overaccept=7 reference-disagreement=127 same=2173 tree-difference=1
[2321/100000] reference-disagreement wide:struct-member:raw:real:SyntaxTraits:734 len=62 artifacts=8 advent-overaccept=7 reference-disagreement=128 same=2185 tree-difference=1
[2327/100000] reference-disagreement attribute-ifconfig-elseif-list len=137 artifacts=8 advent-overaccept=7 reference-disagreement=129 same=2190 tree-difference=1
[2335/100000] reference-disagreement wide:struct-member:block-comment:real:Cursor:409 len=357 artifacts=8 advent-overaccept=7 reference-disagreement=130 same=2197 tree-difference=1
[2338/100000] reference-disagreement attribute-ifconfig-elseif-list len=125 artifacts=8 advent-overaccept=7 reference-disagreement=131 same=2199 tree-difference=1
[2351/100000] reference-disagreement binding-pattern len=458 artifacts=8 advent-overaccept=7 reference-disagreement=132 same=2211 tree-difference=1
[2352/100000] reference-disagreement wide:closure:newline:declaration:testAccessors#2 len=77 artifacts=8 advent-overaccept=7 reference-disagreement=133 same=2211 tree-difference=1
[2377/100000] reference-disagreement wide:func-body:glue+delete+glue:translated:testErrors3#1 len=94 artifacts=8 advent-overaccept=7 reference-disagreement=134 same=2235 tree-difference=1
[2417/100000] reference-disagreement wide:closure:raw:real:ResultBuilders:232 len=208 artifacts=8 advent-overaccept=7 reference-disagreement=135 same=2274 tree-difference=1
[2425/100000] reference-disagreement tspl-divergence-protocol-body len=246 artifacts=8 advent-overaccept=7 reference-disagreement=136 same=2281 tree-difference=1
[2429/100000] reference-disagreement wide:struct-member:newline+glue:real:BuildConfiguration:311 len=326 artifacts=8 advent-overaccept=7 reference-disagreement=137 same=2284 tree-difference=1
[2432/100000] reference-disagreement declaration-modifier-stack len=34 artifacts=8 advent-overaccept=7 reference-disagreement=138 same=2286 tree-difference=1
[2437/100000] reference-disagreement wide:trailing-closure:raw:phase4-pattern:if-case-let-optional+real:SyntaxCollections:431 len=560 artifacts=8 advent-overaccept=7 reference-disagreement=139 same=2290 tree-difference=1
[2442/100000] reference-disagreement wide:struct-member:raw:real:SyntaxClassifier:32 len=541 artifacts=8 advent-overaccept=7 reference-disagreement=140 same=2294 tree-difference=1
[2462/100000] reference-disagreement tspl-divergence-accessor-commitment len=78 artifacts=8 advent-overaccept=7 reference-disagreement=141 same=2313 tree-difference=1
[2466/100000] reference-disagreement member-list-wide-boundary len=294 artifacts=8 advent-overaccept=7 reference-disagreement=142 same=2316 tree-difference=1
[2469/100000] reference-disagreement wide:extension-member:line-comment+space+newline:declaration:testCoroutineAccessors#2 len=159 artifacts=8 advent-overaccept=7 reference-disagreement=143 same=2318 tree-difference=1
[2492/100000] reference-disagreement attribute-ifconfig-elseif-list len=118 artifacts=8 advent-overaccept=7 reference-disagreement=144 same=2340 tree-difference=1
[2500/100000] same frontier:condition-trailing-closure-scope len=505 artifacts=8 advent-overaccept=7 reference-disagreement=144 same=2348 tree-difference=1
[2505/100000] reference-disagreement wide:after-statement:raw:translated:testCompositionTypeExpr#16+declaration:testConstAsArgumentLabel#3 len=74 artifacts=8 advent-overaccept=7 reference-disagreement=145 same=2352 tree-difference=1
[2510/100000] reference-disagreement wide:func-body:line-comment+keyword:real:BuildableNodes:1301 len=1049 artifacts=8 advent-overaccept=7 reference-disagreement=146 same=2356 tree-difference=1
[2524/100000] reference-disagreement grammarish-member-list len=283 artifacts=8 advent-overaccept=7 reference-disagreement=147 same=2369 tree-difference=1
[2533/100000] reference-disagreement binding-pattern len=458 artifacts=8 advent-overaccept=7 reference-disagreement=148 same=2377 tree-difference=1
[2534/100000] reference-disagreement wide:before-statement:line-comment+space+space:attribute:testMacroRoleNames#9 len=82 artifacts=8 advent-overaccept=7 reference-disagreement=149 same=2377 tree-difference=1
[2548/100000] reference-disagreement wide:func-body:space:translated:testRawString20#1+real:SyntaxTraits:772 len=92 artifacts=8 advent-overaccept=7 reference-disagreement=150 same=2390 tree-difference=1
[2582/100000] reference-disagreement wide:func-body:duplicate:translated:testTry19#1 len=124 artifacts=8 advent-overaccept=7 reference-disagreement=151 same=2423 tree-difference=1
[2583/100000] reference-disagreement wide:extension-member:glue+space+newline:real:ParserDiagnosticMessages:44+translated:testInitDeinit21#1 len=139 artifacts=8 advent-overaccept=7 reference-disagreement=152 same=2423 tree-difference=1
[2607/100000] reference-disagreement grammarish-member-list len=110 artifacts=8 advent-overaccept=7 reference-disagreement=153 same=2446 tree-difference=1
[2611/100000] reference-disagreement wide:func-body:raw:real:ResultBuilders:732 len=199 artifacts=8 advent-overaccept=7 reference-disagreement=154 same=2449 tree-difference=1
[2627/100000] reference-disagreement wide:trailing-closure:glue+newline+space:translated:testDeprecatedWhere5#1 len=277 artifacts=8 advent-overaccept=7 reference-disagreement=155 same=2464 tree-difference=1
[2638/100000] reference-disagreement wide:before-statement:raw:type:testTypedThrows#1 len=54 artifacts=8 advent-overaccept=7 reference-disagreement=156 same=2474 tree-difference=1
[2644/100000] reference-disagreement member-list-wide-boundary len=283 artifacts=8 advent-overaccept=7 reference-disagreement=157 same=2479 tree-difference=1
[2666/100000] reference-disagreement grammarish-member-list len=361 artifacts=8 advent-overaccept=7 reference-disagreement=158 same=2500 tree-difference=1
[2679/100000] reference-disagreement func-body len=467 artifacts=8 advent-overaccept=7 reference-disagreement=159 same=2512 tree-difference=1
[2697/100000] reference-disagreement wide:closure:keyword:real:MacroExpansionDiagnosticMessages:45 len=374 artifacts=8 advent-overaccept=7 reference-disagreement=160 same=2529 tree-difference=1
[2714/100000] reference-disagreement wide:extension-member:newline:real:UnicodeScalarExtensions:264 len=258 artifacts=8 advent-overaccept=7 reference-disagreement=161 same=2545 tree-difference=1
[2745/100000] reference-disagreement grammarish-member-list len=275 artifacts=8 advent-overaccept=7 reference-disagreement=162 same=2575 tree-difference=1
[2750/100000] reference-disagreement wide:trailing-closure:newline:real:LocationMarkers:32 len=337 artifacts=8 advent-overaccept=7 reference-disagreement=163 same=2579 tree-difference=1
[2761/100000] reference-disagreement wide:closure:newline:translated:testTry2#1 len=301 artifacts=8 advent-overaccept=7 reference-disagreement=164 same=2589 tree-difference=1
[2781/100000] reference-disagreement wide:extension-member:block-comment+block-comment+newline:translated:testDollarIdentifier1#1+real:SyntaxTraits:772 len=254 artifacts=8 advent-overaccept=7 reference-disagreement=165 same=2608 tree-difference=1
[2787/100000] reference-disagreement keypath-boundary len=37 artifacts=8 advent-overaccept=7 reference-disagreement=166 same=2613 tree-difference=1
[2813/100000] reference-disagreement grammarish-member-list len=300 artifacts=8 advent-overaccept=7 reference-disagreement=167 same=2638 tree-difference=1
[2814/100000] reference-disagreement tspl-divergence-accessor-commitment len=49 artifacts=8 advent-overaccept=7 reference-disagreement=168 same=2638 tree-difference=1
[2824/100000] reference-disagreement wide:closure:line-comment+newline+block-comment:real:SyntaxBaseNodes:23+real:SyntaxTraits:838 len=145 artifacts=8 advent-overaccept=7 reference-disagreement=169 same=2647 tree-difference=1
[2837/100000] reference-disagreement grammarish-member-list len=211 artifacts=8 advent-overaccept=7 reference-disagreement=170 same=2659 tree-difference=1
[2874/100000] reference-disagreement wide:func-body:line-comment+block-comment:phase4-decl:op-precedence+real:Message:29 len=175 artifacts=8 advent-overaccept=7 reference-disagreement=171 same=2695 tree-difference=1
[2894/100000] reference-disagreement wide:struct-member:splice:real:SyntaxExpressibleByStringInterpolationConformances:31 len=53 artifacts=8 advent-overaccept=7 reference-disagreement=172 same=2714 tree-difference=1
[2900/100000] reference-disagreement tspl-divergence-protocol-body len=121 artifacts=8 advent-overaccept=7 reference-disagreement=173 same=2719 tree-difference=1
[2906/100000] reference-disagreement tspl-divergence-protocol-body len=269 artifacts=8 advent-overaccept=7 reference-disagreement=174 same=2724 tree-difference=1
[2908/100000] reference-disagreement tspl-divergence-accessor-commitment len=78 artifacts=8 advent-overaccept=7 reference-disagreement=175 same=2725 tree-difference=1
[2932/100000] reference-disagreement wide:closure:duplicate+space+glue:expression:testTryIf3#1 len=104 artifacts=8 advent-overaccept=7 reference-disagreement=176 same=2748 tree-difference=1
[2943/100000] reference-disagreement wide:struct-member:block-comment+space+glue:real:ActiveSyntaxRewriter:423 len=224 artifacts=8 advent-overaccept=7 reference-disagreement=177 same=2758 tree-difference=1
[2950/100000] reference-disagreement cast-try-operator-cluster len=24 artifacts=8 advent-overaccept=7 reference-disagreement=178 same=2764 tree-difference=1
[2975/100000] reference-disagreement wide:struct-member:glue:real:BuildableNodes:379 len=1047 artifacts=8 advent-overaccept=7 reference-disagreement=179 same=2788 tree-difference=1
[3000/100000] same frontier:statement-member-context len=73 artifacts=8 advent-overaccept=7 reference-disagreement=179 same=2813 tree-difference=1
[3009/100000] reference-disagreement wide:closure:newline+space:real:MacroExpansion:41 len=588 artifacts=8 advent-overaccept=7 reference-disagreement=180 same=2821 tree-difference=1
[3012/100000] reference-disagreement wide:func-body:space+block-comment:real:Trivia+commentValue:149 len=194 artifacts=8 advent-overaccept=7 reference-disagreement=181 same=2823 tree-difference=1
[3036/100000] reference-disagreement member-list-wide-boundary len=219 artifacts=8 advent-overaccept=7 reference-disagreement=182 same=2846 tree-difference=1
[3072/100000] reference-disagreement tspl-divergence-accessor-commitment len=78 artifacts=8 advent-overaccept=7 reference-disagreement=183 same=2881 tree-difference=1
[3075/100000] reference-disagreement wide:trailing-closure:raw:real:MissingNodeInitializers:34 len=143 artifacts=8 advent-overaccept=7 reference-disagreement=184 same=2883 tree-difference=1
[3076/100000] reference-disagreement wide:func-body:newline:real:SyntaxExtensions:198 len=154 artifacts=8 advent-overaccept=7 reference-disagreement=185 same=2883 tree-difference=1
[3089/100000] reference-disagreement grammarish-member-list len=176 artifacts=8 advent-overaccept=7 reference-disagreement=186 same=2895 tree-difference=1
[3099/100000] reference-disagreement tspl-divergence-protocol-body len=163 artifacts=8 advent-overaccept=7 reference-disagreement=187 same=2904 tree-difference=1
[3115/100000] reference-disagreement wide:trailing-closure:newline+newline:real:MacroSystem:1555+real:CustomTraits:57 len=609 artifacts=8 advent-overaccept=7 reference-disagreement=188 same=2919 tree-difference=1
[3119/100000] reference-disagreement tspl-divergence-protocol-body len=184 artifacts=8 advent-overaccept=7 reference-disagreement=189 same=2922 tree-difference=1
[3178/100000] reference-disagreement tspl-divergence-protocol-body len=98 artifacts=8 advent-overaccept=7 reference-disagreement=190 same=2980 tree-difference=1
[3197/100000] reference-disagreement keypath-boundary len=40 artifacts=8 advent-overaccept=7 reference-disagreement=191 same=2998 tree-difference=1
[3201/100000] reference-disagreement wide:closure:glue+splice+keyword:real:Expressions:2835 len=231 artifacts=8 advent-overaccept=7 reference-disagreement=192 same=3001 tree-difference=1
[3237/100000] reference-disagreement wide:closure:raw:real:StandardIOMessageConnection:24+translated:testTypeExpr11#6 len=59 artifacts=8 advent-overaccept=7 reference-disagreement=193 same=3036 tree-difference=1
[3242/100000] reference-disagreement statement-list len=570 artifacts=8 advent-overaccept=7 reference-disagreement=194 same=3040 tree-difference=1
[3244/100000] reference-disagreement grammarish-member-list len=111 artifacts=8 advent-overaccept=7 reference-disagreement=195 same=3041 tree-difference=1
[3250/100000] same frontier:condition-trailing-closure-scope len=489 artifacts=8 advent-overaccept=7 reference-disagreement=195 same=3047 tree-difference=1
[3255/100000] reference-disagreement binding-pattern len=458 artifacts=8 advent-overaccept=7 reference-disagreement=196 same=3051 tree-difference=1
[3263/100000] reference-disagreement cast-try-operator-cluster len=24 artifacts=8 advent-overaccept=7 reference-disagreement=197 same=3058 tree-difference=1
[3299/100000] reference-disagreement wide:struct-member:raw:phase4-loop:subscript+real:LayoutNodes+Parsable:175 len=261 artifacts=8 advent-overaccept=7 reference-disagreement=198 same=3093 tree-difference=1
[3313/100000] reference-disagreement wide:closure:space:real:Syntax+StringInterpolation:263+real:ResultBuilders:306 len=273 artifacts=8 advent-overaccept=7 reference-disagreement=199 same=3106 tree-difference=1
[3319/100000] reference-disagreement attribute-ifconfig-elseif-list len=138 artifacts=8 advent-overaccept=7 reference-disagreement=200 same=3111 tree-difference=1
[3336/100000] reference-disagreement wide:closure:block-comment+keyword+keyword:real:SyntaxClassifier:32 len=540 artifacts=8 advent-overaccept=7 reference-disagreement=201 same=3127 tree-difference=1
[3349/100000] reference-disagreement wide:closure:raw:real:ScopeImplementations:34+translated:testEnum35#1 len=907 artifacts=8 advent-overaccept=7 reference-disagreement=202 same=3139 tree-difference=1
[3360/100000] reference-disagreement wide:closure:raw:real:RawSyntax:444 len=1056 artifacts=8 advent-overaccept=7 reference-disagreement=203 same=3149 tree-difference=1
[3365/100000] reference-disagreement wide:func-body:glue:real:FixIt:103+translated:testTrailingClosures7#1 len=712 artifacts=8 advent-overaccept=7 reference-disagreement=204 same=3153 tree-difference=1
[3366/100000] reference-disagreement tspl-divergence-accessor-commitment len=78 artifacts=8 advent-overaccept=7 reference-disagreement=205 same=3153 tree-difference=1
[3380/100000] reference-disagreement attribute-ifconfig-elseif-list len=115 artifacts=8 advent-overaccept=7 reference-disagreement=206 same=3166 tree-difference=1
[3384/100000] reference-disagreement func-body len=458 artifacts=8 advent-overaccept=7 reference-disagreement=207 same=3169 tree-difference=1
[3393/100000] reference-disagreement member-list-wide-boundary len=273 artifacts=8 advent-overaccept=7 reference-disagreement=208 same=3177 tree-difference=1
[3434/100000] reference-disagreement wide:func-body:newline+space:expression:testKeypathExpression#3+real:FixIt:103 len=700 artifacts=8 advent-overaccept=7 reference-disagreement=209 same=3217 tree-difference=1
[3449/100000] reference-disagreement tspl-divergence-accessor-commitment len=78 artifacts=8 advent-overaccept=7 reference-disagreement=210 same=3231 tree-difference=1
[3451/100000] reference-disagreement wide:before-statement:raw:declaration:testModifiedParameter#3 len=70 artifacts=8 advent-overaccept=7 reference-disagreement=211 same=3232 tree-difference=1
[3456/100000] reference-disagreement binding-pattern len=458 artifacts=8 advent-overaccept=7 reference-disagreement=212 same=3236 tree-difference=1
[3480/100000] reference-disagreement grammarish-member-list len=138 artifacts=8 advent-overaccept=7 reference-disagreement=213 same=3259 tree-difference=1
[3487/100000] advent-overaccept wide:trailing-closure:raw:type:testLifetimeSpecifier#1+translated:testOperatorDeclDesignatedTypes2#1 len=124 artifacts=9 advent-overaccept=8 reference-disagreement=213 same=3265 tree-difference=1
[3494/100000] advent-underaccept wide:closure:newline+block-comment+newline:phase4-keypath:kp-optional-spaced-dot len=60 artifacts=10 advent-overaccept=8 advent-underaccept=1 reference-disagreement=213 same=3271 tree-difference=1
[3500/100000] same wide:top:raw:real:FixIt:103 len=662 artifacts=10 advent-overaccept=8 advent-underaccept=1 reference-disagreement=213 same=3277 tree-difference=1
[3515/100000] reference-disagreement wide:trailing-closure:raw:real:ScopeImplementations:733 len=438 artifacts=10 advent-overaccept=8 advent-underaccept=1 reference-disagreement=214 same=3291 tree-difference=1
[3519/100000] reference-disagreement wide:closure:block-comment+glue:real:DeclSyntaxParseable:59 len=82 artifacts=10 advent-overaccept=8 advent-underaccept=1 reference-disagreement=215 same=3294 tree-difference=1
[3543/100000] advent-overaccept wide:closure:space+block-comment:real:ConvenienceInitializers:219 len=224 artifacts=11 advent-overaccept=9 advent-underaccept=1 reference-disagreement=215 same=3317 tree-difference=1
[3554/100000] reference-disagreement wide:closure:raw:attribute:testDocumentationAttribute#1 len=79 artifacts=11 advent-overaccept=9 advent-underaccept=1 reference-disagreement=216 same=3327 tree-difference=1
[3557/100000] reference-disagreement statement-list len=622 artifacts=11 advent-overaccept=9 advent-underaccept=1 reference-disagreement=217 same=3329 tree-difference=1
[3564/100000] reference-disagreement tspl-divergence-protocol-body len=208 artifacts=11 advent-overaccept=9 advent-underaccept=1 reference-disagreement=218 same=3335 tree-difference=1
[3566/100000] reference-disagreement member-list-wide-boundary len=321 artifacts=11 advent-overaccept=9 advent-underaccept=1 reference-disagreement=219 same=3336 tree-difference=1
[3572/100000] reference-disagreement wide:func-body:block-comment+keyword:real:SyntaxTraits:752 len=66 artifacts=11 advent-overaccept=9 advent-underaccept=1 reference-disagreement=220 same=3341 tree-difference=1
[3590/100000] reference-disagreement ifconfig-member-context-boundary len=71 artifacts=11 advent-overaccept=9 advent-underaccept=1 reference-disagreement=221 same=3358 tree-difference=1
[3592/100000] advent-overaccept wide:closure:raw:declaration:testUsing#11 len=47 artifacts=12 advent-overaccept=10 advent-underaccept=1 reference-disagreement=221 same=3359 tree-difference=1
[3619/100000] reference-disagreement wide:func-body:duplicate:translated:testSelfRebinding4#1+real:FixIt:22 len=390 artifacts=12 advent-overaccept=10 advent-underaccept=1 reference-disagreement=222 same=3385 tree-difference=1
[3647/100000] reference-disagreement tspl-divergence-protocol-body len=159 artifacts=12 advent-overaccept=10 advent-underaccept=1 reference-disagreement=223 same=3412 tree-difference=1
[3653/100000] reference-disagreement member-list-wide-boundary len=139 artifacts=12 advent-overaccept=10 advent-underaccept=1 reference-disagreement=224 same=3417 tree-difference=1
[3665/100000] reference-disagreement wide:trailing-closure:glue+newline+glue:real:IdentifiableSyntax:28 len=127 artifacts=12 advent-overaccept=10 advent-underaccept=1 reference-disagreement=225 same=3428 tree-difference=1
[3670/100000] reference-disagreement wide:struct-member:space+line-comment:real:SwiftParserCompatibility:22+translated:testMatchingPatterns23#1 len=416 artifacts=12 advent-overaccept=10 advent-underaccept=1 reference-disagreement=226 same=3432 tree-difference=1
[3679/100000] reference-disagreement tspl-divergence-protocol-body len=97 artifacts=12 advent-overaccept=10 advent-underaccept=1 reference-disagreement=227 same=3440 tree-difference=1
[3697/100000] reference-disagreement wide:closure:raw:real:SyntaxTraits:860+translated:testForwardSlashRegex133#1 len=83 artifacts=12 advent-overaccept=10 advent-underaccept=1 reference-disagreement=228 same=3457 tree-difference=1
[3698/100000] reference-disagreement keypath-component-matrix len=46 artifacts=12 advent-overaccept=10 advent-underaccept=1 reference-disagreement=229 same=3457 tree-difference=1
[3724/100000] reference-disagreement wide:top:raw:type:testNamedOpaqueReturnTypes#1 len=336 artifacts=12 advent-overaccept=10 advent-underaccept=1 reference-disagreement=230 same=3482 tree-difference=1
[3743/100000] reference-disagreement tspl-divergence-protocol-body len=213 artifacts=12 advent-overaccept=10 advent-underaccept=1 reference-disagreement=231 same=3500 tree-difference=1
[3750/100000] reference-disagreement wide:before-statement:keyword+newline:real:StringLiterals:745+expression:testBorrowExpression#2 len=331 artifacts=12 advent-overaccept=10 advent-underaccept=1 reference-disagreement=232 same=3506 tree-difference=1
[3770/100000] reference-disagreement binding-pattern len=458 artifacts=12 advent-overaccept=10 advent-underaccept=1 reference-disagreement=233 same=3525 tree-difference=1
[3772/100000] reference-disagreement wide:closure:keyword:real:ResultBuilders:137 len=128 artifacts=12 advent-overaccept=10 advent-underaccept=1 reference-disagreement=234 same=3526 tree-difference=1
[3806/100000] reference-disagreement wide:extension-member:newline+block-comment:real:SyntaxTraits:308 len=685 artifacts=12 advent-overaccept=10 advent-underaccept=1 reference-disagreement=235 same=3559 tree-difference=1
[3846/100000] reference-disagreement wide:ifconfig:space:translated:testSwitch32#1 len=538 artifacts=12 advent-overaccept=10 advent-underaccept=1 reference-disagreement=236 same=3598 tree-difference=1
[3855/100000] reference-disagreement wide:closure:raw:real:LocationMarkers:14+phase3-modifier:static-func len=296 artifacts=12 advent-overaccept=10 advent-underaccept=1 reference-disagreement=237 same=3606 tree-difference=1
[3862/100000] reference-disagreement wide:top:duplicate:phase3-type:struct-one-member len=26 artifacts=12 advent-overaccept=10 advent-underaccept=1 reference-disagreement=238 same=3612 tree-difference=1
[3866/100000] reference-disagreement grammarish-member-list len=601 artifacts=12 advent-overaccept=10 advent-underaccept=1 reference-disagreement=239 same=3615 tree-difference=1
[3867/100000] reference-disagreement wide:after-statement:glue+line-comment:statement:testYield#1 len=64 artifacts=12 advent-overaccept=10 advent-underaccept=1 reference-disagreement=240 same=3615 tree-difference=1
[3888/100000] reference-disagreement wide:extension-member:line-comment:translated:testInvalid33#1 len=80 artifacts=12 advent-overaccept=10 advent-underaccept=1 reference-disagreement=241 same=3635 tree-difference=1
[3905/100000] reference-disagreement attribute-ifconfig-elseif-list len=115 artifacts=12 advent-overaccept=10 advent-underaccept=1 reference-disagreement=242 same=3651 tree-difference=1
[3930/100000] reference-disagreement wide:func-body:raw:real:MissingNodeInitializers:42 len=149 artifacts=12 advent-overaccept=10 advent-underaccept=1 reference-disagreement=243 same=3675 tree-difference=1
[3945/100000] reference-disagreement keypath-boundary len=44 artifacts=12 advent-overaccept=10 advent-underaccept=1 reference-disagreement=244 same=3689 tree-difference=1
[3962/100000] reference-disagreement wide:extension-member:newline+splice:real:SyntaxTraits:782 len=139 artifacts=12 advent-overaccept=10 advent-underaccept=1 reference-disagreement=245 same=3705 tree-difference=1
[3970/100000] reference-disagreement grammarish-member-list len=263 artifacts=12 advent-overaccept=10 advent-underaccept=1 reference-disagreement=246 same=3712 tree-difference=1
[3976/100000] reference-disagreement wide:trailing-closure:line-comment+duplicate:real:SyntaxTraits:690 len=72 artifacts=12 advent-overaccept=10 advent-underaccept=1 reference-disagreement=247 same=3717 tree-difference=1
[3994/100000] reference-disagreement wide:top:glue+space+space:reject:testKeypathExpression#2 len=20 artifacts=12 advent-overaccept=10 advent-underaccept=1 reference-disagreement=248 same=3734 tree-difference=1
[3995/100000] advent-overaccept wide:after-statement:keyword+newline:type:testLifetimeSpecifier#1 len=53 artifacts=13 advent-overaccept=11 advent-underaccept=1 reference-disagreement=248 same=3734 tree-difference=1
[4000/100000] same frontier:protocol-accessor-shape len=86 artifacts=13 advent-overaccept=11 advent-underaccept=1 reference-disagreement=248 same=3739 tree-difference=1
[4013/100000] reference-disagreement attribute-ifconfig-elseif-list len=125 artifacts=13 advent-overaccept=11 advent-underaccept=1 reference-disagreement=249 same=3751 tree-difference=1
[4019/100000] reference-disagreement wide:trailing-closure:newline+space:real:StandardIOMessageConnection:27 len=40 artifacts=13 advent-overaccept=11 advent-underaccept=1 reference-disagreement=250 same=3756 tree-difference=1
[4023/100000] reference-disagreement wide:extension-member:space:real:ResultBuilders:180 len=203 artifacts=13 advent-overaccept=11 advent-underaccept=1 reference-disagreement=251 same=3759 tree-difference=1
[4030/100000] reference-disagreement tspl-divergence-protocol-body len=284 artifacts=13 advent-overaccept=11 advent-underaccept=1 reference-disagreement=252 same=3765 tree-difference=1
[4047/100000] reference-disagreement tspl-divergence-accessor-commitment len=49 artifacts=13 advent-overaccept=11 advent-underaccept=1 reference-disagreement=253 same=3781 tree-difference=1
[4065/100000] reference-disagreement wide:trailing-closure:raw:phase4-keypath:kp-optional-spaced-dot+real:Syntax+StringInterpolation:233 len=836 artifacts=13 advent-overaccept=11 advent-underaccept=1 reference-disagreement=254 same=3798 tree-difference=1
[4080/100000] reference-disagreement attribute-boundary len=34 artifacts=13 advent-overaccept=11 advent-underaccept=1 reference-disagreement=255 same=3812 tree-difference=1
[4137/100000] reference-disagreement wide:trailing-closure:keyword:real:StandardIOMessageConnection:183+phase4-string:multiline-2line-indent len=571 artifacts=13 advent-overaccept=11 advent-underaccept=1 reference-disagreement=256 same=3868 tree-difference=1
[4138/100000] reference-disagreement statement-list len=682 artifacts=13 advent-overaccept=11 advent-underaccept=1 reference-disagreement=257 same=3868 tree-difference=1
[4148/100000] reference-disagreement wide:closure:raw:statement:testSwitch#2 len=59 artifacts=13 advent-overaccept=11 advent-underaccept=1 reference-disagreement=258 same=3877 tree-difference=1
[4179/100000] reference-disagreement func-body len=458 artifacts=13 advent-overaccept=11 advent-underaccept=1 reference-disagreement=259 same=3907 tree-difference=1
[4212/100000] reference-disagreement binding-pattern len=458 artifacts=13 advent-overaccept=11 advent-underaccept=1 reference-disagreement=260 same=3939 tree-difference=1
[4234/100000] reference-disagreement wide:trailing-closure:raw:real:CustomTraits:35 len=166 artifacts=13 advent-overaccept=11 advent-underaccept=1 reference-disagreement=261 same=3960 tree-difference=1
[4240/100000] reference-disagreement attribute-ifconfig-elseif-list len=118 artifacts=13 advent-overaccept=11 advent-underaccept=1 reference-disagreement=262 same=3965 tree-difference=1
[4250/100000] same wide:before-statement:keyword+line-comment:declaration:testSuppressedImplicitConformance#6 len=41 artifacts=13 advent-overaccept=11 advent-underaccept=1 reference-disagreement=262 same=3975 tree-difference=1
[4268/100000] reference-disagreement member-list-wide-boundary len=246 artifacts=13 advent-overaccept=11 advent-underaccept=1 reference-disagreement=263 same=3992 tree-difference=1
[4280/100000] advent-overaccept wide:trailing-closure:swap:type:testClosureParsing#3 len=18 artifacts=14 advent-overaccept=12 advent-underaccept=1 reference-disagreement=263 same=4003 tree-difference=1
[4282/100000] reference-disagreement tspl-divergence-accessor-commitment len=49 artifacts=14 advent-overaccept=12 advent-underaccept=1 reference-disagreement=264 same=4004 tree-difference=1
[4289/100000] reference-disagreement tspl-divergence-protocol-body len=168 artifacts=14 advent-overaccept=12 advent-underaccept=1 reference-disagreement=265 same=4010 tree-difference=1
[4294/100000] reference-disagreement wide:ifconfig:delete:real:ResultBuilders:427 len=174 artifacts=14 advent-overaccept=12 advent-underaccept=1 reference-disagreement=266 same=4014 tree-difference=1
[4301/100000] reference-disagreement grammarish-member-list len=210 artifacts=14 advent-overaccept=12 advent-underaccept=1 reference-disagreement=267 same=4020 tree-difference=1
[4312/100000] advent-overaccept wide:trailing-closure:raw:declaration:testUsing#3 len=20 artifacts=15 advent-overaccept=13 advent-underaccept=1 reference-disagreement=267 same=4030 tree-difference=1
[4313/100000] reference-disagreement keypath-boundary len=38 artifacts=15 advent-overaccept=13 advent-underaccept=1 reference-disagreement=268 same=4030 tree-difference=1
[4322/100000] reference-disagreement wide:trailing-closure:space:real:ParserDiagnosticMessages:391 len=241 artifacts=15 advent-overaccept=13 advent-underaccept=1 reference-disagreement=269 same=4038 tree-difference=1
[4334/100000] reference-disagreement attribute-boundary len=43 artifacts=15 advent-overaccept=13 advent-underaccept=1 reference-disagreement=270 same=4049 tree-difference=1
[4345/100000] reference-disagreement member-list-wide-boundary len=148 artifacts=15 advent-overaccept=13 advent-underaccept=1 reference-disagreement=271 same=4059 tree-difference=1
[4349/100000] reference-disagreement wide:closure:block-comment:real:CallLikeSyntax:29 len=95 artifacts=15 advent-overaccept=13 advent-underaccept=1 reference-disagreement=272 same=4062 tree-difference=1
[4351/100000] reference-disagreement statement-list len=567 artifacts=15 advent-overaccept=13 advent-underaccept=1 reference-disagreement=273 same=4063 tree-difference=1
[4416/100000] reference-disagreement wide:func-body:raw:real:SourceLocation:85 len=627 artifacts=15 advent-overaccept=13 advent-underaccept=1 reference-disagreement=274 same=4127 tree-difference=1
[4423/100000] reference-disagreement wide:struct-member:line-comment+block-comment:type:testConvention#1+real:SyntaxTraits:772 len=591 artifacts=15 advent-overaccept=13 advent-underaccept=1 reference-disagreement=275 same=4133 tree-difference=1
[4434/100000] reference-disagreement wide:extension-member:raw:real:RawSyntax:947 len=232 artifacts=15 advent-overaccept=13 advent-underaccept=1 reference-disagreement=276 same=4143 tree-difference=1
[4452/100000] reference-disagreement wide:func-body:splice+newline:attribute:testDerivativeAttribute#4+type:testNonisolatedSpecifier#17 len=104 artifacts=15 advent-overaccept=13 advent-underaccept=1 reference-disagreement=277 same=4160 tree-difference=1
[4461/100000] reference-disagreement wide:trailing-closure:newline:real:Parser:447 len=44 artifacts=15 advent-overaccept=13 advent-underaccept=1 reference-disagreement=278 same=4168 tree-difference=1
[4464/100000] advent-overaccept wide:after-statement:block-comment+space:declaration:testUsing#4+phase4-type:generic-type len=57 artifacts=16 advent-overaccept=14 advent-underaccept=1 reference-disagreement=278 same=4170 tree-difference=1
[4465/100000] reference-disagreement wide:closure:glue+newline+glue:real:SwiftSyntaxCompatibility:1132 len=893 artifacts=16 advent-overaccept=14 advent-underaccept=1 reference-disagreement=279 same=4170 tree-difference=1
[4483/100000] reference-disagreement wide:func-body:space:real:LayoutNodes+Parsable:119 len=209 artifacts=16 advent-overaccept=14 advent-underaccept=1 reference-disagreement=280 same=4187 tree-difference=1
[4484/100000] reference-disagreement member-list-wide-boundary len=110 artifacts=16 advent-overaccept=14 advent-underaccept=1 reference-disagreement=281 same=4187 tree-difference=1
[4500/100000] same wide:top:duplicate:reject:testSwitch16b#1 len=42 artifacts=16 advent-overaccept=14 advent-underaccept=1 reference-disagreement=281 same=4203 tree-difference=1
[4506/100000] reference-disagreement wide:closure:raw:translated:testDeprecatedWhere10#1 len=126 artifacts=16 advent-overaccept=14 advent-underaccept=1 reference-disagreement=282 same=4208 tree-difference=1
[4508/100000] reference-disagreement wide:func-body:raw:real:DeclSyntaxParseable:24 len=74 artifacts=16 advent-overaccept=14 advent-underaccept=1 reference-disagreement=283 same=4209 tree-difference=1
[4512/100000] reference-disagreement tspl-divergence-protocol-body len=164 artifacts=16 advent-overaccept=14 advent-underaccept=1 reference-disagreement=284 same=4212 tree-difference=1
[4539/100000] reference-disagreement cast-try-operator-cluster len=24 artifacts=16 advent-overaccept=14 advent-underaccept=1 reference-disagreement=285 same=4238 tree-difference=1
[4543/100000] reference-disagreement wide:struct-member:raw:real:ResultBuilders:388 len=208 artifacts=16 advent-overaccept=14 advent-underaccept=1 reference-disagreement=286 same=4241 tree-difference=1
[4574/100000] reference-disagreement func-body len=458 artifacts=16 advent-overaccept=14 advent-underaccept=1 reference-disagreement=287 same=4271 tree-difference=1
[4598/100000] reference-disagreement attribute-ifconfig-elseif-list len=140 artifacts=16 advent-overaccept=14 advent-underaccept=1 reference-disagreement=288 same=4294 tree-difference=1
[4621/100000] reference-disagreement wide:closure:glue:attribute:testDocumentationAttribute#3 len=85 artifacts=16 advent-overaccept=14 advent-underaccept=1 reference-disagreement=289 same=4316 tree-difference=1
[4668/100000] reference-disagreement wide:ifconfig:raw:translated:testSwitch17#1 len=61 artifacts=16 advent-overaccept=14 advent-underaccept=1 reference-disagreement=290 same=4362 tree-difference=1
[4679/100000] reference-disagreement tspl-divergence-accessor-commitment len=49 artifacts=16 advent-overaccept=14 advent-underaccept=1 reference-disagreement=291 same=4372 tree-difference=1
[4688/100000] reference-disagreement tspl-divergence-accessor-commitment len=49 artifacts=16 advent-overaccept=14 advent-underaccept=1 reference-disagreement=292 same=4380 tree-difference=1
[4713/100000] reference-disagreement wide:func-body:space:real:SyntaxEnum:920 len=1187 artifacts=16 advent-overaccept=14 advent-underaccept=1 reference-disagreement=293 same=4404 tree-difference=1
[4721/100000] reference-disagreement wide:extension-member:block-comment+glue+splice:phase4-import:import-dotted len=36 artifacts=16 advent-overaccept=14 advent-underaccept=1 reference-disagreement=294 same=4411 tree-difference=1
[4726/100000] reference-disagreement wide:trailing-closure:raw:real:Oracle:168 len=93 artifacts=16 advent-overaccept=14 advent-underaccept=1 reference-disagreement=295 same=4415 tree-difference=1
[4750/100000] reference-disagreement wide:extension-member:raw:translated:testDebugger1#1 len=44 artifacts=16 advent-overaccept=14 advent-underaccept=1 reference-disagreement=296 same=4438 tree-difference=1
[4752/100000] reference-disagreement tspl-divergence-protocol-body len=126 artifacts=16 advent-overaccept=14 advent-underaccept=1 reference-disagreement=297 same=4439 tree-difference=1
[4777/100000] reference-disagreement tspl-divergence-protocol-body len=123 artifacts=16 advent-overaccept=14 advent-underaccept=1 reference-disagreement=298 same=4463 tree-difference=1
[4790/100000] reference-disagreement wide:func-body:newline+splice:real:ResultBuilders:544 len=205 artifacts=16 advent-overaccept=14 advent-underaccept=1 reference-disagreement=299 same=4475 tree-difference=1
[4818/100000] reference-disagreement wide:trailing-closure:splice+keyword+space:real:ExpandEditorPlaceholder:505 len=56 artifacts=16 advent-overaccept=14 advent-underaccept=1 reference-disagreement=300 same=4502 tree-difference=1
[4819/100000] reference-disagreement wide:after-statement:glue+line-comment+block-comment:translated:testSwitch33#1 len=131 artifacts=16 advent-overaccept=14 advent-underaccept=1 reference-disagreement=301 same=4502 tree-difference=1
[4840/100000] reference-disagreement attribute-ifconfig-elseif-list len=122 artifacts=16 advent-overaccept=14 advent-underaccept=1 reference-disagreement=302 same=4522 tree-difference=1
[4842/100000] reference-disagreement tspl-divergence-accessor-commitment len=49 artifacts=16 advent-overaccept=14 advent-underaccept=1 reference-disagreement=303 same=4523 tree-difference=1
[4856/100000] reference-disagreement wide:closure:line-comment+newline:real:Expressions:1547 len=549 artifacts=16 advent-overaccept=14 advent-underaccept=1 reference-disagreement=304 same=4536 tree-difference=1
[4860/100000] reference-disagreement wide:struct-member:raw:real:SwiftParserCompatibility:22 len=301 artifacts=16 advent-overaccept=14 advent-underaccept=1 reference-disagreement=305 same=4539 tree-difference=1
[4868/100000] reference-disagreement grammarish-member-list len=91 artifacts=16 advent-overaccept=14 advent-underaccept=1 reference-disagreement=306 same=4546 tree-difference=1
[4871/100000] reference-disagreement wide:struct-member:newline:real:Macros:245 len=556 artifacts=16 advent-overaccept=14 advent-underaccept=1 reference-disagreement=307 same=4548 tree-difference=1
[4874/100000] reference-disagreement tspl-divergence-accessor-commitment len=78 artifacts=16 advent-overaccept=14 advent-underaccept=1 reference-disagreement=308 same=4550 tree-difference=1
[4955/100000] reference-disagreement member-list-wide-boundary len=140 artifacts=16 advent-overaccept=14 advent-underaccept=1 reference-disagreement=309 same=4630 tree-difference=1
[4970/100000] reference-disagreement wide:trailing-closure:raw:real:BuildableNodes:1177 len=1037 artifacts=16 advent-overaccept=14 advent-underaccept=1 reference-disagreement=310 same=4644 tree-difference=1
[5000/100000] same wide:ifconfig:glue+splice+splice:reject:testModuleSelectorExpr#19 len=33 artifacts=16 advent-overaccept=14 advent-underaccept=1 reference-disagreement=310 same=4674 tree-difference=1
[5001/100000] reference-disagreement member-list-wide-boundary len=373 artifacts=16 advent-overaccept=14 advent-underaccept=1 reference-disagreement=311 same=4674 tree-difference=1
[5006/100000] reference-disagreement wide:extension-member:raw:real:CollectionNodes+Parsable:118 len=774 artifacts=16 advent-overaccept=14 advent-underaccept=1 reference-disagreement=312 same=4678 tree-difference=1
[5025/100000] reference-disagreement wide:func-body:keyword:phase4-coroutine:op-designated len=60 artifacts=16 advent-overaccept=14 advent-underaccept=1 reference-disagreement=313 same=4696 tree-difference=1
[5064/100000] reference-disagreement attribute-boundary len=34 artifacts=16 advent-overaccept=14 advent-underaccept=1 reference-disagreement=314 same=4734 tree-difference=1
[5087/100000] reference-disagreement wide:extension-member:raw:real:RenamedChildrenBuilderCompatibility:522 len=1045 artifacts=16 advent-overaccept=14 advent-underaccept=1 reference-disagreement=315 same=4756 tree-difference=1
[5103/100000] reference-disagreement tspl-divergence-accessor-commitment len=49 artifacts=16 advent-overaccept=14 advent-underaccept=1 reference-disagreement=316 same=4771 tree-difference=1
[5132/100000] reference-disagreement attribute-ifconfig-elseif-list len=112 artifacts=16 advent-overaccept=14 advent-underaccept=1 reference-disagreement=317 same=4799 tree-difference=1
[5134/100000] reference-disagreement member-list-wide-boundary len=192 artifacts=16 advent-overaccept=14 advent-underaccept=1 reference-disagreement=318 same=4800 tree-difference=1
[5194/100000] reference-disagreement wide:func-body:raw:real:Names:19 len=934 artifacts=16 advent-overaccept=14 advent-underaccept=1 reference-disagreement=319 same=4859 tree-difference=1
[5224/100000] reference-disagreement wide:func-body:line-comment+duplicate:real:ResultBuilders:715 len=145 artifacts=16 advent-overaccept=14 advent-underaccept=1 reference-disagreement=320 same=4888 tree-difference=1
[5232/100000] reference-disagreement keypath-boundary len=38 artifacts=16 advent-overaccept=14 advent-underaccept=1 reference-disagreement=321 same=4895 tree-difference=1
[5250/100000] same frontier:interpolation-delimiter len=381 artifacts=16 advent-overaccept=14 advent-underaccept=1 reference-disagreement=321 same=4913 tree-difference=1
[5267/100000] reference-disagreement wide:struct-member:newline:real:StaticBuildConfiguration:435 len=861 artifacts=16 advent-overaccept=14 advent-underaccept=1 reference-disagreement=322 same=4929 tree-difference=1
[5276/100000] reference-disagreement keypath-boundary len=38 artifacts=16 advent-overaccept=14 advent-underaccept=1 reference-disagreement=323 same=4937 tree-difference=1
[5287/100000] reference-disagreement member-list-wide-boundary len=125 artifacts=16 advent-overaccept=14 advent-underaccept=1 reference-disagreement=324 same=4947 tree-difference=1
[5311/100000] reference-disagreement binding-pattern len=458 artifacts=16 advent-overaccept=14 advent-underaccept=1 reference-disagreement=325 same=4970 tree-difference=1
[5312/100000] reference-disagreement wide:closure:raw:real:SyntaxTraits:694 len=103 artifacts=16 advent-overaccept=14 advent-underaccept=1 reference-disagreement=326 same=4970 tree-difference=1
[5315/100000] reference-disagreement wide:func-body:splice:real:LayoutNodes+Parsable:47 len=205 artifacts=16 advent-overaccept=14 advent-underaccept=1 reference-disagreement=327 same=4972 tree-difference=1
[5319/100000] reference-disagreement keypath-boundary len=36 artifacts=16 advent-overaccept=14 advent-underaccept=1 reference-disagreement=328 same=4975 tree-difference=1
[5346/100000] reference-disagreement cast-try-operator-cluster len=24 artifacts=16 advent-overaccept=14 advent-underaccept=1 reference-disagreement=329 same=5001 tree-difference=1
[5355/100000] reference-disagreement keypath-component-matrix len=41 artifacts=16 advent-overaccept=14 advent-underaccept=1 reference-disagreement=330 same=5009 tree-difference=1
[5366/100000] reference-disagreement wide:closure:raw:real:SyntaxTraits:460 len=427 artifacts=16 advent-overaccept=14 advent-underaccept=1 reference-disagreement=331 same=5019 tree-difference=1
[5367/100000] reference-disagreement tspl-divergence-accessor-commitment len=49 artifacts=16 advent-overaccept=14 advent-underaccept=1 reference-disagreement=332 same=5019 tree-difference=1
[5373/100000] reference-disagreement wide:extension-member:newline:real:RefactoringProvider:85+real:Trivia:132 len=1190 artifacts=16 advent-overaccept=14 advent-underaccept=1 reference-disagreement=333 same=5024 tree-difference=1
[5382/100000] reference-disagreement wide:closure:raw:real:SyntaxExpressibleByStringInterpolationConformances:145 len=171 artifacts=16 advent-overaccept=14 advent-underaccept=1 reference-disagreement=334 same=5032 tree-difference=1
[5393/100000] reference-disagreement wide:after-statement:swap+delete:attribute:testMacroRoleNames#5 len=80 artifacts=16 advent-overaccept=14 advent-underaccept=1 reference-disagreement=335 same=5042 tree-difference=1
[5399/100000] reference-disagreement binding-pattern len=458 artifacts=16 advent-overaccept=14 advent-underaccept=1 reference-disagreement=336 same=5047 tree-difference=1
[5404/100000] reference-disagreement member-list-wide-boundary len=591 artifacts=16 advent-overaccept=14 advent-underaccept=1 reference-disagreement=337 same=5051 tree-difference=1
[5426/100000] reference-disagreement wide:struct-member:newline:real:SyntaxTraits:788 len=85 artifacts=16 advent-overaccept=14 advent-underaccept=1 reference-disagreement=338 same=5072 tree-difference=1
[5428/100000] reference-disagreement member-list-wide-boundary len=323 artifacts=16 advent-overaccept=14 advent-underaccept=1 reference-disagreement=339 same=5073 tree-difference=1
[5464/100000] reference-disagreement tspl-divergence-protocol-body len=145 artifacts=16 advent-overaccept=14 advent-underaccept=1 reference-disagreement=340 same=5108 tree-difference=1
[5487/100000] reference-disagreement tspl-divergence-protocol-body len=132 artifacts=16 advent-overaccept=14 advent-underaccept=1 reference-disagreement=341 same=5130 tree-difference=1
[5500/100000] same wide:closure:block-comment+block-comment+duplicate:declaration:testBorrowingConsumingParameterSpecifiers#11 len=82 artifacts=16 advent-overaccept=14 advent-underaccept=1 reference-disagreement=341 same=5143 tree-difference=1
[5507/100000] reference-disagreement keypath-boundary len=40 artifacts=16 advent-overaccept=14 advent-underaccept=1 reference-disagreement=342 same=5149 tree-difference=1
[5532/100000] reference-disagreement wide:closure:newline+newline:real:SyntaxSynthesis:53 len=736 artifacts=16 advent-overaccept=14 advent-underaccept=1 reference-disagreement=343 same=5173 tree-difference=1
[5546/100000] reference-disagreement wide:closure:block-comment:real:ResultBuilders:544 len=223 artifacts=16 advent-overaccept=14 advent-underaccept=1 reference-disagreement=344 same=5186 tree-difference=1
[5549/100000] reference-disagreement wide:before-statement:raw:real:ExpandEditorPlaceholder:506+statement:testTypedThrows#2 len=98 artifacts=16 advent-overaccept=14 advent-underaccept=1 reference-disagreement=345 same=5188 tree-difference=1
[5590/100000] advent-overaccept wide:struct-member:space+newline+duplicate:translated:testSubscripting10#1 len=97 artifacts=17 advent-overaccept=15 advent-underaccept=1 reference-disagreement=345 same=5228 tree-difference=1
[5656/100000] reference-disagreement wide:trailing-closure:space+keyword:real:LayoutNodes+Parsable:191 len=181 artifacts=17 advent-overaccept=15 advent-underaccept=1 reference-disagreement=346 same=5293 tree-difference=1
[5714/100000] reference-disagreement wide:trailing-closure:raw:real:MacroExpansionContext:116 len=552 artifacts=17 advent-overaccept=15 advent-underaccept=1 reference-disagreement=347 same=5350 tree-difference=1
[5744/100000] reference-disagreement member-list-wide-boundary len=182 artifacts=17 advent-overaccept=15 advent-underaccept=1 reference-disagreement=348 same=5379 tree-difference=1
[5750/100000] same wide:extension-member:keyword+glue:translated:testIfconfigExpr6#1 len=81 artifacts=17 advent-overaccept=15 advent-underaccept=1 reference-disagreement=348 same=5385 tree-difference=1
[5764/100000] reference-disagreement binding-pattern len=458 artifacts=17 advent-overaccept=15 advent-underaccept=1 reference-disagreement=349 same=5398 tree-difference=1
[5793/100000] reference-disagreement attribute-ifconfig-elseif-list len=129 artifacts=17 advent-overaccept=15 advent-underaccept=1 reference-disagreement=350 same=5426 tree-difference=1
[5853/100000] reference-disagreement wide:struct-member:line-comment:real:RenamedChildrenBuilderCompatibility:547 len=1043 artifacts=17 advent-overaccept=15 advent-underaccept=1 reference-disagreement=351 same=5485 tree-difference=1
[5855/100000] reference-disagreement wide:extension-member:glue:translated:testEffectfulProperties9#1+translated:testForwardSlashRegexSkipping13#1 len=167 artifacts=17 advent-overaccept=15 advent-underaccept=1 reference-disagreement=352 same=5486 tree-difference=1
[5876/100000] reference-disagreement wide:before-statement:newline+block-comment:expression:testKeyPathMethodAndInitializers#7 len=40 artifacts=17 advent-overaccept=15 advent-underaccept=1 reference-disagreement=353 same=5506 tree-difference=1
[5886/100000] reference-disagreement wide:closure:raw:translated:testSwitch69#1+attribute:testMacroRoleNames#5 len=123 artifacts=17 advent-overaccept=15 advent-underaccept=1 reference-disagreement=354 same=5515 tree-difference=1
[5892/100000] reference-disagreement wide:closure:raw:real:MacroSystem:1573 len=822 artifacts=17 advent-overaccept=15 advent-underaccept=1 reference-disagreement=355 same=5520 tree-difference=1
[5921/100000] reference-disagreement attribute-ifconfig-elseif-list len=137 artifacts=17 advent-overaccept=15 advent-underaccept=1 reference-disagreement=356 same=5548 tree-difference=1
[5924/100000] reference-disagreement wide:extension-member:raw:attribute:testABIAttribute#12 len=44 artifacts=17 advent-overaccept=15 advent-underaccept=1 reference-disagreement=357 same=5550 tree-difference=1
[5931/100000] reference-disagreement wide:closure:raw:real:EditorPlaceholder:72 len=165 artifacts=17 advent-overaccept=15 advent-underaccept=1 reference-disagreement=358 same=5556 tree-difference=1
[5942/100000] reference-disagreement wide:struct-member:newline+block-comment:real:ConvenienceInitializers:76 len=232 artifacts=17 advent-overaccept=15 advent-underaccept=1 reference-disagreement=359 same=5566 tree-difference=1
[5958/100000] reference-disagreement wide:closure:raw:translated:testMatchingPatterns26#1+translated:testSwitch23#1 len=163 artifacts=17 advent-overaccept=15 advent-underaccept=1 reference-disagreement=360 same=5581 tree-difference=1
[5961/100000] reference-disagreement wide:func-body:glue+swap:phase4-macro:inout-member+real:SyntaxCollections:1112 len=574 artifacts=17 advent-overaccept=15 advent-underaccept=1 reference-disagreement=361 same=5583 tree-difference=1
[5987/100000] reference-disagreement tspl-divergence-protocol-body len=162 artifacts=17 advent-overaccept=15 advent-underaccept=1 reference-disagreement=362 same=5608 tree-difference=1
[5997/100000] reference-disagreement tspl-divergence-protocol-body len=124 artifacts=17 advent-overaccept=15 advent-underaccept=1 reference-disagreement=363 same=5617 tree-difference=1
[6000/100000] same wide:top:space+splice:reject:testOriginalDefinedInAttr5#1+translated:testEnum30#1 len=158 artifacts=17 advent-overaccept=15 advent-underaccept=1 reference-disagreement=363 same=5620 tree-difference=1
[6003/100000] reference-disagreement wide:closure:block-comment:translated:testDeprecatedWhere11#1+translated:testDiagnoseAvailabilityWindows4#1 len=294 artifacts=17 advent-overaccept=15 advent-underaccept=1 reference-disagreement=364 same=5622 tree-difference=1
[6006/100000] reference-disagreement wide:func-body:newline:real:InferIndentation:127+real:WarningControlDeclSyntax:65 len=814 artifacts=17 advent-overaccept=15 advent-underaccept=1 reference-disagreement=365 same=5624 tree-difference=1
[6016/100000] reference-disagreement attribute-boundary len=32 artifacts=17 advent-overaccept=15 advent-underaccept=1 reference-disagreement=366 same=5633 tree-difference=1
[6029/100000] reference-disagreement grammarish-member-list len=366 artifacts=17 advent-overaccept=15 advent-underaccept=1 reference-disagreement=367 same=5645 tree-difference=1
[6047/100000] reference-disagreement tspl-divergence-protocol-body len=220 artifacts=17 advent-overaccept=15 advent-underaccept=1 reference-disagreement=368 same=5662 tree-difference=1
[6055/100000] reference-disagreement wide:trailing-closure:newline+space+glue:real:SyntaxExpressibleByStringInterpolationConformances:67 len=101 artifacts=17 advent-overaccept=15 advent-underaccept=1 reference-disagreement=369 same=5669 tree-difference=1
[6097/100000] reference-disagreement grammarish-member-list len=145 artifacts=17 advent-overaccept=15 advent-underaccept=1 reference-disagreement=370 same=5710 tree-difference=1
[6098/100000] reference-disagreement member-list-wide-boundary len=201 artifacts=17 advent-overaccept=15 advent-underaccept=1 reference-disagreement=371 same=5710 tree-difference=1
[6129/100000] reference-disagreement wide:struct-member:space:real:Convenience:128 len=306 artifacts=17 advent-overaccept=15 advent-underaccept=1 reference-disagreement=372 same=5740 tree-difference=1
[6136/100000] reference-disagreement wide:trailing-closure:newline+newline+newline:real:SyntaxNodeWithBody:100 len=61 artifacts=17 advent-overaccept=15 advent-underaccept=1 reference-disagreement=373 same=5746 tree-difference=1
[6170/100000] reference-disagreement wide:top:raw:translated:testRecovery27#1 len=44 artifacts=17 advent-overaccept=15 advent-underaccept=1 reference-disagreement=374 same=5779 tree-difference=1
[6188/100000] reference-disagreement declaration-modifier-stack len=34 artifacts=17 advent-overaccept=15 advent-underaccept=1 reference-disagreement=375 same=5796 tree-difference=1
[6191/100000] reference-disagreement wide:func-body:raw:real:SyntaxProtocol+Initializer:104 len=527 artifacts=17 advent-overaccept=15 advent-underaccept=1 reference-disagreement=376 same=5798 tree-difference=1
[6194/100000] reference-disagreement wide:trailing-closure:raw:real:SyntaxCollections:537 len=495 artifacts=17 advent-overaccept=15 advent-underaccept=1 reference-disagreement=377 same=5800 tree-difference=1
[6196/100000] reference-disagreement tspl-divergence-protocol-body len=200 artifacts=17 advent-overaccept=15 advent-underaccept=1 reference-disagreement=378 same=5801 tree-difference=1
[6198/100000] reference-disagreement wide:closure:raw:real:SyntaxExpressibleByStringInterpolationConformances:271 len=186 artifacts=17 advent-overaccept=15 advent-underaccept=1 reference-disagreement=379 same=5802 tree-difference=1
[6201/100000] reference-disagreement wide:extension-member:raw:real:BuildableNodes:1251 len=1299 artifacts=17 advent-overaccept=15 advent-underaccept=1 reference-disagreement=380 same=5804 tree-difference=1
[6216/100000] reference-disagreement wide:ifconfig:space:phase4-import:import-dotted len=28 artifacts=17 advent-overaccept=15 advent-underaccept=1 reference-disagreement=381 same=5818 tree-difference=1
[6225/100000] reference-disagreement wide:func-body:raw:translated:testConflictMarkers4#1 len=62 artifacts=17 advent-overaccept=15 advent-underaccept=1 reference-disagreement=382 same=5826 tree-difference=1
[6237/100000] reference-disagreement wide:trailing-closure:newline:real:ParserDiagnosticMessages:782 len=258 artifacts=17 advent-overaccept=15 advent-underaccept=1 reference-disagreement=383 same=5837 tree-difference=1
[6250/100000] same wide:after-statement:line-comment+block-comment+space:reject:testNumberIdentifierErrors6b#1 len=42 artifacts=17 advent-overaccept=15 advent-underaccept=1 reference-disagreement=383 same=5850 tree-difference=1
[6252/100000] reference-disagreement wide:closure:raw:real:TokenSequence:188 len=269 artifacts=17 advent-overaccept=15 advent-underaccept=1 reference-disagreement=384 same=5851 tree-difference=1
[6349/100000] reference-disagreement wide:func-body:raw:real:BuildableNodes:848 len=1268 artifacts=17 advent-overaccept=15 advent-underaccept=1 reference-disagreement=385 same=5947 tree-difference=1
[6385/100000] reference-disagreement wide:struct-member:block-comment+line-comment:real:Cursor:646 len=775 artifacts=17 advent-overaccept=15 advent-underaccept=1 reference-disagreement=386 same=5982 tree-difference=1
[6441/100000] reference-disagreement ifconfig-member-context-boundary len=72 artifacts=17 advent-overaccept=15 advent-underaccept=1 reference-disagreement=387 same=6037 tree-difference=1
[6460/100000] reference-disagreement attribute-ifconfig-elseif-list len=119 artifacts=17 advent-overaccept=15 advent-underaccept=1 reference-disagreement=388 same=6055 tree-difference=1
[6466/100000] reference-disagreement wide:trailing-closure:glue:real:SyntaxExpressibleByStringInterpolationConformances:160 len=90 artifacts=17 advent-overaccept=15 advent-underaccept=1 reference-disagreement=389 same=6060 tree-difference=1
[6469/100000] reference-disagreement wide:extension-member:block-comment:real:SyntaxUtils:19 len=122 artifacts=17 advent-overaccept=15 advent-underaccept=1 reference-disagreement=390 same=6062 tree-difference=1
[6472/100000] reference-disagreement wide:func-body:raw:real:SyntaxText:242 len=350 artifacts=17 advent-overaccept=15 advent-underaccept=1 reference-disagreement=391 same=6064 tree-difference=1
[6500/100000] same wide:trailing-closure:swap:reject:testForwardSlashRegex97#1 len=46 artifacts=17 advent-overaccept=15 advent-underaccept=1 reference-disagreement=391 same=6092 tree-difference=1
[6510/100000] reference-disagreement tspl-divergence-protocol-body len=122 artifacts=17 advent-overaccept=15 advent-underaccept=1 reference-disagreement=392 same=6101 tree-difference=1
[6511/100000] reference-disagreement wide:extension-member:space:real:SyntaxTraits:506 len=457 artifacts=17 advent-overaccept=15 advent-underaccept=1 reference-disagreement=393 same=6101 tree-difference=1
[6520/100000] reference-disagreement wide:func-body:glue+space+line-comment:statement:testIdentifierPattern#1+real:RenamedChildrenBuilderCompatibility:572 len=1292 artifacts=17 advent-overaccept=15 advent-underaccept=1 reference-disagreement=394 same=6109 tree-difference=1
[6541/100000] reference-disagreement wide:closure:raw:real:SyntaxTraits:776 len=68 artifacts=17 advent-overaccept=15 advent-underaccept=1 reference-disagreement=395 same=6129 tree-difference=1
[6547/100000] reference-disagreement attribute-ifconfig-elseif-list len=111 artifacts=17 advent-overaccept=15 advent-underaccept=1 reference-disagreement=396 same=6134 tree-difference=1
[6573/100000] reference-disagreement attribute-ifconfig-elseif-list len=122 artifacts=17 advent-overaccept=15 advent-underaccept=1 reference-disagreement=397 same=6159 tree-difference=1
[6589/100000] reference-disagreement tspl-divergence-protocol-body len=239 artifacts=17 advent-overaccept=15 advent-underaccept=1 reference-disagreement=398 same=6174 tree-difference=1
[6597/100000] reference-disagreement wide:func-body:block-comment+line-comment+glue:real:SyntaxTraits:842+translated:testObjectLiterals3b#1 len=99 artifacts=17 advent-overaccept=15 advent-underaccept=1 reference-disagreement=399 same=6181 tree-difference=1
[6630/100000] reference-disagreement wide:closure:raw:real:ParserDiagnosticMessages:639 len=219 artifacts=17 advent-overaccept=15 advent-underaccept=1 reference-disagreement=400 same=6213 tree-difference=1
[6691/100000] reference-disagreement wide:before-statement:newline:translated:testPatternWithoutVariables6#1 len=108 artifacts=17 advent-overaccept=15 advent-underaccept=1 reference-disagreement=401 same=6273 tree-difference=1
[6712/100000] reference-disagreement wide:after-statement:newline:real:StandardIOMessageConnection:28+translated:testAvailabilityQuery23#1 len=153 artifacts=17 advent-overaccept=15 advent-underaccept=1 reference-disagreement=402 same=6293 tree-difference=1
[6714/100000] reference-disagreement cast-try-operator-cluster len=24 artifacts=17 advent-overaccept=15 advent-underaccept=1 reference-disagreement=403 same=6294 tree-difference=1
[6716/100000] reference-disagreement wide:func-body:raw:translated:testSwitch32#1 len=538 artifacts=17 advent-overaccept=15 advent-underaccept=1 reference-disagreement=404 same=6295 tree-difference=1
[6726/100000] advent-overaccept wide:ifconfig:swap+duplicate+swap:real:ResultBuilderExtensions:107 len=377 artifacts=18 advent-overaccept=16 advent-underaccept=1 reference-disagreement=404 same=6304 tree-difference=1
[6730/100000] reference-disagreement wide:func-body:newline+newline+newline:real:DiagnosticGroupInheritanceTree:32 len=906 artifacts=18 advent-overaccept=16 advent-underaccept=1 reference-disagreement=405 same=6307 tree-difference=1
[6750/100000] same frontier:interpolation-delimiter len=354 artifacts=18 advent-overaccept=16 advent-underaccept=1 reference-disagreement=405 same=6327 tree-difference=1
[6780/100000] reference-disagreement keypath-component-matrix len=52 artifacts=18 advent-overaccept=16 advent-underaccept=1 reference-disagreement=406 same=6356 tree-difference=1
[6808/100000] reference-disagreement wide:closure:glue:real:ParserDiagnosticMessages:675 len=549 artifacts=18 advent-overaccept=16 advent-underaccept=1 reference-disagreement=407 same=6383 tree-difference=1
[6834/100000] reference-disagreement wide:top:line-comment+newline:expression:testBorrowExpression#1 len=11 artifacts=18 advent-overaccept=16 advent-underaccept=1 reference-disagreement=408 same=6408 tree-difference=1
[6838/100000] advent-underaccept wide:trailing-closure:splice+glue+glue:statement:testClosureInsideIfCondition#2 len=31 artifacts=19 advent-overaccept=16 advent-underaccept=2 reference-disagreement=408 same=6411 tree-difference=1
[6840/100000] reference-disagreement wide:func-body:line-comment:declaration:testReasyncFunctions#1 len=167 artifacts=19 advent-overaccept=16 advent-underaccept=2 reference-disagreement=409 same=6412 tree-difference=1
[6864/100000] reference-disagreement wide:extension-member:raw:real:SyntaxTraits:736 len=65 artifacts=19 advent-overaccept=16 advent-underaccept=2 reference-disagreement=410 same=6435 tree-difference=1
[6870/100000] reference-disagreement tspl-divergence-protocol-body len=151 artifacts=19 advent-overaccept=16 advent-underaccept=2 reference-disagreement=411 same=6440 tree-difference=1
[6892/100000] reference-disagreement attribute-boundary len=54 artifacts=19 advent-overaccept=16 advent-underaccept=2 reference-disagreement=412 same=6461 tree-difference=1
[6898/100000] reference-disagreement wide:func-body:newline+splice:real:CodeItemMacro:20 len=375 artifacts=19 advent-overaccept=16 advent-underaccept=2 reference-disagreement=413 same=6466 tree-difference=1
[6938/100000] reference-disagreement wide:trailing-closure:block-comment+newline+line-comment:translated:testMatchingPatterns29#1 len=225 artifacts=19 advent-overaccept=16 advent-underaccept=2 reference-disagreement=414 same=6505 tree-difference=1
[6945/100000] reference-disagreement wide:top:newline+swap:translated:testBorrowingContextualParsing#1 len=85 artifacts=19 advent-overaccept=16 advent-underaccept=2 reference-disagreement=415 same=6511 tree-difference=1
[6969/100000] reference-disagreement tspl-divergence-accessor-commitment len=49 artifacts=19 advent-overaccept=16 advent-underaccept=2 reference-disagreement=416 same=6534 tree-difference=1
[6982/100000] reference-disagreement statement-list len=614 artifacts=19 advent-overaccept=16 advent-underaccept=2 reference-disagreement=417 same=6546 tree-difference=1
[6999/100000] reference-disagreement wide:func-body:newline+line-comment+line-comment:real:IncrementalParseTestUtils:148 len=597 artifacts=19 advent-overaccept=16 advent-underaccept=2 reference-disagreement=418 same=6562 tree-difference=1
[7000/100000] same wide:ifconfig:glue:real:GenerateSwiftSyntaxAST:28 len=303 artifacts=19 advent-overaccept=16 advent-underaccept=2 reference-disagreement=418 same=6563 tree-difference=1
[7021/100000] reference-disagreement tspl-divergence-protocol-body len=153 artifacts=19 advent-overaccept=16 advent-underaccept=2 reference-disagreement=419 same=6583 tree-difference=1
[7022/100000] reference-disagreement wide:func-body:raw:real:DeclSyntaxParseable:53 len=71 artifacts=19 advent-overaccept=16 advent-underaccept=2 reference-disagreement=420 same=6583 tree-difference=1
[7034/100000] reference-disagreement tspl-divergence-protocol-body len=211 artifacts=19 advent-overaccept=16 advent-underaccept=2 reference-disagreement=421 same=6594 tree-difference=1
[7055/100000] reference-disagreement wide:after-statement:raw:attribute:testExpose#2 len=51 artifacts=19 advent-overaccept=16 advent-underaccept=2 reference-disagreement=422 same=6614 tree-difference=1
[7061/100000] reference-disagreement declaration-modifier-stack len=34 artifacts=19 advent-overaccept=16 advent-underaccept=2 reference-disagreement=423 same=6619 tree-difference=1
[7063/100000] reference-disagreement wide:closure:newline+space+newline:type:testTypedThrows#3+translated:testSemicolon9#1 len=120 artifacts=19 advent-overaccept=16 advent-underaccept=2 reference-disagreement=424 same=6620 tree-difference=1
[7089/100000] reference-disagreement wide:func-body:splice:real:SyntaxEnum:920 len=1186 artifacts=19 advent-overaccept=16 advent-underaccept=2 reference-disagreement=425 same=6645 tree-difference=1
[7093/100000] reference-disagreement grammarish-member-list len=246 artifacts=19 advent-overaccept=16 advent-underaccept=2 reference-disagreement=426 same=6648 tree-difference=1
[7097/100000] reference-disagreement tspl-divergence-accessor-commitment len=49 artifacts=19 advent-overaccept=16 advent-underaccept=2 reference-disagreement=427 same=6651 tree-difference=1
[7121/100000] reference-disagreement wide:struct-member:raw:real:ConvenienceInitializers:397 len=798 artifacts=19 advent-overaccept=16 advent-underaccept=2 reference-disagreement=428 same=6674 tree-difference=1
[7123/100000] reference-disagreement wide:closure:raw:real:ResultBuilders:579 len=739 artifacts=19 advent-overaccept=16 advent-underaccept=2 reference-disagreement=429 same=6675 tree-difference=1
[7136/100000] reference-disagreement attribute-ifconfig-elseif-list len=127 artifacts=19 advent-overaccept=16 advent-underaccept=2 reference-disagreement=430 same=6687 tree-difference=1
[7143/100000] reference-disagreement wide:func-body:raw:real:RenamedChildrenBuilderCompatibility:977 len=1113 artifacts=19 advent-overaccept=16 advent-underaccept=2 reference-disagreement=431 same=6693 tree-difference=1
[7152/100000] reference-disagreement member-list-wide-boundary len=309 artifacts=19 advent-overaccept=16 advent-underaccept=2 reference-disagreement=432 same=6701 tree-difference=1
[7166/100000] reference-disagreement tspl-divergence-accessor-commitment len=78 artifacts=19 advent-overaccept=16 advent-underaccept=2 reference-disagreement=433 same=6714 tree-difference=1
[7206/100000] reference-disagreement tspl-divergence-protocol-body len=145 artifacts=19 advent-overaccept=16 advent-underaccept=2 reference-disagreement=434 same=6753 tree-difference=1
[7222/100000] reference-disagreement wide:closure:splice+newline:real:SyntaxExpressibleByStringInterpolationConformances:187+expression:testUnsafeExpr#4 len=119 artifacts=19 advent-overaccept=16 advent-underaccept=2 reference-disagreement=435 same=6768 tree-difference=1
[7249/100000] reference-disagreement tspl-divergence-protocol-body len=122 artifacts=19 advent-overaccept=16 advent-underaccept=2 reference-disagreement=436 same=6794 tree-difference=1
[7250/100000] same wide:before-statement:keyword+glue:reject:testModuleSelectorIncorrectNestedDecls#1 len=62 artifacts=19 advent-overaccept=16 advent-underaccept=2 reference-disagreement=436 same=6795 tree-difference=1
[7276/100000] reference-disagreement statement-list len=621 artifacts=19 advent-overaccept=16 advent-underaccept=2 reference-disagreement=437 same=6820 tree-difference=1
[7315/100000] reference-disagreement wide:func-body:duplicate:real:PresenceUtils:41+attribute:testBackDeployed#3 len=395 artifacts=19 advent-overaccept=16 advent-underaccept=2 reference-disagreement=438 same=6858 tree-difference=1
[7318/100000] reference-disagreement attribute-ifconfig-elseif-list len=123 artifacts=19 advent-overaccept=16 advent-underaccept=2 reference-disagreement=439 same=6860 tree-difference=1
[7319/100000] reference-disagreement wide:extension-member:space:real:ScopeImplementations:208+real:SyntaxTraits:722 len=525 artifacts=19 advent-overaccept=16 advent-underaccept=2 reference-disagreement=440 same=6860 tree-difference=1
[7330/100000] reference-disagreement attribute-ifconfig-elseif-list len=143 artifacts=19 advent-overaccept=16 advent-underaccept=2 reference-disagreement=441 same=6870 tree-difference=1
[7331/100000] reference-disagreement wide:func-body:raw:real:ResultBuilders:629+expression:testAwaitIf1#1 len=196 artifacts=19 advent-overaccept=16 advent-underaccept=2 reference-disagreement=442 same=6870 tree-difference=1
[7338/100000] reference-disagreement wide:trailing-closure:raw:real:MissingNodeInitializers:119 len=222 artifacts=19 advent-overaccept=16 advent-underaccept=2 reference-disagreement=443 same=6876 tree-difference=1
[7344/100000] reference-disagreement wide:extension-member:raw:real:Syntax+StringInterpolation:290 len=66 artifacts=19 advent-overaccept=16 advent-underaccept=2 reference-disagreement=444 same=6881 tree-difference=1
[7361/100000] reference-disagreement attribute-boundary len=34 artifacts=19 advent-overaccept=16 advent-underaccept=2 reference-disagreement=445 same=6897 tree-difference=1
[7384/100000] reference-disagreement attribute-ifconfig-elseif-list len=114 artifacts=19 advent-overaccept=16 advent-underaccept=2 reference-disagreement=446 same=6919 tree-difference=1
[7391/100000] reference-disagreement wide:closure:block-comment+glue+space:real:ResultBuilders:25 len=138 artifacts=19 advent-overaccept=16 advent-underaccept=2 reference-disagreement=447 same=6925 tree-difference=1
[7402/100000] reference-disagreement statement-list len=644 artifacts=19 advent-overaccept=16 advent-underaccept=2 reference-disagreement=448 same=6935 tree-difference=1
[7405/100000] reference-disagreement wide:closure:raw:phase4-import:import-dotted len=34 artifacts=19 advent-overaccept=16 advent-underaccept=2 reference-disagreement=449 same=6937 tree-difference=1
[7423/100000] reference-disagreement wide:trailing-closure:newline:real:RenamedChildrenBuilderCompatibility:977+real:SyntaxTraits:800 len=1157 artifacts=19 advent-overaccept=16 advent-underaccept=2 reference-disagreement=450 same=6954 tree-difference=1
[7435/100000] reference-disagreement wide:closure:space:real:MigrateToNewIfLetSyntax:41+translated:testOperators29#1 len=1556 artifacts=19 advent-overaccept=16 advent-underaccept=2 reference-disagreement=451 same=6965 tree-difference=1
[7444/100000] reference-disagreement wide:func-body:space:real:SyntaxBaseNodes:1183 len=83 artifacts=19 advent-overaccept=16 advent-underaccept=2 reference-disagreement=452 same=6973 tree-difference=1
[7500/100000] same regex-trivia-boundary len=67 artifacts=19 advent-overaccept=16 advent-underaccept=2 reference-disagreement=452 same=7029 tree-difference=1
[7502/100000] reference-disagreement wide:trailing-closure:glue+keyword+newline:real:ActiveSyntaxRewriter:476 len=610 artifacts=19 advent-overaccept=16 advent-underaccept=2 reference-disagreement=453 same=7030 tree-difference=1
[7527/100000] reference-disagreement attribute-ifconfig-elseif-list len=107 artifacts=19 advent-overaccept=16 advent-underaccept=2 reference-disagreement=454 same=7054 tree-difference=1
[7547/100000] reference-disagreement wide:extension-member:raw:real:SyntaxTraits:784 len=74 artifacts=19 advent-overaccept=16 advent-underaccept=2 reference-disagreement=455 same=7073 tree-difference=1
[7552/100000] reference-disagreement wide:trailing-closure:raw:real:EditorPlaceholder:69 len=56 artifacts=19 advent-overaccept=16 advent-underaccept=2 reference-disagreement=456 same=7077 tree-difference=1
[7558/100000] reference-disagreement wide:func-body:space:real:ParserDiagnosticMessages:782 len=265 artifacts=19 advent-overaccept=16 advent-underaccept=2 reference-disagreement=457 same=7082 tree-difference=1
[7589/100000] reference-disagreement keypath-boundary len=40 artifacts=19 advent-overaccept=16 advent-underaccept=2 reference-disagreement=458 same=7112 tree-difference=1
[7603/100000] reference-disagreement wide:after-statement:raw:translated:testAvailabilityQuery23#1 len=120 artifacts=19 advent-overaccept=16 advent-underaccept=2 reference-disagreement=459 same=7125 tree-difference=1
[7628/100000] reference-disagreement tspl-divergence-accessor-commitment len=78 artifacts=19 advent-overaccept=16 advent-underaccept=2 reference-disagreement=460 same=7149 tree-difference=1
[7648/100000] advent-overaccept wide:ifconfig:keyword:translated:testModuleSelectorWhitespace#1+translated:testCompositionTypeExpr#11 len=60 artifacts=20 advent-overaccept=17 advent-underaccept=2 reference-disagreement=460 same=7168 tree-difference=1
[7653/100000] reference-disagreement grammarish-member-list len=216 artifacts=20 advent-overaccept=17 advent-underaccept=2 reference-disagreement=461 same=7172 tree-difference=1
[7674/100000] reference-disagreement declaration-modifier-stack len=34 artifacts=20 advent-overaccept=17 advent-underaccept=2 reference-disagreement=462 same=7192 tree-difference=1
[7677/100000] reference-disagreement wide:closure:raw:real:Macro:15+translated:testOptional4#1 len=274 artifacts=20 advent-overaccept=17 advent-underaccept=2 reference-disagreement=463 same=7194 tree-difference=1
[7694/100000] tree-difference wide:trailing-closure:raw:statement:testMissingIfClauseIntroducer#1 len=21 artifacts=21 advent-overaccept=17 advent-underaccept=2 reference-disagreement=463 same=7210 tree-difference=2
[7707/100000] reference-disagreement keypath-boundary len=40 artifacts=21 advent-overaccept=17 advent-underaccept=2 reference-disagreement=464 same=7222 tree-difference=2
[7714/100000] reference-disagreement tspl-divergence-protocol-body len=202 artifacts=21 advent-overaccept=17 advent-underaccept=2 reference-disagreement=465 same=7228 tree-difference=2
[7716/100000] reference-disagreement wide:struct-member:raw:phase4-type:generic-expr+real:SyntaxTraits:47 len=670 artifacts=21 advent-overaccept=17 advent-underaccept=2 reference-disagreement=466 same=7229 tree-difference=2
[7725/100000] reference-disagreement wide:struct-member:splice:real:Syntax+StringInterpolation:321 len=38 artifacts=21 advent-overaccept=17 advent-underaccept=2 reference-disagreement=467 same=7237 tree-difference=2
[7734/100000] reference-disagreement cast-try-operator-cluster len=24 artifacts=21 advent-overaccept=17 advent-underaccept=2 reference-disagreement=468 same=7245 tree-difference=2
[7750/100000] same interpolation-boundary len=80 artifacts=21 advent-overaccept=17 advent-underaccept=2 reference-disagreement=468 same=7261 tree-difference=2
[7764/100000] reference-disagreement tspl-divergence-protocol-body len=122 artifacts=21 advent-overaccept=17 advent-underaccept=2 reference-disagreement=469 same=7274 tree-difference=2
[7793/100000] reference-disagreement ifconfig-member-context-boundary len=89 artifacts=21 advent-overaccept=17 advent-underaccept=2 reference-disagreement=470 same=7302 tree-difference=2
[7795/100000] reference-disagreement tspl-divergence-protocol-body len=209 artifacts=21 advent-overaccept=17 advent-underaccept=2 reference-disagreement=471 same=7303 tree-difference=2
[7798/100000] reference-disagreement wide:extension-member:raw:real:ConvenienceInitializers:23 len=430 artifacts=21 advent-overaccept=17 advent-underaccept=2 reference-disagreement=472 same=7305 tree-difference=2
[7801/100000] reference-disagreement wide:func-body:space+space+block-comment:translated:testCompositionTypeExpr#6+phase3-modifier:final-public len=63 artifacts=21 advent-overaccept=17 advent-underaccept=2 reference-disagreement=473 same=7307 tree-difference=2
[7828/100000] reference-disagreement wide:trailing-closure:newline+newline:translated:testObjcEnum8#1 len=162 artifacts=21 advent-overaccept=17 advent-underaccept=2 reference-disagreement=474 same=7333 tree-difference=2
[7860/100000] reference-disagreement wide:struct-member:raw:real:ResultBuilders:427 len=184 artifacts=21 advent-overaccept=17 advent-underaccept=2 reference-disagreement=475 same=7364 tree-difference=2
[7878/100000] reference-disagreement wide:after-statement:raw:translated:testDeprecatedWhere5#1 len=284 artifacts=21 advent-overaccept=17 advent-underaccept=2 reference-disagreement=476 same=7381 tree-difference=2
[7882/100000] reference-disagreement wide:func-body:space+block-comment:real:GenericParameterScopeSyntax:19 len=105 artifacts=21 advent-overaccept=17 advent-underaccept=2 reference-disagreement=477 same=7384 tree-difference=2
[7939/100000] reference-disagreement keypath-boundary len=33 artifacts=21 advent-overaccept=17 advent-underaccept=2 reference-disagreement=478 same=7440 tree-difference=2
[7944/100000] reference-disagreement wide:extension-member:block-comment:real:LayoutNodes+Parsable:143 len=213 artifacts=21 advent-overaccept=17 advent-underaccept=2 reference-disagreement=479 same=7444 tree-difference=2
[7973/100000] reference-disagreement wide:closure:newline+newline:real:Convenience:13 len=1071 artifacts=21 advent-overaccept=17 advent-underaccept=2 reference-disagreement=480 same=7472 tree-difference=2
[7986/100000] reference-disagreement wide:func-body:line-comment+newline+newline:real:IdentifiableSyntax:28 len=137 artifacts=21 advent-overaccept=17 advent-underaccept=2 reference-disagreement=481 same=7484 tree-difference=2
[8000/100000] reference-disagreement wide:struct-member:raw:declaration:testParsePoundError#1 len=46 artifacts=21 advent-overaccept=17 advent-underaccept=2 reference-disagreement=482 same=7497 tree-difference=2
[8026/100000] reference-disagreement wide:trailing-closure:newline+splice:translated:testGenericDisambiguation3#1 len=80 artifacts=21 advent-overaccept=17 advent-underaccept=2 reference-disagreement=483 same=7522 tree-difference=2
[8036/100000] advent-overaccept wide:ifconfig:keyword+block-comment:statement:testTrailingClosureInIfCondition#3 len=50 artifacts=22 advent-overaccept=18 advent-underaccept=2 reference-disagreement=483 same=7531 tree-difference=2
[8038/100000] reference-disagreement wide:trailing-closure:raw:real:ResultBuilders:437 len=145 artifacts=22 advent-overaccept=18 advent-underaccept=2 reference-disagreement=484 same=7532 tree-difference=2
[8062/100000] reference-disagreement wide:trailing-closure:newline:real:RefactoringProvider:118 len=474 artifacts=22 advent-overaccept=18 advent-underaccept=2 reference-disagreement=485 same=7555 tree-difference=2
[8075/100000] reference-disagreement attribute-ifconfig-elseif-list len=112 artifacts=22 advent-overaccept=18 advent-underaccept=2 reference-disagreement=486 same=7567 tree-difference=2
[8093/100000] reference-disagreement attribute-ifconfig-elseif-list len=127 artifacts=22 advent-overaccept=18 advent-underaccept=2 reference-disagreement=487 same=7584 tree-difference=2
[8098/100000] reference-disagreement wide:closure:raw:real:PackageDependency:69 len=348 artifacts=22 advent-overaccept=18 advent-underaccept=2 reference-disagreement=488 same=7588 tree-difference=2
[8116/100000] reference-disagreement wide:func-body:newline+glue+block-comment:attribute:testImplementsAttribute#1 len=325 artifacts=22 advent-overaccept=18 advent-underaccept=2 reference-disagreement=489 same=7605 tree-difference=2
[8127/100000] reference-disagreement tspl-divergence-protocol-body len=193 artifacts=22 advent-overaccept=18 advent-underaccept=2 reference-disagreement=490 same=7615 tree-difference=2
[8133/100000] reference-disagreement attribute-ifconfig-elseif-list len=132 artifacts=22 advent-overaccept=18 advent-underaccept=2 reference-disagreement=491 same=7620 tree-difference=2
[8138/100000] reference-disagreement wide:struct-member:raw:translated:testOperatorDeclDesignatedTypes17#1 len=103 artifacts=22 advent-overaccept=18 advent-underaccept=2 reference-disagreement=492 same=7624 tree-difference=2
[8140/100000] reference-disagreement wide:closure:space+block-comment:attribute:testBackDeployed#6 len=145 artifacts=22 advent-overaccept=18 advent-underaccept=2 reference-disagreement=493 same=7625 tree-difference=2
[8180/100000] reference-disagreement wide:struct-member:glue+glue:real:Syntax+StringInterpolation:283+translated:testTypeExpr22#1 len=88 artifacts=22 advent-overaccept=18 advent-underaccept=2 reference-disagreement=494 same=7664 tree-difference=2
[8193/100000] reference-disagreement attribute-ifconfig-elseif-list len=123 artifacts=22 advent-overaccept=18 advent-underaccept=2 reference-disagreement=495 same=7676 tree-difference=2
[8200/100000] reference-disagreement wide:trailing-closure:duplicate+newline+newline:declaration:testAccessors#1 len=51 artifacts=22 advent-overaccept=18 advent-underaccept=2 reference-disagreement=496 same=7682 tree-difference=2
[8207/100000] reference-disagreement wide:struct-member:space:translated:testSwitch33#1 len=119 artifacts=22 advent-overaccept=18 advent-underaccept=2 reference-disagreement=497 same=7688 tree-difference=2
[8217/100000] reference-disagreement wide:trailing-closure:duplicate:expression:testKeyPathFollowedByOperator#2+real:LayoutNodes+Parsable:95 len=208 artifacts=22 advent-overaccept=18 advent-underaccept=2 reference-disagreement=498 same=7697 tree-difference=2
[8230/100000] reference-disagreement binding-pattern len=458 artifacts=22 advent-overaccept=18 advent-underaccept=2 reference-disagreement=499 same=7709 tree-difference=2
[8232/100000] reference-disagreement wide:closure:raw:real:Trivia:203+attribute:testSpiAttributeWithUnderscore#2 len=276 artifacts=22 advent-overaccept=18 advent-underaccept=2 reference-disagreement=500 same=7710 tree-difference=2
[8250/100000] same attribute-boundary len=52 artifacts=22 advent-overaccept=18 advent-underaccept=2 reference-disagreement=500 same=7728 tree-difference=2
[8258/100000] reference-disagreement wide:ifconfig:duplicate:real:ResultBuilders:608 len=414 artifacts=22 advent-overaccept=18 advent-underaccept=2 reference-disagreement=501 same=7735 tree-difference=2
[8259/100000] reference-disagreement wide:trailing-closure:glue+line-comment:real:SyntaxParsable+ExpressibleByStringInterpolation:50 len=255 artifacts=22 advent-overaccept=18 advent-underaccept=2 reference-disagreement=502 same=7735 tree-difference=2
[8262/100000] reference-disagreement attribute-ifconfig-elseif-list len=127 artifacts=22 advent-overaccept=18 advent-underaccept=2 reference-disagreement=503 same=7737 tree-difference=2
[8284/100000] reference-disagreement tspl-divergence-protocol-body len=131 artifacts=22 advent-overaccept=18 advent-underaccept=2 reference-disagreement=504 same=7758 tree-difference=2
[8292/100000] advent-overaccept wide:ifconfig:block-comment+glue:translated:testSuper2e#1 len=210 artifacts=23 advent-overaccept=19 advent-underaccept=2 reference-disagreement=504 same=7765 tree-difference=2
[8334/100000] reference-disagreement wide:func-body:newline:real:SyntaxExpressibleByStringInterpolationConformances:217 len=172 artifacts=23 advent-overaccept=19 advent-underaccept=2 reference-disagreement=505 same=7806 tree-difference=2
[8355/100000] reference-disagreement ifconfig-member-context-boundary len=72 artifacts=23 advent-overaccept=19 advent-underaccept=2 reference-disagreement=506 same=7826 tree-difference=2
[8363/100000] reference-disagreement wide:extension-member:block-comment+keyword+newline:real:ParserDiagnosticMessages:44 len=103 artifacts=23 advent-overaccept=19 advent-underaccept=2 reference-disagreement=507 same=7833 tree-difference=2
[8369/100000] reference-disagreement wide:extension-member:raw:real:ResultBuilders:167+real:SyntaxNodeWithBody:98 len=268 artifacts=23 advent-overaccept=19 advent-underaccept=2 reference-disagreement=508 same=7838 tree-difference=2
[8437/100000] reference-disagreement wide:trailing-closure:newline+block-comment:phase2-literal:array-three+real:MissingNodeInitializers:34 len=166 artifacts=23 advent-overaccept=19 advent-underaccept=2 reference-disagreement=509 same=7905 tree-difference=2
[8458/100000] reference-disagreement wide:ifconfig:delete+keyword:real:WarningControlRegions:210 len=407 artifacts=23 advent-overaccept=19 advent-underaccept=2 reference-disagreement=510 same=7925 tree-difference=2
[8489/100000] reference-disagreement grammarish-member-list len=246 artifacts=23 advent-overaccept=19 advent-underaccept=2 reference-disagreement=511 same=7955 tree-difference=2
[8500/100000] same frontier:condition-trailing-closure-scope len=487 artifacts=23 advent-overaccept=19 advent-underaccept=2 reference-disagreement=511 same=7966 tree-difference=2
[8507/100000] reference-disagreement statement-list len=539 artifacts=23 advent-overaccept=19 advent-underaccept=2 reference-disagreement=512 same=7972 tree-difference=2
[8514/100000] reference-disagreement wide:struct-member:raw:real:BuildableNodes:1588 len=1060 artifacts=23 advent-overaccept=19 advent-underaccept=2 reference-disagreement=513 same=7978 tree-difference=2
[8523/100000] reference-disagreement grammarish-member-list len=303 artifacts=23 advent-overaccept=19 advent-underaccept=2 reference-disagreement=514 same=7986 tree-difference=2
[8525/100000] reference-disagreement tspl-divergence-protocol-body len=131 artifacts=23 advent-overaccept=19 advent-underaccept=2 reference-disagreement=515 same=7987 tree-difference=2
[8533/100000] reference-disagreement member-list-wide-boundary len=318 artifacts=23 advent-overaccept=19 advent-underaccept=2 reference-disagreement=516 same=7994 tree-difference=2
[8536/100000] reference-disagreement wide:trailing-closure:raw:translated:testBorrowingContextualParsing#3+attribute:testABIAttribute#13 len=153 artifacts=23 advent-overaccept=19 advent-underaccept=2 reference-disagreement=517 same=7996 tree-difference=2
[8538/100000] reference-disagreement wide:func-body:raw:real:SyntaxTraits:700 len=67 artifacts=23 advent-overaccept=19 advent-underaccept=2 reference-disagreement=518 same=7997 tree-difference=2
[8559/100000] reference-disagreement wide:closure:raw:attribute:testABIAttribute#18 len=57 artifacts=23 advent-overaccept=19 advent-underaccept=2 reference-disagreement=519 same=8017 tree-difference=2
[8570/100000] reference-disagreement wide:func-body:newline+newline:real:Expressions:1434 len=777 artifacts=23 advent-overaccept=19 advent-underaccept=2 reference-disagreement=520 same=8027 tree-difference=2
[8589/100000] advent-overaccept wide:trailing-closure:block-comment:declaration:testParseDynamicReplacement#4 len=88 artifacts=24 advent-overaccept=20 advent-underaccept=2 reference-disagreement=520 same=8045 tree-difference=2
[8593/100000] reference-disagreement tspl-divergence-protocol-body len=168 artifacts=24 advent-overaccept=20 advent-underaccept=2 reference-disagreement=521 same=8048 tree-difference=2
[8599/100000] reference-disagreement wide:func-body:raw:real:JSONDecoding:437 len=299 artifacts=24 advent-overaccept=20 advent-underaccept=2 reference-disagreement=522 same=8053 tree-difference=2
[8619/100000] reference-disagreement grammarish-member-list len=148 artifacts=24 advent-overaccept=20 advent-underaccept=2 reference-disagreement=523 same=8072 tree-difference=2
[8638/100000] reference-disagreement cast-try-operator-cluster len=24 artifacts=24 advent-overaccept=20 advent-underaccept=2 reference-disagreement=524 same=8090 tree-difference=2
[8640/100000] reference-disagreement wide:trailing-closure:glue+glue+space:attribute:testDerivativeAttribute#3 len=340 artifacts=24 advent-overaccept=20 advent-underaccept=2 reference-disagreement=525 same=8091 tree-difference=2
[8658/100000] reference-disagreement wide:struct-member:block-comment:real:GrammarNode:62 len=336 artifacts=24 advent-overaccept=20 advent-underaccept=2 reference-disagreement=526 same=8108 tree-difference=2
[8670/100000] reference-disagreement wide:func-body:raw:translated:testModuleSelectorCorrectCode#5+attribute:testABIAttribute#18 len=111 artifacts=24 advent-overaccept=20 advent-underaccept=2 reference-disagreement=527 same=8119 tree-difference=2
[8672/100000] reference-disagreement tspl-divergence-protocol-body len=123 artifacts=24 advent-overaccept=20 advent-underaccept=2 reference-disagreement=528 same=8120 tree-difference=2
[8684/100000] reference-disagreement tspl-divergence-protocol-body len=231 artifacts=24 advent-overaccept=20 advent-underaccept=2 reference-disagreement=529 same=8131 tree-difference=2
[8692/100000] reference-disagreement wide:func-body:glue:translated:testOperatorDeclDesignatedTypes15#1 len=75 artifacts=24 advent-overaccept=20 advent-underaccept=2 reference-disagreement=530 same=8138 tree-difference=2
[8740/100000] reference-disagreement cast-try-operator-cluster len=24 artifacts=24 advent-overaccept=20 advent-underaccept=2 reference-disagreement=531 same=8185 tree-difference=2
[8747/100000] reference-disagreement wide:closure:glue:real:WarningGroupControl:16+phase2-infix:is-cast len=256 artifacts=24 advent-overaccept=20 advent-underaccept=2 reference-disagreement=532 same=8191 tree-difference=2
[8750/100000] same keypath-component-matrix len=41 artifacts=24 advent-overaccept=20 advent-underaccept=2 reference-disagreement=532 same=8194 tree-difference=2
[8773/100000] reference-disagreement keypath-component-matrix len=45 artifacts=24 advent-overaccept=20 advent-underaccept=2 reference-disagreement=533 same=8216 tree-difference=2
[8780/100000] reference-disagreement wide:trailing-closure:splice:declaration:testInitializerWithReturnType#2 len=29 artifacts=24 advent-overaccept=20 advent-underaccept=2 reference-disagreement=534 same=8222 tree-difference=2
[8794/100000] reference-disagreement member-list-wide-boundary len=236 artifacts=24 advent-overaccept=20 advent-underaccept=2 reference-disagreement=535 same=8235 tree-difference=2
[8801/100000] reference-disagreement wide:trailing-closure:newline:real:DiagnosticDecorator:69 len=652 artifacts=24 advent-overaccept=20 advent-underaccept=2 reference-disagreement=536 same=8241 tree-difference=2
[8856/100000] reference-disagreement tspl-divergence-protocol-body len=166 artifacts=24 advent-overaccept=20 advent-underaccept=2 reference-disagreement=537 same=8295 tree-difference=2
[8891/100000] reference-disagreement wide:closure:raw:real:ParserDiagnosticMessages:675+real:WithTrailingCommaSyntax+EnsuringTrailingComma:19 len=757 artifacts=24 advent-overaccept=20 advent-underaccept=2 reference-disagreement=538 same=8329 tree-difference=2
[8909/100000] reference-disagreement wide:trailing-closure:line-comment+block-comment:real:Statements:19 len=640 artifacts=24 advent-overaccept=20 advent-underaccept=2 reference-disagreement=539 same=8346 tree-difference=2
[8959/100000] reference-disagreement wide:top:raw:expression:testBorrowExpression#4+translated:testTypeExpr8#1 len=291 artifacts=24 advent-overaccept=20 advent-underaccept=2 reference-disagreement=540 same=8395 tree-difference=2
[8960/100000] reference-disagreement declaration-modifier-stack len=34 artifacts=24 advent-overaccept=20 advent-underaccept=2 reference-disagreement=541 same=8395 tree-difference=2
[9000/100000] same effectful-function-type len=104 artifacts=24 advent-overaccept=20 advent-underaccept=2 reference-disagreement=541 same=8435 tree-difference=2
[9024/100000] reference-disagreement wide:trailing-closure:raw:translated:testDelayedExtension1#1+real:Operator:38 len=498 artifacts=24 advent-overaccept=20 advent-underaccept=2 reference-disagreement=542 same=8458 tree-difference=2
[9030/100000] reference-disagreement wide:closure:raw:real:RemoveSeparatorsFromIntegerLiteral:33 len=439 artifacts=24 advent-overaccept=20 advent-underaccept=2 reference-disagreement=543 same=8463 tree-difference=2
[9045/100000] reference-disagreement statement-list len=576 artifacts=24 advent-overaccept=20 advent-underaccept=2 reference-disagreement=544 same=8477 tree-difference=2
[9065/100000] reference-disagreement tspl-divergence-protocol-body len=131 artifacts=24 advent-overaccept=20 advent-underaccept=2 reference-disagreement=545 same=8496 tree-difference=2
[9070/100000] reference-disagreement member-list-wide-boundary len=138 artifacts=24 advent-overaccept=20 advent-underaccept=2 reference-disagreement=546 same=8500 tree-difference=2
[9086/100000] reference-disagreement attribute-ifconfig-elseif-list len=112 artifacts=24 advent-overaccept=20 advent-underaccept=2 reference-disagreement=547 same=8515 tree-difference=2
[9090/100000] reference-disagreement wide:extension-member:raw:translated:testDeprecatedWhere11#1 len=258 artifacts=24 advent-overaccept=20 advent-underaccept=2 reference-disagreement=548 same=8518 tree-difference=2
[9096/100000] reference-disagreement wide:extension-member:line-comment+glue:real:SyntaxExpressibleByStringInterpolationConformances:43 len=90 artifacts=24 advent-overaccept=20 advent-underaccept=2 reference-disagreement=549 same=8523 tree-difference=2
[9109/100000] reference-disagreement tspl-divergence-protocol-body len=81 artifacts=24 advent-overaccept=20 advent-underaccept=2 reference-disagreement=550 same=8535 tree-difference=2
[9129/100000] reference-disagreement grammarish-member-list len=269 artifacts=24 advent-overaccept=20 advent-underaccept=2 reference-disagreement=551 same=8554 tree-difference=2
[9137/100000] reference-disagreement wide:closure:delete:real:LexerDiagnosticMessages:128+phase3-function:func-async len=236 artifacts=24 advent-overaccept=20 advent-underaccept=2 reference-disagreement=552 same=8561 tree-difference=2
[9139/100000] reference-disagreement attribute-ifconfig-elseif-list len=118 artifacts=24 advent-overaccept=20 advent-underaccept=2 reference-disagreement=553 same=8562 tree-difference=2
[9143/100000] reference-disagreement grammarish-member-list len=475 artifacts=24 advent-overaccept=20 advent-underaccept=2 reference-disagreement=554 same=8565 tree-difference=2
[9174/100000] reference-disagreement attribute-ifconfig-elseif-list len=126 artifacts=24 advent-overaccept=20 advent-underaccept=2 reference-disagreement=555 same=8595 tree-difference=2
[9185/100000] reference-disagreement tspl-divergence-accessor-commitment len=78 artifacts=24 advent-overaccept=20 advent-underaccept=2 reference-disagreement=556 same=8605 tree-difference=2
[9188/100000] reference-disagreement wide:extension-member:glue+newline:real:TokenSpec:197 len=982 artifacts=24 advent-overaccept=20 advent-underaccept=2 reference-disagreement=557 same=8607 tree-difference=2
[9231/100000] reference-disagreement wide:trailing-closure:line-comment:real:LoopProgressCondition:45 len=658 artifacts=24 advent-overaccept=20 advent-underaccept=2 reference-disagreement=558 same=8649 tree-difference=2
[9250/100000] same frontier:protocol-accessor-shape len=83 artifacts=24 advent-overaccept=20 advent-underaccept=2 reference-disagreement=558 same=8668 tree-difference=2
[9287/100000] reference-disagreement attribute-ifconfig-elseif-list len=125 artifacts=24 advent-overaccept=20 advent-underaccept=2 reference-disagreement=559 same=8704 tree-difference=2
[9298/100000] reference-disagreement wide:closure:raw:expression:testUnsafeExpr#5+phase4-macro:macro-args len=71 artifacts=24 advent-overaccept=20 advent-underaccept=2 reference-disagreement=560 same=8714 tree-difference=2
[9308/100000] reference-disagreement wide:func-body:delete+duplicate+delete:reject:testDeinitAsyncThrows#1 len=65 artifacts=24 advent-overaccept=20 advent-underaccept=2 reference-disagreement=561 same=8723 tree-difference=2
[9310/100000] reference-disagreement wide:func-body:line-comment:real:SyntaxTraits:686 len=80 artifacts=24 advent-overaccept=20 advent-underaccept=2 reference-disagreement=562 same=8724 tree-difference=2
[9358/100000] reference-disagreement wide:closure:raw:real:SyntaxTraits:47+translated:testInvalidStringInterpolationProtocol5#1 len=904 artifacts=24 advent-overaccept=20 advent-underaccept=2 reference-disagreement=563 same=8771 tree-difference=2
[9362/100000] advent-underaccept wide:ifconfig:keyword:phase4-keypath:kp-root-meta-opt len=33 artifacts=25 advent-overaccept=20 advent-underaccept=3 reference-disagreement=563 same=8774 tree-difference=2
[9394/100000] reference-disagreement wide:trailing-closure:line-comment:real:ResultBuilders:215 len=129 artifacts=25 advent-overaccept=20 advent-underaccept=3 reference-disagreement=564 same=8805 tree-difference=2
[9408/100000] reference-disagreement nested-ifconfig-boundary len=113 artifacts=25 advent-overaccept=20 advent-underaccept=3 reference-disagreement=565 same=8818 tree-difference=2
[9411/100000] reference-disagreement func-body len=458 artifacts=25 advent-overaccept=20 advent-underaccept=3 reference-disagreement=566 same=8820 tree-difference=2
[9414/100000] reference-disagreement wide:extension-member:line-comment:real:SyntaxTraits:399 len=713 artifacts=25 advent-overaccept=20 advent-underaccept=3 reference-disagreement=567 same=8822 tree-difference=2
[9418/100000] reference-disagreement wide:ifconfig:newline+newline+space:expression:testKeyPathMethodAndInitializers#3 len=37 artifacts=25 advent-overaccept=20 advent-underaccept=3 reference-disagreement=568 same=8825 tree-difference=2
[9423/100000] reference-disagreement attribute-ifconfig-elseif-list len=118 artifacts=25 advent-overaccept=20 advent-underaccept=3 reference-disagreement=569 same=8829 tree-difference=2
[9425/100000] reference-disagreement tspl-divergence-protocol-body len=180 artifacts=25 advent-overaccept=20 advent-underaccept=3 reference-disagreement=570 same=8830 tree-difference=2
[9448/100000] reference-disagreement wide:func-body:splice+line-comment+block-comment:real:SyntaxExpressibleByStringInterpolationConformances:247+phase4-keypath:kp-rooted len=118 artifacts=25 advent-overaccept=20 advent-underaccept=3 reference-disagreement=571 same=8852 tree-difference=2
[9470/100000] reference-disagreement wide:extension-member:block-comment+glue+keyword:real:SyntaxTraits:308 len=683 artifacts=25 advent-overaccept=20 advent-underaccept=3 reference-disagreement=572 same=8873 tree-difference=2
[9500/100000] same frontier:generic-member-type-shape len=288 artifacts=25 advent-overaccept=20 advent-underaccept=3 reference-disagreement=572 same=8903 tree-difference=2
[9571/100000] reference-disagreement wide:after-statement:keyword+newline+glue:declaration:testUsing#8 len=41 artifacts=25 advent-overaccept=20 advent-underaccept=3 reference-disagreement=573 same=8973 tree-difference=2
[9585/100000] reference-disagreement wide:struct-member:raw:real:SyntaxTraits:708+translated:testInvalid36#1 len=116 artifacts=25 advent-overaccept=20 advent-underaccept=3 reference-disagreement=574 same=8986 tree-difference=2
[9588/100000] reference-disagreement keypath-boundary len=37 artifacts=25 advent-overaccept=20 advent-underaccept=3 reference-disagreement=575 same=8988 tree-difference=2
[9599/100000] reference-disagreement wide:func-body:block-comment:translated:testForwardSlashRegex122#1+real:ResultBuilders:128 len=258 artifacts=25 advent-overaccept=20 advent-underaccept=3 reference-disagreement=576 same=8998 tree-difference=2
[9647/100000] reference-disagreement tspl-divergence-accessor-commitment len=78 artifacts=25 advent-overaccept=20 advent-underaccept=3 reference-disagreement=577 same=9045 tree-difference=2
[9648/100000] reference-disagreement wide:ifconfig:line-comment+delete+glue:reject:testDeinitAsyncAwait#1 len=71 artifacts=25 advent-overaccept=20 advent-underaccept=3 reference-disagreement=578 same=9045 tree-difference=2
[9651/100000] reference-disagreement wide:trailing-closure:line-comment:real:RawSyntax:187 len=307 artifacts=25 advent-overaccept=20 advent-underaccept=3 reference-disagreement=579 same=9047 tree-difference=2
[9665/100000] reference-disagreement wide:trailing-closure:space:translated:testEnum12#1 len=49 artifacts=25 advent-overaccept=20 advent-underaccept=3 reference-disagreement=580 same=9060 tree-difference=2
[9669/100000] reference-disagreement wide:closure:newline+space+glue:declaration:testImports#3 len=64 artifacts=25 advent-overaccept=20 advent-underaccept=3 reference-disagreement=581 same=9063 tree-difference=2
[9678/100000] reference-disagreement wide:func-body:space+glue:real:SyntaxUtils:71+translated:testMetatypeObjectConversion4#1 len=251 artifacts=25 advent-overaccept=20 advent-underaccept=3 reference-disagreement=582 same=9071 tree-difference=2
[9712/100000] reference-disagreement wide:extension-member:raw:real:SyntaxExpressibleByStringInterpolationConformances:148 len=95 artifacts=25 advent-overaccept=20 advent-underaccept=3 reference-disagreement=583 same=9104 tree-difference=2
[9718/100000] reference-disagreement binding-pattern len=458 artifacts=25 advent-overaccept=20 advent-underaccept=3 reference-disagreement=584 same=9109 tree-difference=2
[9732/100000] reference-disagreement wide:before-statement:raw:translated:testSwitch13#1 len=54 artifacts=25 advent-overaccept=20 advent-underaccept=3 reference-disagreement=585 same=9122 tree-difference=2
[9749/100000] reference-disagreement tspl-divergence-protocol-body len=198 artifacts=25 advent-overaccept=20 advent-underaccept=3 reference-disagreement=586 same=9138 tree-difference=2
[9750/100000] same wide:top:newline:translated:testRegexLikeOperator#1 len=19 artifacts=25 advent-overaccept=20 advent-underaccept=3 reference-disagreement=586 same=9139 tree-difference=2
[9797/100000] reference-disagreement wide:trailing-closure:raw:attribute:testABIAttribute#2 len=60 artifacts=25 advent-overaccept=20 advent-underaccept=3 reference-disagreement=587 same=9185 tree-difference=2
[9803/100000] reference-disagreement wide:before-statement:raw:translated:testPatternWithoutVariables5#1 len=469 artifacts=25 advent-overaccept=20 advent-underaccept=3 reference-disagreement=588 same=9190 tree-difference=2
[9819/100000] reference-disagreement member-list-wide-boundary len=180 artifacts=25 advent-overaccept=20 advent-underaccept=3 reference-disagreement=589 same=9205 tree-difference=2
[9863/100000] reference-disagreement tspl-divergence-accessor-commitment len=78 artifacts=25 advent-overaccept=20 advent-underaccept=3 reference-disagreement=590 same=9248 tree-difference=2
[9865/100000] reference-disagreement wide:struct-member:block-comment:real:SyntaxProtocol+Formatted:19 len=272 artifacts=25 advent-overaccept=20 advent-underaccept=3 reference-disagreement=591 same=9249 tree-difference=2
[9877/100000] reference-disagreement wide:struct-member:block-comment:real:ResultBuilders:544 len=217 artifacts=25 advent-overaccept=20 advent-underaccept=3 reference-disagreement=592 same=9260 tree-difference=2
[9893/100000] reference-disagreement grammarish-member-list len=110 artifacts=25 advent-overaccept=20 advent-underaccept=3 reference-disagreement=593 same=9275 tree-difference=2
[9899/100000] reference-disagreement wide:func-body:block-comment:expression:testConsumeExpression#1+real:LayoutNodes+Parsable:71 len=226 artifacts=25 advent-overaccept=20 advent-underaccept=3 reference-disagreement=594 same=9280 tree-difference=2
[9904/100000] reference-disagreement wide:struct-member:raw:translated:testInitDeinit14#1 len=145 artifacts=25 advent-overaccept=20 advent-underaccept=3 reference-disagreement=595 same=9284 tree-difference=2
[9911/100000] reference-disagreement wide:trailing-closure:raw:real:ResultBuilders:189 len=119 artifacts=25 advent-overaccept=20 advent-underaccept=3 reference-disagreement=596 same=9290 tree-difference=2
[9930/100000] reference-disagreement tspl-divergence-protocol-body len=136 artifacts=25 advent-overaccept=20 advent-underaccept=3 reference-disagreement=597 same=9308 tree-difference=2
[9944/100000] advent-overaccept wide:func-body:glue+block-comment+glue:type:testNonisolatedSpecifier#8 len=96 artifacts=26 advent-overaccept=21 advent-underaccept=3 reference-disagreement=597 same=9321 tree-difference=2
[9952/100000] reference-disagreement attribute-ifconfig-elseif-list len=112 artifacts=26 advent-overaccept=21 advent-underaccept=3 reference-disagreement=598 same=9328 tree-difference=2
[9981/100000] reference-disagreement keypath-component-matrix len=49 artifacts=26 advent-overaccept=21 advent-underaccept=3 reference-disagreement=599 same=9356 tree-difference=2
[9984/100000] reference-disagreement wide:after-statement:block-comment:declaration:testProtocolParsing#3+expression:testPostProcessMultilineStringLiteral#2 len=178 artifacts=26 advent-overaccept=21 advent-underaccept=3 reference-disagreement=600 same=9358 tree-difference=2
[10000/100000] same wide:trailing-closure:duplicate+space:type:testInverseTypesInParameter#1 len=48 artifacts=26 advent-overaccept=21 advent-underaccept=3 reference-disagreement=600 same=9374 tree-difference=2
[10005/100000] reference-disagreement wide:after-statement:raw:translated:testDiagnoseAvailability7#1 len=110 artifacts=26 advent-overaccept=21 advent-underaccept=3 reference-disagreement=601 same=9378 tree-difference=2
[10008/100000] reference-disagreement attribute-ifconfig-elseif-list len=111 artifacts=26 advent-overaccept=21 advent-underaccept=3 reference-disagreement=602 same=9380 tree-difference=2
[10016/100000] reference-disagreement wide:closure:raw:phase4-misc:typealias-public len=46 artifacts=26 advent-overaccept=21 advent-underaccept=3 reference-disagreement=603 same=9387 tree-difference=2
[10020/100000] reference-disagreement wide:closure:glue:declaration:testParseRetroactiveExtension#1+fuzz-harvest:dot-own-line len=94 artifacts=26 advent-overaccept=21 advent-underaccept=3 reference-disagreement=604 same=9390 tree-difference=2
[10024/100000] reference-disagreement wide:func-body:line-comment:real:BuildableNodes:1503 len=1047 artifacts=26 advent-overaccept=21 advent-underaccept=3 reference-disagreement=605 same=9393 tree-difference=2
[10034/100000] reference-disagreement grammarish-member-list len=196 artifacts=26 advent-overaccept=21 advent-underaccept=3 reference-disagreement=606 same=9402 tree-difference=2
[10054/100000] reference-disagreement wide:struct-member:newline+space+line-comment:real:SyntaxTraits:698 len=87 artifacts=26 advent-overaccept=21 advent-underaccept=3 reference-disagreement=607 same=9421 tree-difference=2
[10067/100000] reference-disagreement tspl-divergence-protocol-body len=230 artifacts=26 advent-overaccept=21 advent-underaccept=3 reference-disagreement=608 same=9433 tree-difference=2
[10071/100000] reference-disagreement wide:func-body:glue+glue:real:BuildableNodes:1017 len=1079 artifacts=26 advent-overaccept=21 advent-underaccept=3 reference-disagreement=609 same=9436 tree-difference=2
[10073/100000] reference-disagreement tspl-divergence-protocol-body len=127 artifacts=26 advent-overaccept=21 advent-underaccept=3 reference-disagreement=610 same=9437 tree-difference=2
[10075/100000] reference-disagreement wide:closure:raw:real:ParserDiagnosticMessages:339 len=676 artifacts=26 advent-overaccept=21 advent-underaccept=3 reference-disagreement=611 same=9438 tree-difference=2
[10097/100000] reference-disagreement wide:closure:delete:real:ExpandEditorPlaceholder:501 len=135 artifacts=26 advent-overaccept=21 advent-underaccept=3 reference-disagreement=612 same=9459 tree-difference=2
[10104/100000] advent-overaccept wide:before-statement:raw:type:testLifetimeSpecifier#5 len=49 artifacts=27 advent-overaccept=22 advent-underaccept=3 reference-disagreement=612 same=9465 tree-difference=2
[10114/100000] reference-disagreement wide:func-body:block-comment+block-comment+glue:real:Syntax+StringInterpolation:524 len=79 artifacts=27 advent-overaccept=22 advent-underaccept=3 reference-disagreement=613 same=9474 tree-difference=2
[10127/100000] reference-disagreement binding-pattern len=458 artifacts=27 advent-overaccept=22 advent-underaccept=3 reference-disagreement=614 same=9486 tree-difference=2
[10149/100000] reference-disagreement seed-corpus-wrapped:extension-optional-type len=53 artifacts=27 advent-overaccept=22 advent-underaccept=3 reference-disagreement=615 same=9507 tree-difference=2
[10163/100000] reference-disagreement wide:extension-member:raw:real:ScopeImplementations:752 len=184 artifacts=27 advent-overaccept=22 advent-underaccept=3 reference-disagreement=616 same=9520 tree-difference=2
[10210/100000] reference-disagreement tspl-divergence-protocol-body len=134 artifacts=27 advent-overaccept=22 advent-underaccept=3 reference-disagreement=617 same=9566 tree-difference=2
[10212/100000] reference-disagreement tspl-divergence-protocol-body len=202 artifacts=27 advent-overaccept=22 advent-underaccept=3 reference-disagreement=618 same=9567 tree-difference=2
[10223/100000] reference-disagreement statement-list len=677 artifacts=27 advent-overaccept=22 advent-underaccept=3 reference-disagreement=619 same=9577 tree-difference=2
[10226/100000] reference-disagreement wide:ifconfig:raw:translated:testSwitch11#1+real:SyntaxTraits:542 len=490 artifacts=27 advent-overaccept=22 advent-underaccept=3 reference-disagreement=620 same=9579 tree-difference=2
[10241/100000] reference-disagreement statement-list len=522 artifacts=27 advent-overaccept=22 advent-underaccept=3 reference-disagreement=621 same=9593 tree-difference=2
[10250/100000] same accessor-effect-boundary len=84 artifacts=27 advent-overaccept=22 advent-underaccept=3 reference-disagreement=621 same=9602 tree-difference=2
[10252/100000] reference-disagreement wide:func-body:raw:real:ConvenienceInitializers:232 len=82 artifacts=27 advent-overaccept=22 advent-underaccept=3 reference-disagreement=622 same=9603 tree-difference=2
[10254/100000] reference-disagreement wide:extension-member:glue:translated:testMatchingPatterns29#1 len=224 artifacts=27 advent-overaccept=22 advent-underaccept=3 reference-disagreement=623 same=9604 tree-difference=2
[10255/100000] reference-disagreement wide:func-body:raw:real:BuildableNodes:1414 len=1032 artifacts=27 advent-overaccept=22 advent-underaccept=3 reference-disagreement=624 same=9604 tree-difference=2
[10260/100000] reference-disagreement grammarish-member-list len=426 artifacts=27 advent-overaccept=22 advent-underaccept=3 reference-disagreement=625 same=9608 tree-difference=2
[10263/100000] reference-disagreement wide:closure:splice+duplicate+keyword:real:ActiveSyntaxRewriter:476 len=646 artifacts=27 advent-overaccept=22 advent-underaccept=3 reference-disagreement=626 same=9610 tree-difference=2
[10268/100000] reference-disagreement attribute-ifconfig-elseif-list len=100 artifacts=27 advent-overaccept=22 advent-underaccept=3 reference-disagreement=627 same=9614 tree-difference=2
[10269/100000] reference-disagreement tspl-divergence-accessor-commitment len=78 artifacts=27 advent-overaccept=22 advent-underaccept=3 reference-disagreement=628 same=9614 tree-difference=2
[10291/100000] reference-disagreement keypath-component-matrix len=53 artifacts=27 advent-overaccept=22 advent-underaccept=3 reference-disagreement=629 same=9635 tree-difference=2
[10295/100000] reference-disagreement wide:trailing-closure:space:real:ResultBuilders:167 len=211 artifacts=27 advent-overaccept=22 advent-underaccept=3 reference-disagreement=630 same=9638 tree-difference=2
[10310/100000] reference-disagreement wide:closure:raw:type:testNestedLowercaseSelf#1+real:SyntaxTraits:692 len=135 artifacts=27 advent-overaccept=22 advent-underaccept=3 reference-disagreement=631 same=9652 tree-difference=2
[10312/100000] reference-disagreement attribute-ifconfig-elseif-list len=108 artifacts=27 advent-overaccept=22 advent-underaccept=3 reference-disagreement=632 same=9653 tree-difference=2
[10313/100000] reference-disagreement wide:func-body:raw:real:ResultBuilders:150 len=128 artifacts=27 advent-overaccept=22 advent-underaccept=3 reference-disagreement=633 same=9653 tree-difference=2
[10315/100000] reference-disagreement keypath-boundary len=38 artifacts=27 advent-overaccept=22 advent-underaccept=3 reference-disagreement=634 same=9654 tree-difference=2
[10316/100000] reference-disagreement wide:trailing-closure:glue:real:RawSyntaxNodesQRS:17 len=76 artifacts=27 advent-overaccept=22 advent-underaccept=3 reference-disagreement=635 same=9654 tree-difference=2
[10350/100000] advent-overaccept wide:func-body:block-comment:real:SyntaxExpressibleByStringInterpolationConformances:253+reject:testConflictMarkers12#1 len=308 artifacts=28 advent-overaccept=23 advent-underaccept=3 reference-disagreement=635 same=9687 tree-difference=2
[10360/100000] reference-disagreement attribute-ifconfig-elseif-list len=151 artifacts=28 advent-overaccept=23 advent-underaccept=3 reference-disagreement=636 same=9696 tree-difference=2
[10384/100000] reference-disagreement wide:trailing-closure:newline:real:ResultBuilders:306+translated:testMatchingPatterns18#1 len=256 artifacts=28 advent-overaccept=23 advent-underaccept=3 reference-disagreement=637 same=9719 tree-difference=2
[10387/100000] reference-disagreement wide:struct-member:splice:real:SyntaxUtils:35+real:MissingNodesError:137 len=480 artifacts=28 advent-overaccept=23 advent-underaccept=3 reference-disagreement=638 same=9721 tree-difference=2
[10424/100000] reference-disagreement wide:closure:keyword+glue+glue:real:AbsolutePosition:15 len=375 artifacts=28 advent-overaccept=23 advent-underaccept=3 reference-disagreement=639 same=9757 tree-difference=2
[10451/100000] reference-disagreement statement-list len=620 artifacts=28 advent-overaccept=23 advent-underaccept=3 reference-disagreement=640 same=9783 tree-difference=2
[10500/100000] same wide:interpolation:duplicate+newline+swap:translated:testOperatorDecl17#1 len=103 artifacts=28 advent-overaccept=23 advent-underaccept=3 reference-disagreement=640 same=9832 tree-difference=2
[10525/100000] reference-disagreement wide:struct-member:newline:real:MissingNodeInitializers:26 len=148 artifacts=28 advent-overaccept=23 advent-underaccept=3 reference-disagreement=641 same=9856 tree-difference=2
[10531/100000] reference-disagreement wide:func-body:raw:real:LayoutNodes+Parsable:239+translated:testGenericDisambiguation5#1 len=864 artifacts=28 advent-overaccept=23 advent-underaccept=3 reference-disagreement=642 same=9861 tree-difference=2
[10555/100000] reference-disagreement keypath-boundary len=40 artifacts=28 advent-overaccept=23 advent-underaccept=3 reference-disagreement=643 same=9884 tree-difference=2
[10566/100000] reference-disagreement wide:trailing-closure:raw:real:LexerDiagnosticMessages:153 len=750 artifacts=28 advent-overaccept=23 advent-underaccept=3 reference-disagreement=644 same=9894 tree-difference=2
[10584/100000] reference-disagreement statement-list len=642 artifacts=28 advent-overaccept=23 advent-underaccept=3 reference-disagreement=645 same=9911 tree-difference=2
[10610/100000] reference-disagreement wide:closure:raw:real:VersionTuple:66+translated:testRawString9#1 len=243 artifacts=28 advent-overaccept=23 advent-underaccept=3 reference-disagreement=646 same=9936 tree-difference=2
[10616/100000] reference-disagreement tspl-divergence-protocol-body len=175 artifacts=28 advent-overaccept=23 advent-underaccept=3 reference-disagreement=647 same=9941 tree-difference=2
[10687/100000] reference-disagreement wide:closure:keyword:declaration:testCoroutineAccessors#1 len=95 artifacts=28 advent-overaccept=23 advent-underaccept=3 reference-disagreement=648 same=10011 tree-difference=2
[10688/100000] advent-overaccept wide:closure:newline:type:testLifetimeSpecifier#2 len=54 artifacts=29 advent-overaccept=24 advent-underaccept=3 reference-disagreement=648 same=10011 tree-difference=2
[10698/100000] tree-difference wide:ifconfig:line-comment+keyword:type:probeTildeAngleSpaced#1 len=46 artifacts=30 advent-overaccept=24 advent-underaccept=3 reference-disagreement=648 same=10020 tree-difference=3
[10713/100000] reference-disagreement grammarish-member-list len=361 artifacts=30 advent-overaccept=24 advent-underaccept=3 reference-disagreement=649 same=10034 tree-difference=3
[10727/100000] reference-disagreement tspl-divergence-accessor-commitment len=78 artifacts=30 advent-overaccept=24 advent-underaccept=3 reference-disagreement=650 same=10047 tree-difference=3
[10749/100000] reference-disagreement nested-ifconfig-boundary len=117 artifacts=30 advent-overaccept=24 advent-underaccept=3 reference-disagreement=651 same=10068 tree-difference=3
[10750/100000] same subscript-call-boundary len=34 artifacts=30 advent-overaccept=24 advent-underaccept=3 reference-disagreement=651 same=10069 tree-difference=3
[10754/100000] reference-disagreement tspl-divergence-protocol-body len=198 artifacts=30 advent-overaccept=24 advent-underaccept=3 reference-disagreement=652 same=10072 tree-difference=3
[10755/100000] reference-disagreement member-list-wide-boundary len=523 artifacts=30 advent-overaccept=24 advent-underaccept=3 reference-disagreement=653 same=10072 tree-difference=3
[10790/100000] reference-disagreement tspl-divergence-protocol-body len=112 artifacts=30 advent-overaccept=24 advent-underaccept=3 reference-disagreement=654 same=10106 tree-difference=3
[10794/100000] reference-disagreement wide:func-body:raw:real:SyntaxTraits:517 len=760 artifacts=30 advent-overaccept=24 advent-underaccept=3 reference-disagreement=655 same=10109 tree-difference=3
[10834/100000] reference-disagreement wide:struct-member:raw:expression:testKeyPathMethodAndInitializers#18 len=47 artifacts=30 advent-overaccept=24 advent-underaccept=3 reference-disagreement=656 same=10148 tree-difference=3
[10839/100000] reference-disagreement tspl-divergence-protocol-body len=127 artifacts=30 advent-overaccept=24 advent-underaccept=3 reference-disagreement=657 same=10152 tree-difference=3
[10847/100000] reference-disagreement binding-pattern len=458 artifacts=30 advent-overaccept=24 advent-underaccept=3 reference-disagreement=658 same=10159 tree-difference=3
[10851/100000] reference-disagreement grammarish-member-list len=352 artifacts=30 advent-overaccept=24 advent-underaccept=3 reference-disagreement=659 same=10162 tree-difference=3
[10855/100000] reference-disagreement wide:top:raw:translated:testModuleSelectorAttrs#2 len=111 artifacts=30 advent-overaccept=24 advent-underaccept=3 reference-disagreement=660 same=10165 tree-difference=3
[10863/100000] reference-disagreement wide:closure:newline:real:SyntaxTraits:686 len=80 artifacts=30 advent-overaccept=24 advent-underaccept=3 reference-disagreement=661 same=10172 tree-difference=3
[10877/100000] reference-disagreement grammarish-member-list len=427 artifacts=30 advent-overaccept=24 advent-underaccept=3 reference-disagreement=662 same=10185 tree-difference=3
[10904/100000] reference-disagreement grammarish-member-list len=420 artifacts=30 advent-overaccept=24 advent-underaccept=3 reference-disagreement=663 same=10211 tree-difference=3
[10911/100000] reference-disagreement declaration-modifier-stack len=34 artifacts=30 advent-overaccept=24 advent-underaccept=3 reference-disagreement=664 same=10217 tree-difference=3
[10918/100000] reference-disagreement declaration-modifier-stack len=34 artifacts=30 advent-overaccept=24 advent-underaccept=3 reference-disagreement=665 same=10223 tree-difference=3
[10932/100000] reference-disagreement tspl-divergence-accessor-commitment len=78 artifacts=30 advent-overaccept=24 advent-underaccept=3 reference-disagreement=666 same=10236 tree-difference=3
[10933/100000] reference-disagreement wide:extension-member:keyword:phase4-available:avail-unavailable len=53 artifacts=30 advent-overaccept=24 advent-underaccept=3 reference-disagreement=667 same=10236 tree-difference=3
[10934/100000] reference-disagreement tspl-divergence-protocol-body len=168 artifacts=30 advent-overaccept=24 advent-underaccept=3 reference-disagreement=668 same=10236 tree-difference=3
[10944/100000] reference-disagreement wide:trailing-closure:raw:real:Parameters:21+real:MissingNodesError:253 len=367 artifacts=30 advent-overaccept=24 advent-underaccept=3 reference-disagreement=669 same=10245 tree-difference=3
[10957/100000] reference-disagreement member-list-wide-boundary len=284 artifacts=30 advent-overaccept=24 advent-underaccept=3 reference-disagreement=670 same=10257 tree-difference=3
[10959/100000] reference-disagreement wide:trailing-closure:newline+newline:type:testInverseTypesInParameter#10+real:ParserDiagnosticMessages:307 len=288 artifacts=30 advent-overaccept=24 advent-underaccept=3 reference-disagreement=671 same=10258 tree-difference=3
[10964/100000] reference-disagreement wide:extension-member:newline:real:IdentifiableSyntax:52 len=118 artifacts=30 advent-overaccept=24 advent-underaccept=3 reference-disagreement=672 same=10262 tree-difference=3
[10966/100000] reference-disagreement wide:extension-member:raw:declaration:testOperators#2 len=293 artifacts=30 advent-overaccept=24 advent-underaccept=3 reference-disagreement=673 same=10263 tree-difference=3
[10971/100000] reference-disagreement wide:func-body:newline+glue:real:LexerDiagnosticMessages:23 len=68 artifacts=30 advent-overaccept=24 advent-underaccept=3 reference-disagreement=674 same=10267 tree-difference=3
[11000/100000] same wide:after-statement:splice:real:LayoutNodes+Parsable:215 len=179 artifacts=30 advent-overaccept=24 advent-underaccept=3 reference-disagreement=674 same=10296 tree-difference=3
[11005/100000] reference-disagreement wide:trailing-closure:block-comment:translated:testTypeExpr5#1 len=42 artifacts=30 advent-overaccept=24 advent-underaccept=3 reference-disagreement=675 same=10300 tree-difference=3
[11020/100000] reference-disagreement attribute-ifconfig-elseif-list len=138 artifacts=30 advent-overaccept=24 advent-underaccept=3 reference-disagreement=676 same=10314 tree-difference=3
[11029/100000] reference-disagreement wide:closure:raw:real:ResultBuilders:241 len=158 artifacts=30 advent-overaccept=24 advent-underaccept=3 reference-disagreement=677 same=10322 tree-difference=3
[11045/100000] reference-disagreement wide:extension-member:space+newline:real:SyntaxTraits:780 len=76 artifacts=30 advent-overaccept=24 advent-underaccept=3 reference-disagreement=678 same=10337 tree-difference=3
[11100/100000] reference-disagreement wide:struct-member:block-comment+keyword:real:SyntaxExpressibleByStringInterpolationConformances:115 len=62 artifacts=30 advent-overaccept=24 advent-underaccept=3 reference-disagreement=679 same=10391 tree-difference=3
[11102/100000] reference-disagreement tspl-divergence-accessor-commitment len=49 artifacts=30 advent-overaccept=24 advent-underaccept=3 reference-disagreement=680 same=10392 tree-difference=3
[11111/100000] reference-disagreement wide:struct-member:line-comment+line-comment+block-comment:real:ResultBuilders:241+real:ResultBuilders:414 len=353 artifacts=30 advent-overaccept=24 advent-underaccept=3 reference-disagreement=681 same=10400 tree-difference=3
[11112/100000] reference-disagreement wide:func-body:newline:real:SyntaxExtensions:217 len=430 artifacts=30 advent-overaccept=24 advent-underaccept=3 reference-disagreement=682 same=10400 tree-difference=3
[11115/100000] reference-disagreement tspl-divergence-protocol-body len=221 artifacts=30 advent-overaccept=24 advent-underaccept=3 reference-disagreement=683 same=10402 tree-difference=3
[11168/100000] reference-disagreement wide:extension-member:raw:real:MissingNodesError:253 len=278 artifacts=30 advent-overaccept=24 advent-underaccept=3 reference-disagreement=684 same=10454 tree-difference=3
[11175/100000] reference-disagreement tspl-divergence-protocol-body len=201 artifacts=30 advent-overaccept=24 advent-underaccept=3 reference-disagreement=685 same=10460 tree-difference=3
[11184/100000] reference-disagreement grammarish-member-list len=208 artifacts=30 advent-overaccept=24 advent-underaccept=3 reference-disagreement=686 same=10468 tree-difference=3
[11194/100000] reference-disagreement wide:closure:newline+keyword:real:SyntaxLiteralUtils:21+translated:testModuleSelectorExpr#3 len=219 artifacts=30 advent-overaccept=24 advent-underaccept=3 reference-disagreement=687 same=10477 tree-difference=3
[11204/100000] reference-disagreement binding-pattern len=458 artifacts=30 advent-overaccept=24 advent-underaccept=3 reference-disagreement=688 same=10486 tree-difference=3
[11229/100000] reference-disagreement attribute-ifconfig-elseif-list len=119 artifacts=30 advent-overaccept=24 advent-underaccept=3 reference-disagreement=689 same=10510 tree-difference=3
[11241/100000] reference-disagreement tspl-divergence-protocol-body len=185 artifacts=30 advent-overaccept=24 advent-underaccept=3 reference-disagreement=690 same=10521 tree-difference=3
[11250/100000] same wide:interpolation:block-comment+line-comment:translated:testForwardSlashRegex83#1 len=82 artifacts=30 advent-overaccept=24 advent-underaccept=3 reference-disagreement=690 same=10530 tree-difference=3
[11254/100000] tree-difference wide:extension-member:block-comment:real:MacroArgument:21 len=344 artifacts=31 advent-overaccept=24 advent-underaccept=3 reference-disagreement=690 same=10533 tree-difference=4
[11267/100000] reference-disagreement wide:closure:glue:translated:testOperatorDecl16#1 len=65 artifacts=31 advent-overaccept=24 advent-underaccept=3 reference-disagreement=691 same=10545 tree-difference=4
[11271/100000] reference-disagreement statement-list len=572 artifacts=31 advent-overaccept=24 advent-underaccept=3 reference-disagreement=692 same=10548 tree-difference=4
[11315/100000] reference-disagreement wide:closure:block-comment:phase3-modifier:public-func len=49 artifacts=31 advent-overaccept=24 advent-underaccept=3 reference-disagreement=693 same=10591 tree-difference=4
[11322/100000] reference-disagreement tspl-divergence-accessor-commitment len=78 artifacts=31 advent-overaccept=24 advent-underaccept=3 reference-disagreement=694 same=10597 tree-difference=4
[11330/100000] reference-disagreement wide:trailing-closure:raw:real:ResultBuilders:98 len=113 artifacts=31 advent-overaccept=24 advent-underaccept=3 reference-disagreement=695 same=10604 tree-difference=4
[11348/100000] reference-disagreement keypath-boundary len=37 artifacts=31 advent-overaccept=24 advent-underaccept=3 reference-disagreement=696 same=10621 tree-difference=4
[11350/100000] reference-disagreement wide:ifconfig:raw:attribute:testImplementsAttribute#1 len=316 artifacts=31 advent-overaccept=24 advent-underaccept=3 reference-disagreement=697 same=10622 tree-difference=4
[11363/100000] reference-disagreement attribute-ifconfig-elseif-list len=116 artifacts=31 advent-overaccept=24 advent-underaccept=3 reference-disagreement=698 same=10634 tree-difference=4
[11398/100000] reference-disagreement tspl-divergence-protocol-body len=197 artifacts=31 advent-overaccept=24 advent-underaccept=3 reference-disagreement=699 same=10668 tree-difference=4
[11400/100000] reference-disagreement wide:extension-member:splice:translated:testTry10#1+real:Descriptor:27 len=760 artifacts=31 advent-overaccept=24 advent-underaccept=3 reference-disagreement=700 same=10669 tree-difference=4
[11408/100000] reference-disagreement seed-corpus-structural-splice:declaration-modifier-stack len=84 artifacts=31 advent-overaccept=24 advent-underaccept=3 reference-disagreement=701 same=10676 tree-difference=4
[11410/100000] reference-disagreement seed-corpus-mutated:member-list-ifconfig-semicolon len=217 artifacts=31 advent-overaccept=24 advent-underaccept=3 reference-disagreement=702 same=10677 tree-difference=4
[11452/100000] reference-disagreement member-list-wide-boundary len=193 artifacts=31 advent-overaccept=24 advent-underaccept=3 reference-disagreement=703 same=10718 tree-difference=4
[11464/100000] reference-disagreement keypath-component-matrix len=48 artifacts=31 advent-overaccept=24 advent-underaccept=3 reference-disagreement=704 same=10729 tree-difference=4
[11470/100000] reference-disagreement wide:struct-member:raw:real:SyntaxTraits:850+translated:testEffectfulProperties4#1 len=154 artifacts=31 advent-overaccept=24 advent-underaccept=3 reference-disagreement=705 same=10734 tree-difference=4
[11476/100000] reference-disagreement grammarish-member-list len=435 artifacts=31 advent-overaccept=24 advent-underaccept=3 reference-disagreement=706 same=10739 tree-difference=4
[11488/100000] reference-disagreement tspl-divergence-protocol-body len=97 artifacts=31 advent-overaccept=24 advent-underaccept=3 reference-disagreement=707 same=10750 tree-difference=4
[11500/100000] same wide:ifconfig:splice+space:pattern:testNonBinding6#1+translated:testForwardSlashRegex67#1 len=87 artifacts=31 advent-overaccept=24 advent-underaccept=3 reference-disagreement=707 same=10762 tree-difference=4
[11517/100000] reference-disagreement wide:closure:raw:real:SyntaxTraits:842 len=65 artifacts=31 advent-overaccept=24 advent-underaccept=3 reference-disagreement=708 same=10778 tree-difference=4
[11536/100000] reference-disagreement wide:func-body:raw:real:LayoutNodes+Parsable:55+translated:testForwardSlashRegex152#1 len=211 artifacts=31 advent-overaccept=24 advent-underaccept=3 reference-disagreement=709 same=10796 tree-difference=4
[11556/100000] reference-disagreement wide:trailing-closure:raw:real:SyntaxTraits:802 len=61 artifacts=31 advent-overaccept=24 advent-underaccept=3 reference-disagreement=710 same=10815 tree-difference=4
[11568/100000] reference-disagreement wide:func-body:block-comment:real:MissingNodesError:361 len=314 artifacts=31 advent-overaccept=24 advent-underaccept=3 reference-disagreement=711 same=10826 tree-difference=4
[11572/100000] reference-disagreement tspl-divergence-protocol-body len=159 artifacts=31 advent-overaccept=24 advent-underaccept=3 reference-disagreement=712 same=10829 tree-difference=4
[11583/100000] reference-disagreement wide:ifconfig:space+delete:translated:testBorrowingContextualParsing#3 len=47 artifacts=31 advent-overaccept=24 advent-underaccept=3 reference-disagreement=713 same=10839 tree-difference=4
[11589/100000] reference-disagreement grammarish-member-list len=110 artifacts=31 advent-overaccept=24 advent-underaccept=3 reference-disagreement=714 same=10844 tree-difference=4
[11597/100000] reference-disagreement tspl-divergence-protocol-body len=264 artifacts=31 advent-overaccept=24 advent-underaccept=3 reference-disagreement=715 same=10851 tree-difference=4
[11603/100000] reference-disagreement wide:func-body:line-comment:translated:testDeprecatedWhere5#1 len=288 artifacts=31 advent-overaccept=24 advent-underaccept=3 reference-disagreement=716 same=10856 tree-difference=4
[11621/100000] reference-disagreement grammarish-member-list len=235 artifacts=31 advent-overaccept=24 advent-underaccept=3 reference-disagreement=717 same=10873 tree-difference=4
[11626/100000] reference-disagreement tspl-divergence-protocol-body len=249 artifacts=31 advent-overaccept=24 advent-underaccept=3 reference-disagreement=718 same=10877 tree-difference=4
[11629/100000] reference-disagreement member-list-wide-boundary len=234 artifacts=31 advent-overaccept=24 advent-underaccept=3 reference-disagreement=719 same=10879 tree-difference=4
[11644/100000] reference-disagreement attribute-ifconfig-elseif-list len=114 artifacts=31 advent-overaccept=24 advent-underaccept=3 reference-disagreement=720 same=10893 tree-difference=4
[11658/100000] reference-disagreement keypath-boundary len=36 artifacts=31 advent-overaccept=24 advent-underaccept=3 reference-disagreement=721 same=10906 tree-difference=4
[11671/100000] reference-disagreement wide:trailing-closure:line-comment:real:SyntaxTraits:694 len=96 artifacts=31 advent-overaccept=24 advent-underaccept=3 reference-disagreement=722 same=10918 tree-difference=4
[11702/100000] reference-disagreement wide:struct-member:newline:real:DeclSyntaxParseable:52 len=66 artifacts=31 advent-overaccept=24 advent-underaccept=3 reference-disagreement=723 same=10948 tree-difference=4
[11715/100000] reference-disagreement wide:extension-member:block-comment:real:SyntaxTraits:47 len=667 artifacts=31 advent-overaccept=24 advent-underaccept=3 reference-disagreement=724 same=10960 tree-difference=4
[11727/100000] reference-disagreement attribute-ifconfig-elseif-list len=122 artifacts=31 advent-overaccept=24 advent-underaccept=3 reference-disagreement=725 same=10971 tree-difference=4
[11741/100000] reference-disagreement wide:extension-member:newline:real:SyntaxTraits:730 len=80 artifacts=31 advent-overaccept=24 advent-underaccept=3 reference-disagreement=726 same=10984 tree-difference=4
[11744/100000] reference-disagreement tspl-divergence-accessor-commitment len=78 artifacts=31 advent-overaccept=24 advent-underaccept=3 reference-disagreement=727 same=10986 tree-difference=4
[11748/100000] reference-disagreement wide:ifconfig:delete+glue:real:ScopeImplementations:381 len=156 artifacts=31 advent-overaccept=24 advent-underaccept=3 reference-disagreement=728 same=10989 tree-difference=4
[11750/100000] reference-disagreement declaration-modifier-stack len=34 artifacts=31 advent-overaccept=24 advent-underaccept=3 reference-disagreement=729 same=10990 tree-difference=4
[11777/100000] compiler-timeout seed-corpus-wrapped:raw-regex-interpolation len=96 artifacts=31 advent-overaccept=24 advent-underaccept=3 compiler-timeout=1 reference-disagreement=729 same=11016 tree-difference=4
[11794/100000] advent-overaccept wide:struct-member:glue:declaration:testUsing#4 len=26 artifacts=32 advent-overaccept=25 advent-underaccept=3 compiler-timeout=1 reference-disagreement=729 same=11032 tree-difference=4
[11803/100000] reference-disagreement wide:func-body:newline:real:SyntaxTraits:517 len=761 artifacts=32 advent-overaccept=25 advent-underaccept=3 compiler-timeout=1 reference-disagreement=730 same=11040 tree-difference=4
[11823/100000] reference-disagreement wide:trailing-closure:glue+glue:real:Attributes:993 len=947 artifacts=32 advent-overaccept=25 advent-underaccept=3 compiler-timeout=1 reference-disagreement=731 same=11059 tree-difference=4
[11825/100000] reference-disagreement keypath-component-matrix len=45 artifacts=32 advent-overaccept=25 advent-underaccept=3 compiler-timeout=1 reference-disagreement=732 same=11060 tree-difference=4
[11830/100000] reference-disagreement tspl-divergence-accessor-commitment len=78 artifacts=32 advent-overaccept=25 advent-underaccept=3 compiler-timeout=1 reference-disagreement=733 same=11064 tree-difference=4
[11836/100000] reference-disagreement wide:trailing-closure:line-comment:real:RawSyntax:17 len=239 artifacts=32 advent-overaccept=25 advent-underaccept=3 compiler-timeout=1 reference-disagreement=734 same=11069 tree-difference=4
[11850/100000] reference-disagreement attribute-ifconfig-elseif-list len=111 artifacts=32 advent-overaccept=25 advent-underaccept=3 compiler-timeout=1 reference-disagreement=735 same=11082 tree-difference=4
[11856/100000] reference-disagreement wide:closure:raw:real:MacroSystem:1498 len=536 artifacts=32 advent-overaccept=25 advent-underaccept=3 compiler-timeout=1 reference-disagreement=736 same=11087 tree-difference=4
[11867/100000] reference-disagreement member-list-wide-boundary len=173 artifacts=32 advent-overaccept=25 advent-underaccept=3 compiler-timeout=1 reference-disagreement=737 same=11097 tree-difference=4
[11916/100000] reference-disagreement grammarish-member-list len=182 artifacts=32 advent-overaccept=25 advent-underaccept=3 compiler-timeout=1 reference-disagreement=738 same=11145 tree-difference=4
[11920/100000] reference-disagreement keypath-component-matrix len=37 artifacts=32 advent-overaccept=25 advent-underaccept=3 compiler-timeout=1 reference-disagreement=739 same=11148 tree-difference=4
[11927/100000] reference-disagreement wide:trailing-closure:raw:real:SyntaxCollections:591 len=499 artifacts=32 advent-overaccept=25 advent-underaccept=3 compiler-timeout=1 reference-disagreement=740 same=11154 tree-difference=4
[11945/100000] reference-disagreement statement-list len=613 artifacts=32 advent-overaccept=25 advent-underaccept=3 compiler-timeout=1 reference-disagreement=741 same=11171 tree-difference=4
[11950/100000] reference-disagreement wide:trailing-closure:raw:real:MacroSystem:1543 len=472 artifacts=32 advent-overaccept=25 advent-underaccept=3 compiler-timeout=1 reference-disagreement=742 same=11175 tree-difference=4
[11983/100000] reference-disagreement grammarish-member-list len=319 artifacts=32 advent-overaccept=25 advent-underaccept=3 compiler-timeout=1 reference-disagreement=743 same=11207 tree-difference=4
[11990/100000] reference-disagreement wide:ifconfig:glue+line-comment:translated:testErrors3#1 len=102 artifacts=32 advent-overaccept=25 advent-underaccept=3 compiler-timeout=1 reference-disagreement=744 same=11213 tree-difference=4
[11994/100000] reference-disagreement wide:trailing-closure:glue+line-comment:translated:testOperators5#1+translated:testFunctionTypeExpr#16 len=89 artifacts=32 advent-overaccept=25 advent-underaccept=3 compiler-timeout=1 reference-disagreement=745 same=11216 tree-difference=4
[12000/100000] same frontier:condition-trailing-closure-scope len=489 artifacts=32 advent-overaccept=25 advent-underaccept=3 compiler-timeout=1 reference-disagreement=745 same=11222 tree-difference=4
[12002/100000] reference-disagreement wide:extension-member:newline+keyword+newline:real:Convenience:19 len=464 artifacts=32 advent-overaccept=25 advent-underaccept=3 compiler-timeout=1 reference-disagreement=746 same=11223 tree-difference=4
[12027/100000] reference-disagreement keypath-component-matrix len=41 artifacts=32 advent-overaccept=25 advent-underaccept=3 compiler-timeout=1 reference-disagreement=747 same=11247 tree-difference=4
[12046/100000] reference-disagreement tspl-divergence-protocol-body len=117 artifacts=32 advent-overaccept=25 advent-underaccept=3 compiler-timeout=1 reference-disagreement=748 same=11265 tree-difference=4
[12068/100000] reference-disagreement wide:func-body:raw:expression:probeParenKeyPathPostfix#1+real:Statements:19 len=657 artifacts=32 advent-overaccept=25 advent-underaccept=3 compiler-timeout=1 reference-disagreement=749 same=11286 tree-difference=4
[12070/100000] reference-disagreement wide:struct-member:space:translated:testForwardSlashRegexSkippingAllowed9#1 len=72 artifacts=32 advent-overaccept=25 advent-underaccept=3 compiler-timeout=1 reference-disagreement=750 same=11287 tree-difference=4
[12074/100000] reference-disagreement wide:top:raw:attribute:testABIAttribute#8 len=81 artifacts=32 advent-overaccept=25 advent-underaccept=3 compiler-timeout=1 reference-disagreement=751 same=11290 tree-difference=4
[12090/100000] reference-disagreement wide:struct-member:glue+newline+newline:real:MissingNodeInitializers:92 len=238 artifacts=32 advent-overaccept=25 advent-underaccept=3 compiler-timeout=1 reference-disagreement=752 same=11305 tree-difference=4
[12091/100000] reference-disagreement wide:extension-member:glue:translated:testInvalid39#1 len=46 artifacts=32 advent-overaccept=25 advent-underaccept=3 compiler-timeout=1 reference-disagreement=753 same=11305 tree-difference=4
[12092/100000] reference-disagreement grammarish-member-list len=110 artifacts=32 advent-overaccept=25 advent-underaccept=3 compiler-timeout=1 reference-disagreement=754 same=11305 tree-difference=4
[12095/100000] reference-disagreement wide:struct-member:splice+space+space:attribute:testABIAttribute#14+real:Assertions:87 len=487 artifacts=32 advent-overaccept=25 advent-underaccept=3 compiler-timeout=1 reference-disagreement=755 same=11307 tree-difference=4
[12133/100000] reference-disagreement wide:closure:keyword:real:StringExtensions:38 len=489 artifacts=32 advent-overaccept=25 advent-underaccept=3 compiler-timeout=1 reference-disagreement=756 same=11344 tree-difference=4
[12141/100000] reference-disagreement wide:closure:glue:real:Oracle:168 len=105 artifacts=32 advent-overaccept=25 advent-underaccept=3 compiler-timeout=1 reference-disagreement=757 same=11351 tree-difference=4
[12142/100000] reference-disagreement wide:func-body:block-comment:real:LexerDiagnosticMessages:119 len=232 artifacts=32 advent-overaccept=25 advent-underaccept=3 compiler-timeout=1 reference-disagreement=758 same=11351 tree-difference=4
[12147/100000] reference-disagreement tspl-divergence-protocol-body len=164 artifacts=32 advent-overaccept=25 advent-underaccept=3 compiler-timeout=1 reference-disagreement=759 same=11355 tree-difference=4
[12152/100000] reference-disagreement wide:trailing-closure:newline+line-comment+splice:real:Statements:371 len=492 artifacts=32 advent-overaccept=25 advent-underaccept=3 compiler-timeout=1 reference-disagreement=760 same=11359 tree-difference=4
[12161/100000] reference-disagreement wide:func-body:block-comment:expression:testKeyPathMethodAndInitializers#1 len=34 artifacts=32 advent-overaccept=25 advent-underaccept=3 compiler-timeout=1 reference-disagreement=761 same=11367 tree-difference=4
[12164/100000] reference-disagreement wide:extension-member:space+newline:translated:testDeprecatedWhere10#1 len=125 artifacts=32 advent-overaccept=25 advent-underaccept=3 compiler-timeout=1 reference-disagreement=762 same=11369 tree-difference=4
[12184/100000] reference-disagreement wide:struct-member:raw:real:RawSyntax:925 len=412 artifacts=32 advent-overaccept=25 advent-underaccept=3 compiler-timeout=1 reference-disagreement=763 same=11388 tree-difference=4
[12245/100000] reference-disagreement tspl-divergence-protocol-body len=202 artifacts=32 advent-overaccept=25 advent-underaccept=3 compiler-timeout=1 reference-disagreement=764 same=11448 tree-difference=4
[12247/100000] reference-disagreement nested-ifconfig-boundary len=146 artifacts=32 advent-overaccept=25 advent-underaccept=3 compiler-timeout=1 reference-disagreement=765 same=11449 tree-difference=4
[12250/100000] same wide:extension-member:glue+newline+block-comment:real:SyntaxExpressibleByStringInterpolationConformances:133 len=105 artifacts=32 advent-overaccept=25 advent-underaccept=3 compiler-timeout=1 reference-disagreement=765 same=11452 tree-difference=4
[12294/100000] reference-disagreement ifconfig-member-context-boundary len=89 artifacts=32 advent-overaccept=25 advent-underaccept=3 compiler-timeout=1 reference-disagreement=766 same=11495 tree-difference=4
[12317/100000] reference-disagreement ifconfig-member-context-boundary len=89 artifacts=32 advent-overaccept=25 advent-underaccept=3 compiler-timeout=1 reference-disagreement=767 same=11517 tree-difference=4
[12326/100000] reference-disagreement declaration-modifier-stack len=34 artifacts=32 advent-overaccept=25 advent-underaccept=3 compiler-timeout=1 reference-disagreement=768 same=11525 tree-difference=4
[12367/100000] reference-disagreement grammarish-member-list len=507 artifacts=32 advent-overaccept=25 advent-underaccept=3 compiler-timeout=1 reference-disagreement=769 same=11565 tree-difference=4
[12370/100000] reference-disagreement attribute-ifconfig-elseif-list len=118 artifacts=32 advent-overaccept=25 advent-underaccept=3 compiler-timeout=1 reference-disagreement=770 same=11567 tree-difference=4
[12413/100000] reference-disagreement wide:top:newline:attribute:testBackDeployed#3 len=119 artifacts=32 advent-overaccept=25 advent-underaccept=3 compiler-timeout=1 reference-disagreement=771 same=11609 tree-difference=4
[12447/100000] reference-disagreement tspl-divergence-protocol-body len=135 artifacts=32 advent-overaccept=25 advent-underaccept=3 compiler-timeout=1 reference-disagreement=772 same=11642 tree-difference=4
[12463/100000] reference-disagreement wide:func-body:glue:real:SyntaxTraits:766 len=68 artifacts=32 advent-overaccept=25 advent-underaccept=3 compiler-timeout=1 reference-disagreement=773 same=11657 tree-difference=4
[12494/100000] reference-disagreement statement-list len=594 artifacts=32 advent-overaccept=25 advent-underaccept=3 compiler-timeout=1 reference-disagreement=774 same=11687 tree-difference=4
[12500/100000] same try-boundary len=23 artifacts=32 advent-overaccept=25 advent-underaccept=3 compiler-timeout=1 reference-disagreement=774 same=11693 tree-difference=4
[12510/100000] reference-disagreement wide:struct-member:raw:real:GrammarNode:303 len=1192 artifacts=32 advent-overaccept=25 advent-underaccept=3 compiler-timeout=1 reference-disagreement=775 same=11702 tree-difference=4
[12517/100000] reference-disagreement wide:struct-member:raw:real:SyntaxTraits:798 len=108 artifacts=32 advent-overaccept=25 advent-underaccept=3 compiler-timeout=1 reference-disagreement=776 same=11708 tree-difference=4
[12549/100000] reference-disagreement attribute-ifconfig-elseif-list len=129 artifacts=32 advent-overaccept=25 advent-underaccept=3 compiler-timeout=1 reference-disagreement=777 same=11739 tree-difference=4
[12551/100000] reference-disagreement wide:closure:newline:real:CallLikeSyntax:27 len=89 artifacts=32 advent-overaccept=25 advent-underaccept=3 compiler-timeout=1 reference-disagreement=778 same=11740 tree-difference=4
[12566/100000] reference-disagreement wide:top:newline:translated:testEffectfulProperties9#1 len=120 artifacts=32 advent-overaccept=25 advent-underaccept=3 compiler-timeout=1 reference-disagreement=779 same=11754 tree-difference=4
[12589/100000] reference-disagreement wide:func-body:line-comment+newline:real:BodyMacro:45 len=177 artifacts=32 advent-overaccept=25 advent-underaccept=3 compiler-timeout=1 reference-disagreement=780 same=11776 tree-difference=4
[12594/100000] reference-disagreement tspl-divergence-protocol-body len=165 artifacts=32 advent-overaccept=25 advent-underaccept=3 compiler-timeout=1 reference-disagreement=781 same=11780 tree-difference=4
[12597/100000] reference-disagreement wide:trailing-closure:glue:translated:testBuiltinBridgeObject1#1 len=66 artifacts=32 advent-overaccept=25 advent-underaccept=3 compiler-timeout=1 reference-disagreement=782 same=11782 tree-difference=4
[12603/100000] reference-disagreement nested-ifconfig-boundary len=163 artifacts=32 advent-overaccept=25 advent-underaccept=3 compiler-timeout=1 reference-disagreement=783 same=11787 tree-difference=4
[12611/100000] reference-disagreement nested-ifconfig-boundary len=146 artifacts=32 advent-overaccept=25 advent-underaccept=3 compiler-timeout=1 reference-disagreement=784 same=11794 tree-difference=4
[12653/100000] reference-disagreement wide:trailing-closure:newline:real:RawSyntax:175 len=332 artifacts=32 advent-overaccept=25 advent-underaccept=3 compiler-timeout=1 reference-disagreement=785 same=11835 tree-difference=4
[12682/100000] reference-disagreement wide:closure:raw:translated:testAvailabilityQueryUnavailability18#1+real:Attributes:839 len=637 artifacts=32 advent-overaccept=25 advent-underaccept=3 compiler-timeout=1 reference-disagreement=786 same=11863 tree-difference=4
[12705/100000] reference-disagreement statement-list len=603 artifacts=32 advent-overaccept=25 advent-underaccept=3 compiler-timeout=1 reference-disagreement=787 same=11885 tree-difference=4
[12735/100000] reference-disagreement keypath-boundary len=37 artifacts=32 advent-overaccept=25 advent-underaccept=3 compiler-timeout=1 reference-disagreement=788 same=11914 tree-difference=4
[12736/100000] reference-disagreement wide:ifconfig:raw:reject:testKeypathExpression#3 len=36 artifacts=32 advent-overaccept=25 advent-underaccept=3 compiler-timeout=1 reference-disagreement=789 same=11914 tree-difference=4
[12750/100000] same tspl-divergence-pattern-shape len=71 artifacts=32 advent-overaccept=25 advent-underaccept=3 compiler-timeout=1 reference-disagreement=789 same=11928 tree-difference=4
[12773/100000] reference-disagreement wide:struct-member:raw:real:SyntaxHashable:18 len=256 artifacts=32 advent-overaccept=25 advent-underaccept=3 compiler-timeout=1 reference-disagreement=790 same=11950 tree-difference=4
[12782/100000] reference-disagreement wide:extension-member:raw:real:Expressions:1853 len=677 artifacts=32 advent-overaccept=25 advent-underaccept=3 compiler-timeout=1 reference-disagreement=791 same=11958 tree-difference=4
[12825/100000] reference-disagreement wide:func-body:raw:real:Statements:785 len=903 artifacts=32 advent-overaccept=25 advent-underaccept=3 compiler-timeout=1 reference-disagreement=792 same=12000 tree-difference=4
[12848/100000] reference-disagreement cast-try-operator-cluster len=24 artifacts=32 advent-overaccept=25 advent-underaccept=3 compiler-timeout=1 reference-disagreement=793 same=12022 tree-difference=4
[12856/100000] reference-disagreement wide:trailing-closure:newline+delete+line-comment:real:Lookahead:85 len=678 artifacts=32 advent-overaccept=25 advent-underaccept=3 compiler-timeout=1 reference-disagreement=794 same=12029 tree-difference=4
[12881/100000] reference-disagreement wide:closure:raw:real:SyntaxTraits:47 len=661 artifacts=32 advent-overaccept=25 advent-underaccept=3 compiler-timeout=1 reference-disagreement=795 same=12053 tree-difference=4
[12894/100000] reference-disagreement wide:extension-member:raw:real:SyntaxTraits:800 len=68 artifacts=32 advent-overaccept=25 advent-underaccept=3 compiler-timeout=1 reference-disagreement=796 same=12065 tree-difference=4
[12898/100000] reference-disagreement wide:after-statement:raw:attribute:testABIAttribute#16 len=102 artifacts=32 advent-overaccept=25 advent-underaccept=3 compiler-timeout=1 reference-disagreement=797 same=12068 tree-difference=4
[12903/100000] reference-disagreement wide:struct-member:space:real:SyntaxTraits:170 len=434 artifacts=32 advent-overaccept=25 advent-underaccept=3 compiler-timeout=1 reference-disagreement=798 same=12072 tree-difference=4
[12906/100000] reference-disagreement attribute-ifconfig-elseif-list len=137 artifacts=32 advent-overaccept=25 advent-underaccept=3 compiler-timeout=1 reference-disagreement=799 same=12074 tree-difference=4
[12913/100000] reference-disagreement keypath-boundary len=37 artifacts=32 advent-overaccept=25 advent-underaccept=3 compiler-timeout=1 reference-disagreement=800 same=12080 tree-difference=4
[12919/100000] reference-disagreement wide:after-statement:glue+splice:translated:testBuiltinWord8#1+real:SyntaxTraits:784 len=208 artifacts=32 advent-overaccept=25 advent-underaccept=3 compiler-timeout=1 reference-disagreement=801 same=12085 tree-difference=4
[12923/100000] advent-overaccept wide:trailing-closure:line-comment+line-comment+newline:translated:testOperatorDeclDesignatedTypes19#1 len=59 artifacts=33 advent-overaccept=26 advent-underaccept=3 compiler-timeout=1 reference-disagreement=801 same=12088 tree-difference=4
[12924/100000] reference-disagreement binding-pattern len=458 artifacts=33 advent-overaccept=26 advent-underaccept=3 compiler-timeout=1 reference-disagreement=802 same=12088 tree-difference=4
[12955/100000] reference-disagreement wide:func-body:space:translated:testDeprecatedWhere8#1 len=244 artifacts=33 advent-overaccept=26 advent-underaccept=3 compiler-timeout=1 reference-disagreement=803 same=12118 tree-difference=4
[12962/100000] reference-disagreement wide:func-body:raw:translated:testModuleSelectorIncorrectRuntimeBaseAttr#1 len=77 artifacts=33 advent-overaccept=26 advent-underaccept=3 compiler-timeout=1 reference-disagreement=804 same=12124 tree-difference=4
[12988/100000] reference-disagreement wide:top:keyword:real:LayoutNodes+Parsable:63+declaration:testParsePoundError#1 len=215 artifacts=33 advent-overaccept=26 advent-underaccept=3 compiler-timeout=1 reference-disagreement=805 same=12149 tree-difference=4
[13000/100000] same keypath-boundary len=32 artifacts=33 advent-overaccept=26 advent-underaccept=3 compiler-timeout=1 reference-disagreement=805 same=12161 tree-difference=4
[13004/100000] reference-disagreement wide:closure:newline:real:SyntaxExtensions:198 len=158 artifacts=33 advent-overaccept=26 advent-underaccept=3 compiler-timeout=1 reference-disagreement=806 same=12164 tree-difference=4
[13078/100000] reference-disagreement wide:interpolation:delete:expression:testKeypathExpression#6 len=17 artifacts=33 advent-overaccept=26 advent-underaccept=3 compiler-timeout=1 reference-disagreement=807 same=12237 tree-difference=4
[13083/100000] reference-disagreement wide:closure:raw:real:RawSyntax:175 len=349 artifacts=33 advent-overaccept=26 advent-underaccept=3 compiler-timeout=1 reference-disagreement=808 same=12241 tree-difference=4
[13101/100000] reference-disagreement tspl-divergence-protocol-body len=220 artifacts=33 advent-overaccept=26 advent-underaccept=3 compiler-timeout=1 reference-disagreement=809 same=12258 tree-difference=4
[13107/100000] reference-disagreement func-body len=458 artifacts=33 advent-overaccept=26 advent-underaccept=3 compiler-timeout=1 reference-disagreement=810 same=12263 tree-difference=4
[13109/100000] reference-disagreement attribute-ifconfig-elseif-list len=129 artifacts=33 advent-overaccept=26 advent-underaccept=3 compiler-timeout=1 reference-disagreement=811 same=12264 tree-difference=4
[13121/100000] reference-disagreement wide:struct-member:newline:real:ExpressionInterpretedAsVersionTuple:19 len=1188 artifacts=33 advent-overaccept=26 advent-underaccept=3 compiler-timeout=1 reference-disagreement=812 same=12275 tree-difference=4
[13137/100000] reference-disagreement wide:trailing-closure:newline:real:Trivia:219+translated:testSwitch54#1 len=499 artifacts=33 advent-overaccept=26 advent-underaccept=3 compiler-timeout=1 reference-disagreement=813 same=12290 tree-difference=4
[13163/100000] reference-disagreement wide:closure:raw:real:ParserDiagnosticMessages:618 len=549 artifacts=33 advent-overaccept=26 advent-underaccept=3 compiler-timeout=1 reference-disagreement=814 same=12315 tree-difference=4
[13181/100000] reference-disagreement member-list-wide-boundary len=103 artifacts=33 advent-overaccept=26 advent-underaccept=3 compiler-timeout=1 reference-disagreement=815 same=12332 tree-difference=4
[13192/100000] tree-difference wide:after-statement:splice:translated:testForwardSlashRegex29#1 len=27 artifacts=34 advent-overaccept=26 advent-underaccept=3 compiler-timeout=1 reference-disagreement=815 same=12342 tree-difference=5
[13195/100000] reference-disagreement member-list-wide-boundary len=432 artifacts=34 advent-overaccept=26 advent-underaccept=3 compiler-timeout=1 reference-disagreement=816 same=12344 tree-difference=5
[13197/100000] reference-disagreement wide:struct-member:space:real:Syntax+StringInterpolation:487+real:MacroSystem:1567 len=469 artifacts=34 advent-overaccept=26 advent-underaccept=3 compiler-timeout=1 reference-disagreement=817 same=12345 tree-difference=5
[13201/100000] reference-disagreement wide:closure:block-comment:real:SyntaxExpressibleByStringInterpolationConformances:187 len=93 artifacts=34 advent-overaccept=26 advent-underaccept=3 compiler-timeout=1 reference-disagreement=818 same=12348 tree-difference=5
[13226/100000] reference-disagreement wide:trailing-closure:raw:real:ResultBuilders:506 len=201 artifacts=34 advent-overaccept=26 advent-underaccept=3 compiler-timeout=1 reference-disagreement=819 same=12372 tree-difference=5
[13243/100000] reference-disagreement nested-ifconfig-boundary len=163 artifacts=34 advent-overaccept=26 advent-underaccept=3 compiler-timeout=1 reference-disagreement=820 same=12388 tree-difference=5
[13250/100000] same seed-corpus-mutated:subscript-effectful-dynamic-member len=117 artifacts=34 advent-overaccept=26 advent-underaccept=3 compiler-timeout=1 reference-disagreement=820 same=12395 tree-difference=5
[13266/100000] reference-disagreement wide:closure:raw:real:RawSyntax:925+declaration:testTrailingCommas#1 len=495 artifacts=34 advent-overaccept=26 advent-underaccept=3 compiler-timeout=1 reference-disagreement=821 same=12410 tree-difference=5
[13338/100000] reference-disagreement wide:top:raw:expression:testClosureParameterWithModifier#1 len=26 artifacts=34 advent-overaccept=26 advent-underaccept=3 compiler-timeout=1 reference-disagreement=822 same=12481 tree-difference=5
[13345/100000] reference-disagreement tspl-divergence-protocol-body len=103 artifacts=34 advent-overaccept=26 advent-underaccept=3 compiler-timeout=1 reference-disagreement=823 same=12487 tree-difference=5
[13357/100000] reference-disagreement grammarish-member-list len=111 artifacts=34 advent-overaccept=26 advent-underaccept=3 compiler-timeout=1 reference-disagreement=824 same=12498 tree-difference=5
[13371/100000] reference-disagreement wide:struct-member:raw:real:SyntaxTraits:399 len=704 artifacts=34 advent-overaccept=26 advent-underaccept=3 compiler-timeout=1 reference-disagreement=825 same=12511 tree-difference=5
[13375/100000] reference-disagreement wide:func-body:raw:real:SyntaxCollections:990 len=502 artifacts=34 advent-overaccept=26 advent-underaccept=3 compiler-timeout=1 reference-disagreement=826 same=12514 tree-difference=5
[13378/100000] reference-disagreement binding-pattern len=458 artifacts=34 advent-overaccept=26 advent-underaccept=3 compiler-timeout=1 reference-disagreement=827 same=12516 tree-difference=5
[13394/100000] reference-disagreement wide:after-statement:keyword:real:ParserDiagnosticMessages:399 len=233 artifacts=34 advent-overaccept=26 advent-underaccept=3 compiler-timeout=1 reference-disagreement=828 same=12531 tree-difference=5
[13413/100000] reference-disagreement wide:closure:raw:translated:testAvailabilityQuery30#1+real:Syntax+StringInterpolation:354 len=756 artifacts=34 advent-overaccept=26 advent-underaccept=3 compiler-timeout=1 reference-disagreement=829 same=12549 tree-difference=5
[13422/100000] reference-disagreement wide:extension-member:block-comment:real:SyntaxExpressibleByStringInterpolationConformances:187 len=94 artifacts=34 advent-overaccept=26 advent-underaccept=3 compiler-timeout=1 reference-disagreement=830 same=12557 tree-difference=5
[13449/100000] reference-disagreement keypath-component-matrix len=49 artifacts=34 advent-overaccept=26 advent-underaccept=3 compiler-timeout=1 reference-disagreement=831 same=12583 tree-difference=5
[13469/100000] reference-disagreement wide:closure:newline:real:SyntaxText:198 len=1244 artifacts=34 advent-overaccept=26 advent-underaccept=3 compiler-timeout=1 reference-disagreement=832 same=12602 tree-difference=5
[13470/100000] reference-disagreement wide:trailing-closure:raw:real:DiagnosticGroupInheritanceTree:16 len=550 artifacts=34 advent-overaccept=26 advent-underaccept=3 compiler-timeout=1 reference-disagreement=833 same=12602 tree-difference=5
[13481/100000] reference-disagreement wide:top:splice+line-comment+space:translated:testDeprecatedWhere9#1 len=219 artifacts=34 advent-overaccept=26 advent-underaccept=3 compiler-timeout=1 reference-disagreement=834 same=12612 tree-difference=5
[13483/100000] reference-disagreement wide:struct-member:raw:real:SyntaxExpressibleByStringInterpolationConformances:22 len=92 artifacts=34 advent-overaccept=26 advent-underaccept=3 compiler-timeout=1 reference-disagreement=835 same=12613 tree-difference=5
[13491/100000] reference-disagreement wide:closure:line-comment+splice:real:SwiftSyntaxCompatibility:486 len=513 artifacts=34 advent-overaccept=26 advent-underaccept=3 compiler-timeout=1 reference-disagreement=836 same=12620 tree-difference=5
[13500/100000] same frontier:statement-member-context len=168 artifacts=34 advent-overaccept=26 advent-underaccept=3 compiler-timeout=1 reference-disagreement=836 same=12629 tree-difference=5
[13502/100000] reference-disagreement wide:trailing-closure:raw:real:ResultBuilders:531 len=216 artifacts=34 advent-overaccept=26 advent-underaccept=3 compiler-timeout=1 reference-disagreement=837 same=12630 tree-difference=5
[13504/100000] reference-disagreement wide:closure:raw:real:WithGenericParametersScopeSyntax:15 len=349 artifacts=34 advent-overaccept=26 advent-underaccept=3 compiler-timeout=1 reference-disagreement=838 same=12631 tree-difference=5
[13511/100000] reference-disagreement statement-list len=564 artifacts=34 advent-overaccept=26 advent-underaccept=3 compiler-timeout=1 reference-disagreement=839 same=12637 tree-difference=5
[13555/100000] reference-disagreement attribute-ifconfig-elseif-list len=123 artifacts=34 advent-overaccept=26 advent-underaccept=3 compiler-timeout=1 reference-disagreement=840 same=12680 tree-difference=5
[13577/100000] reference-disagreement attribute-boundary len=45 artifacts=34 advent-overaccept=26 advent-underaccept=3 compiler-timeout=1 reference-disagreement=841 same=12701 tree-difference=5
[13586/100000] reference-disagreement wide:struct-member:delete:declaration:testImports#3 len=51 artifacts=34 advent-overaccept=26 advent-underaccept=3 compiler-timeout=1 reference-disagreement=842 same=12709 tree-difference=5
[13625/100000] reference-disagreement wide:struct-member:raw:real:ResultBuilders:284 len=196 artifacts=34 advent-overaccept=26 advent-underaccept=3 compiler-timeout=1 reference-disagreement=843 same=12747 tree-difference=5
[13630/100000] reference-disagreement tspl-divergence-accessor-commitment len=78 artifacts=34 advent-overaccept=26 advent-underaccept=3 compiler-timeout=1 reference-disagreement=844 same=12751 tree-difference=5
[13654/100000] reference-disagreement seed-corpus-structural-splice:declaration-modifier-stack len=85 artifacts=34 advent-overaccept=26 advent-underaccept=3 compiler-timeout=1 reference-disagreement=845 same=12774 tree-difference=5
[13655/100000] reference-disagreement tspl-divergence-protocol-body len=197 artifacts=34 advent-overaccept=26 advent-underaccept=3 compiler-timeout=1 reference-disagreement=846 same=12774 tree-difference=5
[13688/100000] reference-disagreement binding-pattern len=458 artifacts=34 advent-overaccept=26 advent-underaccept=3 compiler-timeout=1 reference-disagreement=847 same=12806 tree-difference=5
[13702/100000] reference-disagreement wide:func-body:glue+splice+newline:real:Syntax+StringInterpolation:469+translated:testDollarIdentifier7#1 len=254 artifacts=34 advent-overaccept=26 advent-underaccept=3 compiler-timeout=1 reference-disagreement=848 same=12819 tree-difference=5
[13728/100000] reference-disagreement wide:func-body:raw:real:Expressions:2344 len=886 artifacts=34 advent-overaccept=26 advent-underaccept=3 compiler-timeout=1 reference-disagreement=849 same=12844 tree-difference=5
[13738/100000] reference-disagreement wide:func-body:space:real:OperatorTable:126 len=751 artifacts=34 advent-overaccept=26 advent-underaccept=3 compiler-timeout=1 reference-disagreement=850 same=12853 tree-difference=5
[13739/100000] reference-disagreement func-body len=459 artifacts=34 advent-overaccept=26 advent-underaccept=3 compiler-timeout=1 reference-disagreement=851 same=12853 tree-difference=5
[13740/100000] reference-disagreement wide:func-body:glue+glue+newline:real:Cursor:19+translated:testDiagnoseAvailabilityWindows4#1 len=403 artifacts=34 advent-overaccept=26 advent-underaccept=3 compiler-timeout=1 reference-disagreement=852 same=12853 tree-difference=5
[13750/100000] same frontier:condition-trailing-closure-scope len=514 artifacts=34 advent-overaccept=26 advent-underaccept=3 compiler-timeout=1 reference-disagreement=852 same=12863 tree-difference=5
[13752/100000] reference-disagreement keypath-boundary len=38 artifacts=34 advent-overaccept=26 advent-underaccept=3 compiler-timeout=1 reference-disagreement=853 same=12864 tree-difference=5
[13754/100000] advent-underaccept wide:closure:glue+glue+keyword:attribute:testAttributeMainActorClosure#1 len=56 artifacts=35 advent-overaccept=26 advent-underaccept=4 compiler-timeout=1 reference-disagreement=853 same=12865 tree-difference=5
[13776/100000] reference-disagreement wide:extension-member:glue:real:Diagnostics:29 len=753 artifacts=35 advent-overaccept=26 advent-underaccept=4 compiler-timeout=1 reference-disagreement=854 same=12886 tree-difference=5
[13795/100000] reference-disagreement wide:closure:line-comment:real:GrammarNode:62 len=343 artifacts=35 advent-overaccept=26 advent-underaccept=4 compiler-timeout=1 reference-disagreement=855 same=12904 tree-difference=5
[13802/100000] reference-disagreement member-list-wide-boundary len=171 artifacts=35 advent-overaccept=26 advent-underaccept=4 compiler-timeout=1 reference-disagreement=856 same=12910 tree-difference=5
[13864/100000] reference-disagreement wide:func-body:raw:real:SyntaxCollections:537 len=502 artifacts=35 advent-overaccept=26 advent-underaccept=4 compiler-timeout=1 reference-disagreement=857 same=12971 tree-difference=5
[13873/100000] reference-disagreement wide:trailing-closure:newline+duplicate:phase1:let-nil len=24 artifacts=35 advent-overaccept=26 advent-underaccept=4 compiler-timeout=1 reference-disagreement=858 same=12979 tree-difference=5
[13880/100000] reference-disagreement wide:func-body:keyword+newline:real:SyntaxCollections:50+phase4-attr:generic-enum len=505 artifacts=35 advent-overaccept=26 advent-underaccept=4 compiler-timeout=1 reference-disagreement=859 same=12985 tree-difference=5
[13881/100000] reference-disagreement wide:closure:newline+space+glue:real:SyntaxTraits:746 len=87 artifacts=35 advent-overaccept=26 advent-underaccept=4 compiler-timeout=1 reference-disagreement=860 same=12985 tree-difference=5
[13886/100000] reference-disagreement wide:top:block-comment+line-comment:translated:testInitDeinit16#1 len=68 artifacts=35 advent-overaccept=26 advent-underaccept=4 compiler-timeout=1 reference-disagreement=861 same=12989 tree-difference=5
[13896/100000] reference-disagreement wide:func-body:space:real:SyntaxTraits:790 len=134 artifacts=35 advent-overaccept=26 advent-underaccept=4 compiler-timeout=1 reference-disagreement=862 same=12998 tree-difference=5
[13913/100000] reference-disagreement wide:closure:space:translated:testEnum61#1 len=89 artifacts=35 advent-overaccept=26 advent-underaccept=4 compiler-timeout=1 reference-disagreement=863 same=13014 tree-difference=5
[13930/100000] reference-disagreement wide:closure:newline:attribute:testSilgenName#1+translated:testUnknownPlatform3#1 len=206 artifacts=35 advent-overaccept=26 advent-underaccept=4 compiler-timeout=1 reference-disagreement=864 same=13030 tree-difference=5
[13935/100000] reference-disagreement wide:trailing-closure:block-comment+delete:real:ResultBuilders:336 len=185 artifacts=35 advent-overaccept=26 advent-underaccept=4 compiler-timeout=1 reference-disagreement=865 same=13034 tree-difference=5
[13938/100000] reference-disagreement wide:trailing-closure:raw:real:BuildableNodes:110 len=1052 artifacts=35 advent-overaccept=26 advent-underaccept=4 compiler-timeout=1 reference-disagreement=866 same=13036 tree-difference=5
[13983/100000] reference-disagreement wide:closure:keyword:real:ResultBuilders:323 len=201 artifacts=35 advent-overaccept=26 advent-underaccept=4 compiler-timeout=1 reference-disagreement=867 same=13080 tree-difference=5
[13990/100000] reference-disagreement wide:before-statement:raw:real:DeclSyntaxParseable:51+translated:testEffectfulProperties9#1 len=190 artifacts=35 advent-overaccept=26 advent-underaccept=4 compiler-timeout=1 reference-disagreement=868 same=13086 tree-difference=5
[14000/100000] same init-subscript-boundary len=103 artifacts=35 advent-overaccept=26 advent-underaccept=4 compiler-timeout=1 reference-disagreement=868 same=13096 tree-difference=5
[14020/100000] reference-disagreement wide:closure:raw:translated:testModuleSelectorCorrectCode#6+real:Specifiers:581 len=575 artifacts=35 advent-overaccept=26 advent-underaccept=4 compiler-timeout=1 reference-disagreement=869 same=13115 tree-difference=5
[14021/100000] reference-disagreement wide:trailing-closure:raw:real:SyntaxBaseNodes:797 len=701 artifacts=35 advent-overaccept=26 advent-underaccept=4 compiler-timeout=1 reference-disagreement=870 same=13115 tree-difference=5
[14023/100000] reference-disagreement wide:ifconfig:raw:translated:testSwitch44#1 len=78 artifacts=35 advent-overaccept=26 advent-underaccept=4 compiler-timeout=1 reference-disagreement=871 same=13116 tree-difference=5
[14025/100000] reference-disagreement attribute-boundary len=34 artifacts=35 advent-overaccept=26 advent-underaccept=4 compiler-timeout=1 reference-disagreement=872 same=13117 tree-difference=5
[14033/100000] reference-disagreement wide:func-body:block-comment:real:SyntaxExpressibleByStringInterpolationConformances:193 len=90 artifacts=35 advent-overaccept=26 advent-underaccept=4 compiler-timeout=1 reference-disagreement=873 same=13124 tree-difference=5
[14034/100000] reference-disagreement tspl-divergence-protocol-body len=235 artifacts=35 advent-overaccept=26 advent-underaccept=4 compiler-timeout=1 reference-disagreement=874 same=13124 tree-difference=5
[14067/100000] advent-underaccept wide:before-statement:space+newline+line-comment:expression:testOperatorReference#1 len=38 artifacts=36 advent-overaccept=26 advent-underaccept=5 compiler-timeout=1 reference-disagreement=874 same=13156 tree-difference=5
[14092/100000] reference-disagreement tspl-divergence-protocol-body len=90 artifacts=36 advent-overaccept=26 advent-underaccept=5 compiler-timeout=1 reference-disagreement=875 same=13180 tree-difference=5
[14093/100000] reference-disagreement wide:top:block-comment+keyword+newline:translated:testDeprecatedWhere8#1 len=240 artifacts=36 advent-overaccept=26 advent-underaccept=5 compiler-timeout=1 reference-disagreement=876 same=13180 tree-difference=5
[14100/100000] reference-disagreement wide:func-body:keyword:real:SyntaxClassifier:45+translated:testInvalidStringInterpolationProtocol4#1 len=849 artifacts=36 advent-overaccept=26 advent-underaccept=5 compiler-timeout=1 reference-disagreement=877 same=13186 tree-difference=5
[14128/100000] reference-disagreement wide:before-statement:delete+space+space:reject:testNominalDeclarationRecovery#3+phase2-literal:array-one len=35 artifacts=36 advent-overaccept=26 advent-underaccept=5 compiler-timeout=1 reference-disagreement=878 same=13213 tree-difference=5
[14129/100000] advent-underaccept wide:extension-member:glue:reject:testAccessLevelModifier#1 len=301 artifacts=37 advent-overaccept=26 advent-underaccept=6 compiler-timeout=1 reference-disagreement=878 same=13213 tree-difference=5
[14145/100000] reference-disagreement attribute-ifconfig-elseif-list len=112 artifacts=37 advent-overaccept=26 advent-underaccept=6 compiler-timeout=1 reference-disagreement=879 same=13228 tree-difference=5
[14154/100000] reference-disagreement attribute-boundary len=43 artifacts=37 advent-overaccept=26 advent-underaccept=6 compiler-timeout=1 reference-disagreement=880 same=13236 tree-difference=5
[14194/100000] reference-disagreement wide:func-body:line-comment:real:SyntaxParsable+ExpressibleByStringInterpolation:50 len=262 artifacts=37 advent-overaccept=26 advent-underaccept=6 compiler-timeout=1 reference-disagreement=881 same=13275 tree-difference=5
[14224/100000] reference-disagreement wide:trailing-closure:line-comment:real:SyntaxTraits:625 len=710 artifacts=37 advent-overaccept=26 advent-underaccept=6 compiler-timeout=1 reference-disagreement=882 same=13304 tree-difference=5
[14227/100000] reference-disagreement wide:top:block-comment+newline+delete:translated:testMultilineString2#1+translated:testEffectfulProperties5#1 len=100 artifacts=37 advent-overaccept=26 advent-underaccept=6 compiler-timeout=1 reference-disagreement=883 same=13306 tree-difference=5
[14229/100000] reference-disagreement attribute-ifconfig-elseif-list len=123 artifacts=37 advent-overaccept=26 advent-underaccept=6 compiler-timeout=1 reference-disagreement=884 same=13307 tree-difference=5
[14244/100000] reference-disagreement wide:extension-member:block-comment+newline:real:SyntaxExpressibleByStringInterpolationConformances:118 len=178 artifacts=37 advent-overaccept=26 advent-underaccept=6 compiler-timeout=1 reference-disagreement=885 same=13321 tree-difference=5
[14250/100000] same protocol-requirement-boundary len=96 artifacts=37 advent-overaccept=26 advent-underaccept=6 compiler-timeout=1 reference-disagreement=885 same=13327 tree-difference=5
[14260/100000] reference-disagreement wide:func-body:keyword+keyword+duplicate:phase3-enum-case:case-raw-string+phase3-modifier:open-class len=82 artifacts=37 advent-overaccept=26 advent-underaccept=6 compiler-timeout=1 reference-disagreement=886 same=13336 tree-difference=5
[14276/100000] reference-disagreement wide:extension-member:newline:real:SyntaxTraits:790 len=136 artifacts=37 advent-overaccept=26 advent-underaccept=6 compiler-timeout=1 reference-disagreement=887 same=13351 tree-difference=5
[14284/100000] reference-disagreement nested-ifconfig-boundary len=117 artifacts=37 advent-overaccept=26 advent-underaccept=6 compiler-timeout=1 reference-disagreement=888 same=13358 tree-difference=5
[14293/100000] reference-disagreement wide:trailing-closure:block-comment:real:SyntaxNodeWithBody:88 len=321 artifacts=37 advent-overaccept=26 advent-underaccept=6 compiler-timeout=1 reference-disagreement=889 same=13366 tree-difference=5
[14294/100000] reference-disagreement keypath-boundary len=40 artifacts=37 advent-overaccept=26 advent-underaccept=6 compiler-timeout=1 reference-disagreement=890 same=13366 tree-difference=5
[14295/100000] reference-disagreement nested-ifconfig-boundary len=117 artifacts=37 advent-overaccept=26 advent-underaccept=6 compiler-timeout=1 reference-disagreement=891 same=13366 tree-difference=5
[14338/100000] reference-disagreement wide:struct-member:newline:declaration:testAccessors#1 len=54 artifacts=37 advent-overaccept=26 advent-underaccept=6 compiler-timeout=1 reference-disagreement=892 same=13408 tree-difference=5
[14390/100000] reference-disagreement tspl-divergence-protocol-body len=89 artifacts=37 advent-overaccept=26 advent-underaccept=6 compiler-timeout=1 reference-disagreement=893 same=13459 tree-difference=5
[14394/100000] reference-disagreement wide:extension-member:raw:declaration:testModifiedParameter#7 len=69 artifacts=37 advent-overaccept=26 advent-underaccept=6 compiler-timeout=1 reference-disagreement=894 same=13462 tree-difference=5
[14403/100000] reference-disagreement tspl-divergence-protocol-body len=255 artifacts=37 advent-overaccept=26 advent-underaccept=6 compiler-timeout=1 reference-disagreement=895 same=13470 tree-difference=5
[14411/100000] reference-disagreement grammarish-member-list len=427 artifacts=37 advent-overaccept=26 advent-underaccept=6 compiler-timeout=1 reference-disagreement=896 same=13477 tree-difference=5
[14425/100000] reference-disagreement tspl-divergence-protocol-body len=221 artifacts=37 advent-overaccept=26 advent-underaccept=6 compiler-timeout=1 reference-disagreement=897 same=13490 tree-difference=5
[14439/100000] reference-disagreement attribute-ifconfig-elseif-list len=112 artifacts=37 advent-overaccept=26 advent-underaccept=6 compiler-timeout=1 reference-disagreement=898 same=13503 tree-difference=5
[14440/100000] reference-disagreement attribute-ifconfig-elseif-list len=113 artifacts=37 advent-overaccept=26 advent-underaccept=6 compiler-timeout=1 reference-disagreement=899 same=13503 tree-difference=5
[14446/100000] reference-disagreement keypath-component-matrix len=36 artifacts=37 advent-overaccept=26 advent-underaccept=6 compiler-timeout=1 reference-disagreement=900 same=13508 tree-difference=5
[14447/100000] reference-disagreement cast-try-operator-cluster len=24 artifacts=37 advent-overaccept=26 advent-underaccept=6 compiler-timeout=1 reference-disagreement=901 same=13508 tree-difference=5
[14462/100000] reference-disagreement wide:before-statement:raw:real:Trivia:110+translated:testEffectfulProperties6#1 len=686 artifacts=37 advent-overaccept=26 advent-underaccept=6 compiler-timeout=1 reference-disagreement=902 same=13522 tree-difference=5
[14474/100000] reference-disagreement wide:ifconfig:newline:attribute:testBackDeployed#3 len=134 artifacts=37 advent-overaccept=26 advent-underaccept=6 compiler-timeout=1 reference-disagreement=903 same=13533 tree-difference=5
[14475/100000] reference-disagreement wide:struct-member:glue+space:real:ParseDiagnosticsGenerator:59 len=581 artifacts=37 advent-overaccept=26 advent-underaccept=6 compiler-timeout=1 reference-disagreement=904 same=13533 tree-difference=5
[14476/100000] reference-disagreement func-body len=458 artifacts=37 advent-overaccept=26 advent-underaccept=6 compiler-timeout=1 reference-disagreement=905 same=13533 tree-difference=5
[14499/100000] reference-disagreement wide:ifconfig:newline+duplicate+keyword:translated:testForwardSlashRegex9#1 len=90 artifacts=37 advent-overaccept=26 advent-underaccept=6 compiler-timeout=1 reference-disagreement=906 same=13555 tree-difference=5
[14500/100000] same regex-slash-operator-boundary len=71 artifacts=37 advent-overaccept=26 advent-underaccept=6 compiler-timeout=1 reference-disagreement=906 same=13556 tree-difference=5
[14512/100000] reference-disagreement wide:extension-member:line-comment+line-comment+newline:real:SyntaxProtocol:172 len=805 artifacts=37 advent-overaccept=26 advent-underaccept=6 compiler-timeout=1 reference-disagreement=907 same=13567 tree-difference=5
[14516/100000] reference-disagreement binding-pattern len=458 artifacts=37 advent-overaccept=26 advent-underaccept=6 compiler-timeout=1 reference-disagreement=908 same=13570 tree-difference=5
[14522/100000] reference-disagreement wide:extension-member:block-comment+keyword:real:BuildableNodes:406 len=1272 artifacts=37 advent-overaccept=26 advent-underaccept=6 compiler-timeout=1 reference-disagreement=909 same=13575 tree-difference=5
[14526/100000] reference-disagreement wide:closure:raw:real:LoopProgressCondition:45 len=665 artifacts=37 advent-overaccept=26 advent-underaccept=6 compiler-timeout=1 reference-disagreement=910 same=13578 tree-difference=5
[14528/100000] reference-disagreement binding-pattern len=458 artifacts=37 advent-overaccept=26 advent-underaccept=6 compiler-timeout=1 reference-disagreement=911 same=13579 tree-difference=5
[14574/100000] reference-disagreement wide:extension-member:raw:real:BuildableNodes:1414 len=1035 artifacts=37 advent-overaccept=26 advent-underaccept=6 compiler-timeout=1 reference-disagreement=912 same=13624 tree-difference=5
[14583/100000] reference-disagreement statement-list len=602 artifacts=37 advent-overaccept=26 advent-underaccept=6 compiler-timeout=1 reference-disagreement=913 same=13632 tree-difference=5
[14588/100000] reference-disagreement wide:struct-member:raw:real:Syntax+StringInterpolation:285 len=62 artifacts=37 advent-overaccept=26 advent-underaccept=6 compiler-timeout=1 reference-disagreement=914 same=13636 tree-difference=5
[14597/100000] reference-disagreement wide:trailing-closure:line-comment+newline:statement:testTrailingClosureInIfCondition#1+real:SyntaxTraits:842 len=77 artifacts=37 advent-overaccept=26 advent-underaccept=6 compiler-timeout=1 reference-disagreement=915 same=13644 tree-difference=5
[14604/100000] reference-disagreement wide:top:swap+line-comment:translated:testUnknownPlatform2#1 len=103 artifacts=37 advent-overaccept=26 advent-underaccept=6 compiler-timeout=1 reference-disagreement=916 same=13650 tree-difference=5
[14644/100000] reference-disagreement tspl-divergence-protocol-body len=196 artifacts=37 advent-overaccept=26 advent-underaccept=6 compiler-timeout=1 reference-disagreement=917 same=13689 tree-difference=5
[14652/100000] reference-disagreement wide:closure:splice:real:SyntaxTraits:784 len=61 artifacts=37 advent-overaccept=26 advent-underaccept=6 compiler-timeout=1 reference-disagreement=918 same=13696 tree-difference=5
[14661/100000] advent-overaccept wide:trailing-closure:newline+newline+block-comment:translated:testFunctionTypeExpr#3+declaration:testInitAccessor#1 len=97 artifacts=38 advent-overaccept=27 advent-underaccept=6 compiler-timeout=1 reference-disagreement=918 same=13704 tree-difference=5
[14672/100000] reference-disagreement tspl-divergence-protocol-body len=207 artifacts=38 advent-overaccept=27 advent-underaccept=6 compiler-timeout=1 reference-disagreement=919 same=13714 tree-difference=5
[14689/100000] reference-disagreement statement-list len=629 artifacts=38 advent-overaccept=27 advent-underaccept=6 compiler-timeout=1 reference-disagreement=920 same=13730 tree-difference=5
[14704/100000] reference-disagreement declaration-modifier-stack len=34 artifacts=38 advent-overaccept=27 advent-underaccept=6 compiler-timeout=1 reference-disagreement=921 same=13744 tree-difference=5
[14725/100000] reference-disagreement wide:func-body:raw:real:SyntaxCollections:278 len=474 artifacts=38 advent-overaccept=27 advent-underaccept=6 compiler-timeout=1 reference-disagreement=922 same=13764 tree-difference=5
[14734/100000] reference-disagreement wide:trailing-closure:delete+keyword+block-comment:real:ParserDiagnosticMessages:665 len=162 artifacts=38 advent-overaccept=27 advent-underaccept=6 compiler-timeout=1 reference-disagreement=923 same=13772 tree-difference=5
[14750/100000] same seed-corpus-raw:generic-where-pack len=64 artifacts=38 advent-overaccept=27 advent-underaccept=6 compiler-timeout=1 reference-disagreement=923 same=13788 tree-difference=5
[14754/100000] reference-disagreement attribute-ifconfig-elseif-list len=138 artifacts=38 advent-overaccept=27 advent-underaccept=6 compiler-timeout=1 reference-disagreement=924 same=13791 tree-difference=5
[14761/100000] reference-disagreement nested-ifconfig-boundary len=163 artifacts=38 advent-overaccept=27 advent-underaccept=6 compiler-timeout=1 reference-disagreement=925 same=13797 tree-difference=5
[14779/100000] reference-disagreement wide:top:newline:translated:testRawString34#1+attribute:testABIAttribute#7 len=502 artifacts=38 advent-overaccept=27 advent-underaccept=6 compiler-timeout=1 reference-disagreement=926 same=13814 tree-difference=5
[14800/100000] reference-disagreement keypath-boundary len=40 artifacts=38 advent-overaccept=27 advent-underaccept=6 compiler-timeout=1 reference-disagreement=927 same=13834 tree-difference=5
[14853/100000] reference-disagreement wide:closure:duplicate:real:LexerDiagnosticMessages:136 len=509 artifacts=38 advent-overaccept=27 advent-underaccept=6 compiler-timeout=1 reference-disagreement=928 same=13886 tree-difference=5
[14860/100000] reference-disagreement wide:func-body:raw:real:LocationMarkers:44+real:ParserDiagnosticMessages:648 len=864 artifacts=38 advent-overaccept=27 advent-underaccept=6 compiler-timeout=1 reference-disagreement=929 same=13892 tree-difference=5
[14877/100000] reference-disagreement attribute-ifconfig-elseif-list len=137 artifacts=38 advent-overaccept=27 advent-underaccept=6 compiler-timeout=1 reference-disagreement=930 same=13908 tree-difference=5
[14890/100000] reference-disagreement wide:trailing-closure:raw:real:SyntaxExtensions:207 len=155 artifacts=38 advent-overaccept=27 advent-underaccept=6 compiler-timeout=1 reference-disagreement=931 same=13920 tree-difference=5
[14894/100000] reference-disagreement wide:trailing-closure:splice:phase4-import:import-kind len=40 artifacts=38 advent-overaccept=27 advent-underaccept=6 compiler-timeout=1 reference-disagreement=932 same=13923 tree-difference=5
[14896/100000] reference-disagreement wide:trailing-closure:keyword:attribute:testMacroRoleNames#11 len=58 artifacts=38 advent-overaccept=27 advent-underaccept=6 compiler-timeout=1 reference-disagreement=933 same=13924 tree-difference=5
[14908/100000] reference-disagreement attribute-ifconfig-elseif-list len=129 artifacts=38 advent-overaccept=27 advent-underaccept=6 compiler-timeout=1 reference-disagreement=934 same=13935 tree-difference=5
[14913/100000] reference-disagreement wide:before-statement:newline+block-comment:reject:testChainedOptionalUnwrapsAfterSubscript#1 len=39 artifacts=38 advent-overaccept=27 advent-underaccept=6 compiler-timeout=1 reference-disagreement=935 same=13939 tree-difference=5
[14924/100000] reference-disagreement wide:trailing-closure:splice:translated:testOperatorDecl20#1 len=34 artifacts=38 advent-overaccept=27 advent-underaccept=6 compiler-timeout=1 reference-disagreement=936 same=13949 tree-difference=5
[14946/100000] reference-disagreement attribute-boundary len=45 artifacts=38 advent-overaccept=27 advent-underaccept=6 compiler-timeout=1 reference-disagreement=937 same=13970 tree-difference=5
[14963/100000] reference-disagreement member-list-wide-boundary len=207 artifacts=38 advent-overaccept=27 advent-underaccept=6 compiler-timeout=1 reference-disagreement=938 same=13986 tree-difference=5
[14983/100000] reference-disagreement keypath-component-matrix len=45 artifacts=38 advent-overaccept=27 advent-underaccept=6 compiler-timeout=1 reference-disagreement=939 same=14005 tree-difference=5
[14991/100000] reference-disagreement wide:func-body:line-comment:real:SyntaxExpressibleByStringInterpolationConformances:235+translated:testOptionalLvalues2#1 len=431 artifacts=38 advent-overaccept=27 advent-underaccept=6 compiler-timeout=1 reference-disagreement=940 same=14012 tree-difference=5
[15000/100000] same binding-pattern len=486 artifacts=38 advent-overaccept=27 advent-underaccept=6 compiler-timeout=1 reference-disagreement=940 same=14021 tree-difference=5
[15003/100000] reference-disagreement wide:trailing-closure:raw:translated:testSwitch14#1 len=46 artifacts=38 advent-overaccept=27 advent-underaccept=6 compiler-timeout=1 reference-disagreement=941 same=14023 tree-difference=5
[15023/100000] reference-disagreement wide:trailing-closure:raw:real:BuildableNodes:292 len=1052 artifacts=38 advent-overaccept=27 advent-underaccept=6 compiler-timeout=1 reference-disagreement=942 same=14042 tree-difference=5
[15028/100000] reference-disagreement keypath-component-matrix len=34 artifacts=38 advent-overaccept=27 advent-underaccept=6 compiler-timeout=1 reference-disagreement=943 same=14046 tree-difference=5
[15033/100000] reference-disagreement keypath-component-matrix len=53 artifacts=38 advent-overaccept=27 advent-underaccept=6 compiler-timeout=1 reference-disagreement=944 same=14050 tree-difference=5
[15059/100000] reference-disagreement wide:before-statement:line-comment+splice+line-comment:real:ConvenienceInitializers:232+real:RawSyntax:942 len=187 artifacts=38 advent-overaccept=27 advent-underaccept=6 compiler-timeout=1 reference-disagreement=945 same=14075 tree-difference=5
[15063/100000] reference-disagreement wide:struct-member:glue:real:SyntaxNodeWithBody:210 len=71 artifacts=38 advent-overaccept=27 advent-underaccept=6 compiler-timeout=1 reference-disagreement=946 same=14078 tree-difference=5
[15081/100000] reference-disagreement wide:func-body:newline+keyword+block-comment:real:Names:19 len=943 artifacts=38 advent-overaccept=27 advent-underaccept=6 compiler-timeout=1 reference-disagreement=947 same=14095 tree-difference=5
[15094/100000] reference-disagreement wide:trailing-closure:raw:real:SyntaxTraits:836+statement:testReturn#4 len=173 artifacts=38 advent-overaccept=27 advent-underaccept=6 compiler-timeout=1 reference-disagreement=948 same=14107 tree-difference=5
[15110/100000] reference-disagreement attribute-ifconfig-elseif-list len=108 artifacts=38 advent-overaccept=27 advent-underaccept=6 compiler-timeout=1 reference-disagreement=949 same=14122 tree-difference=5
[15126/100000] reference-disagreement binding-pattern len=458 artifacts=38 advent-overaccept=27 advent-underaccept=6 compiler-timeout=1 reference-disagreement=950 same=14137 tree-difference=5
[15128/100000] reference-disagreement seed-corpus-wrapped:operator-question-assignment len=109 artifacts=38 advent-overaccept=27 advent-underaccept=6 compiler-timeout=1 reference-disagreement=951 same=14138 tree-difference=5
[15150/100000] reference-disagreement tspl-divergence-protocol-body len=113 artifacts=38 advent-overaccept=27 advent-underaccept=6 compiler-timeout=1 reference-disagreement=952 same=14159 tree-difference=5
[15155/100000] reference-disagreement attribute-ifconfig-elseif-list len=109 artifacts=38 advent-overaccept=27 advent-underaccept=6 compiler-timeout=1 reference-disagreement=953 same=14163 tree-difference=5
[15182/100000] reference-disagreement tspl-divergence-protocol-body len=211 artifacts=38 advent-overaccept=27 advent-underaccept=6 compiler-timeout=1 reference-disagreement=954 same=14189 tree-difference=5
[15190/100000] reference-disagreement member-list-wide-boundary len=108 artifacts=38 advent-overaccept=27 advent-underaccept=6 compiler-timeout=1 reference-disagreement=955 same=14196 tree-difference=5
[15200/100000] reference-disagreement wide:trailing-closure:swap+block-comment+keyword:translated:testSemicolon6#1 len=60 artifacts=38 advent-overaccept=27 advent-underaccept=6 compiler-timeout=1 reference-disagreement=956 same=14205 tree-difference=5
[15227/100000] reference-disagreement wide:closure:raw:translated:testInitDeinit12#1 len=48 artifacts=38 advent-overaccept=27 advent-underaccept=6 compiler-timeout=1 reference-disagreement=957 same=14231 tree-difference=5
[15239/100000] reference-disagreement wide:closure:splice:real:ExpandEditorPlaceholder:501 len=151 artifacts=38 advent-overaccept=27 advent-underaccept=6 compiler-timeout=1 reference-disagreement=958 same=14242 tree-difference=5
[15248/100000] reference-disagreement wide:func-body:raw:real:Syntax+StringInterpolation:530 len=69 artifacts=38 advent-overaccept=27 advent-underaccept=6 compiler-timeout=1 reference-disagreement=959 same=14250 tree-difference=5
[15250/100000] same trailing-closure-boundary len=114 artifacts=38 advent-overaccept=27 advent-underaccept=6 compiler-timeout=1 reference-disagreement=959 same=14252 tree-difference=5
[15263/100000] reference-disagreement tspl-divergence-accessor-commitment len=49 artifacts=38 advent-overaccept=27 advent-underaccept=6 compiler-timeout=1 reference-disagreement=960 same=14264 tree-difference=5
[15280/100000] reference-disagreement wide:closure:raw:real:SyntaxNodeWithBody:42 len=220 artifacts=38 advent-overaccept=27 advent-underaccept=6 compiler-timeout=1 reference-disagreement=961 same=14280 tree-difference=5
[15309/100000] reference-disagreement wide:struct-member:raw:real:SyntaxExpressibleByStringInterpolationConformances:217 len=171 artifacts=38 advent-overaccept=27 advent-underaccept=6 compiler-timeout=1 reference-disagreement=962 same=14308 tree-difference=5
[15322/100000] reference-disagreement wide:func-body:block-comment+block-comment+newline:real:DeclSyntaxParseable:51 len=83 artifacts=38 advent-overaccept=27 advent-underaccept=6 compiler-timeout=1 reference-disagreement=963 same=14320 tree-difference=5
[15326/100000] reference-disagreement wide:closure:newline+newline:translated:testEffectfulProperties6#1 len=126 artifacts=38 advent-overaccept=27 advent-underaccept=6 compiler-timeout=1 reference-disagreement=964 same=14323 tree-difference=5
[15332/100000] reference-disagreement keypath-component-matrix len=41 artifacts=38 advent-overaccept=27 advent-underaccept=6 compiler-timeout=1 reference-disagreement=965 same=14328 tree-difference=5
[15338/100000] reference-disagreement wide:trailing-closure:keyword+newline:translated:testObjectLiterals3b#1 len=37 artifacts=38 advent-overaccept=27 advent-underaccept=6 compiler-timeout=1 reference-disagreement=966 same=14333 tree-difference=5
[15347/100000] reference-disagreement wide:top:block-comment+keyword+duplicate:expression:testBorrowExpression#1+phase4-string:multiline len=42 artifacts=38 advent-overaccept=27 advent-underaccept=6 compiler-timeout=1 reference-disagreement=967 same=14341 tree-difference=5
[15380/100000] reference-disagreement wide:extension-member:raw:real:OperatorTable:126 len=753 artifacts=38 advent-overaccept=27 advent-underaccept=6 compiler-timeout=1 reference-disagreement=968 same=14373 tree-difference=5
[15393/100000] reference-disagreement tspl-divergence-protocol-body len=226 artifacts=38 advent-overaccept=27 advent-underaccept=6 compiler-timeout=1 reference-disagreement=969 same=14385 tree-difference=5
[15408/100000] reference-disagreement wide:closure:duplicate+splice:phase3-modifier:static-let+real:FixIt:22 len=308 artifacts=38 advent-overaccept=27 advent-underaccept=6 compiler-timeout=1 reference-disagreement=970 same=14399 tree-difference=5
[15451/100000] reference-disagreement wide:closure:newline:real:ParserDiagnosticMessages:758 len=370 artifacts=38 advent-overaccept=27 advent-underaccept=6 compiler-timeout=1 reference-disagreement=971 same=14441 tree-difference=5
[15464/100000] reference-disagreement wide:interpolation:block-comment:expression:testStringLiterals#10 len=23 artifacts=38 advent-overaccept=27 advent-underaccept=6 compiler-timeout=1 reference-disagreement=972 same=14453 tree-difference=5
[15485/100000] reference-disagreement declaration-modifier-stack len=34 artifacts=38 advent-overaccept=27 advent-underaccept=6 compiler-timeout=1 reference-disagreement=973 same=14473 tree-difference=5
[15491/100000] reference-disagreement wide:func-body:raw:real:TokenSpecSet:531+real:Convenience:13 len=1832 artifacts=38 advent-overaccept=27 advent-underaccept=6 compiler-timeout=1 reference-disagreement=974 same=14478 tree-difference=5
[15500/100000] same wide:before-statement:delete+space+space:translated:testRawString27#1+reject:testMissingClosingParenInFunctionSignature#1 len=103 artifacts=38 advent-overaccept=27 advent-underaccept=6 compiler-timeout=1 reference-disagreement=974 same=14487 tree-difference=5
[15507/100000] advent-underaccept wide:before-statement:glue+block-comment:real:Declarations:19 len=594 artifacts=39 advent-overaccept=27 advent-underaccept=7 compiler-timeout=1 reference-disagreement=974 same=14493 tree-difference=5
[15523/100000] reference-disagreement wide:func-body:newline:translated:testOperatorDeclDesignatedTypes2#1+type:testInverseTypes#4 len=120 artifacts=39 advent-overaccept=27 advent-underaccept=7 compiler-timeout=1 reference-disagreement=975 same=14508 tree-difference=5
[15537/100000] reference-disagreement ifconfig-member-context-boundary len=72 artifacts=39 advent-overaccept=27 advent-underaccept=7 compiler-timeout=1 reference-disagreement=976 same=14521 tree-difference=5
[15578/100000] reference-disagreement attribute-ifconfig-elseif-list len=127 artifacts=39 advent-overaccept=27 advent-underaccept=7 compiler-timeout=1 reference-disagreement=977 same=14561 tree-difference=5
[15586/100000] reference-disagreement wide:struct-member:newline+keyword:attribute:testSpiAttributeWithoutParameter#1 len=38 artifacts=39 advent-overaccept=27 advent-underaccept=7 compiler-timeout=1 reference-disagreement=978 same=14568 tree-difference=5
[15595/100000] reference-disagreement wide:struct-member:newline+splice+block-comment:real:SyntaxTraits:808 len=71 artifacts=39 advent-overaccept=27 advent-underaccept=7 compiler-timeout=1 reference-disagreement=979 same=14576 tree-difference=5
[15609/100000] reference-disagreement tspl-divergence-protocol-body len=223 artifacts=39 advent-overaccept=27 advent-underaccept=7 compiler-timeout=1 reference-disagreement=980 same=14589 tree-difference=5
[15626/100000] reference-disagreement grammarish-member-list len=110 artifacts=39 advent-overaccept=27 advent-underaccept=7 compiler-timeout=1 reference-disagreement=981 same=14605 tree-difference=5
[15627/100000] reference-disagreement statement-list len=636 artifacts=39 advent-overaccept=27 advent-underaccept=7 compiler-timeout=1 reference-disagreement=982 same=14605 tree-difference=5
[15632/100000] reference-disagreement wide:after-statement:raw:attribute:testABIAttribute#3 len=40 artifacts=39 advent-overaccept=27 advent-underaccept=7 compiler-timeout=1 reference-disagreement=983 same=14609 tree-difference=5
[15643/100000] reference-disagreement binding-pattern len=458 artifacts=39 advent-overaccept=27 advent-underaccept=7 compiler-timeout=1 reference-disagreement=984 same=14619 tree-difference=5
[15651/100000] reference-disagreement wide:extension-member:raw:real:SyntaxTraits:352 len=693 artifacts=39 advent-overaccept=27 advent-underaccept=7 compiler-timeout=1 reference-disagreement=985 same=14626 tree-difference=5
[15675/100000] reference-disagreement wide:closure:raw:translated:testOriginalDefinedInAttr7#1+real:SyntaxEditUtils:290 len=752 artifacts=39 advent-overaccept=27 advent-underaccept=7 compiler-timeout=1 reference-disagreement=986 same=14649 tree-difference=5
[15680/100000] reference-disagreement wide:top:duplicate:translated:testBorrowingContextualParsing#7 len=85 artifacts=39 advent-overaccept=27 advent-underaccept=7 compiler-timeout=1 reference-disagreement=987 same=14653 tree-difference=5
[15705/100000] reference-disagreement wide:trailing-closure:raw:real:ResultBuilders:267 len=143 artifacts=39 advent-overaccept=27 advent-underaccept=7 compiler-timeout=1 reference-disagreement=988 same=14677 tree-difference=5
[15727/100000] reference-disagreement wide:ifconfig:keyword:translated:testModuleSelectorCorrectCode#3 len=169 artifacts=39 advent-overaccept=27 advent-underaccept=7 compiler-timeout=1 reference-disagreement=989 same=14698 tree-difference=5
[15730/100000] reference-disagreement tspl-divergence-protocol-body len=183 artifacts=39 advent-overaccept=27 advent-underaccept=7 compiler-timeout=1 reference-disagreement=990 same=14700 tree-difference=5
[15734/100000] reference-disagreement member-list-wide-boundary len=218 artifacts=39 advent-overaccept=27 advent-underaccept=7 compiler-timeout=1 reference-disagreement=991 same=14703 tree-difference=5
[15739/100000] reference-disagreement wide:trailing-closure:newline+glue:translated:testDeprecatedWhere11#1 len=248 artifacts=39 advent-overaccept=27 advent-underaccept=7 compiler-timeout=1 reference-disagreement=992 same=14707 tree-difference=5
[15748/100000] reference-disagreement wide:trailing-closure:block-comment:real:SyntaxExpressibleByStringInterpolationConformances:193 len=83 artifacts=39 advent-overaccept=27 advent-underaccept=7 compiler-timeout=1 reference-disagreement=993 same=14715 tree-difference=5
[15750/100000] same effectful-function-type len=125 artifacts=39 advent-overaccept=27 advent-underaccept=7 compiler-timeout=1 reference-disagreement=993 same=14717 tree-difference=5
[15772/100000] reference-disagreement wide:func-body:raw:translated:testEnum83#1+real:LocationMarkers:22 len=243 artifacts=39 advent-overaccept=27 advent-underaccept=7 compiler-timeout=1 reference-disagreement=994 same=14738 tree-difference=5
[15783/100000] reference-disagreement statement-list len=478 artifacts=39 advent-overaccept=27 advent-underaccept=7 compiler-timeout=1 reference-disagreement=995 same=14748 tree-difference=5
[15822/100000] reference-disagreement wide:trailing-closure:raw:translated:testBuiltinBridgeObject1#1 len=66 artifacts=39 advent-overaccept=27 advent-underaccept=7 compiler-timeout=1 reference-disagreement=996 same=14786 tree-difference=5
[15849/100000] reference-disagreement wide:func-body:raw:real:SyntaxExpressibleByStringInterpolationConformances:196 len=85 artifacts=39 advent-overaccept=27 advent-underaccept=7 compiler-timeout=1 reference-disagreement=997 same=14812 tree-difference=5
[15876/100000] reference-disagreement wide:closure:raw:real:ParserDiagnosticMessages:815 len=309 artifacts=39 advent-overaccept=27 advent-underaccept=7 compiler-timeout=1 reference-disagreement=998 same=14838 tree-difference=5
[15880/100000] reference-disagreement wide:trailing-closure:raw:real:LayoutNodes+Parsable:127 len=182 artifacts=39 advent-overaccept=27 advent-underaccept=7 compiler-timeout=1 reference-disagreement=999 same=14841 tree-difference=5
[15897/100000] reference-disagreement wide:closure:glue+splice:declaration:testParsePoundError#1 len=35 artifacts=39 advent-overaccept=27 advent-underaccept=7 compiler-timeout=1 reference-disagreement=1000 same=14857 tree-difference=5
[15913/100000] reference-disagreement attribute-ifconfig-elseif-list len=110 artifacts=39 advent-overaccept=27 advent-underaccept=7 compiler-timeout=1 reference-disagreement=1001 same=14872 tree-difference=5
[15915/100000] reference-disagreement wide:trailing-closure:line-comment+space+space:real:ParserDiagnosticMessages:339 len=671 artifacts=39 advent-overaccept=27 advent-underaccept=7 compiler-timeout=1 reference-disagreement=1002 same=14873 tree-difference=5
[15931/100000] reference-disagreement wide:func-body:raw:real:ConfiguredRegions:102 len=329 artifacts=39 advent-overaccept=27 advent-underaccept=7 compiler-timeout=1 reference-disagreement=1003 same=14888 tree-difference=5
[15941/100000] reference-disagreement wide:trailing-closure:raw:real:SwiftSyntaxCompatibility:462 len=827 artifacts=39 advent-overaccept=27 advent-underaccept=7 compiler-timeout=1 reference-disagreement=1004 same=14897 tree-difference=5
[15942/100000] reference-disagreement tspl-divergence-protocol-body len=219 artifacts=39 advent-overaccept=27 advent-underaccept=7 compiler-timeout=1 reference-disagreement=1005 same=14897 tree-difference=5
[15983/100000] reference-disagreement keypath-boundary len=37 artifacts=39 advent-overaccept=27 advent-underaccept=7 compiler-timeout=1 reference-disagreement=1006 same=14937 tree-difference=5
[15990/100000] reference-disagreement seed-corpus-structural-splice:declaration-modifier-stack len=84 artifacts=39 advent-overaccept=27 advent-underaccept=7 compiler-timeout=1 reference-disagreement=1007 same=14943 tree-difference=5
[16000/100000] same tspl-divergence-type-shape len=97 artifacts=39 advent-overaccept=27 advent-underaccept=7 compiler-timeout=1 reference-disagreement=1007 same=14953 tree-difference=5
[16014/100000] reference-disagreement wide:closure:glue+glue:real:SyntaxEditUtils:55 len=430 artifacts=39 advent-overaccept=27 advent-underaccept=7 compiler-timeout=1 reference-disagreement=1008 same=14966 tree-difference=5
[16019/100000] reference-disagreement grammarish-member-list len=111 artifacts=39 advent-overaccept=27 advent-underaccept=7 compiler-timeout=1 reference-disagreement=1009 same=14970 tree-difference=5
[16035/100000] reference-disagreement tspl-divergence-protocol-body len=254 artifacts=39 advent-overaccept=27 advent-underaccept=7 compiler-timeout=1 reference-disagreement=1010 same=14985 tree-difference=5
[16057/100000] reference-disagreement attribute-ifconfig-elseif-list len=120 artifacts=39 advent-overaccept=27 advent-underaccept=7 compiler-timeout=1 reference-disagreement=1011 same=15006 tree-difference=5
[16070/100000] reference-disagreement wide:struct-member:newline+newline+block-comment:real:Syntax+StringInterpolation:289 len=70 artifacts=39 advent-overaccept=27 advent-underaccept=7 compiler-timeout=1 reference-disagreement=1012 same=15018 tree-difference=5
[16077/100000] reference-disagreement tspl-divergence-protocol-body len=247 artifacts=39 advent-overaccept=27 advent-underaccept=7 compiler-timeout=1 reference-disagreement=1013 same=15024 tree-difference=5
[16085/100000] reference-disagreement wide:closure:raw:real:Syntax+StringInterpolation:172 len=622 artifacts=39 advent-overaccept=27 advent-underaccept=7 compiler-timeout=1 reference-disagreement=1014 same=15031 tree-difference=5
[16088/100000] reference-disagreement statement-list len=519 artifacts=39 advent-overaccept=27 advent-underaccept=7 compiler-timeout=1 reference-disagreement=1015 same=15033 tree-difference=5
[16105/100000] reference-disagreement wide:closure:raw:real:OpaqueParameterToGeneric:21 len=177 artifacts=39 advent-overaccept=27 advent-underaccept=7 compiler-timeout=1 reference-disagreement=1016 same=15049 tree-difference=5
[16114/100000] reference-disagreement wide:trailing-closure:raw:translated:testAvailabilityQueryUnavailability31#1+translated:testTypeExpr4#1 len=160 artifacts=39 advent-overaccept=27 advent-underaccept=7 compiler-timeout=1 reference-disagreement=1017 same=15057 tree-difference=5
[16132/100000] reference-disagreement tspl-divergence-protocol-body len=123 artifacts=39 advent-overaccept=27 advent-underaccept=7 compiler-timeout=1 reference-disagreement=1018 same=15074 tree-difference=5
[16163/100000] reference-disagreement wide:func-body:duplicate+line-comment:real:SyntaxCollections:761 len=464 artifacts=39 advent-overaccept=27 advent-underaccept=7 compiler-timeout=1 reference-disagreement=1019 same=15104 tree-difference=5
[16169/100000] reference-disagreement wide:trailing-closure:glue:real:ResultBuilders:454 len=188 artifacts=39 advent-overaccept=27 advent-underaccept=7 compiler-timeout=1 reference-disagreement=1020 same=15109 tree-difference=5
[16184/100000] reference-disagreement binding-pattern len=458 artifacts=39 advent-overaccept=27 advent-underaccept=7 compiler-timeout=1 reference-disagreement=1021 same=15123 tree-difference=5
[16188/100000] reference-disagreement wide:struct-member:raw:real:MemberMacro:73 len=890 artifacts=39 advent-overaccept=27 advent-underaccept=7 compiler-timeout=1 reference-disagreement=1022 same=15126 tree-difference=5
[16212/100000] reference-disagreement grammarish-member-list len=250 artifacts=39 advent-overaccept=27 advent-underaccept=7 compiler-timeout=1 reference-disagreement=1023 same=15149 tree-difference=5
[16227/100000] reference-disagreement attribute-ifconfig-elseif-list len=144 artifacts=39 advent-overaccept=27 advent-underaccept=7 compiler-timeout=1 reference-disagreement=1024 same=15163 tree-difference=5
[16234/100000] reference-disagreement wide:extension-member:line-comment:real:SyntaxTraits:724 len=82 artifacts=39 advent-overaccept=27 advent-underaccept=7 compiler-timeout=1 reference-disagreement=1025 same=15169 tree-difference=5
[16250/100000] same frontier:generic-member-type-shape len=278 artifacts=39 advent-overaccept=27 advent-underaccept=7 compiler-timeout=1 reference-disagreement=1025 same=15185 tree-difference=5
[16259/100000] reference-disagreement wide:func-body:newline+space+newline:real:ResultBuilders:228+translated:testOperatorDeclDesignatedTypes3#1 len=179 artifacts=39 advent-overaccept=27 advent-underaccept=7 compiler-timeout=1 reference-disagreement=1026 same=15193 tree-difference=5
[16267/100000] reference-disagreement attribute-ifconfig-elseif-list len=133 artifacts=39 advent-overaccept=27 advent-underaccept=7 compiler-timeout=1 reference-disagreement=1027 same=15200 tree-difference=5
[16294/100000] reference-disagreement func-body len=458 artifacts=39 advent-overaccept=27 advent-underaccept=7 compiler-timeout=1 reference-disagreement=1028 same=15226 tree-difference=5
[16304/100000] reference-disagreement member-list-wide-boundary len=313 artifacts=39 advent-overaccept=27 advent-underaccept=7 compiler-timeout=1 reference-disagreement=1029 same=15235 tree-difference=5
[16335/100000] reference-disagreement attribute-ifconfig-elseif-list len=133 artifacts=39 advent-overaccept=27 advent-underaccept=7 compiler-timeout=1 reference-disagreement=1030 same=15265 tree-difference=5
[16364/100000] reference-disagreement wide:closure:raw:real:IsValidIdentifier:41 len=1039 artifacts=39 advent-overaccept=27 advent-underaccept=7 compiler-timeout=1 reference-disagreement=1031 same=15293 tree-difference=5
[16374/100000] reference-disagreement wide:closure:newline:real:SyntaxTraits:722 len=81 artifacts=39 advent-overaccept=27 advent-underaccept=7 compiler-timeout=1 reference-disagreement=1032 same=15302 tree-difference=5
[16426/100000] reference-disagreement wide:closure:raw:real:ParserDiagnosticMessages:383 len=259 artifacts=39 advent-overaccept=27 advent-underaccept=7 compiler-timeout=1 reference-disagreement=1033 same=15353 tree-difference=5
[16466/100000] reference-disagreement wide:func-body:splice:real:ParseDiagnosticsGenerator:59 len=580 artifacts=39 advent-overaccept=27 advent-underaccept=7 compiler-timeout=1 reference-disagreement=1034 same=15392 tree-difference=5
[16467/100000] reference-disagreement wide:closure:newline:real:Parser:865 len=238 artifacts=39 advent-overaccept=27 advent-underaccept=7 compiler-timeout=1 reference-disagreement=1035 same=15392 tree-difference=5
[16469/100000] reference-disagreement tspl-divergence-protocol-body len=141 artifacts=39 advent-overaccept=27 advent-underaccept=7 compiler-timeout=1 reference-disagreement=1036 same=15393 tree-difference=5
[16471/100000] reference-disagreement wide:closure:raw:translated:testDiagnosticMissingFuncKeyword3#1 len=39 artifacts=39 advent-overaccept=27 advent-underaccept=7 compiler-timeout=1 reference-disagreement=1037 same=15394 tree-difference=5
[16476/100000] reference-disagreement wide:closure:raw:real:SyntaxCollections:799 len=512 artifacts=39 advent-overaccept=27 advent-underaccept=7 compiler-timeout=1 reference-disagreement=1038 same=15398 tree-difference=5
[16487/100000] reference-disagreement keypath-component-matrix len=33 artifacts=39 advent-overaccept=27 advent-underaccept=7 compiler-timeout=1 reference-disagreement=1039 same=15408 tree-difference=5
[16492/100000] reference-disagreement wide:closure:space:declaration:testBorrowAndMutateAccessors#1 len=196 artifacts=39 advent-overaccept=27 advent-underaccept=7 compiler-timeout=1 reference-disagreement=1040 same=15412 tree-difference=5
[16497/100000] reference-disagreement wide:top:block-comment+glue:translated:testInitDeinit19#1 len=52 artifacts=39 advent-overaccept=27 advent-underaccept=7 compiler-timeout=1 reference-disagreement=1041 same=15416 tree-difference=5
[16500/100000] same frontier:parser-mode-scope len=58 artifacts=39 advent-overaccept=27 advent-underaccept=7 compiler-timeout=1 reference-disagreement=1041 same=15419 tree-difference=5
[16528/100000] advent-overaccept wide:before-statement:newline+newline+glue:declaration:testInitializerWithReturnType#1+translated:testOperatorDecl16#1 len=145 artifacts=40 advent-overaccept=28 advent-underaccept=7 compiler-timeout=1 reference-disagreement=1041 same=15446 tree-difference=5
[16541/100000] reference-disagreement wide:closure:newline:real:MacroExpansion:549 len=555 artifacts=40 advent-overaccept=28 advent-underaccept=7 compiler-timeout=1 reference-disagreement=1042 same=15458 tree-difference=5
[16569/100000] reference-disagreement wide:top:glue+duplicate:real:Macro:22 len=206 artifacts=40 advent-overaccept=28 advent-underaccept=7 compiler-timeout=1 reference-disagreement=1043 same=15485 tree-difference=5
[16586/100000] reference-disagreement attribute-ifconfig-elseif-list len=113 artifacts=40 advent-overaccept=28 advent-underaccept=7 compiler-timeout=1 reference-disagreement=1044 same=15501 tree-difference=5
[16594/100000] reference-disagreement wide:trailing-closure:space+line-comment:real:ParseDiagnosticsGenerator:76 len=319 artifacts=40 advent-overaccept=28 advent-underaccept=7 compiler-timeout=1 reference-disagreement=1045 same=15508 tree-difference=5
[16596/100000] reference-disagreement wide:func-body:line-comment+splice:real:IdentifiableSyntax:46 len=102 artifacts=40 advent-overaccept=28 advent-underaccept=7 compiler-timeout=1 reference-disagreement=1046 same=15509 tree-difference=5
[16614/100000] reference-disagreement wide:trailing-closure:duplicate:real:LibraryPluginProvider:170+phase4-keypath:kp-bare-subscript len=722 artifacts=40 advent-overaccept=28 advent-underaccept=7 compiler-timeout=1 reference-disagreement=1047 same=15526 tree-difference=5
[16635/100000] reference-disagreement tspl-divergence-protocol-body len=178 artifacts=40 advent-overaccept=28 advent-underaccept=7 compiler-timeout=1 reference-disagreement=1048 same=15546 tree-difference=5
[16638/100000] reference-disagreement keypath-boundary len=40 artifacts=40 advent-overaccept=28 advent-underaccept=7 compiler-timeout=1 reference-disagreement=1049 same=15548 tree-difference=5
[16673/100000] reference-disagreement wide:struct-member:raw:translated:testOrinalDefinedInAttr12#1 len=92 artifacts=40 advent-overaccept=28 advent-underaccept=7 compiler-timeout=1 reference-disagreement=1050 same=15582 tree-difference=5
[16678/100000] reference-disagreement wide:extension-member:duplicate:real:FixItApplier:146 len=467 artifacts=40 advent-overaccept=28 advent-underaccept=7 compiler-timeout=1 reference-disagreement=1051 same=15586 tree-difference=5
[16709/100000] reference-disagreement wide:closure:glue:real:SyntaxTraits:690 len=78 artifacts=40 advent-overaccept=28 advent-underaccept=7 compiler-timeout=1 reference-disagreement=1052 same=15616 tree-difference=5
[16717/100000] reference-disagreement keypath-boundary len=44 artifacts=40 advent-overaccept=28 advent-underaccept=7 compiler-timeout=1 reference-disagreement=1053 same=15623 tree-difference=5
[16724/100000] reference-disagreement wide:extension-member:splice:real:Syntax+StringInterpolation:286 len=43 artifacts=40 advent-overaccept=28 advent-underaccept=7 compiler-timeout=1 reference-disagreement=1054 same=15629 tree-difference=5
[16739/100000] reference-disagreement cast-try-operator-cluster len=24 artifacts=40 advent-overaccept=28 advent-underaccept=7 compiler-timeout=1 reference-disagreement=1055 same=15643 tree-difference=5
[16746/100000] reference-disagreement grammarish-member-list len=395 artifacts=40 advent-overaccept=28 advent-underaccept=7 compiler-timeout=1 reference-disagreement=1056 same=15649 tree-difference=5
[16748/100000] reference-disagreement wide:after-statement:swap:translated:testBorrowingContextualParsing#4 len=89 artifacts=40 advent-overaccept=28 advent-underaccept=7 compiler-timeout=1 reference-disagreement=1057 same=15650 tree-difference=5
[16750/100000] same frontier:generic-member-type-shape len=277 artifacts=40 advent-overaccept=28 advent-underaccept=7 compiler-timeout=1 reference-disagreement=1057 same=15652 tree-difference=5
[16796/100000] reference-disagreement wide:func-body:newline+line-comment:real:LayoutNodes+Parsable:127+translated:testPropertyWrapperWithCopy#1 len=935 artifacts=40 advent-overaccept=28 advent-underaccept=7 compiler-timeout=1 reference-disagreement=1058 same=15697 tree-difference=5
[16822/100000] reference-disagreement wide:closure:line-comment:real:ResultBuilders:414 len=211 artifacts=40 advent-overaccept=28 advent-underaccept=7 compiler-timeout=1 reference-disagreement=1059 same=15722 tree-difference=5
[16837/100000] reference-disagreement tspl-divergence-protocol-body len=188 artifacts=40 advent-overaccept=28 advent-underaccept=7 compiler-timeout=1 reference-disagreement=1060 same=15736 tree-difference=5
[16869/100000] reference-disagreement wide:closure:raw:attribute:testDerivativeAttribute#1+real:SyntaxExpressibleByStringInterpolationConformances:31 len=281 artifacts=40 advent-overaccept=28 advent-underaccept=7 compiler-timeout=1 reference-disagreement=1061 same=15767 tree-difference=5
[16889/100000] reference-disagreement declaration-modifier-stack len=34 artifacts=40 advent-overaccept=28 advent-underaccept=7 compiler-timeout=1 reference-disagreement=1062 same=15786 tree-difference=5
[16897/100000] reference-disagreement member-list-wide-boundary len=301 artifacts=40 advent-overaccept=28 advent-underaccept=7 compiler-timeout=1 reference-disagreement=1063 same=15793 tree-difference=5
[16932/100000] reference-disagreement statement-list len=555 artifacts=40 advent-overaccept=28 advent-underaccept=7 compiler-timeout=1 reference-disagreement=1064 same=15827 tree-difference=5
[16960/100000] reference-disagreement wide:trailing-closure:block-comment:real:SyntaxText:250 len=278 artifacts=40 advent-overaccept=28 advent-underaccept=7 compiler-timeout=1 reference-disagreement=1065 same=15854 tree-difference=5
[16980/100000] reference-disagreement wide:struct-member:raw:real:SyntaxExpressibleByStringInterpolationConformances:34 len=88 artifacts=40 advent-overaccept=28 advent-underaccept=7 compiler-timeout=1 reference-disagreement=1066 same=15873 tree-difference=5
[16984/100000] reference-disagreement attribute-ifconfig-elseif-list len=112 artifacts=40 advent-overaccept=28 advent-underaccept=7 compiler-timeout=1 reference-disagreement=1067 same=15876 tree-difference=5
[16993/100000] reference-disagreement tspl-divergence-accessor-commitment len=78 artifacts=40 advent-overaccept=28 advent-underaccept=7 compiler-timeout=1 reference-disagreement=1068 same=15884 tree-difference=5
[17000/100000] same ownership-modifier-boundary len=48 artifacts=40 advent-overaccept=28 advent-underaccept=7 compiler-timeout=1 reference-disagreement=1068 same=15891 tree-difference=5
[17003/100000] reference-disagreement wide:trailing-closure:keyword:real:ScopeImplementations:381+phase4-loop:do-catch-pat len=207 artifacts=40 advent-overaccept=28 advent-underaccept=7 compiler-timeout=1 reference-disagreement=1069 same=15893 tree-difference=5
[17004/100000] reference-disagreement wide:trailing-closure:raw:real:SyntaxTraits:287 len=219 artifacts=40 advent-overaccept=28 advent-underaccept=7 compiler-timeout=1 reference-disagreement=1070 same=15893 tree-difference=5
[17007/100000] reference-disagreement tspl-divergence-accessor-commitment len=49 artifacts=40 advent-overaccept=28 advent-underaccept=7 compiler-timeout=1 reference-disagreement=1071 same=15895 tree-difference=5
[17009/100000] reference-disagreement wide:extension-member:glue:translated:testForeachAsync1#1 len=38 artifacts=40 advent-overaccept=28 advent-underaccept=7 compiler-timeout=1 reference-disagreement=1072 same=15896 tree-difference=5
[17010/100000] reference-disagreement wide:after-statement:newline+duplicate:real:Convenience:128+translated:testCompositionTypeExpr#17 len=275 artifacts=40 advent-overaccept=28 advent-underaccept=7 compiler-timeout=1 reference-disagreement=1073 same=15896 tree-difference=5
[17040/100000] reference-disagreement wide:func-body:newline+delete:real:ResultBuilders:245+translated:testGenericDisambiguation6e#1 len=225 artifacts=40 advent-overaccept=28 advent-underaccept=7 compiler-timeout=1 reference-disagreement=1074 same=15925 tree-difference=5
[17041/100000] reference-disagreement tspl-divergence-protocol-body len=271 artifacts=40 advent-overaccept=28 advent-underaccept=7 compiler-timeout=1 reference-disagreement=1075 same=15925 tree-difference=5
[17056/100000] reference-disagreement attribute-ifconfig-elseif-list len=123 artifacts=40 advent-overaccept=28 advent-underaccept=7 compiler-timeout=1 reference-disagreement=1076 same=15939 tree-difference=5
[17068/100000] reference-disagreement wide:trailing-closure:newline:translated:testForwardSlashRegex71#1+declaration:testParseSpecializeAttribute#1 len=1882 artifacts=40 advent-overaccept=28 advent-underaccept=7 compiler-timeout=1 reference-disagreement=1077 same=15950 tree-difference=5
[17069/100000] reference-disagreement wide:extension-member:raw:declaration:testAccessorBlockDisambiguationMarker#1+real:RegexLiteralLexer:577 len=538 artifacts=40 advent-overaccept=28 advent-underaccept=7 compiler-timeout=1 reference-disagreement=1078 same=15950 tree-difference=5
[17099/100000] reference-disagreement wide:extension-member:line-comment:phase1:let-int+real:SyntaxTraits:341 len=433 artifacts=40 advent-overaccept=28 advent-underaccept=7 compiler-timeout=1 reference-disagreement=1079 same=15979 tree-difference=5
[17141/100000] reference-disagreement binding-pattern len=458 artifacts=40 advent-overaccept=28 advent-underaccept=7 compiler-timeout=1 reference-disagreement=1080 same=16020 tree-difference=5
[17146/100000] reference-disagreement func-body len=459 artifacts=40 advent-overaccept=28 advent-underaccept=7 compiler-timeout=1 reference-disagreement=1081 same=16024 tree-difference=5
[17149/100000] reference-disagreement member-list-wide-boundary len=166 artifacts=40 advent-overaccept=28 advent-underaccept=7 compiler-timeout=1 reference-disagreement=1082 same=16026 tree-difference=5
[17168/100000] reference-disagreement ifconfig-member-context-boundary len=71 artifacts=40 advent-overaccept=28 advent-underaccept=7 compiler-timeout=1 reference-disagreement=1083 same=16044 tree-difference=5
[17203/100000] reference-disagreement wide:struct-member:glue:real:SyntaxExpressibleByStringInterpolationConformances:145 len=164 artifacts=40 advent-overaccept=28 advent-underaccept=7 compiler-timeout=1 reference-disagreement=1084 same=16078 tree-difference=5
[17215/100000] advent-overaccept wide:top:glue+block-comment+block-comment:expression:probeParenKeyPathMember#1 len=20 artifacts=41 advent-overaccept=29 advent-underaccept=7 compiler-timeout=1 reference-disagreement=1084 same=16089 tree-difference=5
[17233/100000] reference-disagreement wide:closure:splice+duplicate:phase4-closure:closure-shorthand len=44 artifacts=41 advent-overaccept=29 advent-underaccept=7 compiler-timeout=1 reference-disagreement=1085 same=16106 tree-difference=5
[17241/100000] reference-disagreement wide:struct-member:splice:real:ResultBuilders:206 len=174 artifacts=41 advent-overaccept=29 advent-underaccept=7 compiler-timeout=1 reference-disagreement=1086 same=16113 tree-difference=5
[17250/100000] same frontier:statement-member-context len=168 artifacts=41 advent-overaccept=29 advent-underaccept=7 compiler-timeout=1 reference-disagreement=1086 same=16122 tree-difference=5
[17258/100000] reference-disagreement wide:closure:newline:real:Macro:15 len=242 artifacts=41 advent-overaccept=29 advent-underaccept=7 compiler-timeout=1 reference-disagreement=1087 same=16129 tree-difference=5
[17265/100000] reference-disagreement tspl-divergence-accessor-commitment len=78 artifacts=41 advent-overaccept=29 advent-underaccept=7 compiler-timeout=1 reference-disagreement=1088 same=16135 tree-difference=5
[17311/100000] reference-disagreement attribute-ifconfig-elseif-list len=122 artifacts=41 advent-overaccept=29 advent-underaccept=7 compiler-timeout=1 reference-disagreement=1089 same=16180 tree-difference=5
[17352/100000] reference-disagreement declaration-modifier-stack len=34 artifacts=41 advent-overaccept=29 advent-underaccept=7 compiler-timeout=1 reference-disagreement=1090 same=16220 tree-difference=5
[17378/100000] reference-disagreement wide:extension-member:line-comment:real:Attributes:930 len=986 artifacts=41 advent-overaccept=29 advent-underaccept=7 compiler-timeout=1 reference-disagreement=1091 same=16245 tree-difference=5
[17396/100000] reference-disagreement attribute-ifconfig-elseif-list len=130 artifacts=41 advent-overaccept=29 advent-underaccept=7 compiler-timeout=1 reference-disagreement=1092 same=16262 tree-difference=5
[17399/100000] reference-disagreement statement-list len=583 artifacts=41 advent-overaccept=29 advent-underaccept=7 compiler-timeout=1 reference-disagreement=1093 same=16264 tree-difference=5
[17416/100000] reference-disagreement wide:trailing-closure:newline:real:SyntaxProtocol:350+real:ResultBuilders:310 len=962 artifacts=41 advent-overaccept=29 advent-underaccept=7 compiler-timeout=1 reference-disagreement=1094 same=16280 tree-difference=5
[17432/100000] reference-disagreement binding-pattern len=458 artifacts=41 advent-overaccept=29 advent-underaccept=7 compiler-timeout=1 reference-disagreement=1095 same=16295 tree-difference=5
[17440/100000] reference-disagreement wide:interpolation:raw:translated:testRegexParseError12#1 len=25 artifacts=41 advent-overaccept=29 advent-underaccept=7 compiler-timeout=1 reference-disagreement=1096 same=16302 tree-difference=5
[17460/100000] reference-disagreement wide:func-body:block-comment:real:SyntaxTraits:542 len=430 artifacts=41 advent-overaccept=29 advent-underaccept=7 compiler-timeout=1 reference-disagreement=1097 same=16321 tree-difference=5
[17464/100000] reference-disagreement attribute-ifconfig-elseif-list len=119 artifacts=41 advent-overaccept=29 advent-underaccept=7 compiler-timeout=1 reference-disagreement=1098 same=16324 tree-difference=5
[17466/100000] reference-disagreement wide:struct-member:glue+line-comment+glue:real:SyntaxExpressibleByStringInterpolationConformances:157 len=97 artifacts=41 advent-overaccept=29 advent-underaccept=7 compiler-timeout=1 reference-disagreement=1099 same=16325 tree-difference=5
[17467/100000] reference-disagreement keypath-component-matrix len=48 artifacts=41 advent-overaccept=29 advent-underaccept=7 compiler-timeout=1 reference-disagreement=1100 same=16325 tree-difference=5
[17494/100000] reference-disagreement attribute-boundary len=32 artifacts=41 advent-overaccept=29 advent-underaccept=7 compiler-timeout=1 reference-disagreement=1101 same=16351 tree-difference=5
[17495/100000] reference-disagreement tspl-divergence-protocol-body len=234 artifacts=41 advent-overaccept=29 advent-underaccept=7 compiler-timeout=1 reference-disagreement=1102 same=16351 tree-difference=5
[17500/100000] same wide:interpolation:newline:translated:testResultBuilder6#1+reject:testTypedThrowsDisambiguation#5 len=100 artifacts=41 advent-overaccept=29 advent-underaccept=7 compiler-timeout=1 reference-disagreement=1102 same=16356 tree-difference=5
[17523/100000] reference-disagreement statement-list len=632 artifacts=41 advent-overaccept=29 advent-underaccept=7 compiler-timeout=1 reference-disagreement=1103 same=16378 tree-difference=5
[17528/100000] reference-disagreement member-list-wide-boundary len=524 artifacts=41 advent-overaccept=29 advent-underaccept=7 compiler-timeout=1 reference-disagreement=1104 same=16382 tree-difference=5
[17547/100000] reference-disagreement tspl-divergence-protocol-body len=119 artifacts=41 advent-overaccept=29 advent-underaccept=7 compiler-timeout=1 reference-disagreement=1105 same=16400 tree-difference=5
[17556/100000] reference-disagreement tspl-divergence-accessor-commitment len=78 artifacts=41 advent-overaccept=29 advent-underaccept=7 compiler-timeout=1 reference-disagreement=1106 same=16408 tree-difference=5
[17567/100000] reference-disagreement statement-list len=646 artifacts=41 advent-overaccept=29 advent-underaccept=7 compiler-timeout=1 reference-disagreement=1107 same=16418 tree-difference=5
[17569/100000] reference-disagreement wide:closure:newline:real:Syntax+StringInterpolation:325+phase4-misc:typealias-func len=99 artifacts=41 advent-overaccept=29 advent-underaccept=7 compiler-timeout=1 reference-disagreement=1108 same=16419 tree-difference=5
[17600/100000] reference-disagreement wide:closure:raw:real:SyntaxTraits:856 len=85 artifacts=41 advent-overaccept=29 advent-underaccept=7 compiler-timeout=1 reference-disagreement=1109 same=16449 tree-difference=5
[17604/100000] reference-disagreement tspl-divergence-protocol-body len=98 artifacts=41 advent-overaccept=29 advent-underaccept=7 compiler-timeout=1 reference-disagreement=1110 same=16452 tree-difference=5
[17610/100000] reference-disagreement wide:func-body:newline:real:SyntaxProtocol:172 len=794 artifacts=41 advent-overaccept=29 advent-underaccept=7 compiler-timeout=1 reference-disagreement=1111 same=16457 tree-difference=5
[17612/100000] reference-disagreement member-list-wide-boundary len=145 artifacts=41 advent-overaccept=29 advent-underaccept=7 compiler-timeout=1 reference-disagreement=1112 same=16458 tree-difference=5
[17628/100000] reference-disagreement wide:extension-member:line-comment+space+newline:translated:testDeprecatedWhere4#1 len=455 artifacts=41 advent-overaccept=29 advent-underaccept=7 compiler-timeout=1 reference-disagreement=1113 same=16473 tree-difference=5
[17632/100000] reference-disagreement attribute-boundary len=34 artifacts=41 advent-overaccept=29 advent-underaccept=7 compiler-timeout=1 reference-disagreement=1114 same=16476 tree-difference=5
[17633/100000] reference-disagreement wide:trailing-closure:keyword+newline:real:Attributes:839 len=505 artifacts=41 advent-overaccept=29 advent-underaccept=7 compiler-timeout=1 reference-disagreement=1115 same=16476 tree-difference=5
[17646/100000] reference-disagreement tspl-divergence-protocol-body len=208 artifacts=41 advent-overaccept=29 advent-underaccept=7 compiler-timeout=1 reference-disagreement=1116 same=16488 tree-difference=5
[17678/100000] reference-disagreement tspl-divergence-protocol-body len=196 artifacts=41 advent-overaccept=29 advent-underaccept=7 compiler-timeout=1 reference-disagreement=1117 same=16519 tree-difference=5
[17691/100000] reference-disagreement wide:top:raw:attribute:testABIAttribute#17 len=35 artifacts=41 advent-overaccept=29 advent-underaccept=7 compiler-timeout=1 reference-disagreement=1118 same=16531 tree-difference=5
[17692/100000] reference-disagreement declaration-modifier-stack len=34 artifacts=41 advent-overaccept=29 advent-underaccept=7 compiler-timeout=1 reference-disagreement=1119 same=16531 tree-difference=5
[17711/100000] reference-disagreement wide:trailing-closure:space:real:SyntaxExpressibleByStringInterpolationConformances:193 len=79 artifacts=41 advent-overaccept=29 advent-underaccept=7 compiler-timeout=1 reference-disagreement=1120 same=16549 tree-difference=5
[17740/100000] advent-overaccept wide:trailing-closure:block-comment:real:ParseSourceFile:204 len=169 artifacts=42 advent-overaccept=30 advent-underaccept=7 compiler-timeout=1 reference-disagreement=1120 same=16577 tree-difference=5
[17743/100000] reference-disagreement tspl-divergence-protocol-body len=132 artifacts=42 advent-overaccept=30 advent-underaccept=7 compiler-timeout=1 reference-disagreement=1121 same=16579 tree-difference=5
[17745/100000] reference-disagreement wide:closure:glue+glue+line-comment:translated:testSwitch14#1+expression:testTrailingClosures#2 len=95 artifacts=42 advent-overaccept=30 advent-underaccept=7 compiler-timeout=1 reference-disagreement=1122 same=16580 tree-difference=5
[17750/100000] same tspl-divergence-pattern-shape len=72 artifacts=42 advent-overaccept=30 advent-underaccept=7 compiler-timeout=1 reference-disagreement=1122 same=16585 tree-difference=5
[17783/100000] reference-disagreement wide:closure:raw:real:RefactoringProvider:33 len=788 artifacts=42 advent-overaccept=30 advent-underaccept=7 compiler-timeout=1 reference-disagreement=1123 same=16617 tree-difference=5
[17784/100000] reference-disagreement grammarish-member-list len=312 artifacts=42 advent-overaccept=30 advent-underaccept=7 compiler-timeout=1 reference-disagreement=1124 same=16617 tree-difference=5
[17817/100000] reference-disagreement attribute-ifconfig-elseif-list len=133 artifacts=42 advent-overaccept=30 advent-underaccept=7 compiler-timeout=1 reference-disagreement=1125 same=16649 tree-difference=5
[17851/100000] reference-disagreement grammarish-member-list len=198 artifacts=42 advent-overaccept=30 advent-underaccept=7 compiler-timeout=1 reference-disagreement=1126 same=16682 tree-difference=5
[17869/100000] reference-disagreement wide:extension-member:raw:real:SyntaxTraits:768 len=78 artifacts=42 advent-overaccept=30 advent-underaccept=7 compiler-timeout=1 reference-disagreement=1127 same=16699 tree-difference=5
[17884/100000] reference-disagreement wide:ifconfig:splice:real:SyntaxComparison:28+attribute:testABIAttribute#7 len=756 artifacts=42 advent-overaccept=30 advent-underaccept=7 compiler-timeout=1 reference-disagreement=1128 same=16713 tree-difference=5
[17886/100000] reference-disagreement wide:before-statement:block-comment:translated:testEnum12#1+type:testInverseTypesInParameter#2 len=100 artifacts=42 advent-overaccept=30 advent-underaccept=7 compiler-timeout=1 reference-disagreement=1129 same=16714 tree-difference=5
[17896/100000] reference-disagreement keypath-component-matrix len=44 artifacts=42 advent-overaccept=30 advent-underaccept=7 compiler-timeout=1 reference-disagreement=1130 same=16723 tree-difference=5
[17899/100000] reference-disagreement attribute-ifconfig-elseif-list len=126 artifacts=42 advent-overaccept=30 advent-underaccept=7 compiler-timeout=1 reference-disagreement=1131 same=16725 tree-difference=5
[17903/100000] reference-disagreement wide:ifconfig:keyword+keyword:declaration:testActorParsing#1+real:CommonAncestor:14 len=454 artifacts=42 advent-overaccept=30 advent-underaccept=7 compiler-timeout=1 reference-disagreement=1132 same=16728 tree-difference=5
[17911/100000] reference-disagreement attribute-ifconfig-elseif-list len=141 artifacts=42 advent-overaccept=30 advent-underaccept=7 compiler-timeout=1 reference-disagreement=1133 same=16735 tree-difference=5
[17919/100000] reference-disagreement wide:func-body:splice:real:UnicodeScalarExtensions:264 len=254 artifacts=42 advent-overaccept=30 advent-underaccept=7 compiler-timeout=1 reference-disagreement=1134 same=16742 tree-difference=5
[17930/100000] reference-disagreement wide:trailing-closure:block-comment:real:Trivia:132 len=194 artifacts=42 advent-overaccept=30 advent-underaccept=7 compiler-timeout=1 reference-disagreement=1135 same=16752 tree-difference=5
[17962/100000] advent-underaccept wide:func-body:delete:translated:testForwardSlashRegex135#1 len=24 artifacts=43 advent-overaccept=30 advent-underaccept=8 compiler-timeout=1 reference-disagreement=1135 same=16783 tree-difference=5
[17975/100000] reference-disagreement grammarish-member-list len=146 artifacts=43 advent-overaccept=30 advent-underaccept=8 compiler-timeout=1 reference-disagreement=1136 same=16795 tree-difference=5
[18000/100000] same init-subscript-boundary len=92 artifacts=43 advent-overaccept=30 advent-underaccept=8 compiler-timeout=1 reference-disagreement=1136 same=16820 tree-difference=5
[18005/100000] reference-disagreement wide:closure:raw:declaration:testModifiedParameter#1+translated:testErrors2#1 len=105 artifacts=43 advent-overaccept=30 advent-underaccept=8 compiler-timeout=1 reference-disagreement=1137 same=16824 tree-difference=5
[18007/100000] reference-disagreement member-list-wide-boundary len=252 artifacts=43 advent-overaccept=30 advent-underaccept=8 compiler-timeout=1 reference-disagreement=1138 same=16825 tree-difference=5
[18017/100000] reference-disagreement wide:func-body:glue+space+glue:translated:testSwitch1#1+real:SyntaxProtocol:35 len=188 artifacts=43 advent-overaccept=30 advent-underaccept=8 compiler-timeout=1 reference-disagreement=1139 same=16834 tree-difference=5
[18023/100000] reference-disagreement wide:extension-member:glue:translated:testOperatorDeclDesignatedTypes7#1 len=77 artifacts=43 advent-overaccept=30 advent-underaccept=8 compiler-timeout=1 reference-disagreement=1140 same=16839 tree-difference=5
[18024/100000] reference-disagreement wide:top:raw:declaration:testEnumParsing#2+expression:testKeyPathMethodAndInitializers#18 len=172 artifacts=43 advent-overaccept=30 advent-underaccept=8 compiler-timeout=1 reference-disagreement=1141 same=16839 tree-difference=5
[18041/100000] reference-disagreement wide:trailing-closure:raw:attribute:testExpose#2 len=42 artifacts=43 advent-overaccept=30 advent-underaccept=8 compiler-timeout=1 reference-disagreement=1142 same=16855 tree-difference=5
[18049/100000] reference-disagreement wide:struct-member:block-comment:phase4-precedence:pg-lower len=72 artifacts=43 advent-overaccept=30 advent-underaccept=8 compiler-timeout=1 reference-disagreement=1143 same=16862 tree-difference=5
[18071/100000] reference-disagreement member-list-wide-boundary len=232 artifacts=43 advent-overaccept=30 advent-underaccept=8 compiler-timeout=1 reference-disagreement=1144 same=16883 tree-difference=5
[18091/100000] reference-disagreement wide:trailing-closure:newline:real:SyntaxTraits:858 len=83 artifacts=43 advent-overaccept=30 advent-underaccept=8 compiler-timeout=1 reference-disagreement=1145 same=16902 tree-difference=5
[18101/100000] reference-disagreement wide:func-body:line-comment:translated:testOperators5#1 len=58 artifacts=43 advent-overaccept=30 advent-underaccept=8 compiler-timeout=1 reference-disagreement=1146 same=16911 tree-difference=5
[18128/100000] reference-disagreement wide:after-statement:newline:reject:testCoroutineAccessors#1 len=87 artifacts=43 advent-overaccept=30 advent-underaccept=8 compiler-timeout=1 reference-disagreement=1147 same=16937 tree-difference=5
[18159/100000] reference-disagreement wide:func-body:newline+newline:real:RenamedChildrenBuilderCompatibility:522 len=1040 artifacts=43 advent-overaccept=30 advent-underaccept=8 compiler-timeout=1 reference-disagreement=1148 same=16967 tree-difference=5
[18184/100000] reference-disagreement tspl-divergence-protocol-body len=123 artifacts=43 advent-overaccept=30 advent-underaccept=8 compiler-timeout=1 reference-disagreement=1149 same=16991 tree-difference=5
[18198/100000] reference-disagreement wide:trailing-closure:raw:real:Oracle:770 len=92 artifacts=43 advent-overaccept=30 advent-underaccept=8 compiler-timeout=1 reference-disagreement=1150 same=17004 tree-difference=5
[18231/100000] reference-disagreement tspl-divergence-protocol-body len=217 artifacts=43 advent-overaccept=30 advent-underaccept=8 compiler-timeout=1 reference-disagreement=1151 same=17036 tree-difference=5
[18234/100000] reference-disagreement wide:func-body:delete+keyword:real:ResultBuilders:332 len=123 artifacts=43 advent-overaccept=30 advent-underaccept=8 compiler-timeout=1 reference-disagreement=1152 same=17038 tree-difference=5
[18243/100000] reference-disagreement member-list-wide-boundary len=225 artifacts=43 advent-overaccept=30 advent-underaccept=8 compiler-timeout=1 reference-disagreement=1153 same=17046 tree-difference=5
[18250/100000] same frontier:parser-mode-scope len=58 artifacts=43 advent-overaccept=30 advent-underaccept=8 compiler-timeout=1 reference-disagreement=1153 same=17053 tree-difference=5
[18274/100000] reference-disagreement statement-list len=458 artifacts=43 advent-overaccept=30 advent-underaccept=8 compiler-timeout=1 reference-disagreement=1154 same=17076 tree-difference=5
[18347/100000] reference-disagreement wide:extension-member:raw:real:MissingNodeInitializers:13 len=290 artifacts=43 advent-overaccept=30 advent-underaccept=8 compiler-timeout=1 reference-disagreement=1155 same=17148 tree-difference=5
[18351/100000] reference-disagreement keypath-boundary len=38 artifacts=43 advent-overaccept=30 advent-underaccept=8 compiler-timeout=1 reference-disagreement=1156 same=17151 tree-difference=5
[18376/100000] reference-disagreement wide:struct-member:raw:real:SyntaxUtils:35 len=319 artifacts=43 advent-overaccept=30 advent-underaccept=8 compiler-timeout=1 reference-disagreement=1157 same=17175 tree-difference=5
[18381/100000] reference-disagreement wide:top:raw:reject:testKeypathExpression#2 len=18 artifacts=43 advent-overaccept=30 advent-underaccept=8 compiler-timeout=1 reference-disagreement=1158 same=17179 tree-difference=5
[18402/100000] reference-disagreement wide:struct-member:delete:real:MacroSystem:1498 len=526 artifacts=43 advent-overaccept=30 advent-underaccept=8 compiler-timeout=1 reference-disagreement=1159 same=17199 tree-difference=5
[18411/100000] reference-disagreement wide:struct-member:keyword+space:real:StringLiterals:745 len=289 artifacts=43 advent-overaccept=30 advent-underaccept=8 compiler-timeout=1 reference-disagreement=1160 same=17207 tree-difference=5
[18434/100000] reference-disagreement wide:before-statement:raw:translated:testSwitch45#1 len=82 artifacts=43 advent-overaccept=30 advent-underaccept=8 compiler-timeout=1 reference-disagreement=1161 same=17229 tree-difference=5
[18440/100000] reference-disagreement attribute-ifconfig-elseif-list len=130 artifacts=43 advent-overaccept=30 advent-underaccept=8 compiler-timeout=1 reference-disagreement=1162 same=17234 tree-difference=5
[18441/100000] reference-disagreement member-list-wide-boundary len=141 artifacts=43 advent-overaccept=30 advent-underaccept=8 compiler-timeout=1 reference-disagreement=1163 same=17234 tree-difference=5
[18443/100000] reference-disagreement wide:extension-member:raw:translated:testForwardSlashRegexSkipping33#1+real:GrammarNode:294 len=234 artifacts=43 advent-overaccept=30 advent-underaccept=8 compiler-timeout=1 reference-disagreement=1164 same=17235 tree-difference=5
[18458/100000] reference-disagreement wide:func-body:block-comment+newline:real:WarningControlRegions:318+expression:testAwaitSwitch1#1 len=792 artifacts=43 advent-overaccept=30 advent-underaccept=8 compiler-timeout=1 reference-disagreement=1165 same=17249 tree-difference=5
[18473/100000] reference-disagreement wide:closure:raw:type:testClosureSignatures#3+real:PreambleMacro:22 len=765 artifacts=43 advent-overaccept=30 advent-underaccept=8 compiler-timeout=1 reference-disagreement=1166 same=17263 tree-difference=5
[18490/100000] reference-disagreement wide:before-statement:block-comment+keyword+newline:real:SyntaxExpressibleByStringInterpolationConformances:151 len=75 artifacts=43 advent-overaccept=30 advent-underaccept=8 compiler-timeout=1 reference-disagreement=1167 same=17279 tree-difference=5
[18494/100000] reference-disagreement wide:extension-member:newline+block-comment+keyword:translated:testInitDeinit15#1+real:BuildableNodes:1441 len=1046 artifacts=43 advent-overaccept=30 advent-underaccept=8 compiler-timeout=1 reference-disagreement=1168 same=17282 tree-difference=5
[18500/100000] same wide:after-statement:raw:phase1:let-exponent+reject:testModuleSelectorStmt#1 len=67 artifacts=43 advent-overaccept=30 advent-underaccept=8 compiler-timeout=1 reference-disagreement=1168 same=17288 tree-difference=5
[18525/100000] reference-disagreement wide:func-body:glue:real:FreestandingMacro:15 len=59 artifacts=43 advent-overaccept=30 advent-underaccept=8 compiler-timeout=1 reference-disagreement=1169 same=17312 tree-difference=5
[18569/100000] reference-disagreement statement-list len=594 artifacts=43 advent-overaccept=30 advent-underaccept=8 compiler-timeout=1 reference-disagreement=1170 same=17355 tree-difference=5
[18572/100000] reference-disagreement wide:func-body:raw:real:ConvenienceInitializers:194 len=1010 artifacts=43 advent-overaccept=30 advent-underaccept=8 compiler-timeout=1 reference-disagreement=1171 same=17357 tree-difference=5
[18590/100000] reference-disagreement wide:closure:raw:real:SyntaxTraits:748 len=104 artifacts=43 advent-overaccept=30 advent-underaccept=8 compiler-timeout=1 reference-disagreement=1172 same=17374 tree-difference=5
[18623/100000] reference-disagreement tspl-divergence-protocol-body len=181 artifacts=43 advent-overaccept=30 advent-underaccept=8 compiler-timeout=1 reference-disagreement=1173 same=17406 tree-difference=5
[18634/100000] reference-disagreement cast-try-operator-cluster len=24 artifacts=43 advent-overaccept=30 advent-underaccept=8 compiler-timeout=1 reference-disagreement=1174 same=17416 tree-difference=5
[18645/100000] reference-disagreement nested-ifconfig-boundary len=163 artifacts=43 advent-overaccept=30 advent-underaccept=8 compiler-timeout=1 reference-disagreement=1175 same=17426 tree-difference=5
[18665/100000] reference-disagreement tspl-divergence-protocol-body len=200 artifacts=43 advent-overaccept=30 advent-underaccept=8 compiler-timeout=1 reference-disagreement=1176 same=17445 tree-difference=5
[18684/100000] reference-disagreement wide:closure:raw:real:LayoutNodes+Parsable:215+real:SyntaxBaseNodes:278 len=264 artifacts=43 advent-overaccept=30 advent-underaccept=8 compiler-timeout=1 reference-disagreement=1177 same=17463 tree-difference=5
[18701/100000] reference-disagreement wide:closure:glue:translated:testOperatorDeclDesignatedTypes12#1 len=106 artifacts=43 advent-overaccept=30 advent-underaccept=8 compiler-timeout=1 reference-disagreement=1178 same=17479 tree-difference=5
[18718/100000] reference-disagreement wide:closure:raw:real:CustomTraits:46 len=194 artifacts=43 advent-overaccept=30 advent-underaccept=8 compiler-timeout=1 reference-disagreement=1179 same=17495 tree-difference=5
[18721/100000] reference-disagreement keypath-component-matrix len=49 artifacts=43 advent-overaccept=30 advent-underaccept=8 compiler-timeout=1 reference-disagreement=1180 same=17497 tree-difference=5
[18723/100000] reference-disagreement wide:trailing-closure:raw:translated:testForwardSlashRegex9#1 len=76 artifacts=43 advent-overaccept=30 advent-underaccept=8 compiler-timeout=1 reference-disagreement=1181 same=17498 tree-difference=5
[18726/100000] reference-disagreement wide:struct-member:raw:real:IndentationUtils:21 len=287 artifacts=43 advent-overaccept=30 advent-underaccept=8 compiler-timeout=1 reference-disagreement=1182 same=17500 tree-difference=5
[18750/100000] same frontier:protocol-accessor-shape len=83 artifacts=43 advent-overaccept=30 advent-underaccept=8 compiler-timeout=1 reference-disagreement=1182 same=17524 tree-difference=5
[18758/100000] reference-disagreement wide:closure:raw:translated:testMatchingPatterns1#1 len=43 artifacts=43 advent-overaccept=30 advent-underaccept=8 compiler-timeout=1 reference-disagreement=1183 same=17531 tree-difference=5
[18809/100000] reference-disagreement grammarish-member-list len=332 artifacts=43 advent-overaccept=30 advent-underaccept=8 compiler-timeout=1 reference-disagreement=1184 same=17581 tree-difference=5
[18811/100000] reference-disagreement wide:trailing-closure:glue+space:real:ListBuilder:108 len=330 artifacts=43 advent-overaccept=30 advent-underaccept=8 compiler-timeout=1 reference-disagreement=1185 same=17582 tree-difference=5
[18816/100000] reference-disagreement keypath-component-matrix len=46 artifacts=43 advent-overaccept=30 advent-underaccept=8 compiler-timeout=1 reference-disagreement=1186 same=17586 tree-difference=5
[18841/100000] reference-disagreement keypath-boundary len=33 artifacts=43 advent-overaccept=30 advent-underaccept=8 compiler-timeout=1 reference-disagreement=1187 same=17610 tree-difference=5
[18844/100000] reference-disagreement wide:ifconfig:block-comment:translated:testModuleSelectorIncorrectRuntimeBaseAttr#1 len=85 artifacts=43 advent-overaccept=30 advent-underaccept=8 compiler-timeout=1 reference-disagreement=1188 same=17612 tree-difference=5
[18847/100000] reference-disagreement wide:closure:raw:phase3-type:extension-inherit len=39 artifacts=43 advent-overaccept=30 advent-underaccept=8 compiler-timeout=1 reference-disagreement=1189 same=17614 tree-difference=5
[18850/100000] reference-disagreement wide:trailing-closure:raw:translated:testPatternWithoutVariables5#1+real:SyntaxExpressibleByStringInterpolationConformances:196 len=530 artifacts=43 advent-overaccept=30 advent-underaccept=8 compiler-timeout=1 reference-disagreement=1190 same=17616 tree-difference=5
[18860/100000] reference-disagreement wide:after-statement:raw:translated:testPatternWithoutVariables6#1+real:SwiftSyntaxCompatibility:247 len=244 artifacts=43 advent-overaccept=30 advent-underaccept=8 compiler-timeout=1 reference-disagreement=1191 same=17625 tree-difference=5
[18871/100000] reference-disagreement grammarish-member-list len=145 artifacts=43 advent-overaccept=30 advent-underaccept=8 compiler-timeout=1 reference-disagreement=1192 same=17635 tree-difference=5
[18880/100000] reference-disagreement wide:top:block-comment+delete+keyword:translated:testInitDeinit12#1 len=26 artifacts=43 advent-overaccept=30 advent-underaccept=8 compiler-timeout=1 reference-disagreement=1193 same=17643 tree-difference=5
[18885/100000] reference-disagreement tspl-divergence-protocol-body len=127 artifacts=43 advent-overaccept=30 advent-underaccept=8 compiler-timeout=1 reference-disagreement=1194 same=17647 tree-difference=5
[18914/100000] reference-disagreement seed-corpus-structural-splice:extension-optional-type len=119 artifacts=43 advent-overaccept=30 advent-underaccept=8 compiler-timeout=1 reference-disagreement=1195 same=17675 tree-difference=5
[18965/100000] reference-disagreement attribute-ifconfig-elseif-list len=122 artifacts=43 advent-overaccept=30 advent-underaccept=8 compiler-timeout=1 reference-disagreement=1196 same=17725 tree-difference=5
[19000/100000] same interpolation-boundary len=93 artifacts=43 advent-overaccept=30 advent-underaccept=8 compiler-timeout=1 reference-disagreement=1196 same=17760 tree-difference=5
[19005/100000] reference-disagreement wide:func-body:line-comment+newline:real:SyntaxExpressibleByStringInterpolationConformances:199 len=177 artifacts=43 advent-overaccept=30 advent-underaccept=8 compiler-timeout=1 reference-disagreement=1197 same=17764 tree-difference=5
[19006/100000] reference-disagreement wide:trailing-closure:raw:real:SyntaxUtils:25 len=265 artifacts=43 advent-overaccept=30 advent-underaccept=8 compiler-timeout=1 reference-disagreement=1198 same=17764 tree-difference=5
[19019/100000] reference-disagreement attribute-ifconfig-elseif-list len=121 artifacts=43 advent-overaccept=30 advent-underaccept=8 compiler-timeout=1 reference-disagreement=1199 same=17776 tree-difference=5
[19028/100000] reference-disagreement wide:func-body:glue:real:NameMatcher:447 len=483 artifacts=43 advent-overaccept=30 advent-underaccept=8 compiler-timeout=1 reference-disagreement=1200 same=17784 tree-difference=5
[19036/100000] reference-disagreement wide:func-body:delete:declaration:testParseRetroactiveExtension#1+translated:testForwardSlashRegexSkipping7#1 len=82 artifacts=43 advent-overaccept=30 advent-underaccept=8 compiler-timeout=1 reference-disagreement=1201 same=17791 tree-difference=5
[19040/100000] reference-disagreement wide:before-statement:delete+space:reject:testOperatorDecl9#1+attribute:testLexicalLifetimes#1 len=65 artifacts=43 advent-overaccept=30 advent-underaccept=8 compiler-timeout=1 reference-disagreement=1202 same=17794 tree-difference=5
[19046/100000] reference-disagreement wide:func-body:newline:real:ChildNameForDiagnostics:385 len=203 artifacts=43 advent-overaccept=30 advent-underaccept=8 compiler-timeout=1 reference-disagreement=1203 same=17799 tree-difference=5
[19081/100000] reference-disagreement wide:closure:raw:real:Trivia:139 len=342 artifacts=43 advent-overaccept=30 advent-underaccept=8 compiler-timeout=1 reference-disagreement=1204 same=17833 tree-difference=5
[19086/100000] reference-disagreement wide:trailing-closure:keyword+block-comment+line-comment:real:BuildableNodes:292 len=1046 artifacts=43 advent-overaccept=30 advent-underaccept=8 compiler-timeout=1 reference-disagreement=1205 same=17837 tree-difference=5
[19087/100000] reference-disagreement wide:trailing-closure:raw:real:SyntaxClassifier:268 len=456 artifacts=43 advent-overaccept=30 advent-underaccept=8 compiler-timeout=1 reference-disagreement=1206 same=17837 tree-difference=5
[19097/100000] reference-disagreement member-list-wide-boundary len=386 artifacts=43 advent-overaccept=30 advent-underaccept=8 compiler-timeout=1 reference-disagreement=1207 same=17846 tree-difference=5
[19108/100000] reference-disagreement wide:func-body:newline:real:ResultBuilders:620 len=212 artifacts=43 advent-overaccept=30 advent-underaccept=8 compiler-timeout=1 reference-disagreement=1208 same=17856 tree-difference=5
[19115/100000] reference-disagreement wide:func-body:newline+line-comment:real:ConvenienceInitializers:40 len=172 artifacts=43 advent-overaccept=30 advent-underaccept=8 compiler-timeout=1 reference-disagreement=1209 same=17862 tree-difference=5
[19121/100000] reference-disagreement wide:func-body:block-comment:real:Scanner:98 len=177 artifacts=43 advent-overaccept=30 advent-underaccept=8 compiler-timeout=1 reference-disagreement=1210 same=17867 tree-difference=5
[19122/100000] reference-disagreement wide:func-body:glue:real:SyntaxExpressibleByStringInterpolationConformances:130 len=92 artifacts=43 advent-overaccept=30 advent-underaccept=8 compiler-timeout=1 reference-disagreement=1211 same=17867 tree-difference=5
[19129/100000] reference-disagreement tspl-divergence-protocol-body len=98 artifacts=43 advent-overaccept=30 advent-underaccept=8 compiler-timeout=1 reference-disagreement=1212 same=17873 tree-difference=5
[19130/100000] reference-disagreement tspl-divergence-protocol-body len=187 artifacts=43 advent-overaccept=30 advent-underaccept=8 compiler-timeout=1 reference-disagreement=1213 same=17873 tree-difference=5
[19164/100000] reference-disagreement wide:interpolation:block-comment:translated:testAvailabilityQuery14#1 len=61 artifacts=43 advent-overaccept=30 advent-underaccept=8 compiler-timeout=1 reference-disagreement=1214 same=17906 tree-difference=5
[19183/100000] reference-disagreement wide:extension-member:raw:translated:testOperators9#1+phase4-import:import-kind len=86 artifacts=43 advent-overaccept=30 advent-underaccept=8 compiler-timeout=1 reference-disagreement=1215 same=17924 tree-difference=5
[19204/100000] reference-disagreement wide:ifconfig:block-comment+block-comment:translated:testEffectfulProperties10#1+real:SyntaxExpressibleByStringInterpolationConformances:184 len=409 artifacts=43 advent-overaccept=30 advent-underaccept=8 compiler-timeout=1 reference-disagreement=1216 same=17944 tree-difference=5
[19215/100000] reference-disagreement wide:trailing-closure:raw:real:ResultBuilders:566 len=147 artifacts=43 advent-overaccept=30 advent-underaccept=8 compiler-timeout=1 reference-disagreement=1217 same=17954 tree-difference=5
[19232/100000] reference-disagreement wide:extension-member:raw:real:VersionTuple:66 len=173 artifacts=43 advent-overaccept=30 advent-underaccept=8 compiler-timeout=1 reference-disagreement=1218 same=17970 tree-difference=5
[19250/100000] same func-body len=489 artifacts=43 advent-overaccept=30 advent-underaccept=8 compiler-timeout=1 reference-disagreement=1218 same=17988 tree-difference=5
[19267/100000] reference-disagreement wide:extension-member:raw:real:SyntaxTraits:728 len=127 artifacts=43 advent-overaccept=30 advent-underaccept=8 compiler-timeout=1 reference-disagreement=1219 same=18004 tree-difference=5
[19285/100000] reference-disagreement attribute-ifconfig-elseif-list len=115 artifacts=43 advent-overaccept=30 advent-underaccept=8 compiler-timeout=1 reference-disagreement=1220 same=18021 tree-difference=5
[19301/100000] reference-disagreement wide:extension-member:raw:real:DeclSyntaxParseable:61 len=72 artifacts=43 advent-overaccept=30 advent-underaccept=8 compiler-timeout=1 reference-disagreement=1221 same=18036 tree-difference=5
[19311/100000] reference-disagreement wide:extension-member:newline+glue:real:Trivia:108 len=49 artifacts=43 advent-overaccept=30 advent-underaccept=8 compiler-timeout=1 reference-disagreement=1222 same=18045 tree-difference=5
[19334/100000] tree-difference wide:ifconfig:newline+space:statement:testMissingIfClauseIntroducer#1 len=29 artifacts=43 advent-overaccept=30 advent-underaccept=8 compiler-timeout=1 reference-disagreement=1222 same=18067 tree-difference=6
[19342/100000] reference-disagreement grammarish-member-list len=110 artifacts=43 advent-overaccept=30 advent-underaccept=8 compiler-timeout=1 reference-disagreement=1223 same=18074 tree-difference=6
[19343/100000] reference-disagreement wide:func-body:glue+duplicate:real:CallLikeSyntax:28 len=84 artifacts=43 advent-overaccept=30 advent-underaccept=8 compiler-timeout=1 reference-disagreement=1224 same=18074 tree-difference=6
[19363/100000] reference-disagreement wide:extension-member:raw:reject:testMacroRoleNames#1 len=67 artifacts=43 advent-overaccept=30 advent-underaccept=8 compiler-timeout=1 reference-disagreement=1225 same=18093 tree-difference=6
[19435/100000] reference-disagreement wide:func-body:raw:real:RenamedChildrenBuilderCompatibility:572 len=1250 artifacts=43 advent-overaccept=30 advent-underaccept=8 compiler-timeout=1 reference-disagreement=1226 same=18164 tree-difference=6
[19438/100000] advent-overaccept wide:ifconfig:block-comment+glue:translated:testOperatorDeclDesignatedTypes19#1 len=58 artifacts=44 advent-overaccept=31 advent-underaccept=8 compiler-timeout=1 reference-disagreement=1226 same=18166 tree-difference=6
[19456/100000] reference-disagreement wide:closure:raw:real:MacroExpansion:41 len=587 artifacts=44 advent-overaccept=31 advent-underaccept=8 compiler-timeout=1 reference-disagreement=1227 same=18183 tree-difference=6
[19478/100000] reference-disagreement member-list-wide-boundary len=206 artifacts=44 advent-overaccept=31 advent-underaccept=8 compiler-timeout=1 reference-disagreement=1228 same=18204 tree-difference=6
[19480/100000] advent-overaccept wide:after-statement:block-comment+splice+block-comment:phase2-postfix:member-chain len=41 artifacts=45 advent-overaccept=32 advent-underaccept=8 compiler-timeout=1 reference-disagreement=1228 same=18205 tree-difference=6
[19493/100000] reference-disagreement tspl-divergence-protocol-body len=112 artifacts=45 advent-overaccept=32 advent-underaccept=8 compiler-timeout=1 reference-disagreement=1229 same=18217 tree-difference=6
[19496/100000] reference-disagreement wide:after-statement:raw:translated:testRecovery13#1+translated:testDeprecatedWhere2#1 len=276 artifacts=45 advent-overaccept=32 advent-underaccept=8 compiler-timeout=1 reference-disagreement=1230 same=18219 tree-difference=6
[19498/100000] reference-disagreement keypath-component-matrix len=59 artifacts=45 advent-overaccept=32 advent-underaccept=8 compiler-timeout=1 reference-disagreement=1231 same=18220 tree-difference=6
[19500/100000] same interpolation-boundary len=81 artifacts=45 advent-overaccept=32 advent-underaccept=8 compiler-timeout=1 reference-disagreement=1231 same=18222 tree-difference=6
[19505/100000] reference-disagreement attribute-ifconfig-elseif-list len=127 artifacts=45 advent-overaccept=32 advent-underaccept=8 compiler-timeout=1 reference-disagreement=1232 same=18226 tree-difference=6
[19507/100000] reference-disagreement wide:trailing-closure:raw:real:SyntaxTraits:816+translated:testDeprecatedWhere11#1 len=312 artifacts=45 advent-overaccept=32 advent-underaccept=8 compiler-timeout=1 reference-disagreement=1233 same=18227 tree-difference=6
[19512/100000] reference-disagreement wide:trailing-closure:raw:statement:testTypedThrows#3+translated:testPrefixSlash4#1 len=62 artifacts=45 advent-overaccept=32 advent-underaccept=8 compiler-timeout=1 reference-disagreement=1234 same=18231 tree-difference=6
[19529/100000] reference-disagreement wide:top:newline+line-comment:attribute:testSilgenName#1+translated:testForeach2#2 len=206 artifacts=45 advent-overaccept=32 advent-underaccept=8 compiler-timeout=1 reference-disagreement=1235 same=18247 tree-difference=6
[19548/100000] reference-disagreement statement-list len=458 artifacts=45 advent-overaccept=32 advent-underaccept=8 compiler-timeout=1 reference-disagreement=1236 same=18265 tree-difference=6
[19550/100000] reference-disagreement wide:interpolation:block-comment+delete:translated:testModuleSelectorCorrectCode#10 len=67 artifacts=45 advent-overaccept=32 advent-underaccept=8 compiler-timeout=1 reference-disagreement=1237 same=18266 tree-difference=6
[19586/100000] reference-disagreement wide:trailing-closure:line-comment+newline:real:BuildableNodes:1154 len=887 artifacts=45 advent-overaccept=32 advent-underaccept=8 compiler-timeout=1 reference-disagreement=1238 same=18301 tree-difference=6
[19589/100000] reference-disagreement wide:func-body:raw:real:NameMatcher:418 len=404 artifacts=45 advent-overaccept=32 advent-underaccept=8 compiler-timeout=1 reference-disagreement=1239 same=18303 tree-difference=6
[19600/100000] reference-disagreement wide:top:glue:reject:testKeypathExpression#3 len=21 artifacts=45 advent-overaccept=32 advent-underaccept=8 compiler-timeout=1 reference-disagreement=1240 same=18313 tree-difference=6
[19601/100000] advent-overaccept wide:after-statement:raw:reject:testConflictMarkers12#1 len=146 artifacts=46 advent-overaccept=33 advent-underaccept=8 compiler-timeout=1 reference-disagreement=1240 same=18313 tree-difference=6
[19609/100000] reference-disagreement tspl-divergence-accessor-commitment len=49 artifacts=46 advent-overaccept=33 advent-underaccept=8 compiler-timeout=1 reference-disagreement=1241 same=18320 tree-difference=6
[19615/100000] reference-disagreement attribute-ifconfig-elseif-list len=116 artifacts=46 advent-overaccept=33 advent-underaccept=8 compiler-timeout=1 reference-disagreement=1242 same=18325 tree-difference=6
[19623/100000] reference-disagreement wide:closure:raw:real:IdentifiableSyntax:46 len=125 artifacts=46 advent-overaccept=33 advent-underaccept=8 compiler-timeout=1 reference-disagreement=1243 same=18332 tree-difference=6
[19689/100000] reference-disagreement wide:extension-member:block-comment+block-comment+line-comment:real:Attributes:390 len=731 artifacts=46 advent-overaccept=33 advent-underaccept=8 compiler-timeout=1 reference-disagreement=1244 same=18397 tree-difference=6
[19720/100000] reference-disagreement wide:func-body:block-comment:real:ExpandEditorPlaceholder:169 len=1160 artifacts=46 advent-overaccept=33 advent-underaccept=8 compiler-timeout=1 reference-disagreement=1245 same=18427 tree-difference=6
[19723/100000] reference-disagreement cast-try-operator-cluster len=24 artifacts=46 advent-overaccept=33 advent-underaccept=8 compiler-timeout=1 reference-disagreement=1246 same=18429 tree-difference=6
[19742/100000] reference-disagreement wide:extension-member:line-comment+line-comment:real:BuildConfiguration:311 len=341 artifacts=46 advent-overaccept=33 advent-underaccept=8 compiler-timeout=1 reference-disagreement=1247 same=18447 tree-difference=6
[19750/100000] reference-disagreement wide:closure:glue+splice:expression:testKeypathExpression#7+real:SwiftSyntaxCompatibility:771 len=157 artifacts=46 advent-overaccept=33 advent-underaccept=8 compiler-timeout=1 reference-disagreement=1248 same=18454 tree-difference=6
[19817/100000] reference-disagreement wide:closure:newline+space+space:real:Names:409 len=1118 artifacts=46 advent-overaccept=33 advent-underaccept=8 compiler-timeout=1 reference-disagreement=1249 same=18520 tree-difference=6
[19825/100000] reference-disagreement wide:ifconfig:raw:translated:testInvalid39#1 len=43 artifacts=46 advent-overaccept=33 advent-underaccept=8 compiler-timeout=1 reference-disagreement=1250 same=18527 tree-difference=6
[19859/100000] reference-disagreement wide:closure:raw:real:ExpandEditorPlaceholder:505 len=65 artifacts=46 advent-overaccept=33 advent-underaccept=8 compiler-timeout=1 reference-disagreement=1251 same=18560 tree-difference=6
[19921/100000] reference-disagreement binding-pattern len=458 artifacts=46 advent-overaccept=33 advent-underaccept=8 compiler-timeout=1 reference-disagreement=1252 same=18621 tree-difference=6
[19926/100000] reference-disagreement attribute-ifconfig-elseif-list len=104 artifacts=46 advent-overaccept=33 advent-underaccept=8 compiler-timeout=1 reference-disagreement=1253 same=18625 tree-difference=6
[19965/100000] reference-disagreement wide:trailing-closure:keyword:attribute:testABIAttribute#16+phase2-postfix:call-chain len=111 artifacts=46 advent-overaccept=33 advent-underaccept=8 compiler-timeout=1 reference-disagreement=1254 same=18663 tree-difference=6
[19969/100000] reference-disagreement wide:top:splice:translated:testSwitch41#1 len=704 artifacts=46 advent-overaccept=33 advent-underaccept=8 compiler-timeout=1 reference-disagreement=1255 same=18666 tree-difference=6
[19973/100000] reference-disagreement tspl-divergence-accessor-commitment len=49 artifacts=46 advent-overaccept=33 advent-underaccept=8 compiler-timeout=1 reference-disagreement=1256 same=18669 tree-difference=6
[19983/100000] reference-disagreement tspl-divergence-accessor-commitment len=49 artifacts=46 advent-overaccept=33 advent-underaccept=8 compiler-timeout=1 reference-disagreement=1257 same=18678 tree-difference=6
[20000/100000] same frontier:parser-mode-scope len=95 artifacts=46 advent-overaccept=33 advent-underaccept=8 compiler-timeout=1 reference-disagreement=1257 same=18695 tree-difference=6
[20032/100000] reference-disagreement wide:extension-member:raw:real:SyntaxExpressibleByStringInterpolationConformances:268 len=97 artifacts=46 advent-overaccept=33 advent-underaccept=8 compiler-timeout=1 reference-disagreement=1258 same=18726 tree-difference=6
[20048/100000] reference-disagreement statement-list len=679 artifacts=46 advent-overaccept=33 advent-underaccept=8 compiler-timeout=1 reference-disagreement=1259 same=18741 tree-difference=6
[20060/100000] reference-disagreement wide:top:raw:translated:testRegexParseError12#1+translated:testInitDeinit22#1 len=155 artifacts=46 advent-overaccept=33 advent-underaccept=8 compiler-timeout=1 reference-disagreement=1260 same=18752 tree-difference=6
[20081/100000] reference-disagreement tspl-divergence-protocol-body len=116 artifacts=46 advent-overaccept=33 advent-underaccept=8 compiler-timeout=1 reference-disagreement=1261 same=18772 tree-difference=6
[20147/100000] reference-disagreement tspl-divergence-protocol-body len=103 artifacts=46 advent-overaccept=33 advent-underaccept=8 compiler-timeout=1 reference-disagreement=1262 same=18837 tree-difference=6
[20161/100000] reference-disagreement wide:trailing-closure:glue:translated:testSemicolon3#1+declaration:testClassParsing#2 len=199 artifacts=46 advent-overaccept=33 advent-underaccept=8 compiler-timeout=1 reference-disagreement=1263 same=18850 tree-difference=6
[20168/100000] reference-disagreement statement-list len=520 artifacts=46 advent-overaccept=33 advent-underaccept=8 compiler-timeout=1 reference-disagreement=1264 same=18856 tree-difference=6
[20173/100000] reference-disagreement wide:struct-member:space:declaration:testClassWithPrivateSet#1+translated:testEscapedIdentifiers10#1 len=117 artifacts=46 advent-overaccept=33 advent-underaccept=8 compiler-timeout=1 reference-disagreement=1265 same=18860 tree-difference=6
[20181/100000] reference-disagreement tspl-divergence-protocol-body len=164 artifacts=46 advent-overaccept=33 advent-underaccept=8 compiler-timeout=1 reference-disagreement=1266 same=18867 tree-difference=6
[20185/100000] reference-disagreement wide:extension-member:raw:real:SyntaxExpressibleByStringInterpolationConformances:250 len=91 artifacts=46 advent-overaccept=33 advent-underaccept=8 compiler-timeout=1 reference-disagreement=1267 same=18870 tree-difference=6
[20188/100000] reference-disagreement member-list-wide-boundary len=354 artifacts=46 advent-overaccept=33 advent-underaccept=8 compiler-timeout=1 reference-disagreement=1268 same=18872 tree-difference=6
[20195/100000] reference-disagreement grammarish-member-list len=181 artifacts=46 advent-overaccept=33 advent-underaccept=8 compiler-timeout=1 reference-disagreement=1269 same=18878 tree-difference=6
[20202/100000] reference-disagreement grammarish-member-list len=233 artifacts=46 advent-overaccept=33 advent-underaccept=8 compiler-timeout=1 reference-disagreement=1270 same=18884 tree-difference=6
[20203/100000] reference-disagreement statement-list len=653 artifacts=46 advent-overaccept=33 advent-underaccept=8 compiler-timeout=1 reference-disagreement=1271 same=18884 tree-difference=6
[20216/100000] reference-disagreement wide:closure:splice+line-comment:phase4-misc:typealias-generic+real:RawSyntax:367 len=693 artifacts=46 advent-overaccept=33 advent-underaccept=8 compiler-timeout=1 reference-disagreement=1272 same=18896 tree-difference=6
[20220/100000] reference-disagreement wide:trailing-closure:raw:real:SyntaxCollections:618 len=531 artifacts=46 advent-overaccept=33 advent-underaccept=8 compiler-timeout=1 reference-disagreement=1273 same=18899 tree-difference=6
[20232/100000] reference-disagreement wide:closure:raw:translated:testDelayedExtension1#1 len=47 artifacts=46 advent-overaccept=33 advent-underaccept=8 compiler-timeout=1 reference-disagreement=1274 same=18910 tree-difference=6
[20245/100000] reference-disagreement wide:closure:raw:phase3-modifier:public-ext len=43 artifacts=46 advent-overaccept=33 advent-underaccept=8 compiler-timeout=1 reference-disagreement=1275 same=18922 tree-difference=6
[20247/100000] reference-disagreement grammarish-member-list len=297 artifacts=46 advent-overaccept=33 advent-underaccept=8 compiler-timeout=1 reference-disagreement=1276 same=18923 tree-difference=6
[20250/100000] reference-disagreement wide:struct-member:keyword:real:Parser:848 len=597 artifacts=46 advent-overaccept=33 advent-underaccept=8 compiler-timeout=1 reference-disagreement=1277 same=18925 tree-difference=6
[20264/100000] reference-disagreement wide:func-body:keyword:phase3-enum-case:case-assoc-two len=51 artifacts=46 advent-overaccept=33 advent-underaccept=8 compiler-timeout=1 reference-disagreement=1278 same=18938 tree-difference=6
[20268/100000] reference-disagreement wide:func-body:raw:real:CollectionNodes+Parsable:118 len=771 artifacts=46 advent-overaccept=33 advent-underaccept=8 compiler-timeout=1 reference-disagreement=1279 same=18941 tree-difference=6
[20274/100000] reference-disagreement wide:trailing-closure:newline+newline:type:testInverseTypesInParameter#5+real:Syntax+StringInterpolation:286 len=81 artifacts=46 advent-overaccept=33 advent-underaccept=8 compiler-timeout=1 reference-disagreement=1280 same=18946 tree-difference=6
[20288/100000] advent-overaccept wide:func-body:newline+delete+newline:translated:testSubscripting6#1 len=174 artifacts=47 advent-overaccept=34 advent-underaccept=8 compiler-timeout=1 reference-disagreement=1280 same=18959 tree-difference=6
[20291/100000] reference-disagreement grammarish-member-list len=215 artifacts=47 advent-overaccept=34 advent-underaccept=8 compiler-timeout=1 reference-disagreement=1281 same=18961 tree-difference=6
[20320/100000] reference-disagreement wide:struct-member:newline+newline:real:TokenSequence:188 len=264 artifacts=47 advent-overaccept=34 advent-underaccept=8 compiler-timeout=1 reference-disagreement=1282 same=18989 tree-difference=6
[20341/100000] reference-disagreement wide:struct-member:line-comment+block-comment+glue:real:SyntaxNodeWithBody:99 len=78 artifacts=47 advent-overaccept=34 advent-underaccept=8 compiler-timeout=1 reference-disagreement=1283 same=19009 tree-difference=6
[20366/100000] reference-disagreement wide:closure:newline:real:SyntaxTraits:120 len=682 artifacts=47 advent-overaccept=34 advent-underaccept=8 compiler-timeout=1 reference-disagreement=1284 same=19033 tree-difference=6
[20367/100000] reference-disagreement keypath-boundary len=44 artifacts=47 advent-overaccept=34 advent-underaccept=8 compiler-timeout=1 reference-disagreement=1285 same=19033 tree-difference=6
[20376/100000] reference-disagreement attribute-ifconfig-elseif-list len=130 artifacts=47 advent-overaccept=34 advent-underaccept=8 compiler-timeout=1 reference-disagreement=1286 same=19041 tree-difference=6
[20381/100000] reference-disagreement wide:struct-member:splice:real:LayoutNodes+Parsable:199 len=191 artifacts=47 advent-overaccept=34 advent-underaccept=8 compiler-timeout=1 reference-disagreement=1287 same=19045 tree-difference=6
[20411/100000] reference-disagreement attribute-ifconfig-elseif-list len=104 artifacts=47 advent-overaccept=34 advent-underaccept=8 compiler-timeout=1 reference-disagreement=1288 same=19074 tree-difference=6
[20441/100000] reference-disagreement declaration-modifier-stack len=34 artifacts=47 advent-overaccept=34 advent-underaccept=8 compiler-timeout=1 reference-disagreement=1289 same=19103 tree-difference=6
[20443/100000] advent-overaccept wide:after-statement:line-comment+line-comment:declaration:testInitializerWithReturnType#1 len=113 artifacts=48 advent-overaccept=35 advent-underaccept=8 compiler-timeout=1 reference-disagreement=1289 same=19104 tree-difference=6
[20445/100000] reference-disagreement wide:struct-member:line-comment+keyword:real:SyntaxNodeWithBody:42 len=213 artifacts=48 advent-overaccept=35 advent-underaccept=8 compiler-timeout=1 reference-disagreement=1290 same=19105 tree-difference=6
[20447/100000] reference-disagreement wide:func-body:delete+block-comment:real:Convenience:19 len=464 artifacts=48 advent-overaccept=35 advent-underaccept=8 compiler-timeout=1 reference-disagreement=1291 same=19106 tree-difference=6
[20500/100000] same frontier:generic-member-type-shape len=284 artifacts=48 advent-overaccept=35 advent-underaccept=8 compiler-timeout=1 reference-disagreement=1291 same=19159 tree-difference=6
[20522/100000] reference-disagreement statement-list len=649 artifacts=48 advent-overaccept=35 advent-underaccept=8 compiler-timeout=1 reference-disagreement=1292 same=19180 tree-difference=6
[20544/100000] reference-disagreement wide:func-body:space:real:IdentifiableSyntax:52 len=118 artifacts=48 advent-overaccept=35 advent-underaccept=8 compiler-timeout=1 reference-disagreement=1293 same=19201 tree-difference=6
[20575/100000] reference-disagreement keypath-component-matrix len=49 artifacts=48 advent-overaccept=35 advent-underaccept=8 compiler-timeout=1 reference-disagreement=1294 same=19231 tree-difference=6
[20577/100000] reference-disagreement grammarish-member-list len=266 artifacts=48 advent-overaccept=35 advent-underaccept=8 compiler-timeout=1 reference-disagreement=1295 same=19232 tree-difference=6
[20598/100000] reference-disagreement ifconfig-member-context-boundary len=72 artifacts=48 advent-overaccept=35 advent-underaccept=8 compiler-timeout=1 reference-disagreement=1296 same=19252 tree-difference=6
[20667/100000] advent-underaccept wide:top:splice:expression:testSendableAttributeInClosure#1 len=32 artifacts=49 advent-overaccept=35 advent-underaccept=9 compiler-timeout=1 reference-disagreement=1296 same=19320 tree-difference=6
[20678/100000] reference-disagreement tspl-divergence-accessor-commitment len=78 artifacts=49 advent-overaccept=35 advent-underaccept=9 compiler-timeout=1 reference-disagreement=1297 same=19330 tree-difference=6
[20739/100000] reference-disagreement binding-pattern len=458 artifacts=49 advent-overaccept=35 advent-underaccept=9 compiler-timeout=1 reference-disagreement=1298 same=19390 tree-difference=6
[20748/100000] reference-disagreement binding-pattern len=458 artifacts=49 advent-overaccept=35 advent-underaccept=9 compiler-timeout=1 reference-disagreement=1299 same=19398 tree-difference=6
[20750/100000] same init-subscript-boundary len=92 artifacts=49 advent-overaccept=35 advent-underaccept=9 compiler-timeout=1 reference-disagreement=1299 same=19400 tree-difference=6
[20751/100000] reference-disagreement wide:func-body:raw:real:SyntaxExpressibleByStringInterpolationConformances:271+expression:testObjectLiterals#1 len=315 artifacts=49 advent-overaccept=35 advent-underaccept=9 compiler-timeout=1 reference-disagreement=1300 same=19400 tree-difference=6
[20771/100000] reference-disagreement wide:after-statement:line-comment:expression:testClosureWithExternalParameterName#2 len=48 artifacts=49 advent-overaccept=35 advent-underaccept=9 compiler-timeout=1 reference-disagreement=1301 same=19419 tree-difference=6
[20821/100000] reference-disagreement tspl-divergence-accessor-commitment len=78 artifacts=49 advent-overaccept=35 advent-underaccept=9 compiler-timeout=1 reference-disagreement=1302 same=19468 tree-difference=6
[20849/100000] reference-disagreement wide:top:newline+newline:translated:testSwitch33#1 len=103 artifacts=49 advent-overaccept=35 advent-underaccept=9 compiler-timeout=1 reference-disagreement=1303 same=19495 tree-difference=6
[20867/100000] reference-disagreement wide:trailing-closure:glue:real:SyntaxTraits:726 len=57 artifacts=49 advent-overaccept=35 advent-underaccept=9 compiler-timeout=1 reference-disagreement=1304 same=19512 tree-difference=6
[20873/100000] reference-disagreement wide:trailing-closure:splice:declaration:testInitAccessor#1 len=78 artifacts=49 advent-overaccept=35 advent-underaccept=9 compiler-timeout=1 reference-disagreement=1305 same=19517 tree-difference=6
[20904/100000] reference-disagreement wide:extension-member:raw:attribute:testABIAttribute#8 len=100 artifacts=49 advent-overaccept=35 advent-underaccept=9 compiler-timeout=1 reference-disagreement=1306 same=19547 tree-difference=6
[20905/100000] reference-disagreement wide:closure:space+space+splice:real:ConvenienceInitializers:189 len=86 artifacts=49 advent-overaccept=35 advent-underaccept=9 compiler-timeout=1 reference-disagreement=1307 same=19547 tree-difference=6
[20912/100000] reference-disagreement wide:func-body:block-comment+line-comment:declaration:testBorrowAndMutateAccessors#1 len=200 artifacts=49 advent-overaccept=35 advent-underaccept=9 compiler-timeout=1 reference-disagreement=1308 same=19553 tree-difference=6
[20914/100000] reference-disagreement wide:top:glue+newline+newline:translated:testSubscripting20#1 len=86 artifacts=49 advent-overaccept=35 advent-underaccept=9 compiler-timeout=1 reference-disagreement=1309 same=19554 tree-difference=6
[20922/100000] reference-disagreement wide:closure:raw:real:SyntaxExpressibleByStringInterpolationConformances:202 len=85 artifacts=49 advent-overaccept=35 advent-underaccept=9 compiler-timeout=1 reference-disagreement=1310 same=19561 tree-difference=6
[20945/100000] reference-disagreement declaration-modifier-stack len=34 artifacts=49 advent-overaccept=35 advent-underaccept=9 compiler-timeout=1 reference-disagreement=1311 same=19583 tree-difference=6
[20958/100000] reference-disagreement wide:struct-member:block-comment+block-comment:real:SyntaxTraits:810 len=98 artifacts=49 advent-overaccept=35 advent-underaccept=9 compiler-timeout=1 reference-disagreement=1312 same=19595 tree-difference=6
[20962/100000] reference-disagreement keypath-component-matrix len=40 artifacts=49 advent-overaccept=35 advent-underaccept=9 compiler-timeout=1 reference-disagreement=1313 same=19598 tree-difference=6
[20967/100000] reference-disagreement wide:extension-member:space+glue:real:Specifiers:581 len=519 artifacts=49 advent-overaccept=35 advent-underaccept=9 compiler-timeout=1 reference-disagreement=1314 same=19602 tree-difference=6
[20976/100000] reference-disagreement grammarish-member-list len=174 artifacts=49 advent-overaccept=35 advent-underaccept=9 compiler-timeout=1 reference-disagreement=1315 same=19610 tree-difference=6
[20981/100000] reference-disagreement attribute-ifconfig-elseif-list len=119 artifacts=49 advent-overaccept=35 advent-underaccept=9 compiler-timeout=1 reference-disagreement=1316 same=19614 tree-difference=6
[20986/100000] reference-disagreement statement-list len=744 artifacts=49 advent-overaccept=35 advent-underaccept=9 compiler-timeout=1 reference-disagreement=1317 same=19618 tree-difference=6
[21000/100000] same func-body len=456 artifacts=49 advent-overaccept=35 advent-underaccept=9 compiler-timeout=1 reference-disagreement=1317 same=19632 tree-difference=6
[21005/100000] reference-disagreement wide:trailing-closure:raw:real:LayoutNodes+Parsable:63 len=188 artifacts=49 advent-overaccept=35 advent-underaccept=9 compiler-timeout=1 reference-disagreement=1318 same=19636 tree-difference=6
[21012/100000] reference-disagreement tspl-divergence-accessor-commitment len=78 artifacts=49 advent-overaccept=35 advent-underaccept=9 compiler-timeout=1 reference-disagreement=1319 same=19642 tree-difference=6
[21013/100000] reference-disagreement wide:trailing-closure:raw:real:AssertEqualWithDiff:36 len=114 artifacts=49 advent-overaccept=35 advent-underaccept=9 compiler-timeout=1 reference-disagreement=1320 same=19642 tree-difference=6
[21017/100000] reference-disagreement wide:ifconfig:space:phase2-literal:array-nested+phase4-coroutine:op-designated len=79 artifacts=49 advent-overaccept=35 advent-underaccept=9 compiler-timeout=1 reference-disagreement=1321 same=19645 tree-difference=6
[21052/100000] reference-disagreement attribute-ifconfig-elseif-list len=114 artifacts=49 advent-overaccept=35 advent-underaccept=9 compiler-timeout=1 reference-disagreement=1322 same=19679 tree-difference=6
[21066/100000] reference-disagreement tspl-divergence-protocol-body len=168 artifacts=49 advent-overaccept=35 advent-underaccept=9 compiler-timeout=1 reference-disagreement=1323 same=19692 tree-difference=6
[21106/100000] reference-disagreement member-list-wide-boundary len=224 artifacts=49 advent-overaccept=35 advent-underaccept=9 compiler-timeout=1 reference-disagreement=1324 same=19731 tree-difference=6
[21123/100000] reference-disagreement attribute-ifconfig-elseif-list len=128 artifacts=49 advent-overaccept=35 advent-underaccept=9 compiler-timeout=1 reference-disagreement=1325 same=19747 tree-difference=6
[21129/100000] reference-disagreement wide:trailing-closure:raw:real:RawSyntaxLayoutView:13+real:SyntaxExpressibleByStringInterpolationConformances:49 len=497 artifacts=49 advent-overaccept=35 advent-underaccept=9 compiler-timeout=1 reference-disagreement=1326 same=19752 tree-difference=6
[21130/100000] reference-disagreement member-list-wide-boundary len=157 artifacts=49 advent-overaccept=35 advent-underaccept=9 compiler-timeout=1 reference-disagreement=1327 same=19752 tree-difference=6
[21139/100000] reference-disagreement wide:closure:space+block-comment+newline:real:ResultBuilders:215 len=142 artifacts=49 advent-overaccept=35 advent-underaccept=9 compiler-timeout=1 reference-disagreement=1328 same=19760 tree-difference=6
[21143/100000] reference-disagreement wide:extension-member:newline:phase4-precedence:pg-assoc-left len=60 artifacts=49 advent-overaccept=35 advent-underaccept=9 compiler-timeout=1 reference-disagreement=1329 same=19763 tree-difference=6
[21154/100000] reference-disagreement wide:trailing-closure:block-comment:real:BuildableNodes:110+translated:testAvailabilityQuery17#1 len=1092 artifacts=49 advent-overaccept=35 advent-underaccept=9 compiler-timeout=1 reference-disagreement=1330 same=19773 tree-difference=6
[21167/100000] reference-disagreement attribute-ifconfig-elseif-list len=111 artifacts=49 advent-overaccept=35 advent-underaccept=9 compiler-timeout=1 reference-disagreement=1331 same=19785 tree-difference=6
[21228/100000] reference-disagreement wide:closure:raw:real:ParseDiagnosticsGenerator:59 len=586 artifacts=49 advent-overaccept=35 advent-underaccept=9 compiler-timeout=1 reference-disagreement=1332 same=19845 tree-difference=6
[21240/100000] reference-disagreement wide:struct-member:raw:real:Diagnostics:53 len=55 artifacts=49 advent-overaccept=35 advent-underaccept=9 compiler-timeout=1 reference-disagreement=1333 same=19856 tree-difference=6
[21245/100000] reference-disagreement statement-list len=484 artifacts=49 advent-overaccept=35 advent-underaccept=9 compiler-timeout=1 reference-disagreement=1334 same=19860 tree-difference=6
[21250/100000] same ownership-modifier-boundary len=29 artifacts=49 advent-overaccept=35 advent-underaccept=9 compiler-timeout=1 reference-disagreement=1334 same=19865 tree-difference=6
[21276/100000] reference-disagreement grammarish-member-list len=347 artifacts=49 advent-overaccept=35 advent-underaccept=9 compiler-timeout=1 reference-disagreement=1335 same=19890 tree-difference=6
[21284/100000] reference-disagreement wide:closure:duplicate+block-comment+newline:real:SyntaxBaseNodes:441 len=710 artifacts=49 advent-overaccept=35 advent-underaccept=9 compiler-timeout=1 reference-disagreement=1336 same=19897 tree-difference=6
[21302/100000] reference-disagreement tspl-divergence-protocol-body len=131 artifacts=49 advent-overaccept=35 advent-underaccept=9 compiler-timeout=1 reference-disagreement=1337 same=19914 tree-difference=6
[21309/100000] reference-disagreement wide:trailing-closure:line-comment:real:BuildableNodes:1414 len=1031 artifacts=49 advent-overaccept=35 advent-underaccept=9 compiler-timeout=1 reference-disagreement=1338 same=19920 tree-difference=6
[21322/100000] reference-disagreement keypath-boundary len=38 artifacts=49 advent-overaccept=35 advent-underaccept=9 compiler-timeout=1 reference-disagreement=1339 same=19932 tree-difference=6
[21339/100000] reference-disagreement wide:ifconfig:swap+swap:declaration:testAccessors#2 len=70 artifacts=49 advent-overaccept=35 advent-underaccept=9 compiler-timeout=1 reference-disagreement=1340 same=19948 tree-difference=6
[21362/100000] reference-disagreement wide:struct-member:keyword:translated:testInitDeinit20#1 len=66 artifacts=49 advent-overaccept=35 advent-underaccept=9 compiler-timeout=1 reference-disagreement=1341 same=19970 tree-difference=6
[21399/100000] reference-disagreement wide:trailing-closure:raw:expression:testKeyPathMethodAndInitializers#2 len=24 artifacts=49 advent-overaccept=35 advent-underaccept=9 compiler-timeout=1 reference-disagreement=1342 same=20006 tree-difference=6
[21407/100000] reference-disagreement tspl-divergence-protocol-body len=149 artifacts=49 advent-overaccept=35 advent-underaccept=9 compiler-timeout=1 reference-disagreement=1343 same=20013 tree-difference=6
[21415/100000] reference-disagreement wide:trailing-closure:newline:real:ResultBuilders:219 len=186 artifacts=49 advent-overaccept=35 advent-underaccept=9 compiler-timeout=1 reference-disagreement=1344 same=20020 tree-difference=6
[21425/100000] reference-disagreement tspl-divergence-protocol-body len=155 artifacts=49 advent-overaccept=35 advent-underaccept=9 compiler-timeout=1 reference-disagreement=1345 same=20029 tree-difference=6
[21427/100000] reference-disagreement wide:trailing-closure:raw:real:Syntax+Assertions:38 len=131 artifacts=49 advent-overaccept=35 advent-underaccept=9 compiler-timeout=1 reference-disagreement=1346 same=20030 tree-difference=6
[21434/100000] reference-disagreement wide:closure:raw:real:DeclSyntaxParseable:59 len=74 artifacts=49 advent-overaccept=35 advent-underaccept=9 compiler-timeout=1 reference-disagreement=1347 same=20036 tree-difference=6
[21436/100000] reference-disagreement wide:struct-member:line-comment:real:MemberMacro:73 len=896 artifacts=49 advent-overaccept=35 advent-underaccept=9 compiler-timeout=1 reference-disagreement=1348 same=20037 tree-difference=6
[21441/100000] reference-disagreement wide:trailing-closure:space:real:BuildableNodes:986 len=1236 artifacts=49 advent-overaccept=35 advent-underaccept=9 compiler-timeout=1 reference-disagreement=1349 same=20041 tree-difference=6
[21442/100000] reference-disagreement attribute-ifconfig-elseif-list len=115 artifacts=49 advent-overaccept=35 advent-underaccept=9 compiler-timeout=1 reference-disagreement=1350 same=20041 tree-difference=6
[21443/100000] reference-disagreement attribute-boundary len=47 artifacts=49 advent-overaccept=35 advent-underaccept=9 compiler-timeout=1 reference-disagreement=1351 same=20041 tree-difference=6
[21454/100000] reference-disagreement wide:closure:raw:real:ParserDiagnosticMessages:80 len=621 artifacts=49 advent-overaccept=35 advent-underaccept=9 compiler-timeout=1 reference-disagreement=1352 same=20051 tree-difference=6
[21466/100000] reference-disagreement wide:ifconfig:raw:translated:testPatternWithoutVariables6#1+translated:testFunctionTypeExpr#7 len=127 artifacts=49 advent-overaccept=35 advent-underaccept=9 compiler-timeout=1 reference-disagreement=1353 same=20062 tree-difference=6
[21498/100000] reference-disagreement wide:extension-member:block-comment+space:real:Parameters:26 len=82 artifacts=49 advent-overaccept=35 advent-underaccept=9 compiler-timeout=1 reference-disagreement=1354 same=20093 tree-difference=6
[21500/100000] same pattern-switch len=107 artifacts=49 advent-overaccept=35 advent-underaccept=9 compiler-timeout=1 reference-disagreement=1354 same=20095 tree-difference=6
[21524/100000] reference-disagreement wide:trailing-closure:keyword:reject:testModuleSelectorExpr#15 len=24 artifacts=49 advent-overaccept=35 advent-underaccept=9 compiler-timeout=1 reference-disagreement=1355 same=20118 tree-difference=6
[21530/100000] reference-disagreement grammarish-member-list len=175 artifacts=49 advent-overaccept=35 advent-underaccept=9 compiler-timeout=1 reference-disagreement=1356 same=20123 tree-difference=6
[21535/100000] reference-disagreement func-body len=459 artifacts=49 advent-overaccept=35 advent-underaccept=9 compiler-timeout=1 reference-disagreement=1357 same=20127 tree-difference=6
[21549/100000] reference-disagreement wide:closure:keyword:real:Syntax+StringInterpolation:354 len=687 artifacts=49 advent-overaccept=35 advent-underaccept=9 compiler-timeout=1 reference-disagreement=1358 same=20140 tree-difference=6
[21575/100000] reference-disagreement wide:struct-member:raw:real:MacroExpansion:549 len=549 artifacts=49 advent-overaccept=35 advent-underaccept=9 compiler-timeout=1 reference-disagreement=1359 same=20165 tree-difference=6
[21576/100000] reference-disagreement tspl-divergence-accessor-commitment len=49 artifacts=49 advent-overaccept=35 advent-underaccept=9 compiler-timeout=1 reference-disagreement=1360 same=20165 tree-difference=6
[21582/100000] reference-disagreement wide:closure:raw:real:Utils:19 len=858 artifacts=49 advent-overaccept=35 advent-underaccept=9 compiler-timeout=1 reference-disagreement=1361 same=20170 tree-difference=6
[21584/100000] reference-disagreement wide:struct-member:line-comment:translated:testEnum13#1+translated:testIfconfigExpr19#1 len=121 artifacts=49 advent-overaccept=35 advent-underaccept=9 compiler-timeout=1 reference-disagreement=1362 same=20171 tree-difference=6
[21594/100000] reference-disagreement tspl-divergence-accessor-commitment len=49 artifacts=49 advent-overaccept=35 advent-underaccept=9 compiler-timeout=1 reference-disagreement=1363 same=20180 tree-difference=6
[21597/100000] reference-disagreement tspl-divergence-protocol-body len=103 artifacts=49 advent-overaccept=35 advent-underaccept=9 compiler-timeout=1 reference-disagreement=1364 same=20182 tree-difference=6
[21607/100000] reference-disagreement wide:struct-member:block-comment+splice:real:DeclSyntaxParseable:61 len=74 artifacts=49 advent-overaccept=35 advent-underaccept=9 compiler-timeout=1 reference-disagreement=1365 same=20191 tree-difference=6
[21631/100000] reference-disagreement wide:trailing-closure:raw:real:WarningControlRegions:188+translated:testTypeExpr10#1 len=997 artifacts=49 advent-overaccept=35 advent-underaccept=9 compiler-timeout=1 reference-disagreement=1366 same=20214 tree-difference=6
[21634/100000] reference-disagreement wide:before-statement:newline+line-comment:phase4-attr:generic-enum len=48 artifacts=49 advent-overaccept=35 advent-underaccept=9 compiler-timeout=1 reference-disagreement=1367 same=20216 tree-difference=6
[21639/100000] reference-disagreement binding-pattern len=458 artifacts=49 advent-overaccept=35 advent-underaccept=9 compiler-timeout=1 reference-disagreement=1368 same=20220 tree-difference=6
[21642/100000] reference-disagreement wide:closure:raw:real:SyntaxTraits:806 len=67 artifacts=49 advent-overaccept=35 advent-underaccept=9 compiler-timeout=1 reference-disagreement=1369 same=20222 tree-difference=6
[21687/100000] reference-disagreement tspl-divergence-accessor-commitment len=49 artifacts=49 advent-overaccept=35 advent-underaccept=9 compiler-timeout=1 reference-disagreement=1370 same=20266 tree-difference=6
[21750/100000] same macro-attribute-directive-boundary len=92 artifacts=49 advent-overaccept=35 advent-underaccept=9 compiler-timeout=1 reference-disagreement=1370 same=20329 tree-difference=6
[21765/100000] reference-disagreement attribute-boundary len=43 artifacts=49 advent-overaccept=35 advent-underaccept=9 compiler-timeout=1 reference-disagreement=1371 same=20343 tree-difference=6
[21775/100000] reference-disagreement wide:func-body:glue:real:SyntaxTraits:718 len=80 artifacts=49 advent-overaccept=35 advent-underaccept=9 compiler-timeout=1 reference-disagreement=1372 same=20352 tree-difference=6
[21826/100000] reference-disagreement ifconfig-member-context-boundary len=77 artifacts=49 advent-overaccept=35 advent-underaccept=9 compiler-timeout=1 reference-disagreement=1373 same=20402 tree-difference=6
[21837/100000] reference-disagreement wide:trailing-closure:newline:translated:testModuleSelectorCorrectCode#1 len=50 artifacts=49 advent-overaccept=35 advent-underaccept=9 compiler-timeout=1 reference-disagreement=1374 same=20412 tree-difference=6
[21869/100000] reference-disagreement keypath-boundary len=36 artifacts=49 advent-overaccept=35 advent-underaccept=9 compiler-timeout=1 reference-disagreement=1375 same=20443 tree-difference=6
[21900/100000] reference-disagreement tspl-divergence-protocol-body len=154 artifacts=49 advent-overaccept=35 advent-underaccept=9 compiler-timeout=1 reference-disagreement=1376 same=20473 tree-difference=6
[21909/100000] reference-disagreement member-list-wide-boundary len=78 artifacts=49 advent-overaccept=35 advent-underaccept=9 compiler-timeout=1 reference-disagreement=1377 same=20481 tree-difference=6
[21918/100000] reference-disagreement wide:struct-member:newline:real:Lookahead:104 len=114 artifacts=49 advent-overaccept=35 advent-underaccept=9 compiler-timeout=1 reference-disagreement=1378 same=20489 tree-difference=6
[21952/100000] reference-disagreement cast-try-operator-cluster len=24 artifacts=49 advent-overaccept=35 advent-underaccept=9 compiler-timeout=1 reference-disagreement=1379 same=20522 tree-difference=6
[21965/100000] reference-disagreement wide:closure:block-comment:real:ResultBuilders:163 len=161 artifacts=49 advent-overaccept=35 advent-underaccept=9 compiler-timeout=1 reference-disagreement=1380 same=20534 tree-difference=6
[21976/100000] reference-disagreement wide:func-body:newline:translated:testSwitch76#1 len=94 artifacts=49 advent-overaccept=35 advent-underaccept=9 compiler-timeout=1 reference-disagreement=1381 same=20544 tree-difference=6
[22000/100000] same wide:interpolation:raw:translated:testGenericDisambiguation11#1 len=30 artifacts=49 advent-overaccept=35 advent-underaccept=9 compiler-timeout=1 reference-disagreement=1381 same=20568 tree-difference=6
[22001/100000] reference-disagreement wide:closure:space:translated:testMatchingPatterns3#1+declaration:testAccessorBlockDisambiguationMarker#1 len=83 artifacts=49 advent-overaccept=35 advent-underaccept=9 compiler-timeout=1 reference-disagreement=1382 same=20568 tree-difference=6
[22022/100000] reference-disagreement wide:extension-member:raw:attribute:testDocumentationAttribute#1+expression:testUnsafeExpr#11 len=105 artifacts=49 advent-overaccept=35 advent-underaccept=9 compiler-timeout=1 reference-disagreement=1383 same=20588 tree-difference=6
[22029/100000] reference-disagreement wide:extension-member:glue:expression:testObjectLiterals#1+phase3-statement:return-expr len=185 artifacts=49 advent-overaccept=35 advent-underaccept=9 compiler-timeout=1 reference-disagreement=1384 same=20594 tree-difference=6
[22030/100000] reference-disagreement wide:struct-member:newline:real:SyntaxTraits:792 len=131 artifacts=49 advent-overaccept=35 advent-underaccept=9 compiler-timeout=1 reference-disagreement=1385 same=20594 tree-difference=6
[22032/100000] reference-disagreement keypath-boundary len=38 artifacts=49 advent-overaccept=35 advent-underaccept=9 compiler-timeout=1 reference-disagreement=1386 same=20595 tree-difference=6
[22043/100000] reference-disagreement keypath-boundary len=37 artifacts=49 advent-overaccept=35 advent-underaccept=9 compiler-timeout=1 reference-disagreement=1387 same=20605 tree-difference=6
[22045/100000] advent-underaccept wide:after-statement:swap:phase4-keypath:kp-subscript-arg-spaced+translated:testForwardSlashRegex111#1 len=69 artifacts=50 advent-overaccept=35 advent-underaccept=10 compiler-timeout=1 reference-disagreement=1387 same=20606 tree-difference=6
[22066/100000] reference-disagreement wide:struct-member:newline:real:LayoutNodes+Parsable:191 len=185 artifacts=50 advent-overaccept=35 advent-underaccept=10 compiler-timeout=1 reference-disagreement=1388 same=20626 tree-difference=6
[22124/100000] reference-disagreement wide:before-statement:raw:expression:testBogusCaptureLists#1 len=332 artifacts=50 advent-overaccept=35 advent-underaccept=10 compiler-timeout=1 reference-disagreement=1389 same=20683 tree-difference=6
[22134/100000] reference-disagreement wide:struct-member:glue:real:Syntax+StringInterpolation:282 len=60 artifacts=50 advent-overaccept=35 advent-underaccept=10 compiler-timeout=1 reference-disagreement=1390 same=20692 tree-difference=6
[22163/100000] reference-disagreement statement-list len=628 artifacts=50 advent-overaccept=35 advent-underaccept=10 compiler-timeout=1 reference-disagreement=1391 same=20720 tree-difference=6
[22175/100000] reference-disagreement member-list-wide-boundary len=245 artifacts=50 advent-overaccept=35 advent-underaccept=10 compiler-timeout=1 reference-disagreement=1392 same=20731 tree-difference=6
[22217/100000] reference-disagreement wide:after-statement:block-comment+space:phase3-modifier:static-func+expression:testClosureParameterWithModifier#1 len=82 artifacts=50 advent-overaccept=35 advent-underaccept=10 compiler-timeout=1 reference-disagreement=1393 same=20772 tree-difference=6
[22218/100000] reference-disagreement wide:after-statement:delete+line-comment:real:SyntaxEnum:1291 len=893 artifacts=50 advent-overaccept=35 advent-underaccept=10 compiler-timeout=1 reference-disagreement=1394 same=20772 tree-difference=6
[22219/100000] reference-disagreement tspl-divergence-protocol-body len=202 artifacts=50 advent-overaccept=35 advent-underaccept=10 compiler-timeout=1 reference-disagreement=1395 same=20772 tree-difference=6
[22230/100000] reference-disagreement wide:closure:raw:real:LayoutNodes+Parsable:119 len=214 artifacts=50 advent-overaccept=35 advent-underaccept=10 compiler-timeout=1 reference-disagreement=1396 same=20782 tree-difference=6
[22249/100000] reference-disagreement binding-pattern len=458 artifacts=50 advent-overaccept=35 advent-underaccept=10 compiler-timeout=1 reference-disagreement=1397 same=20800 tree-difference=6
[22250/100000] same attribute-decl len=56 artifacts=50 advent-overaccept=35 advent-underaccept=10 compiler-timeout=1 reference-disagreement=1397 same=20801 tree-difference=6
[22255/100000] reference-disagreement wide:extension-member:newline:real:ExpandEditorPlaceholder:389+phase3-statement:await-call len=669 artifacts=50 advent-overaccept=35 advent-underaccept=10 compiler-timeout=1 reference-disagreement=1398 same=20805 tree-difference=6
[22260/100000] reference-disagreement wide:closure:splice+line-comment+line-comment:translated:testEnum22#1+real:FixIt:22 len=257 artifacts=50 advent-overaccept=35 advent-underaccept=10 compiler-timeout=1 reference-disagreement=1399 same=20809 tree-difference=6
[22264/100000] reference-disagreement wide:closure:newline+newline:real:DeclSyntaxParseable:58 len=83 artifacts=50 advent-overaccept=35 advent-underaccept=10 compiler-timeout=1 reference-disagreement=1400 same=20812 tree-difference=6
[22281/100000] reference-disagreement attribute-ifconfig-elseif-list len=112 artifacts=50 advent-overaccept=35 advent-underaccept=10 compiler-timeout=1 reference-disagreement=1401 same=20828 tree-difference=6
[22285/100000] reference-disagreement wide:trailing-closure:newline+block-comment+block-comment:translated:testEffectfulProperties7#1 len=114 artifacts=50 advent-overaccept=35 advent-underaccept=10 compiler-timeout=1 reference-disagreement=1402 same=20831 tree-difference=6
[22291/100000] reference-disagreement wide:extension-member:line-comment:real:BuildableNodes:767 len=1077 artifacts=50 advent-overaccept=35 advent-underaccept=10 compiler-timeout=1 reference-disagreement=1403 same=20836 tree-difference=6
[22293/100000] reference-disagreement wide:func-body:raw:real:Trivia:203 len=250 artifacts=50 advent-overaccept=35 advent-underaccept=10 compiler-timeout=1 reference-disagreement=1404 same=20837 tree-difference=6
[22308/100000] reference-disagreement wide:func-body:line-comment+block-comment:real:ResultBuilders:608 len=423 artifacts=50 advent-overaccept=35 advent-underaccept=10 compiler-timeout=1 reference-disagreement=1405 same=20851 tree-difference=6
[22309/100000] reference-disagreement wide:trailing-closure:glue+space+newline:real:ActiveSyntaxRewriter:423 len=305 artifacts=50 advent-overaccept=35 advent-underaccept=10 compiler-timeout=1 reference-disagreement=1406 same=20851 tree-difference=6
[22327/100000] reference-disagreement attribute-ifconfig-elseif-list len=116 artifacts=50 advent-overaccept=35 advent-underaccept=10 compiler-timeout=1 reference-disagreement=1407 same=20868 tree-difference=6
[22336/100000] reference-disagreement wide:closure:swap+splice+line-comment:real:Expressions:1434+type:testNonisolatedSpecifier#12 len=811 artifacts=50 advent-overaccept=35 advent-underaccept=10 compiler-timeout=1 reference-disagreement=1408 same=20876 tree-difference=6
[22337/100000] reference-disagreement tspl-divergence-protocol-body len=187 artifacts=50 advent-overaccept=35 advent-underaccept=10 compiler-timeout=1 reference-disagreement=1409 same=20876 tree-difference=6
[22378/100000] reference-disagreement wide:func-body:raw:translated:testInitDeinit28#1 len=60 artifacts=50 advent-overaccept=35 advent-underaccept=10 compiler-timeout=1 reference-disagreement=1410 same=20916 tree-difference=6
[22415/100000] reference-disagreement attribute-ifconfig-elseif-list len=116 artifacts=50 advent-overaccept=35 advent-underaccept=10 compiler-timeout=1 reference-disagreement=1411 same=20952 tree-difference=6
[22426/100000] advent-underaccept wide:top:splice+glue:translated:testOperatorDecl11d#1 len=18 artifacts=51 advent-overaccept=35 advent-underaccept=11 compiler-timeout=1 reference-disagreement=1411 same=20962 tree-difference=6
[22443/100000] reference-disagreement attribute-ifconfig-elseif-list len=151 artifacts=51 advent-overaccept=35 advent-underaccept=11 compiler-timeout=1 reference-disagreement=1412 same=20978 tree-difference=6
[22444/100000] reference-disagreement attribute-ifconfig-elseif-list len=120 artifacts=51 advent-overaccept=35 advent-underaccept=11 compiler-timeout=1 reference-disagreement=1413 same=20978 tree-difference=6
[22447/100000] reference-disagreement wide:trailing-closure:block-comment:real:MacroReplacement:86 len=729 artifacts=51 advent-overaccept=35 advent-underaccept=11 compiler-timeout=1 reference-disagreement=1414 same=20980 tree-difference=6
[22468/100000] advent-overaccept wide:struct-member:line-comment+block-comment:translated:testNoimplicitcopyAttr7#1 len=165 artifacts=52 advent-overaccept=36 advent-underaccept=11 compiler-timeout=1 reference-disagreement=1414 same=21000 tree-difference=6
[22478/100000] reference-disagreement wide:struct-member:space:expression:testObjectLiterals#1 len=151 artifacts=52 advent-overaccept=36 advent-underaccept=11 compiler-timeout=1 reference-disagreement=1415 same=21009 tree-difference=6
[22500/100000] same wide:after-statement:raw:phase4-pattern:case-tuple-bind len=81 artifacts=52 advent-overaccept=36 advent-underaccept=11 compiler-timeout=1 reference-disagreement=1415 same=21031 tree-difference=6
[22517/100000] reference-disagreement tspl-divergence-protocol-body len=284 artifacts=52 advent-overaccept=36 advent-underaccept=11 compiler-timeout=1 reference-disagreement=1416 same=21047 tree-difference=6
[22535/100000] reference-disagreement wide:struct-member:raw:real:LayoutNodes+Parsable:231+translated:testSelfRebinding7#1 len=604 artifacts=52 advent-overaccept=36 advent-underaccept=11 compiler-timeout=1 reference-disagreement=1417 same=21064 tree-difference=6
[22547/100000] reference-disagreement wide:func-body:raw:translated:testOriginalDefinedInAttr7#3 len=126 artifacts=52 advent-overaccept=36 advent-underaccept=11 compiler-timeout=1 reference-disagreement=1418 same=21075 tree-difference=6
[22551/100000] reference-disagreement nested-ifconfig-boundary len=163 artifacts=52 advent-overaccept=36 advent-underaccept=11 compiler-timeout=1 reference-disagreement=1419 same=21078 tree-difference=6
[22554/100000] reference-disagreement wide:closure:raw:real:Syntax+StringInterpolation:354 len=697 artifacts=52 advent-overaccept=36 advent-underaccept=11 compiler-timeout=1 reference-disagreement=1420 same=21080 tree-difference=6
[22556/100000] reference-disagreement wide:ifconfig:keyword:translated:testSwitch65#1 len=41 artifacts=52 advent-overaccept=36 advent-underaccept=11 compiler-timeout=1 reference-disagreement=1421 same=21081 tree-difference=6
[22567/100000] reference-disagreement grammarish-member-list len=138 artifacts=52 advent-overaccept=36 advent-underaccept=11 compiler-timeout=1 reference-disagreement=1422 same=21091 tree-difference=6
[22582/100000] advent-overaccept wide:before-statement:duplicate+glue:translated:testSubscripting10#1 len=98 artifacts=53 advent-overaccept=37 advent-underaccept=11 compiler-timeout=1 reference-disagreement=1422 same=21105 tree-difference=6
[22594/100000] reference-disagreement member-list-wide-boundary len=179 artifacts=53 advent-overaccept=37 advent-underaccept=11 compiler-timeout=1 reference-disagreement=1423 same=21116 tree-difference=6
[22607/100000] reference-disagreement wide:extension-member:duplicate:real:Diagnostics:53 len=59 artifacts=53 advent-overaccept=37 advent-underaccept=11 compiler-timeout=1 reference-disagreement=1424 same=21128 tree-difference=6
[22644/100000] reference-disagreement nested-ifconfig-boundary len=163 artifacts=53 advent-overaccept=37 advent-underaccept=11 compiler-timeout=1 reference-disagreement=1425 same=21164 tree-difference=6
[22651/100000] reference-disagreement wide:closure:block-comment+block-comment:translated:testResultBuilder6#1+real:BuildableNodes:914 len=935 artifacts=53 advent-overaccept=37 advent-underaccept=11 compiler-timeout=1 reference-disagreement=1426 same=21170 tree-difference=6
[22662/100000] reference-disagreement wide:func-body:glue+newline:real:Names:371 len=251 artifacts=53 advent-overaccept=37 advent-underaccept=11 compiler-timeout=1 reference-disagreement=1427 same=21180 tree-difference=6
[22671/100000] reference-disagreement wide:func-body:glue:real:RawSyntax:925 len=411 artifacts=53 advent-overaccept=37 advent-underaccept=11 compiler-timeout=1 reference-disagreement=1428 same=21188 tree-difference=6
[22672/100000] reference-disagreement wide:closure:glue:real:ResultBuilders:676 len=139 artifacts=53 advent-overaccept=37 advent-underaccept=11 compiler-timeout=1 reference-disagreement=1429 same=21188 tree-difference=6
[22676/100000] advent-overaccept wide:ifconfig:space+space+line-comment:reject:testOperatorDecl4#1 len=53 artifacts=54 advent-overaccept=38 advent-underaccept=11 compiler-timeout=1 reference-disagreement=1429 same=21191 tree-difference=6
[22706/100000] reference-disagreement attribute-ifconfig-elseif-list len=144 artifacts=54 advent-overaccept=38 advent-underaccept=11 compiler-timeout=1 reference-disagreement=1430 same=21220 tree-difference=6
[22720/100000] reference-disagreement statement-list len=671 artifacts=54 advent-overaccept=38 advent-underaccept=11 compiler-timeout=1 reference-disagreement=1431 same=21233 tree-difference=6
[22743/100000] reference-disagreement cast-try-operator-cluster len=24 artifacts=54 advent-overaccept=38 advent-underaccept=11 compiler-timeout=1 reference-disagreement=1432 same=21255 tree-difference=6
[22750/100000] same tspl-divergence-pattern-shape len=53 artifacts=54 advent-overaccept=38 advent-underaccept=11 compiler-timeout=1 reference-disagreement=1432 same=21262 tree-difference=6
[22778/100000] reference-disagreement wide:trailing-closure:raw:real:SyntaxTraits:790 len=126 artifacts=54 advent-overaccept=38 advent-underaccept=11 compiler-timeout=1 reference-disagreement=1433 same=21289 tree-difference=6
[22782/100000] reference-disagreement attribute-boundary len=39 artifacts=54 advent-overaccept=38 advent-underaccept=11 compiler-timeout=1 reference-disagreement=1434 same=21292 tree-difference=6
[22793/100000] reference-disagreement wide:trailing-closure:space:translated:testOperatorDeclDesignatedTypes8#1+real:SyntaxCollections:1194 len=551 artifacts=54 advent-overaccept=38 advent-underaccept=11 compiler-timeout=1 reference-disagreement=1435 same=21302 tree-difference=6
[22809/100000] reference-disagreement wide:trailing-closure:raw:real:ResultBuilderExtensions:97 len=383 artifacts=54 advent-overaccept=38 advent-underaccept=11 compiler-timeout=1 reference-disagreement=1436 same=21317 tree-difference=6
[22811/100000] reference-disagreement wide:extension-member:space+block-comment:real:SyntaxTraits:684 len=96 artifacts=54 advent-overaccept=38 advent-underaccept=11 compiler-timeout=1 reference-disagreement=1437 same=21318 tree-difference=6
[22816/100000] reference-disagreement member-list-wide-boundary len=376 artifacts=54 advent-overaccept=38 advent-underaccept=11 compiler-timeout=1 reference-disagreement=1438 same=21322 tree-difference=6
[22821/100000] reference-disagreement seed-corpus-structural-splice:extension-optional-type len=98 artifacts=54 advent-overaccept=38 advent-underaccept=11 compiler-timeout=1 reference-disagreement=1439 same=21326 tree-difference=6
[22868/100000] reference-disagreement wide:closure:newline:real:SourceLength:61 len=988 artifacts=54 advent-overaccept=38 advent-underaccept=11 compiler-timeout=1 reference-disagreement=1440 same=21372 tree-difference=6
[22924/100000] reference-disagreement wide:closure:line-comment:real:Syntax+StringInterpolation:528 len=88 artifacts=54 advent-overaccept=38 advent-underaccept=11 compiler-timeout=1 reference-disagreement=1441 same=21427 tree-difference=6
[22926/100000] reference-disagreement keypath-boundary len=33 artifacts=54 advent-overaccept=38 advent-underaccept=11 compiler-timeout=1 reference-disagreement=1442 same=21428 tree-difference=6
[22933/100000] reference-disagreement keypath-component-matrix len=46 artifacts=54 advent-overaccept=38 advent-underaccept=11 compiler-timeout=1 reference-disagreement=1443 same=21434 tree-difference=6
[22938/100000] advent-overaccept wide:extension-member:glue+glue:translated:testOperatorDecl11a#1 len=36 artifacts=55 advent-overaccept=39 advent-underaccept=11 compiler-timeout=1 reference-disagreement=1443 same=21438 tree-difference=6
[22946/100000] reference-disagreement wide:struct-member:raw:real:SyntaxExtensions:217+translated:testOriginalDefinedInAttr9#1 len=587 artifacts=55 advent-overaccept=39 advent-underaccept=11 compiler-timeout=1 reference-disagreement=1444 same=21445 tree-difference=6
[22980/100000] reference-disagreement keypath-boundary len=38 artifacts=55 advent-overaccept=39 advent-underaccept=11 compiler-timeout=1 reference-disagreement=1445 same=21478 tree-difference=6
[23000/100000] same expr-let len=35 artifacts=55 advent-overaccept=39 advent-underaccept=11 compiler-timeout=1 reference-disagreement=1445 same=21498 tree-difference=6
[23017/100000] reference-disagreement keypath-boundary len=40 artifacts=55 advent-overaccept=39 advent-underaccept=11 compiler-timeout=1 reference-disagreement=1446 same=21514 tree-difference=6
[23090/100000] reference-disagreement member-list-wide-boundary len=351 artifacts=55 advent-overaccept=39 advent-underaccept=11 compiler-timeout=1 reference-disagreement=1447 same=21586 tree-difference=6
[23105/100000] reference-disagreement wide:func-body:block-comment:phase4-import:import-dotted len=33 artifacts=55 advent-overaccept=39 advent-underaccept=11 compiler-timeout=1 reference-disagreement=1448 same=21600 tree-difference=6
[23108/100000] advent-overaccept wide:top:newline+block-comment:real:StandardIOMessageConnection:24 len=32 artifacts=56 advent-overaccept=40 advent-underaccept=11 compiler-timeout=1 reference-disagreement=1448 same=21602 tree-difference=6
[23111/100000] advent-overaccept wide:trailing-closure:space+glue:translated:testFunctionTypeExpr#1 len=15 artifacts=57 advent-overaccept=41 advent-underaccept=11 compiler-timeout=1 reference-disagreement=1448 same=21604 tree-difference=6
[23130/100000] reference-disagreement wide:top:line-comment:translated:testOperatorDecl11b#1 len=25 artifacts=57 advent-overaccept=41 advent-underaccept=11 compiler-timeout=1 reference-disagreement=1449 same=21622 tree-difference=6
[23141/100000] reference-disagreement wide:closure:raw:real:WarningControlRegions:318 len=730 artifacts=57 advent-overaccept=41 advent-underaccept=11 compiler-timeout=1 reference-disagreement=1450 same=21632 tree-difference=6
[23177/100000] reference-disagreement grammarish-member-list len=125 artifacts=57 advent-overaccept=41 advent-underaccept=11 compiler-timeout=1 reference-disagreement=1451 same=21667 tree-difference=6
[23179/100000] reference-disagreement wide:func-body:raw:real:SyntaxTraits:625 len=711 artifacts=57 advent-overaccept=41 advent-underaccept=11 compiler-timeout=1 reference-disagreement=1452 same=21668 tree-difference=6
[23216/100000] reference-disagreement wide:trailing-closure:raw:real:Syntax+StringInterpolation:321 len=56 artifacts=57 advent-overaccept=41 advent-underaccept=11 compiler-timeout=1 reference-disagreement=1453 same=21704 tree-difference=6
[23231/100000] reference-disagreement tspl-divergence-protocol-body len=127 artifacts=57 advent-overaccept=41 advent-underaccept=11 compiler-timeout=1 reference-disagreement=1454 same=21718 tree-difference=6
[23239/100000] reference-disagreement wide:func-body:space+space+line-comment:phase4-decl:init-modifier+real:Syntax:353 len=274 artifacts=57 advent-overaccept=41 advent-underaccept=11 compiler-timeout=1 reference-disagreement=1455 same=21725 tree-difference=6
[23250/100000] same attribute-ifconfig-elseif-list len=138 artifacts=57 advent-overaccept=41 advent-underaccept=11 compiler-timeout=1 reference-disagreement=1455 same=21736 tree-difference=6
[23252/100000] reference-disagreement attribute-boundary len=37 artifacts=57 advent-overaccept=41 advent-underaccept=11 compiler-timeout=1 reference-disagreement=1456 same=21737 tree-difference=6
[23294/100000] reference-disagreement member-list-wide-boundary len=258 artifacts=57 advent-overaccept=41 advent-underaccept=11 compiler-timeout=1 reference-disagreement=1457 same=21778 tree-difference=6
[23328/100000] reference-disagreement cast-try-operator-cluster len=24 artifacts=57 advent-overaccept=41 advent-underaccept=11 compiler-timeout=1 reference-disagreement=1458 same=21811 tree-difference=6
[23363/100000] reference-disagreement nested-ifconfig-boundary len=113 artifacts=57 advent-overaccept=41 advent-underaccept=11 compiler-timeout=1 reference-disagreement=1459 same=21845 tree-difference=6
[23389/100000] reference-disagreement wide:func-body:line-comment+space:expression:testKeyPathSubscript#2+real:SyntaxTraits:782 len=171 artifacts=57 advent-overaccept=41 advent-underaccept=11 compiler-timeout=1 reference-disagreement=1460 same=21870 tree-difference=6
[23467/100000] reference-disagreement wide:func-body:line-comment:translated:testForwardSlashRegex12#1+translated:testMatchingPatterns13#1 len=311 artifacts=57 advent-overaccept=41 advent-underaccept=11 compiler-timeout=1 reference-disagreement=1461 same=21947 tree-difference=6
[23475/100000] reference-disagreement tspl-divergence-accessor-commitment len=78 artifacts=57 advent-overaccept=41 advent-underaccept=11 compiler-timeout=1 reference-disagreement=1462 same=21954 tree-difference=6
[23480/100000] reference-disagreement func-body len=458 artifacts=57 advent-overaccept=41 advent-underaccept=11 compiler-timeout=1 reference-disagreement=1463 same=21958 tree-difference=6
[23500/100000] same frontier:protocol-accessor-shape len=112 artifacts=57 advent-overaccept=41 advent-underaccept=11 compiler-timeout=1 reference-disagreement=1463 same=21978 tree-difference=6
[23507/100000] reference-disagreement wide:trailing-closure:block-comment+newline:real:ResultBuilders:371 len=128 artifacts=57 advent-overaccept=41 advent-underaccept=11 compiler-timeout=1 reference-disagreement=1464 same=21984 tree-difference=6
[23601/100000] reference-disagreement wide:trailing-closure:glue+newline+space:real:Diagnostics:53 len=49 artifacts=57 advent-overaccept=41 advent-underaccept=11 compiler-timeout=1 reference-disagreement=1465 same=22077 tree-difference=6
[23602/100000] reference-disagreement wide:struct-member:raw:real:LayoutNodes+Parsable:26 len=805 artifacts=57 advent-overaccept=41 advent-underaccept=11 compiler-timeout=1 reference-disagreement=1466 same=22077 tree-difference=6
[23626/100000] reference-disagreement binding-pattern len=458 artifacts=57 advent-overaccept=41 advent-underaccept=11 compiler-timeout=1 reference-disagreement=1467 same=22100 tree-difference=6
[23647/100000] reference-disagreement wide:struct-member:newline:attribute:testDifferentiableAttribute#1 len=132 artifacts=57 advent-overaccept=41 advent-underaccept=11 compiler-timeout=1 reference-disagreement=1468 same=22120 tree-difference=6
[23660/100000] reference-disagreement wide:top:newline:translated:testDeinitAsync#1 len=51 artifacts=57 advent-overaccept=41 advent-underaccept=11 compiler-timeout=1 reference-disagreement=1469 same=22132 tree-difference=6
[23662/100000] reference-disagreement wide:after-statement:duplicate+duplicate:real:MacroExpansionContext:86 len=1015 artifacts=57 advent-overaccept=41 advent-underaccept=11 compiler-timeout=1 reference-disagreement=1470 same=22133 tree-difference=6
[23674/100000] reference-disagreement wide:struct-member:newline+duplicate+glue:real:Operator:38 len=489 artifacts=57 advent-overaccept=41 advent-underaccept=11 compiler-timeout=1 reference-disagreement=1471 same=22144 tree-difference=6
[23681/100000] reference-disagreement grammarish-member-list len=110 artifacts=57 advent-overaccept=41 advent-underaccept=11 compiler-timeout=1 reference-disagreement=1472 same=22150 tree-difference=6
[23687/100000] reference-disagreement attribute-ifconfig-elseif-list len=125 artifacts=57 advent-overaccept=41 advent-underaccept=11 compiler-timeout=1 reference-disagreement=1473 same=22155 tree-difference=6
[23702/100000] reference-disagreement wide:struct-member:raw:real:Attributes:821 len=504 artifacts=57 advent-overaccept=41 advent-underaccept=11 compiler-timeout=1 reference-disagreement=1474 same=22169 tree-difference=6
[23713/100000] reference-disagreement member-list-wide-boundary len=293 artifacts=57 advent-overaccept=41 advent-underaccept=11 compiler-timeout=1 reference-disagreement=1475 same=22179 tree-difference=6
[23750/100000] same wide:closure:glue+splice:reject:testInitDeinit3b#1 len=67 artifacts=57 advent-overaccept=41 advent-underaccept=11 compiler-timeout=1 reference-disagreement=1475 same=22216 tree-difference=6
[23762/100000] reference-disagreement wide:top:splice:statement:testYield#2 len=466 artifacts=57 advent-overaccept=41 advent-underaccept=11 compiler-timeout=1 reference-disagreement=1476 same=22227 tree-difference=6
[23769/100000] reference-disagreement wide:extension-member:raw:attribute:testABIAttribute#5+real:PackageDependency:132 len=639 artifacts=57 advent-overaccept=41 advent-underaccept=11 compiler-timeout=1 reference-disagreement=1477 same=22233 tree-difference=6
[23778/100000] reference-disagreement wide:struct-member:line-comment:real:DeclSyntaxParseable:61+real:ScopeImplementations:294 len=986 artifacts=57 advent-overaccept=41 advent-underaccept=11 compiler-timeout=1 reference-disagreement=1478 same=22241 tree-difference=6
[23809/100000] reference-disagreement wide:struct-member:glue:real:SyntaxTraits:754 len=107 artifacts=57 advent-overaccept=41 advent-underaccept=11 compiler-timeout=1 reference-disagreement=1479 same=22271 tree-difference=6
[23813/100000] reference-disagreement wide:trailing-closure:newline:real:Syntax+StringInterpolation:172 len=610 artifacts=57 advent-overaccept=41 advent-underaccept=11 compiler-timeout=1 reference-disagreement=1480 same=22274 tree-difference=6
[23821/100000] advent-overaccept wide:ifconfig:block-comment+space+newline:translated:testFunctionTypeExpr#15 len=49 artifacts=58 advent-overaccept=42 advent-underaccept=11 compiler-timeout=1 reference-disagreement=1480 same=22281 tree-difference=6
[23824/100000] reference-disagreement wide:func-body:raw:real:CollectionNodes+Parsable:118+attribute:testABIAttribute#5 len=797 artifacts=58 advent-overaccept=42 advent-underaccept=11 compiler-timeout=1 reference-disagreement=1481 same=22283 tree-difference=6
[23826/100000] reference-disagreement member-list-wide-boundary len=298 artifacts=58 advent-overaccept=42 advent-underaccept=11 compiler-timeout=1 reference-disagreement=1482 same=22284 tree-difference=6
[23833/100000] reference-disagreement tspl-divergence-accessor-commitment len=78 artifacts=58 advent-overaccept=42 advent-underaccept=11 compiler-timeout=1 reference-disagreement=1483 same=22290 tree-difference=6
[23848/100000] reference-disagreement wide:trailing-closure:raw:real:SyntaxExpressibleByStringInterpolationConformances:124 len=72 artifacts=58 advent-overaccept=42 advent-underaccept=11 compiler-timeout=1 reference-disagreement=1484 same=22304 tree-difference=6
[23853/100000] reference-disagreement attribute-ifconfig-elseif-list len=131 artifacts=58 advent-overaccept=42 advent-underaccept=11 compiler-timeout=1 reference-disagreement=1485 same=22308 tree-difference=6
[23857/100000] reference-disagreement wide:trailing-closure:keyword:real:StandardIOMessageConnection:183+translated:testErrors2#1 len=584 artifacts=58 advent-overaccept=42 advent-underaccept=11 compiler-timeout=1 reference-disagreement=1486 same=22311 tree-difference=6
[23862/100000] reference-disagreement wide:trailing-closure:raw:real:Trivia:159 len=367 artifacts=58 advent-overaccept=42 advent-underaccept=11 compiler-timeout=1 reference-disagreement=1487 same=22315 tree-difference=6
[23901/100000] reference-disagreement wide:closure:splice+newline:translated:testEnum74#1+declaration:testReferenceToOpenThatLooksLikeDeclarationModifier#1 len=97 artifacts=58 advent-overaccept=42 advent-underaccept=11 compiler-timeout=1 reference-disagreement=1488 same=22353 tree-difference=6
[23925/100000] reference-disagreement wide:func-body:raw:real:SyntaxExpressibleByStringInterpolationConformances:103 len=88 artifacts=58 advent-overaccept=42 advent-underaccept=11 compiler-timeout=1 reference-disagreement=1489 same=22376 tree-difference=6
[23935/100000] reference-disagreement attribute-ifconfig-elseif-list len=108 artifacts=58 advent-overaccept=42 advent-underaccept=11 compiler-timeout=1 reference-disagreement=1490 same=22385 tree-difference=6
[23944/100000] reference-disagreement statement-list len=648 artifacts=58 advent-overaccept=42 advent-underaccept=11 compiler-timeout=1 reference-disagreement=1491 same=22393 tree-difference=6
[23950/100000] reference-disagreement wide:closure:line-comment+glue+newline:declaration:testAttributedMacroExpansionDeclaration#2 len=51 artifacts=58 advent-overaccept=42 advent-underaccept=11 compiler-timeout=1 reference-disagreement=1492 same=22398 tree-difference=6
[23974/100000] reference-disagreement binding-pattern len=458 artifacts=58 advent-overaccept=42 advent-underaccept=11 compiler-timeout=1 reference-disagreement=1493 same=22421 tree-difference=6
[23987/100000] reference-disagreement wide:func-body:line-comment:real:SyntaxTraits:730+expression:testConsumeExpression#2 len=100 artifacts=58 advent-overaccept=42 advent-underaccept=11 compiler-timeout=1 reference-disagreement=1494 same=22433 tree-difference=6
[24000/100000] same condition-boundary len=476 artifacts=58 advent-overaccept=42 advent-underaccept=11 compiler-timeout=1 reference-disagreement=1494 same=22446 tree-difference=6
[24008/100000] reference-disagreement wide:extension-member:line-comment+swap:declaration:testModifiedParameter#7 len=75 artifacts=58 advent-overaccept=42 advent-underaccept=11 compiler-timeout=1 reference-disagreement=1495 same=22453 tree-difference=6
[24037/100000] reference-disagreement member-list-wide-boundary len=124 artifacts=58 advent-overaccept=42 advent-underaccept=11 compiler-timeout=1 reference-disagreement=1496 same=22481 tree-difference=6
[24040/100000] reference-disagreement wide:func-body:glue:attribute:testObjcImplementationAttribute#1 len=139 artifacts=58 advent-overaccept=42 advent-underaccept=11 compiler-timeout=1 reference-disagreement=1497 same=22483 tree-difference=6
[24048/100000] reference-disagreement wide:trailing-closure:raw:real:SyntaxTraits:686 len=67 artifacts=58 advent-overaccept=42 advent-underaccept=11 compiler-timeout=1 reference-disagreement=1498 same=22490 tree-difference=6
[24061/100000] reference-disagreement tspl-divergence-accessor-commitment len=78 artifacts=58 advent-overaccept=42 advent-underaccept=11 compiler-timeout=1 reference-disagreement=1499 same=22502 tree-difference=6
[24083/100000] reference-disagreement wide:func-body:swap:real:LayoutNodes+Parsable:143 len=205 artifacts=58 advent-overaccept=42 advent-underaccept=11 compiler-timeout=1 reference-disagreement=1500 same=22523 tree-difference=6
[24087/100000] reference-disagreement wide:func-body:raw:real:Diagnostic:81 len=474 artifacts=58 advent-overaccept=42 advent-underaccept=11 compiler-timeout=1 reference-disagreement=1501 same=22526 tree-difference=6
[24099/100000] reference-disagreement wide:func-body:newline:attribute:testUnavailableFromAsync#3 len=66 artifacts=58 advent-overaccept=42 advent-underaccept=11 compiler-timeout=1 reference-disagreement=1502 same=22537 tree-difference=6
[24130/100000] reference-disagreement wide:trailing-closure:glue:real:MacroArgument:149 len=542 artifacts=58 advent-overaccept=42 advent-underaccept=11 compiler-timeout=1 reference-disagreement=1503 same=22567 tree-difference=6
[24132/100000] reference-disagreement wide:func-body:raw:real:SyntaxTraits:625 len=711 artifacts=58 advent-overaccept=42 advent-underaccept=11 compiler-timeout=1 reference-disagreement=1504 same=22568 tree-difference=6
[24142/100000] reference-disagreement wide:closure:line-comment:real:StaticBuildConfiguration:427+translated:testSwitch63#1 len=307 artifacts=58 advent-overaccept=42 advent-underaccept=11 compiler-timeout=1 reference-disagreement=1505 same=22577 tree-difference=6
[24146/100000] reference-disagreement tspl-divergence-accessor-commitment len=78 artifacts=58 advent-overaccept=42 advent-underaccept=11 compiler-timeout=1 reference-disagreement=1506 same=22580 tree-difference=6
[24184/100000] reference-disagreement wide:closure:duplicate+duplicate+swap:phase4-string:raw-quote len=52 artifacts=58 advent-overaccept=42 advent-underaccept=11 compiler-timeout=1 reference-disagreement=1507 same=22617 tree-difference=6
[24187/100000] reference-disagreement wide:trailing-closure:block-comment:real:ResultBuilders:241 len=154 artifacts=58 advent-overaccept=42 advent-underaccept=11 compiler-timeout=1 reference-disagreement=1508 same=22619 tree-difference=6
[24199/100000] reference-disagreement wide:struct-member:newline+newline+space:real:TokenSyntax:211 len=433 artifacts=58 advent-overaccept=42 advent-underaccept=11 compiler-timeout=1 reference-disagreement=1509 same=22630 tree-difference=6
[24207/100000] reference-disagreement wide:func-body:splice:translated:testMultilineString1#1 len=31 artifacts=58 advent-overaccept=42 advent-underaccept=11 compiler-timeout=1 reference-disagreement=1510 same=22637 tree-difference=6
[24209/100000] reference-disagreement member-list-wide-boundary len=460 artifacts=58 advent-overaccept=42 advent-underaccept=11 compiler-timeout=1 reference-disagreement=1511 same=22638 tree-difference=6
[24221/100000] reference-disagreement wide:extension-member:raw:real:Trivia:110 len=584 artifacts=58 advent-overaccept=42 advent-underaccept=11 compiler-timeout=1 reference-disagreement=1512 same=22649 tree-difference=6
[24233/100000] reference-disagreement attribute-ifconfig-elseif-list len=133 artifacts=58 advent-overaccept=42 advent-underaccept=11 compiler-timeout=1 reference-disagreement=1513 same=22660 tree-difference=6
[24240/100000] reference-disagreement member-list-wide-boundary len=323 artifacts=58 advent-overaccept=42 advent-underaccept=11 compiler-timeout=1 reference-disagreement=1514 same=22666 tree-difference=6
[24250/100000] reference-disagreement wide:trailing-closure:newline:real:LibraryPluginProvider:162 len=263 artifacts=58 advent-overaccept=42 advent-underaccept=11 compiler-timeout=1 reference-disagreement=1515 same=22675 tree-difference=6
[24259/100000] reference-disagreement wide:closure:raw:real:Parser:530 len=943 artifacts=58 advent-overaccept=42 advent-underaccept=11 compiler-timeout=1 reference-disagreement=1516 same=22683 tree-difference=6
[24415/100000] advent-overaccept wide:func-body:block-comment+glue+space:reject:testRecovery146#1 len=40 artifacts=59 advent-overaccept=43 advent-underaccept=11 compiler-timeout=1 reference-disagreement=1516 same=22838 tree-difference=6
[24439/100000] reference-disagreement statement-list len=458 artifacts=59 advent-overaccept=43 advent-underaccept=11 compiler-timeout=1 reference-disagreement=1517 same=22861 tree-difference=6
[24449/100000] reference-disagreement wide:func-body:block-comment+keyword:declaration:testParseIsolatedConformances#4 len=65 artifacts=59 advent-overaccept=43 advent-underaccept=11 compiler-timeout=1 reference-disagreement=1518 same=22870 tree-difference=6
[24466/100000] reference-disagreement attribute-ifconfig-elseif-list len=122 artifacts=59 advent-overaccept=43 advent-underaccept=11 compiler-timeout=1 reference-disagreement=1519 same=22886 tree-difference=6
[24500/100000] same init-subscript-boundary len=92 artifacts=59 advent-overaccept=43 advent-underaccept=11 compiler-timeout=1 reference-disagreement=1519 same=22920 tree-difference=6
[24518/100000] reference-disagreement wide:func-body:raw:translated:testEnumCaseWithWildcardAsFirstName#2 len=45 artifacts=59 advent-overaccept=43 advent-underaccept=11 compiler-timeout=1 reference-disagreement=1520 same=22937 tree-difference=6
[24535/100000] reference-disagreement wide:trailing-closure:block-comment+space:real:ScopeImplementations:208 len=461 artifacts=59 advent-overaccept=43 advent-underaccept=11 compiler-timeout=1 reference-disagreement=1521 same=22953 tree-difference=6
[24553/100000] reference-disagreement wide:closure:raw:attribute:testSpiAttributeWithoutParameter#1 len=42 artifacts=59 advent-overaccept=43 advent-underaccept=11 compiler-timeout=1 reference-disagreement=1522 same=22970 tree-difference=6
[24563/100000] reference-disagreement tspl-divergence-protocol-body len=235 artifacts=59 advent-overaccept=43 advent-underaccept=11 compiler-timeout=1 reference-disagreement=1523 same=22979 tree-difference=6
[24575/100000] reference-disagreement wide:func-body:raw:real:JSONEncoding:244 len=273 artifacts=59 advent-overaccept=43 advent-underaccept=11 compiler-timeout=1 reference-disagreement=1524 same=22990 tree-difference=6
[24579/100000] reference-disagreement wide:trailing-closure:newline+line-comment:real:SyntaxTraits:258 len=472 artifacts=59 advent-overaccept=43 advent-underaccept=11 compiler-timeout=1 reference-disagreement=1525 same=22993 tree-difference=6
[24604/100000] reference-disagreement tspl-divergence-protocol-body len=169 artifacts=59 advent-overaccept=43 advent-underaccept=11 compiler-timeout=1 reference-disagreement=1526 same=23017 tree-difference=6
[24649/100000] reference-disagreement statement-list len=572 artifacts=59 advent-overaccept=43 advent-underaccept=11 compiler-timeout=1 reference-disagreement=1527 same=23061 tree-difference=6
[24667/100000] reference-disagreement keypath-boundary len=40 artifacts=59 advent-overaccept=43 advent-underaccept=11 compiler-timeout=1 reference-disagreement=1528 same=23078 tree-difference=6
[24685/100000] reference-disagreement declaration-modifier-stack len=34 artifacts=59 advent-overaccept=43 advent-underaccept=11 compiler-timeout=1 reference-disagreement=1529 same=23095 tree-difference=6
[24710/100000] reference-disagreement wide:interpolation:block-comment+block-comment+space:translated:testAvailabilityQueryUnavailability25#1 len=86 artifacts=59 advent-overaccept=43 advent-underaccept=11 compiler-timeout=1 reference-disagreement=1530 same=23119 tree-difference=6
[24750/100000] same member-keyword len=25 artifacts=59 advent-overaccept=43 advent-underaccept=11 compiler-timeout=1 reference-disagreement=1530 same=23159 tree-difference=6
[24762/100000] reference-disagreement grammarish-member-list len=138 artifacts=59 advent-overaccept=43 advent-underaccept=11 compiler-timeout=1 reference-disagreement=1531 same=23170 tree-difference=6
[24770/100000] reference-disagreement grammarish-member-list len=332 artifacts=59 advent-overaccept=43 advent-underaccept=11 compiler-timeout=1 reference-disagreement=1532 same=23177 tree-difference=6
[24778/100000] reference-disagreement wide:closure:raw:translated:testSubscripting17#1 len=63 artifacts=59 advent-overaccept=43 advent-underaccept=11 compiler-timeout=1 reference-disagreement=1533 same=23184 tree-difference=6
[24808/100000] reference-disagreement wide:before-statement:space+swap+splice:reject:testFunctionWithoutNameOrArguments#1 len=33 artifacts=59 advent-overaccept=43 advent-underaccept=11 compiler-timeout=1 reference-disagreement=1534 same=23213 tree-difference=6
[24813/100000] reference-disagreement wide:extension-member:keyword:real:ConvenienceInitializers:132 len=183 artifacts=59 advent-overaccept=43 advent-underaccept=11 compiler-timeout=1 reference-disagreement=1535 same=23217 tree-difference=6
[24832/100000] reference-disagreement wide:func-body:keyword+block-comment:real:SyntaxCollections:1024 len=485 artifacts=59 advent-overaccept=43 advent-underaccept=11 compiler-timeout=1 reference-disagreement=1536 same=23235 tree-difference=6
[24846/100000] reference-disagreement wide:func-body:keyword+block-comment:real:ParserDiagnosticMessages:488 len=281 artifacts=59 advent-overaccept=43 advent-underaccept=11 compiler-timeout=1 reference-disagreement=1537 same=23248 tree-difference=6
[24853/100000] reference-disagreement wide:struct-member:raw:translated:testTypeExpr4#1 len=108 artifacts=59 advent-overaccept=43 advent-underaccept=11 compiler-timeout=1 reference-disagreement=1538 same=23254 tree-difference=6
[24859/100000] reference-disagreement wide:ifconfig:raw:fuzz-harvest:requirement-layout len=45 artifacts=59 advent-overaccept=43 advent-underaccept=11 compiler-timeout=1 reference-disagreement=1539 same=23259 tree-difference=6
[24887/100000] reference-disagreement wide:top:raw:translated:testSwitch13#1 len=36 artifacts=59 advent-overaccept=43 advent-underaccept=11 compiler-timeout=1 reference-disagreement=1540 same=23286 tree-difference=6
[24895/100000] reference-disagreement member-list-wide-boundary len=201 artifacts=59 advent-overaccept=43 advent-underaccept=11 compiler-timeout=1 reference-disagreement=1541 same=23293 tree-difference=6
[24905/100000] reference-disagreement member-list-wide-boundary len=333 artifacts=59 advent-overaccept=43 advent-underaccept=11 compiler-timeout=1 reference-disagreement=1542 same=23302 tree-difference=6
[24930/100000] reference-disagreement tspl-divergence-protocol-body len=143 artifacts=59 advent-overaccept=43 advent-underaccept=11 compiler-timeout=1 reference-disagreement=1543 same=23326 tree-difference=6
[24939/100000] advent-underaccept wide:extension-member:splice+delete+space:real:ParserDiagnosticMessages:505 len=332 artifacts=60 advent-overaccept=43 advent-underaccept=12 compiler-timeout=1 reference-disagreement=1543 same=23334 tree-difference=6
[24942/100000] reference-disagreement grammarish-member-list len=196 artifacts=60 advent-overaccept=43 advent-underaccept=12 compiler-timeout=1 reference-disagreement=1544 same=23336 tree-difference=6
[24953/100000] reference-disagreement tspl-divergence-protocol-body len=136 artifacts=60 advent-overaccept=43 advent-underaccept=12 compiler-timeout=1 reference-disagreement=1545 same=23346 tree-difference=6
[24974/100000] reference-disagreement wide:func-body:swap:real:ParserDiagnosticMessages:665 len=236 artifacts=60 advent-overaccept=43 advent-underaccept=12 compiler-timeout=1 reference-disagreement=1546 same=23366 tree-difference=6
[24997/100000] reference-disagreement wide:closure:splice+newline+keyword:translated:testSwitch60#1 len=84 artifacts=60 advent-overaccept=43 advent-underaccept=12 compiler-timeout=1 reference-disagreement=1547 same=23388 tree-difference=6
[25000/100000] same wide:top:line-comment+space:translated:testEnum57#1 len=55 artifacts=60 advent-overaccept=43 advent-underaccept=12 compiler-timeout=1 reference-disagreement=1547 same=23391 tree-difference=6
[25015/100000] reference-disagreement wide:closure:raw:attribute:testSpecializeWithAvailability#1 len=175 artifacts=60 advent-overaccept=43 advent-underaccept=12 compiler-timeout=1 reference-disagreement=1548 same=23405 tree-difference=6
[25036/100000] reference-disagreement wide:func-body:space+newline+glue:real:Specifiers:181+translated:testOperators5#1 len=690 artifacts=60 advent-overaccept=43 advent-underaccept=12 compiler-timeout=1 reference-disagreement=1549 same=23425 tree-difference=6
[25047/100000] reference-disagreement tspl-divergence-protocol-body len=160 artifacts=60 advent-overaccept=43 advent-underaccept=12 compiler-timeout=1 reference-disagreement=1550 same=23435 tree-difference=6
[25058/100000] reference-disagreement member-list-wide-boundary len=271 artifacts=60 advent-overaccept=43 advent-underaccept=12 compiler-timeout=1 reference-disagreement=1551 same=23445 tree-difference=6
[25067/100000] reference-disagreement func-body len=467 artifacts=60 advent-overaccept=43 advent-underaccept=12 compiler-timeout=1 reference-disagreement=1552 same=23453 tree-difference=6
[25128/100000] reference-disagreement grammarish-member-list len=261 artifacts=60 advent-overaccept=43 advent-underaccept=12 compiler-timeout=1 reference-disagreement=1553 same=23513 tree-difference=6
[25195/100000] reference-disagreement wide:after-statement:line-comment+keyword+keyword:translated:testObjectLiterals2c#1 len=97 artifacts=60 advent-overaccept=43 advent-underaccept=12 compiler-timeout=1 reference-disagreement=1554 same=23579 tree-difference=6
[25215/100000] reference-disagreement keypath-boundary len=37 artifacts=60 advent-overaccept=43 advent-underaccept=12 compiler-timeout=1 reference-disagreement=1555 same=23598 tree-difference=6
[25250/100000] same binding-pattern len=474 artifacts=60 advent-overaccept=43 advent-underaccept=12 compiler-timeout=1 reference-disagreement=1555 same=23633 tree-difference=6
[25267/100000] reference-disagreement tspl-divergence-protocol-body len=168 artifacts=60 advent-overaccept=43 advent-underaccept=12 compiler-timeout=1 reference-disagreement=1556 same=23649 tree-difference=6
[25280/100000] reference-disagreement wide:func-body:raw:real:StringExtensions:38 len=476 artifacts=60 advent-overaccept=43 advent-underaccept=12 compiler-timeout=1 reference-disagreement=1557 same=23661 tree-difference=6
[25282/100000] reference-disagreement wide:closure:raw:real:ActiveSyntaxRewriter:423 len=319 artifacts=60 advent-overaccept=43 advent-underaccept=12 compiler-timeout=1 reference-disagreement=1558 same=23662 tree-difference=6
[25285/100000] reference-disagreement attribute-ifconfig-elseif-list len=129 artifacts=60 advent-overaccept=43 advent-underaccept=12 compiler-timeout=1 reference-disagreement=1559 same=23664 tree-difference=6
[25292/100000] reference-disagreement grammarish-member-list len=261 artifacts=60 advent-overaccept=43 advent-underaccept=12 compiler-timeout=1 reference-disagreement=1560 same=23670 tree-difference=6
[25293/100000] reference-disagreement keypath-boundary len=33 artifacts=60 advent-overaccept=43 advent-underaccept=12 compiler-timeout=1 reference-disagreement=1561 same=23670 tree-difference=6
[25308/100000] reference-disagreement tspl-divergence-protocol-body len=171 artifacts=60 advent-overaccept=43 advent-underaccept=12 compiler-timeout=1 reference-disagreement=1562 same=23684 tree-difference=6
[25318/100000] reference-disagreement keypath-boundary len=36 artifacts=60 advent-overaccept=43 advent-underaccept=12 compiler-timeout=1 reference-disagreement=1563 same=23693 tree-difference=6
[25326/100000] reference-disagreement wide:struct-member:glue+newline+glue:translated:testOperatorDeclDesignatedTypes7#1+translated:testRecovery113#1 len=118 artifacts=60 advent-overaccept=43 advent-underaccept=12 compiler-timeout=1 reference-disagreement=1564 same=23700 tree-difference=6
[25342/100000] reference-disagreement wide:closure:raw:real:ParserDiagnosticMessages:407+real:Attributes:390 len=993 artifacts=60 advent-overaccept=43 advent-underaccept=12 compiler-timeout=1 reference-disagreement=1565 same=23715 tree-difference=6
[25383/100000] reference-disagreement keypath-boundary len=37 artifacts=60 advent-overaccept=43 advent-underaccept=12 compiler-timeout=1 reference-disagreement=1566 same=23755 tree-difference=6
[25392/100000] reference-disagreement grammarish-member-list len=280 artifacts=60 advent-overaccept=43 advent-underaccept=12 compiler-timeout=1 reference-disagreement=1567 same=23763 tree-difference=6
[25404/100000] reference-disagreement statement-list len=612 artifacts=60 advent-overaccept=43 advent-underaccept=12 compiler-timeout=1 reference-disagreement=1568 same=23774 tree-difference=6
[25407/100000] reference-disagreement wide:func-body:newline:real:SyntaxCollections:372 len=538 artifacts=60 advent-overaccept=43 advent-underaccept=12 compiler-timeout=1 reference-disagreement=1569 same=23776 tree-difference=6
[25408/100000] reference-disagreement tspl-divergence-accessor-commitment len=78 artifacts=60 advent-overaccept=43 advent-underaccept=12 compiler-timeout=1 reference-disagreement=1570 same=23776 tree-difference=6
[25423/100000] reference-disagreement attribute-ifconfig-elseif-list len=123 artifacts=60 advent-overaccept=43 advent-underaccept=12 compiler-timeout=1 reference-disagreement=1571 same=23790 tree-difference=6
[25426/100000] tree-difference wide:before-statement:delete:translated:testForwardSlashRegex135#1 len=26 artifacts=61 advent-overaccept=43 advent-underaccept=12 compiler-timeout=1 reference-disagreement=1571 same=23792 tree-difference=7
[25441/100000] reference-disagreement attribute-ifconfig-elseif-list len=124 artifacts=61 advent-overaccept=43 advent-underaccept=12 compiler-timeout=1 reference-disagreement=1572 same=23806 tree-difference=7
[25444/100000] reference-disagreement member-list-wide-boundary len=223 artifacts=61 advent-overaccept=43 advent-underaccept=12 compiler-timeout=1 reference-disagreement=1573 same=23808 tree-difference=7
[25495/100000] reference-disagreement declaration-modifier-stack len=34 artifacts=61 advent-overaccept=43 advent-underaccept=12 compiler-timeout=1 reference-disagreement=1574 same=23858 tree-difference=7
[25498/100000] reference-disagreement declaration-modifier-stack len=34 artifacts=61 advent-overaccept=43 advent-underaccept=12 compiler-timeout=1 reference-disagreement=1575 same=23860 tree-difference=7
[25500/100000] same frontier:generic-member-type-shape len=283 artifacts=61 advent-overaccept=43 advent-underaccept=12 compiler-timeout=1 reference-disagreement=1575 same=23862 tree-difference=7
[25555/100000] reference-disagreement keypath-boundary len=38 artifacts=61 advent-overaccept=43 advent-underaccept=12 compiler-timeout=1 reference-disagreement=1576 same=23916 tree-difference=7
[25578/100000] reference-disagreement wide:ifconfig:newline+swap:reject:testModuleSelectorType#3 len=38 artifacts=61 advent-overaccept=43 advent-underaccept=12 compiler-timeout=1 reference-disagreement=1577 same=23938 tree-difference=7
[25597/100000] reference-disagreement wide:closure:raw:phase4-misc:typealias+attribute:testABIAttribute#8 len=121 artifacts=61 advent-overaccept=43 advent-underaccept=12 compiler-timeout=1 reference-disagreement=1578 same=23956 tree-difference=7
[25613/100000] reference-disagreement declaration-modifier-stack len=34 artifacts=61 advent-overaccept=43 advent-underaccept=12 compiler-timeout=1 reference-disagreement=1579 same=23971 tree-difference=7
[25666/100000] reference-disagreement wide:trailing-closure:raw:real:PluginMessages:56 len=764 artifacts=61 advent-overaccept=43 advent-underaccept=12 compiler-timeout=1 reference-disagreement=1580 same=24023 tree-difference=7
[25670/100000] reference-disagreement grammarish-member-list len=147 artifacts=61 advent-overaccept=43 advent-underaccept=12 compiler-timeout=1 reference-disagreement=1581 same=24026 tree-difference=7
[25680/100000] reference-disagreement wide:struct-member:duplicate:translated:testTrailingClosures6#1 len=556 artifacts=61 advent-overaccept=43 advent-underaccept=12 compiler-timeout=1 reference-disagreement=1582 same=24035 tree-difference=7
[25716/100000] reference-disagreement wide:trailing-closure:raw:real:SyntaxTraits:858 len=83 artifacts=61 advent-overaccept=43 advent-underaccept=12 compiler-timeout=1 reference-disagreement=1583 same=24070 tree-difference=7
[25724/100000] reference-disagreement wide:closure:newline:translated:testDollarIdentifier4#1+real:SyntaxExpressibleByStringInterpolationConformances:226 len=495 artifacts=61 advent-overaccept=43 advent-underaccept=12 compiler-timeout=1 reference-disagreement=1584 same=24077 tree-difference=7
[25750/100000] same wide:top:newline:reject:testModuleSelectorIllFormedModuleNames#9 len=20 artifacts=61 advent-overaccept=43 advent-underaccept=12 compiler-timeout=1 reference-disagreement=1584 same=24103 tree-difference=7
[25765/100000] reference-disagreement member-list-wide-boundary len=191 artifacts=61 advent-overaccept=43 advent-underaccept=12 compiler-timeout=1 reference-disagreement=1585 same=24117 tree-difference=7
[25795/100000] reference-disagreement wide:func-body:newline+glue:real:CompilerPlugin:63 len=831 artifacts=61 advent-overaccept=43 advent-underaccept=12 compiler-timeout=1 reference-disagreement=1586 same=24146 tree-difference=7
[25814/100000] reference-disagreement wide:func-body:raw:real:LexerDiagnosticMessages:128 len=223 artifacts=61 advent-overaccept=43 advent-underaccept=12 compiler-timeout=1 reference-disagreement=1587 same=24164 tree-difference=7
[25829/100000] reference-disagreement binding-pattern len=458 artifacts=61 advent-overaccept=43 advent-underaccept=12 compiler-timeout=1 reference-disagreement=1588 same=24178 tree-difference=7
[25836/100000] reference-disagreement wide:closure:newline+block-comment+newline:attribute:testDocumentationAttribute#4 len=110 artifacts=61 advent-overaccept=43 advent-underaccept=12 compiler-timeout=1 reference-disagreement=1589 same=24184 tree-difference=7
[25841/100000] advent-overaccept wide:ifconfig:raw:phase4-coroutine:op-trailing-comma len=55 artifacts=61 advent-overaccept=44 advent-underaccept=12 compiler-timeout=1 reference-disagreement=1589 same=24188 tree-difference=7
[25865/100000] reference-disagreement attribute-ifconfig-elseif-list len=130 artifacts=61 advent-overaccept=44 advent-underaccept=12 compiler-timeout=1 reference-disagreement=1590 same=24211 tree-difference=7
[25915/100000] reference-disagreement wide:trailing-closure:splice:real:RegexLiteralLexer:348 len=553 artifacts=61 advent-overaccept=44 advent-underaccept=12 compiler-timeout=1 reference-disagreement=1591 same=24260 tree-difference=7
[25929/100000] reference-disagreement tspl-divergence-accessor-commitment len=49 artifacts=61 advent-overaccept=44 advent-underaccept=12 compiler-timeout=1 reference-disagreement=1592 same=24273 tree-difference=7
[25942/100000] reference-disagreement declaration-modifier-stack len=34 artifacts=61 advent-overaccept=44 advent-underaccept=12 compiler-timeout=1 reference-disagreement=1593 same=24285 tree-difference=7
[25945/100000] reference-disagreement wide:closure:newline:real:ExpressionInterpretedAsVersionTuple:19 len=1194 artifacts=61 advent-overaccept=44 advent-underaccept=12 compiler-timeout=1 reference-disagreement=1594 same=24287 tree-difference=7
[25991/100000] reference-disagreement wide:top:line-comment+glue+space:translated:testDollarIdentifier8#1+real:ActiveSyntaxRewriter:395 len=1513 artifacts=61 advent-overaccept=44 advent-underaccept=12 compiler-timeout=1 reference-disagreement=1595 same=24332 tree-difference=7
[25994/100000] reference-disagreement wide:func-body:block-comment+keyword:real:SyntaxNodeWithBody:305 len=848 artifacts=61 advent-overaccept=44 advent-underaccept=12 compiler-timeout=1 reference-disagreement=1596 same=24334 tree-difference=7
[25999/100000] reference-disagreement attribute-ifconfig-elseif-list len=108 artifacts=61 advent-overaccept=44 advent-underaccept=12 compiler-timeout=1 reference-disagreement=1597 same=24338 tree-difference=7
[26000/100000] same macro-pound-boundary len=40 artifacts=61 advent-overaccept=44 advent-underaccept=12 compiler-timeout=1 reference-disagreement=1597 same=24339 tree-difference=7
[26002/100000] advent-overaccept wide:ifconfig:line-comment:translated:testOperatorDeclDesignatedTypes19#1 len=64 artifacts=61 advent-overaccept=45 advent-underaccept=12 compiler-timeout=1 reference-disagreement=1597 same=24340 tree-difference=7
[26012/100000] reference-disagreement wide:closure:glue:declaration:testParsePoundError#1 len=52 artifacts=61 advent-overaccept=45 advent-underaccept=12 compiler-timeout=1 reference-disagreement=1598 same=24349 tree-difference=7
[26021/100000] reference-disagreement wide:func-body:raw:real:ChildNameForDiagnostics:385 len=202 artifacts=61 advent-overaccept=45 advent-underaccept=12 compiler-timeout=1 reference-disagreement=1599 same=24357 tree-difference=7
[26037/100000] reference-disagreement wide:top:space+duplicate+line-comment:real:ParserDiagnosticMessages:799+translated:testErrors5#1 len=494 artifacts=61 advent-overaccept=45 advent-underaccept=12 compiler-timeout=1 reference-disagreement=1600 same=24372 tree-difference=7
[26047/100000] reference-disagreement wide:trailing-closure:newline+newline+space:real:ResultBuilderExtensions:107+attribute:testABIAttribute#8 len=449 artifacts=61 advent-overaccept=45 advent-underaccept=12 compiler-timeout=1 reference-disagreement=1601 same=24381 tree-difference=7
[26067/100000] reference-disagreement nested-ifconfig-boundary len=163 artifacts=61 advent-overaccept=45 advent-underaccept=12 compiler-timeout=1 reference-disagreement=1602 same=24400 tree-difference=7
[26075/100000] reference-disagreement wide:closure:space:translated:testTupleTypeExpr#6+reject:testABIAttribute#8 len=144 artifacts=61 advent-overaccept=45 advent-underaccept=12 compiler-timeout=1 reference-disagreement=1603 same=24407 tree-difference=7
[26100/100000] reference-disagreement wide:trailing-closure:newline:real:WithTrailingCommaSyntax+EnsuringTrailingComma:19 len=213 artifacts=61 advent-overaccept=45 advent-underaccept=12 compiler-timeout=1 reference-disagreement=1604 same=24431 tree-difference=7
[26113/100000] reference-disagreement attribute-ifconfig-elseif-list len=133 artifacts=61 advent-overaccept=45 advent-underaccept=12 compiler-timeout=1 reference-disagreement=1605 same=24443 tree-difference=7
[26116/100000] reference-disagreement cast-try-operator-cluster len=24 artifacts=61 advent-overaccept=45 advent-underaccept=12 compiler-timeout=1 reference-disagreement=1606 same=24445 tree-difference=7
[26160/100000] reference-disagreement wide:func-body:newline:real:ResultBuilders:241+translated:testForwardSlashRegex63#1 len=171 artifacts=61 advent-overaccept=45 advent-underaccept=12 compiler-timeout=1 reference-disagreement=1607 same=24488 tree-difference=7
[26218/100000] reference-disagreement ifconfig-member-context-boundary len=71 artifacts=61 advent-overaccept=45 advent-underaccept=12 compiler-timeout=1 reference-disagreement=1608 same=24545 tree-difference=7
[26220/100000] reference-disagreement wide:func-body:space+keyword:real:PrecedenceGroup:26 len=830 artifacts=61 advent-overaccept=45 advent-underaccept=12 compiler-timeout=1 reference-disagreement=1609 same=24546 tree-difference=7
[26226/100000] reference-disagreement attribute-boundary len=39 artifacts=61 advent-overaccept=45 advent-underaccept=12 compiler-timeout=1 reference-disagreement=1610 same=24551 tree-difference=7
[26235/100000] reference-disagreement attribute-ifconfig-elseif-list len=126 artifacts=61 advent-overaccept=45 advent-underaccept=12 compiler-timeout=1 reference-disagreement=1611 same=24559 tree-difference=7
[26250/100000] same wide:extension-member:raw:reject:testModuleSelectorIncorrectClosureDecls#1 len=64 artifacts=61 advent-overaccept=45 advent-underaccept=12 compiler-timeout=1 reference-disagreement=1611 same=24574 tree-difference=7
[26262/100000] reference-disagreement wide:before-statement:newline+delete+line-comment:translated:testEffectfulProperties10#1 len=337 artifacts=61 advent-overaccept=45 advent-underaccept=12 compiler-timeout=1 reference-disagreement=1612 same=24585 tree-difference=7
[26269/100000] reference-disagreement wide:closure:raw:real:SyntaxTraits:794+translated:testConsumeExpr1#1 len=162 artifacts=61 advent-overaccept=45 advent-underaccept=12 compiler-timeout=1 reference-disagreement=1613 same=24591 tree-difference=7
[26271/100000] reference-disagreement wide:extension-member:raw:real:DeclSyntaxParseable:25 len=712 artifacts=61 advent-overaccept=45 advent-underaccept=12 compiler-timeout=1 reference-disagreement=1614 same=24592 tree-difference=7
[26291/100000] advent-overaccept wide:ifconfig:raw:type:testLifetimeSpecifier#5 len=46 artifacts=62 advent-overaccept=46 advent-underaccept=12 compiler-timeout=1 reference-disagreement=1614 same=24611 tree-difference=7
[26312/100000] reference-disagreement wide:trailing-closure:raw:translated:testObjectLiterals3a#1+real:FunctionScopeSyntax:15 len=227 artifacts=62 advent-overaccept=46 advent-underaccept=12 compiler-timeout=1 reference-disagreement=1615 same=24631 tree-difference=7
[26316/100000] reference-disagreement member-list-wide-boundary len=109 artifacts=62 advent-overaccept=46 advent-underaccept=12 compiler-timeout=1 reference-disagreement=1616 same=24634 tree-difference=7
[26350/100000] reference-disagreement wide:func-body:newline+block-comment:real:Expressions:1547 len=547 artifacts=62 advent-overaccept=46 advent-underaccept=12 compiler-timeout=1 reference-disagreement=1617 same=24667 tree-difference=7
[26375/100000] reference-disagreement attribute-ifconfig-elseif-list len=106 artifacts=62 advent-overaccept=46 advent-underaccept=12 compiler-timeout=1 reference-disagreement=1618 same=24691 tree-difference=7
[26404/100000] reference-disagreement grammarish-member-list len=232 artifacts=62 advent-overaccept=46 advent-underaccept=12 compiler-timeout=1 reference-disagreement=1619 same=24719 tree-difference=7
[26410/100000] advent-overaccept wide:ifconfig:raw:type:testLifetimeSpecifier#1 len=43 artifacts=62 advent-overaccept=47 advent-underaccept=12 compiler-timeout=1 reference-disagreement=1619 same=24724 tree-difference=7
[26421/100000] reference-disagreement wide:trailing-closure:raw:real:Cursor:19 len=372 artifacts=62 advent-overaccept=47 advent-underaccept=12 compiler-timeout=1 reference-disagreement=1620 same=24734 tree-difference=7
[26422/100000] reference-disagreement wide:trailing-closure:keyword+newline:expression:testStringLiterals#11+real:SyntaxTraits:794 len=77 artifacts=62 advent-overaccept=47 advent-underaccept=12 compiler-timeout=1 reference-disagreement=1621 same=24734 tree-difference=7
[26480/100000] reference-disagreement cast-try-operator-cluster len=24 artifacts=62 advent-overaccept=47 advent-underaccept=12 compiler-timeout=1 reference-disagreement=1622 same=24791 tree-difference=7
[26481/100000] reference-disagreement keypath-boundary len=36 artifacts=62 advent-overaccept=47 advent-underaccept=12 compiler-timeout=1 reference-disagreement=1623 same=24791 tree-difference=7
[26487/100000] reference-disagreement wide:closure:newline+glue:attribute:testUnavailableFromAsync#2+real:CollectionNodes+Parsable:102 len=594 artifacts=62 advent-overaccept=47 advent-underaccept=12 compiler-timeout=1 reference-disagreement=1624 same=24796 tree-difference=7
[26499/100000] reference-disagreement keypath-boundary len=38 artifacts=62 advent-overaccept=47 advent-underaccept=12 compiler-timeout=1 reference-disagreement=1625 same=24807 tree-difference=7
[26500/100000] same frontier:statement-member-context len=73 artifacts=62 advent-overaccept=47 advent-underaccept=12 compiler-timeout=1 reference-disagreement=1625 same=24808 tree-difference=7
[26507/100000] reference-disagreement wide:trailing-closure:block-comment:real:ConvenienceInitializers:219 len=210 artifacts=62 advent-overaccept=47 advent-underaccept=12 compiler-timeout=1 reference-disagreement=1626 same=24814 tree-difference=7
[26520/100000] reference-disagreement attribute-ifconfig-elseif-list len=124 artifacts=62 advent-overaccept=47 advent-underaccept=12 compiler-timeout=1 reference-disagreement=1627 same=24826 tree-difference=7
[26555/100000] reference-disagreement grammarish-member-list len=174 artifacts=62 advent-overaccept=47 advent-underaccept=12 compiler-timeout=1 reference-disagreement=1628 same=24860 tree-difference=7
[26572/100000] reference-disagreement wide:trailing-closure:glue:phase4-decl:op-prefix len=28 artifacts=62 advent-overaccept=47 advent-underaccept=12 compiler-timeout=1 reference-disagreement=1629 same=24876 tree-difference=7
[26595/100000] reference-disagreement wide:extension-member:splice+newline:real:SyntaxExpressibleByStringInterpolationConformances:205 len=53 artifacts=62 advent-overaccept=47 advent-underaccept=12 compiler-timeout=1 reference-disagreement=1630 same=24898 tree-difference=7
[26597/100000] reference-disagreement wide:trailing-closure:raw:translated:testEffectfulProperties6#1 len=111 artifacts=62 advent-overaccept=47 advent-underaccept=12 compiler-timeout=1 reference-disagreement=1631 same=24899 tree-difference=7
[26636/100000] reference-disagreement wide:extension-member:space+glue:real:SourceLocation:784 len=542 artifacts=62 advent-overaccept=47 advent-underaccept=12 compiler-timeout=1 reference-disagreement=1632 same=24937 tree-difference=7
[26668/100000] reference-disagreement wide:struct-member:line-comment:attribute:testABIAttribute#13 len=105 artifacts=62 advent-overaccept=47 advent-underaccept=12 compiler-timeout=1 reference-disagreement=1633 same=24968 tree-difference=7
[26669/100000] reference-disagreement wide:trailing-closure:raw:real:SyntaxNodeWithBody:88 len=316 artifacts=62 advent-overaccept=47 advent-underaccept=12 compiler-timeout=1 reference-disagreement=1634 same=24968 tree-difference=7
[26670/100000] reference-disagreement wide:before-statement:delete+newline:reject:testClosureSignatures#3 len=28 artifacts=62 advent-overaccept=47 advent-underaccept=12 compiler-timeout=1 reference-disagreement=1635 same=24968 tree-difference=7
[26672/100000] reference-disagreement wide:extension-member:space:translated:testSubscripting19#1+real:SyntaxTraits:784 len=162 artifacts=62 advent-overaccept=47 advent-underaccept=12 compiler-timeout=1 reference-disagreement=1636 same=24969 tree-difference=7
[26680/100000] reference-disagreement wide:trailing-closure:raw:real:ParserDiagnosticMessages:782 len=257 artifacts=62 advent-overaccept=47 advent-underaccept=12 compiler-timeout=1 reference-disagreement=1637 same=24976 tree-difference=7
[26684/100000] reference-disagreement member-list-wide-boundary len=220 artifacts=62 advent-overaccept=47 advent-underaccept=12 compiler-timeout=1 reference-disagreement=1638 same=24979 tree-difference=7
[26689/100000] reference-disagreement binding-pattern len=458 artifacts=62 advent-overaccept=47 advent-underaccept=12 compiler-timeout=1 reference-disagreement=1639 same=24983 tree-difference=7
[26700/100000] reference-disagreement seed-corpus-structural-splice:preconcurrency-import len=88 artifacts=62 advent-overaccept=47 advent-underaccept=12 compiler-timeout=1 reference-disagreement=1640 same=24993 tree-difference=7
[26733/100000] reference-disagreement wide:closure:line-comment+newline+newline:real:JSONDecoding:437+expression:testTryIf1#1 len=367 artifacts=62 advent-overaccept=47 advent-underaccept=12 compiler-timeout=1 reference-disagreement=1641 same=25025 tree-difference=7
[26746/100000] reference-disagreement tspl-divergence-protocol-body len=150 artifacts=62 advent-overaccept=47 advent-underaccept=12 compiler-timeout=1 reference-disagreement=1642 same=25037 tree-difference=7
[26750/100000] same wide:trailing-closure:raw:phase3-branch:if-expression len=38 artifacts=62 advent-overaccept=47 advent-underaccept=12 compiler-timeout=1 reference-disagreement=1642 same=25041 tree-difference=7
[26772/100000] reference-disagreement declaration-modifier-stack len=34 artifacts=62 advent-overaccept=47 advent-underaccept=12 compiler-timeout=1 reference-disagreement=1643 same=25062 tree-difference=7
[26794/100000] reference-disagreement member-list-wide-boundary len=255 artifacts=62 advent-overaccept=47 advent-underaccept=12 compiler-timeout=1 reference-disagreement=1644 same=25083 tree-difference=7
[26836/100000] reference-disagreement wide:ifconfig:keyword:real:SyntaxCollections:305+reject:testKeyPathMethodAndInitializers#3 len=517 artifacts=62 advent-overaccept=47 advent-underaccept=12 compiler-timeout=1 reference-disagreement=1645 same=25124 tree-difference=7
[26846/100000] reference-disagreement ifconfig-member-context-boundary len=77 artifacts=62 advent-overaccept=47 advent-underaccept=12 compiler-timeout=1 reference-disagreement=1646 same=25133 tree-difference=7
[26888/100000] reference-disagreement attribute-ifconfig-elseif-list len=121 artifacts=62 advent-overaccept=47 advent-underaccept=12 compiler-timeout=1 reference-disagreement=1647 same=25174 tree-difference=7
[26958/100000] reference-disagreement wide:func-body:raw:real:SyntaxTraits:744 len=75 artifacts=62 advent-overaccept=47 advent-underaccept=12 compiler-timeout=1 reference-disagreement=1648 same=25243 tree-difference=7
[26977/100000] reference-disagreement wide:struct-member:glue:real:MacroExpansionContext:86 len=1003 artifacts=62 advent-overaccept=47 advent-underaccept=12 compiler-timeout=1 reference-disagreement=1649 same=25261 tree-difference=7
[26979/100000] reference-disagreement wide:extension-member:keyword:translated:testEnum13#1 len=55 artifacts=62 advent-overaccept=47 advent-underaccept=12 compiler-timeout=1 reference-disagreement=1650 same=25262 tree-difference=7
[26984/100000] reference-disagreement nested-ifconfig-boundary len=163 artifacts=62 advent-overaccept=47 advent-underaccept=12 compiler-timeout=1 reference-disagreement=1651 same=25266 tree-difference=7
[26988/100000] reference-disagreement wide:extension-member:raw:real:LayoutNodes+Parsable:231+real:SyntaxExpressibleByStringInterpolationConformances:31 len=271 artifacts=62 advent-overaccept=47 advent-underaccept=12 compiler-timeout=1 reference-disagreement=1652 same=25269 tree-difference=7
[27000/100000] same regex-trivia-boundary len=103 artifacts=62 advent-overaccept=47 advent-underaccept=12 compiler-timeout=1 reference-disagreement=1652 same=25281 tree-difference=7
[27011/100000] reference-disagreement wide:trailing-closure:splice+space+line-comment:expression:testClosureWithExternalParameterName#2 len=35 artifacts=62 advent-overaccept=47 advent-underaccept=12 compiler-timeout=1 reference-disagreement=1653 same=25291 tree-difference=7
[27017/100000] reference-disagreement keypath-component-matrix len=38 artifacts=62 advent-overaccept=47 advent-underaccept=12 compiler-timeout=1 reference-disagreement=1654 same=25296 tree-difference=7
[27018/100000] reference-disagreement tspl-divergence-protocol-body len=179 artifacts=62 advent-overaccept=47 advent-underaccept=12 compiler-timeout=1 reference-disagreement=1655 same=25296 tree-difference=7
[27030/100000] reference-disagreement wide:func-body:raw:real:SyntaxExpressibleByStringInterpolationConformances:127 len=165 artifacts=62 advent-overaccept=47 advent-underaccept=12 compiler-timeout=1 reference-disagreement=1656 same=25307 tree-difference=7
[27065/100000] reference-disagreement keypath-boundary len=40 artifacts=62 advent-overaccept=47 advent-underaccept=12 compiler-timeout=1 reference-disagreement=1657 same=25341 tree-difference=7
[27075/100000] reference-disagreement wide:struct-member:raw:real:SyntaxTraits:680 len=62 artifacts=62 advent-overaccept=47 advent-underaccept=12 compiler-timeout=1 reference-disagreement=1658 same=25350 tree-difference=7
[27086/100000] reference-disagreement member-list-wide-boundary len=125 artifacts=62 advent-overaccept=47 advent-underaccept=12 compiler-timeout=1 reference-disagreement=1659 same=25360 tree-difference=7
[27098/100000] reference-disagreement wide:extension-member:raw:real:SyntaxText:242 len=353 artifacts=62 advent-overaccept=47 advent-underaccept=12 compiler-timeout=1 reference-disagreement=1660 same=25371 tree-difference=7
[27168/100000] reference-disagreement wide:extension-member:block-comment+splice:translated:testMatchingPatterns29#1 len=234 artifacts=62 advent-overaccept=47 advent-underaccept=12 compiler-timeout=1 reference-disagreement=1661 same=25440 tree-difference=7
[27173/100000] reference-disagreement wide:trailing-closure:glue+delete+space:real:LayoutNodes+Parsable:151 len=178 artifacts=62 advent-overaccept=47 advent-underaccept=12 compiler-timeout=1 reference-disagreement=1662 same=25444 tree-difference=7
[27176/100000] reference-disagreement tspl-divergence-protocol-body len=92 artifacts=62 advent-overaccept=47 advent-underaccept=12 compiler-timeout=1 reference-disagreement=1663 same=25446 tree-difference=7
[27177/100000] reference-disagreement wide:trailing-closure:block-comment+block-comment:real:ResultBuilders:633+declaration:testPrecedenceGroup#2 len=291 artifacts=62 advent-overaccept=47 advent-underaccept=12 compiler-timeout=1 reference-disagreement=1664 same=25446 tree-difference=7
[27184/100000] reference-disagreement wide:closure:splice:real:SyntaxBaseNodes:797 len=699 artifacts=62 advent-overaccept=47 advent-underaccept=12 compiler-timeout=1 reference-disagreement=1665 same=25452 tree-difference=7
[27192/100000] reference-disagreement wide:ifconfig:raw:translated:testInitDeinit22#1+translated:testGuardTopLevel2#1 len=206 artifacts=62 advent-overaccept=47 advent-underaccept=12 compiler-timeout=1 reference-disagreement=1666 same=25459 tree-difference=7
[27202/100000] reference-disagreement attribute-ifconfig-elseif-list len=112 artifacts=62 advent-overaccept=47 advent-underaccept=12 compiler-timeout=1 reference-disagreement=1667 same=25468 tree-difference=7
[27207/100000] reference-disagreement wide:top:keyword+glue+duplicate:declaration:testFuncParsing#5 len=60 artifacts=62 advent-overaccept=47 advent-underaccept=12 compiler-timeout=1 reference-disagreement=1668 same=25472 tree-difference=7
[27214/100000] reference-disagreement wide:interpolation:raw:translated:testAvailabilityQueryUnavailability10#1 len=51 artifacts=62 advent-overaccept=47 advent-underaccept=12 compiler-timeout=1 reference-disagreement=1669 same=25478 tree-difference=7
[27229/100000] advent-overaccept wide:closure:newline+block-comment+keyword:declaration:testVariableDeclarations#9 len=154 artifacts=63 advent-overaccept=48 advent-underaccept=12 compiler-timeout=1 reference-disagreement=1669 same=25492 tree-difference=7
[27248/100000] reference-disagreement wide:trailing-closure:newline:real:Convenience:19 len=458 artifacts=63 advent-overaccept=48 advent-underaccept=12 compiler-timeout=1 reference-disagreement=1670 same=25510 tree-difference=7
[27250/100000] same wide:trailing-closure:splice+duplicate+block-comment:reject:testActorAfterUnbalancedClosingBrace#1 len=32 artifacts=63 advent-overaccept=48 advent-underaccept=12 compiler-timeout=1 reference-disagreement=1670 same=25512 tree-difference=7
[27277/100000] reference-disagreement wide:trailing-closure:raw:real:ScopeImplementations:907 len=330 artifacts=63 advent-overaccept=48 advent-underaccept=12 compiler-timeout=1 reference-disagreement=1671 same=25538 tree-difference=7
[27288/100000] reference-disagreement wide:trailing-closure:keyword+newline+block-comment:expression:testClosureParameterWithModifier#1 len=39 artifacts=63 advent-overaccept=48 advent-underaccept=12 compiler-timeout=1 reference-disagreement=1672 same=25548 tree-difference=7
[27314/100000] reference-disagreement tspl-divergence-accessor-commitment len=49 artifacts=63 advent-overaccept=48 advent-underaccept=12 compiler-timeout=1 reference-disagreement=1673 same=25573 tree-difference=7
[27322/100000] reference-disagreement grammarish-member-list len=361 artifacts=63 advent-overaccept=48 advent-underaccept=12 compiler-timeout=1 reference-disagreement=1674 same=25580 tree-difference=7
[27359/100000] reference-disagreement wide:top:space:real:LocationMarkers:14+translated:testModuleSelectorAttrs#1 len=324 artifacts=63 advent-overaccept=48 advent-underaccept=12 compiler-timeout=1 reference-disagreement=1675 same=25616 tree-difference=7
[27377/100000] reference-disagreement wide:closure:space+glue+glue:real:ExpandEditorPlaceholder:389 len=635 artifacts=63 advent-overaccept=48 advent-underaccept=12 compiler-timeout=1 reference-disagreement=1676 same=25633 tree-difference=7
[27403/100000] reference-disagreement tspl-divergence-protocol-body len=103 artifacts=63 advent-overaccept=48 advent-underaccept=12 compiler-timeout=1 reference-disagreement=1677 same=25658 tree-difference=7
[27500/100000] reference-disagreement wide:func-body:raw:real:ResultBuilders:349 len=199 artifacts=63 advent-overaccept=48 advent-underaccept=12 compiler-timeout=1 reference-disagreement=1678 same=25754 tree-difference=7
[27524/100000] reference-disagreement wide:ifconfig:raw:real:Syntax+StringInterpolation:291+attribute:testABIAttribute#14 len=91 artifacts=63 advent-overaccept=48 advent-underaccept=12 compiler-timeout=1 reference-disagreement=1679 same=25777 tree-difference=7
[27538/100000] reference-disagreement wide:struct-member:newline+block-comment:real:SyntaxExpressibleByStringInterpolationConformances:253 len=180 artifacts=63 advent-overaccept=48 advent-underaccept=12 compiler-timeout=1 reference-disagreement=1680 same=25790 tree-difference=7
[27554/100000] reference-disagreement statement-list len=675 artifacts=63 advent-overaccept=48 advent-underaccept=12 compiler-timeout=1 reference-disagreement=1681 same=25805 tree-difference=7
[27567/100000] reference-disagreement wide:after-statement:block-comment:expression:testKeyPathMethodAndInitializers#3+real:CustomTraits:13 len=208 artifacts=63 advent-overaccept=48 advent-underaccept=12 compiler-timeout=1 reference-disagreement=1682 same=25817 tree-difference=7
[27628/100000] reference-disagreement wide:trailing-closure:raw:translated:testDeprecatedWhere6#1+expression:testMacroExpansionExpression#1 len=147 artifacts=63 advent-overaccept=48 advent-underaccept=12 compiler-timeout=1 reference-disagreement=1683 same=25877 tree-difference=7
[27647/100000] reference-disagreement wide:func-body:raw:real:SyntaxCollections:224+type:testClosureParsing#1 len=537 artifacts=63 advent-overaccept=48 advent-underaccept=12 compiler-timeout=1 reference-disagreement=1684 same=25895 tree-difference=7
[27673/100000] reference-disagreement attribute-boundary len=39 artifacts=63 advent-overaccept=48 advent-underaccept=12 compiler-timeout=1 reference-disagreement=1685 same=25920 tree-difference=7
[27675/100000] reference-disagreement tspl-divergence-protocol-body len=132 artifacts=63 advent-overaccept=48 advent-underaccept=12 compiler-timeout=1 reference-disagreement=1686 same=25921 tree-difference=7
[27690/100000] reference-disagreement tspl-divergence-protocol-body len=196 artifacts=63 advent-overaccept=48 advent-underaccept=12 compiler-timeout=1 reference-disagreement=1687 same=25935 tree-difference=7
[27692/100000] reference-disagreement wide:func-body:newline+space:real:Assertions:187+real:MacroExpansionDiagnosticMessages:81 len=1435 artifacts=63 advent-overaccept=48 advent-underaccept=12 compiler-timeout=1 reference-disagreement=1688 same=25936 tree-difference=7
[27709/100000] reference-disagreement attribute-ifconfig-elseif-list len=130 artifacts=63 advent-overaccept=48 advent-underaccept=12 compiler-timeout=1 reference-disagreement=1689 same=25952 tree-difference=7
[27723/100000] reference-disagreement attribute-ifconfig-elseif-list len=111 artifacts=63 advent-overaccept=48 advent-underaccept=12 compiler-timeout=1 reference-disagreement=1690 same=25965 tree-difference=7
[27726/100000] reference-disagreement wide:func-body:line-comment+glue+glue:real:SyntaxExpressibleByStringInterpolationConformances:121 len=84 artifacts=63 advent-overaccept=48 advent-underaccept=12 compiler-timeout=1 reference-disagreement=1691 same=25967 tree-difference=7
[27730/100000] reference-disagreement wide:trailing-closure:line-comment+splice+keyword:declaration:testIssue1025#2+real:AddSeparatorsToIntegerLiteral:63 len=442 artifacts=63 advent-overaccept=48 advent-underaccept=12 compiler-timeout=1 reference-disagreement=1692 same=25970 tree-difference=7
[27739/100000] reference-disagreement grammarish-member-list len=309 artifacts=63 advent-overaccept=48 advent-underaccept=12 compiler-timeout=1 reference-disagreement=1693 same=25978 tree-difference=7
[27750/100000] same wide:closure:line-comment+newline+delete:reject:testModuleSelectorIncorrectClosureDecls#1 len=68 artifacts=63 advent-overaccept=48 advent-underaccept=12 compiler-timeout=1 reference-disagreement=1693 same=25989 tree-difference=7
[27821/100000] reference-disagreement tspl-divergence-protocol-body len=151 artifacts=63 advent-overaccept=48 advent-underaccept=12 compiler-timeout=1 reference-disagreement=1694 same=26059 tree-difference=7
[27830/100000] reference-disagreement tspl-divergence-protocol-body len=164 artifacts=63 advent-overaccept=48 advent-underaccept=12 compiler-timeout=1 reference-disagreement=1695 same=26067 tree-difference=7
[27853/100000] reference-disagreement tspl-divergence-protocol-body len=122 artifacts=63 advent-overaccept=48 advent-underaccept=12 compiler-timeout=1 reference-disagreement=1696 same=26089 tree-difference=7
[27861/100000] reference-disagreement wide:closure:glue+space:real:BuildableNodes:740 len=1083 artifacts=63 advent-overaccept=48 advent-underaccept=12 compiler-timeout=1 reference-disagreement=1697 same=26096 tree-difference=7
[27864/100000] reference-disagreement wide:func-body:newline+space:real:MissingNodeInitializers:83+phase4-string:raw-double len=257 artifacts=63 advent-overaccept=48 advent-underaccept=12 compiler-timeout=1 reference-disagreement=1698 same=26098 tree-difference=7
[27869/100000] reference-disagreement wide:struct-member:space+line-comment:real:ConvenienceInitializers:189 len=85 artifacts=63 advent-overaccept=48 advent-underaccept=12 compiler-timeout=1 reference-disagreement=1699 same=26102 tree-difference=7
[27893/100000] reference-disagreement wide:ifconfig:line-comment+duplicate:translated:testConflictMarkers6#1+phase4-keypath:kp-rootless-chain len=111 artifacts=63 advent-overaccept=48 advent-underaccept=12 compiler-timeout=1 reference-disagreement=1700 same=26125 tree-difference=7
[27895/100000] reference-disagreement wide:func-body:glue+block-comment:real:RawSyntax:17 len=245 artifacts=63 advent-overaccept=48 advent-underaccept=12 compiler-timeout=1 reference-disagreement=1701 same=26126 tree-difference=7
[27939/100000] reference-disagreement wide:struct-member:block-comment+newline:real:BuildableNodes:406 len=1267 artifacts=63 advent-overaccept=48 advent-underaccept=12 compiler-timeout=1 reference-disagreement=1702 same=26169 tree-difference=7
[27953/100000] reference-disagreement wide:trailing-closure:line-comment:real:SyntaxExpressibleByStringInterpolationConformances:259 len=91 artifacts=63 advent-overaccept=48 advent-underaccept=12 compiler-timeout=1 reference-disagreement=1703 same=26182 tree-difference=7
[27962/100000] reference-disagreement seed-corpus-structural-splice:warning-directive len=60 artifacts=63 advent-overaccept=48 advent-underaccept=12 compiler-timeout=1 reference-disagreement=1704 same=26190 tree-difference=7
[27963/100000] reference-disagreement wide:func-body:block-comment:translated:testForwardSlashRegex1#1 len=81 artifacts=63 advent-overaccept=48 advent-underaccept=12 compiler-timeout=1 reference-disagreement=1705 same=26190 tree-difference=7
[27989/100000] reference-disagreement declaration-modifier-stack len=34 artifacts=63 advent-overaccept=48 advent-underaccept=12 compiler-timeout=1 reference-disagreement=1706 same=26215 tree-difference=7
[28000/100000] same wide:interpolation:glue+swap+splice:reject:testDollarIdentifier2d#1+expression:testKeyPathMethodAndInitializers#8 len=59 artifacts=63 advent-overaccept=48 advent-underaccept=12 compiler-timeout=1 reference-disagreement=1706 same=26226 tree-difference=7
[28061/100000] reference-disagreement attribute-ifconfig-elseif-list len=103 artifacts=63 advent-overaccept=48 advent-underaccept=12 compiler-timeout=1 reference-disagreement=1707 same=26286 tree-difference=7
[28103/100000] reference-disagreement nested-ifconfig-boundary len=146 artifacts=63 advent-overaccept=48 advent-underaccept=12 compiler-timeout=1 reference-disagreement=1708 same=26327 tree-difference=7
[28106/100000] reference-disagreement attribute-ifconfig-elseif-list len=123 artifacts=63 advent-overaccept=48 advent-underaccept=12 compiler-timeout=1 reference-disagreement=1709 same=26329 tree-difference=7
[28116/100000] reference-disagreement wide:extension-member:newline+duplicate:real:SyntaxTraits:578 len=467 artifacts=63 advent-overaccept=48 advent-underaccept=12 compiler-timeout=1 reference-disagreement=1710 same=26338 tree-difference=7
[28125/100000] reference-disagreement wide:trailing-closure:splice+glue:phase4-coroutine:op-designated len=55 artifacts=63 advent-overaccept=48 advent-underaccept=12 compiler-timeout=1 reference-disagreement=1711 same=26346 tree-difference=7
[28133/100000] reference-disagreement wide:func-body:raw:real:ConvenienceInitializers:88 len=82 artifacts=63 advent-overaccept=48 advent-underaccept=12 compiler-timeout=1 reference-disagreement=1712 same=26353 tree-difference=7
[28140/100000] reference-disagreement keypath-boundary len=38 artifacts=63 advent-overaccept=48 advent-underaccept=12 compiler-timeout=1 reference-disagreement=1713 same=26359 tree-difference=7
[28149/100000] reference-disagreement wide:func-body:glue+glue:translated:testOperatorDecl5#1 len=41 artifacts=63 advent-overaccept=48 advent-underaccept=12 compiler-timeout=1 reference-disagreement=1714 same=26367 tree-difference=7
[28160/100000] reference-disagreement grammarish-member-list len=110 artifacts=63 advent-overaccept=48 advent-underaccept=12 compiler-timeout=1 reference-disagreement=1715 same=26377 tree-difference=7
[28161/100000] reference-disagreement wide:extension-member:raw:real:LookupResult:124 len=209 artifacts=63 advent-overaccept=48 advent-underaccept=12 compiler-timeout=1 reference-disagreement=1716 same=26377 tree-difference=7
[28164/100000] reference-disagreement wide:func-body:raw:real:SyntaxExpressibleByStringInterpolationConformances:217 len=171 artifacts=63 advent-overaccept=48 advent-underaccept=12 compiler-timeout=1 reference-disagreement=1717 same=26379 tree-difference=7
[28230/100000] reference-disagreement tspl-divergence-protocol-body len=162 artifacts=63 advent-overaccept=48 advent-underaccept=12 compiler-timeout=1 reference-disagreement=1718 same=26444 tree-difference=7
[28250/100000] same collection-type-boundary len=110 artifacts=63 advent-overaccept=48 advent-underaccept=12 compiler-timeout=1 reference-disagreement=1718 same=26464 tree-difference=7
[28262/100000] reference-disagreement wide:after-statement:newline+duplicate:real:SyntaxCollections:1082 len=504 artifacts=63 advent-overaccept=48 advent-underaccept=12 compiler-timeout=1 reference-disagreement=1719 same=26475 tree-difference=7
[28287/100000] reference-disagreement attribute-ifconfig-elseif-list len=126 artifacts=63 advent-overaccept=48 advent-underaccept=12 compiler-timeout=1 reference-disagreement=1720 same=26499 tree-difference=7
[28293/100000] reference-disagreement keypath-boundary len=38 artifacts=63 advent-overaccept=48 advent-underaccept=12 compiler-timeout=1 reference-disagreement=1721 same=26504 tree-difference=7
[28302/100000] reference-disagreement tspl-divergence-protocol-body len=130 artifacts=63 advent-overaccept=48 advent-underaccept=12 compiler-timeout=1 reference-disagreement=1722 same=26512 tree-difference=7
[28320/100000] reference-disagreement wide:func-body:glue+line-comment+glue:phase3-type:extension-inherit+translated:testGenericDisambiguation6d#1 len=52 artifacts=63 advent-overaccept=48 advent-underaccept=12 compiler-timeout=1 reference-disagreement=1723 same=26529 tree-difference=7
[28330/100000] reference-disagreement wide:before-statement:newline+splice:real:ActiveSyntaxRewriter:423 len=309 artifacts=63 advent-overaccept=48 advent-underaccept=12 compiler-timeout=1 reference-disagreement=1724 same=26538 tree-difference=7
[28391/100000] reference-disagreement wide:func-body:raw:translated:testOperatorDeclDesignatedTypes16#1 len=59 artifacts=63 advent-overaccept=48 advent-underaccept=12 compiler-timeout=1 reference-disagreement=1725 same=26598 tree-difference=7
[28399/100000] reference-disagreement wide:top:space+duplicate+newline:translated:testBuiltinBridgeObject4#1 len=154 artifacts=63 advent-overaccept=48 advent-underaccept=12 compiler-timeout=1 reference-disagreement=1726 same=26605 tree-difference=7
[28409/100000] reference-disagreement wide:struct-member:space:real:IndentationUtils:77 len=781 artifacts=63 advent-overaccept=48 advent-underaccept=12 compiler-timeout=1 reference-disagreement=1727 same=26614 tree-difference=7
[28479/100000] reference-disagreement tspl-divergence-protocol-body len=120 artifacts=63 advent-overaccept=48 advent-underaccept=12 compiler-timeout=1 reference-disagreement=1728 same=26683 tree-difference=7
[28500/100000] same wide:ifconfig:swap+swap:reject:testModuleSelectorAttrs#3 len=71 artifacts=63 advent-overaccept=48 advent-underaccept=12 compiler-timeout=1 reference-disagreement=1728 same=26704 tree-difference=7
[28501/100000] reference-disagreement tspl-divergence-accessor-commitment len=78 artifacts=63 advent-overaccept=48 advent-underaccept=12 compiler-timeout=1 reference-disagreement=1729 same=26704 tree-difference=7
[28514/100000] reference-disagreement wide:closure:raw:real:Syntax:353+real:BuildableNodes:379 len=1275 artifacts=63 advent-overaccept=48 advent-underaccept=12 compiler-timeout=1 reference-disagreement=1730 same=26716 tree-difference=7
[28533/100000] reference-disagreement seed-corpus-wrapped:extension-optional-type len=51 artifacts=63 advent-overaccept=48 advent-underaccept=12 compiler-timeout=1 reference-disagreement=1731 same=26734 tree-difference=7
[28555/100000] reference-disagreement wide:ifconfig:raw:translated:testSwitch20#1 len=52 artifacts=63 advent-overaccept=48 advent-underaccept=12 compiler-timeout=1 reference-disagreement=1732 same=26755 tree-difference=7
[28559/100000] reference-disagreement wide:trailing-closure:block-comment+glue+newline:phase4-loop:subscript+declaration:testParseIsolatedConformances#1 len=94 artifacts=63 advent-overaccept=48 advent-underaccept=12 compiler-timeout=1 reference-disagreement=1733 same=26758 tree-difference=7
[28564/100000] reference-disagreement keypath-boundary len=40 artifacts=63 advent-overaccept=48 advent-underaccept=12 compiler-timeout=1 reference-disagreement=1734 same=26762 tree-difference=7
[28578/100000] reference-disagreement tspl-divergence-accessor-commitment len=49 artifacts=63 advent-overaccept=48 advent-underaccept=12 compiler-timeout=1 reference-disagreement=1735 same=26775 tree-difference=7
[28600/100000] reference-disagreement keypath-component-matrix len=26 artifacts=63 advent-overaccept=48 advent-underaccept=12 compiler-timeout=1 reference-disagreement=1736 same=26796 tree-difference=7
[28602/100000] reference-disagreement wide:func-body:space:real:RenamedChildrenBuilderCompatibility:114 len=1282 artifacts=63 advent-overaccept=48 advent-underaccept=12 compiler-timeout=1 reference-disagreement=1737 same=26797 tree-difference=7
[28606/100000] reference-disagreement wide:closure:block-comment:real:Trivia:13 len=88 artifacts=63 advent-overaccept=48 advent-underaccept=12 compiler-timeout=1 reference-disagreement=1738 same=26800 tree-difference=7
[28629/100000] reference-disagreement tspl-divergence-protocol-body len=102 artifacts=63 advent-overaccept=48 advent-underaccept=12 compiler-timeout=1 reference-disagreement=1739 same=26822 tree-difference=7
[28630/100000] reference-disagreement wide:closure:raw:phase4-precedence:macro-decl+real:StringLiterals:102 len=813 artifacts=63 advent-overaccept=48 advent-underaccept=12 compiler-timeout=1 reference-disagreement=1740 same=26822 tree-difference=7
[28639/100000] reference-disagreement wide:trailing-closure:space:real:SyntaxNodeWithBody:100 len=60 artifacts=63 advent-overaccept=48 advent-underaccept=12 compiler-timeout=1 reference-disagreement=1741 same=26830 tree-difference=7
[28658/100000] reference-disagreement wide:func-body:raw:real:CompilerPluginMessageHandler:33 len=102 artifacts=63 advent-overaccept=48 advent-underaccept=12 compiler-timeout=1 reference-disagreement=1742 same=26848 tree-difference=7
[28660/100000] reference-disagreement tspl-divergence-protocol-body len=68 artifacts=63 advent-overaccept=48 advent-underaccept=12 compiler-timeout=1 reference-disagreement=1743 same=26849 tree-difference=7
[28661/100000] reference-disagreement tspl-divergence-protocol-body len=131 artifacts=63 advent-overaccept=48 advent-underaccept=12 compiler-timeout=1 reference-disagreement=1744 same=26849 tree-difference=7
[28668/100000] reference-disagreement wide:trailing-closure:space+keyword:real:SyntaxCollections:2113 len=487 artifacts=63 advent-overaccept=48 advent-underaccept=12 compiler-timeout=1 reference-disagreement=1745 same=26855 tree-difference=7
[28676/100000] reference-disagreement declaration-modifier-stack len=34 artifacts=63 advent-overaccept=48 advent-underaccept=12 compiler-timeout=1 reference-disagreement=1746 same=26862 tree-difference=7
[28680/100000] reference-disagreement wide:extension-member:block-comment:attribute:testABIAttribute#15 len=53 artifacts=63 advent-overaccept=48 advent-underaccept=12 compiler-timeout=1 reference-disagreement=1747 same=26865 tree-difference=7
[28689/100000] reference-disagreement wide:closure:raw:attribute:testDerivativeAttribute#1 len=208 artifacts=63 advent-overaccept=48 advent-underaccept=12 compiler-timeout=1 reference-disagreement=1748 same=26873 tree-difference=7
[28708/100000] reference-disagreement tspl-divergence-accessor-commitment len=78 artifacts=63 advent-overaccept=48 advent-underaccept=12 compiler-timeout=1 reference-disagreement=1749 same=26891 tree-difference=7
[28717/100000] reference-disagreement wide:struct-member:raw:real:DeclSyntaxParseable:49+real:MissingNodesError:137 len=222 artifacts=63 advent-overaccept=48 advent-underaccept=12 compiler-timeout=1 reference-disagreement=1750 same=26899 tree-difference=7
[28725/100000] reference-disagreement wide:struct-member:newline:real:ParserDiagnosticMessages:665 len=236 artifacts=63 advent-overaccept=48 advent-underaccept=12 compiler-timeout=1 reference-disagreement=1751 same=26906 tree-difference=7
[28746/100000] reference-disagreement keypath-boundary len=44 artifacts=63 advent-overaccept=48 advent-underaccept=12 compiler-timeout=1 reference-disagreement=1752 same=26926 tree-difference=7
[28750/100000] same trailing-closure-boundary len=98 artifacts=63 advent-overaccept=48 advent-underaccept=12 compiler-timeout=1 reference-disagreement=1752 same=26930 tree-difference=7
[28763/100000] reference-disagreement wide:struct-member:glue+line-comment+newline:real:SyntaxTraits:770 len=105 artifacts=63 advent-overaccept=48 advent-underaccept=12 compiler-timeout=1 reference-disagreement=1753 same=26942 tree-difference=7
[28801/100000] reference-disagreement attribute-ifconfig-elseif-list len=131 artifacts=63 advent-overaccept=48 advent-underaccept=12 compiler-timeout=1 reference-disagreement=1754 same=26979 tree-difference=7
[28812/100000] reference-disagreement attribute-ifconfig-elseif-list len=125 artifacts=63 advent-overaccept=48 advent-underaccept=12 compiler-timeout=1 reference-disagreement=1755 same=26989 tree-difference=7
[28831/100000] reference-disagreement wide:trailing-closure:keyword:real:ScopeImplementations:91 len=912 artifacts=63 advent-overaccept=48 advent-underaccept=12 compiler-timeout=1 reference-disagreement=1756 same=27007 tree-difference=7
[28833/100000] reference-disagreement grammarish-member-list len=331 artifacts=63 advent-overaccept=48 advent-underaccept=12 compiler-timeout=1 reference-disagreement=1757 same=27008 tree-difference=7
[28844/100000] reference-disagreement wide:func-body:line-comment+newline+block-comment:real:GrammarNode:62 len=343 artifacts=63 advent-overaccept=48 advent-underaccept=12 compiler-timeout=1 reference-disagreement=1758 same=27018 tree-difference=7
[28870/100000] reference-disagreement wide:func-body:line-comment+newline+line-comment:translated:testEnum12#1 len=61 artifacts=63 advent-overaccept=48 advent-underaccept=12 compiler-timeout=1 reference-disagreement=1759 same=27043 tree-difference=7
[28914/100000] reference-disagreement statement-list len=570 artifacts=63 advent-overaccept=48 advent-underaccept=12 compiler-timeout=1 reference-disagreement=1760 same=27086 tree-difference=7
[28925/100000] reference-disagreement wide:closure:raw:real:ParserDiagnosticMessages:589 len=788 artifacts=63 advent-overaccept=48 advent-underaccept=12 compiler-timeout=1 reference-disagreement=1761 same=27096 tree-difference=7
[28929/100000] reference-disagreement tspl-divergence-accessor-commitment len=49 artifacts=63 advent-overaccept=48 advent-underaccept=12 compiler-timeout=1 reference-disagreement=1762 same=27099 tree-difference=7
[28968/100000] reference-disagreement wide:func-body:raw:translated:testErrors4#1+real:BuildableNodes:379 len=1174 artifacts=63 advent-overaccept=48 advent-underaccept=12 compiler-timeout=1 reference-disagreement=1763 same=27137 tree-difference=7
[28974/100000] reference-disagreement tspl-divergence-accessor-commitment len=78 artifacts=63 advent-overaccept=48 advent-underaccept=12 compiler-timeout=1 reference-disagreement=1764 same=27142 tree-difference=7
[28984/100000] reference-disagreement wide:struct-member:newline+line-comment+line-comment:real:SyntaxExpressibleByStringInterpolationConformances:127 len=178 artifacts=63 advent-overaccept=48 advent-underaccept=12 compiler-timeout=1 reference-disagreement=1765 same=27151 tree-difference=7
[29000/100000] reference-disagreement declaration-modifier-stack len=34 artifacts=63 advent-overaccept=48 advent-underaccept=12 compiler-timeout=1 reference-disagreement=1766 same=27166 tree-difference=7
[29023/100000] reference-disagreement wide:func-body:glue+splice+delete:real:SyntaxCollections:251 len=469 artifacts=63 advent-overaccept=48 advent-underaccept=12 compiler-timeout=1 reference-disagreement=1767 same=27188 tree-difference=7
[29026/100000] reference-disagreement wide:trailing-closure:space:real:MissingNodeInitializers:83 len=231 artifacts=63 advent-overaccept=48 advent-underaccept=12 compiler-timeout=1 reference-disagreement=1768 same=27190 tree-difference=7
[29031/100000] reference-disagreement attribute-ifconfig-elseif-list len=137 artifacts=63 advent-overaccept=48 advent-underaccept=12 compiler-timeout=1 reference-disagreement=1769 same=27194 tree-difference=7
[29036/100000] reference-disagreement member-list-wide-boundary len=77 artifacts=63 advent-overaccept=48 advent-underaccept=12 compiler-timeout=1 reference-disagreement=1770 same=27198 tree-difference=7
[29046/100000] reference-disagreement wide:closure:keyword+glue:translated:testBorrowingContextualParsing#5 len=150 artifacts=63 advent-overaccept=48 advent-underaccept=12 compiler-timeout=1 reference-disagreement=1771 same=27207 tree-difference=7
[29056/100000] advent-underaccept wide:func-body:delete+block-comment+newline:translated:testForwardSlashRegex167#1 len=33 artifacts=63 advent-overaccept=48 advent-underaccept=13 compiler-timeout=1 reference-disagreement=1771 same=27216 tree-difference=7
[29106/100000] reference-disagreement wide:struct-member:raw:real:Trivia+commentValue:128 len=626 artifacts=63 advent-overaccept=48 advent-underaccept=13 compiler-timeout=1 reference-disagreement=1772 same=27265 tree-difference=7
[29123/100000] reference-disagreement binding-pattern len=458 artifacts=63 advent-overaccept=48 advent-underaccept=13 compiler-timeout=1 reference-disagreement=1773 same=27281 tree-difference=7
[29143/100000] reference-disagreement wide:struct-member:splice:real:Trivia:159 len=374 artifacts=63 advent-overaccept=48 advent-underaccept=13 compiler-timeout=1 reference-disagreement=1774 same=27300 tree-difference=7
[29159/100000] reference-disagreement wide:trailing-closure:newline+glue+newline:real:Message:74 len=307 artifacts=63 advent-overaccept=48 advent-underaccept=13 compiler-timeout=1 reference-disagreement=1775 same=27315 tree-difference=7
[29162/100000] reference-disagreement wide:closure:raw:attribute:testMacroRoleNames#10 len=84 artifacts=63 advent-overaccept=48 advent-underaccept=13 compiler-timeout=1 reference-disagreement=1776 same=27317 tree-difference=7
[29169/100000] reference-disagreement attribute-ifconfig-elseif-list len=103 artifacts=63 advent-overaccept=48 advent-underaccept=13 compiler-timeout=1 reference-disagreement=1777 same=27323 tree-difference=7
[29199/100000] reference-disagreement wide:extension-member:raw:real:BuildableNodes:986 len=1245 artifacts=63 advent-overaccept=48 advent-underaccept=13 compiler-timeout=1 reference-disagreement=1778 same=27352 tree-difference=7
[29200/100000] reference-disagreement tspl-divergence-accessor-commitment len=78 artifacts=63 advent-overaccept=48 advent-underaccept=13 compiler-timeout=1 reference-disagreement=1779 same=27352 tree-difference=7
[29216/100000] reference-disagreement attribute-ifconfig-elseif-list len=110 artifacts=63 advent-overaccept=48 advent-underaccept=13 compiler-timeout=1 reference-disagreement=1780 same=27367 tree-difference=7
[29246/100000] reference-disagreement cast-try-operator-cluster len=24 artifacts=63 advent-overaccept=48 advent-underaccept=13 compiler-timeout=1 reference-disagreement=1781 same=27396 tree-difference=7
[29250/100000] same wide:struct-member:newline:reject:testOperatorDecl1e#1+phase1:let-int len=55 artifacts=63 advent-overaccept=48 advent-underaccept=13 compiler-timeout=1 reference-disagreement=1781 same=27400 tree-difference=7
[29288/100000] reference-disagreement wide:trailing-closure:glue+space+space:attribute:testDocumentationAttribute#5+translated:testSwitch76#1 len=190 artifacts=63 advent-overaccept=48 advent-underaccept=13 compiler-timeout=1 reference-disagreement=1782 same=27437 tree-difference=7
[29344/100000] reference-disagreement tspl-divergence-protocol-body len=89 artifacts=63 advent-overaccept=48 advent-underaccept=13 compiler-timeout=1 reference-disagreement=1783 same=27492 tree-difference=7
[29351/100000] reference-disagreement wide:interpolation:newline:expression:testTypedThrowsClosureParam#1 len=44 artifacts=63 advent-overaccept=48 advent-underaccept=13 compiler-timeout=1 reference-disagreement=1784 same=27498 tree-difference=7
[29357/100000] reference-disagreement wide:func-body:raw:real:SourceLocation:477 len=74 artifacts=63 advent-overaccept=48 advent-underaccept=13 compiler-timeout=1 reference-disagreement=1785 same=27503 tree-difference=7
[29422/100000] reference-disagreement wide:func-body:raw:real:LexerDiagnosticMessages:128 len=223 artifacts=63 advent-overaccept=48 advent-underaccept=13 compiler-timeout=1 reference-disagreement=1786 same=27567 tree-difference=7
[29473/100000] reference-disagreement wide:closure:block-comment:translated:testForwardSlashRegex8#1 len=96 artifacts=63 advent-overaccept=48 advent-underaccept=13 compiler-timeout=1 reference-disagreement=1787 same=27617 tree-difference=7
[29490/100000] reference-disagreement wide:top:newline:attribute:testABIAttribute#15 len=26 artifacts=63 advent-overaccept=48 advent-underaccept=13 compiler-timeout=1 reference-disagreement=1788 same=27633 tree-difference=7
[29500/100000] same wide:closure:raw:translated:testEscapedIdentifiers13#1 len=120 artifacts=63 advent-overaccept=48 advent-underaccept=13 compiler-timeout=1 reference-disagreement=1788 same=27643 tree-difference=7
[29502/100000] reference-disagreement binding-pattern len=458 artifacts=63 advent-overaccept=48 advent-underaccept=13 compiler-timeout=1 reference-disagreement=1789 same=27644 tree-difference=7
[29505/100000] reference-disagreement wide:ifconfig:newline:reject:testModuleSelectorExpr#15 len=28 artifacts=63 advent-overaccept=48 advent-underaccept=13 compiler-timeout=1 reference-disagreement=1790 same=27646 tree-difference=7
[29514/100000] reference-disagreement attribute-ifconfig-elseif-list len=121 artifacts=63 advent-overaccept=48 advent-underaccept=13 compiler-timeout=1 reference-disagreement=1791 same=27654 tree-difference=7
[29519/100000] reference-disagreement wide:closure:newline+newline:real:LexerDiagnosticMessages:30 len=299 artifacts=63 advent-overaccept=48 advent-underaccept=13 compiler-timeout=1 reference-disagreement=1792 same=27658 tree-difference=7
[29520/100000] reference-disagreement tspl-divergence-protocol-body len=188 artifacts=63 advent-overaccept=48 advent-underaccept=13 compiler-timeout=1 reference-disagreement=1793 same=27658 tree-difference=7
[29529/100000] reference-disagreement wide:extension-member:space+newline+splice:real:SyntaxProtocol+Formatted:19 len=257 artifacts=63 advent-overaccept=48 advent-underaccept=13 compiler-timeout=1 reference-disagreement=1794 same=27666 tree-difference=7
[29542/100000] reference-disagreement tspl-divergence-protocol-body len=156 artifacts=63 advent-overaccept=48 advent-underaccept=13 compiler-timeout=1 reference-disagreement=1795 same=27678 tree-difference=7
[29554/100000] reference-disagreement wide:closure:glue:real:CallLikeSyntax:20+real:SyntaxCollections:2113 len=850 artifacts=63 advent-overaccept=48 advent-underaccept=13 compiler-timeout=1 reference-disagreement=1796 same=27689 tree-difference=7
[29583/100000] reference-disagreement wide:top:raw:translated:testSwitch32#1 len=522 artifacts=63 advent-overaccept=48 advent-underaccept=13 compiler-timeout=1 reference-disagreement=1797 same=27717 tree-difference=7
[29587/100000] reference-disagreement grammarish-member-list len=288 artifacts=63 advent-overaccept=48 advent-underaccept=13 compiler-timeout=1 reference-disagreement=1798 same=27720 tree-difference=7
[29588/100000] reference-disagreement nested-ifconfig-boundary len=113 artifacts=63 advent-overaccept=48 advent-underaccept=13 compiler-timeout=1 reference-disagreement=1799 same=27720 tree-difference=7
[29618/100000] reference-disagreement wide:extension-member:newline:real:SyntaxTraits:756 len=66 artifacts=63 advent-overaccept=48 advent-underaccept=13 compiler-timeout=1 reference-disagreement=1800 same=27749 tree-difference=7
[29625/100000] reference-disagreement statement-list len=458 artifacts=63 advent-overaccept=48 advent-underaccept=13 compiler-timeout=1 reference-disagreement=1801 same=27755 tree-difference=7
[29649/100000] reference-disagreement wide:struct-member:raw:real:CollectionNodes+Parsable:118+real:ResultBuilders:454 len=952 artifacts=63 advent-overaccept=48 advent-underaccept=13 compiler-timeout=1 reference-disagreement=1802 same=27778 tree-difference=7
[29651/100000] reference-disagreement wide:func-body:raw:real:Syntax+StringInterpolation:285 len=62 artifacts=63 advent-overaccept=48 advent-underaccept=13 compiler-timeout=1 reference-disagreement=1803 same=27779 tree-difference=7
[29653/100000] reference-disagreement member-list-wide-boundary len=257 artifacts=63 advent-overaccept=48 advent-underaccept=13 compiler-timeout=1 reference-disagreement=1804 same=27780 tree-difference=7
[29674/100000] reference-disagreement tspl-divergence-protocol-body len=130 artifacts=63 advent-overaccept=48 advent-underaccept=13 compiler-timeout=1 reference-disagreement=1805 same=27800 tree-difference=7
[29683/100000] reference-disagreement grammarish-member-list len=109 artifacts=63 advent-overaccept=48 advent-underaccept=13 compiler-timeout=1 reference-disagreement=1806 same=27808 tree-difference=7
[29685/100000] reference-disagreement member-list-wide-boundary len=385 artifacts=63 advent-overaccept=48 advent-underaccept=13 compiler-timeout=1 reference-disagreement=1807 same=27809 tree-difference=7
[29686/100000] reference-disagreement wide:trailing-closure:splice:real:Syntax+Assertions:158 len=521 artifacts=63 advent-overaccept=48 advent-underaccept=13 compiler-timeout=1 reference-disagreement=1808 same=27809 tree-difference=7
[29719/100000] reference-disagreement wide:func-body:duplicate+line-comment+newline:translated:testOperators19#1 len=100 artifacts=63 advent-overaccept=48 advent-underaccept=13 compiler-timeout=1 reference-disagreement=1809 same=27841 tree-difference=7
[29724/100000] reference-disagreement wide:closure:newline+newline+glue:declaration:testOperators#2 len=297 artifacts=63 advent-overaccept=48 advent-underaccept=13 compiler-timeout=1 reference-disagreement=1810 same=27845 tree-difference=7
[29731/100000] reference-disagreement tspl-divergence-accessor-commitment len=49 artifacts=63 advent-overaccept=48 advent-underaccept=13 compiler-timeout=1 reference-disagreement=1811 same=27851 tree-difference=7
[29748/100000] reference-disagreement wide:trailing-closure:glue:real:SyntaxCollections:732+real:RawSyntaxNodesEF:17 len=567 artifacts=63 advent-overaccept=48 advent-underaccept=13 compiler-timeout=1 reference-disagreement=1812 same=27867 tree-difference=7
[29750/100000] same macro-pound-boundary len=81 artifacts=63 advent-overaccept=48 advent-underaccept=13 compiler-timeout=1 reference-disagreement=1812 same=27869 tree-difference=7
[29766/100000] reference-disagreement statement-list len=649 artifacts=63 advent-overaccept=48 advent-underaccept=13 compiler-timeout=1 reference-disagreement=1813 same=27884 tree-difference=7
[29772/100000] advent-underaccept wide:struct-member:block-comment+line-comment:reject:testAccessLevelModifier#1 len=309 artifacts=64 advent-overaccept=48 advent-underaccept=14 compiler-timeout=1 reference-disagreement=1813 same=27889 tree-difference=7
[29834/100000] reference-disagreement wide:extension-member:raw:real:DeclSyntaxParseable:45 len=77 artifacts=64 advent-overaccept=48 advent-underaccept=14 compiler-timeout=1 reference-disagreement=1814 same=27950 tree-difference=7
[29849/100000] reference-disagreement tspl-divergence-accessor-commitment len=78 artifacts=64 advent-overaccept=48 advent-underaccept=14 compiler-timeout=1 reference-disagreement=1815 same=27964 tree-difference=7
[29859/100000] reference-disagreement wide:trailing-closure:block-comment+glue+glue:real:RawSyntaxNodesEF:17 len=81 artifacts=64 advent-overaccept=48 advent-underaccept=14 compiler-timeout=1 reference-disagreement=1816 same=27973 tree-difference=7
[29866/100000] reference-disagreement binding-pattern len=458 artifacts=64 advent-overaccept=48 advent-underaccept=14 compiler-timeout=1 reference-disagreement=1817 same=27979 tree-difference=7
[29889/100000] reference-disagreement wide:closure:line-comment:real:LayoutNodes+Parsable:127 len=201 artifacts=64 advent-overaccept=48 advent-underaccept=14 compiler-timeout=1 reference-disagreement=1818 same=28001 tree-difference=7
[29891/100000] reference-disagreement wide:trailing-closure:duplicate:phase4-type:generic-call len=29 artifacts=64 advent-overaccept=48 advent-underaccept=14 compiler-timeout=1 reference-disagreement=1819 same=28002 tree-difference=7
[29893/100000] reference-disagreement wide:trailing-closure:glue+space+glue:real:SwiftSyntaxCompatibility:425 len=73 artifacts=64 advent-overaccept=48 advent-underaccept=14 compiler-timeout=1 reference-disagreement=1820 same=28003 tree-difference=7
[29896/100000] reference-disagreement tspl-divergence-protocol-body len=202 artifacts=64 advent-overaccept=48 advent-underaccept=14 compiler-timeout=1 reference-disagreement=1821 same=28005 tree-difference=7
[29914/100000] reference-disagreement wide:func-body:raw:translated:testInvalidStringInterpolationProtocol5#1 len=258 artifacts=64 advent-overaccept=48 advent-underaccept=14 compiler-timeout=1 reference-disagreement=1822 same=28022 tree-difference=7
[29938/100000] reference-disagreement wide:trailing-closure:newline:real:SourceEdit:112 len=438 artifacts=64 advent-overaccept=48 advent-underaccept=14 compiler-timeout=1 reference-disagreement=1823 same=28045 tree-difference=7
[29968/100000] reference-disagreement cast-try-operator-cluster len=24 artifacts=64 advent-overaccept=48 advent-underaccept=14 compiler-timeout=1 reference-disagreement=1824 same=28074 tree-difference=7
[29972/100000] advent-underaccept wide:top:newline+splice:translated:testForwardSlashRegex168#1 len=9 artifacts=65 advent-overaccept=48 advent-underaccept=15 compiler-timeout=1 reference-disagreement=1824 same=28077 tree-difference=7
[29979/100000] reference-disagreement wide:func-body:block-comment+newline+line-comment:real:Cursor:19 len=395 artifacts=65 advent-overaccept=48 advent-underaccept=15 compiler-timeout=1 reference-disagreement=1825 same=28083 tree-difference=7
[29988/100000] reference-disagreement wide:struct-member:raw:real:ParserDiagnosticMessages:48 len=355 artifacts=65 advent-overaccept=48 advent-underaccept=15 compiler-timeout=1 reference-disagreement=1826 same=28091 tree-difference=7
[30000/100000] same type-let len=75 artifacts=65 advent-overaccept=48 advent-underaccept=15 compiler-timeout=1 reference-disagreement=1826 same=28103 tree-difference=7
[30004/100000] reference-disagreement wide:trailing-closure:line-comment:real:SyntaxTraits:643 len=232 artifacts=65 advent-overaccept=48 advent-underaccept=15 compiler-timeout=1 reference-disagreement=1827 same=28106 tree-difference=7
[30021/100000] reference-disagreement keypath-component-matrix len=34 artifacts=65 advent-overaccept=48 advent-underaccept=15 compiler-timeout=1 reference-disagreement=1828 same=28122 tree-difference=7
[30046/100000] reference-disagreement wide:struct-member:raw:real:Parser:447 len=50 artifacts=65 advent-overaccept=48 advent-underaccept=15 compiler-timeout=1 reference-disagreement=1829 same=28146 tree-difference=7
[30057/100000] reference-disagreement wide:closure:line-comment:translated:testOriginalDefinedInAttr8#1+real:ConvenienceInitializers:230 len=252 artifacts=65 advent-overaccept=48 advent-underaccept=15 compiler-timeout=1 reference-disagreement=1830 same=28156 tree-difference=7
[30070/100000] reference-disagreement wide:func-body:block-comment:phase4-attr:attr-extension len=41 artifacts=65 advent-overaccept=48 advent-underaccept=15 compiler-timeout=1 reference-disagreement=1831 same=28168 tree-difference=7
[30083/100000] reference-disagreement wide:after-statement:raw:phase4-macro:macro-generic+expression:testKeyPathMethodAndInitializers#8 len=51 artifacts=65 advent-overaccept=48 advent-underaccept=15 compiler-timeout=1 reference-disagreement=1832 same=28180 tree-difference=7
[30102/100000] reference-disagreement wide:trailing-closure:block-comment+line-comment:translated:testOperators27#1 len=98 artifacts=65 advent-overaccept=48 advent-underaccept=15 compiler-timeout=1 reference-disagreement=1833 same=28198 tree-difference=7
[30113/100000] reference-disagreement wide:extension-member:newline:real:SyntaxExpressibleByStringInterpolationConformances:145 len=168 artifacts=65 advent-overaccept=48 advent-underaccept=15 compiler-timeout=1 reference-disagreement=1834 same=28208 tree-difference=7
[30130/100000] reference-disagreement wide:after-statement:newline+delete+newline:translated:testOperators31#1 len=41 artifacts=65 advent-overaccept=48 advent-underaccept=15 compiler-timeout=1 reference-disagreement=1835 same=28224 tree-difference=7
[30168/100000] reference-disagreement wide:trailing-closure:newline+newline+line-comment:translated:testForwardSlashRegex10#1 len=84 artifacts=65 advent-overaccept=48 advent-underaccept=15 compiler-timeout=1 reference-disagreement=1836 same=28261 tree-difference=7
[30189/100000] reference-disagreement tspl-divergence-protocol-body len=97 artifacts=65 advent-overaccept=48 advent-underaccept=15 compiler-timeout=1 reference-disagreement=1837 same=28281 tree-difference=7
[30192/100000] reference-disagreement wide:closure:newline+glue+newline:real:RawSyntax:958 len=361 artifacts=65 advent-overaccept=48 advent-underaccept=15 compiler-timeout=1 reference-disagreement=1838 same=28283 tree-difference=7
[30208/100000] reference-disagreement wide:interpolation:newline+block-comment:expression:testClosureParameterWithAttribute#2 len=39 artifacts=65 advent-overaccept=48 advent-underaccept=15 compiler-timeout=1 reference-disagreement=1839 same=28298 tree-difference=7
[30214/100000] reference-disagreement wide:trailing-closure:keyword+line-comment:declaration:testAttributedMacroExpansionDeclaration#7 len=57 artifacts=65 advent-overaccept=48 advent-underaccept=15 compiler-timeout=1 reference-disagreement=1840 same=28303 tree-difference=7
[30238/100000] reference-disagreement wide:top:duplicate+space:real:ParserDiagnosticMessages:391 len=239 artifacts=65 advent-overaccept=48 advent-underaccept=15 compiler-timeout=1 reference-disagreement=1841 same=28326 tree-difference=7
[30245/100000] reference-disagreement member-list-wide-boundary len=167 artifacts=65 advent-overaccept=48 advent-underaccept=15 compiler-timeout=1 reference-disagreement=1842 same=28332 tree-difference=7
[30250/100000] same closure-label len=59 artifacts=65 advent-overaccept=48 advent-underaccept=15 compiler-timeout=1 reference-disagreement=1842 same=28337 tree-difference=7
[30256/100000] reference-disagreement seed-corpus-structural-splice:preconcurrency-import len=79 artifacts=65 advent-overaccept=48 advent-underaccept=15 compiler-timeout=1 reference-disagreement=1843 same=28342 tree-difference=7
[30262/100000] reference-disagreement wide:trailing-closure:raw:translated:testOperatorDeclDesignatedTypes15#1 len=69 artifacts=65 advent-overaccept=48 advent-underaccept=15 compiler-timeout=1 reference-disagreement=1844 same=28347 tree-difference=7
[30276/100000] reference-disagreement cast-try-operator-cluster len=24 artifacts=65 advent-overaccept=48 advent-underaccept=15 compiler-timeout=1 reference-disagreement=1845 same=28360 tree-difference=7
[30281/100000] reference-disagreement keypath-boundary len=33 artifacts=65 advent-overaccept=48 advent-underaccept=15 compiler-timeout=1 reference-disagreement=1846 same=28364 tree-difference=7
[30282/100000] reference-disagreement wide:struct-member:newline:attribute:testUnavailableFromAsync#3 len=66 artifacts=65 advent-overaccept=48 advent-underaccept=15 compiler-timeout=1 reference-disagreement=1847 same=28364 tree-difference=7
[30302/100000] reference-disagreement tspl-divergence-accessor-commitment len=78 artifacts=65 advent-overaccept=48 advent-underaccept=15 compiler-timeout=1 reference-disagreement=1848 same=28383 tree-difference=7
[30322/100000] reference-disagreement seed-corpus-structural-splice:extension-optional-type len=134 artifacts=65 advent-overaccept=48 advent-underaccept=15 compiler-timeout=1 reference-disagreement=1849 same=28402 tree-difference=7
[30327/100000] reference-disagreement member-list-wide-boundary len=379 artifacts=65 advent-overaccept=48 advent-underaccept=15 compiler-timeout=1 reference-disagreement=1850 same=28406 tree-difference=7
[30344/100000] reference-disagreement tspl-divergence-protocol-body len=168 artifacts=65 advent-overaccept=48 advent-underaccept=15 compiler-timeout=1 reference-disagreement=1851 same=28422 tree-difference=7
[30347/100000] reference-disagreement wide:extension-member:raw:real:SyntaxNodeWithBody:100 len=69 artifacts=65 advent-overaccept=48 advent-underaccept=15 compiler-timeout=1 reference-disagreement=1852 same=28424 tree-difference=7
[30348/100000] reference-disagreement wide:trailing-closure:raw:translated:testForwardSlashRegex9#1 len=76 artifacts=65 advent-overaccept=48 advent-underaccept=15 compiler-timeout=1 reference-disagreement=1853 same=28424 tree-difference=7
[30385/100000] reference-disagreement grammarish-member-list len=328 artifacts=65 advent-overaccept=48 advent-underaccept=15 compiler-timeout=1 reference-disagreement=1854 same=28460 tree-difference=7
[30398/100000] reference-disagreement wide:closure:newline:real:SyntaxEditUtils:166 len=303 artifacts=65 advent-overaccept=48 advent-underaccept=15 compiler-timeout=1 reference-disagreement=1855 same=28472 tree-difference=7
[30405/100000] reference-disagreement nested-ifconfig-boundary len=117 artifacts=65 advent-overaccept=48 advent-underaccept=15 compiler-timeout=1 reference-disagreement=1856 same=28478 tree-difference=7
[30451/100000] reference-disagreement tspl-divergence-protocol-body len=168 artifacts=65 advent-overaccept=48 advent-underaccept=15 compiler-timeout=1 reference-disagreement=1857 same=28523 tree-difference=7
[30481/100000] reference-disagreement wide:extension-member:newline+newline+line-comment:real:LayoutNodes+Parsable:79 len=197 artifacts=65 advent-overaccept=48 advent-underaccept=15 compiler-timeout=1 reference-disagreement=1858 same=28552 tree-difference=7
[30500/100000] same wide:after-statement:raw:type:testTypedThrows#2 len=61 artifacts=65 advent-overaccept=48 advent-underaccept=15 compiler-timeout=1 reference-disagreement=1858 same=28571 tree-difference=7
[30506/100000] reference-disagreement wide:struct-member:newline:real:DeclSyntaxParseable:25+translated:testForwardSlashRegexSkipping15#1 len=775 artifacts=65 advent-overaccept=48 advent-underaccept=15 compiler-timeout=1 reference-disagreement=1859 same=28576 tree-difference=7
[30521/100000] reference-disagreement wide:extension-member:raw:real:WarningControlDeclSyntax:87 len=324 artifacts=65 advent-overaccept=48 advent-underaccept=15 compiler-timeout=1 reference-disagreement=1860 same=28590 tree-difference=7
[30527/100000] reference-disagreement wide:interpolation:raw:translated:testAvailabilityQuery19#1 len=53 artifacts=65 advent-overaccept=48 advent-underaccept=15 compiler-timeout=1 reference-disagreement=1861 same=28595 tree-difference=7
[30539/100000] reference-disagreement tspl-divergence-protocol-body len=221 artifacts=65 advent-overaccept=48 advent-underaccept=15 compiler-timeout=1 reference-disagreement=1862 same=28606 tree-difference=7
[30568/100000] reference-disagreement wide:trailing-closure:raw:real:Syntax+StringInterpolation:498 len=1000 artifacts=65 advent-overaccept=48 advent-underaccept=15 compiler-timeout=1 reference-disagreement=1863 same=28634 tree-difference=7
[30572/100000] reference-disagreement wide:func-body:glue+keyword+newline:translated:testAsCaseStmt#1+real:ConvenienceInitializers:230 len=245 artifacts=65 advent-overaccept=48 advent-underaccept=15 compiler-timeout=1 reference-disagreement=1864 same=28637 tree-difference=7
[30573/100000] reference-disagreement wide:trailing-closure:raw:real:ParserDiagnosticMessages:758+real:CharacterInfo:13 len=782 artifacts=65 advent-overaccept=48 advent-underaccept=15 compiler-timeout=1 reference-disagreement=1865 same=28637 tree-difference=7
[30591/100000] reference-disagreement attribute-ifconfig-elseif-list len=120 artifacts=65 advent-overaccept=48 advent-underaccept=15 compiler-timeout=1 reference-disagreement=1866 same=28654 tree-difference=7
[30603/100000] reference-disagreement wide:closure:newline:phase4-precedence:pg-two-names len=60 artifacts=65 advent-overaccept=48 advent-underaccept=15 compiler-timeout=1 reference-disagreement=1867 same=28665 tree-difference=7
[30612/100000] reference-disagreement wide:extension-member:raw:reject:testEnum11#1 len=74 artifacts=65 advent-overaccept=48 advent-underaccept=15 compiler-timeout=1 reference-disagreement=1868 same=28673 tree-difference=7
[30622/100000] reference-disagreement grammarish-member-list len=179 artifacts=65 advent-overaccept=48 advent-underaccept=15 compiler-timeout=1 reference-disagreement=1869 same=28682 tree-difference=7
[30642/100000] reference-disagreement declaration-modifier-stack len=34 artifacts=65 advent-overaccept=48 advent-underaccept=15 compiler-timeout=1 reference-disagreement=1870 same=28701 tree-difference=7
[30643/100000] reference-disagreement wide:struct-member:glue+block-comment+newline:translated:testForwardSlashRegex9#1 len=92 artifacts=65 advent-overaccept=48 advent-underaccept=15 compiler-timeout=1 reference-disagreement=1871 same=28701 tree-difference=7
[30660/100000] reference-disagreement wide:extension-member:raw:real:SyntaxExpressibleByStringInterpolationConformances:118 len=173 artifacts=65 advent-overaccept=48 advent-underaccept=15 compiler-timeout=1 reference-disagreement=1872 same=28717 tree-difference=7
[30667/100000] reference-disagreement wide:after-statement:raw:expression:testClosureParameterWithModifier#1+phase3-enum-case:case-assoc-label len=70 artifacts=65 advent-overaccept=48 advent-underaccept=15 compiler-timeout=1 reference-disagreement=1873 same=28723 tree-difference=7
[30685/100000] reference-disagreement wide:trailing-closure:space+space:expression:testClosureParameterWithModifier#1 len=37 artifacts=65 advent-overaccept=48 advent-underaccept=15 compiler-timeout=1 reference-disagreement=1874 same=28740 tree-difference=7
[30723/100000] reference-disagreement member-list-wide-boundary len=244 artifacts=65 advent-overaccept=48 advent-underaccept=15 compiler-timeout=1 reference-disagreement=1875 same=28777 tree-difference=7
[30738/100000] reference-disagreement wide:before-statement:newline+line-comment+keyword:declaration:testUsing#1 len=34 artifacts=65 advent-overaccept=48 advent-underaccept=15 compiler-timeout=1 reference-disagreement=1876 same=28791 tree-difference=7
[30750/100000] same wide:top:raw:translated:testTry34#1 len=239 artifacts=65 advent-overaccept=48 advent-underaccept=15 compiler-timeout=1 reference-disagreement=1876 same=28803 tree-difference=7
[30759/100000] reference-disagreement tspl-divergence-protocol-body len=202 artifacts=65 advent-overaccept=48 advent-underaccept=15 compiler-timeout=1 reference-disagreement=1877 same=28811 tree-difference=7
[30767/100000] reference-disagreement tspl-divergence-protocol-body len=98 artifacts=65 advent-overaccept=48 advent-underaccept=15 compiler-timeout=1 reference-disagreement=1878 same=28818 tree-difference=7
[30798/100000] reference-disagreement wide:trailing-closure:block-comment+newline:real:ParseSourceFile:145 len=442 artifacts=65 advent-overaccept=48 advent-underaccept=15 compiler-timeout=1 reference-disagreement=1879 same=28848 tree-difference=7
[30811/100000] reference-disagreement statement-list len=542 artifacts=65 advent-overaccept=48 advent-underaccept=15 compiler-timeout=1 reference-disagreement=1880 same=28860 tree-difference=7
[30845/100000] reference-disagreement wide:trailing-closure:block-comment+space:real:DiagnosticExtensions:23 len=941 artifacts=65 advent-overaccept=48 advent-underaccept=15 compiler-timeout=1 reference-disagreement=1881 same=28893 tree-difference=7
[30853/100000] reference-disagreement seed-corpus-wrapped:extension-optional-type len=77 artifacts=65 advent-overaccept=48 advent-underaccept=15 compiler-timeout=1 reference-disagreement=1882 same=28900 tree-difference=7
[30876/100000] reference-disagreement wide:trailing-closure:raw:translated:testMultilineString34#1+real:BuildableNodes:1301 len=1079 artifacts=65 advent-overaccept=48 advent-underaccept=15 compiler-timeout=1 reference-disagreement=1883 same=28922 tree-difference=7
[30879/100000] reference-disagreement member-list-wide-boundary len=613 artifacts=65 advent-overaccept=48 advent-underaccept=15 compiler-timeout=1 reference-disagreement=1884 same=28924 tree-difference=7
[30883/100000] reference-disagreement wide:after-statement:swap:expression:testBorrowExpression#8 len=30 artifacts=65 advent-overaccept=48 advent-underaccept=15 compiler-timeout=1 reference-disagreement=1885 same=28927 tree-difference=7
[30891/100000] reference-disagreement wide:extension-member:raw:real:ResultBuilders:167 len=220 artifacts=65 advent-overaccept=48 advent-underaccept=15 compiler-timeout=1 reference-disagreement=1886 same=28934 tree-difference=7
[30894/100000] reference-disagreement wide:trailing-closure:raw:translated:testAsync16#1 len=42 artifacts=65 advent-overaccept=48 advent-underaccept=15 compiler-timeout=1 reference-disagreement=1887 same=28936 tree-difference=7
[30911/100000] reference-disagreement grammarish-member-list len=197 artifacts=65 advent-overaccept=48 advent-underaccept=15 compiler-timeout=1 reference-disagreement=1888 same=28952 tree-difference=7
[30919/100000] reference-disagreement keypath-component-matrix len=41 artifacts=65 advent-overaccept=48 advent-underaccept=15 compiler-timeout=1 reference-disagreement=1889 same=28959 tree-difference=7
[30922/100000] reference-disagreement wide:closure:duplicate:declaration:testClassParsing#2 len=125 artifacts=65 advent-overaccept=48 advent-underaccept=15 compiler-timeout=1 reference-disagreement=1890 same=28961 tree-difference=7
[30930/100000] reference-disagreement wide:closure:raw:real:OperatorTable+Semantics:74+translated:testMultilineString4#1 len=445 artifacts=65 advent-overaccept=48 advent-underaccept=15 compiler-timeout=1 reference-disagreement=1891 same=28968 tree-difference=7
[30984/100000] reference-disagreement wide:func-body:line-comment+keyword+newline:real:LayoutNodes+Parsable:71 len=221 artifacts=65 advent-overaccept=48 advent-underaccept=15 compiler-timeout=1 reference-disagreement=1892 same=29021 tree-difference=7
[30993/100000] reference-disagreement wide:trailing-closure:space:real:ResultBuilders:579 len=727 artifacts=65 advent-overaccept=48 advent-underaccept=15 compiler-timeout=1 reference-disagreement=1893 same=29029 tree-difference=7
[30997/100000] reference-disagreement wide:extension-member:newline:declaration:testOperators#2+translated:testForeachAsync1#1 len=313 artifacts=65 advent-overaccept=48 advent-underaccept=15 compiler-timeout=1 reference-disagreement=1894 same=29032 tree-difference=7
[31000/100000] same enum-case-pattern-boundary len=163 artifacts=65 advent-overaccept=48 advent-underaccept=15 compiler-timeout=1 reference-disagreement=1894 same=29035 tree-difference=7
[31003/100000] reference-disagreement wide:trailing-closure:line-comment:real:DeclSyntaxParseable:61+real:SyntaxTraits:181 len=778 artifacts=65 advent-overaccept=48 advent-underaccept=15 compiler-timeout=1 reference-disagreement=1895 same=29037 tree-difference=7
[31060/100000] reference-disagreement wide:extension-member:splice:real:BuildableNodes:1017 len=1083 artifacts=65 advent-overaccept=48 advent-underaccept=15 compiler-timeout=1 reference-disagreement=1896 same=29093 tree-difference=7
[31073/100000] reference-disagreement wide:trailing-closure:keyword:real:ConvenienceInitializers:397+translated:testEffectfulProperties14#1 len=860 artifacts=65 advent-overaccept=48 advent-underaccept=15 compiler-timeout=1 reference-disagreement=1897 same=29105 tree-difference=7
[31093/100000] reference-disagreement wide:struct-member:raw:phase4-precedence:postfix-op len=47 artifacts=65 advent-overaccept=48 advent-underaccept=15 compiler-timeout=1 reference-disagreement=1898 same=29124 tree-difference=7
[31120/100000] advent-underaccept wide:top:splice:real:ParserDiagnosticMessages:339 len=654 artifacts=66 advent-overaccept=48 advent-underaccept=16 compiler-timeout=1 reference-disagreement=1898 same=29150 tree-difference=7
[31143/100000] reference-disagreement statement-list len=588 artifacts=66 advent-overaccept=48 advent-underaccept=16 compiler-timeout=1 reference-disagreement=1899 same=29172 tree-difference=7
[31152/100000] reference-disagreement wide:closure:raw:real:MacroExpansionContext:202 len=191 artifacts=66 advent-overaccept=48 advent-underaccept=16 compiler-timeout=1 reference-disagreement=1900 same=29180 tree-difference=7
[31167/100000] reference-disagreement wide:struct-member:delete+line-comment+glue:real:ResultBuilderExtensions:117 len=357 artifacts=66 advent-overaccept=48 advent-underaccept=16 compiler-timeout=1 reference-disagreement=1901 same=29194 tree-difference=7
[31169/100000] reference-disagreement wide:closure:newline+swap:real:LocationMarkers:32 len=350 artifacts=66 advent-overaccept=48 advent-underaccept=16 compiler-timeout=1 reference-disagreement=1902 same=29195 tree-difference=7
[31198/100000] reference-disagreement wide:trailing-closure:newline+block-comment:translated:testEnum12#1 len=54 artifacts=66 advent-overaccept=48 advent-underaccept=16 compiler-timeout=1 reference-disagreement=1903 same=29223 tree-difference=7
[31199/100000] reference-disagreement wide:closure:line-comment+keyword+newline:translated:testRecovery12#1 len=82 artifacts=66 advent-overaccept=48 advent-underaccept=16 compiler-timeout=1 reference-disagreement=1904 same=29223 tree-difference=7
[31215/100000] reference-disagreement attribute-ifconfig-elseif-list len=138 artifacts=66 advent-overaccept=48 advent-underaccept=16 compiler-timeout=1 reference-disagreement=1905 same=29238 tree-difference=7
[31223/100000] reference-disagreement wide:func-body:keyword+newline:translated:testDebugger1#1+real:ParserDiagnosticMessages:562 len=263 artifacts=66 advent-overaccept=48 advent-underaccept=16 compiler-timeout=1 reference-disagreement=1906 same=29245 tree-difference=7
[31228/100000] reference-disagreement statement-list len=629 artifacts=66 advent-overaccept=48 advent-underaccept=16 compiler-timeout=1 reference-disagreement=1907 same=29249 tree-difference=7
[31233/100000] reference-disagreement keypath-boundary len=40 artifacts=66 advent-overaccept=48 advent-underaccept=16 compiler-timeout=1 reference-disagreement=1908 same=29253 tree-difference=7
[31236/100000] reference-disagreement member-list-wide-boundary len=362 artifacts=66 advent-overaccept=48 advent-underaccept=16 compiler-timeout=1 reference-disagreement=1909 same=29255 tree-difference=7
[31244/100000] reference-disagreement cast-try-operator-cluster len=24 artifacts=66 advent-overaccept=48 advent-underaccept=16 compiler-timeout=1 reference-disagreement=1910 same=29262 tree-difference=7
[31250/100000] same wide:extension-member:line-comment+newline+block-comment:phase3-modifier:open-class+translated:testModuleSelectorExpr#1 len=64 artifacts=66 advent-overaccept=48 advent-underaccept=16 compiler-timeout=1 reference-disagreement=1910 same=29268 tree-difference=7
[31266/100000] reference-disagreement wide:ifconfig:duplicate+glue+keyword:real:RawSyntaxTokenView:13 len=424 artifacts=66 advent-overaccept=48 advent-underaccept=16 compiler-timeout=1 reference-disagreement=1911 same=29283 tree-difference=7
[31268/100000] reference-disagreement wide:extension-member:raw:real:SyntaxExpressibleByStringInterpolationConformances:154 len=181 artifacts=66 advent-overaccept=48 advent-underaccept=16 compiler-timeout=1 reference-disagreement=1912 same=29284 tree-difference=7
[31271/100000] reference-disagreement tspl-divergence-accessor-commitment len=78 artifacts=66 advent-overaccept=48 advent-underaccept=16 compiler-timeout=1 reference-disagreement=1913 same=29286 tree-difference=7
[31278/100000] reference-disagreement wide:closure:glue+line-comment+block-comment:translated:testDeprecatedWhere10#1 len=137 artifacts=66 advent-overaccept=48 advent-underaccept=16 compiler-timeout=1 reference-disagreement=1914 same=29292 tree-difference=7
[31281/100000] reference-disagreement nested-ifconfig-boundary len=113 artifacts=66 advent-overaccept=48 advent-underaccept=16 compiler-timeout=1 reference-disagreement=1915 same=29294 tree-difference=7
[31326/100000] reference-disagreement tspl-divergence-protocol-body len=217 artifacts=66 advent-overaccept=48 advent-underaccept=16 compiler-timeout=1 reference-disagreement=1916 same=29338 tree-difference=7
[31336/100000] reference-disagreement wide:closure:glue+line-comment+block-comment:real:ResultBuilders:732 len=216 artifacts=66 advent-overaccept=48 advent-underaccept=16 compiler-timeout=1 reference-disagreement=1917 same=29347 tree-difference=7
[31344/100000] reference-disagreement wide:closure:raw:real:DeclSyntaxParseable:47 len=71 artifacts=66 advent-overaccept=48 advent-underaccept=16 compiler-timeout=1 reference-disagreement=1918 same=29354 tree-difference=7
[31357/100000] reference-disagreement attribute-boundary len=50 artifacts=66 advent-overaccept=48 advent-underaccept=16 compiler-timeout=1 reference-disagreement=1919 same=29366 tree-difference=7
[31361/100000] reference-disagreement member-list-wide-boundary len=148 artifacts=66 advent-overaccept=48 advent-underaccept=16 compiler-timeout=1 reference-disagreement=1920 same=29369 tree-difference=7
[31383/100000] reference-disagreement keypath-component-matrix len=37 artifacts=66 advent-overaccept=48 advent-underaccept=16 compiler-timeout=1 reference-disagreement=1921 same=29390 tree-difference=7
[31387/100000] reference-disagreement wide:trailing-closure:newline:translated:testDeprecatedWhere11#1 len=248 artifacts=66 advent-overaccept=48 advent-underaccept=16 compiler-timeout=1 reference-disagreement=1922 same=29393 tree-difference=7
[31391/100000] reference-disagreement wide:struct-member:newline+block-comment:phase4-precedence:pg-assignment len=59 artifacts=66 advent-overaccept=48 advent-underaccept=16 compiler-timeout=1 reference-disagreement=1923 same=29396 tree-difference=7
[31438/100000] reference-disagreement wide:after-statement:keyword+block-comment:real:SwiftSyntaxCompatibility:259 len=239 artifacts=66 advent-overaccept=48 advent-underaccept=16 compiler-timeout=1 reference-disagreement=1924 same=29442 tree-difference=7
[31440/100000] reference-disagreement wide:trailing-closure:raw:real:WarningControlRegionBuilder:91 len=265 artifacts=66 advent-overaccept=48 advent-underaccept=16 compiler-timeout=1 reference-disagreement=1925 same=29443 tree-difference=7
[31444/100000] reference-disagreement tspl-divergence-protocol-body len=103 artifacts=66 advent-overaccept=48 advent-underaccept=16 compiler-timeout=1 reference-disagreement=1926 same=29446 tree-difference=7
[31453/100000] reference-disagreement binding-pattern len=458 artifacts=66 advent-overaccept=48 advent-underaccept=16 compiler-timeout=1 reference-disagreement=1927 same=29454 tree-difference=7
[31457/100000] reference-disagreement wide:struct-member:glue+splice:real:CompilerPluginMessageHandler:287 len=379 artifacts=66 advent-overaccept=48 advent-underaccept=16 compiler-timeout=1 reference-disagreement=1928 same=29457 tree-difference=7
[31462/100000] reference-disagreement wide:extension-member:raw:real:SyntaxNodeWithBody:210 len=75 artifacts=66 advent-overaccept=48 advent-underaccept=16 compiler-timeout=1 reference-disagreement=1929 same=29461 tree-difference=7
[31466/100000] reference-disagreement member-list-wide-boundary len=250 artifacts=66 advent-overaccept=48 advent-underaccept=16 compiler-timeout=1 reference-disagreement=1930 same=29464 tree-difference=7
[31472/100000] reference-disagreement wide:trailing-closure:block-comment:phase3-modifier:final-public len=37 artifacts=66 advent-overaccept=48 advent-underaccept=16 compiler-timeout=1 reference-disagreement=1931 same=29469 tree-difference=7
[31490/100000] reference-disagreement cast-try-operator-cluster len=24 artifacts=66 advent-overaccept=48 advent-underaccept=16 compiler-timeout=1 reference-disagreement=1932 same=29486 tree-difference=7
[31492/100000] reference-disagreement wide:ifconfig:raw:translated:testDeprecatedWhere3#1+translated:testTypeExpr25t#1 len=348 artifacts=66 advent-overaccept=48 advent-underaccept=16 compiler-timeout=1 reference-disagreement=1933 same=29487 tree-difference=7
[31499/100000] reference-disagreement wide:func-body:raw:type:probeTildeAmpTight#1+real:Lexer:18 len=54 artifacts=66 advent-overaccept=48 advent-underaccept=16 compiler-timeout=1 reference-disagreement=1934 same=29493 tree-difference=7
[31500/100000] same frontier:condition-trailing-closure-scope len=467 artifacts=66 advent-overaccept=48 advent-underaccept=16 compiler-timeout=1 reference-disagreement=1934 same=29494 tree-difference=7
[31532/100000] reference-disagreement wide:func-body:newline+glue+splice:real:SyntaxCollections:1912 len=509 artifacts=66 advent-overaccept=48 advent-underaccept=16 compiler-timeout=1 reference-disagreement=1935 same=29525 tree-difference=7
[31580/100000] reference-disagreement attribute-ifconfig-elseif-list len=107 artifacts=66 advent-overaccept=48 advent-underaccept=16 compiler-timeout=1 reference-disagreement=1936 same=29572 tree-difference=7
[31582/100000] reference-disagreement wide:func-body:newline:real:SyntaxLiteralUtils:21 len=195 artifacts=66 advent-overaccept=48 advent-underaccept=16 compiler-timeout=1 reference-disagreement=1937 same=29573 tree-difference=7
[31583/100000] reference-disagreement wide:closure:line-comment:attribute:testTransposeAttribute#1 len=153 artifacts=66 advent-overaccept=48 advent-underaccept=16 compiler-timeout=1 reference-disagreement=1938 same=29573 tree-difference=7
[31585/100000] reference-disagreement wide:trailing-closure:raw:translated:testDeprecatedWhere5#1 len=275 artifacts=66 advent-overaccept=48 advent-underaccept=16 compiler-timeout=1 reference-disagreement=1939 same=29574 tree-difference=7
[31610/100000] reference-disagreement nested-ifconfig-boundary len=146 artifacts=66 advent-overaccept=48 advent-underaccept=16 compiler-timeout=1 reference-disagreement=1940 same=29598 tree-difference=7
[31657/100000] reference-disagreement attribute-ifconfig-elseif-list len=139 artifacts=66 advent-overaccept=48 advent-underaccept=16 compiler-timeout=1 reference-disagreement=1941 same=29644 tree-difference=7
[31660/100000] advent-overaccept wide:before-statement:raw:declaration:testInitializerWithReturnType#1+translated:testOriginalDefinedInAttr3#1 len=181 artifacts=66 advent-overaccept=49 advent-underaccept=16 compiler-timeout=1 reference-disagreement=1941 same=29646 tree-difference=7
[31689/100000] reference-disagreement tspl-divergence-protocol-body len=81 artifacts=66 advent-overaccept=49 advent-underaccept=16 compiler-timeout=1 reference-disagreement=1942 same=29674 tree-difference=7
[31709/100000] reference-disagreement grammarish-member-list len=202 artifacts=66 advent-overaccept=49 advent-underaccept=16 compiler-timeout=1 reference-disagreement=1943 same=29693 tree-difference=7
[31710/100000] reference-disagreement wide:trailing-closure:glue:real:Convenience:128 len=298 artifacts=66 advent-overaccept=49 advent-underaccept=16 compiler-timeout=1 reference-disagreement=1944 same=29693 tree-difference=7
[31715/100000] reference-disagreement wide:trailing-closure:raw:attribute:testMacroRoleNames#10 len=71 artifacts=66 advent-overaccept=49 advent-underaccept=16 compiler-timeout=1 reference-disagreement=1945 same=29697 tree-difference=7
[31722/100000] reference-disagreement wide:closure:raw:translated:testDollarIdentifier10#1+translated:testAvailabilityQuery23#1 len=238 artifacts=66 advent-overaccept=49 advent-underaccept=16 compiler-timeout=1 reference-disagreement=1946 same=29703 tree-difference=7
[31731/100000] reference-disagreement tspl-divergence-protocol-body len=246 artifacts=66 advent-overaccept=49 advent-underaccept=16 compiler-timeout=1 reference-disagreement=1947 same=29711 tree-difference=7
[31750/100000] same frontier:generic-member-type-shape len=283 artifacts=66 advent-overaccept=49 advent-underaccept=16 compiler-timeout=1 reference-disagreement=1947 same=29730 tree-difference=7
[31761/100000] reference-disagreement keypath-boundary len=38 artifacts=66 advent-overaccept=49 advent-underaccept=16 compiler-timeout=1 reference-disagreement=1948 same=29740 tree-difference=7
[31804/100000] reference-disagreement wide:extension-member:glue+block-comment:real:SyntaxBaseNodes:1346 len=695 artifacts=66 advent-overaccept=49 advent-underaccept=16 compiler-timeout=1 reference-disagreement=1949 same=29782 tree-difference=7
[31824/100000] reference-disagreement wide:struct-member:block-comment:real:SyntaxTraits:726 len=70 artifacts=66 advent-overaccept=49 advent-underaccept=16 compiler-timeout=1 reference-disagreement=1950 same=29801 tree-difference=7
[31857/100000] reference-disagreement wide:extension-member:raw:declaration:testParseIsolatedConformances#1 len=50 artifacts=66 advent-overaccept=49 advent-underaccept=16 compiler-timeout=1 reference-disagreement=1951 same=29833 tree-difference=7
[31866/100000] reference-disagreement declaration-modifier-stack len=34 artifacts=66 advent-overaccept=49 advent-underaccept=16 compiler-timeout=1 reference-disagreement=1952 same=29841 tree-difference=7
[31879/100000] reference-disagreement wide:struct-member:raw:declaration:testInitializerWithReturnType#2 len=36 artifacts=66 advent-overaccept=49 advent-underaccept=16 compiler-timeout=1 reference-disagreement=1953 same=29853 tree-difference=7
[31888/100000] reference-disagreement tspl-divergence-protocol-body len=165 artifacts=66 advent-overaccept=49 advent-underaccept=16 compiler-timeout=1 reference-disagreement=1954 same=29861 tree-difference=7
[31894/100000] reference-disagreement wide:closure:block-comment:translated:testSwitch33#1 len=133 artifacts=66 advent-overaccept=49 advent-underaccept=16 compiler-timeout=1 reference-disagreement=1955 same=29866 tree-difference=7
[31907/100000] reference-disagreement wide:ifconfig:newline+glue:translated:testAvailabilityQuery13#1 len=53 artifacts=66 advent-overaccept=49 advent-underaccept=16 compiler-timeout=1 reference-disagreement=1956 same=29878 tree-difference=7
[31916/100000] reference-disagreement wide:func-body:space:real:ANSIDiagnosticDecorator:13 len=174 artifacts=66 advent-overaccept=49 advent-underaccept=16 compiler-timeout=1 reference-disagreement=1957 same=29886 tree-difference=7
[31936/100000] reference-disagreement wide:trailing-closure:raw:real:SyntaxTraits:740 len=92 artifacts=66 advent-overaccept=49 advent-underaccept=16 compiler-timeout=1 reference-disagreement=1958 same=29905 tree-difference=7
[31954/100000] reference-disagreement wide:trailing-closure:keyword:reject:testRecovery19#1+phase4-macro:borrow len=55 artifacts=66 advent-overaccept=49 advent-underaccept=16 compiler-timeout=1 reference-disagreement=1959 same=29922 tree-difference=7
[31961/100000] reference-disagreement attribute-ifconfig-elseif-list len=123 artifacts=66 advent-overaccept=49 advent-underaccept=16 compiler-timeout=1 reference-disagreement=1960 same=29928 tree-difference=7
[31974/100000] reference-disagreement wide:top:newline+newline:declaration:testAttributedMacroExpansionDeclaration#8 len=42 artifacts=66 advent-overaccept=49 advent-underaccept=16 compiler-timeout=1 reference-disagreement=1961 same=29940 tree-difference=7
[31980/100000] reference-disagreement tspl-divergence-protocol-body len=178 artifacts=66 advent-overaccept=49 advent-underaccept=16 compiler-timeout=1 reference-disagreement=1962 same=29945 tree-difference=7
[31983/100000] reference-disagreement wide:trailing-closure:raw:real:SyntaxCollections:50 len=479 artifacts=66 advent-overaccept=49 advent-underaccept=16 compiler-timeout=1 reference-disagreement=1963 same=29947 tree-difference=7
[32000/100000] same wide:ifconfig:keyword+splice+splice:declaration:testSuppressedImplicitConformance#4+translated:testEnum39#1 len=124 artifacts=66 advent-overaccept=49 advent-underaccept=16 compiler-timeout=1 reference-disagreement=1963 same=29964 tree-difference=7
[32014/100000] reference-disagreement tspl-divergence-accessor-commitment len=49 artifacts=66 advent-overaccept=49 advent-underaccept=16 compiler-timeout=1 reference-disagreement=1964 same=29977 tree-difference=7
[32026/100000] reference-disagreement wide:closure:raw:statement:testDiscard#1+real:ParserDiagnosticMessages:782 len=283 artifacts=66 advent-overaccept=49 advent-underaccept=16 compiler-timeout=1 reference-disagreement=1965 same=29988 tree-difference=7
[32038/100000] reference-disagreement statement-list len=531 artifacts=66 advent-overaccept=49 advent-underaccept=16 compiler-timeout=1 reference-disagreement=1966 same=29999 tree-difference=7
[32043/100000] reference-disagreement wide:struct-member:line-comment:translated:testTry2#1 len=300 artifacts=66 advent-overaccept=49 advent-underaccept=16 compiler-timeout=1 reference-disagreement=1967 same=30003 tree-difference=7
[32049/100000] reference-disagreement wide:func-body:newline+space:real:BuildConfiguration:17 len=302 artifacts=66 advent-overaccept=49 advent-underaccept=16 compiler-timeout=1 reference-disagreement=1968 same=30008 tree-difference=7
[32066/100000] reference-disagreement member-list-wide-boundary len=422 artifacts=66 advent-overaccept=49 advent-underaccept=16 compiler-timeout=1 reference-disagreement=1969 same=30024 tree-difference=7
[32085/100000] reference-disagreement tspl-divergence-protocol-body len=235 artifacts=66 advent-overaccept=49 advent-underaccept=16 compiler-timeout=1 reference-disagreement=1970 same=30042 tree-difference=7
[32115/100000] reference-disagreement statement-list len=666 artifacts=66 advent-overaccept=49 advent-underaccept=16 compiler-timeout=1 reference-disagreement=1971 same=30071 tree-difference=7
[32132/100000] reference-disagreement tspl-divergence-protocol-body len=226 artifacts=66 advent-overaccept=49 advent-underaccept=16 compiler-timeout=1 reference-disagreement=1972 same=30087 tree-difference=7
[32134/100000] reference-disagreement wide:closure:line-comment+line-comment:real:SyntaxExpressibleByStringInterpolationConformances:37 len=192 artifacts=66 advent-overaccept=49 advent-underaccept=16 compiler-timeout=1 reference-disagreement=1973 same=30088 tree-difference=7
[32141/100000] reference-disagreement tspl-divergence-protocol-body len=194 artifacts=66 advent-overaccept=49 advent-underaccept=16 compiler-timeout=1 reference-disagreement=1974 same=30094 tree-difference=7
[32143/100000] reference-disagreement tspl-divergence-protocol-body len=266 artifacts=66 advent-overaccept=49 advent-underaccept=16 compiler-timeout=1 reference-disagreement=1975 same=30095 tree-difference=7
[32144/100000] reference-disagreement wide:closure:raw:declaration:testModifiedParameter#2+translated:testEnum37#1 len=239 artifacts=66 advent-overaccept=49 advent-underaccept=16 compiler-timeout=1 reference-disagreement=1976 same=30095 tree-difference=7
[32146/100000] reference-disagreement attribute-ifconfig-elseif-list len=118 artifacts=66 advent-overaccept=49 advent-underaccept=16 compiler-timeout=1 reference-disagreement=1977 same=30096 tree-difference=7
[32149/100000] reference-disagreement keypath-boundary len=37 artifacts=66 advent-overaccept=49 advent-underaccept=16 compiler-timeout=1 reference-disagreement=1978 same=30098 tree-difference=7
[32167/100000] reference-disagreement wide:extension-member:raw:real:Statements:785 len=906 artifacts=66 advent-overaccept=49 advent-underaccept=16 compiler-timeout=1 reference-disagreement=1979 same=30115 tree-difference=7
[32168/100000] reference-disagreement wide:func-body:newline:real:Diagnostics:55+type:testClosureParsing#3 len=389 artifacts=66 advent-overaccept=49 advent-underaccept=16 compiler-timeout=1 reference-disagreement=1980 same=30115 tree-difference=7
[32171/100000] reference-disagreement wide:struct-member:block-comment+newline:real:BuildConfiguration:311 len=336 artifacts=66 advent-overaccept=49 advent-underaccept=16 compiler-timeout=1 reference-disagreement=1981 same=30117 tree-difference=7
[32191/100000] reference-disagreement wide:extension-member:newline+block-comment+glue:translated:testRegexLikeOperator#1 len=42 artifacts=66 advent-overaccept=49 advent-underaccept=16 compiler-timeout=1 reference-disagreement=1982 same=30136 tree-difference=7
[32202/100000] reference-disagreement wide:before-statement:duplicate:phase4-macro:macro-args len=43 artifacts=66 advent-overaccept=49 advent-underaccept=16 compiler-timeout=1 reference-disagreement=1983 same=30146 tree-difference=7
[32203/100000] reference-disagreement member-list-wide-boundary len=254 artifacts=66 advent-overaccept=49 advent-underaccept=16 compiler-timeout=1 reference-disagreement=1984 same=30146 tree-difference=7
[32210/100000] reference-disagreement wide:struct-member:newline+line-comment:real:Utils:19 len=859 artifacts=66 advent-overaccept=49 advent-underaccept=16 compiler-timeout=1 refer