wide corpus: 4594 entries, 50% of inputs
frontier lanes: 20% of inputs
interesting corpus: 0 entries, 0% of inputs
run: /Users/janwillem/Developer/Xcode/ApusApus/SwiftSyntaxFuzzer/runs/worker-9/2026-10-07T08-39-21Z
seed: 3326660360666057020
iterations: 100000
probe mode: persistent
seed corpus: /Users/janwillem/Developer/Xcode/ApusApus/SwiftSyntaxFuzzer/seeds/known-problems.txt (63 entries)
artifact cap: 10000 files, 1024 MB
artifact statuses: advent-no-generated-tree,advent-overaccept,advent-underaccept,crash,invalid-probe-output,probe-error,residual-ambiguity,timeout,tree-difference
artifact cap per status: 500
artifact dedupe: signal
interesting passes: /Users/janwillem/Developer/Xcode/ApusApus/SwiftSyntaxFuzzer/runs/worker-9/2026-10-07T08-39-21Z/interesting.jsonl (cap 2000)
[1/100000] same frontier:parser-mode-scope len=95 artifacts=0 same=1
[13/100000] reference-disagreement wide:struct-member:swap+splice+newline:declaration:testBorrowingConsumingParameterSpecifiers#24 len=81 artifacts=0 reference-disagreement=1 same=12
[31/100000] reference-disagreement keypath-component-matrix len=40 artifacts=0 reference-disagreement=2 same=29
[33/100000] reference-disagreement declaration-modifier-stack len=34 artifacts=0 reference-disagreement=3 same=30
[35/100000] reference-disagreement wide:struct-member:glue+glue+newline:phase4-misc:unavail-cond len=66 artifacts=0 reference-disagreement=4 same=31
[55/100000] reference-disagreement tspl-divergence-protocol-body len=119 artifacts=0 reference-disagreement=5 same=50
[101/100000] reference-disagreement tspl-divergence-protocol-body len=226 artifacts=0 reference-disagreement=6 same=95
[114/100000] reference-disagreement wide:trailing-closure:raw:translated:testModuleSelectorCorrectCode#3+translated:testForwardSlashRegex127#1 len=205 artifacts=0 reference-disagreement=7 same=107
[122/100000] reference-disagreement wide:ifconfig:keyword:declaration:testModifiedParameter#1 len=54 artifacts=0 reference-disagreement=8 same=114
[126/100000] reference-disagreement wide:closure:newline+space+block-comment:real:SyntaxTraits:772 len=91 artifacts=0 reference-disagreement=9 same=117
[127/100000] reference-disagreement wide:func-body:newline+newline:translated:testDeprecatedWhere10#1 len=121 artifacts=0 reference-disagreement=10 same=117
[142/100000] reference-disagreement keypath-component-matrix len=34 artifacts=0 reference-disagreement=11 same=131
[151/100000] reference-disagreement wide:before-statement:swap+duplicate+newline:real:ParserDiagnosticMessages:407 len=301 artifacts=0 reference-disagreement=12 same=139
[160/100000] advent-overaccept wide:trailing-closure:raw:attribute:testABIAttribute#6+real:SyntaxTraits:694 len=113 artifacts=1 advent-overaccept=1 reference-disagreement=12 same=147
[161/100000] reference-disagreement tspl-divergence-protocol-body len=174 artifacts=1 advent-overaccept=1 reference-disagreement=13 same=147
[178/100000] reference-disagreement tspl-divergence-protocol-body len=130 artifacts=1 advent-overaccept=1 reference-disagreement=14 same=163
[187/100000] reference-disagreement wide:func-body:newline:real:SyntaxExpressibleByStringInterpolationConformances:49 len=95 artifacts=1 advent-overaccept=1 reference-disagreement=15 same=171
[190/100000] reference-disagreement grammarish-member-list len=276 artifacts=1 advent-overaccept=1 reference-disagreement=16 same=173
[198/100000] reference-disagreement wide:extension-member:line-comment:translated:testForwardSlashRegex1#1 len=81 artifacts=1 advent-overaccept=1 reference-disagreement=17 same=180
[206/100000] reference-disagreement member-list-wide-boundary len=249 artifacts=1 advent-overaccept=1 reference-disagreement=18 same=187
[221/100000] reference-disagreement wide:closure:block-comment+line-comment:type:testNonisolatedSpecifier#2+real:ResultBuilderExtensions:117 len=438 artifacts=1 advent-overaccept=1 reference-disagreement=19 same=201
[227/100000] advent-overaccept wide:before-statement:splice+newline+line-comment:real:SyntaxTraits:492 len=414 artifacts=2 advent-overaccept=2 reference-disagreement=19 same=206
[237/100000] reference-disagreement member-list-wide-boundary len=305 artifacts=2 advent-overaccept=2 reference-disagreement=20 same=215
[250/100000] same frontier:condition-trailing-closure-scope len=514 artifacts=2 advent-overaccept=2 reference-disagreement=20 same=228
[318/100000] reference-disagreement wide:func-body:raw:real:ResultBuilders:667 len=208 artifacts=2 advent-overaccept=2 reference-disagreement=21 same=295
[319/100000] reference-disagreement wide:extension-member:space+newline:translated:testForwardSlashRegexSkippingAllowed9#1 len=74 artifacts=2 advent-overaccept=2 reference-disagreement=22 same=295
[332/100000] reference-disagreement wide:closure:line-comment:expression:testKeyPathSubscript#2 len=40 artifacts=2 advent-overaccept=2 reference-disagreement=23 same=307
[348/100000] reference-disagreement member-list-wide-boundary len=101 artifacts=2 advent-overaccept=2 reference-disagreement=24 same=322
[375/100000] reference-disagreement wide:trailing-closure:raw:real:ManifestEditError:28 len=884 artifacts=2 advent-overaccept=2 reference-disagreement=25 same=348
[399/100000] reference-disagreement wide:trailing-closure:raw:real:StandardIOMessageConnection:27 len=39 artifacts=2 advent-overaccept=2 reference-disagreement=26 same=371
[414/100000] reference-disagreement wide:interpolation:swap:translated:testRegexParseError11#1 len=23 artifacts=2 advent-overaccept=2 reference-disagreement=27 same=385
[422/100000] reference-disagreement tspl-divergence-accessor-commitment len=78 artifacts=2 advent-overaccept=2 reference-disagreement=28 same=392
[430/100000] reference-disagreement wide:trailing-closure:splice:translated:testDiagnoseAvailability18#1+translated:testIdentifiers11#1 len=149 artifacts=2 advent-overaccept=2 reference-disagreement=29 same=399
[438/100000] reference-disagreement wide:struct-member:newline+space+space:real:SyntaxTraits:740 len=102 artifacts=2 advent-overaccept=2 reference-disagreement=30 same=406
[455/100000] reference-disagreement wide:func-body:raw:real:WarningGroupControl:16 len=233 artifacts=2 advent-overaccept=2 reference-disagreement=31 same=422
[466/100000] reference-disagreement attribute-ifconfig-elseif-list len=120 artifacts=2 advent-overaccept=2 reference-disagreement=32 same=432
[487/100000] reference-disagreement wide:func-body:raw:real:SyntaxExpressibleByStringInterpolationConformances:196 len=85 artifacts=2 advent-overaccept=2 reference-disagreement=33 same=452
[500/100000] same pattern-switch len=107 artifacts=2 advent-overaccept=2 reference-disagreement=33 same=465
[504/100000] reference-disagreement tspl-divergence-protocol-body len=187 artifacts=2 advent-overaccept=2 reference-disagreement=34 same=468
[539/100000] reference-disagreement tspl-divergence-protocol-body len=268 artifacts=2 advent-overaccept=2 reference-disagreement=35 same=502
[541/100000] reference-disagreement wide:func-body:newline+newline+block-comment:real:Descriptor:27 len=674 artifacts=2 advent-overaccept=2 reference-disagreement=36 same=503
[544/100000] reference-disagreement statement-list len=555 artifacts=2 advent-overaccept=2 reference-disagreement=37 same=505
[554/100000] reference-disagreement wide:closure:raw:real:BuildableNodes:825 len=914 artifacts=2 advent-overaccept=2 reference-disagreement=38 same=514
[557/100000] reference-disagreement tspl-divergence-protocol-body len=121 artifacts=2 advent-overaccept=2 reference-disagreement=39 same=516
[561/100000] reference-disagreement attribute-ifconfig-elseif-list len=111 artifacts=2 advent-overaccept=2 reference-disagreement=40 same=519
[564/100000] reference-disagreement attribute-boundary len=99 artifacts=2 advent-overaccept=2 reference-disagreement=41 same=521
[571/100000] reference-disagreement wide:ifconfig:newline+line-comment:translated:testSwitch24#1+translated:testForLoop#1 len=102 artifacts=2 advent-overaccept=2 reference-disagreement=42 same=527
[616/100000] advent-overaccept wide:struct-member:keyword+newline:translated:testDiagnoseAvailability3#1 len=120 artifacts=3 advent-overaccept=3 reference-disagreement=42 same=571
[625/100000] reference-disagreement wide:struct-member:line-comment:real:ResultBuilders:141 len=232 artifacts=3 advent-overaccept=3 reference-disagreement=43 same=579
[627/100000] reference-disagreement wide:after-statement:glue:translated:testInvalid33#1 len=73 artifacts=3 advent-overaccept=3 reference-disagreement=44 same=580
[643/100000] reference-disagreement wide:ifconfig:raw:declaration:testModifiedParameter#2 len=55 artifacts=3 advent-overaccept=3 reference-disagreement=45 same=595
[649/100000] reference-disagreement wide:struct-member:raw:real:SyntaxTraits:728 len=124 artifacts=3 advent-overaccept=3 reference-disagreement=46 same=600
[662/100000] reference-disagreement wide:after-statement:keyword+newline+block-comment:reject:testLiteralWithTrailingClosure#1 len=47 artifacts=3 advent-overaccept=3 reference-disagreement=47 same=612
[691/100000] reference-disagreement cast-try-operator-cluster len=24 artifacts=3 advent-overaccept=3 reference-disagreement=48 same=640
[694/100000] reference-disagreement tspl-divergence-protocol-body len=103 artifacts=3 advent-overaccept=3 reference-disagreement=49 same=642
[750/100000] same wide:interpolation:raw:real:SyntaxTraits:388 len=416 artifacts=3 advent-overaccept=3 reference-disagreement=49 same=698
[755/100000] reference-disagreement wide:closure:newline+block-comment:real:SwiftSyntaxCompatibility:771 len=160 artifacts=3 advent-overaccept=3 reference-disagreement=50 same=702
[824/100000] reference-disagreement wide:struct-member:newline+newline+space:real:Syntax+StringInterpolation:328 len=166 artifacts=3 advent-overaccept=3 reference-disagreement=51 same=770
[836/100000] reference-disagreement tspl-divergence-accessor-commitment len=78 artifacts=3 advent-overaccept=3 reference-disagreement=52 same=781
[848/100000] reference-disagreement wide:trailing-closure:raw:real:SyntaxExpressibleByStringInterpolationConformances:181 len=165 artifacts=3 advent-overaccept=3 reference-disagreement=53 same=792
[885/100000] reference-disagreement wide:func-body:raw:real:SyntaxNodeWithBody:212+translated:testCompositionTypeExpr#7 len=97 artifacts=3 advent-overaccept=3 reference-disagreement=54 same=828
[893/100000] reference-disagreement tspl-divergence-protocol-body len=202 artifacts=3 advent-overaccept=3 reference-disagreement=55 same=835
[906/100000] reference-disagreement tspl-divergence-protocol-body len=114 artifacts=3 advent-overaccept=3 reference-disagreement=56 same=847
[912/100000] reference-disagreement wide:closure:raw:translated:testSwitch76#1 len=99 artifacts=3 advent-overaccept=3 reference-disagreement=57 same=852
[923/100000] reference-disagreement wide:extension-member:newline:translated:testOperatorDeclDesignatedTypes13#1 len=107 artifacts=3 advent-overaccept=3 reference-disagreement=58 same=862
[925/100000] reference-disagreement member-list-wide-boundary len=345 artifacts=3 advent-overaccept=3 reference-disagreement=59 same=863
[932/100000] reference-disagreement wide:func-body:splice+glue+delete:pattern:testNonBinding4#1 len=47 artifacts=3 advent-overaccept=3 reference-disagreement=60 same=869
[938/100000] reference-disagreement wide:struct-member:keyword:translated:testInitDeinit21#1 len=57 artifacts=3 advent-overaccept=3 reference-disagreement=61 same=874
[944/100000] reference-disagreement func-body len=458 artifacts=3 advent-overaccept=3 reference-disagreement=62 same=879
[957/100000] reference-disagreement wide:interpolation:block-comment:translated:testRegexParseError10#1 len=26 artifacts=3 advent-overaccept=3 reference-disagreement=63 same=891
[1000/100000] same wide:interpolation:block-comment+splice:real:MacroExpansion:41 len=580 artifacts=3 advent-overaccept=3 reference-disagreement=63 same=934
[1021/100000] reference-disagreement statement-list len=694 artifacts=3 advent-overaccept=3 reference-disagreement=64 same=954
[1054/100000] reference-disagreement wide:func-body:raw:real:Message:53 len=776 artifacts=3 advent-overaccept=3 reference-disagreement=65 same=986
[1088/100000] reference-disagreement keypath-boundary len=40 artifacts=3 advent-overaccept=3 reference-disagreement=66 same=1019
[1092/100000] reference-disagreement attribute-ifconfig-elseif-list len=116 artifacts=3 advent-overaccept=3 reference-disagreement=67 same=1022
[1094/100000] reference-disagreement wide:trailing-closure:newline:real:SyntaxBaseNodes:681+real:CompilerPlugin:63 len=890 artifacts=3 advent-overaccept=3 reference-disagreement=68 same=1023
[1102/100000] reference-disagreement wide:trailing-closure:raw:real:Diagnostics:55 len=371 artifacts=3 advent-overaccept=3 reference-disagreement=69 same=1030
[1116/100000] reference-disagreement seed-corpus-wrapped:extension-optional-type len=51 artifacts=3 advent-overaccept=3 reference-disagreement=70 same=1043
[1123/100000] reference-disagreement wide:after-statement:newline:real:CanInterleaveResultsLaterScopeSyntax:15+reject:testModuleSelectorExpr#15 len=451 artifacts=3 advent-overaccept=3 reference-disagreement=71 same=1049
[1133/100000] reference-disagreement keypath-component-matrix len=34 artifacts=3 advent-overaccept=3 reference-disagreement=72 same=1058
[1134/100000] reference-disagreement wide:struct-member:newline:real:SyntaxLiteralUtils:28 len=315 artifacts=3 advent-overaccept=3 reference-disagreement=73 same=1058
[1139/100000] reference-disagreement wide:closure:keyword:real:PluginMacroExpansionContext:270 len=579 artifacts=3 advent-overaccept=3 reference-disagreement=74 same=1062
[1158/100000] reference-disagreement wide:before-statement:splice:translated:testTry29#1 len=121 artifacts=3 advent-overaccept=3 reference-disagreement=75 same=1080
[1162/100000] reference-disagreement wide:func-body:newline+duplicate+block-comment:attribute:testBackDeployed#3+real:SyntaxNodeWithBody:74 len=644 artifacts=3 advent-overaccept=3 reference-disagreement=76 same=1083
[1168/100000] reference-disagreement seed-corpus-wrapped:declaration-modifier-stack len=54 artifacts=3 advent-overaccept=3 reference-disagreement=77 same=1088
[1250/100000] same wide:top:space+newline+newline:reject:testDictionaryExprWithNoCommas#3 len=24 artifacts=3 advent-overaccept=3 reference-disagreement=77 same=1170
[1259/100000] reference-disagreement tspl-divergence-protocol-body len=264 artifacts=3 advent-overaccept=3 reference-disagreement=78 same=1178
[1264/100000] reference-disagreement tspl-divergence-protocol-body len=138 artifacts=3 advent-overaccept=3 reference-disagreement=79 same=1182
[1269/100000] reference-disagreement tspl-divergence-accessor-commitment len=49 artifacts=3 advent-overaccept=3 reference-disagreement=80 same=1186
[1273/100000] reference-disagreement wide:extension-member:raw:real:BuildableNodes:1441 len=992 artifacts=3 advent-overaccept=3 reference-disagreement=81 same=1189
[1308/100000] reference-disagreement wide:before-statement:raw:translated:testInitDeinit19#1+translated:testOptionalLvalues8#1 len=142 artifacts=3 advent-overaccept=3 reference-disagreement=82 same=1223
[1310/100000] reference-disagreement wide:struct-member:raw:phase3-type:protocol-func+real:SyntaxEditUtils:270 len=475 artifacts=3 advent-overaccept=3 reference-disagreement=83 same=1224
[1330/100000] reference-disagreement wide:struct-member:glue+glue+keyword:translated:testPatternWithoutVariables5#1+real:Statements:785 len=1352 artifacts=3 advent-overaccept=3 reference-disagreement=84 same=1243
[1342/100000] reference-disagreement wide:after-statement:raw:translated:testDeprecatedWhere6#1 len=139 artifacts=3 advent-overaccept=3 reference-disagreement=85 same=1254
[1374/100000] reference-disagreement keypath-boundary len=40 artifacts=3 advent-overaccept=3 reference-disagreement=86 same=1285
[1391/100000] reference-disagreement attribute-ifconfig-elseif-list len=121 artifacts=3 advent-overaccept=3 reference-disagreement=87 same=1301
[1445/100000] reference-disagreement statement-list len=458 artifacts=3 advent-overaccept=3 reference-disagreement=88 same=1354
[1453/100000] reference-disagreement binding-pattern len=458 artifacts=3 advent-overaccept=3 reference-disagreement=89 same=1361
[1485/100000] reference-disagreement tspl-divergence-protocol-body len=103 artifacts=3 advent-overaccept=3 reference-disagreement=90 same=1392
[1500/100000] same wide:interpolation:space:phase4-pattern:case-enum-assoc len=71 artifacts=3 advent-overaccept=3 reference-disagreement=90 same=1407
[1510/100000] reference-disagreement wide:struct-member:raw:real:WithTrailingCommaSyntax+EnsuringTrailingComma:19+fuzz-harvest:any-metatype-optional len=243 artifacts=3 advent-overaccept=3 reference-disagreement=91 same=1416
[1511/100000] reference-disagreement member-list-wide-boundary len=251 artifacts=3 advent-overaccept=3 reference-disagreement=92 same=1416
[1565/100000] reference-disagreement wide:trailing-closure:glue+newline+newline:real:ResultBuilders:454 len=189 artifacts=3 advent-overaccept=3 reference-disagreement=93 same=1469
[1610/100000] reference-disagreement wide:closure:glue+newline:translated:testOriginalDefinedInAttr1#1 len=91 artifacts=3 advent-overaccept=3 reference-disagreement=94 same=1513
[1623/100000] reference-disagreement wide:top:newline+glue+keyword:translated:testTry18#1 len=23 artifacts=3 advent-overaccept=3 reference-disagreement=95 same=1525
[1645/100000] reference-disagreement wide:trailing-closure:delete:real:IndentationUtils:33+real:SwiftSyntaxCompatibility:1132 len=1675 artifacts=3 advent-overaccept=3 reference-disagreement=96 same=1546
[1656/100000] reference-disagreement wide:ifconfig:newline+duplicate+line-comment:translated:testMatchingPatterns8#1+real:RawSyntaxArena:245 len=556 artifacts=3 advent-overaccept=3 reference-disagreement=97 same=1556
[1657/100000] reference-disagreement tspl-divergence-protocol-body len=145 artifacts=3 advent-overaccept=3 reference-disagreement=98 same=1556
[1679/100000] reference-disagreement keypath-component-matrix len=45 artifacts=3 advent-overaccept=3 reference-disagreement=99 same=1577
[1690/100000] reference-disagreement wide:trailing-closure:block-comment+delete:real:SyntaxCollections:1416 len=521 artifacts=3 advent-overaccept=3 reference-disagreement=100 same=1587
[1693/100000] reference-disagreement member-list-wide-boundary len=414 artifacts=3 advent-overaccept=3 reference-disagreement=101 same=1589
[1700/100000] reference-disagreement wide:closure:keyword:expression:testKeyPathMethodAndInitializers#6 len=56 artifacts=3 advent-overaccept=3 reference-disagreement=102 same=1595
[1725/100000] reference-disagreement attribute-ifconfig-elseif-list len=114 artifacts=3 advent-overaccept=3 reference-disagreement=103 same=1619
[1734/100000] reference-disagreement wide:func-body:newline+glue+space:attribute:testDifferentiableAttribute#1 len=131 artifacts=3 advent-overaccept=3 reference-disagreement=104 same=1627
[1737/100000] reference-disagreement wide:struct-member:space:real:Syntax+StringInterpolation:285 len=63 artifacts=3 advent-overaccept=3 reference-disagreement=105 same=1629
[1750/100000] same extension-type len=63 artifacts=3 advent-overaccept=3 reference-disagreement=105 same=1642
[1789/100000] reference-disagreement statement-list len=629 artifacts=3 advent-overaccept=3 reference-disagreement=106 same=1680
[1793/100000] reference-disagreement wide:extension-member:glue:real:SyntaxTraits:750 len=152 artifacts=3 advent-overaccept=3 reference-disagreement=107 same=1683
[1808/100000] reference-disagreement wide:trailing-closure:block-comment:translated:testOperatorDeclDesignatedTypes12#1 len=98 artifacts=3 advent-overaccept=3 reference-disagreement=108 same=1697
[1811/100000] reference-disagreement attribute-ifconfig-elseif-list len=133 artifacts=3 advent-overaccept=3 reference-disagreement=109 same=1699
[1813/100000] reference-disagreement wide:trailing-closure:raw:real:SyntaxExpressibleByStringInterpolationConformances:79 len=79 artifacts=3 advent-overaccept=3 reference-disagreement=110 same=1700
[1823/100000] reference-disagreement func-body len=458 artifacts=3 advent-overaccept=3 reference-disagreement=111 same=1709
[1846/100000] reference-disagreement wide:closure:newline+newline:real:ConvenienceInitializers:86+translated:testForwardSlashRegex79#1 len=107 artifacts=3 advent-overaccept=3 reference-disagreement=112 same=1731
[1866/100000] reference-disagreement wide:before-statement:space+newline:translated:testSwitch21#1 len=57 artifacts=3 advent-overaccept=3 reference-disagreement=113 same=1750
[1876/100000] reference-disagreement grammarish-member-list len=110 artifacts=3 advent-overaccept=3 reference-disagreement=114 same=1759
[1882/100000] reference-disagreement member-list-wide-boundary len=144 artifacts=3 advent-overaccept=3 reference-disagreement=115 same=1764
[1883/100000] reference-disagreement wide:trailing-closure:duplicate+newline:real:SyntaxNodeWithBody:185 len=1104 artifacts=3 advent-overaccept=3 reference-disagreement=116 same=1764
[1898/100000] reference-disagreement wide:func-body:space+line-comment:expression:testKeyPathMethodAndInitializers#19 len=66 artifacts=3 advent-overaccept=3 reference-disagreement=117 same=1778
[1915/100000] reference-disagreement member-list-wide-boundary len=190 artifacts=3 advent-overaccept=3 reference-disagreement=118 same=1794
[1919/100000] reference-disagreement attribute-ifconfig-elseif-list len=112 artifacts=3 advent-overaccept=3 reference-disagreement=119 same=1797
[1920/100000] reference-disagreement wide:top:splice:translated:testDollarIdentifier8#1 len=663 artifacts=3 advent-overaccept=3 reference-disagreement=120 same=1797
[1930/100000] advent-overaccept wide:before-statement:newline:translated:testRawString28#1 len=102 artifacts=4 advent-overaccept=4 reference-disagreement=120 same=1806
[1942/100000] reference-disagreement wide:before-statement:glue+line-comment+block-comment:translated:testModuleSelectorCorrectCode#2 len=74 artifacts=4 advent-overaccept=4 reference-disagreement=121 same=1817
[1956/100000] reference-disagreement attribute-ifconfig-elseif-list len=132 artifacts=4 advent-overaccept=4 reference-disagreement=122 same=1830
[1959/100000] reference-disagreement wide:extension-member:line-comment+line-comment+swap:real:Macro+Format:25 len=116 artifacts=4 advent-overaccept=4 reference-disagreement=123 same=1832
[1965/100000] reference-disagreement wide:extension-member:raw:real:AbsolutePosition:29 len=301 artifacts=4 advent-overaccept=4 reference-disagreement=124 same=1837
[1996/100000] reference-disagreement cast-try-operator-cluster len=24 artifacts=4 advent-overaccept=4 reference-disagreement=125 same=1867
[2000/100000] same extension-type len=63 artifacts=4 advent-overaccept=4 reference-disagreement=125 same=1871
[2003/100000] reference-disagreement wide:closure:space+block-comment+line-comment:real:SyntaxExpressibleByStringInterpolationConformances:40 len=105 artifacts=4 advent-overaccept=4 reference-disagreement=126 same=1873
[2012/100000] reference-disagreement wide:trailing-closure:line-comment+newline:declaration:testParseSpecializeAttribute#3 len=190 artifacts=4 advent-overaccept=4 reference-disagreement=127 same=1881
[2027/100000] reference-disagreement wide:closure:raw:real:ConvenienceInitializers:397 len=804 artifacts=4 advent-overaccept=4 reference-disagreement=128 same=1895
[2028/100000] reference-disagreement wide:func-body:raw:real:Expressions:2820 len=557 artifacts=4 advent-overaccept=4 reference-disagreement=129 same=1895
[2079/100000] reference-disagreement wide:func-body:delete:translated:testEnum70#1 len=117 artifacts=4 advent-overaccept=4 reference-disagreement=130 same=1945
[2091/100000] reference-disagreement attribute-boundary len=101 artifacts=4 advent-overaccept=4 reference-disagreement=131 same=1956
[2097/100000] advent-overaccept wide:top:block-comment:translated:testOptionalLvalues6#1+real:Message:29 len=267 artifacts=5 advent-overaccept=5 reference-disagreement=131 same=1961
[2107/100000] reference-disagreement cast-try-operator-cluster len=24 artifacts=5 advent-overaccept=5 reference-disagreement=132 same=1970
[2118/100000] reference-disagreement wide:struct-member:space+glue:real:IdentifiableSyntax:40 len=111 artifacts=5 advent-overaccept=5 reference-disagreement=133 same=1980
[2132/100000] reference-disagreement tspl-divergence-protocol-body len=152 artifacts=5 advent-overaccept=5 reference-disagreement=134 same=1993
[2173/100000] reference-disagreement tspl-divergence-protocol-body len=188 artifacts=5 advent-overaccept=5 reference-disagreement=135 same=2033
[2191/100000] reference-disagreement wide:closure:newline+keyword:translated:testOriginalDefinedInAttr1#1+translated:testRawString5#1 len=136 artifacts=5 advent-overaccept=5 reference-disagreement=136 same=2050
[2210/100000] reference-disagreement wide:top:keyword+line-comment:phase1:let-exponent+reject:testModuleSelectorExpr#16 len=38 artifacts=5 advent-overaccept=5 reference-disagreement=137 same=2068
[2235/100000] reference-disagreement wide:closure:raw:real:PackageTarget:131 len=500 artifacts=5 advent-overaccept=5 reference-disagreement=138 same=2092
[2250/100000] same interpolation-boundary len=80 artifacts=5 advent-overaccept=5 reference-disagreement=138 same=2107
[2255/100000] reference-disagreement attribute-ifconfig-elseif-list len=121 artifacts=5 advent-overaccept=5 reference-disagreement=139 same=2111
[2256/100000] reference-disagreement attribute-ifconfig-elseif-list len=125 artifacts=5 advent-overaccept=5 reference-disagreement=140 same=2111
[2267/100000] reference-disagreement wide:func-body:raw:translated:testSwitch46#1 len=105 artifacts=5 advent-overaccept=5 reference-disagreement=141 same=2121
[2268/100000] reference-disagreement wide:closure:raw:real:SyntaxTraits:838 len=80 artifacts=5 advent-overaccept=5 reference-disagreement=142 same=2121
[2278/100000] reference-disagreement wide:struct-member:line-comment+glue:expression:testKeyPathMethodAndInitializers#18 len=52 artifacts=5 advent-overaccept=5 reference-disagreement=143 same=2130
[2303/100000] reference-disagreement keypath-boundary len=40 artifacts=5 advent-overaccept=5 reference-disagreement=144 same=2154
[2307/100000] reference-disagreement seed-corpus-wrapped:operator-question-assignment len=118 artifacts=5 advent-overaccept=5 reference-disagreement=145 same=2157
[2308/100000] reference-disagreement wide:func-body:block-comment+splice+space:translated:testDeinitAsync#1+declaration:testSuppressedImplicitConformance#8 len=114 artifacts=5 advent-overaccept=5 reference-disagreement=146 same=2157
[2314/100000] reference-disagreement tspl-divergence-accessor-commitment len=78 artifacts=5 advent-overaccept=5 reference-disagreement=147 same=2162
[2344/100000] reference-disagreement keypath-boundary len=37 artifacts=5 advent-overaccept=5 reference-disagreement=148 same=2191
[2364/100000] reference-disagreement wide:extension-member:raw:translated:testForeach2#3+real:SyntaxBaseNodes:797 len=839 artifacts=5 advent-overaccept=5 reference-disagreement=149 same=2210
[2365/100000] reference-disagreement attribute-ifconfig-elseif-list len=148 artifacts=5 advent-overaccept=5 reference-disagreement=150 same=2210
[2382/100000] reference-disagreement keypath-boundary len=33 artifacts=5 advent-overaccept=5 reference-disagreement=151 same=2226
[2391/100000] reference-disagreement attribute-boundary len=32 artifacts=5 advent-overaccept=5 reference-disagreement=152 same=2234
[2405/100000] reference-disagreement wide:closure:swap+swap:real:SyntaxExpressibleByStringInterpolationConformances:172 len=190 artifacts=5 advent-overaccept=5 reference-disagreement=153 same=2247
[2446/100000] reference-disagreement cast-try-operator-cluster len=24 artifacts=5 advent-overaccept=5 reference-disagreement=154 same=2287
[2499/100000] residual-ambiguity wide:func-body:swap+duplicate:translated:testForwardSlashRegex134#1+declaration:testSuppressedImplicitConformance#2 len=51 artifacts=6 advent-overaccept=5 reference-disagreement=154 residual-ambiguity=1 same=2339
[2500/100000] same frontier:interpolation-delimiter len=428 artifacts=6 advent-overaccept=5 reference-disagreement=154 residual-ambiguity=1 same=2340
[2514/100000] reference-disagreement attribute-ifconfig-elseif-list len=122 artifacts=6 advent-overaccept=5 reference-disagreement=155 residual-ambiguity=1 same=2353
[2524/100000] reference-disagreement tspl-divergence-protocol-body len=174 artifacts=6 advent-overaccept=5 reference-disagreement=156 residual-ambiguity=1 same=2362
[2545/100000] reference-disagreement wide:func-body:raw:real:SyntaxCollections:537 len=502 artifacts=6 advent-overaccept=5 reference-disagreement=157 residual-ambiguity=1 same=2382
[2554/100000] reference-disagreement tspl-divergence-protocol-body len=81 artifacts=6 advent-overaccept=5 reference-disagreement=158 residual-ambiguity=1 same=2390
[2575/100000] reference-disagreement tspl-divergence-protocol-body len=182 artifacts=6 advent-overaccept=5 reference-disagreement=159 residual-ambiguity=1 same=2410
[2586/100000] reference-disagreement attribute-ifconfig-elseif-list len=116 artifacts=6 advent-overaccept=5 reference-disagreement=160 residual-ambiguity=1 same=2420
[2590/100000] reference-disagreement keypath-boundary len=38 artifacts=6 advent-overaccept=5 reference-disagreement=161 residual-ambiguity=1 same=2423
[2599/100000] advent-overaccept wide:top:newline:translated:testTry28#1+declaration:testUsing#1 len=133 artifacts=7 advent-overaccept=6 reference-disagreement=161 residual-ambiguity=1 same=2431
[2606/100000] reference-disagreement tspl-divergence-protocol-body len=148 artifacts=7 advent-overaccept=6 reference-disagreement=162 residual-ambiguity=1 same=2437
[2618/100000] reference-disagreement statement-list len=608 artifacts=7 advent-overaccept=6 reference-disagreement=163 residual-ambiguity=1 same=2448
[2621/100000] reference-disagreement attribute-ifconfig-elseif-list len=126 artifacts=7 advent-overaccept=6 reference-disagreement=164 residual-ambiguity=1 same=2450
[2625/100000] reference-disagreement wide:struct-member:raw:translated:testOperators25#1 len=33 artifacts=7 advent-overaccept=6 reference-disagreement=165 residual-ambiguity=1 same=2453
[2648/100000] reference-disagreement wide:trailing-closure:space:expression:testClosureParameterWithModifier#1 len=36 artifacts=7 advent-overaccept=6 reference-disagreement=166 residual-ambiguity=1 same=2475
[2678/100000] reference-disagreement wide:struct-member:raw:translated:testConflictMarkers2#1 len=62 artifacts=7 advent-overaccept=6 reference-disagreement=167 residual-ambiguity=1 same=2504
[2696/100000] reference-disagreement wide:closure:raw:real:SyntaxExpressibleByStringInterpolationConformances:139 len=85 artifacts=7 advent-overaccept=6 reference-disagreement=168 residual-ambiguity=1 same=2521
[2715/100000] reference-disagreement attribute-ifconfig-elseif-list len=120 artifacts=7 advent-overaccept=6 reference-disagreement=169 residual-ambiguity=1 same=2539
[2719/100000] reference-disagreement keypath-component-matrix len=38 artifacts=7 advent-overaccept=6 reference-disagreement=170 residual-ambiguity=1 same=2542
[2722/100000] reference-disagreement keypath-component-matrix len=41 artifacts=7 advent-overaccept=6 reference-disagreement=171 residual-ambiguity=1 same=2544
[2723/100000] reference-disagreement wide:func-body:raw:real:Cursor:409 len=352 artifacts=7 advent-overaccept=6 reference-disagreement=172 residual-ambiguity=1 same=2544
[2749/100000] reference-disagreement tspl-divergence-protocol-body len=179 artifacts=7 advent-overaccept=6 reference-disagreement=173 residual-ambiguity=1 same=2569
[2750/100000] same wide:interpolation:raw:reject:testEscapedIdentifiers20#1 len=146 artifacts=7 advent-overaccept=6 reference-disagreement=173 residual-ambiguity=1 same=2570
[2766/100000] reference-disagreement wide:trailing-closure:newline:expression:testKeyPathMethodAndInitializers#3 len=30 artifacts=7 advent-overaccept=6 reference-disagreement=174 residual-ambiguity=1 same=2585
[2770/100000] reference-disagreement wide:func-body:glue:real:MissingNodeInitializers:50 len=137 artifacts=7 advent-overaccept=6 reference-disagreement=175 residual-ambiguity=1 same=2588
[2791/100000] reference-disagreement wide:func-body:duplicate+keyword+delete:real:Syntax+StringInterpolation:530 len=45 artifacts=7 advent-overaccept=6 reference-disagreement=176 residual-ambiguity=1 same=2608
[2818/100000] reference-disagreement binding-pattern len=458 artifacts=7 advent-overaccept=6 reference-disagreement=177 residual-ambiguity=1 same=2634
[2821/100000] reference-disagreement tspl-divergence-protocol-body len=157 artifacts=7 advent-overaccept=6 reference-disagreement=178 residual-ambiguity=1 same=2636
[2830/100000] reference-disagreement wide:trailing-closure:block-comment+glue+line-comment:real:ResultBuilders:719 len=188 artifacts=7 advent-overaccept=6 reference-disagreement=179 residual-ambiguity=1 same=2644
[2839/100000] reference-disagreement declaration-modifier-stack len=34 artifacts=7 advent-overaccept=6 reference-disagreement=180 residual-ambiguity=1 same=2652
[2871/100000] reference-disagreement member-list-wide-boundary len=331 artifacts=7 advent-overaccept=6 reference-disagreement=181 residual-ambiguity=1 same=2683
[2930/100000] reference-disagreement wide:before-statement:glue+line-comment+newline:translated:testOperatorDecl5#1 len=50 artifacts=7 advent-overaccept=6 reference-disagreement=182 residual-ambiguity=1 same=2741
[2955/100000] reference-disagreement tspl-divergence-protocol-body len=163 artifacts=7 advent-overaccept=6 reference-disagreement=183 residual-ambiguity=1 same=2765
[3000/100000] same wide:ifconfig:block-comment+block-comment+line-comment:reject:testDoubleTrailingSemiInDecl#1 len=62 artifacts=7 advent-overaccept=6 reference-disagreement=183 residual-ambiguity=1 same=2810
[3003/100000] reference-disagreement wide:top:newline+line-comment+newline:translated:testEnum54#1+translated:testMatchingPatterns8#1 len=76 artifacts=7 advent-overaccept=6 reference-disagreement=184 residual-ambiguity=1 same=2812
[3004/100000] reference-disagreement wide:extension-member:block-comment+line-comment:real:ResultBuilders:599 len=246 artifacts=7 advent-overaccept=6 reference-disagreement=185 residual-ambiguity=1 same=2812
[3006/100000] reference-disagreement wide:closure:glue+glue:translated:testOperatorDeclDesignatedTypes7#1 len=81 artifacts=7 advent-overaccept=6 reference-disagreement=186 residual-ambiguity=1 same=2813
[3010/100000] reference-disagreement wide:func-body:block-comment+space+space:real:SyntaxExpressibleByStringInterpolationConformances:238 len=98 artifacts=7 advent-overaccept=6 reference-disagreement=187 residual-ambiguity=1 same=2816
[3036/100000] reference-disagreement tspl-divergence-protocol-body len=229 artifacts=7 advent-overaccept=6 reference-disagreement=188 residual-ambiguity=1 same=2841
[3053/100000] reference-disagreement wide:trailing-closure:raw:real:Types:1605+phase4-loop:for-in-where len=683 artifacts=7 advent-overaccept=6 reference-disagreement=189 residual-ambiguity=1 same=2857
[3073/100000] reference-disagreement wide:func-body:raw:real:SwiftSyntaxCompatibility:259 len=237 artifacts=7 advent-overaccept=6 reference-disagreement=190 residual-ambiguity=1 same=2876
[3078/100000] reference-disagreement statement-list len=526 artifacts=7 advent-overaccept=6 reference-disagreement=191 residual-ambiguity=1 same=2880
[3092/100000] reference-disagreement member-list-wide-boundary len=75 artifacts=7 advent-overaccept=6 reference-disagreement=192 residual-ambiguity=1 same=2893
[3110/100000] reference-disagreement wide:closure:block-comment+duplicate:real:ParserDiagnosticMessages:488 len=305 artifacts=7 advent-overaccept=6 reference-disagreement=193 residual-ambiguity=1 same=2910
[3128/100000] reference-disagreement wide:closure:space+space:phase1:let-grouped+reject:testModuleSelectorExpr#15 len=54 artifacts=7 advent-overaccept=6 reference-disagreement=194 residual-ambiguity=1 same=2927
[3141/100000] reference-disagreement wide:func-body:splice:real:ResultBuilders:414 len=199 artifacts=7 advent-overaccept=6 reference-disagreement=195 residual-ambiguity=1 same=2939
[3142/100000] reference-disagreement wide:struct-member:newline+newline:real:SwiftSyntaxCompatibility:801 len=333 artifacts=7 advent-overaccept=6 reference-disagreement=196 residual-ambiguity=1 same=2939
[3182/100000] reference-disagreement wide:struct-member:newline+line-comment:translated:testInitDeinit21#1+fuzz-harvest:constraint-any len=87 artifacts=7 advent-overaccept=6 reference-disagreement=197 residual-ambiguity=1 same=2978
[3189/100000] reference-disagreement wide:closure:line-comment:expression:testPostProcessMultilineStringLiteral#1+attribute:testTransposeAttribute#1 len=181 artifacts=7 advent-overaccept=6 reference-disagreement=198 residual-ambiguity=1 same=2984
[3203/100000] reference-disagreement wide:trailing-closure:space+block-comment:phase4-macro:borrow len=44 artifacts=7 advent-overaccept=6 reference-disagreement=199 residual-ambiguity=1 same=2997
[3250/100000] same frontier:interpolation-delimiter len=340 artifacts=7 advent-overaccept=6 reference-disagreement=199 residual-ambiguity=1 same=3044
[3307/100000] reference-disagreement attribute-ifconfig-elseif-list len=117 artifacts=7 advent-overaccept=6 reference-disagreement=200 residual-ambiguity=1 same=3100
[3315/100000] reference-disagreement tspl-divergence-protocol-body len=233 artifacts=7 advent-overaccept=6 reference-disagreement=201 residual-ambiguity=1 same=3107
[3317/100000] reference-disagreement wide:closure:block-comment+line-comment+line-comment:phase4-misc:typealias+real:SyntaxExpressibleByStringInterpolationConformances:211 len=126 artifacts=7 advent-overaccept=6 reference-disagreement=202 residual-ambiguity=1 same=3108
[3318/100000] reference-disagreement wide:extension-member:raw:real:SyntaxTraits:796 len=63 artifacts=7 advent-overaccept=6 reference-disagreement=203 residual-ambiguity=1 same=3108
[3322/100000] reference-disagreement wide:trailing-closure:raw:real:Operator:57+translated:testRegexParseError2#1 len=227 artifacts=7 advent-overaccept=6 reference-disagreement=204 residual-ambiguity=1 same=3111
[3358/100000] reference-disagreement wide:trailing-closure:raw:real:ResultBuilders:654 len=174 artifacts=7 advent-overaccept=6 reference-disagreement=205 residual-ambiguity=1 same=3146
[3365/100000] reference-disagreement wide:closure:keyword+space+newline:real:SyntaxTraits:850 len=72 artifacts=7 advent-overaccept=6 reference-disagreement=206 residual-ambiguity=1 same=3152
[3370/100000] reference-disagreement member-list-wide-boundary len=515 artifacts=7 advent-overaccept=6 reference-disagreement=207 residual-ambiguity=1 same=3156
[3371/100000] reference-disagreement tspl-divergence-protocol-body len=196 artifacts=7 advent-overaccept=6 reference-disagreement=208 residual-ambiguity=1 same=3156
[3373/100000] reference-disagreement wide:func-body:line-comment:real:ResultBuilders:689 len=590 artifacts=7 advent-overaccept=6 reference-disagreement=209 residual-ambiguity=1 same=3157
[3383/100000] reference-disagreement tspl-divergence-accessor-commitment len=49 artifacts=7 advent-overaccept=6 reference-disagreement=210 residual-ambiguity=1 same=3166
[3395/100000] reference-disagreement wide:top:raw:type:testInverseTypesAsExpr#2+translated:testSwitch73#1 len=113 artifacts=7 advent-overaccept=6 reference-disagreement=211 residual-ambiguity=1 same=3177
[3443/100000] reference-disagreement wide:extension-member:keyword:real:ResultBuilders:515+real:ResultBuilders:401 len=753 artifacts=7 advent-overaccept=6 reference-disagreement=212 residual-ambiguity=1 same=3224
[3454/100000] reference-disagreement wide:after-statement:raw:declaration:testAttributedMacroExpansionDeclaration#10 len=77 artifacts=7 advent-overaccept=6 reference-disagreement=213 residual-ambiguity=1 same=3234
[3457/100000] reference-disagreement cast-try-operator-cluster len=24 artifacts=7 advent-overaccept=6 reference-disagreement=214 residual-ambiguity=1 same=3236
[3472/100000] reference-disagreement grammarish-member-list len=396 artifacts=7 advent-overaccept=6 reference-disagreement=215 residual-ambiguity=1 same=3250
[3483/100000] reference-disagreement wide:closure:block-comment:real:LayoutNodes+Parsable:215+translated:testIfconfigExpr17#1 len=263 artifacts=7 advent-overaccept=6 reference-disagreement=216 residual-ambiguity=1 same=3260
[3499/100000] reference-disagreement attribute-ifconfig-elseif-list len=110 artifacts=7 advent-overaccept=6 reference-disagreement=217 residual-ambiguity=1 same=3275
[3500/100000] same frontier:statement-member-context len=93 artifacts=7 advent-overaccept=6 reference-disagreement=217 residual-ambiguity=1 same=3276
[3510/100000] reference-disagreement tspl-divergence-accessor-commitment len=78 artifacts=7 advent-overaccept=6 reference-disagreement=218 residual-ambiguity=1 same=3285
[3537/100000] reference-disagreement nested-ifconfig-boundary len=117 artifacts=7 advent-overaccept=6 reference-disagreement=219 residual-ambiguity=1 same=3311
[3542/100000] reference-disagreement wide:top:newline+keyword:declaration:testReasyncFunctions#1 len=142 artifacts=7 advent-overaccept=6 reference-disagreement=220 residual-ambiguity=1 same=3315
[3543/100000] reference-disagreement wide:ifconfig:space+newline+space:expression:testKeyPathMethodAndInitializers#11+translated:testTypeExpr30#1 len=320 artifacts=7 advent-overaccept=6 reference-disagreement=221 residual-ambiguity=1 same=3315
[3558/100000] reference-disagreement wide:trailing-closure:block-comment:real:SyntaxTraits:712+translated:testMultilineString39#1 len=138 artifacts=7 advent-overaccept=6 reference-disagreement=222 residual-ambiguity=1 same=3329
[3583/100000] reference-disagreement wide:trailing-closure:newline+block-comment:real:RawSyntaxLayoutView:13 len=421 artifacts=7 advent-overaccept=6 reference-disagreement=223 residual-ambiguity=1 same=3353
[3616/100000] reference-disagreement wide:func-body:splice+glue:real:BuildableNodes:1557 len=1256 artifacts=7 advent-overaccept=6 reference-disagreement=224 residual-ambiguity=1 same=3385
[3622/100000] reference-disagreement declaration-modifier-stack len=34 artifacts=7 advent-overaccept=6 reference-disagreement=225 residual-ambiguity=1 same=3390
[3629/100000] reference-disagreement wide:struct-member:delete:reject:testOperatorDecl12f#1 len=34 artifacts=7 advent-overaccept=6 reference-disagreement=226 residual-ambiguity=1 same=3396
[3631/100000] reference-disagreement grammarish-member-list len=289 artifacts=7 advent-overaccept=6 reference-disagreement=227 residual-ambiguity=1 same=3397
[3642/100000] reference-disagreement wide:trailing-closure:newline:translated:testOperatorDecl11c#1 len=27 artifacts=7 advent-overaccept=6 reference-disagreement=228 residual-ambiguity=1 same=3407
[3652/100000] reference-disagreement keypath-boundary len=44 artifacts=7 advent-overaccept=6 reference-disagreement=229 residual-ambiguity=1 same=3416
[3666/100000] reference-disagreement wide:func-body:raw:real:PluginMessages:56 len=771 artifacts=7 advent-overaccept=6 reference-disagreement=230 residual-ambiguity=1 same=3429
[3703/100000] reference-disagreement tspl-divergence-protocol-body len=154 artifacts=7 advent-overaccept=6 reference-disagreement=231 residual-ambiguity=1 same=3465
[3712/100000] reference-disagreement wide:func-body:raw:declaration:testModifiedParameter#3 len=68 artifacts=7 advent-overaccept=6 reference-disagreement=232 residual-ambiguity=1 same=3473
[3714/100000] reference-disagreement tspl-divergence-protocol-body len=90 artifacts=7 advent-overaccept=6 reference-disagreement=233 residual-ambiguity=1 same=3474
[3746/100000] reference-disagreement wide:ifconfig:newline+line-comment:declaration:testModifiedParameter#2 len=62 artifacts=7 advent-overaccept=6 reference-disagreement=234 residual-ambiguity=1 same=3505
[3750/100000] same wide:after-statement:newline:reject:testAvailabilityQueryUnavailability34c#1+statement:testReturn#5 len=63 artifacts=7 advent-overaccept=6 reference-disagreement=234 residual-ambiguity=1 same=3509
[3757/100000] reference-disagreement wide:closure:glue:translated:testConflictMarkers4#1+translated:testForwardSlashRegex181#1 len=80 artifacts=7 advent-overaccept=6 reference-disagreement=235 residual-ambiguity=1 same=3515
[3774/100000] advent-overaccept wide:extension-member:newline+glue:declaration:testInitializerWithReturnType#1 len=102 artifacts=8 advent-overaccept=7 reference-disagreement=235 residual-ambiguity=1 same=3531
[3783/100000] reference-disagreement member-list-wide-boundary len=234 artifacts=8 advent-overaccept=7 reference-disagreement=236 residual-ambiguity=1 same=3539
[3786/100000] reference-disagreement attribute-ifconfig-elseif-list len=122 artifacts=8 advent-overaccept=7 reference-disagreement=237 residual-ambiguity=1 same=3541
[3790/100000] reference-disagreement wide:extension-member:delete+delete:real:MemoryLayout:14 len=838 artifacts=8 advent-overaccept=7 reference-disagreement=238 residual-ambiguity=1 same=3544
[3814/100000] reference-disagreement member-list-wide-boundary len=200 artifacts=8 advent-overaccept=7 reference-disagreement=239 residual-ambiguity=1 same=3567
[3855/100000] reference-disagreement attribute-ifconfig-elseif-list len=124 artifacts=8 advent-overaccept=7 reference-disagreement=240 residual-ambiguity=1 same=3607
[3857/100000] reference-disagreement wide:top:raw:translated:testInitDeinit19#1 len=48 artifacts=8 advent-overaccept=7 reference-disagreement=241 residual-ambiguity=1 same=3608
[3865/100000] reference-disagreement wide:closure:line-comment+splice:expression:testKeypathExpressionWithSugaredRoot#3+phase4-pattern:case-enum-assoc-optional len=94 artifacts=8 advent-overaccept=7 reference-disagreement=242 residual-ambiguity=1 same=3615
[3867/100000] reference-disagreement attribute-ifconfig-elseif-list len=126 artifacts=8 advent-overaccept=7 reference-disagreement=243 residual-ambiguity=1 same=3616
[3887/100000] reference-disagreement keypath-boundary len=33 artifacts=8 advent-overaccept=7 reference-disagreement=244 residual-ambiguity=1 same=3635
[3902/100000] reference-disagreement wide:trailing-closure:raw:declaration:testCoroutineAccessors#2 len=142 artifacts=8 advent-overaccept=7 reference-disagreement=245 residual-ambiguity=1 same=3649
[3916/100000] reference-disagreement wide:closure:block-comment:real:CompilerPluginMessageHandler:287 len=395 artifacts=8 advent-overaccept=7 reference-disagreement=246 residual-ambiguity=1 same=3662
[3936/100000] reference-disagreement wide:closure:space+space:real:SyntaxTraits:710 len=86 artifacts=8 advent-overaccept=7 reference-disagreement=247 residual-ambiguity=1 same=3681
[3946/100000] reference-disagreement wide:func-body:glue:real:LexerDiagnosticMessages:119 len=222 artifacts=8 advent-overaccept=7 reference-disagreement=248 residual-ambiguity=1 same=3690
[3954/100000] reference-disagreement wide:extension-member:duplicate+line-comment+swap:real:IdentifiableSyntax:46 len=134 artifacts=8 advent-overaccept=7 reference-disagreement=249 residual-ambiguity=1 same=3697
[3970/100000] reference-disagreement attribute-ifconfig-elseif-list len=140 artifacts=8 advent-overaccept=7 reference-disagreement=250 residual-ambiguity=1 same=3712
[4000/100000] same frontier:condition-trailing-closure-scope len=467 artifacts=8 advent-overaccept=7 reference-disagreement=250 residual-ambiguity=1 same=3742
[4003/100000] reference-disagreement keypath-boundary len=33 artifacts=8 advent-overaccept=7 reference-disagreement=251 residual-ambiguity=1 same=3744
[4007/100000] reference-disagreement keypath-boundary len=38 artifacts=8 advent-overaccept=7 reference-disagreement=252 residual-ambiguity=1 same=3747
[4018/100000] reference-disagreement wide:extension-member:raw:real:CustomTraits:46+translated:testSuper2e#1 len=382 artifacts=8 advent-overaccept=7 reference-disagreement=253 residual-ambiguity=1 same=3757
[4039/100000] reference-disagreement keypath-boundary len=33 artifacts=8 advent-overaccept=7 reference-disagreement=254 residual-ambiguity=1 same=3777
[4070/100000] reference-disagreement wide:trailing-closure:raw:translated:testTypeExpr5#1 len=37 artifacts=8 advent-overaccept=7 reference-disagreement=255 residual-ambiguity=1 same=3807
[4075/100000] reference-disagreement wide:ifconfig:space+duplicate:declaration:testAttributedMacroExpansionDeclaration#2 len=51 artifacts=8 advent-overaccept=7 reference-disagreement=256 residual-ambiguity=1 same=3811
[4090/100000] reference-disagreement member-list-wide-boundary len=180 artifacts=8 advent-overaccept=7 reference-disagreement=257 residual-ambiguity=1 same=3825
[4130/100000] reference-disagreement binding-pattern len=458 artifacts=8 advent-overaccept=7 reference-disagreement=258 residual-ambiguity=1 same=3864
[4137/100000] reference-disagreement wide:closure:space+glue:real:ScopeImplementations:64 len=773 artifacts=8 advent-overaccept=7 reference-disagreement=259 residual-ambiguity=1 same=3870
[4140/100000] reference-disagreement tspl-divergence-protocol-body len=136 artifacts=8 advent-overaccept=7 reference-disagreement=260 residual-ambiguity=1 same=3872
[4143/100000] reference-disagreement keypath-component-matrix len=53 artifacts=8 advent-overaccept=7 reference-disagreement=261 residual-ambiguity=1 same=3874
[4203/100000] reference-disagreement tspl-divergence-protocol-body len=251 artifacts=8 advent-overaccept=7 reference-disagreement=262 residual-ambiguity=1 same=3933
[4250/100000] reference-disagreement wide:ifconfig:splice:translated:testEnum61#1 len=81 artifacts=8 advent-overaccept=7 reference-disagreement=263 residual-ambiguity=1 same=3979
[4272/100000] reference-disagreement binding-pattern len=458 artifacts=8 advent-overaccept=7 reference-disagreement=264 residual-ambiguity=1 same=4000
[4283/100000] reference-disagreement wide:struct-member:glue:real:Convenience:13 len=1064 artifacts=8 advent-overaccept=7 reference-disagreement=265 residual-ambiguity=1 same=4010
[4288/100000] reference-disagreement wide:before-statement:glue:phase2-postfix:member+attribute:testABIAttribute#16 len=114 artifacts=8 advent-overaccept=7 reference-disagreement=266 residual-ambiguity=1 same=4014
[4292/100000] reference-disagreement wide:extension-member:raw:real:SyntaxTraits:766 len=71 artifacts=8 advent-overaccept=7 reference-disagreement=267 residual-ambiguity=1 same=4017
[4309/100000] reference-disagreement wide:top:glue+block-comment+newline:translated:testDeprecatedWhere10#1 len=113 artifacts=8 advent-overaccept=7 reference-disagreement=268 residual-ambiguity=1 same=4033
[4329/100000] reference-disagreement wide:closure:splice:real:ResultBuilders:579+translated:testRawString34#1 len=1177 artifacts=8 advent-overaccept=7 reference-disagreement=269 residual-ambiguity=1 same=4052
[4352/100000] reference-disagreement wide:after-statement:delete+space:expression:testCollectionLiterals#5 len=51 artifacts=8 advent-overaccept=7 reference-disagreement=270 residual-ambiguity=1 same=4074
[4360/100000] reference-disagreement wide:trailing-closure:raw:phase4-decl:op-prefix+phase4-loop:deinit len=50 artifacts=8 advent-overaccept=7 reference-disagreement=271 residual-ambiguity=1 same=4081
[4408/100000] reference-disagreement tspl-divergence-protocol-body len=102 artifacts=8 advent-overaccept=7 reference-disagreement=272 residual-ambiguity=1 same=4128
[4415/100000] reference-disagreement grammarish-member-list len=177 artifacts=8 advent-overaccept=7 reference-disagreement=273 residual-ambiguity=1 same=4134
[4438/100000] reference-disagreement attribute-ifconfig-elseif-list len=125 artifacts=8 advent-overaccept=7 reference-disagreement=274 residual-ambiguity=1 same=4156
[4449/100000] reference-disagreement wide:before-statement:splice+splice+newline:translated:testMultilineString46#1 len=207 artifacts=8 advent-overaccept=7 reference-disagreement=275 residual-ambiguity=1 same=4166
[4487/100000] reference-disagreement wide:struct-member:raw:translated:testInitDeinit16#1 len=69 artifacts=8 advent-overaccept=7 reference-disagreement=276 residual-ambiguity=1 same=4203
[4498/100000] reference-disagreement attribute-ifconfig-elseif-list len=110 artifacts=8 advent-overaccept=7 reference-disagreement=277 residual-ambiguity=1 same=4213
[4500/100000] same frontier:statement-member-context len=93 artifacts=8 advent-overaccept=7 reference-disagreement=277 residual-ambiguity=1 same=4215
[4507/100000] reference-disagreement wide:top:raw:translated:testDeinitInSwiftinterfaceIsFollowedByFinalFunc#1+phase2-postfix:member len=53 artifacts=8 advent-overaccept=7 reference-disagreement=278 residual-ambiguity=1 same=4221
[4550/100000] reference-disagreement wide:func-body:raw:real:JSONDecoding:819 len=111 artifacts=8 advent-overaccept=7 reference-disagreement=279 residual-ambiguity=1 same=4263
[4552/100000] reference-disagreement attribute-boundary len=45 artifacts=8 advent-overaccept=7 reference-disagreement=280 residual-ambiguity=1 same=4264
[4558/100000] reference-disagreement wide:closure:block-comment+newline+newline:real:Expressions:1547+translated:testIdentifiers4#1 len=611 artifacts=8 advent-overaccept=7 reference-disagreement=281 residual-ambiguity=1 same=4269
[4559/100000] reference-disagreement grammarish-member-list len=268 artifacts=8 advent-overaccept=7 reference-disagreement=282 residual-ambiguity=1 same=4269
[4567/100000] reference-disagreement member-list-wide-boundary len=145 artifacts=8 advent-overaccept=7 reference-disagreement=283 residual-ambiguity=1 same=4276
[4579/100000] reference-disagreement wide:trailing-closure:raw:translated:testForwardSlashRegexSkippingAllowed12#1+translated:testRecovery166#1 len=114 artifacts=8 advent-overaccept=7 reference-disagreement=284 residual-ambiguity=1 same=4287
[4599/100000] reference-disagreement wide:extension-member:line-comment:real:Syntax+StringInterpolation:291 len=72 artifacts=8 advent-overaccept=7 reference-disagreement=285 residual-ambiguity=1 same=4306
[4613/100000] reference-disagreement wide:closure:space+duplicate+space:phase2-literal:dict-one+real:SyntaxTraits:680 len=91 artifacts=8 advent-overaccept=7 reference-disagreement=286 residual-ambiguity=1 same=4319
[4632/100000] reference-disagreement wide:closure:block-comment+line-comment+newline:real:SwiftSyntaxCompatibility:486 len=577 artifacts=8 advent-overaccept=7 reference-disagreement=287 residual-ambiguity=1 same=4337
[4645/100000] advent-overaccept wide:ifconfig:duplicate:translated:testOperatorDeclDesignatedTypes6#1 len=189 artifacts=9 advent-overaccept=8 reference-disagreement=287 residual-ambiguity=1 same=4349
[4646/100000] reference-disagreement wide:trailing-closure:raw:real:Descriptor:27+translated:testCompositionTypeExpr#9 len=677 artifacts=9 advent-overaccept=8 reference-disagreement=288 residual-ambiguity=1 same=4349
[4693/100000] reference-disagreement wide:closure:glue:declaration:testPrecedenceGroup#2 len=115 artifacts=9 advent-overaccept=8 reference-disagreement=289 residual-ambiguity=1 same=4395
[4723/100000] reference-disagreement wide:extension-member:duplicate:translated:testGenericDisambiguation5#1 len=43 artifacts=9 advent-overaccept=8 reference-disagreement=290 residual-ambiguity=1 same=4424
[4735/100000] advent-underaccept wide:top:delete+splice:expression:testKeypathExpression#11 len=7 artifacts=10 advent-overaccept=8 advent-underaccept=1 reference-disagreement=290 residual-ambiguity=1 same=4435
[4737/100000] reference-disagreement wide:extension-member:glue:real:RenamedChildrenBuilderCompatibility:522 len=1044 artifacts=10 advent-overaccept=8 advent-underaccept=1 reference-disagreement=291 residual-ambiguity=1 same=4436
[4741/100000] reference-disagreement declaration-modifier-stack len=34 artifacts=10 advent-overaccept=8 advent-underaccept=1 reference-disagreement=292 residual-ambiguity=1 same=4439
[4750/100000] same wide:struct-member:raw:translated:testForwardSlashRegex26#1 len=25 artifacts=10 advent-overaccept=8 advent-underaccept=1 reference-disagreement=292 residual-ambiguity=1 same=4448
[4756/100000] reference-disagreement wide:trailing-closure:glue+space:real:SyntaxTraits:682 len=113 artifacts=10 advent-overaccept=8 advent-underaccept=1 reference-disagreement=293 residual-ambiguity=1 same=4453
[4774/100000] reference-disagreement wide:func-body:keyword+block-comment+space:expression:testKeyPathMethodAndInitializers#19 len=64 artifacts=10 advent-overaccept=8 advent-underaccept=1 reference-disagreement=294 residual-ambiguity=1 same=4470
[4804/100000] reference-disagreement declaration-modifier-stack len=34 artifacts=10 advent-overaccept=8 advent-underaccept=1 reference-disagreement=295 residual-ambiguity=1 same=4499
[4834/100000] reference-disagreement wide:extension-member:newline+glue+space:declaration:testModifiedParameter#3 len=73 artifacts=10 advent-overaccept=8 advent-underaccept=1 reference-disagreement=296 residual-ambiguity=1 same=4528
[4837/100000] reference-disagreement wide:closure:line-comment+swap:real:Trivia:150 len=243 artifacts=10 advent-overaccept=8 advent-underaccept=1 reference-disagreement=297 residual-ambiguity=1 same=4530
[4841/100000] reference-disagreement member-list-wide-boundary len=381 artifacts=10 advent-overaccept=8 advent-underaccept=1 reference-disagreement=298 residual-ambiguity=1 same=4533
[4846/100000] reference-disagreement wide:trailing-closure:line-comment+block-comment+block-comment:phase4-import:actor-inherit+real:ResultBuilders:29 len=218 artifacts=10 advent-overaccept=8 advent-underaccept=1 reference-disagreement=299 residual-ambiguity=1 same=4537
[4855/100000] reference-disagreement wide:struct-member:newline+splice:real:ScopeImplementations:34 len=824 artifacts=10 advent-overaccept=8 advent-underaccept=1 reference-disagreement=300 residual-ambiguity=1 same=4545
[4866/100000] reference-disagreement wide:func-body:splice+newline:translated:testConflictMarkers2#1+translated:testMatchingPatterns26#1 len=177 artifacts=10 advent-overaccept=8 advent-underaccept=1 reference-disagreement=301 residual-ambiguity=1 same=4555
[4904/100000] reference-disagreement tspl-divergence-protocol-body len=168 artifacts=10 advent-overaccept=8 advent-underaccept=1 reference-disagreement=302 residual-ambiguity=1 same=4592
[4941/100000] reference-disagreement tspl-divergence-protocol-body len=174 artifacts=10 advent-overaccept=8 advent-underaccept=1 reference-disagreement=303 residual-ambiguity=1 same=4628
[4952/100000] reference-disagreement keypath-boundary len=37 artifacts=10 advent-overaccept=8 advent-underaccept=1 reference-disagreement=304 residual-ambiguity=1 same=4638
[4958/100000] reference-disagreement wide:after-statement:line-comment:translated:testDebugger2#1+phase4-precedence:pg-higher len=118 artifacts=10 advent-overaccept=8 advent-underaccept=1 reference-disagreement=305 residual-ambiguity=1 same=4643
[4965/100000] reference-disagreement wide:closure:space+space+keyword:real:RenamedChildrenBuilderCompatibility:460 len=1285 artifacts=10 advent-overaccept=8 advent-underaccept=1 reference-disagreement=306 residual-ambiguity=1 same=4649
[4978/100000] reference-disagreement statement-list len=530 artifacts=10 advent-overaccept=8 advent-underaccept=1 reference-disagreement=307 residual-ambiguity=1 same=4661
[5000/100000] same import-attribute-boundary len=23 artifacts=10 advent-overaccept=8 advent-underaccept=1 reference-disagreement=307 residual-ambiguity=1 same=4683
[5008/100000] reference-disagreement tspl-divergence-protocol-body len=179 artifacts=10 advent-overaccept=8 advent-underaccept=1 reference-disagreement=308 residual-ambiguity=1 same=4690
[5061/100000] reference-disagreement wide:struct-member:raw:real:ResultBuilders:219 len=193 artifacts=10 advent-overaccept=8 advent-underaccept=1 reference-disagreement=309 residual-ambiguity=1 same=4742
[5065/100000] reference-disagreement wide:trailing-closure:newline:declaration:testAttributedMacroExpansionDeclaration#10 len=68 artifacts=10 advent-overaccept=8 advent-underaccept=1 reference-disagreement=310 residual-ambiguity=1 same=4745
[5073/100000] reference-disagreement binding-pattern len=458 artifacts=10 advent-overaccept=8 advent-underaccept=1 reference-disagreement=311 residual-ambiguity=1 same=4752
[5086/100000] reference-disagreement wide:func-body:raw:translated:testEnum54#1+translated:testAsyncSyntax3#1 len=166 artifacts=10 advent-overaccept=8 advent-underaccept=1 reference-disagreement=312 residual-ambiguity=1 same=4764
[5104/100000] reference-disagreement wide:closure:space+glue:translated:testOriginalDefinedInAttr3#1 len=102 artifacts=10 advent-overaccept=8 advent-underaccept=1 reference-disagreement=313 residual-ambiguity=1 same=4781
[5152/100000] reference-disagreement tspl-divergence-protocol-body len=131 artifacts=10 advent-overaccept=8 advent-underaccept=1 reference-disagreement=314 residual-ambiguity=1 same=4828
[5173/100000] reference-disagreement tspl-divergence-protocol-body len=229 artifacts=10 advent-overaccept=8 advent-underaccept=1 reference-disagreement=315 residual-ambiguity=1 same=4848
[5175/100000] reference-disagreement wide:func-body:newline:real:BuildableNodes:740 len=1082 artifacts=10 advent-overaccept=8 advent-underaccept=1 reference-disagreement=316 residual-ambiguity=1 same=4849
[5192/100000] reference-disagreement wide:closure:line-comment+newline+line-comment:translated:testSwitch45#1 len=99 artifacts=10 advent-overaccept=8 advent-underaccept=1 reference-disagreement=317 residual-ambiguity=1 same=4865
[5197/100000] reference-disagreement wide:func-body:raw:real:BuildableNodes:794 len=1337 artifacts=10 advent-overaccept=8 advent-underaccept=1 reference-disagreement=318 residual-ambiguity=1 same=4869
[5208/100000] reference-disagreement attribute-ifconfig-elseif-list len=129 artifacts=10 advent-overaccept=8 advent-underaccept=1 reference-disagreement=319 residual-ambiguity=1 same=4879
[5250/100000] same operator-decl-boundary len=62 artifacts=10 advent-overaccept=8 advent-underaccept=1 reference-disagreement=319 residual-ambiguity=1 same=4921
[5265/100000] reference-disagreement keypath-boundary len=40 artifacts=10 advent-overaccept=8 advent-underaccept=1 reference-disagreement=320 residual-ambiguity=1 same=4935
[5286/100000] reference-disagreement nested-ifconfig-boundary len=163 artifacts=10 advent-overaccept=8 advent-underaccept=1 reference-disagreement=321 residual-ambiguity=1 same=4955
[5316/100000] reference-disagreement wide:closure:raw:translated:testSwitch42#1 len=85 artifacts=10 advent-overaccept=8 advent-underaccept=1 reference-disagreement=322 residual-ambiguity=1 same=4984
[5323/100000] reference-disagreement wide:trailing-closure:raw:real:SyntaxProtocol:590+translated:testRawString34#1 len=880 artifacts=10 advent-overaccept=8 advent-underaccept=1 reference-disagreement=323 residual-ambiguity=1 same=4990
[5329/100000] reference-disagreement keypath-component-matrix len=41 artifacts=10 advent-overaccept=8 advent-underaccept=1 reference-disagreement=324 residual-ambiguity=1 same=4995
[5354/100000] reference-disagreement wide:after-statement:raw:expression:testKeyPathMethodAndInitializers#19 len=61 artifacts=10 advent-overaccept=8 advent-underaccept=1 reference-disagreement=325 residual-ambiguity=1 same=5019
[5357/100000] reference-disagreement wide:trailing-closure:splice+line-comment+splice:real:SyntaxCollections:224 len=490 artifacts=10 advent-overaccept=8 advent-underaccept=1 reference-disagreement=326 residual-ambiguity=1 same=5021
[5363/100000] reference-disagreement wide:closure:raw:real:SyntaxUtils:57 len=170 artifacts=10 advent-overaccept=8 advent-underaccept=1 reference-disagreement=327 residual-ambiguity=1 same=5026
[5376/100000] reference-disagreement wide:closure:block-comment:real:MacroExpansion:173 len=369 artifacts=10 advent-overaccept=8 advent-underaccept=1 reference-disagreement=328 residual-ambiguity=1 same=5038
[5398/100000] reference-disagreement wide:func-body:block-comment+space:real:ParserDiagnosticMessages:440 len=877 artifacts=10 advent-overaccept=8 advent-underaccept=1 reference-disagreement=329 residual-ambiguity=1 same=5059
[5402/100000] reference-disagreement tspl-divergence-protocol-body len=145 artifacts=10 advent-overaccept=8 advent-underaccept=1 reference-disagreement=330 residual-ambiguity=1 same=5062
[5443/100000] reference-disagreement wide:extension-member:raw:real:ConvenienceInitializers:68 len=138 artifacts=10 advent-overaccept=8 advent-underaccept=1 reference-disagreement=331 residual-ambiguity=1 same=5102
[5474/100000] reference-disagreement wide:closure:raw:phase4-loop:while-let+reject:testMacroRoleNames#1 len=108 artifacts=10 advent-overaccept=8 advent-underaccept=1 reference-disagreement=332 residual-ambiguity=1 same=5132
[5489/100000] reference-disagreement wide:extension-member:raw:real:Macro:22+real:SyntaxExpressibleByStringInterpolationConformances:181 len=378 artifacts=10 advent-overaccept=8 advent-underaccept=1 reference-disagreement=333 residual-ambiguity=1 same=5146
[5495/100000] reference-disagreement attribute-boundary len=47 artifacts=10 advent-overaccept=8 advent-underaccept=1 reference-disagreement=334 residual-ambiguity=1 same=5151
[5500/100000] same frontier:condition-trailing-closure-scope len=514 artifacts=10 advent-overaccept=8 advent-underaccept=1 reference-disagreement=334 residual-ambiguity=1 same=5156
[5515/100000] reference-disagreement attribute-ifconfig-elseif-list len=111 artifacts=10 advent-overaccept=8 advent-underaccept=1 reference-disagreement=335 residual-ambiguity=1 same=5170
[5520/100000] reference-disagreement wide:extension-member:keyword+block-comment:declaration:testUsing#2 len=40 artifacts=10 advent-overaccept=8 advent-underaccept=1 reference-disagreement=336 residual-ambiguity=1 same=5174
[5522/100000] reference-disagreement member-list-wide-boundary len=145 artifacts=10 advent-overaccept=8 advent-underaccept=1 reference-disagreement=337 residual-ambiguity=1 same=5175
[5527/100000] reference-disagreement wide:closure:raw:translated:testSwitch28#1+real:SyntaxTraits:417 len=218 artifacts=10 advent-overaccept=8 advent-underaccept=1 reference-disagreement=338 residual-ambiguity=1 same=5179
[5554/100000] reference-disagreement tspl-divergence-protocol-body len=187 artifacts=10 advent-overaccept=8 advent-underaccept=1 reference-disagreement=339 residual-ambiguity=1 same=5205
[5584/100000] reference-disagreement wide:closure:raw:real:ResultBuilders:732 len=205 artifacts=10 advent-overaccept=8 advent-underaccept=1 reference-disagreement=340 residual-ambiguity=1 same=5234
[5618/100000] reference-disagreement wide:ifconfig:swap:reject:testKeyPathMethodAndInitializers#2 len=22 artifacts=10 advent-overaccept=8 advent-underaccept=1 reference-disagreement=341 residual-ambiguity=1 same=5267
[5627/100000] reference-disagreement wide:before-statement:newline:translated:testOperatorDecl3#1 len=43 artifacts=10 advent-overaccept=8 advent-underaccept=1 reference-disagreement=342 residual-ambiguity=1 same=5275
[5628/100000] reference-disagreement wide:struct-member:block-comment:real:RawSyntax:947 len=234 artifacts=10 advent-overaccept=8 advent-underaccept=1 reference-disagreement=343 residual-ambiguity=1 same=5275
[5642/100000] reference-disagreement wide:before-statement:raw:translated:testSubscripting19#1 len=104 artifacts=10 advent-overaccept=8 advent-underaccept=1 reference-disagreement=344 residual-ambiguity=1 same=5288
[5653/100000] reference-disagreement wide:extension-member:line-comment+splice:real:FixItApplier:146 len=456 artifacts=10 advent-overaccept=8 advent-underaccept=1 reference-disagreement=345 residual-ambiguity=1 same=5298
[5682/100000] reference-disagreement wide:ifconfig:glue:reject:testCoroutineAccessors#2 len=87 artifacts=10 advent-overaccept=8 advent-underaccept=1 reference-disagreement=346 residual-ambiguity=1 same=5326
[5687/100000] reference-disagreement wide:extension-member:splice+space+line-comment:real:EditorPlaceholder:13 len=368 artifacts=10 advent-overaccept=8 advent-underaccept=1 reference-disagreement=347 residual-ambiguity=1 same=5330
[5699/100000] reference-disagreement wide:func-body:splice:real:SyntaxCollections:2140 len=504 artifacts=10 advent-overaccept=8 advent-underaccept=1 reference-disagreement=348 residual-ambiguity=1 same=5341
[5706/100000] reference-disagreement wide:top:newline+splice:translated:testInitDeinit20#1 len=58 artifacts=10 advent-overaccept=8 advent-underaccept=1 reference-disagreement=349 residual-ambiguity=1 same=5347
[5718/100000] reference-disagreement wide:closure:block-comment+newline:translated:testDiagnoseAvailabilityWindows6#1+statement:testYield#2 len=506 artifacts=10 advent-overaccept=8 advent-underaccept=1 reference-disagreement=350 residual-ambiguity=1 same=5358
[5750/100000] same wide:closure:newline+swap:real:Syntax+StringInterpolation:348 len=205 artifacts=10 advent-overaccept=8 advent-underaccept=1 reference-disagreement=350 residual-ambiguity=1 same=5390
[5776/100000] reference-disagreement statement-list len=549 artifacts=10 advent-overaccept=8 advent-underaccept=1 reference-disagreement=351 residual-ambiguity=1 same=5415
[5785/100000] reference-disagreement wide:struct-member:line-comment+glue:real:Cursor:646 len=770 artifacts=10 advent-overaccept=8 advent-underaccept=1 reference-disagreement=352 residual-ambiguity=1 same=5423
[5832/100000] reference-disagreement keypath-component-matrix len=40 artifacts=10 advent-overaccept=8 advent-underaccept=1 reference-disagreement=353 residual-ambiguity=1 same=5469
[5840/100000] reference-disagreement seed-corpus-wrapped:operator-question-assignment len=111 artifacts=10 advent-overaccept=8 advent-underaccept=1 reference-disagreement=354 residual-ambiguity=1 same=5476
[5845/100000] reference-disagreement wide:extension-member:newline+space:real:SyntaxTraits:706 len=79 artifacts=10 advent-overaccept=8 advent-underaccept=1 reference-disagreement=355 residual-ambiguity=1 same=5480
[5876/100000] advent-overaccept wide:ifconfig:keyword+block-comment:declaration:testUsing#11 len=45 artifacts=11 advent-overaccept=9 advent-underaccept=1 reference-disagreement=355 residual-ambiguity=1 same=5510
[5878/100000] reference-disagreement tspl-divergence-protocol-body len=260 artifacts=11 advent-overaccept=9 advent-underaccept=1 reference-disagreement=356 residual-ambiguity=1 same=5511
[5882/100000] reference-disagreement member-list-wide-boundary len=208 artifacts=11 advent-overaccept=9 advent-underaccept=1 reference-disagreement=357 residual-ambiguity=1 same=5514
[5912/100000] reference-disagreement wide:after-statement:raw:translated:testEnum83#1 len=52 artifacts=11 advent-overaccept=9 advent-underaccept=1 reference-disagreement=358 residual-ambiguity=1 same=5543
[5946/100000] reference-disagreement attribute-ifconfig-elseif-list len=133 artifacts=11 advent-overaccept=9 advent-underaccept=1 reference-disagreement=359 residual-ambiguity=1 same=5576
[5949/100000] reference-disagreement member-list-wide-boundary len=222 artifacts=11 advent-overaccept=9 advent-underaccept=1 reference-disagreement=360 residual-ambiguity=1 same=5578
[5951/100000] reference-disagreement wide:trailing-closure:newline+space+line-comment:attribute:testIsolatedTypeAttribute#2 len=53 artifacts=11 advent-overaccept=9 advent-underaccept=1 reference-disagreement=361 residual-ambiguity=1 same=5579
[5998/100000] reference-disagreement grammarish-member-list len=332 artifacts=11 advent-overaccept=9 advent-underaccept=1 reference-disagreement=362 residual-ambiguity=1 same=5625
[6000/100000] same frontier:interpolation-delimiter len=358 artifacts=11 advent-overaccept=9 advent-underaccept=1 reference-disagreement=362 residual-ambiguity=1 same=5627
[6018/100000] reference-disagreement declaration-modifier-stack len=34 artifacts=11 advent-overaccept=9 advent-underaccept=1 reference-disagreement=363 residual-ambiguity=1 same=5644
[6020/100000] reference-disagreement wide:func-body:raw:real:ResultBuilders:319 len=136 artifacts=11 advent-overaccept=9 advent-underaccept=1 reference-disagreement=364 residual-ambiguity=1 same=5645
[6047/100000] reference-disagreement wide:before-statement:newline:phase4-closure:closure-in-call+translated:testSubscripting19#1 len=126 artifacts=11 advent-overaccept=9 advent-underaccept=1 reference-disagreement=365 residual-ambiguity=1 same=5671
[6057/100000] reference-disagreement wide:func-body:newline:phase2-infix:compare+real:DeclSyntaxParseable:55 len=80 artifacts=11 advent-overaccept=9 advent-underaccept=1 reference-disagreement=366 residual-ambiguity=1 same=5680
[6066/100000] reference-disagreement wide:after-statement:raw:declaration:testOperators#2 len=292 artifacts=11 advent-overaccept=9 advent-underaccept=1 reference-disagreement=367 residual-ambiguity=1 same=5688
[6075/100000] reference-disagreement tspl-divergence-protocol-body len=159 artifacts=11 advent-overaccept=9 advent-underaccept=1 reference-disagreement=368 residual-ambiguity=1 same=5696
[6082/100000] reference-disagreement func-body len=467 artifacts=11 advent-overaccept=9 advent-underaccept=1 reference-disagreement=369 residual-ambiguity=1 same=5702
[6097/100000] reference-disagreement wide:struct-member:newline+block-comment:reject:testAccessLevelModifier#1 len=308 artifacts=11 advent-overaccept=9 advent-underaccept=1 reference-disagreement=370 residual-ambiguity=1 same=5716
[6101/100000] reference-disagreement wide:closure:raw:phase4-misc:typealias-public+phase4-keypath:kp-force-spaced-dot len=69 artifacts=11 advent-overaccept=9 advent-underaccept=1 reference-disagreement=371 residual-ambiguity=1 same=5719
[6111/100000] reference-disagreement wide:struct-member:raw:translated:testInitDeinit16#1 len=69 artifacts=11 advent-overaccept=9 advent-underaccept=1 reference-disagreement=372 residual-ambiguity=1 same=5728
[6121/100000] reference-disagreement wide:ifconfig:raw:declaration:testLiteralInitializerWithTrailingClosure#1+phase3-function:func-return len=58 artifacts=11 advent-overaccept=9 advent-underaccept=1 reference-disagreement=373 residual-ambiguity=1 same=5737
[6131/100000] reference-disagreement wide:before-statement:delete:declaration:testWhereClauseWithFunctionType#1 len=70 artifacts=11 advent-overaccept=9 advent-underaccept=1 reference-disagreement=374 residual-ambiguity=1 same=5746
[6135/100000] reference-disagreement tspl-divergence-protocol-body len=247 artifacts=11 advent-overaccept=9 advent-underaccept=1 reference-disagreement=375 residual-ambiguity=1 same=5749
[6150/100000] reference-disagreement grammarish-member-list len=543 artifacts=11 advent-overaccept=9 advent-underaccept=1 reference-disagreement=376 residual-ambiguity=1 same=5763
[6154/100000] reference-disagreement tspl-divergence-protocol-body len=202 artifacts=11 advent-overaccept=9 advent-underaccept=1 reference-disagreement=377 residual-ambiguity=1 same=5766
[6179/100000] reference-disagreement wide:struct-member:glue+glue+glue:real:IdentifiableSyntax:58 len=121 artifacts=11 advent-overaccept=9 advent-underaccept=1 reference-disagreement=378 residual-ambiguity=1 same=5790
[6182/100000] reference-disagreement wide:func-body:raw:real:SyntaxExtensions:72+real:SyntaxNodeWithBody:185 len=1326 artifacts=11 advent-overaccept=9 advent-underaccept=1 reference-disagreement=379 residual-ambiguity=1 same=5792
[6193/100000] reference-disagreement wide:trailing-closure:newline+keyword:translated:testTry8#1 len=113 artifacts=11 advent-overaccept=9 advent-underaccept=1 reference-disagreement=380 residual-ambiguity=1 same=5802
[6216/100000] reference-disagreement tspl-divergence-protocol-body len=160 artifacts=11 advent-overaccept=9 advent-underaccept=1 reference-disagreement=381 residual-ambiguity=1 same=5824
[6221/100000] reference-disagreement wide:extension-member:line-comment:real:SyntaxExpressibleByStringInterpolationConformances:151 len=101 artifacts=11 advent-overaccept=9 advent-underaccept=1 reference-disagreement=382 residual-ambiguity=1 same=5828
[6238/100000] reference-disagreement member-list-wide-boundary len=536 artifacts=11 advent-overaccept=9 advent-underaccept=1 reference-disagreement=383 residual-ambiguity=1 same=5844
[6250/100000] same type-let len=49 artifacts=11 advent-overaccept=9 advent-underaccept=1 reference-disagreement=383 residual-ambiguity=1 same=5856
[6253/100000] reference-disagreement wide:func-body:glue:real:SyntaxEditUtils:22 len=156 artifacts=11 advent-overaccept=9 advent-underaccept=1 reference-disagreement=384 residual-ambiguity=1 same=5858
[6271/100000] reference-disagreement wide:extension-member:raw:real:CallLikeSyntax:28 len=87 artifacts=11 advent-overaccept=9 advent-underaccept=1 reference-disagreement=385 residual-ambiguity=1 same=5875
[6278/100000] reference-disagreement wide:trailing-closure:space:real:Descriptor:27 len=663 artifacts=11 advent-overaccept=9 advent-underaccept=1 reference-disagreement=386 residual-ambiguity=1 same=5881
[6279/100000] reference-disagreement grammarish-member-list len=275 artifacts=11 advent-overaccept=9 advent-underaccept=1 reference-disagreement=387 residual-ambiguity=1 same=5881
[6305/100000] reference-disagreement wide:top:space+line-comment+space:translated:testDeprecatedWhere3#1 len=313 artifacts=11 advent-overaccept=9 advent-underaccept=1 reference-disagreement=388 residual-ambiguity=1 same=5906
[6307/100000] reference-disagreement attribute-ifconfig-elseif-list len=114 artifacts=11 advent-overaccept=9 advent-underaccept=1 reference-disagreement=389 residual-ambiguity=1 same=5907
[6313/100000] reference-disagreement wide:trailing-closure:glue+space+newline:attribute:testDocumentationAttribute#4 len=89 artifacts=11 advent-overaccept=9 advent-underaccept=1 reference-disagreement=390 residual-ambiguity=1 same=5912
[6316/100000] reference-disagreement wide:extension-member:raw:real:SwiftSyntaxCompatibility:813 len=218 artifacts=11 advent-overaccept=9 advent-underaccept=1 reference-disagreement=391 residual-ambiguity=1 same=5914
[6324/100000] reference-disagreement wide:func-body:raw:real:ScopeImplementations:978 len=291 artifacts=11 advent-overaccept=9 advent-underaccept=1 reference-disagreement=392 residual-ambiguity=1 same=5921
[6345/100000] reference-disagreement wide:closure:newline+block-comment:translated:testOptionalChainLvalues5#1 len=155 artifacts=11 advent-overaccept=9 advent-underaccept=1 reference-disagreement=393 residual-ambiguity=1 same=5941
[6355/100000] reference-disagreement wide:closure:space:phase4-closure:closure-noparams-result+real:ParserDiagnosticMessages:750 len=213 artifacts=11 advent-overaccept=9 advent-underaccept=1 reference-disagreement=394 residual-ambiguity=1 same=5950
[6371/100000] reference-disagreement statement-list len=593 artifacts=11 advent-overaccept=9 advent-underaccept=1 reference-disagreement=395 residual-ambiguity=1 same=5965
[6392/100000] reference-disagreement attribute-ifconfig-elseif-list len=123 artifacts=11 advent-overaccept=9 advent-underaccept=1 reference-disagreement=396 residual-ambiguity=1 same=5985
[6436/100000] reference-disagreement wide:func-body:raw:real:ParserDiagnosticMessages:799 len=408 artifacts=11 advent-overaccept=9 advent-underaccept=1 reference-disagreement=397 residual-ambiguity=1 same=6028
[6450/100000] reference-disagreement wide:func-body:line-comment:real:SyntaxExpressibleByStringInterpolationConformances:70 len=112 artifacts=11 advent-overaccept=9 advent-underaccept=1 reference-disagreement=398 residual-ambiguity=1 same=6041
[6474/100000] advent-overaccept wide:ifconfig:newline+block-comment:translated:testRegex5#1 len=71 artifacts=12 advent-overaccept=10 advent-underaccept=1 reference-disagreement=398 residual-ambiguity=1 same=6064
[6485/100000] reference-disagreement grammarish-member-list len=293 artifacts=12 advent-overaccept=10 advent-underaccept=1 reference-disagreement=399 residual-ambiguity=1 same=6074
[6488/100000] reference-disagreement wide:func-body:space+block-comment:real:ResultBuilders:141+type:testClosureSignatures#2 len=261 artifacts=12 advent-overaccept=10 advent-underaccept=1 reference-disagreement=400 residual-ambiguity=1 same=6076
[6490/100000] reference-disagreement wide:closure:duplicate+splice:phase2-infix:add-mul len=44 artifacts=12 advent-overaccept=10 advent-underaccept=1 reference-disagreement=401 residual-ambiguity=1 same=6077
[6495/100000] reference-disagreement wide:trailing-closure:raw:reject:testForwardSlashRegex142#1 len=18 artifacts=12 advent-overaccept=10 advent-underaccept=1 reference-disagreement=402 residual-ambiguity=1 same=6081
[6500/100000] same generic-decl len=38 artifacts=12 advent-overaccept=10 advent-underaccept=1 reference-disagreement=402 residual-ambiguity=1 same=6086
[6548/100000] reference-disagreement keypath-component-matrix len=50 artifacts=12 advent-overaccept=10 advent-underaccept=1 reference-disagreement=403 residual-ambiguity=1 same=6133
[6571/100000] reference-disagreement wide:extension-member:raw:real:BuildableNodes:238 len=1258 artifacts=12 advent-overaccept=10 advent-underaccept=1 reference-disagreement=404 residual-ambiguity=1 same=6155
[6572/100000] reference-disagreement member-list-wide-boundary len=237 artifacts=12 advent-overaccept=10 advent-underaccept=1 reference-disagreement=405 residual-ambiguity=1 same=6155
[6592/100000] reference-disagreement attribute-ifconfig-elseif-list len=119 artifacts=12 advent-overaccept=10 advent-underaccept=1 reference-disagreement=406 residual-ambiguity=1 same=6174
[6598/100000] reference-disagreement wide:func-body:raw:real:SyntaxTraits:18 len=372 artifacts=12 advent-overaccept=10 advent-underaccept=1 reference-disagreement=407 residual-ambiguity=1 same=6179
[6601/100000] reference-disagreement grammarish-member-list len=256 artifacts=12 advent-overaccept=10 advent-underaccept=1 reference-disagreement=408 residual-ambiguity=1 same=6181
[6611/100000] reference-disagreement wide:struct-member:newline+block-comment:translated:testDeinitInSwiftinterfaceIsFollowedByFinalFunc#1+phase4-pattern:case-tuple-bind len=124 artifacts=12 advent-overaccept=10 advent-underaccept=1 reference-disagreement=409 residual-ambiguity=1 same=6190
[6614/100000] reference-disagreement wide:extension-member:delete+block-comment+block-comment:real:ManifestEditError:28 len=899 artifacts=12 advent-overaccept=10 advent-underaccept=1 reference-disagreement=410 residual-ambiguity=1 same=6192
[6638/100000] reference-disagreement member-list-wide-boundary len=180 artifacts=12 advent-overaccept=10 advent-underaccept=1 reference-disagreement=411 residual-ambiguity=1 same=6215
[6641/100000] reference-disagreement wide:top:duplicate:real:CustomTraits:35 len=165 artifacts=12 advent-overaccept=10 advent-underaccept=1 reference-disagreement=412 residual-ambiguity=1 same=6217
[6665/100000] reference-disagreement wide:trailing-closure:raw:translated:testSwitch13#1 len=45 artifacts=12 advent-overaccept=10 advent-underaccept=1 reference-disagreement=413 residual-ambiguity=1 same=6240
[6672/100000] reference-disagreement tspl-divergence-protocol-body len=179 artifacts=12 advent-overaccept=10 advent-underaccept=1 reference-disagreement=414 residual-ambiguity=1 same=6246
[6679/100000] reference-disagreement attribute-ifconfig-elseif-list len=130 artifacts=12 advent-overaccept=10 advent-underaccept=1 reference-disagreement=415 residual-ambiguity=1 same=6252
[6681/100000] reference-disagreement wide:trailing-closure:raw:real:Oracle:168+declaration:testAttributedMacroExpansionDeclaration#7 len=136 artifacts=12 advent-overaccept=10 advent-underaccept=1 reference-disagreement=416 residual-ambiguity=1 same=6253
[6685/100000] reference-disagreement wide:struct-member:splice+newline+newline:real:AddPackageDependency:127 len=278 artifacts=12 advent-overaccept=10 advent-underaccept=1 reference-disagreement=417 residual-ambiguity=1 same=6256
[6688/100000] reference-disagreement declaration-modifier-stack len=34 artifacts=12 advent-overaccept=10 advent-underaccept=1 reference-disagreement=418 residual-ambiguity=1 same=6258
[6700/100000] reference-disagreement wide:trailing-closure:newline:translated:testOperatorDeclDesignatedTypes1#1 len=66 artifacts=12 advent-overaccept=10 advent-underaccept=1 reference-disagreement=419 residual-ambiguity=1 same=6269
[6748/100000] advent-overaccept wide:closure:newline:reject:testForwardSlashRegex18#1 len=41 artifacts=13 advent-overaccept=11 advent-underaccept=1 reference-disagreement=419 residual-ambiguity=1 same=6316
[6749/100000] reference-disagreement cast-try-operator-cluster len=24 artifacts=13 advent-overaccept=11 advent-underaccept=1 reference-disagreement=420 residual-ambiguity=1 same=6316
[6750/100000] reference-disagreement wide:struct-member:line-comment+newline+splice:translated:testTry7#1 len=112 artifacts=13 advent-overaccept=11 advent-underaccept=1 reference-disagreement=421 residual-ambiguity=1 same=6316
[6757/100000] reference-disagreement wide:func-body:space:real:ParserDiagnosticMessages:505 len=323 artifacts=13 advent-overaccept=11 advent-underaccept=1 reference-disagreement=422 residual-ambiguity=1 same=6322
[6768/100000] reference-disagreement wide:trailing-closure:keyword:reject:testCoroutineAccessors#2 len=87 artifacts=13 advent-overaccept=11 advent-underaccept=1 reference-disagreement=423 residual-ambiguity=1 same=6332
[6769/100000] reference-disagreement wide:func-body:newline+newline+keyword:real:ConvenienceInitializers:230 len=71 artifacts=13 advent-overaccept=11 advent-underaccept=1 reference-disagreement=424 residual-ambiguity=1 same=6332
[6780/100000] reference-disagreement wide:extension-member:raw:translated:testInitDeinit25#1+declaration:testModifiedParameter#2 len=116 artifacts=13 advent-overaccept=11 advent-underaccept=1 reference-disagreement=425 residual-ambiguity=1 same=6342
[6787/100000] reference-disagreement wide:struct-member:duplicate:translated:testDeinitInSwiftinterfaceIsFollowedByFinalFunc#1 len=65 artifacts=13 advent-overaccept=11 advent-underaccept=1 reference-disagreement=426 residual-ambiguity=1 same=6348
[6788/100000] reference-disagreement wide:trailing-closure:raw:real:ResultBuilders:371 len=123 artifacts=13 advent-overaccept=11 advent-underaccept=1 reference-disagreement=427 residual-ambiguity=1 same=6348
[6791/100000] reference-disagreement wide:struct-member:newline:real:SyntaxLiteralUtils:28+real:SyntaxTraits:764 len=421 artifacts=13 advent-overaccept=11 advent-underaccept=1 reference-disagreement=428 residual-ambiguity=1 same=6350
[6793/100000] reference-disagreement wide:closure:raw:translated:testMatchingPatterns16#1+real:DeclSyntaxParseable:44 len=108 artifacts=13 advent-overaccept=11 advent-underaccept=1 reference-disagreement=429 residual-ambiguity=1 same=6351
[6804/100000] reference-disagreement wide:struct-member:block-comment+space+line-comment:translated:testSemicolon8#1 len=41 artifacts=13 advent-overaccept=11 advent-underaccept=1 reference-disagreement=430 residual-ambiguity=1 same=6361
[6811/100000] reference-disagreement attribute-ifconfig-elseif-list len=114 artifacts=13 advent-overaccept=11 advent-underaccept=1 reference-disagreement=431 residual-ambiguity=1 same=6367
[6835/100000] reference-disagreement wide:extension-member:newline:real:ConvenienceInitializers:40 len=170 artifacts=13 advent-overaccept=11 advent-underaccept=1 reference-disagreement=432 residual-ambiguity=1 same=6390
[6844/100000] reference-disagreement wide:func-body:raw:translated:testSwitch53#1+real:Nominals:381 len=419 artifacts=13 advent-overaccept=11 advent-underaccept=1 reference-disagreement=433 residual-ambiguity=1 same=6398
[6859/100000] reference-disagreement wide:closure:glue:real:ResultBuilders:51+phase4-misc:unavail-cond len=433 artifacts=13 advent-overaccept=11 advent-underaccept=1 reference-disagreement=434 residual-ambiguity=1 same=6412
[6867/100000] reference-disagreement tspl-divergence-protocol-body len=184 artifacts=13 advent-overaccept=11 advent-underaccept=1 reference-disagreement=435 residual-ambiguity=1 same=6419
[6881/100000] reference-disagreement wide:trailing-closure:newline:real:PackageTarget:161 len=132 artifacts=13 advent-overaccept=11 advent-underaccept=1 reference-disagreement=436 residual-ambiguity=1 same=6432
[6893/100000] advent-overaccept wide:top:raw:type:testLifetimeSpecifier#2 len=31 artifacts=14 advent-overaccept=12 advent-underaccept=1 reference-disagreement=436 residual-ambiguity=1 same=6443
[6899/100000] reference-disagreement keypath-component-matrix len=34 artifacts=14 advent-overaccept=12 advent-underaccept=1 reference-disagreement=437 residual-ambiguity=1 same=6448
[6914/100000] reference-disagreement binding-pattern len=458 artifacts=14 advent-overaccept=12 advent-underaccept=1 reference-disagreement=438 residual-ambiguity=1 same=6462
[6921/100000] reference-disagreement wide:closure:raw:real:ScopeImplementations:746+translated:testRawString24#1 len=198 artifacts=14 advent-overaccept=12 advent-underaccept=1 reference-disagreement=439 residual-ambiguity=1 same=6468
[6952/100000] reference-disagreement wide:closure:newline+newline:attribute:testDifferentiableAttribute#1 len=139 artifacts=14 advent-overaccept=12 advent-underaccept=1 reference-disagreement=440 residual-ambiguity=1 same=6498
[6954/100000] reference-disagreement wide:closure:raw:phase4-closure:trailing-only+real:SyntaxBaseNodes:325 len=91 artifacts=14 advent-overaccept=12 advent-underaccept=1 reference-disagreement=441 residual-ambiguity=1 same=6499
[6970/100000] reference-disagreement func-body len=458 artifacts=14 advent-overaccept=12 advent-underaccept=1 reference-disagreement=442 residual-ambiguity=1 same=6514
[6975/100000] reference-disagreement wide:extension-member:raw:translated:testEffectfulProperties9#1 len=138 artifacts=14 advent-overaccept=12 advent-underaccept=1 reference-disagreement=443 residual-ambiguity=1 same=6518
[6980/100000] reference-disagreement wide:extension-member:raw:real:SyntaxTraits:782 len=154 artifacts=14 advent-overaccept=12 advent-underaccept=1 reference-disagreement=444 residual-ambiguity=1 same=6522
[7000/100000] same wide:interpolation:line-comment+splice:real:SyntaxTraits:770 len=78 artifacts=14 advent-overaccept=12 advent-underaccept=1 reference-disagreement=444 residual-ambiguity=1 same=6542
[7017/100000] reference-disagreement wide:before-statement:duplicate+block-comment:statement:testIf#1 len=44 artifacts=14 advent-overaccept=12 advent-underaccept=1 reference-disagreement=445 residual-ambiguity=1 same=6558
[7027/100000] reference-disagreement binding-pattern len=458 artifacts=14 advent-overaccept=12 advent-underaccept=1 reference-disagreement=446 residual-ambiguity=1 same=6567
[7040/100000] reference-disagreement wide:interpolation:raw:expression:testKeyPathMethodAndInitializers#1 len=24 artifacts=14 advent-overaccept=12 advent-underaccept=1 reference-disagreement=447 residual-ambiguity=1 same=6579
[7055/100000] reference-disagreement declaration-modifier-stack len=34 artifacts=14 advent-overaccept=12 advent-underaccept=1 reference-disagreement=448 residual-ambiguity=1 same=6593
[7063/100000] reference-disagreement wide:trailing-closure:glue:real:SyntaxTraits:724 len=66 artifacts=14 advent-overaccept=12 advent-underaccept=1 reference-disagreement=449 residual-ambiguity=1 same=6600
[7100/100000] reference-disagreement wide:func-body:line-comment+keyword+line-comment:real:MissingNodeInitializers:110+real:SwiftSyntaxCompatibility:460 len=287 artifacts=14 advent-overaccept=12 advent-underaccept=1 reference-disagreement=450 residual-ambiguity=1 same=6636
[7107/100000] reference-disagreement statement-list len=496 artifacts=14 advent-overaccept=12 advent-underaccept=1 reference-disagreement=451 residual-ambiguity=1 same=6642
[7116/100000] reference-disagreement wide:struct-member:space+space:real:Syntax:353 len=239 artifacts=14 advent-overaccept=12 advent-underaccept=1 reference-disagreement=452 residual-ambiguity=1 same=6650
[7125/100000] reference-disagreement wide:closure:block-comment:real:Syntax+StringInterpolation:233 len=826 artifacts=14 advent-overaccept=12 advent-underaccept=1 reference-disagreement=453 residual-ambiguity=1 same=6658
[7131/100000] reference-disagreement tspl-divergence-protocol-body len=185 artifacts=14 advent-overaccept=12 advent-underaccept=1 reference-disagreement=454 residual-ambiguity=1 same=6663
[7134/100000] reference-disagreement wide:trailing-closure:splice:real:SourceLength:61 len=979 artifacts=14 advent-overaccept=12 advent-underaccept=1 reference-disagreement=455 residual-ambiguity=1 same=6665
[7161/100000] reference-disagreement keypath-boundary len=38 artifacts=14 advent-overaccept=12 advent-underaccept=1 reference-disagreement=456 residual-ambiguity=1 same=6691
[7170/100000] reference-disagreement wide:func-body:keyword:real:Convenience:44+translated:testSubscripting7#1 len=696 artifacts=14 advent-overaccept=12 advent-underaccept=1 reference-disagreement=457 residual-ambiguity=1 same=6699
[7173/100000] reference-disagreement tspl-divergence-protocol-body len=273 artifacts=14 advent-overaccept=12 advent-underaccept=1 reference-disagreement=458 residual-ambiguity=1 same=6701
[7176/100000] reference-disagreement wide:closure:space+line-comment:phase3-enum-case:case-ifconfig+real:Syntax+Assertions:158 len=575 artifacts=14 advent-overaccept=12 advent-underaccept=1 reference-disagreement=459 residual-ambiguity=1 same=6703
[7181/100000] reference-disagreement attribute-boundary len=45 artifacts=14 advent-overaccept=12 advent-underaccept=1 reference-disagreement=460 residual-ambiguity=1 same=6707
[7237/100000] reference-disagreement wide:trailing-closure:newline+duplicate+space:translated:testBuiltinBridgeObject3#1 len=26 artifacts=14 advent-overaccept=12 advent-underaccept=1 reference-disagreement=461 residual-ambiguity=1 same=6762
[7250/100000] same macro-attribute-directive-boundary len=97 artifacts=14 advent-overaccept=12 advent-underaccept=1 reference-disagreement=461 residual-ambiguity=1 same=6775
[7270/100000] reference-disagreement cast-try-operator-cluster len=24 artifacts=14 advent-overaccept=12 advent-underaccept=1 reference-disagreement=462 residual-ambiguity=1 same=6794
[7280/100000] reference-disagreement wide:trailing-closure:raw:real:StringLiterals:758 len=178 artifacts=14 advent-overaccept=12 advent-underaccept=1 reference-disagreement=463 residual-ambiguity=1 same=6803
[7301/100000] reference-disagreement statement-list len=596 artifacts=14 advent-overaccept=12 advent-underaccept=1 reference-disagreement=464 residual-ambiguity=1 same=6823
[7310/100000] reference-disagreement wide:top:line-comment:declaration:testParseDynamicReplacement#2 len=143 artifacts=14 advent-overaccept=12 advent-underaccept=1 reference-disagreement=465 residual-ambiguity=1 same=6831
[7352/100000] reference-disagreement grammarish-member-list len=190 artifacts=14 advent-overaccept=12 advent-underaccept=1 reference-disagreement=466 residual-ambiguity=1 same=6872
[7365/100000] reference-disagreement wide:func-body:space:translated:testOriginalDefinedInAttr10#1 len=171 artifacts=14 advent-overaccept=12 advent-underaccept=1 reference-disagreement=467 residual-ambiguity=1 same=6884
[7370/100000] reference-disagreement wide:closure:space+space:real:ExtensionMacro:21 len=1085 artifacts=14 advent-overaccept=12 advent-underaccept=1 reference-disagreement=468 residual-ambiguity=1 same=6888
[7373/100000] reference-disagreement grammarish-member-list len=139 artifacts=14 advent-overaccept=12 advent-underaccept=1 reference-disagreement=469 residual-ambiguity=1 same=6890
[7379/100000] reference-disagreement wide:struct-member:splice+newline:reject:testEnumCaseWithGenericParameter#2 len=53 artifacts=14 advent-overaccept=12 advent-underaccept=1 reference-disagreement=470 residual-ambiguity=1 same=6895
[7388/100000] reference-disagreement wide:struct-member:line-comment:real:BuildableNodes:1282 len=636 artifacts=14 advent-overaccept=12 advent-underaccept=1 reference-disagreement=471 residual-ambiguity=1 same=6903
[7407/100000] reference-disagreement tspl-divergence-protocol-body len=154 artifacts=14 advent-overaccept=12 advent-underaccept=1 reference-disagreement=472 residual-ambiguity=1 same=6921
[7414/100000] reference-disagreement wide:struct-member:space:real:ConvenienceInitializers:230 len=89 artifacts=14 advent-overaccept=12 advent-underaccept=1 reference-disagreement=473 residual-ambiguity=1 same=6927
[7415/100000] reference-disagreement wide:struct-member:delete+keyword:real:Expressions:2820 len=546 artifacts=14 advent-overaccept=12 advent-underaccept=1 reference-disagreement=474 residual-ambiguity=1 same=6927
[7440/100000] reference-disagreement wide:top:raw:fuzz-harvest:requirement-layout len=30 artifacts=14 advent-overaccept=12 advent-underaccept=1 reference-disagreement=475 residual-ambiguity=1 same=6951
[7444/100000] reference-disagreement wide:before-statement:block-comment:translated:testInitDeinit20#1 len=83 artifacts=14 advent-overaccept=12 advent-underaccept=1 reference-disagreement=476 residual-ambiguity=1 same=6954
[7453/100000] reference-disagreement wide:func-body:newline:real:MissingNodesError:361 len=305 artifacts=14 advent-overaccept=12 advent-underaccept=1 reference-disagreement=477 residual-ambiguity=1 same=6962
[7458/100000] advent-overaccept wide:trailing-closure:raw:declaration:testUsing#1 len=25 artifacts=15 advent-overaccept=13 advent-underaccept=1 reference-disagreement=477 residual-ambiguity=1 same=6966
[7492/100000] reference-disagreement member-list-wide-boundary len=290 artifacts=15 advent-overaccept=13 advent-underaccept=1 reference-disagreement=478 residual-ambiguity=1 same=6999
[7500/100000] same grammarish-member-list len=340 artifacts=15 advent-overaccept=13 advent-underaccept=1 reference-disagreement=478 residual-ambiguity=1 same=7007
[7544/100000] reference-disagreement binding-pattern len=458 artifacts=15 advent-overaccept=13 advent-underaccept=1 reference-disagreement=479 residual-ambiguity=1 same=7050
[7553/100000] reference-disagreement tspl-divergence-protocol-body len=84 artifacts=15 advent-overaccept=13 advent-underaccept=1 reference-disagreement=480 residual-ambiguity=1 same=7058
[7562/100000] reference-disagreement wide:closure:newline+keyword+keyword:real:MacroSystem:1543 len=477 artifacts=15 advent-overaccept=13 advent-underaccept=1 reference-disagreement=481 residual-ambiguity=1 same=7066
[7574/100000] reference-disagreement keypath-component-matrix len=33 artifacts=15 advent-overaccept=13 advent-underaccept=1 reference-disagreement=482 residual-ambiguity=1 same=7077
[7582/100000] reference-disagreement attribute-ifconfig-elseif-list len=121 artifacts=15 advent-overaccept=13 advent-underaccept=1 reference-disagreement=483 residual-ambiguity=1 same=7084
[7601/100000] reference-disagreement wide:after-statement:space+newline:real:SyntaxEnum:1291 len=910 artifacts=15 advent-overaccept=13 advent-underaccept=1 reference-disagreement=484 residual-ambiguity=1 same=7102
[7638/100000] reference-disagreement wide:trailing-closure:newline:real:ScopeImplementations:752 len=172 artifacts=15 advent-overaccept=13 advent-underaccept=1 reference-disagreement=485 residual-ambiguity=1 same=7138
[7646/100000] reference-disagreement binding-pattern len=458 artifacts=15 advent-overaccept=13 advent-underaccept=1 reference-disagreement=486 residual-ambiguity=1 same=7145
[7650/100000] reference-disagreement wide:extension-member:raw:real:MacroExpansion:41 len=584 artifacts=15 advent-overaccept=13 advent-underaccept=1 reference-disagreement=487 residual-ambiguity=1 same=7148
[7658/100000] reference-disagreement wide:struct-member:line-comment+splice:real:SyntaxLiteralUtils:28 len=302 artifacts=15 advent-overaccept=13 advent-underaccept=1 reference-disagreement=488 residual-ambiguity=1 same=7155
[7669/100000] reference-disagreement cast-try-operator-cluster len=24 artifacts=15 advent-overaccept=13 advent-underaccept=1 reference-disagreement=489 residual-ambiguity=1 same=7165
[7676/100000] reference-disagreement wide:func-body:raw:reject:testForwardSlashRegex142#1 len=25 artifacts=15 advent-overaccept=13 advent-underaccept=1 reference-disagreement=490 residual-ambiguity=1 same=7171
[7695/100000] reference-disagreement wide:trailing-closure:glue:reject:testInitAccessorsWithDefaultValues#1 len=121 artifacts=15 advent-overaccept=13 advent-underaccept=1 reference-disagreement=491 residual-ambiguity=1 same=7189
[7711/100000] reference-disagreement wide:struct-member:delete:real:MissingNodeInitializers:58 len=138 artifacts=15 advent-overaccept=13 advent-underaccept=1 reference-disagreement=492 residual-ambiguity=1 same=7204
[7738/100000] reference-disagreement grammarish-member-list len=443 artifacts=15 advent-overaccept=13 advent-underaccept=1 reference-disagreement=493 residual-ambiguity=1 same=7230
[7745/100000] reference-disagreement wide:func-body:raw:real:Syntax+StringInterpolation:498 len=1007 artifacts=15 advent-overaccept=13 advent-underaccept=1 reference-disagreement=494 residual-ambiguity=1 same=7236
[7750/100000] same init-subscript-boundary len=92 artifacts=15 advent-overaccept=13 advent-underaccept=1 reference-disagreement=494 residual-ambiguity=1 same=7241
[7752/100000] reference-disagreement wide:extension-member:raw:real:Syntax+StringInterpolation:469 len=83 artifacts=15 advent-overaccept=13 advent-underaccept=1 reference-disagreement=495 residual-ambiguity=1 same=7242
[7771/100000] reference-disagreement wide:extension-member:block-comment+line-comment+glue:translated:testAsync16#1 len=66 artifacts=15 advent-overaccept=13 advent-underaccept=1 reference-disagreement=496 residual-ambiguity=1 same=7260
[7788/100000] reference-disagreement tspl-divergence-protocol-body len=245 artifacts=15 advent-overaccept=13 advent-underaccept=1 reference-disagreement=497 residual-ambiguity=1 same=7276
[7797/100000] reference-disagreement wide:struct-member:raw:real:SyntaxText:250 len=280 artifacts=15 advent-overaccept=13 advent-underaccept=1 reference-disagreement=498 residual-ambiguity=1 same=7284
[7853/100000] reference-disagreement cast-try-operator-cluster len=24 artifacts=15 advent-overaccept=13 advent-underaccept=1 reference-disagreement=499 residual-ambiguity=1 same=7339
[7863/100000] reference-disagreement wide:trailing-closure:delete+splice:type:testNamedOpaqueReturnTypes#1 len=346 artifacts=15 advent-overaccept=13 advent-underaccept=1 reference-disagreement=500 residual-ambiguity=1 same=7348
[7893/100000] reference-disagreement wide:extension-member:raw:real:OperatorTable+Folding:19 len=221 artifacts=15 advent-overaccept=13 advent-underaccept=1 reference-disagreement=501 residual-ambiguity=1 same=7377
[7899/100000] reference-disagreement attribute-ifconfig-elseif-list len=124 artifacts=15 advent-overaccept=13 advent-underaccept=1 reference-disagreement=502 residual-ambiguity=1 same=7382
[7902/100000] reference-disagreement wide:extension-member:splice+newline:real:SyntaxExpressibleByStringInterpolationConformances:52 len=98 artifacts=15 advent-overaccept=13 advent-underaccept=1 reference-disagreement=503 residual-ambiguity=1 same=7384
[7905/100000] reference-disagreement wide:struct-member:raw:real:SyntaxTraits:471 len=704 artifacts=15 advent-overaccept=13 advent-underaccept=1 reference-disagreement=504 residual-ambiguity=1 same=7386
[7909/100000] reference-disagreement tspl-divergence-protocol-body len=100 artifacts=15 advent-overaccept=13 advent-underaccept=1 reference-disagreement=505 residual-ambiguity=1 same=7389
[7938/100000] reference-disagreement wide:func-body:newline:phase3-branch:switch-where+real:ParserDiagnosticMessages:497 len=351 artifacts=15 advent-overaccept=13 advent-underaccept=1 reference-disagreement=506 residual-ambiguity=1 same=7417
[7948/100000] reference-disagreement func-body len=467 artifacts=15 advent-overaccept=13 advent-underaccept=1 reference-disagreement=507 residual-ambiguity=1 same=7426
[7951/100000] reference-disagreement attribute-ifconfig-elseif-list len=127 artifacts=15 advent-overaccept=13 advent-underaccept=1 reference-disagreement=508 residual-ambiguity=1 same=7428
[7973/100000] reference-disagreement wide:extension-member:newline+block-comment:real:SwiftSyntaxCompatibility:771 len=153 artifacts=15 advent-overaccept=13 advent-underaccept=1 reference-disagreement=509 residual-ambiguity=1 same=7449
[7976/100000] reference-disagreement attribute-ifconfig-elseif-list len=126 artifacts=15 advent-overaccept=13 advent-underaccept=1 reference-disagreement=510 residual-ambiguity=1 same=7451
[8000/100000] same frontier:protocol-accessor-shape len=86 artifacts=15 advent-overaccept=13 advent-underaccept=1 reference-disagreement=510 residual-ambiguity=1 same=7475
[8014/100000] reference-disagreement binding-pattern len=458 artifacts=15 advent-overaccept=13 advent-underaccept=1 reference-disagreement=511 residual-ambiguity=1 same=7488
[8020/100000] reference-disagreement wide:func-body:raw:translated:testInvalid36#1 len=49 artifacts=15 advent-overaccept=13 advent-underaccept=1 reference-disagreement=512 residual-ambiguity=1 same=7493
[8028/100000] reference-disagreement tspl-divergence-accessor-commitment len=49 artifacts=15 advent-overaccept=13 advent-underaccept=1 reference-disagreement=513 residual-ambiguity=1 same=7500
[8032/100000] reference-disagreement tspl-divergence-accessor-commitment len=49 artifacts=15 advent-overaccept=13 advent-underaccept=1 reference-disagreement=514 residual-ambiguity=1 same=7503
[8034/100000] reference-disagreement wide:struct-member:raw:real:ResultBuilders:493+real:ApusTerminals:83 len=295 artifacts=15 advent-overaccept=13 advent-underaccept=1 reference-disagreement=515 residual-ambiguity=1 same=7504
[8094/100000] reference-disagreement wide:trailing-closure:raw:real:LayoutNodes+Parsable:231 len=188 artifacts=15 advent-overaccept=13 advent-underaccept=1 reference-disagreement=516 residual-ambiguity=1 same=7563
[8106/100000] reference-disagreement keypath-boundary len=38 artifacts=15 advent-overaccept=13 advent-underaccept=1 reference-disagreement=517 residual-ambiguity=1 same=7574
[8127/100000] reference-disagreement wide:trailing-closure:raw:real:PresenceUtils:51+translated:testOperators4#1 len=460 artifacts=15 advent-overaccept=13 advent-underaccept=1 reference-disagreement=518 residual-ambiguity=1 same=7594
[8140/100000] reference-disagreement wide:extension-member:raw:real:SyntaxExpressibleByStringInterpolationConformances:226+real:SyntaxExpressibleByStringInterpolationConformances:241 len=244 artifacts=15 advent-overaccept=13 advent-underaccept=1 reference-disagreement=519 residual-ambiguity=1 same=7606
[8157/100000] reference-disagreement wide:extension-member:raw:real:CollectionNodes+Parsable:84 len=598 artifacts=15 advent-overaccept=13 advent-underaccept=1 reference-disagreement=520 residual-ambiguity=1 same=7622
[8162/100000] reference-disagreement cast-try-operator-cluster len=24 artifacts=15 advent-overaccept=13 advent-underaccept=1 reference-disagreement=521 residual-ambiguity=1 same=7626
[8189/100000] reference-disagreement attribute-boundary len=52 artifacts=15 advent-overaccept=13 advent-underaccept=1 reference-disagreement=522 residual-ambiguity=1 same=7652
[8217/100000] reference-disagreement wide:ifconfig:raw:translated:testSwitch65#1 len=33 artifacts=15 advent-overaccept=13 advent-underaccept=1 reference-disagreement=523 residual-ambiguity=1 same=7679
[8225/100000] reference-disagreement wide:trailing-closure:raw:real:SyntaxHashable:18 len=249 artifacts=15 advent-overaccept=13 advent-underaccept=1 reference-disagreement=524 residual-ambiguity=1 same=7686
[8226/100000] reference-disagreement tspl-divergence-protocol-body len=276 artifacts=15 advent-overaccept=13 advent-underaccept=1 reference-disagreement=525 residual-ambiguity=1 same=7686
[8250/100000] same wide:func-body:keyword+keyword:real:WarningGroupControl:16 len=234 artifacts=15 advent-overaccept=13 advent-underaccept=1 reference-disagreement=525 residual-ambiguity=1 same=7710
[8267/100000] reference-disagreement wide:func-body:raw:real:SyntaxExpressibleByStringInterpolationConformances:166 len=98 artifacts=15 advent-overaccept=13 advent-underaccept=1 reference-disagreement=526 residual-ambiguity=1 same=7726
[8272/100000] reference-disagreement member-list-wide-boundary len=209 artifacts=15 advent-overaccept=13 advent-underaccept=1 reference-disagreement=527 residual-ambiguity=1 same=7730
[8297/100000] reference-disagreement wide:closure:glue+line-comment:real:ApusToHTML:59+real:Indenter:19 len=488 artifacts=15 advent-overaccept=13 advent-underaccept=1 reference-disagreement=528 residual-ambiguity=1 same=7754
[8329/100000] reference-disagreement wide:closure:raw:translated:testOptionalLvalues7#1+real:SyntaxExpressibleByStringInterpolationConformances:145 len=301 artifacts=15 advent-overaccept=13 advent-underaccept=1 reference-disagreement=529 residual-ambiguity=1 same=7785
[8330/100000] reference-disagreement wide:trailing-closure:line-comment+line-comment:real:MigrateToNewIfLetSyntax:41 len=1477 artifacts=15 advent-overaccept=13 advent-underaccept=1 reference-disagreement=530 residual-ambiguity=1 same=7785
[8392/100000] reference-disagreement wide:closure:newline+block-comment:real:ConvenienceInitializers:302 len=394 artifacts=15 advent-overaccept=13 advent-underaccept=1 reference-disagreement=531 residual-ambiguity=1 same=7846
[8394/100000] reference-disagreement wide:func-body:newline:real:ResultBuilders:76 len=212 artifacts=15 advent-overaccept=13 advent-underaccept=1 reference-disagreement=532 residual-ambiguity=1 same=7847
[8401/100000] reference-disagreement grammarish-member-list len=339 artifacts=15 advent-overaccept=13 advent-underaccept=1 reference-disagreement=533 residual-ambiguity=1 same=7853
[8416/100000] reference-disagreement wide:func-body:newline:phase4-available:avail-unavailable+real:Statements:815 len=630 artifacts=15 advent-overaccept=13 advent-underaccept=1 reference-disagreement=534 residual-ambiguity=1 same=7867
[8446/100000] reference-disagreement wide:struct-member:raw:real:DeclSyntaxParseable:57 len=74 artifacts=15 advent-overaccept=13 advent-underaccept=1 reference-disagreement=535 residual-ambiguity=1 same=7896
[8485/100000] reference-disagreement wide:closure:raw:real:SyntaxTraits:764 len=126 artifacts=15 advent-overaccept=13 advent-underaccept=1 reference-disagreement=536 residual-ambiguity=1 same=7934
[8488/100000] reference-disagreement cast-try-operator-cluster len=24 artifacts=15 advent-overaccept=13 advent-underaccept=1 reference-disagreement=537 residual-ambiguity=1 same=7936
[8491/100000] reference-disagreement member-list-wide-boundary len=339 artifacts=15 advent-overaccept=13 advent-underaccept=1 reference-disagreement=538 residual-ambiguity=1 same=7938
[8499/100000] reference-disagreement wide:struct-member:raw:real:SyntaxExpressibleByStringInterpolationConformances:193+real:Parser:848 len=676 artifacts=15 advent-overaccept=13 advent-underaccept=1 reference-disagreement=539 residual-ambiguity=1 same=7945
[8500/100000] same wide:func-body:keyword:real:SyntaxTraits:774 len=54 artifacts=15 advent-overaccept=13 advent-underaccept=1 reference-disagreement=539 residual-ambiguity=1 same=7946
[8502/100000] reference-disagreement wide:trailing-closure:line-comment+newline:real:SyntaxTraits:830 len=60 artifacts=15 advent-overaccept=13 advent-underaccept=1 reference-disagreement=540 residual-ambiguity=1 same=7947
[8512/100000] reference-disagreement wide:trailing-closure:raw:real:OpaqueParameterToGeneric:21 len=164 artifacts=15 advent-overaccept=13 advent-underaccept=1 reference-disagreement=541 residual-ambiguity=1 same=7956
[8547/100000] reference-disagreement member-list-wide-boundary len=178 artifacts=15 advent-overaccept=13 advent-underaccept=1 reference-disagreement=542 residual-ambiguity=1 same=7990
[8567/100000] reference-disagreement wide:closure:glue:translated:testRecovery13#1 len=238 artifacts=15 advent-overaccept=13 advent-underaccept=1 reference-disagreement=543 residual-ambiguity=1 same=8009
[8576/100000] reference-disagreement wide:closure:newline+newline:real:SyntaxNodeWithBody:214 len=80 artifacts=15 advent-overaccept=13 advent-underaccept=1 reference-disagreement=544 residual-ambiguity=1 same=8017
[8647/100000] reference-disagreement wide:extension-member:glue:translated:testTypeExpr8#1+translated:testOperatorDeclDesignatedTypes15#1 len=341 artifacts=15 advent-overaccept=13 advent-underaccept=1 reference-disagreement=545 residual-ambiguity=1 same=8087
[8670/100000] reference-disagreement wide:trailing-closure:newline:attribute:testABIAttribute#9+real:FunctionParameterUtils:19 len=649 artifacts=15 advent-overaccept=13 advent-underaccept=1 reference-disagreement=546 residual-ambiguity=1 same=8109
[8676/100000] reference-disagreement wide:struct-member:newline:real:PackageTarget:149 len=355 artifacts=15 advent-overaccept=13 advent-underaccept=1 reference-disagreement=547 residual-ambiguity=1 same=8114
[8688/100000] reference-disagreement wide:trailing-closure:block-comment+space:real:SyntaxTraits:740+statement:testReturn#3 len=105 artifacts=15 advent-overaccept=13 advent-underaccept=1 reference-disagreement=548 residual-ambiguity=1 same=8125
[8692/100000] reference-disagreement wide:trailing-closure:block-comment:declaration:testLiteralInitializerWithTrailingClosure#1+real:SwiftSyntaxCompatibility:422 len=94 artifacts=15 advent-overaccept=13 advent-underaccept=1 reference-disagreement=549 residual-ambiguity=1 same=8128
[8700/100000] reference-disagreement wide:func-body:newline+space+newline:real:Utils:19 len=326 artifacts=15 advent-overaccept=13 advent-underaccept=1 reference-disagreement=550 residual-ambiguity=1 same=8135
[8750/100000] same wide:closure:raw:statement:testClosureInsideIfCondition#1 len=39 artifacts=15 advent-overaccept=13 advent-underaccept=1 reference-disagreement=550 residual-ambiguity=1 same=8185
[8765/100000] reference-disagreement wide:ifconfig:raw:translated:testSwitch79#1+real:ManifestSyntaxRepresentable:41 len=226 artifacts=15 advent-overaccept=13 advent-underaccept=1 reference-disagreement=551 residual-ambiguity=1 same=8199
[8770/100000] reference-disagreement wide:trailing-closure:raw:attribute:testSpiAttributeWithUnderscore#2 len=28 artifacts=15 advent-overaccept=13 advent-underaccept=1 reference-disagreement=552 residual-ambiguity=1 same=8203
[8773/100000] reference-disagreement member-list-wide-boundary len=358 artifacts=15 advent-overaccept=13 advent-underaccept=1 reference-disagreement=553 residual-ambiguity=1 same=8205
[8776/100000] reference-disagreement tspl-divergence-accessor-commitment len=49 artifacts=15 advent-overaccept=13 advent-underaccept=1 reference-disagreement=554 residual-ambiguity=1 same=8207
[8777/100000] reference-disagreement wide:func-body:keyword:expression:testKeypathExpression#4+attribute:testMacroRoleNames#5 len=103 artifacts=15 advent-overaccept=13 advent-underaccept=1 reference-disagreement=555 residual-ambiguity=1 same=8207
[8787/100000] reference-disagreement wide:func-body:newline+delete+space:real:ParserDiagnosticMessages:30 len=287 artifacts=15 advent-overaccept=13 advent-underaccept=1 reference-disagreement=556 residual-ambiguity=1 same=8216
[8790/100000] reference-disagreement member-list-wide-boundary len=232 artifacts=15 advent-overaccept=13 advent-underaccept=1 reference-disagreement=557 residual-ambiguity=1 same=8218
[8798/100000] reference-disagreement wide:struct-member:space+line-comment:translated:testEnum14#1 len=103 artifacts=15 advent-overaccept=13 advent-underaccept=1 reference-disagreement=558 residual-ambiguity=1 same=8225
[8821/100000] reference-disagreement wide:trailing-closure:raw:real:AssertEqualWithDiff:36 len=114 artifacts=15 advent-overaccept=13 advent-underaccept=1 reference-disagreement=559 residual-ambiguity=1 same=8247
[8847/100000] reference-disagreement member-list-wide-boundary len=145 artifacts=15 advent-overaccept=13 advent-underaccept=1 reference-disagreement=560 residual-ambiguity=1 same=8272
[8859/100000] reference-disagreement wide:closure:space:real:VersionTuple:58 len=69 artifacts=15 advent-overaccept=13 advent-underaccept=1 reference-disagreement=561 residual-ambiguity=1 same=8283
[8861/100000] reference-disagreement tspl-divergence-protocol-body len=135 artifacts=15 advent-overaccept=13 advent-underaccept=1 reference-disagreement=562 residual-ambiguity=1 same=8284
[8862/100000] reference-disagreement wide:trailing-closure:raw:real:Macros:245 len=549 artifacts=15 advent-overaccept=13 advent-underaccept=1 reference-disagreement=563 residual-ambiguity=1 same=8284
[8868/100000] reference-disagreement attribute-ifconfig-elseif-list len=112 artifacts=15 advent-overaccept=13 advent-underaccept=1 reference-disagreement=564 residual-ambiguity=1 same=8289
[8898/100000] reference-disagreement attribute-ifconfig-elseif-list len=108 artifacts=15 advent-overaccept=13 advent-underaccept=1 reference-disagreement=565 residual-ambiguity=1 same=8318
[8901/100000] reference-disagreement statement-list len=662 artifacts=15 advent-overaccept=13 advent-underaccept=1 reference-disagreement=566 residual-ambiguity=1 same=8320
[8904/100000] reference-disagreement tspl-divergence-protocol-body len=117 artifacts=15 advent-overaccept=13 advent-underaccept=1 reference-disagreement=567 residual-ambiguity=1 same=8322
[8919/100000] reference-disagreement binding-pattern len=458 artifacts=15 advent-overaccept=13 advent-underaccept=1 reference-disagreement=568 residual-ambiguity=1 same=8336
[8955/100000] reference-disagreement wide:extension-member:space+newline:real:Syntax:348 len=150 artifacts=15 advent-overaccept=13 advent-underaccept=1 reference-disagreement=569 residual-ambiguity=1 same=8371
[8956/100000] reference-disagreement attribute-ifconfig-elseif-list len=118 artifacts=15 advent-overaccept=13 advent-underaccept=1 reference-disagreement=570 residual-ambiguity=1 same=8371
[8958/100000] reference-disagreement tspl-divergence-protocol-body len=131 artifacts=15 advent-overaccept=13 advent-underaccept=1 reference-disagreement=571 residual-ambiguity=1 same=8372
[8963/100000] reference-disagreement binding-pattern len=458 artifacts=15 advent-overaccept=13 advent-underaccept=1 reference-disagreement=572 residual-ambiguity=1 same=8376
[8990/100000] reference-disagreement wide:ifconfig:delete:translated:testEffectfulProperties6#1 len=110 artifacts=15 advent-overaccept=13 advent-underaccept=1 reference-disagreement=573 residual-ambiguity=1 same=8402
[8997/100000] reference-disagreement wide:func-body:newline:real:SourceLocation:85 len=628 artifacts=15 advent-overaccept=13 advent-underaccept=1 reference-disagreement=574 residual-ambiguity=1 same=8408
[9000/100000] same seed-corpus-wrapped:declaration-modifier-stack len=59 artifacts=15 advent-overaccept=13 advent-underaccept=1 reference-disagreement=574 residual-ambiguity=1 same=8411
[9024/100000] reference-disagreement wide:func-body:raw:translated:testOperators8#1+real:TokenSyntax:211 len=496 artifacts=15 advent-overaccept=13 advent-underaccept=1 reference-disagreement=575 residual-ambiguity=1 same=8434
[9032/100000] reference-disagreement keypath-boundary len=40 artifacts=15 advent-overaccept=13 advent-underaccept=1 reference-disagreement=576 residual-ambiguity=1 same=8441
[9076/100000] reference-disagreement attribute-ifconfig-elseif-list len=122 artifacts=15 advent-overaccept=13 advent-underaccept=1 reference-disagreement=577 residual-ambiguity=1 same=8484
[9086/100000] reference-disagreement member-list-wide-boundary len=294 artifacts=15 advent-overaccept=13 advent-underaccept=1 reference-disagreement=578 residual-ambiguity=1 same=8493
[9112/100000] reference-disagreement ifconfig-member-context-boundary len=89 artifacts=15 advent-overaccept=13 advent-underaccept=1 reference-disagreement=579 residual-ambiguity=1 same=8518
[9114/100000] reference-disagreement wide:struct-member:raw:real:SyntaxExpressibleByStringInterpolationConformances:217 len=171 artifacts=15 advent-overaccept=13 advent-underaccept=1 reference-disagreement=580 residual-ambiguity=1 same=8519
[9121/100000] reference-disagreement statement-list len=715 artifacts=15 advent-overaccept=13 advent-underaccept=1 reference-disagreement=581 residual-ambiguity=1 same=8525
[9136/100000] reference-disagreement statement-list len=648 artifacts=15 advent-overaccept=13 advent-underaccept=1 reference-disagreement=582 residual-ambiguity=1 same=8539
[9163/100000] reference-disagreement binding-pattern len=458 artifacts=15 advent-overaccept=13 advent-underaccept=1 reference-disagreement=583 residual-ambiguity=1 same=8565
[9177/100000] advent-underaccept wide:interpolation:raw:translated:testMultilineString46#1 len=199 artifacts=16 advent-overaccept=13 advent-underaccept=2 reference-disagreement=583 residual-ambiguity=1 same=8578
[9181/100000] reference-disagreement wide:closure:raw:real:LayoutNodes+Parsable:87 len=239 artifacts=16 advent-overaccept=13 advent-underaccept=2 reference-disagreement=584 residual-ambiguity=1 same=8581
[9193/100000] reference-disagreement attribute-ifconfig-elseif-list len=148 artifacts=16 advent-overaccept=13 advent-underaccept=2 reference-disagreement=585 residual-ambiguity=1 same=8592
[9195/100000] reference-disagreement wide:trailing-closure:raw:reject:testKeypathExpression#2 len=27 artifacts=16 advent-overaccept=13 advent-underaccept=2 reference-disagreement=586 residual-ambiguity=1 same=8593
[9209/100000] reference-disagreement attribute-boundary len=39 artifacts=16 advent-overaccept=13 advent-underaccept=2 reference-disagreement=587 residual-ambiguity=1 same=8606
[9222/100000] reference-disagreement wide:func-body:newline:real:SyntaxUtils:71+real:RegexLiteralLexer:577 len=603 artifacts=16 advent-overaccept=13 advent-underaccept=2 reference-disagreement=588 residual-ambiguity=1 same=8618
[9226/100000] reference-disagreement tspl-divergence-protocol-body len=293 artifacts=16 advent-overaccept=13 advent-underaccept=2 reference-disagreement=589 residual-ambiguity=1 same=8621
[9250/100000] same try-boundary len=22 artifacts=16 advent-overaccept=13 advent-underaccept=2 reference-disagreement=589 residual-ambiguity=1 same=8645
[9260/100000] reference-disagreement wide:ifconfig:glue:translated:testModuleSelectorAttrs#1+real:DeclSyntaxParseable:53 len=151 artifacts=16 advent-overaccept=13 advent-underaccept=2 reference-disagreement=590 residual-ambiguity=1 same=8654
[9287/100000] reference-disagreement wide:ifconfig:line-comment:attribute:testABIAttribute#17 len=56 artifacts=16 advent-overaccept=13 advent-underaccept=2 reference-disagreement=591 residual-ambiguity=1 same=8680
[9322/100000] reference-disagreement wide:func-body:line-comment:real:ResultBuilders:154 len=196 artifacts=16 advent-overaccept=13 advent-underaccept=2 reference-disagreement=592 residual-ambiguity=1 same=8714
[9333/100000] reference-disagreement tspl-divergence-protocol-body len=251 artifacts=16 advent-overaccept=13 advent-underaccept=2 reference-disagreement=593 residual-ambiguity=1 same=8724
[9363/100000] reference-disagreement tspl-divergence-accessor-commitment len=78 artifacts=16 advent-overaccept=13 advent-underaccept=2 reference-disagreement=594 residual-ambiguity=1 same=8753
[9366/100000] reference-disagreement tspl-divergence-protocol-body len=156 artifacts=16 advent-overaccept=13 advent-underaccept=2 reference-disagreement=595 residual-ambiguity=1 same=8755
[9371/100000] reference-disagreement tspl-divergence-protocol-body len=102 artifacts=16 advent-overaccept=13 advent-underaccept=2 reference-disagreement=596 residual-ambiguity=1 same=8759
[9381/100000] reference-disagreement wide:trailing-closure:raw:attribute:testObjcImplementationAttribute#1 len=135 artifacts=16 advent-overaccept=13 advent-underaccept=2 reference-disagreement=597 residual-ambiguity=1 same=8768
[9389/100000] reference-disagreement attribute-ifconfig-elseif-list len=133 artifacts=16 advent-overaccept=13 advent-underaccept=2 reference-disagreement=598 residual-ambiguity=1 same=8775
[9392/100000] reference-disagreement attribute-ifconfig-elseif-list len=127 artifacts=16 advent-overaccept=13 advent-underaccept=2 reference-disagreement=599 residual-ambiguity=1 same=8777
[9399/100000] reference-disagreement wide:trailing-closure:raw:translated:testTrailingClosures3#1+translated:testForwardSlashRegex10#1 len=99 artifacts=16 advent-overaccept=13 advent-underaccept=2 reference-disagreement=600 residual-ambiguity=1 same=8783
[9401/100000] reference-disagreement wide:func-body:glue+newline:attribute:testBackDeployed#3 len=134 artifacts=16 advent-overaccept=13 advent-underaccept=2 reference-disagreement=601 residual-ambiguity=1 same=8784
[9408/100000] reference-disagreement wide:trailing-closure:delete+space+glue:real:ResultBuilders:454 len=181 artifacts=16 advent-overaccept=13 advent-underaccept=2 reference-disagreement=602 residual-ambiguity=1 same=8790
[9409/100000] reference-disagreement wide:func-body:line-comment+line-comment:real:BuildConfiguration:17 len=313 artifacts=16 advent-overaccept=13 advent-underaccept=2 reference-disagreement=603 residual-ambiguity=1 same=8790
[9414/100000] reference-disagreement wide:struct-member:raw:real:SyntaxExpressibleByStringInterpolationConformances:139 len=79 artifacts=16 advent-overaccept=13 advent-underaccept=2 reference-disagreement=604 residual-ambiguity=1 same=8794
[9461/100000] reference-disagreement wide:trailing-closure:newline:translated:testForwardSlashRegex48#1+real:ConvenienceInitializers:40 len=204 artifacts=16 advent-overaccept=13 advent-underaccept=2 reference-disagreement=605 residual-ambiguity=1 same=8840
[9462/100000] reference-disagreement wide:closure:raw:real:RawSyntax:367 len=660 artifacts=16 advent-overaccept=13 advent-underaccept=2 reference-disagreement=606 residual-ambiguity=1 same=8840
[9478/100000] reference-disagreement wide:struct-member:newline+newline+line-comment:translated:testForwardSlashRegexSkippingAllowed13#1+real:NameMatcher:418 len=483 artifacts=16 advent-overaccept=13 advent-underaccept=2 reference-disagreement=607 residual-ambiguity=1 same=8855
[9491/100000] reference-disagreement tspl-divergence-protocol-body len=158 artifacts=16 advent-overaccept=13 advent-underaccept=2 reference-disagreement=608 residual-ambiguity=1 same=8867
[9500/100000] same wide:ifconfig:glue+space:translated:testObjcEnum4#1 len=62 artifacts=16 advent-overaccept=13 advent-underaccept=2 reference-disagreement=608 residual-ambiguity=1 same=8876
[9516/100000] reference-disagreement tspl-divergence-accessor-commitment len=78 artifacts=16 advent-overaccept=13 advent-underaccept=2 reference-disagreement=609 residual-ambiguity=1 same=8891
[9538/100000] reference-disagreement wide:func-body:newline:real:Syntax+StringInterpolation:289 len=64 artifacts=16 advent-overaccept=13 advent-underaccept=2 reference-disagreement=610 residual-ambiguity=1 same=8912
[9561/100000] reference-disagreement wide:closure:splice+keyword:real:StandardIOMessageConnection:26 len=54 artifacts=16 advent-overaccept=13 advent-underaccept=2 reference-disagreement=611 residual-ambiguity=1 same=8934
[9567/100000] reference-disagreement member-list-wide-boundary len=339 artifacts=16 advent-overaccept=13 advent-underaccept=2 reference-disagreement=612 residual-ambiguity=1 same=8939
[9600/100000] reference-disagreement wide:struct-member:raw:real:TokenSyntax:211 len=431 artifacts=16 advent-overaccept=13 advent-underaccept=2 reference-disagreement=613 residual-ambiguity=1 same=8971
[9611/100000] tree-difference wide:closure:line-comment+newline:translated:testGenericDisambiguation18#1 len=52 artifacts=17 advent-overaccept=13 advent-underaccept=2 reference-disagreement=613 residual-ambiguity=1 same=8981 tree-difference=1
[9612/100000] reference-disagreement wide:top:raw:translated:testSwitch13#1 len=36 artifacts=17 advent-overaccept=13 advent-underaccept=2 reference-disagreement=614 residual-ambiguity=1 same=8981 tree-difference=1
[9668/100000] reference-disagreement member-list-wide-boundary len=205 artifacts=17 advent-overaccept=13 advent-underaccept=2 reference-disagreement=615 residual-ambiguity=1 same=9036 tree-difference=1
[9677/100000] reference-disagreement wide:func-body:newline+space:phase4-precedence:pg-two-names len=56 artifacts=17 advent-overaccept=13 advent-underaccept=2 reference-disagreement=616 residual-ambiguity=1 same=9044 tree-difference=1
[9679/100000] reference-disagreement wide:ifconfig:space:attribute:testABIAttribute#16 len=100 artifacts=17 advent-overaccept=13 advent-underaccept=2 reference-disagreement=617 residual-ambiguity=1 same=9045 tree-difference=1
[9695/100000] reference-disagreement wide:trailing-closure:newline+delete+delete:real:SyntaxTraits:682 len=90 artifacts=17 advent-overaccept=13 advent-underaccept=2 reference-disagreement=618 residual-ambiguity=1 same=9060 tree-difference=1
[9704/100000] reference-disagreement grammarish-member-list len=426 artifacts=17 advent-overaccept=13 advent-underaccept=2 reference-disagreement=619 residual-ambiguity=1 same=9068 tree-difference=1
[9705/100000] reference-disagreement seed-corpus-structural-splice:preconcurrency-import len=94 artifacts=17 advent-overaccept=13 advent-underaccept=2 reference-disagreement=620 residual-ambiguity=1 same=9068 tree-difference=1
[9710/100000] reference-disagreement wide:extension-member:raw:declaration:testAttributedMacroExpansionDeclaration#8 len=61 artifacts=17 advent-overaccept=13 advent-underaccept=2 reference-disagreement=621 residual-ambiguity=1 same=9072 tree-difference=1
[9714/100000] reference-disagreement wide:func-body:raw:real:TokenSyntax:211+translated:testRawString8#1 len=475 artifacts=17 advent-overaccept=13 advent-underaccept=2 reference-disagreement=622 residual-ambiguity=1 same=9075 tree-difference=1
[9721/100000] reference-disagreement wide:closure:duplicate:real:ResultBuilders:163+real:ConvenienceInitializers:48 len=845 artifacts=17 advent-overaccept=13 advent-underaccept=2 reference-disagreement=623 residual-ambiguity=1 same=9081 tree-difference=1
[9723/100000] reference-disagreement keypath-component-matrix len=46 artifacts=17 advent-overaccept=13 advent-underaccept=2 reference-disagreement=624 residual-ambiguity=1 same=9082 tree-difference=1
[9748/100000] reference-disagreement cast-try-operator-cluster len=24 artifacts=17 advent-overaccept=13 advent-underaccept=2 reference-disagreement=625 residual-ambiguity=1 same=9106 tree-difference=1
[9750/100000] same regex-slash-operator-boundary len=47 artifacts=17 advent-overaccept=13 advent-underaccept=2 reference-disagreement=625 residual-ambiguity=1 same=9108 tree-difference=1
[9758/100000] reference-disagreement wide:func-body:raw:real:RegexLiteralLexer:577+translated:testForwardSlashRegex125#1 len=503 artifacts=17 advent-overaccept=13 advent-underaccept=2 reference-disagreement=626 residual-ambiguity=1 same=9115 tree-difference=1
[9789/100000] reference-disagreement wide:func-body:raw:real:Note:30 len=176 artifacts=17 advent-overaccept=13 advent-underaccept=2 reference-disagreement=627 residual-ambiguity=1 same=9145 tree-difference=1
[9798/100000] reference-disagreement wide:struct-member:splice:real:Syntax+StringInterpolation:453 len=556 artifacts=17 advent-overaccept=13 advent-underaccept=2 reference-disagreement=628 residual-ambiguity=1 same=9153 tree-difference=1
[9806/100000] reference-disagreement attribute-ifconfig-elseif-list len=131 artifacts=17 advent-overaccept=13 advent-underaccept=2 reference-disagreement=629 residual-ambiguity=1 same=9160 tree-difference=1
[9818/100000] reference-disagreement wide:after-statement:raw:translated:testSwitch33#1 len=120 artifacts=17 advent-overaccept=13 advent-underaccept=2 reference-disagreement=630 residual-ambiguity=1 same=9171 tree-difference=1
[9834/100000] reference-disagreement wide:trailing-closure:raw:real:SyntaxTraits:742 len=83 artifacts=17 advent-overaccept=13 advent-underaccept=2 reference-disagreement=631 residual-ambiguity=1 same=9186 tree-difference=1
[9856/100000] reference-disagreement wide:closure:splice:reject:testChainedOptionalUnwrapsAfterSubscript#1+translated:testTupleTypeExpr#2 len=40 artifacts=17 advent-overaccept=13 advent-underaccept=2 reference-disagreement=632 residual-ambiguity=1 same=9207 tree-difference=1
[9858/100000] reference-disagreement wide:closure:raw:real:SyntaxBaseNodes:1819 len=80 artifacts=17 advent-overaccept=13 advent-underaccept=2 reference-disagreement=633 residual-ambiguity=1 same=9208 tree-difference=1
[9873/100000] reference-disagreement wide:func-body:raw:real:MissingNodeInitializers:83 len=237 artifacts=17 advent-overaccept=13 advent-underaccept=2 reference-disagreement=634 residual-ambiguity=1 same=9222 tree-difference=1
[9897/100000] reference-disagreement wide:extension-member:raw:real:LookupResult:124 len=209 artifacts=17 advent-overaccept=13 advent-underaccept=2 reference-disagreement=635 residual-ambiguity=1 same=9245 tree-difference=1
[9909/100000] reference-disagreement wide:after-statement:newline+newline:translated:testMultilineString44#1 len=66 artifacts=17 advent-overaccept=13 advent-underaccept=2 reference-disagreement=636 residual-ambiguity=1 same=9256 tree-difference=1
[9913/100000] reference-disagreement grammarish-member-list len=277 artifacts=17 advent-overaccept=13 advent-underaccept=2 reference-disagreement=637 residual-ambiguity=1 same=9259 tree-difference=1
[9914/100000] reference-disagreement tspl-divergence-protocol-body len=102 artifacts=17 advent-overaccept=13 advent-underaccept=2 reference-disagreement=638 residual-ambiguity=1 same=9259 tree-difference=1
[9937/100000] reference-disagreement wide:func-body:newline+glue+glue:real:SourcePresence:17 len=229 artifacts=17 advent-overaccept=13 advent-underaccept=2 reference-disagreement=639 residual-ambiguity=1 same=9281 tree-difference=1
[9938/100000] reference-disagreement grammarish-member-list len=111 artifacts=17 advent-overaccept=13 advent-underaccept=2 reference-disagreement=640 residual-ambiguity=1 same=9281 tree-difference=1
[9950/100000] reference-disagreement wide:trailing-closure:keyword+glue:real:ParserDiagnosticMessages:63 len=82 artifacts=17 advent-overaccept=13 advent-underaccept=2 reference-disagreement=641 residual-ambiguity=1 same=9292 tree-difference=1
[9953/100000] reference-disagreement wide:closure:raw:real:AddPackageTarget:137 len=505 artifacts=17 advent-overaccept=13 advent-underaccept=2 reference-disagreement=642 residual-ambiguity=1 same=9294 tree-difference=1
[9959/100000] reference-disagreement member-list-wide-boundary len=347 artifacts=17 advent-overaccept=13 advent-underaccept=2 reference-disagreement=643 residual-ambiguity=1 same=9299 tree-difference=1
[9969/100000] reference-disagreement wide:top:raw:translated:testPatternWithoutVariables5#1 len=451 artifacts=17 advent-overaccept=13 advent-underaccept=2 reference-disagreement=644 residual-ambiguity=1 same=9308 tree-difference=1
[9997/100000] reference-disagreement attribute-ifconfig-elseif-list len=138 artifacts=17 advent-overaccept=13 advent-underaccept=2 reference-disagreement=645 residual-ambiguity=1 same=9335 tree-difference=1
[10000/100000] same wide:closure:glue:reject:testRecovery29#1 len=31 artifacts=17 advent-overaccept=13 advent-underaccept=2 reference-disagreement=645 residual-ambiguity=1 same=9338 tree-difference=1
[10024/100000] reference-disagreement tspl-divergence-accessor-commitment len=49 artifacts=17 advent-overaccept=13 advent-underaccept=2 reference-disagreement=646 residual-ambiguity=1 same=9361 tree-difference=1
[10054/100000] reference-disagreement wide:func-body:raw:declaration:testInitializerWithReturnType#2 len=36 artifacts=17 advent-overaccept=13 advent-underaccept=2 reference-disagreement=647 residual-ambiguity=1 same=9390 tree-difference=1
[10057/100000] reference-disagreement member-list-wide-boundary len=301 artifacts=17 advent-overaccept=13 advent-underaccept=2 reference-disagreement=648 residual-ambiguity=1 same=9392 tree-difference=1
[10076/100000] reference-disagreement keypath-component-matrix len=41 artifacts=17 advent-overaccept=13 advent-underaccept=2 reference-disagreement=649 residual-ambiguity=1 same=9410 tree-difference=1
[10084/100000] reference-disagreement attribute-ifconfig-elseif-list len=127 artifacts=17 advent-overaccept=13 advent-underaccept=2 reference-disagreement=650 residual-ambiguity=1 same=9417 tree-difference=1
[10095/100000] reference-disagreement cast-try-operator-cluster len=24 artifacts=17 advent-overaccept=13 advent-underaccept=2 reference-disagreement=651 residual-ambiguity=1 same=9427 tree-difference=1
[10122/100000] reference-disagreement wide:struct-member:line-comment+glue:real:SyntaxExpressibleByStringInterpolationConformances:46 len=179 artifacts=17 advent-overaccept=13 advent-underaccept=2 reference-disagreement=652 residual-ambiguity=1 same=9453 tree-difference=1
[10152/100000] advent-overaccept wide:top:block-comment+line-comment:reject:testConflictMarkers12#1 len=143 artifacts=18 advent-overaccept=14 advent-underaccept=2 reference-disagreement=652 residual-ambiguity=1 same=9482 tree-difference=1
[10166/100000] reference-disagreement wide:after-statement:newline:translated:testOperatorDeclDesignatedTypes15#1+real:Macro:15 len=299 artifacts=18 advent-overaccept=14 advent-underaccept=2 reference-disagreement=653 residual-ambiguity=1 same=9495 tree-difference=1
[10186/100000] reference-disagreement wide:closure:newline+newline:translated:testTry2#1 len=300 artifacts=18 advent-overaccept=14 advent-underaccept=2 reference-disagreement=654 residual-ambiguity=1 same=9514 tree-difference=1
[10189/100000] reference-disagreement wide:trailing-closure:raw:real:Syntax+StringInterpolation:524 len=68 artifacts=18 advent-overaccept=14 advent-underaccept=2 reference-disagreement=655 residual-ambiguity=1 same=9516 tree-difference=1
[10205/100000] reference-disagreement attribute-ifconfig-elseif-list len=106 artifacts=18 advent-overaccept=14 advent-underaccept=2 reference-disagreement=656 residual-ambiguity=1 same=9531 tree-difference=1
[10220/100000] reference-disagreement attribute-ifconfig-elseif-list len=113 artifacts=18 advent-overaccept=14 advent-underaccept=2 reference-disagreement=657 residual-ambiguity=1 same=9545 tree-difference=1
[10224/100000] reference-disagreement attribute-ifconfig-elseif-list len=125 artifacts=18 advent-overaccept=14 advent-underaccept=2 reference-disagreement=658 residual-ambiguity=1 same=9548 tree-difference=1
[10233/100000] reference-disagreement member-list-wide-boundary len=273 artifacts=18 advent-overaccept=14 advent-underaccept=2 reference-disagreement=659 residual-ambiguity=1 same=9556 tree-difference=1
[10242/100000] reference-disagreement wide:after-statement:block-comment:reject:testAvailabilityQueryUnavailability23#1+expression:testUnsafeExpr#2 len=88 artifacts=18 advent-overaccept=14 advent-underaccept=2 reference-disagreement=660 residual-ambiguity=1 same=9564 tree-difference=1
[10244/100000] reference-disagreement tspl-divergence-accessor-commitment len=49 artifacts=18 advent-overaccept=14 advent-underaccept=2 reference-disagreement=661 residual-ambiguity=1 same=9565 tree-difference=1
[10250/100000] same wide:extension-member:block-comment+delete+duplicate:translated:testTypeExpr11#4+phase4-pattern:case-enum-assoc-optional len=102 artifacts=18 advent-overaccept=14 advent-underaccept=2 reference-disagreement=661 residual-ambiguity=1 same=9571 tree-difference=1
[10253/100000] reference-disagreement tspl-divergence-protocol-body len=178 artifacts=18 advent-overaccept=14 advent-underaccept=2 reference-disagreement=662 residual-ambiguity=1 same=9573 tree-difference=1
[10254/100000] reference-disagreement wide:func-body:raw:translated:testOriginalDefinedInAttr11#1 len=130 artifacts=18 advent-overaccept=14 advent-underaccept=2 reference-disagreement=663 residual-ambiguity=1 same=9573 tree-difference=1
[10259/100000] advent-overaccept wide:closure:line-comment+block-comment:real:SyntaxTraits:517 len=777 artifacts=19 advent-overaccept=15 advent-underaccept=2 reference-disagreement=663 residual-ambiguity=1 same=9577 tree-difference=1
[10323/100000] reference-disagreement wide:ifconfig:line-comment:translated:testOperatorDecl11d#1+real:Syntax+StringInterpolation:471 len=99 artifacts=19 advent-overaccept=15 advent-underaccept=2 reference-disagreement=664 residual-ambiguity=1 same=9640 tree-difference=1
[10329/100000] reference-disagreement func-body len=458 artifacts=19 advent-overaccept=15 advent-underaccept=2 reference-disagreement=665 residual-ambiguity=1 same=9645 tree-difference=1
[10357/100000] reference-disagreement tspl-divergence-protocol-body len=112 artifacts=19 advent-overaccept=15 advent-underaccept=2 reference-disagreement=666 residual-ambiguity=1 same=9672 tree-difference=1
[10358/100000] reference-disagreement wide:extension-member:line-comment+newline:real:SyntaxProtocol:590 len=456 artifacts=19 advent-overaccept=15 advent-underaccept=2 reference-disagreement=667 residual-ambiguity=1 same=9672 tree-difference=1
[10367/100000] reference-disagreement wide:trailing-closure:line-comment+block-comment:real:SyntaxExpressibleByStringInterpolationConformances:40 len=91 artifacts=19 advent-overaccept=15 advent-underaccept=2 reference-disagreement=668 residual-ambiguity=1 same=9680 tree-difference=1
[10368/100000] reference-disagreement wide:trailing-closure:raw:real:SyntaxExpressibleByStringInterpolationConformances:256 len=85 artifacts=19 advent-overaccept=15 advent-underaccept=2 reference-disagreement=669 residual-ambiguity=1 same=9680 tree-difference=1
[10370/100000] reference-disagreement wide:func-body:raw:translated:testModuleSelectorCorrectCode#2 len=61 artifacts=19 advent-overaccept=15 advent-underaccept=2 reference-disagreement=670 residual-ambiguity=1 same=9681 tree-difference=1
[10381/100000] reference-disagreement keypath-boundary len=40 artifacts=19 advent-overaccept=15 advent-underaccept=2 reference-disagreement=671 residual-ambiguity=1 same=9691 tree-difference=1
[10386/100000] reference-disagreement wide:closure:space+glue+block-comment:translated:testForwardSlashRegex77#1+real:ConvenienceInitializers:232 len=114 artifacts=19 advent-overaccept=15 advent-underaccept=2 reference-disagreement=672 residual-ambiguity=1 same=9695 tree-difference=1
[10390/100000] reference-disagreement wide:func-body:line-comment+line-comment:real:SyntaxTraits:856+translated:testTypeExpr25i#1 len=108 artifacts=19 advent-overaccept=15 advent-underaccept=2 reference-disagreement=673 residual-ambiguity=1 same=9698 tree-difference=1
[10398/100000] reference-disagreement wide:struct-member:raw:real:GroupedDiagnostics:275 len=656 artifacts=19 advent-overaccept=15 advent-underaccept=2 reference-disagreement=674 residual-ambiguity=1 same=9705 tree-difference=1
[10399/100000] reference-disagreement wide:extension-member:raw:real:ResultBuilders:245+phase4-decl:init-async len=258 artifacts=19 advent-overaccept=15 advent-underaccept=2 reference-disagreement=675 residual-ambiguity=1 same=9705 tree-difference=1
[10400/100000] reference-disagreement tspl-divergence-protocol-body len=102 artifacts=19 advent-overaccept=15 advent-underaccept=2 reference-disagreement=676 residual-ambiguity=1 same=9705 tree-difference=1
[10409/100000] reference-disagreement tspl-divergence-protocol-body len=169 artifacts=19 advent-overaccept=15 advent-underaccept=2 reference-disagreement=677 residual-ambiguity=1 same=9713 tree-difference=1
[10412/100000] reference-disagreement binding-pattern len=458 artifacts=19 advent-overaccept=15 advent-underaccept=2 reference-disagreement=678 residual-ambiguity=1 same=9715 tree-difference=1
[10445/100000] reference-disagreement tspl-divergence-protocol-body len=155 artifacts=19 advent-overaccept=15 advent-underaccept=2 reference-disagreement=679 residual-ambiguity=1 same=9747 tree-difference=1
[10487/100000] reference-disagreement wide:trailing-closure:line-comment+block-comment+newline:real:StringLiterals:765 len=175 artifacts=19 advent-overaccept=15 advent-underaccept=2 reference-disagreement=680 residual-ambiguity=1 same=9788 tree-difference=1
[10488/100000] reference-disagreement wide:struct-member:line-comment:translated:testInitDeinit4#1 len=92 artifacts=19 advent-overaccept=15 advent-underaccept=2 reference-disagreement=681 residual-ambiguity=1 same=9788 tree-difference=1
[10500/100000] same attribute-boundary len=42 artifacts=19 advent-overaccept=15 advent-underaccept=2 reference-disagreement=681 residual-ambiguity=1 same=9800 tree-difference=1
[10533/100000] reference-disagreement attribute-ifconfig-elseif-list len=115 artifacts=19 advent-overaccept=15 advent-underaccept=2 reference-disagreement=682 residual-ambiguity=1 same=9832 tree-difference=1
[10541/100000] reference-disagreement tspl-divergence-accessor-commitment len=49 artifacts=19 advent-overaccept=15 advent-underaccept=2 reference-disagreement=683 residual-ambiguity=1 same=9839 tree-difference=1
[10547/100000] reference-disagreement statement-list len=550 artifacts=19 advent-overaccept=15 advent-underaccept=2 reference-disagreement=684 residual-ambiguity=1 same=9844 tree-difference=1
[10550/100000] reference-disagreement wide:closure:duplicate:translated:testMatchingPatterns7#1 len=90 artifacts=19 advent-overaccept=15 advent-underaccept=2 reference-disagreement=685 residual-ambiguity=1 same=9846 tree-difference=1
[10551/100000] reference-disagreement wide:closure:keyword+newline:translated:testAsync15#1+real:SyntaxEditUtils:166 len=378 artifacts=19 advent-overaccept=15 advent-underaccept=2 reference-disagreement=686 residual-ambiguity=1 same=9846 tree-difference=1
[10559/100000] reference-disagreement wide:trailing-closure:raw:real:SyntaxTraits:506 len=446 artifacts=19 advent-overaccept=15 advent-underaccept=2 reference-disagreement=687 residual-ambiguity=1 same=9853 tree-difference=1
[10578/100000] reference-disagreement wide:extension-member:block-comment+block-comment:real:SyntaxNodeWithBody:209 len=85 artifacts=19 advent-overaccept=15 advent-underaccept=2 reference-disagreement=688 residual-ambiguity=1 same=9871 tree-difference=1
[10580/100000] reference-disagreement nested-ifconfig-boundary len=146 artifacts=19 advent-overaccept=15 advent-underaccept=2 reference-disagreement=689 residual-ambiguity=1 same=9872 tree-difference=1
[10595/100000] reference-disagreement wide:closure:keyword+newline:real:SyntaxExpressibleByStringInterpolationConformances:145+translated:testNoimplicitcopyAttr1#1 len=262 artifacts=19 advent-overaccept=15 advent-underaccept=2 reference-disagreement=690 residual-ambiguity=1 same=9886 tree-difference=1
[10604/100000] reference-disagreement wide:closure:space+block-comment+line-comment:real:SyntaxUtils:77 len=98 artifacts=19 advent-overaccept=15 advent-underaccept=2 reference-disagreement=691 residual-ambiguity=1 same=9894 tree-difference=1
[10630/100000] reference-disagreement wide:closure:newline+glue+glue:real:SyntaxProtocol+Initializer:104+expression:testTypedThrowsDisambiguation#4 len=571 artifacts=19 advent-overaccept=15 advent-underaccept=2 reference-disagreement=692 residual-ambiguity=1 same=9919 tree-difference=1
[10661/100000] reference-disagreement attribute-ifconfig-elseif-list len=125 artifacts=19 advent-overaccept=15 advent-underaccept=2 reference-disagreement=693 residual-ambiguity=1 same=9949 tree-difference=1
[10688/100000] reference-disagreement wide:func-body:glue+keyword+splice:real:SyntaxProtocol+Initializer:104 len=516 artifacts=19 advent-overaccept=15 advent-underaccept=2 reference-disagreement=694 residual-ambiguity=1 same=9975 tree-difference=1
[10690/100000] reference-disagreement wide:struct-member:newline:real:ResultBuilders:232 len=203 artifacts=19 advent-overaccept=15 advent-underaccept=2 reference-disagreement=695 residual-ambiguity=1 same=9976 tree-difference=1
[10750/100000] same wide:before-statement:swap:real:ConvenienceInitializers:68 len=137 artifacts=19 advent-overaccept=15 advent-underaccept=2 reference-disagreement=695 residual-ambiguity=1 same=10036 tree-difference=1
[10770/100000] reference-disagreement wide:func-body:newline:translated:testIdentifiers4#1+phase4-macro:borrow len=106 artifacts=19 advent-overaccept=15 advent-underaccept=2 reference-disagreement=696 residual-ambiguity=1 same=10055 tree-difference=1
[10773/100000] reference-disagreement statement-list len=580 artifacts=19 advent-overaccept=15 advent-underaccept=2 reference-disagreement=697 residual-ambiguity=1 same=10057 tree-difference=1
[10806/100000] reference-disagreement wide:struct-member:newline+newline:real:SyntaxExpressibleByStringInterpolationConformances:133 len=93 artifacts=19 advent-overaccept=15 advent-underaccept=2 reference-disagreement=698 residual-ambiguity=1 same=10089 tree-difference=1
[10809/100000] reference-disagreement member-list-wide-boundary len=140 artifacts=19 advent-overaccept=15 advent-underaccept=2 reference-disagreement=699 residual-ambiguity=1 same=10091 tree-difference=1
[10850/100000] reference-disagreement binding-pattern len=458 artifacts=19 advent-overaccept=15 advent-underaccept=2 reference-disagreement=700 residual-ambiguity=1 same=10131 tree-difference=1
[10853/100000] reference-disagreement attribute-ifconfig-elseif-list len=130 artifacts=19 advent-overaccept=15 advent-underaccept=2 reference-disagreement=701 residual-ambiguity=1 same=10133 tree-difference=1
[10861/100000] reference-disagreement tspl-divergence-accessor-commitment len=78 artifacts=19 advent-overaccept=15 advent-underaccept=2 reference-disagreement=702 residual-ambiguity=1 same=10140 tree-difference=1
[10870/100000] reference-disagreement wide:struct-member:raw:real:Declarations:19 len=587 artifacts=19 advent-overaccept=15 advent-underaccept=2 reference-disagreement=703 residual-ambiguity=1 same=10148 tree-difference=1
[10872/100000] reference-disagreement cast-try-operator-cluster len=24 artifacts=19 advent-overaccept=15 advent-underaccept=2 reference-disagreement=704 residual-ambiguity=1 same=10149 tree-difference=1
[10875/100000] reference-disagreement member-list-wide-boundary len=417 artifacts=19 advent-overaccept=15 advent-underaccept=2 reference-disagreement=705 residual-ambiguity=1 same=10151 tree-difference=1
[10891/100000] reference-disagreement wide:trailing-closure:raw:real:ManifestEditError:28 len=884 artifacts=19 advent-overaccept=15 advent-underaccept=2 reference-disagreement=706 residual-ambiguity=1 same=10166 tree-difference=1
[10958/100000] advent-overaccept wide:trailing-closure:newline+newline+block-comment:type:testLifetimeSpecifier#3 len=68 artifacts=20 advent-overaccept=16 advent-underaccept=2 reference-disagreement=706 residual-ambiguity=1 same=10232 tree-difference=1
[10973/100000] reference-disagreement wide:top:newline+newline:translated:testDiagnoseAvailabilityWindows7#1 len=73 artifacts=20 advent-overaccept=16 advent-underaccept=2 reference-disagreement=707 residual-ambiguity=1 same=10246 tree-difference=1
[10997/100000] reference-disagreement wide:interpolation:raw:translated:testAvailabilityQuery11#1 len=33 artifacts=20 advent-overaccept=16 advent-underaccept=2 reference-disagreement=708 residual-ambiguity=1 same=10269 tree-difference=1
[11000/100000] reference-disagreement binding-pattern len=458 artifacts=20 advent-overaccept=16 advent-underaccept=2 reference-disagreement=709 residual-ambiguity=1 same=10271 tree-difference=1
[11066/100000] reference-disagreement wide:trailing-closure:newline+block-comment:real:Attributes:839 len=524 artifacts=20 advent-overaccept=16 advent-underaccept=2 reference-disagreement=710 residual-ambiguity=1 same=10336 tree-difference=1
[11076/100000] reference-disagreement tspl-divergence-protocol-body len=81 artifacts=20 advent-overaccept=16 advent-underaccept=2 reference-disagreement=711 residual-ambiguity=1 same=10345 tree-difference=1
[11098/100000] reference-disagreement wide:func-body:glue+newline:real:CompilerPluginMessageHandler:41+translated:testRegexParseError11#1 len=570 artifacts=20 advent-overaccept=16 advent-underaccept=2 reference-disagreement=712 residual-ambiguity=1 same=10366 tree-difference=1
[11102/100000] reference-disagreement wide:func-body:raw:translated:testOperatorDecl20#1 len=63 artifacts=20 advent-overaccept=16 advent-underaccept=2 reference-disagreement=713 residual-ambiguity=1 same=10369 tree-difference=1
[11104/100000] reference-disagreement wide:top:splice:real:SyntaxProtocol:590 len=429 artifacts=20 advent-overaccept=16 advent-underaccept=2 reference-disagreement=714 residual-ambiguity=1 same=10370 tree-difference=1
[11122/100000] reference-disagreement wide:closure:line-comment+glue+glue:real:ResultBuilders:515 len=587 artifacts=20 advent-overaccept=16 advent-underaccept=2 reference-disagreement=715 residual-ambiguity=1 same=10387 tree-difference=1
[11123/100000] reference-disagreement wide:func-body:raw:translated:testOperatorDeclDesignatedTypes11#1 len=56 artifacts=20 advent-overaccept=16 advent-underaccept=2 reference-disagreement=716 residual-ambiguity=1 same=10387 tree-difference=1
[11146/100000] reference-disagreement wide:before-statement:raw:attribute:testABIAttribute#19 len=55 artifacts=20 advent-overaccept=16 advent-underaccept=2 reference-disagreement=717 residual-ambiguity=1 same=10409 tree-difference=1
[11191/100000] reference-disagreement wide:func-body:space:real:SyntaxUtils:77 len=81 artifacts=20 advent-overaccept=16 advent-underaccept=2 reference-disagreement=718 residual-ambiguity=1 same=10453 tree-difference=1
[11202/100000] reference-disagreement declaration-modifier-stack len=34 artifacts=20 advent-overaccept=16 advent-underaccept=2 reference-disagreement=719 residual-ambiguity=1 same=10463 tree-difference=1
[11207/100000] reference-disagreement wide:trailing-closure:delete+newline:real:ResultBuilders:706 len=174 artifacts=20 advent-overaccept=16 advent-underaccept=2 reference-disagreement=720 residual-ambiguity=1 same=10467 tree-difference=1
[11238/100000] reference-disagreement wide:closure:raw:real:LocationMarkers:55 len=586 artifacts=20 advent-overaccept=16 advent-underaccept=2 reference-disagreement=721 residual-ambiguity=1 same=10497 tree-difference=1
[11247/100000] reference-disagreement tspl-divergence-protocol-body len=145 artifacts=20 advent-overaccept=16 advent-underaccept=2 reference-disagreement=722 residual-ambiguity=1 same=10505 tree-difference=1
[11250/100000] same keypath-boundary len=53 artifacts=20 advent-overaccept=16 advent-underaccept=2 reference-disagreement=722 residual-ambiguity=1 same=10508 tree-difference=1
[11264/100000] reference-disagreement wide:func-body:newline+line-comment:real:SyntaxCollections:676 len=521 artifacts=20 advent-overaccept=16 advent-underaccept=2 reference-disagreement=723 residual-ambiguity=1 same=10521 tree-difference=1
[11267/100000] reference-disagreement wide:extension-member:line-comment+newline:real:SyntaxUtils:77 len=90 artifacts=20 advent-overaccept=16 advent-underaccept=2 reference-disagreement=724 residual-ambiguity=1 same=10523 tree-difference=1
[11273/100000] advent-overaccept wide:struct-member:newline+splice:real:SyntaxTraits:329 len=365 artifacts=21 advent-overaccept=17 advent-underaccept=2 reference-disagreement=724 residual-ambiguity=1 same=10528 tree-difference=1
[11286/100000] reference-disagreement statement-list len=560 artifacts=21 advent-overaccept=17 advent-underaccept=2 reference-disagreement=725 residual-ambiguity=1 same=10540 tree-difference=1
[11291/100000] reference-disagreement wide:extension-member:raw:real:ParserDiagnosticMessages:30 len=296 artifacts=21 advent-overaccept=17 advent-underaccept=2 reference-disagreement=726 residual-ambiguity=1 same=10544 tree-difference=1
[11301/100000] reference-disagreement wide:closure:glue+space:real:Note:22 len=210 artifacts=21 advent-overaccept=17 advent-underaccept=2 reference-disagreement=727 residual-ambiguity=1 same=10553 tree-difference=1
[11303/100000] advent-overaccept wide:ifconfig:space+space:statement:testCaseContext#2 len=66 artifacts=22 advent-overaccept=18 advent-underaccept=2 reference-disagreement=727 residual-ambiguity=1 same=10554 tree-difference=1
[11306/100000] reference-disagreement wide:closure:raw:real:IndentationUtils:64 len=462 artifacts=22 advent-overaccept=18 advent-underaccept=2 reference-disagreement=728 residual-ambiguity=1 same=10556 tree-difference=1
[11321/100000] reference-disagreement keypath-boundary len=37 artifacts=22 advent-overaccept=18 advent-underaccept=2 reference-disagreement=729 residual-ambiguity=1 same=10570 tree-difference=1
[11326/100000] reference-disagreement wide:trailing-closure:raw:real:ParserDiagnosticMessages:505 len=315 artifacts=22 advent-overaccept=18 advent-underaccept=2 reference-disagreement=730 residual-ambiguity=1 same=10574 tree-difference=1
[11338/100000] reference-disagreement wide:closure:keyword:phase4-keypath:kp-root-meta-meta+real:ExpandEditorPlaceholder:506 len=96 artifacts=22 advent-overaccept=18 advent-underaccept=2 reference-disagreement=731 residual-ambiguity=1 same=10585 tree-difference=1
[11351/100000] reference-disagreement wide:closure:raw:statement:testSwitch#2+declaration:testReasyncFunctions#1 len=205 artifacts=22 advent-overaccept=18 advent-underaccept=2 reference-disagreement=732 residual-ambiguity=1 same=10597 tree-difference=1
[11375/100000] reference-disagreement tspl-divergence-protocol-body len=123 artifacts=22 advent-overaccept=18 advent-underaccept=2 reference-disagreement=733 residual-ambiguity=1 same=10620 tree-difference=1
[11380/100000] reference-disagreement wide:closure:newline:real:MacroExpansionContext:202 len=191 artifacts=22 advent-overaccept=18 advent-underaccept=2 reference-disagreement=734 residual-ambiguity=1 same=10624 tree-difference=1
[11381/100000] reference-disagreement wide:func-body:raw:real:ResultBuilders:553 len=144 artifacts=22 advent-overaccept=18 advent-underaccept=2 reference-disagreement=735 residual-ambiguity=1 same=10624 tree-difference=1
[11409/100000] reference-disagreement nested-ifconfig-boundary len=113 artifacts=22 advent-overaccept=18 advent-underaccept=2 reference-disagreement=736 residual-ambiguity=1 same=10651 tree-difference=1
[11430/100000] reference-disagreement tspl-divergence-protocol-body len=116 artifacts=22 advent-overaccept=18 advent-underaccept=2 reference-disagreement=737 residual-ambiguity=1 same=10671 tree-difference=1
[11444/100000] reference-disagreement func-body len=458 artifacts=22 advent-overaccept=18 advent-underaccept=2 reference-disagreement=738 residual-ambiguity=1 same=10684 tree-difference=1
[11450/100000] reference-disagreement wide:struct-member:block-comment+block-comment:translated:testDebugger1#1 len=51 artifacts=22 advent-overaccept=18 advent-underaccept=2 reference-disagreement=739 residual-ambiguity=1 same=10689 tree-difference=1
[11454/100000] reference-disagreement wide:before-statement:swap+line-comment:attribute:testEffects#1 len=74 artifacts=22 advent-overaccept=18 advent-underaccept=2 reference-disagreement=740 residual-ambiguity=1 same=10692 tree-difference=1
[11464/100000] reference-disagreement attribute-ifconfig-elseif-list len=145 artifacts=22 advent-overaccept=18 advent-underaccept=2 reference-disagreement=741 residual-ambiguity=1 same=10701 tree-difference=1
[11480/100000] reference-disagreement attribute-ifconfig-elseif-list len=129 artifacts=22 advent-overaccept=18 advent-underaccept=2 reference-disagreement=742 residual-ambiguity=1 same=10716 tree-difference=1
[11500/100000] same pattern-matrix-boundary len=508 artifacts=22 advent-overaccept=18 advent-underaccept=2 reference-disagreement=742 residual-ambiguity=1 same=10736 tree-difference=1
[11518/100000] reference-disagreement wide:struct-member:newline+line-comment+newline:real:ResultBuilders:401+phase4-keypath:kp-tuple-index len=209 artifacts=22 advent-overaccept=18 advent-underaccept=2 reference-disagreement=743 residual-ambiguity=1 same=10753 tree-difference=1
[11535/100000] reference-disagreement attribute-ifconfig-elseif-list len=127 artifacts=22 advent-overaccept=18 advent-underaccept=2 reference-disagreement=744 residual-ambiguity=1 same=10769 tree-difference=1
[11546/100000] reference-disagreement wide:struct-member:raw:translated:testModuleSelectorAttrs#1 len=96 artifacts=22 advent-overaccept=18 advent-underaccept=2 reference-disagreement=745 residual-ambiguity=1 same=10779 tree-difference=1
[11554/100000] reference-disagreement attribute-ifconfig-elseif-list len=130 artifacts=22 advent-overaccept=18 advent-underaccept=2 reference-disagreement=746 residual-ambiguity=1 same=10786 tree-difference=1
[11557/100000] reference-disagreement tspl-divergence-protocol-body len=225 artifacts=22 advent-overaccept=18 advent-underaccept=2 reference-disagreement=747 residual-ambiguity=1 same=10788 tree-difference=1
[11587/100000] reference-disagreement wide:func-body:raw:real:Message:38 len=386 artifacts=22 advent-overaccept=18 advent-underaccept=2 reference-disagreement=748 residual-ambiguity=1 same=10817 tree-difference=1
[11589/100000] reference-disagreement tspl-divergence-accessor-commitment len=78 artifacts=22 advent-overaccept=18 advent-underaccept=2 reference-disagreement=749 residual-ambiguity=1 same=10818 tree-difference=1
[11597/100000] reference-disagreement wide:trailing-closure:block-comment:real:SyntaxUtils:19 len=108 artifacts=22 advent-overaccept=18 advent-underaccept=2 reference-disagreement=750 residual-ambiguity=1 same=10825 tree-difference=1
[11601/100000] reference-disagreement wide:struct-member:raw:real:ScopeImplementations:907 len=337 artifacts=22 advent-overaccept=18 advent-underaccept=2 reference-disagreement=751 residual-ambiguity=1 same=10828 tree-difference=1
[11652/100000] reference-disagreement tspl-divergence-protocol-body len=165 artifacts=22 advent-overaccept=18 advent-underaccept=2 reference-disagreement=752 residual-ambiguity=1 same=10878 tree-difference=1
[11665/100000] reference-disagreement tspl-divergence-protocol-body len=132 artifacts=22 advent-overaccept=18 advent-underaccept=2 reference-disagreement=753 residual-ambiguity=1 same=10890 tree-difference=1
[11669/100000] reference-disagreement wide:func-body:raw:real:ScopeImplementations:978+real:MissingNodesError:137 len=449 artifacts=22 advent-overaccept=18 advent-underaccept=2 reference-disagreement=754 residual-ambiguity=1 same=10893 tree-difference=1
[11698/100000] reference-disagreement wide:before-statement:raw:phase4-coroutine:coroutine-modify+phase3-branch:if-expression len=96 artifacts=22 advent-overaccept=18 advent-underaccept=2 reference-disagreement=755 residual-ambiguity=1 same=10921 tree-difference=1
[11723/100000] reference-disagreement wide:func-body:block-comment+block-comment+line-comment:translated:testInvalid33#1 len=87 artifacts=22 advent-overaccept=18 advent-underaccept=2 reference-disagreement=756 residual-ambiguity=1 same=10945 tree-difference=1
[11736/100000] reference-disagreement tspl-divergence-protocol-body len=143 artifacts=22 advent-overaccept=18 advent-underaccept=2 reference-disagreement=757 residual-ambiguity=1 same=10957 tree-difference=1
[11748/100000] reference-disagreement wide:trailing-closure:raw:reject:testKeypathExpression#3 len=30 artifacts=22 advent-overaccept=18 advent-underaccept=2 reference-disagreement=758 residual-ambiguity=1 same=10968 tree-difference=1
[11750/100000] same generic-decl len=38 artifacts=22 advent-overaccept=18 advent-underaccept=2 reference-disagreement=758 residual-ambiguity=1 same=10970 tree-difference=1
[11807/100000] reference-disagreement wide:extension-member:raw:real:Syntax:548+real:BasicMacroExpansionContext:109 len=313 artifacts=22 advent-overaccept=18 advent-underaccept=2 reference-disagreement=759 residual-ambiguity=1 same=11026 tree-difference=1
[11822/100000] reference-disagreement member-list-wide-boundary len=181 artifacts=22 advent-overaccept=18 advent-underaccept=2 reference-disagreement=760 residual-ambiguity=1 same=11040 tree-difference=1
[11833/100000] reference-disagreement binding-pattern len=458 artifacts=22 advent-overaccept=18 advent-underaccept=2 reference-disagreement=761 residual-ambiguity=1 same=11050 tree-difference=1
[11852/100000] reference-disagreement keypath-boundary len=38 artifacts=22 advent-overaccept=18 advent-underaccept=2 reference-disagreement=762 residual-ambiguity=1 same=11068 tree-difference=1
[11858/100000] reference-disagreement tspl-divergence-accessor-commitment len=78 artifacts=22 advent-overaccept=18 advent-underaccept=2 reference-disagreement=763 residual-ambiguity=1 same=11073 tree-difference=1
[11882/100000] reference-disagreement wide:closure:block-comment+newline:translated:testDiagnoseAvailability5#1 len=106 artifacts=22 advent-overaccept=18 advent-underaccept=2 reference-disagreement=764 residual-ambiguity=1 same=11096 tree-difference=1
[11902/100000] reference-disagreement keypath-boundary len=44 artifacts=22 advent-overaccept=18 advent-underaccept=2 reference-disagreement=765 residual-ambiguity=1 same=11115 tree-difference=1
[11926/100000] reference-disagreement wide:closure:splice:translated:testOperatorDeclDesignatedTypes12#1 len=91 artifacts=22 advent-overaccept=18 advent-underaccept=2 reference-disagreement=766 residual-ambiguity=1 same=11138 tree-difference=1
[11953/100000] reference-disagreement wide:func-body:newline+duplicate+space:phase4-loop:subscript-getset len=80 artifacts=22 advent-overaccept=18 advent-underaccept=2 reference-disagreement=767 residual-ambiguity=1 same=11164 tree-difference=1
[11968/100000] reference-disagreement statement-list len=662 artifacts=22 advent-overaccept=18 advent-underaccept=2 reference-disagreement=768 residual-ambiguity=1 same=11178 tree-difference=1
[11992/100000] reference-disagreement wide:trailing-closure:block-comment:real:SyntaxExpressibleByStringInterpolationConformances:268 len=92 artifacts=22 advent-overaccept=18 advent-underaccept=2 reference-disagreement=769 residual-ambiguity=1 same=11201 tree-difference=1
[12000/100000] same wide:closure:duplicate:real:WarningControlDeclSyntax:55 len=396 artifacts=22 advent-overaccept=18 advent-underaccept=2 reference-disagreement=769 residual-ambiguity=1 same=11209 tree-difference=1
[12016/100000] reference-disagreement wide:closure:raw:real:SyntaxCollections:404 len=496 artifacts=22 advent-overaccept=18 advent-underaccept=2 reference-disagreement=770 residual-ambiguity=1 same=11224 tree-difference=1
[12036/100000] reference-disagreement wide:func-body:raw:translated:testSwitch11#1 len=85 artifacts=22 advent-overaccept=18 advent-underaccept=2 reference-disagreement=771 residual-ambiguity=1 same=11243 tree-difference=1
[12079/100000] reference-disagreement statement-list len=503 artifacts=22 advent-overaccept=18 advent-underaccept=2 reference-disagreement=772 residual-ambiguity=1 same=11285 tree-difference=1
[12085/100000] reference-disagreement grammarish-member-list len=144 artifacts=22 advent-overaccept=18 advent-underaccept=2 reference-disagreement=773 residual-ambiguity=1 same=11290 tree-difference=1
[12132/100000] reference-disagreement wide:closure:newline:real:ResultBuilders:654+translated:testForwardSlashRegex89#1 len=238 artifacts=22 advent-overaccept=18 advent-underaccept=2 reference-disagreement=774 residual-ambiguity=1 same=11336 tree-difference=1
[12161/100000] reference-disagreement tspl-divergence-protocol-body len=165 artifacts=22 advent-overaccept=18 advent-underaccept=2 reference-disagreement=775 residual-ambiguity=1 same=11364 tree-difference=1
[12163/100000] reference-disagreement wide:func-body:raw:real:SyntaxExpressibleByStringInterpolationConformances:145 len=165 artifacts=22 advent-overaccept=18 advent-underaccept=2 reference-disagreement=776 residual-ambiguity=1 same=11365 tree-difference=1
[12191/100000] reference-disagreement attribute-ifconfig-elseif-list len=151 artifacts=22 advent-overaccept=18 advent-underaccept=2 reference-disagreement=777 residual-ambiguity=1 same=11392 tree-difference=1
[12204/100000] reference-disagreement wide:top:splice:expression:testKeyPathMethodAndInitializers#1 len=16 artifacts=22 advent-overaccept=18 advent-underaccept=2 reference-disagreement=778 residual-ambiguity=1 same=11404 tree-difference=1
[12240/100000] reference-disagreement wide:struct-member:raw:translated:testToplevelLibrary1#1+real:DeclSyntaxParseable:59 len=155 artifacts=22 advent-overaccept=18 advent-underaccept=2 reference-disagreement=779 residual-ambiguity=1 same=11439 tree-difference=1
[12250/100000] same frontier:statement-member-context len=66 artifacts=22 advent-overaccept=18 advent-underaccept=2 reference-disagreement=779 residual-ambiguity=1 same=11449 tree-difference=1
[12252/100000] reference-disagreement seed-corpus-structural-splice:member-list-ifconfig-semicolon len=212 artifacts=22 advent-overaccept=18 advent-underaccept=2 reference-disagreement=780 residual-ambiguity=1 same=11450 tree-difference=1
[12272/100000] advent-underaccept wide:before-statement:splice+line-comment+newline:real:UnicodeScalarExtensions:264 len=263 artifacts=23 advent-overaccept=18 advent-underaccept=3 reference-disagreement=780 residual-ambiguity=1 same=11469 tree-difference=1
[12297/100000] reference-disagreement keypath-boundary len=44 artifacts=23 advent-overaccept=18 advent-underaccept=3 reference-disagreement=781 residual-ambiguity=1 same=11493 tree-difference=1
[12305/100000] reference-disagreement wide:closure:raw:attribute:testSilgenName#1 len=107 artifacts=23 advent-overaccept=18 advent-underaccept=3 reference-disagreement=782 residual-ambiguity=1 same=11500 tree-difference=1
[12321/100000] reference-disagreement wide:struct-member:newline+newline+newline:translated:testOperatorDeclDesignatedTypes2#1 len=99 artifacts=23 advent-overaccept=18 advent-underaccept=3 reference-disagreement=783 residual-ambiguity=1 same=11515 tree-difference=1
[12323/100000] reference-disagreement keypath-boundary len=37 artifacts=23 advent-overaccept=18 advent-underaccept=3 reference-disagreement=784 residual-ambiguity=1 same=11516 tree-difference=1
[12342/100000] reference-disagreement member-list-wide-boundary len=295 artifacts=23 advent-overaccept=18 advent-underaccept=3 reference-disagreement=785 residual-ambiguity=1 same=11534 tree-difference=1
[12373/100000] reference-disagreement tspl-divergence-protocol-body len=176 artifacts=23 advent-overaccept=18 advent-underaccept=3 reference-disagreement=786 residual-ambiguity=1 same=11564 tree-difference=1
[12393/100000] reference-disagreement wide:closure:line-comment:real:SyntaxTraits:798 len=120 artifacts=23 advent-overaccept=18 advent-underaccept=3 reference-disagreement=787 residual-ambiguity=1 same=11583 tree-difference=1
[12416/100000] reference-disagreement tspl-divergence-protocol-body len=97 artifacts=23 advent-overaccept=18 advent-underaccept=3 reference-disagreement=788 residual-ambiguity=1 same=11605 tree-difference=1
[12420/100000] reference-disagreement wide:trailing-closure:line-comment+line-comment+space:real:RefactoringProvider:23 len=203 artifacts=23 advent-overaccept=18 advent-underaccept=3 reference-disagreement=789 residual-ambiguity=1 same=11608 tree-difference=1
[12435/100000] reference-disagreement wide:closure:raw:real:IsValidIdentifier:98 len=1037 artifacts=23 advent-overaccept=18 advent-underaccept=3 reference-disagreement=790 residual-ambiguity=1 same=11622 tree-difference=1
[12436/100000] reference-disagreement wide:closure:space+newline+keyword:real:RefactoringProvider:50 len=582 artifacts=23 advent-overaccept=18 advent-underaccept=3 reference-disagreement=791 residual-ambiguity=1 same=11622 tree-difference=1
[12465/100000] reference-disagreement statement-list len=458 artifacts=23 advent-overaccept=18 advent-underaccept=3 reference-disagreement=792 residual-ambiguity=1 same=11650 tree-difference=1
[12472/100000] reference-disagreement wide:closure:glue:real:Oracle:43+translated:testDollarIdentifier4#1 len=418 artifacts=23 advent-overaccept=18 advent-underaccept=3 reference-disagreement=793 residual-ambiguity=1 same=11656 tree-difference=1
[12484/100000] reference-disagreement nested-ifconfig-boundary len=163 artifacts=23 advent-overaccept=18 advent-underaccept=3 reference-disagreement=794 residual-ambiguity=1 same=11667 tree-difference=1
[12487/100000] reference-disagreement cast-try-operator-cluster len=24 artifacts=23 advent-overaccept=18 advent-underaccept=3 reference-disagreement=795 residual-ambiguity=1 same=11669 tree-difference=1
[12495/100000] reference-disagreement attribute-ifconfig-elseif-list len=140 artifacts=23 advent-overaccept=18 advent-underaccept=3 reference-disagreement=796 residual-ambiguity=1 same=11676 tree-difference=1
[12500/100000] reference-disagreement cast-try-operator-cluster len=24 artifacts=23 advent-overaccept=18 advent-underaccept=3 reference-disagreement=797 residual-ambiguity=1 same=11680 tree-difference=1
[12515/100000] reference-disagreement wide:extension-member:newline+block-comment:real:SyntaxProtocol:147+real:SyntaxExpressibleByStringInterpolationConformances:94 len=832 artifacts=23 advent-overaccept=18 advent-underaccept=3 reference-disagreement=798 residual-ambiguity=1 same=11694 tree-difference=1
[12522/100000] reference-disagreement wide:extension-member:raw:real:SyntaxTraits:856 len=82 artifacts=23 advent-overaccept=18 advent-underaccept=3 reference-disagreement=799 residual-ambiguity=1 same=11700 tree-difference=1
[12531/100000] reference-disagreement tspl-divergence-protocol-body len=198 artifacts=23 advent-overaccept=18 advent-underaccept=3 reference-disagreement=800 residual-ambiguity=1 same=11708 tree-difference=1
[12547/100000] reference-disagreement statement-list len=506 artifacts=23 advent-overaccept=18 advent-underaccept=3 reference-disagreement=801 residual-ambiguity=1 same=11723 tree-difference=1
[12556/100000] reference-disagreement wide:closure:newline:real:MissingNodeInitializers:50 len=150 artifacts=23 advent-overaccept=18 advent-underaccept=3 reference-disagreement=802 residual-ambiguity=1 same=11731 tree-difference=1
[12579/100000] reference-disagreement wide:func-body:space+space:real:ParserDiagnosticMessages:488+expression:testUnsafeExpr#17 len=298 artifacts=23 advent-overaccept=18 advent-underaccept=3 reference-disagreement=803 residual-ambiguity=1 same=11753 tree-difference=1
[12583/100000] reference-disagreement wide:trailing-closure:block-comment:real:SwiftSyntaxCompatibility:881 len=77 artifacts=23 advent-overaccept=18 advent-underaccept=3 reference-disagreement=804 residual-ambiguity=1 same=11756 tree-difference=1
[12599/100000] reference-disagreement wide:extension-member:raw:real:ResultBuilders:745 len=205 artifacts=23 advent-overaccept=18 advent-underaccept=3 reference-disagreement=805 residual-ambiguity=1 same=11771 tree-difference=1
[12617/100000] reference-disagreement wide:struct-member:space:real:ResultBuilders:544 len=209 artifacts=23 advent-overaccept=18 advent-underaccept=3 reference-disagreement=806 residual-ambiguity=1 same=11788 tree-difference=1
[12631/100000] reference-disagreement tspl-divergence-protocol-body len=225 artifacts=23 advent-overaccept=18 advent-underaccept=3 reference-disagreement=807 residual-ambiguity=1 same=11801 tree-difference=1
[12654/100000] reference-disagreement attribute-ifconfig-elseif-list len=118 artifacts=23 advent-overaccept=18 advent-underaccept=3 reference-disagreement=808 residual-ambiguity=1 same=11823 tree-difference=1
[12674/100000] reference-disagreement tspl-divergence-protocol-body len=217 artifacts=23 advent-overaccept=18 advent-underaccept=3 reference-disagreement=809 residual-ambiguity=1 same=11842 tree-difference=1
[12693/100000] reference-disagreement wide:struct-member:raw:real:RawSyntax:17 len=240 artifacts=23 advent-overaccept=18 advent-underaccept=3 reference-disagreement=810 residual-ambiguity=1 same=11860 tree-difference=1
[12694/100000] reference-disagreement keypath-boundary len=38 artifacts=23 advent-overaccept=18 advent-underaccept=3 reference-disagreement=811 residual-ambiguity=1 same=11860 tree-difference=1
[12695/100000] reference-disagreement member-list-wide-boundary len=249 artifacts=23 advent-overaccept=18 advent-underaccept=3 reference-disagreement=812 residual-ambiguity=1 same=11860 tree-difference=1
[12697/100000] reference-disagreement attribute-boundary len=47 artifacts=23 advent-overaccept=18 advent-underaccept=3 reference-disagreement=813 residual-ambiguity=1 same=11861 tree-difference=1
[12711/100000] reference-disagreement binding-pattern len=458 artifacts=23 advent-overaccept=18 advent-underaccept=3 reference-disagreement=814 residual-ambiguity=1 same=11874 tree-difference=1
[12718/100000] reference-disagreement keypath-boundary len=33 artifacts=23 advent-overaccept=18 advent-underaccept=3 reference-disagreement=815 residual-ambiguity=1 same=11880 tree-difference=1
[12722/100000] reference-disagreement attribute-ifconfig-elseif-list len=127 artifacts=23 advent-overaccept=18 advent-underaccept=3 reference-disagreement=816 residual-ambiguity=1 same=11883 tree-difference=1
[12724/100000] reference-disagreement wide:trailing-closure:space:expression:testStringLiterals#4+real:SyntaxTraits:714 len=110 artifacts=23 advent-overaccept=18 advent-underaccept=3 reference-disagreement=817 residual-ambiguity=1 same=11884 tree-difference=1
[12750/100000] same frontier:condition-trailing-closure-scope len=467 artifacts=23 advent-overaccept=18 advent-underaccept=3 reference-disagreement=817 residual-ambiguity=1 same=11910 tree-difference=1
[12753/100000] reference-disagreement wide:struct-member:raw:real:BuildableNodes:986 len=1242 artifacts=23 advent-overaccept=18 advent-underaccept=3 reference-disagreement=818 residual-ambiguity=1 same=11912 tree-difference=1
[12765/100000] reference-disagreement wide:extension-member:raw:translated:testOperators27#1+real:SwiftSyntaxCompatibility:247 len=233 artifacts=23 advent-overaccept=18 advent-underaccept=3 reference-disagreement=819 residual-ambiguity=1 same=11923 tree-difference=1
[12770/100000] reference-disagreement wide:trailing-closure:space+duplicate:translated:testAsyncSyntax4#1 len=81 artifacts=23 advent-overaccept=18 advent-underaccept=3 reference-disagreement=820 residual-ambiguity=1 same=11927 tree-difference=1
[12783/100000] advent-overaccept wide:top:glue:type:testLifetimeSpecifier#2 len=31 artifacts=23 advent-overaccept=19 advent-underaccept=3 reference-disagreement=820 residual-ambiguity=1 same=11939 tree-difference=1
[12804/100000] reference-disagreement keypath-boundary len=37 artifacts=23 advent-overaccept=19 advent-underaccept=3 reference-disagreement=821 residual-ambiguity=1 same=11959 tree-difference=1
[12821/100000] reference-disagreement cast-try-operator-cluster len=24 artifacts=23 advent-overaccept=19 advent-underaccept=3 reference-disagreement=822 residual-ambiguity=1 same=11975 tree-difference=1
[12831/100000] reference-disagreement statement-list len=580 artifacts=23 advent-overaccept=19 advent-underaccept=3 reference-disagreement=823 residual-ambiguity=1 same=11984 tree-difference=1
[12855/100000] reference-disagreement wide:closure:block-comment+keyword+newline:attribute:testABIAttribute#12+real:Syntax+StringInterpolation:524 len=111 artifacts=23 advent-overaccept=19 advent-underaccept=3 reference-disagreement=824 residual-ambiguity=1 same=12007 tree-difference=1
[12866/100000] reference-disagreement wide:func-body:raw:real:DeclarationMacro:36 len=189 artifacts=23 advent-overaccept=19 advent-underaccept=3 reference-disagreement=825 residual-ambiguity=1 same=12017 tree-difference=1
[12870/100000] reference-disagreement func-body len=458 artifacts=23 advent-overaccept=19 advent-underaccept=3 reference-disagreement=826 residual-ambiguity=1 same=12020 tree-difference=1
[12880/100000] reference-disagreement nested-ifconfig-boundary len=146 artifacts=23 advent-overaccept=19 advent-underaccept=3 reference-disagreement=827 residual-ambiguity=1 same=12029 tree-difference=1
[12881/100000] reference-disagreement wide:closure:space+block-comment+glue:real:SyntaxTraits:856 len=91 artifacts=23 advent-overaccept=19 advent-underaccept=3 reference-disagreement=828 residual-ambiguity=1 same=12029 tree-difference=1
[12890/100000] reference-disagreement wide:closure:line-comment+space:real:IsValidIdentifier:41 len=1046 artifacts=23 advent-overaccept=19 advent-underaccept=3 reference-disagreement=829 residual-ambiguity=1 same=12037 tree-difference=1
[12902/100000] reference-disagreement tspl-divergence-accessor-commitment len=78 artifacts=23 advent-overaccept=19 advent-underaccept=3 reference-disagreement=830 residual-ambiguity=1 same=12048 tree-difference=1
[12942/100000] reference-disagreement wide:after-statement:raw:expression:testKeyPathMethodAndInitializers#1 len=31 artifacts=23 advent-overaccept=19 advent-underaccept=3 reference-disagreement=831 residual-ambiguity=1 same=12087 tree-difference=1
[12947/100000] reference-disagreement wide:struct-member:newline:real:Syntax+StringInterpolation:283 len=62 artifacts=23 advent-overaccept=19 advent-underaccept=3 reference-disagreement=832 residual-ambiguity=1 same=12091 tree-difference=1
[12949/100000] reference-disagreement wide:extension-member:raw:real:SyntaxProtocol:147 len=750 artifacts=23 advent-overaccept=19 advent-underaccept=3 reference-disagreement=833 residual-ambiguity=1 same=12092 tree-difference=1
[12970/100000] reference-disagreement wide:trailing-closure:raw:real:MacroSystem:1543 len=472 artifacts=23 advent-overaccept=19 advent-underaccept=3 reference-disagreement=834 residual-ambiguity=1 same=12112 tree-difference=1
[12978/100000] advent-overaccept wide:top:glue+glue+keyword:real:SyntaxTraits:370 len=359 artifacts=24 advent-overaccept=20 advent-underaccept=3 reference-disagreement=834 residual-ambiguity=1 same=12119 tree-difference=1
[12992/100000] reference-disagreement wide:extension-member:newline:real:SyntaxBaseNodes:139 len=690 artifacts=24 advent-overaccept=20 advent-underaccept=3 reference-disagreement=835 residual-ambiguity=1 same=12132 tree-difference=1
[12995/100000] reference-disagreement wide:struct-member:newline+newline+space:real:Specifiers:581 len=518 artifacts=24 advent-overaccept=20 advent-underaccept=3 reference-disagreement=836 residual-ambiguity=1 same=12134 tree-difference=1
[13000/100000] same macro-pound-boundary len=40 artifacts=24 advent-overaccept=20 advent-underaccept=3 reference-disagreement=836 residual-ambiguity=1 same=12139 tree-difference=1
[13015/100000] reference-disagreement declaration-modifier-stack len=34 artifacts=24 advent-overaccept=20 advent-underaccept=3 reference-disagreement=837 residual-ambiguity=1 same=12153 tree-difference=1
[13028/100000] reference-disagreement declaration-modifier-stack len=34 artifacts=24 advent-overaccept=20 advent-underaccept=3 reference-disagreement=838 residual-ambiguity=1 same=12165 tree-difference=1
[13035/100000] reference-disagreement keypath-boundary len=37 artifacts=24 advent-overaccept=20 advent-underaccept=3 reference-disagreement=839 residual-ambiguity=1 same=12171 tree-difference=1
[13055/100000] reference-disagreement wide:trailing-closure:raw:real:ParserDiagnosticMessages:799 len=401 artifacts=24 advent-overaccept=20 advent-underaccept=3 reference-disagreement=840 residual-ambiguity=1 same=12190 tree-difference=1
[13063/100000] reference-disagreement wide:closure:block-comment:real:BuildableNodes:1503+translated:testMatchingPatterns11#1 len=1126 artifacts=24 advent-overaccept=20 advent-underaccept=3 reference-disagreement=841 residual-ambiguity=1 same=12197 tree-difference=1
[13067/100000] reference-disagreement wide:closure:glue+block-comment:real:MacroExpansionContext:192+phase4-coroutine:coroutine-both len=436 artifacts=24 advent-overaccept=20 advent-underaccept=3 reference-disagreement=842 residual-ambiguity=1 same=12200 tree-difference=1
[13072/100000] reference-disagreement wide:trailing-closure:raw:phase4-pattern:suppressed+translated:testForwardSlashRegexSkippingAllowed12#1 len=88 artifacts=24 advent-overaccept=20 advent-underaccept=3 reference-disagreement=843 residual-ambiguity=1 same=12204 tree-difference=1
[13077/100000] reference-disagreement wide:func-body:raw:real:ResultBuilders:85 len=124 artifacts=24 advent-overaccept=20 advent-underaccept=3 reference-disagreement=844 residual-ambiguity=1 same=12208 tree-difference=1
[13078/100000] reference-disagreement statement-list len=540 artifacts=24 advent-overaccept=20 advent-underaccept=3 reference-disagreement=845 residual-ambiguity=1 same=12208 tree-difference=1
[13093/100000] reference-disagreement wide:extension-member:raw:attribute:testIsolatedTypeAttribute#2 len=55 artifacts=24 advent-overaccept=20 advent-underaccept=3 reference-disagreement=846 residual-ambiguity=1 same=12222 tree-difference=1
[13095/100000] reference-disagreement wide:func-body:line-comment+newline:real:SyntaxExpressibleByStringInterpolationConformances:241 len=97 artifacts=24 advent-overaccept=20 advent-underaccept=3 reference-disagreement=847 residual-ambiguity=1 same=12223 tree-difference=1
[13097/100000] reference-disagreement grammarish-member-list len=237 artifacts=24 advent-overaccept=20 advent-underaccept=3 reference-disagreement=848 residual-ambiguity=1 same=12224 tree-difference=1
[13107/100000] advent-underaccept wide:after-statement:swap+line-comment:translated:testTry8#1 len=126 artifacts=25 advent-overaccept=20 advent-underaccept=4 reference-disagreement=848 residual-ambiguity=1 same=12233 tree-difference=1
[13118/100000] reference-disagreement wide:struct-member:line-comment:declaration:testPrecedenceGroup#1 len=149 artifacts=25 advent-overaccept=20 advent-underaccept=4 reference-disagreement=849 residual-ambiguity=1 same=12243 tree-difference=1
[13123/100000] reference-disagreement attribute-ifconfig-elseif-list len=109 artifacts=25 advent-overaccept=20 advent-underaccept=4 reference-disagreement=850 residual-ambiguity=1 same=12247 tree-difference=1
[13132/100000] reference-disagreement wide:struct-member:raw:real:SyntaxTraits:794 len=87 artifacts=25 advent-overaccept=20 advent-underaccept=4 reference-disagreement=851 residual-ambiguity=1 same=12255 tree-difference=1
[13149/100000] reference-disagreement wide:trailing-closure:raw:real:IntroducingToSequentialParentScopeSyntax:15+translated:testOrinalDefinedInAttr12#1 len=530 artifacts=25 advent-overaccept=20 advent-underaccept=4 reference-disagreement=852 residual-ambiguity=1 same=12271 tree-difference=1
[13168/100000] reference-disagreement tspl-divergence-protocol-body len=103 artifacts=25 advent-overaccept=20 advent-underaccept=4 reference-disagreement=853 residual-ambiguity=1 same=12289 tree-difference=1
[13175/100000] reference-disagreement wide:extension-member:line-comment:translated:testInitDeinit16#1 len=78 artifacts=25 advent-overaccept=20 advent-underaccept=4 reference-disagreement=854 residual-ambiguity=1 same=12295 tree-difference=1
[13210/100000] reference-disagreement statement-list len=562 artifacts=25 advent-overaccept=20 advent-underaccept=4 reference-disagreement=855 residual-ambiguity=1 same=12329 tree-difference=1
[13214/100000] reference-disagreement wide:closure:newline:phase3-function:func-default+real:SyntaxTraits:860 len=93 artifacts=25 advent-overaccept=20 advent-underaccept=4 reference-disagreement=856 residual-ambiguity=1 same=12332 tree-difference=1
[13218/100000] reference-disagreement wide:closure:raw:real:MacroExpansionDiagnosticMessages:64 len=288 artifacts=25 advent-overaccept=20 advent-underaccept=4 reference-disagreement=857 residual-ambiguity=1 same=12335 tree-difference=1
[13224/100000] reference-disagreement wide:trailing-closure:raw:real:LayoutNodes+Parsable:119 len=201 artifacts=25 advent-overaccept=20 advent-underaccept=4 reference-disagreement=858 residual-ambiguity=1 same=12340 tree-difference=1
[13237/100000] reference-disagreement wide:extension-member:raw:real:BuildableNodes:1530+real:ManifestEditError:18 len=1398 artifacts=25 advent-overaccept=20 advent-underaccept=4 reference-disagreement=859 residual-ambiguity=1 same=12352 tree-difference=1
[13243/100000] reference-disagreement grammarish-member-list len=237 artifacts=25 advent-overaccept=20 advent-underaccept=4 reference-disagreement=860 residual-ambiguity=1 same=12357 tree-difference=1
[13245/100000] reference-disagreement wide:func-body:space+newline+newline:real:Diagnostic:110 len=867 artifacts=25 advent-overaccept=20 advent-underaccept=4 reference-disagreement=861 residual-ambiguity=1 same=12358 tree-difference=1
[13250/100000] same wide:after-statement:space+glue:attribute:testObjcImplementationAttribute#1 len=145 artifacts=25 advent-overaccept=20 advent-underaccept=4 reference-disagreement=861 residual-ambiguity=1 same=12363 tree-difference=1
[13255/100000] advent-overaccept wide:struct-member:space+line-comment:translated:testMatchingPatterns17#1 len=353 artifacts=26 advent-overaccept=21 advent-underaccept=4 reference-disagreement=861 residual-ambiguity=1 same=12367 tree-difference=1
[13258/100000] reference-disagreement wide:before-statement:raw:declaration:testOperators#2+real:SyntaxExpressibleByStringInterpolationConformances:160 len=374 artifacts=26 advent-overaccept=21 advent-underaccept=4 reference-disagreement=862 residual-ambiguity=1 same=12369 tree-difference=1
[13260/100000] reference-disagreement wide:closure:raw:real:Parser:937 len=633 artifacts=26 advent-overaccept=21 advent-underaccept=4 reference-disagreement=863 residual-ambiguity=1 same=12370 tree-difference=1
[13279/100000] reference-disagreement wide:trailing-closure:swap+glue+newline:real:BuildableNodes:1557 len=1257 artifacts=26 advent-overaccept=21 advent-underaccept=4 reference-disagreement=864 residual-ambiguity=1 same=12388 tree-difference=1
[13287/100000] reference-disagreement grammarish-member-list len=325 artifacts=26 advent-overaccept=21 advent-underaccept=4 reference-disagreement=865 residual-ambiguity=1 same=12395 tree-difference=1
[13317/100000] reference-disagreement wide:func-body:block-comment:real:SyntaxParsable+ExpressibleByStringInterpolation:42 len=85 artifacts=26 advent-overaccept=21 advent-underaccept=4 reference-disagreement=866 residual-ambiguity=1 same=12424 tree-difference=1
[13320/100000] reference-disagreement wide:after-statement:glue+glue:translated:testInvalid37#1+declaration:testModifiedParameter#1 len=102 artifacts=26 advent-overaccept=21 advent-underaccept=4 reference-disagreement=867 residual-ambiguity=1 same=12426 tree-difference=1
[13325/100000] reference-disagreement wide:closure:newline+space+swap:real:MacroExpansion:41 len=588 artifacts=26 advent-overaccept=21 advent-underaccept=4 reference-disagreement=868 residual-ambiguity=1 same=12430 tree-difference=1
[13354/100000] reference-disagreement wide:extension-member:line-comment:phase4-attr:attr-extension len=45 artifacts=26 advent-overaccept=21 advent-underaccept=4 reference-disagreement=869 residual-ambiguity=1 same=12458 tree-difference=1
[13372/100000] reference-disagreement wide:closure:newline:real:DeclSyntaxParseable:44 len=72 artifacts=26 advent-overaccept=21 advent-underaccept=4 reference-disagreement=870 residual-ambiguity=1 same=12475 tree-difference=1
[13378/100000] reference-disagreement declaration-modifier-stack len=34 artifacts=26 advent-overaccept=21 advent-underaccept=4 reference-disagreement=871 residual-ambiguity=1 same=12480 tree-difference=1
[13385/100000] reference-disagreement grammarish-member-list len=110 artifacts=26 advent-overaccept=21 advent-underaccept=4 reference-disagreement=872 residual-ambiguity=1 same=12486 tree-difference=1
[13387/100000] reference-disagreement wide:struct-member:raw:real:DeclSyntaxParseable:61 len=69 artifacts=26 advent-overaccept=21 advent-underaccept=4 reference-disagreement=873 residual-ambiguity=1 same=12487 tree-difference=1
[13388/100000] reference-disagreement keypath-component-matrix len=52 artifacts=26 advent-overaccept=21 advent-underaccept=4 reference-disagreement=874 residual-ambiguity=1 same=12487 tree-difference=1
[13423/100000] reference-disagreement wide:func-body:newline+duplicate+space:statement:testHangingYieldArgument#1 len=42 artifacts=26 advent-overaccept=21 advent-underaccept=4 reference-disagreement=875 residual-ambiguity=1 same=12521 tree-difference=1
[13432/100000] reference-disagreement wide:closure:duplicate:real:Indenter:19 len=348 artifacts=26 advent-overaccept=21 advent-underaccept=4 reference-disagreement=876 residual-ambiguity=1 same=12529 tree-difference=1
[13484/100000] reference-disagreement attribute-ifconfig-elseif-list len=119 artifacts=26 advent-overaccept=21 advent-underaccept=4 reference-disagreement=877 residual-ambiguity=1 same=12580 tree-difference=1
[13500/100000] same member-keyword len=27 artifacts=26 advent-overaccept=21 advent-underaccept=4 reference-disagreement=877 residual-ambiguity=1 same=12596 tree-difference=1
[13504/100000] reference-disagreement wide:func-body:newline+newline:translated:testOperators27#1 len=94 artifacts=26 advent-overaccept=21 advent-underaccept=4 reference-disagreement=878 residual-ambiguity=1 same=12599 tree-difference=1
[13516/100000] reference-disagreement wide:closure:newline:real:ParserDiagnosticMessages:407 len=301 artifacts=26 advent-overaccept=21 advent-underaccept=4 reference-disagreement=879 residual-ambiguity=1 same=12610 tree-difference=1
[13533/100000] reference-disagreement attribute-boundary len=43 artifacts=26 advent-overaccept=21 advent-underaccept=4 reference-disagreement=880 residual-ambiguity=1 same=12626 tree-difference=1
[13539/100000] reference-disagreement binding-pattern len=458 artifacts=26 advent-overaccept=21 advent-underaccept=4 reference-disagreement=881 residual-ambiguity=1 same=12631 tree-difference=1
[13581/100000] reference-disagreement member-list-wide-boundary len=223 artifacts=26 advent-overaccept=21 advent-underaccept=4 reference-disagreement=882 residual-ambiguity=1 same=12672 tree-difference=1
[13588/100000] reference-disagreement grammarish-member-list len=233 artifacts=26 advent-overaccept=21 advent-underaccept=4 reference-disagreement=883 residual-ambiguity=1 same=12678 tree-difference=1
[13642/100000] reference-disagreement tspl-divergence-protocol-body len=250 artifacts=26 advent-overaccept=21 advent-underaccept=4 reference-disagreement=884 residual-ambiguity=1 same=12731 tree-difference=1
[13646/100000] reference-disagreement member-list-wide-boundary len=339 artifacts=26 advent-overaccept=21 advent-underaccept=4 reference-disagreement=885 residual-ambiguity=1 same=12734 tree-difference=1
[13650/100000] reference-disagreement wide:func-body:newline+line-comment+line-comment:translated:testSwitch65#1 len=47 artifacts=26 advent-overaccept=21 advent-underaccept=4 reference-disagreement=886 residual-ambiguity=1 same=12737 tree-difference=1
[13656/100000] reference-disagreement wide:trailing-closure:raw:translated:testIfconfigExpr13#1+translated:testForwardSlashRegex9#1 len=125 artifacts=26 advent-overaccept=21 advent-underaccept=4 reference-disagreement=887 residual-ambiguity=1 same=12742 tree-difference=1
[13665/100000] reference-disagreement wide:extension-member:space+glue+newline:real:DeclSyntaxParseable:25 len=713 artifacts=26 advent-overaccept=21 advent-underaccept=4 reference-disagreement=888 residual-ambiguity=1 same=12750 tree-difference=1
[13669/100000] reference-disagreement wide:before-statement:raw:translated:testErrors3#1 len=100 artifacts=26 advent-overaccept=21 advent-underaccept=4 reference-disagreement=889 residual-ambiguity=1 same=12753 tree-difference=1
[13673/100000] reference-disagreement wide:before-statement:block-comment+newline+duplicate:real:ParserDiagnosticMessages:48 len=367 artifacts=26 advent-overaccept=21 advent-underaccept=4 reference-disagreement=890 residual-ambiguity=1 same=12756 tree-difference=1
[13681/100000] reference-disagreement statement-list len=557 artifacts=26 advent-overaccept=21 advent-underaccept=4 reference-disagreement=891 residual-ambiguity=1 same=12763 tree-difference=1
[13683/100000] reference-disagreement wide:trailing-closure:block-comment+space+space:expression:testCollectionLiterals#7 len=70 artifacts=26 advent-overaccept=21 advent-underaccept=4 reference-disagreement=892 residual-ambiguity=1 same=12764 tree-difference=1
[13710/100000] reference-disagreement wide:trailing-closure:raw:translated:testSwitch32#1 len=531 artifacts=26 advent-overaccept=21 advent-underaccept=4 reference-disagreement=893 residual-ambiguity=1 same=12790 tree-difference=1
[13713/100000] reference-disagreement func-body len=458 artifacts=26 advent-overaccept=21 advent-underaccept=4 reference-disagreement=894 residual-ambiguity=1 same=12792 tree-difference=1
[13716/100000] reference-disagreement wide:struct-member:newline+newline:real:Specifiers:581 len=516 artifacts=26 advent-overaccept=21 advent-underaccept=4 reference-disagreement=895 residual-ambiguity=1 same=12794 tree-difference=1
[13728/100000] reference-disagreement binding-pattern len=458 artifacts=26 advent-overaccept=21 advent-underaccept=4 reference-disagreement=896 residual-ambiguity=1 same=12805 tree-difference=1
[13750/100000] same wide:closure:glue+duplicate+duplicate:declaration:testUsing#4 len=44 artifacts=26 advent-overaccept=21 advent-underaccept=4 reference-disagreement=896 residual-ambiguity=1 same=12827 tree-difference=1
[13759/100000] reference-disagreement statement-list len=654 artifacts=26 advent-overaccept=21 advent-underaccept=4 reference-disagreement=897 residual-ambiguity=1 same=12835 tree-difference=1
[13777/100000] reference-disagreement wide:struct-member:glue:declaration:testImports#1 len=33 artifacts=26 advent-overaccept=21 advent-underaccept=4 reference-disagreement=898 residual-ambiguity=1 same=12852 tree-difference=1
[13781/100000] reference-disagreement wide:closure:raw:real:ConvenienceInitializers:40 len=172 artifacts=26 advent-overaccept=21 advent-underaccept=4 reference-disagreement=899 residual-ambiguity=1 same=12855 tree-difference=1
[13786/100000] reference-disagreement declaration-modifier-stack len=34 artifacts=26 advent-overaccept=21 advent-underaccept=4 reference-disagreement=900 residual-ambiguity=1 same=12859 tree-difference=1
[13800/100000] reference-disagreement wide:closure:splice:real:SyntaxExpressibleByStringInterpolationConformances:193+real:RawSyntaxNodesQRS:17 len=157 artifacts=26 advent-overaccept=21 advent-underaccept=4 reference-disagreement=901 residual-ambiguity=1 same=12872 tree-difference=1
[13838/100000] reference-disagreement wide:struct-member:raw:real:Convenience:19 len=464 artifacts=26 advent-overaccept=21 advent-underaccept=4 reference-disagreement=902 residual-ambiguity=1 same=12909 tree-difference=1
[13847/100000] reference-disagreement wide:trailing-closure:glue:real:Attributes:821+phase3-enum-case:case-assoc-label len=523 artifacts=26 advent-overaccept=21 advent-underaccept=4 reference-disagreement=903 residual-ambiguity=1 same=12917 tree-difference=1
[13863/100000] reference-disagreement wide:extension-member:block-comment:translated:testOperatorDecl20#1 len=71 artifacts=26 advent-overaccept=21 advent-underaccept=4 reference-disagreement=904 residual-ambiguity=1 same=12932 tree-difference=1
[13895/100000] reference-disagreement tspl-divergence-protocol-body len=198 artifacts=26 advent-overaccept=21 advent-underaccept=4 reference-disagreement=905 residual-ambiguity=1 same=12963 tree-difference=1
[13900/100000] reference-disagreement tspl-divergence-protocol-body len=227 artifacts=26 advent-overaccept=21 advent-underaccept=4 reference-disagreement=906 residual-ambiguity=1 same=12967 tree-difference=1
[13906/100000] reference-disagreement wide:trailing-closure:glue+block-comment:real:SyntaxExpressibleByStringInterpolationConformances:64 len=167 artifacts=26 advent-overaccept=21 advent-underaccept=4 reference-disagreement=907 residual-ambiguity=1 same=12972 tree-difference=1
[13932/100000] reference-disagreement wide:func-body:line-comment:real:SyntaxTraits:782 len=157 artifacts=26 advent-overaccept=21 advent-underaccept=4 reference-disagreement=908 residual-ambiguity=1 same=12997 tree-difference=1
[13941/100000] reference-disagreement wide:func-body:space:real:LookInMembersScopeSyntax:15 len=170 artifacts=26 advent-overaccept=21 advent-underaccept=4 reference-disagreement=909 residual-ambiguity=1 same=13005 tree-difference=1
[13979/100000] reference-disagreement wide:extension-member:space+splice:real:ScopeImplementations:733 len=457 artifacts=26 advent-overaccept=21 advent-underaccept=4 reference-disagreement=910 residual-ambiguity=1 same=13042 tree-difference=1
[13990/100000] reference-disagreement grammarish-member-list len=280 artifacts=26 advent-overaccept=21 advent-underaccept=4 reference-disagreement=911 residual-ambiguity=1 same=13052 tree-difference=1
[13991/100000] reference-disagreement tspl-divergence-accessor-commitment len=78 artifacts=26 advent-overaccept=21 advent-underaccept=4 reference-disagreement=912 residual-ambiguity=1 same=13052 tree-difference=1
[14000/100000] same enum-case-pattern-boundary len=80 artifacts=26 advent-overaccept=21 advent-underaccept=4 reference-disagreement=912 residual-ambiguity=1 same=13061 tree-difference=1
[14020/100000] reference-disagreement wide:closure:newline+space:real:MissingNodeInitializers:101 len=244 artifacts=26 advent-overaccept=21 advent-underaccept=4 reference-disagreement=913 residual-ambiguity=1 same=13080 tree-difference=1
[14062/100000] reference-disagreement wide:struct-member:raw:real:UnicodeScalarExtensions:273 len=442 artifacts=26 advent-overaccept=21 advent-underaccept=4 reference-disagreement=914 residual-ambiguity=1 same=13121 tree-difference=1
[14089/100000] reference-disagreement wide:closure:raw:real:SyntaxExpressibleByStringInterpolationConformances:151+translated:testMatchingPatterns16#1 len=135 artifacts=26 advent-overaccept=21 advent-underaccept=4 reference-disagreement=915 residual-ambiguity=1 same=13147 tree-difference=1
[14106/100000] reference-disagreement grammarish-member-list len=241 artifacts=26 advent-overaccept=21 advent-underaccept=4 reference-disagreement=916 residual-ambiguity=1 same=13163 tree-difference=1
[14165/100000] reference-disagreement grammarish-member-list len=145 artifacts=26 advent-overaccept=21 advent-underaccept=4 reference-disagreement=917 residual-ambiguity=1 same=13221 tree-difference=1
[14168/100000] reference-disagreement attribute-ifconfig-elseif-list len=123 artifacts=26 advent-overaccept=21 advent-underaccept=4 reference-disagreement=918 residual-ambiguity=1 same=13223 tree-difference=1
[14175/100000] reference-disagreement grammarish-member-list len=219 artifacts=26 advent-overaccept=21 advent-underaccept=4 reference-disagreement=919 residual-ambiguity=1 same=13229 tree-difference=1
[14189/100000] reference-disagreement wide:func-body:raw:real:PresenceUtils:41 len=268 artifacts=26 advent-overaccept=21 advent-underaccept=4 reference-disagreement=920 residual-ambiguity=1 same=13242 tree-difference=1
[14204/100000] reference-disagreement cast-try-operator-cluster len=24 artifacts=26 advent-overaccept=21 advent-underaccept=4 reference-disagreement=921 residual-ambiguity=1 same=13256 tree-difference=1
[14227/100000] reference-disagreement wide:before-statement:duplicate+splice+swap:phase3-modifier:private-set len=57 artifacts=26 advent-overaccept=21 advent-underaccept=4 reference-disagreement=922 residual-ambiguity=1 same=13278 tree-difference=1
[14243/100000] reference-disagreement wide:top:block-comment+newline:translated:testSwitch66#1 len=50 artifacts=26 advent-overaccept=21 advent-underaccept=4 reference-disagreement=923 residual-ambiguity=1 same=13293 tree-difference=1
[14250/100000] same wide:struct-member:none:translated:testSwitch30#1 len=171 artifacts=26 advent-overaccept=21 advent-underaccept=4 reference-disagreement=923 residual-ambiguity=1 same=13300 tree-difference=1
[14268/100000] reference-disagreement wide:func-body:line-comment+newline+block-comment:real:SyntaxTraits:838 len=86 artifacts=26 advent-overaccept=21 advent-underaccept=4 reference-disagreement=924 residual-ambiguity=1 same=13317 tree-difference=1
[14280/100000] reference-disagreement keypath-boundary len=33 artifacts=26 advent-overaccept=21 advent-underaccept=4 reference-disagreement=925 residual-ambiguity=1 same=13328 tree-difference=1
[14329/100000] reference-disagreement wide:ifconfig:glue+space+block-comment:translated:testSwitch47#1 len=112 artifacts=26 advent-overaccept=21 advent-underaccept=4 reference-disagreement=926 residual-ambiguity=1 same=13376 tree-difference=1
[14336/100000] reference-disagreement keypath-boundary len=44 artifacts=26 advent-overaccept=21 advent-underaccept=4 reference-disagreement=927 residual-ambiguity=1 same=13382 tree-difference=1
[14364/100000] reference-disagreement keypath-boundary len=40 artifacts=26 advent-overaccept=21 advent-underaccept=4 reference-disagreement=928 residual-ambiguity=1 same=13409 tree-difference=1
[14373/100000] reference-disagreement attribute-ifconfig-elseif-list len=144 artifacts=26 advent-overaccept=21 advent-underaccept=4 reference-disagreement=929 residual-ambiguity=1 same=13417 tree-difference=1
[14404/100000] reference-disagreement wide:trailing-closure:raw:translated:testDeprecatedWhere10#1+translated:testRegex5#1 len=164 artifacts=26 advent-overaccept=21 advent-underaccept=4 reference-disagreement=930 residual-ambiguity=1 same=13447 tree-difference=1
[14421/100000] reference-disagreement wide:before-statement:duplicate+duplicate+newline:attribute:testNonSendable#1 len=69 artifacts=26 advent-overaccept=21 advent-underaccept=4 reference-disagreement=931 residual-ambiguity=1 same=13463 tree-difference=1
[14427/100000] reference-disagreement tspl-divergence-protocol-body len=84 artifacts=26 advent-overaccept=21 advent-underaccept=4 reference-disagreement=932 residual-ambiguity=1 same=13468 tree-difference=1
[14445/100000] reference-disagreement wide:closure:splice+space+delete:real:RegexLiteralLexer:348 len=553 artifacts=26 advent-overaccept=21 advent-underaccept=4 reference-disagreement=933 residual-ambiguity=1 same=13485 tree-difference=1
[14500/100000] same frontier:parser-mode-scope len=58 artifacts=26 advent-overaccept=21 advent-underaccept=4 reference-disagreement=933 residual-ambiguity=1 same=13540 tree-difference=1
[14505/100000] reference-disagreement keypath-boundary len=44 artifacts=26 advent-overaccept=21 advent-underaccept=4 reference-disagreement=934 residual-ambiguity=1 same=13544 tree-difference=1
[14548/100000] reference-disagreement wide:struct-member:line-comment:real:ListBuilder:108 len=342 artifacts=26 advent-overaccept=21 advent-underaccept=4 reference-disagreement=935 residual-ambiguity=1 same=13586 tree-difference=1
[14558/100000] reference-disagreement wide:func-body:newline+glue:real:ActiveSyntaxRewriter:446 len=937 artifacts=26 advent-overaccept=21 advent-underaccept=4 reference-disagreement=936 residual-ambiguity=1 same=13595 tree-difference=1
[14586/100000] reference-disagreement tspl-divergence-protocol-body len=241 artifacts=26 advent-overaccept=21 advent-underaccept=4 reference-disagreement=937 residual-ambiguity=1 same=13622 tree-difference=1
[14598/100000] reference-disagreement wide:after-statement:block-comment+space+block-comment:declaration:testOperators#2 len=303 artifacts=26 advent-overaccept=21 advent-underaccept=4 reference-disagreement=938 residual-ambiguity=1 same=13633 tree-difference=1
[14685/100000] reference-disagreement keypath-boundary len=38 artifacts=26 advent-overaccept=21 advent-underaccept=4 reference-disagreement=939 residual-ambiguity=1 same=13719 tree-difference=1
[14743/100000] reference-disagreement tspl-divergence-accessor-commitment len=78 artifacts=26 advent-overaccept=21 advent-underaccept=4 reference-disagreement=940 residual-ambiguity=1 same=13776 tree-difference=1
[14750/100000] same seed-corpus-wrapped:delimiter-missing-call len=53 artifacts=26 advent-overaccept=21 advent-underaccept=4 reference-disagreement=940 residual-ambiguity=1 same=13783 tree-difference=1
[14756/100000] reference-disagreement wide:closure:space:real:SyntaxExpressibleByStringInterpolationConformances:223+real:SyntaxTraits:748 len=169 artifacts=26 advent-overaccept=21 advent-underaccept=4 reference-disagreement=941 residual-ambiguity=1 same=13788 tree-difference=1
[14757/100000] reference-disagreement wide:trailing-closure:block-comment:real:DeclSyntaxParseable:44 len=63 artifacts=26 advent-overaccept=21 advent-underaccept=4 reference-disagreement=942 residual-ambiguity=1 same=13788 tree-difference=1
[14795/100000] reference-disagreement wide:extension-member:raw:real:SyntaxUtils:79 len=920 artifacts=26 advent-overaccept=21 advent-underaccept=4 reference-disagreement=943 residual-ambiguity=1 same=13825 tree-difference=1
[14817/100000] reference-disagreement grammarish-member-list len=436 artifacts=26 advent-overaccept=21 advent-underaccept=4 reference-disagreement=944 residual-ambiguity=1 same=13846 tree-difference=1
[14821/100000] reference-disagreement attribute-ifconfig-elseif-list len=111 artifacts=26 advent-overaccept=21 advent-underaccept=4 reference-disagreement=945 residual-ambiguity=1 same=13849 tree-difference=1
[14874/100000] reference-disagreement wide:ifconfig:splice+keyword:real:LayoutNodes+Parsable:167+translated:testGenericDisambiguation8#1 len=573 artifacts=26 advent-overaccept=21 advent-underaccept=4 reference-disagreement=946 residual-ambiguity=1 same=13901 tree-difference=1
[14876/100000] reference-disagreement grammarish-member-list len=279 artifacts=26 advent-overaccept=21 advent-underaccept=4 reference-disagreement=947 residual-ambiguity=1 same=13902 tree-difference=1
[14894/100000] reference-disagreement func-body len=458 artifacts=26 advent-overaccept=21 advent-underaccept=4 reference-disagreement=948 residual-ambiguity=1 same=13919 tree-difference=1
[14899/100000] reference-disagreement wide:trailing-closure:glue+space:real:SyntaxTraits:830 len=61 artifacts=26 advent-overaccept=21 advent-underaccept=4 reference-disagreement=949 residual-ambiguity=1 same=13923 tree-difference=1
[14902/100000] reference-disagreement attribute-boundary len=43 artifacts=26 advent-overaccept=21 advent-underaccept=4 reference-disagreement=950 residual-ambiguity=1 same=13925 tree-difference=1
[14928/100000] reference-disagreement wide:extension-member:raw:real:BumpPtrAllocator:179 len=662 artifacts=26 advent-overaccept=21 advent-underaccept=4 reference-disagreement=951 residual-ambiguity=1 same=13950 tree-difference=1
[14932/100000] reference-disagreement wide:func-body:raw:real:SyntaxCollections:564 len=494 artifacts=26 advent-overaccept=21 advent-underaccept=4 reference-disagreement=952 residual-ambiguity=1 same=13953 tree-difference=1
[14957/100000] reference-disagreement wide:trailing-closure:newline:real:Syntax+StringInterpolation:524 len=68 artifacts=26 advent-overaccept=21 advent-underaccept=4 reference-disagreement=953 residual-ambiguity=1 same=13977 tree-difference=1
[14967/100000] reference-disagreement keypath-boundary len=38 artifacts=26 advent-overaccept=21 advent-underaccept=4 reference-disagreement=954 residual-ambiguity=1 same=13986 tree-difference=1
[14993/100000] reference-disagreement wide:struct-member:splice+line-comment:real:SyntaxTraits:820 len=123 artifacts=26 advent-overaccept=21 advent-underaccept=4 reference-disagreement=955 residual-ambiguity=1 same=14011 tree-difference=1
[15000/100000] same wide:func-body:glue+newline:translated:testEnum46#1 len=101 artifacts=26 advent-overaccept=21 advent-underaccept=4 reference-disagreement=955 residual-ambiguity=1 same=14018 tree-difference=1
[15004/100000] reference-disagreement tspl-divergence-protocol-body len=119 artifacts=26 advent-overaccept=21 advent-underaccept=4 reference-disagreement=956 residual-ambiguity=1 same=14021 tree-difference=1
[15008/100000] reference-disagreement wide:extension-member:block-comment:real:LexerDiagnosticMessages:381 len=289 artifacts=26 advent-overaccept=21 advent-underaccept=4 reference-disagreement=957 residual-ambiguity=1 same=14024 tree-difference=1
[15036/100000] reference-disagreement tspl-divergence-accessor-commitment len=49 artifacts=26 advent-overaccept=21 advent-underaccept=4 reference-disagreement=958 residual-ambiguity=1 same=14051 tree-difference=1
[15038/100000] reference-disagreement wide:trailing-closure:delete:real:SyntaxTraits:770+translated:testAsyncSyntax1#1 len=152 artifacts=26 advent-overaccept=21 advent-underaccept=4 reference-disagreement=959 residual-ambiguity=1 same=14052 tree-difference=1
[15078/100000] reference-disagreement wide:trailing-closure:newline+space:translated:testTry7#1+real:SyntaxTraits:774 len=148 artifacts=26 advent-overaccept=21 advent-underaccept=4 reference-disagreement=960 residual-ambiguity=1 same=14091 tree-difference=1
[15104/100000] reference-disagreement grammarish-member-list len=340 artifacts=26 advent-overaccept=21 advent-underaccept=4 reference-disagreement=961 residual-ambiguity=1 same=14116 tree-difference=1
[15116/100000] tree-difference wide:ifconfig:space+block-comment+line-comment:phase4-macro:macro-generic len=46 artifacts=27 advent-overaccept=21 advent-underaccept=4 reference-disagreement=961 residual-ambiguity=1 same=14127 tree-difference=2
[15121/100000] reference-disagreement wide:trailing-closure:raw:real:Syntax+StringInterpolation:233 len=804 artifacts=27 advent-overaccept=21 advent-underaccept=4 reference-disagreement=962 residual-ambiguity=1 same=14131 tree-difference=2
[15169/100000] reference-disagreement declaration-modifier-stack len=34 artifacts=27 advent-overaccept=21 advent-underaccept=4 reference-disagreement=963 residual-ambiguity=1 same=14178 tree-difference=2
[15188/100000] advent-overaccept wide:closure:block-comment:translated:testOperatorDeclDesignatedTypes19#1 len=70 artifacts=28 advent-overaccept=22 advent-underaccept=4 reference-disagreement=963 residual-ambiguity=1 same=14196 tree-difference=2
[15240/100000] reference-disagreement wide:struct-member:newline:real:DeclSyntaxParseable:57 len=74 artifacts=28 advent-overaccept=22 advent-underaccept=4 reference-disagreement=964 residual-ambiguity=1 same=14247 tree-difference=2
[15250/100000] same declaration-modifier-stack len=40 artifacts=28 advent-overaccept=22 advent-underaccept=4 reference-disagreement=964 residual-ambiguity=1 same=14257 tree-difference=2
[15272/100000] reference-disagreement wide:closure:block-comment+delete:translated:testForwardSlashRegexSkipping15#1+real:Syntax+StringInterpolation:26 len=183 artifacts=28 advent-overaccept=22 advent-underaccept=4 reference-disagreement=965 residual-ambiguity=1 same=14278 tree-difference=2
[15320/100000] reference-disagreement wide:trailing-closure:raw:real:IdentifiableSyntax:46+real:ResultBuilders:728 len=231 artifacts=28 advent-overaccept=22 advent-underaccept=4 reference-disagreement=966 residual-ambiguity=1 same=14325 tree-difference=2
[15323/100000] reference-disagreement attribute-ifconfig-elseif-list len=129 artifacts=28 advent-overaccept=22 advent-underaccept=4 reference-disagreement=967 residual-ambiguity=1 same=14327 tree-difference=2
[15341/100000] reference-disagreement wide:extension-member:line-comment+glue:real:SyntaxTraits:844 len=74 artifacts=28 advent-overaccept=22 advent-underaccept=4 reference-disagreement=968 residual-ambiguity=1 same=14344 tree-difference=2
[15348/100000] reference-disagreement wide:trailing-closure:raw:real:PrecedenceGroup:26 len=818 artifacts=28 advent-overaccept=22 advent-underaccept=4 reference-disagreement=969 residual-ambiguity=1 same=14350 tree-difference=2
[15353/100000] reference-disagreement binding-pattern len=458 artifacts=28 advent-overaccept=22 advent-underaccept=4 reference-disagreement=970 residual-ambiguity=1 same=14354 tree-difference=2
[15364/100000] advent-overaccept wide:top:newline:translated:testForwardSlashRegex157#1 len=8 artifacts=29 advent-overaccept=23 advent-underaccept=4 reference-disagreement=970 residual-ambiguity=1 same=14364 tree-difference=2
[15377/100000] reference-disagreement keypath-component-matrix len=36 artifacts=29 advent-overaccept=23 advent-underaccept=4 reference-disagreement=971 residual-ambiguity=1 same=14376 tree-difference=2
[15389/100000] reference-disagreement wide:ifconfig:newline+block-comment+block-comment:declaration:testInitializerWithReturnType#2 len=50 artifacts=29 advent-overaccept=23 advent-underaccept=4 reference-disagreement=972 residual-ambiguity=1 same=14387 tree-difference=2
[15399/100000] reference-disagreement wide:before-statement:raw:declaration:testCoroutineAccessors#2 len=151 artifacts=29 advent-overaccept=23 advent-underaccept=4 reference-disagreement=973 residual-ambiguity=1 same=14396 tree-difference=2
[15413/100000] reference-disagreement attribute-ifconfig-elseif-list len=129 artifacts=29 advent-overaccept=23 advent-underaccept=4 reference-disagreement=974 residual-ambiguity=1 same=14409 tree-difference=2
[15417/100000] advent-overaccept wide:trailing-closure:line-comment:declaration:testParseDynamicReplacement#4+translated:testTypeExpr25h#1 len=106 artifacts=30 advent-overaccept=24 advent-underaccept=4 reference-disagreement=974 residual-ambiguity=1 same=14412 tree-difference=2
[15420/100000] reference-disagreement wide:trailing-closure:raw:real:SyntaxExpressibleByStringInterpolationConformances:130 len=85 artifacts=30 advent-overaccept=24 advent-underaccept=4 reference-disagreement=975 residual-ambiguity=1 same=14414 tree-difference=2
[15435/100000] reference-disagreement wide:func-body:space+block-comment+line-comment:real:SyntaxCollections:1360 len=526 artifacts=30 advent-overaccept=24 advent-underaccept=4 reference-disagreement=976 residual-ambiguity=1 same=14428 tree-difference=2
[15465/100000] reference-disagreement wide:trailing-closure:raw:real:ResultBuilders:493 len=186 artifacts=30 advent-overaccept=24 advent-underaccept=4 reference-disagreement=977 residual-ambiguity=1 same=14457 tree-difference=2
[15469/100000] reference-disagreement attribute-ifconfig-elseif-list len=118 artifacts=30 advent-overaccept=24 advent-underaccept=4 reference-disagreement=978 residual-ambiguity=1 same=14460 tree-difference=2
[15471/100000] advent-overaccept wide:after-statement:block-comment:declaration:testInitializerWithReturnType#1+real:StandardIOMessageConnection:183 len=635 artifacts=31 advent-overaccept=25 advent-underaccept=4 reference-disagreement=978 residual-ambiguity=1 same=14461 tree-difference=2
[15476/100000] reference-disagreement wide:extension-member:splice+delete+newline:real:PluginMessageCompatibility:14 len=629 artifacts=31 advent-overaccept=25 advent-underaccept=4 reference-disagreement=979 residual-ambiguity=1 same=14465 tree-difference=2
[15484/100000] reference-disagreement keypath-component-matrix len=44 artifacts=31 advent-overaccept=25 advent-underaccept=4 reference-disagreement=980 residual-ambiguity=1 same=14472 tree-difference=2
[15497/100000] reference-disagreement wide:func-body:raw:real:ResultBuilders:137 len=152 artifacts=31 advent-overaccept=25 advent-underaccept=4 reference-disagreement=981 residual-ambiguity=1 same=14484 tree-difference=2
[15500/100000] same frontier:generic-member-type-shape len=280 artifacts=31 advent-overaccept=25 advent-underaccept=4 reference-disagreement=981 residual-ambiguity=1 same=14487 tree-difference=2
[15512/100000] reference-disagreement member-list-wide-boundary len=195 artifacts=31 advent-overaccept=25 advent-underaccept=4 reference-disagreement=982 residual-ambiguity=1 same=14498 tree-difference=2
[15530/100000] reference-disagreement wide:closure:raw:real:LexerDiagnosticMessages:381 len=283 artifacts=31 advent-overaccept=25 advent-underaccept=4 reference-disagreement=983 residual-ambiguity=1 same=14515 tree-difference=2
[15549/100000] reference-disagreement attribute-ifconfig-elseif-list len=118 artifacts=31 advent-overaccept=25 advent-underaccept=4 reference-disagreement=984 residual-ambiguity=1 same=14533 tree-difference=2
[15557/100000] reference-disagreement wide:trailing-closure:duplicate+duplicate+glue:translated:testDeinitAsync#1 len=62 artifacts=31 advent-overaccept=25 advent-underaccept=4 reference-disagreement=985 residual-ambiguity=1 same=14540 tree-difference=2
[15558/100000] reference-disagreement wide:extension-member:block-comment+newline:real:ConfiguredRegions:138 len=293 artifacts=31 advent-overaccept=25 advent-underaccept=4 reference-disagreement=986 residual-ambiguity=1 same=14540 tree-difference=2
[15580/100000] reference-disagreement wide:func-body:glue:translated:testEnum13#1+phase4-pattern:case-enum-label len=115 artifacts=31 advent-overaccept=25 advent-underaccept=4 reference-disagreement=987 residual-ambiguity=1 same=14561 tree-difference=2
[15583/100000] reference-disagreement wide:struct-member:glue+line-comment+splice:real:Declarations:19 len=593 artifacts=31 advent-overaccept=25 advent-underaccept=4 reference-disagreement=988 residual-ambiguity=1 same=14563 tree-difference=2
[15601/100000] reference-disagreement wide:top:glue+space:expression:testClosureLiterals#2 len=48 artifacts=31 advent-overaccept=25 advent-underaccept=4 reference-disagreement=989 residual-ambiguity=1 same=14580 tree-difference=2
[15604/100000] reference-disagreement wide:struct-member:delete+newline:declaration:testIssue1025#2+phase4-macro:borrow len=81 artifacts=31 advent-overaccept=25 advent-underaccept=4 reference-disagreement=990 residual-ambiguity=1 same=14582 tree-difference=2
[15618/100000] reference-disagreement wide:trailing-closure:space+line-comment:real:ConfiguredRegions:112 len=753 artifacts=31 advent-overaccept=25 advent-underaccept=4 reference-disagreement=991 residual-ambiguity=1 same=14595 tree-difference=2
[15647/100000] reference-disagreement keypath-boundary len=38 artifacts=31 advent-overaccept=25 advent-underaccept=4 reference-disagreement=992 residual-ambiguity=1 same=14623 tree-difference=2
[15658/100000] reference-disagreement wide:before-statement:duplicate:translated:testEffectfulProperties9#1 len=147 artifacts=31 advent-overaccept=25 advent-underaccept=4 reference-disagreement=993 residual-ambiguity=1 same=14633 tree-difference=2
[15660/100000] reference-disagreement wide:struct-member:space+keyword:real:SyntaxExpressibleByStringInterpolationConformances:250 len=61 artifacts=31 advent-overaccept=25 advent-underaccept=4 reference-disagreement=994 residual-ambiguity=1 same=14634 tree-difference=2
[15696/100000] reference-disagreement wide:trailing-closure:glue:reject:testModuleSelectorType#3 len=32 artifacts=31 advent-overaccept=25 advent-underaccept=4 reference-disagreement=995 residual-ambiguity=1 same=14669 tree-difference=2
[15710/100000] reference-disagreement wide:ifconfig:splice:real:SyntaxUtils:35 len=315 artifacts=31 advent-overaccept=25 advent-underaccept=4 reference-disagreement=996 residual-ambiguity=1 same=14682 tree-difference=2
[15721/100000] reference-disagreement tspl-divergence-protocol-body len=112 artifacts=31 advent-overaccept=25 advent-underaccept=4 reference-disagreement=997 residual-ambiguity=1 same=14692 tree-difference=2
[15729/100000] reference-disagreement wide:trailing-closure:raw:real:RegexLiteralLexer:577 len=477 artifacts=31 advent-overaccept=25 advent-underaccept=4 reference-disagreement=998 residual-ambiguity=1 same=14699 tree-difference=2
[15750/100000] same pack-boundary len=69 artifacts=31 advent-overaccept=25 advent-underaccept=4 reference-disagreement=998 residual-ambiguity=1 same=14720 tree-difference=2
[15777/100000] reference-disagreement tspl-divergence-accessor-commitment len=78 artifacts=31 advent-overaccept=25 advent-underaccept=4 reference-disagreement=999 residual-ambiguity=1 same=14746 tree-difference=2
[15787/100000] reference-disagreement attribute-ifconfig-elseif-list len=126 artifacts=31 advent-overaccept=25 advent-underaccept=4 reference-disagreement=1000 residual-ambiguity=1 same=14755 tree-difference=2
[15796/100000] reference-disagreement grammarish-member-list len=273 artifacts=31 advent-overaccept=25 advent-underaccept=4 reference-disagreement=1001 residual-ambiguity=1 same=14763 tree-difference=2
[15798/100000] reference-disagreement wide:struct-member:glue:real:CustomTraits:57 len=185 artifacts=31 advent-overaccept=25 advent-underaccept=4 reference-disagreement=1002 residual-ambiguity=1 same=14764 tree-difference=2
[15826/100000] reference-disagreement wide:top:raw:translated:testSwitch48#1 len=89 artifacts=31 advent-overaccept=25 advent-underaccept=4 reference-disagreement=1003 residual-ambiguity=1 same=14791 tree-difference=2
[15841/100000] reference-disagreement wide:func-body:glue+block-comment:real:CallLikeSyntax:20 len=363 artifacts=31 advent-overaccept=25 advent-underaccept=4 reference-disagreement=1004 residual-ambiguity=1 same=14805 tree-difference=2
[15845/100000] reference-disagreement attribute-ifconfig-elseif-list len=121 artifacts=31 advent-overaccept=25 advent-underaccept=4 reference-disagreement=1005 residual-ambiguity=1 same=14808 tree-difference=2
[15864/100000] reference-disagreement wide:after-statement:newline+swap+delete:reject:testOriginalDefinedInAttr4#1+declaration:testDeinitializers#1 len=94 artifacts=31 advent-overaccept=25 advent-underaccept=4 reference-disagreement=1006 residual-ambiguity=1 same=14826 tree-difference=2
[15878/100000] reference-disagreement wide:extension-member:raw:translated:testEffectfulProperties5#1 len=120 artifacts=31 advent-overaccept=25 advent-underaccept=4 reference-disagreement=1007 residual-ambiguity=1 same=14839 tree-difference=2
[15882/100000] reference-disagreement grammarish-member-list len=194 artifacts=31 advent-overaccept=25 advent-underaccept=4 reference-disagreement=1008 residual-ambiguity=1 same=14842 tree-difference=2
[15898/100000] reference-disagreement declaration-modifier-stack len=34 artifacts=31 advent-overaccept=25 advent-underaccept=4 reference-disagreement=1009 residual-ambiguity=1 same=14857 tree-difference=2
[15899/100000] reference-disagreement tspl-divergence-protocol-body len=132 artifacts=31 advent-overaccept=25 advent-underaccept=4 reference-disagreement=1010 residual-ambiguity=1 same=14857 tree-difference=2
[15913/100000] advent-overaccept wide:closure:raw:reject:testConflictMarkers12#1 len=150 artifacts=32 advent-overaccept=26 advent-underaccept=4 reference-disagreement=1010 residual-ambiguity=1 same=14870 tree-difference=2
[15928/100000] reference-disagreement wide:trailing-closure:raw:real:GenericParameterScopeSyntax:19 len=88 artifacts=32 advent-overaccept=26 advent-underaccept=4 reference-disagreement=1011 residual-ambiguity=1 same=14884 tree-difference=2
[15930/100000] reference-disagreement wide:func-body:line-comment:real:SyntaxTraits:18 len=378 artifacts=32 advent-overaccept=26 advent-underaccept=4 reference-disagreement=1012 residual-ambiguity=1 same=14885 tree-difference=2
[15933/100000] reference-disagreement wide:trailing-closure:raw:real:MissingNodeInitializers:34+translated:testSwitch75#1 len=220 artifacts=32 advent-overaccept=26 advent-underaccept=4 reference-disagreement=1013 residual-ambiguity=1 same=14887 tree-difference=2
[15942/100000] reference-disagreement member-list-wide-boundary len=310 artifacts=32 advent-overaccept=26 advent-underaccept=4 reference-disagreement=1014 residual-ambiguity=1 same=14895 tree-difference=2
[15960/100000] reference-disagreement grammarish-member-list len=269 artifacts=32 advent-overaccept=26 advent-underaccept=4 reference-disagreement=1015 residual-ambiguity=1 same=14912 tree-difference=2
[15965/100000] reference-disagreement wide:closure:newline:real:SwiftSyntaxCompatibility:94 len=921 artifacts=32 advent-overaccept=26 advent-underaccept=4 reference-disagreement=1016 residual-ambiguity=1 same=14916 tree-difference=2
[15978/100000] reference-disagreement wide:trailing-closure:raw:real:RegexLiteralLexer:577 len=477 artifacts=32 advent-overaccept=26 advent-underaccept=4 reference-disagreement=1017 residual-ambiguity=1 same=14928 tree-difference=2
[15998/100000] reference-disagreement wide:struct-member:newline:real:SyntaxTraits:722+real:Operator:57 len=283 artifacts=32 advent-overaccept=26 advent-underaccept=4 reference-disagreement=1018 residual-ambiguity=1 same=14947 tree-difference=2
[16000/100000] reference-disagreement wide:top:newline+space+keyword:translated:testEnum54#1 len=60 artifacts=32 advent-overaccept=26 advent-underaccept=4 reference-disagreement=1019 residual-ambiguity=1 same=14948 tree-difference=2
[16009/100000] reference-disagreement wide:closure:space:translated:testInitDeinit6#1 len=66 artifacts=32 advent-overaccept=26 advent-underaccept=4 reference-disagreement=1020 residual-ambiguity=1 same=14956 tree-difference=2
[16010/100000] reference-disagreement attribute-ifconfig-elseif-list len=127 artifacts=32 advent-overaccept=26 advent-underaccept=4 reference-disagreement=1021 residual-ambiguity=1 same=14956 tree-difference=2
[16014/100000] reference-disagreement wide:extension-member:raw:translated:testModuleSelectorExpr#8 len=71 artifacts=32 advent-overaccept=26 advent-underaccept=4 reference-disagreement=1022 residual-ambiguity=1 same=14959 tree-difference=2
[16101/100000] reference-disagreement statement-list len=590 artifacts=32 advent-overaccept=26 advent-underaccept=4 reference-disagreement=1023 residual-ambiguity=1 same=15045 tree-difference=2
[16125/100000] reference-disagreement wide:top:duplicate+newline:translated:testIfconfigExpr18#1 len=64 artifacts=32 advent-overaccept=26 advent-underaccept=4 reference-disagreement=1024 residual-ambiguity=1 same=15068 tree-difference=2
[16127/100000] reference-disagreement wide:func-body:raw:real:ActiveSyntaxRewriter:433 len=337 artifacts=32 advent-overaccept=26 advent-underaccept=4 reference-disagreement=1025 residual-ambiguity=1 same=15069 tree-difference=2
[16129/100000] reference-disagreement member-list-wide-boundary len=219 artifacts=32 advent-overaccept=26 advent-underaccept=4 reference-disagreement=1026 residual-ambiguity=1 same=15070 tree-difference=2
[16130/100000] reference-disagreement wide:closure:raw:expression:testAwaitIf1#1+real:ResultBuilders:29 len=259 artifacts=32 advent-overaccept=26 advent-underaccept=4 reference-disagreement=1027 residual-ambiguity=1 same=15070 tree-difference=2
[16184/100000] reference-disagreement wide:trailing-closure:glue:real:PluginMacroExpansionContext:270+translated:testMatchingPatterns18#1 len=714 artifacts=32 advent-overaccept=26 advent-underaccept=4 reference-disagreement=1028 residual-ambiguity=1 same=15123 tree-difference=2
[16185/100000] reference-disagreement wide:ifconfig:splice+splice:translated:testSwitch65#1 len=33 artifacts=32 advent-overaccept=26 advent-underaccept=4 reference-disagreement=1029 residual-ambiguity=1 same=15123 tree-difference=2
[16214/100000] reference-disagreement wide:closure:splice+line-comment:real:IncrementalParseTransition:420+phase2-infix:as-optional len=200 artifacts=32 advent-overaccept=26 advent-underaccept=4 reference-disagreement=1030 residual-ambiguity=1 same=15151 tree-difference=2
[16236/100000] reference-disagreement wide:trailing-closure:line-comment:real:MigrateToNewIfLetSyntax:41 len=1471 artifacts=32 advent-overaccept=26 advent-underaccept=4 reference-disagreement=1031 residual-ambiguity=1 same=15172 tree-difference=2
[16244/100000] reference-disagreement wide:before-statement:glue+duplicate+space:real:SyntaxCollections:647+translated:testModuleSelectorIncorrectAttrNames#1 len=591 artifacts=32 advent-overaccept=26 advent-underaccept=4 reference-disagreement=1032 residual-ambiguity=1 same=15179 tree-difference=2
[16250/100000] same wide:ifconfig:raw:reject:testRecoveryLibrary#1+translated:testModuleSelectorCorrectCode#7 len=365 artifacts=32 advent-overaccept=26 advent-underaccept=4 reference-disagreement=1032 residual-ambiguity=1 same=15185 tree-difference=2
[16276/100000] reference-disagreement wide:after-statement:raw:translated:testTypeExpr25d#1+expression:testKeyPathMethodAndInitializers#11 len=149 artifacts=32 advent-overaccept=26 advent-underaccept=4 reference-disagreement=1033 residual-ambiguity=1 same=15210 tree-difference=2
[16284/100000] reference-disagreement wide:trailing-closure:newline:phase4-coroutine:coroutine-both+real:ActiveSyntaxRewriter:476 len=680 artifacts=32 advent-overaccept=26 advent-underaccept=4 reference-disagreement=1034 residual-ambiguity=1 same=15217 tree-difference=2
[16320/100000] reference-disagreement wide:func-body:block-comment:attribute:testTransposeAttribute#2 len=110 artifacts=32 advent-overaccept=26 advent-underaccept=4 reference-disagreement=1035 residual-ambiguity=1 same=15252 tree-difference=2
[16332/100000] reference-disagreement attribute-ifconfig-elseif-list len=127 artifacts=32 advent-overaccept=26 advent-underaccept=4 reference-disagreement=1036 residual-ambiguity=1 same=15263 tree-difference=2
[16337/100000] reference-disagreement wide:func-body:raw:real:LibraryPluginProvider:170 len=700 artifacts=32 advent-overaccept=26 advent-underaccept=4 reference-disagreement=1037 residual-ambiguity=1 same=15267 tree-difference=2
[16351/100000] reference-disagreement member-list-wide-boundary len=256 artifacts=32 advent-overaccept=26 advent-underaccept=4 reference-disagreement=1038 residual-ambiguity=1 same=15280 tree-difference=2
[16379/100000] reference-disagreement tspl-divergence-protocol-body len=164 artifacts=32 advent-overaccept=26 advent-underaccept=4 reference-disagreement=1039 residual-ambiguity=1 same=15307 tree-difference=2
[16386/100000] reference-disagreement wide:extension-member:raw:real:DeclSyntaxParseable:53 len=74 artifacts=32 advent-overaccept=26 advent-underaccept=4 reference-disagreement=1040 residual-ambiguity=1 same=15313 tree-difference=2
[16428/100000] reference-disagreement wide:trailing-closure:space:real:SyntaxBaseNodes:139 len=681 artifacts=32 advent-overaccept=26 advent-underaccept=4 reference-disagreement=1041 residual-ambiguity=1 same=15354 tree-difference=2
[16449/100000] reference-disagreement tspl-divergence-accessor-commitment len=78 artifacts=32 advent-overaccept=26 advent-underaccept=4 reference-disagreement=1042 residual-ambiguity=1 same=15374 tree-difference=2
[16475/100000] reference-disagreement wide:trailing-closure:line-comment:declaration:testAttributedMacroExpansionDeclaration#12+phase4-import:import-kind len=67 artifacts=32 advent-overaccept=26 advent-underaccept=4 reference-disagreement=1043 residual-ambiguity=1 same=15399 tree-difference=2
[16500/100000] same pattern-switch len=107 artifacts=32 advent-overaccept=26 advent-underaccept=4 reference-disagreement=1043 residual-ambiguity=1 same=15424 tree-difference=2
[16520/100000] reference-disagreement wide:trailing-closure:newline:real:Types:1605+translated:testIfconfigExpr23#1 len=674 artifacts=32 advent-overaccept=26 advent-underaccept=4 reference-disagreement=1044 residual-ambiguity=1 same=15443 tree-difference=2
[16554/100000] reference-disagreement wide:extension-member:newline+block-comment:real:SyntaxExpressibleByStringInterpolationConformances:130 len=100 artifacts=32 advent-overaccept=26 advent-underaccept=4 reference-disagreement=1045 residual-ambiguity=1 same=15476 tree-difference=2
[16556/100000] reference-disagreement wide:struct-member:line-comment:translated:testMatchingPatterns19#1+real:SourceLocation:784 len=576 artifacts=32 advent-overaccept=26 advent-underaccept=4 reference-disagreement=1046 residual-ambiguity=1 same=15477 tree-difference=2
[16576/100000] reference-disagreement wide:ifconfig:newline+newline:translated:testDeprecatedWhere10#1 len=120 artifacts=32 advent-overaccept=26 advent-underaccept=4 reference-disagreement=1047 residual-ambiguity=1 same=15496 tree-difference=2
[16581/100000] reference-disagreement binding-pattern len=458 artifacts=32 advent-overaccept=26 advent-underaccept=4 reference-disagreement=1048 residual-ambiguity=1 same=15500 tree-difference=2
[16582/100000] reference-disagreement keypath-component-matrix len=41 artifacts=32 advent-overaccept=26 advent-underaccept=4 reference-disagreement=1049 residual-ambiguity=1 same=15500 tree-difference=2
[16603/100000] reference-disagreement grammarish-member-list len=181 artifacts=32 advent-overaccept=26 advent-underaccept=4 reference-disagreement=1050 residual-ambiguity=1 same=15520 tree-difference=2
[16616/100000] reference-disagreement statement-list len=642 artifacts=32 advent-overaccept=26 advent-underaccept=4 reference-disagreement=1051 residual-ambiguity=1 same=15532 tree-difference=2
[16632/100000] reference-disagreement tspl-divergence-protocol-body len=174 artifacts=32 advent-overaccept=26 advent-underaccept=4 reference-disagreement=1052 residual-ambiguity=1 same=15547 tree-difference=2
[16643/100000] reference-disagreement wide:func-body:raw:translated:testTry1#1 len=251 artifacts=32 advent-overaccept=26 advent-underaccept=4 reference-disagreement=1053 residual-ambiguity=1 same=15557 tree-difference=2
[16646/100000] reference-disagreement cast-try-operator-cluster len=24 artifacts=32 advent-overaccept=26 advent-underaccept=4 reference-disagreement=1054 residual-ambiguity=1 same=15559 tree-difference=2
[16648/100000] reference-disagreement attribute-boundary len=39 artifacts=32 advent-overaccept=26 advent-underaccept=4 reference-disagreement=1055 residual-ambiguity=1 same=15560 tree-difference=2
[16666/100000] reference-disagreement tspl-divergence-accessor-commitment len=49 artifacts=32 advent-overaccept=26 advent-underaccept=4 reference-disagreement=1056 residual-ambiguity=1 same=15577 tree-difference=2
[16677/100000] reference-disagreement tspl-divergence-protocol-body len=222 artifacts=32 advent-overaccept=26 advent-underaccept=4 reference-disagreement=1057 residual-ambiguity=1 same=15587 tree-difference=2
[16694/100000] reference-disagreement wide:func-body:space+newline:real:SyntaxTraits:471 len=705 artifacts=32 advent-overaccept=26 advent-underaccept=4 reference-disagreement=1058 residual-ambiguity=1 same=15603 tree-difference=2
[16706/100000] reference-disagreement grammarish-member-list len=235 artifacts=32 advent-overaccept=26 advent-underaccept=4 reference-disagreement=1059 residual-ambiguity=1 same=15614 tree-difference=2
[16713/100000] reference-disagreement wide:struct-member:newline+newline+line-comment:real:SyntaxTraits:388 len=289 artifacts=32 advent-overaccept=26 advent-underaccept=4 reference-disagreement=1060 residual-ambiguity=1 same=15620 tree-difference=2
[16717/100000] reference-disagreement keypath-component-matrix len=48 artifacts=32 advent-overaccept=26 advent-underaccept=4 reference-disagreement=1061 residual-ambiguity=1 same=15623 tree-difference=2
[16750/100000] same frontier:protocol-accessor-shape len=86 artifacts=32 advent-overaccept=26 advent-underaccept=4 reference-disagreement=1061 residual-ambiguity=1 same=15656 tree-difference=2
[16762/100000] reference-disagreement wide:extension-member:newline:real:SyntaxTraits:786 len=89 artifacts=32 advent-overaccept=26 advent-underaccept=4 reference-disagreement=1062 residual-ambiguity=1 same=15667 tree-difference=2
[16768/100000] reference-disagreement tspl-divergence-accessor-commitment len=78 artifacts=32 advent-overaccept=26 advent-underaccept=4 reference-disagreement=1063 residual-ambiguity=1 same=15672 tree-difference=2
[16785/100000] reference-disagreement wide:func-body:space:translated:testSwitch21#1 len=55 artifacts=32 advent-overaccept=26 advent-underaccept=4 reference-disagreement=1064 residual-ambiguity=1 same=15688 tree-difference=2
[16794/100000] reference-disagreement wide:func-body:raw:real:Syntax+StringInterpolation:325 len=64 artifacts=32 advent-overaccept=26 advent-underaccept=4 reference-disagreement=1065 residual-ambiguity=1 same=15696 tree-difference=2
[16797/100000] reference-disagreement wide:func-body:raw:real:SyntaxExpressibleByStringInterpolationConformances:58 len=84 artifacts=32 advent-overaccept=26 advent-underaccept=4 reference-disagreement=1066 residual-ambiguity=1 same=15698 tree-difference=2
[16802/100000] reference-disagreement wide:closure:raw:real:SourceLocation:688+translated:testForwardSlashRegex16#1 len=366 artifacts=32 advent-overaccept=26 advent-underaccept=4 reference-disagreement=1067 residual-ambiguity=1 same=15702 tree-difference=2
[16805/100000] reference-disagreement wide:extension-member:space:real:IdentifiableSyntax:20 len=76 artifacts=32 advent-overaccept=26 advent-underaccept=4 reference-disagreement=1068 residual-ambiguity=1 same=15704 tree-difference=2
[16830/100000] reference-disagreement member-list-wide-boundary len=285 artifacts=32 advent-overaccept=26 advent-underaccept=4 reference-disagreement=1069 residual-ambiguity=1 same=15728 tree-difference=2
[16844/100000] reference-disagreement wide:after-statement:raw:declaration:testAccessors#1 len=56 artifacts=32 advent-overaccept=26 advent-underaccept=4 reference-disagreement=1070 residual-ambiguity=1 same=15741 tree-difference=2
[16853/100000] reference-disagreement wide:extension-member:glue:real:ScopeImplementations:16 len=588 artifacts=32 advent-overaccept=26 advent-underaccept=4 reference-disagreement=1071 residual-ambiguity=1 same=15749 tree-difference=2
[16854/100000] reference-disagreement wide:extension-member:space:declaration:testModifiedParameter#3 len=72 artifacts=32 advent-overaccept=26 advent-underaccept=4 reference-disagreement=1072 residual-ambiguity=1 same=15749 tree-difference=2
[16879/100000] reference-disagreement wide:trailing-closure:space+block-comment+duplicate:translated:testFunctionTypeExpr#24+type:testClosureSignatures#3 len=132 artifacts=32 advent-overaccept=26 advent-underaccept=4 reference-disagreement=1073 residual-ambiguity=1 same=15773 tree-difference=2
[16881/100000] reference-disagreement keypath-component-matrix len=34 artifacts=32 advent-overaccept=26 advent-underaccept=4 reference-disagreement=1074 residual-ambiguity=1 same=15774 tree-difference=2
[16884/100000] reference-disagreement wide:trailing-closure:block-comment:translated:testOperatorDeclDesignatedTypes1#1 len=70 artifacts=32 advent-overaccept=26 advent-underaccept=4 reference-disagreement=1075 residual-ambiguity=1 same=15776 tree-difference=2
[16890/100000] reference-disagreement cast-try-operator-cluster len=24 artifacts=32 advent-overaccept=26 advent-underaccept=4 reference-disagreement=1076 residual-ambiguity=1 same=15781 tree-difference=2
[16893/100000] reference-disagreement wide:extension-member:raw:translated:testEnum54#1 len=79 artifacts=32 advent-overaccept=26 advent-underaccept=4 reference-disagreement=1077 residual-ambiguity=1 same=15783 tree-difference=2
[16900/100000] reference-disagreement wide:struct-member:newline:phase4-misc:typealias-generic+real:LayoutNodes+Parsable:26 len=832 artifacts=32 advent-overaccept=26 advent-underaccept=4 reference-disagreement=1078 residual-ambiguity=1 same=15789 tree-difference=2
[16911/100000] advent-underaccept wide:ifconfig:delete+glue:real:ScopeImplementations:34 len=813 artifacts=33 advent-overaccept=26 advent-underaccept=5 reference-disagreement=1078 residual-ambiguity=1 same=15799 tree-difference=2
[16912/100000] reference-disagreement keypath-component-matrix len=59 artifacts=33 advent-overaccept=26 advent-underaccept=5 reference-disagreement=1079 residual-ambiguity=1 same=15799 tree-difference=2
[16914/100000] reference-disagreement wide:closure:raw:real:MissingNodesError:26 len=154 artifacts=33 advent-overaccept=26 advent-underaccept=5 reference-disagreement=1080 residual-ambiguity=1 same=15800 tree-difference=2
[16919/100000] reference-disagreement wide:closure:raw:translated:testDiagnoseAvailability10#1+real:ResultBuilders:450 len=225 artifacts=33 advent-overaccept=26 advent-underaccept=5 reference-disagreement=1081 residual-ambiguity=1 same=15804 tree-difference=2
[16920/100000] reference-disagreement wide:trailing-closure:raw:real:SyntaxTraits:388 len=414 artifacts=33 advent-overaccept=26 advent-underaccept=5 reference-disagreement=1082 residual-ambiguity=1 same=15804 tree-difference=2
[16924/100000] reference-disagreement declaration-modifier-stack len=34 artifacts=33 advent-overaccept=26 advent-underaccept=5 reference-disagreement=1083 residual-ambiguity=1 same=15807 tree-difference=2
[16960/100000] reference-disagreement statement-list len=642 artifacts=33 advent-overaccept=26 advent-underaccept=5 reference-disagreement=1084 residual-ambiguity=1 same=15842 tree-difference=2
[16965/100000] reference-disagreement tspl-divergence-protocol-body len=81 artifacts=33 advent-overaccept=26 advent-underaccept=5 reference-disagreement=1085 residual-ambiguity=1 same=15846 tree-difference=2
[16968/100000] reference-disagreement wide:extension-member:line-comment+delete+newline:real:ResultBuilders:633+phase4-string:raw-quote len=217 artifacts=33 advent-overaccept=26 advent-underaccept=5 reference-disagreement=1086 residual-ambiguity=1 same=15848 tree-difference=2
[16973/100000] reference-disagreement wide:func-body:glue+glue:translated:testOperatorDeclDesignatedTypes2#1+declaration:testParseIsolatedConformances#2 len=132 artifacts=33 advent-overaccept=26 advent-underaccept=5 reference-disagreement=1087 residual-ambiguity=1 same=15852 tree-difference=2
[16977/100000] advent-overaccept wide:trailing-closure:newline+keyword+newline:translated:testSuper2c#1 len=83 artifacts=34 advent-overaccept=27 advent-underaccept=5 reference-disagreement=1087 residual-ambiguity=1 same=15855 tree-difference=2
[17000/100000] same frontier:statement-member-context len=73 artifacts=34 advent-overaccept=27 advent-underaccept=5 reference-disagreement=1087 residual-ambiguity=1 same=15878 tree-difference=2
[17001/100000] reference-disagreement attribute-ifconfig-elseif-list len=122 artifacts=34 advent-overaccept=27 advent-underaccept=5 reference-disagreement=1088 residual-ambiguity=1 same=15878 tree-difference=2
[17017/100000] reference-disagreement wide:after-statement:glue+line-comment:declaration:testParseIsolatedConformances#3 len=71 artifacts=34 advent-overaccept=27 advent-underaccept=5 reference-disagreement=1089 residual-ambiguity=1 same=15893 tree-difference=2
[17040/100000] reference-disagreement keypath-component-matrix len=34 artifacts=34 advent-overaccept=27 advent-underaccept=5 reference-disagreement=1090 residual-ambiguity=1 same=15915 tree-difference=2
[17058/100000] advent-overaccept wide:trailing-closure:splice+block-comment+block-comment:translated:testConflictMarkers3#1 len=90 artifacts=35 advent-overaccept=28 advent-underaccept=5 reference-disagreement=1090 residual-ambiguity=1 same=15932 tree-difference=2
[17063/100000] reference-disagreement statement-list len=620 artifacts=35 advent-overaccept=28 advent-underaccept=5 reference-disagreement=1091 residual-ambiguity=1 same=15936 tree-difference=2
[17065/100000] reference-disagreement binding-pattern len=458 artifacts=35 advent-overaccept=28 advent-underaccept=5 reference-disagreement=1092 residual-ambiguity=1 same=15937 tree-difference=2
[17067/100000] reference-disagreement keypath-component-matrix len=37 artifacts=35 advent-overaccept=28 advent-underaccept=5 reference-disagreement=1093 residual-ambiguity=1 same=15938 tree-difference=2
[17075/100000] reference-disagreement wide:struct-member:raw:translated:testEnum12#1 len=55 artifacts=35 advent-overaccept=28 advent-underaccept=5 reference-disagreement=1094 residual-ambiguity=1 same=15945 tree-difference=2
[17108/100000] reference-disagreement wide:trailing-closure:newline:translated:testOrinalDefinedInAttr12#1 len=86 artifacts=35 advent-overaccept=28 advent-underaccept=5 reference-disagreement=1095 residual-ambiguity=1 same=15977 tree-difference=2
[17140/100000] reference-disagreement wide:struct-member:raw:phase4-precedence:pg-empty len=36 artifacts=35 advent-overaccept=28 advent-underaccept=5 reference-disagreement=1096 residual-ambiguity=1 same=16008 tree-difference=2
[17144/100000] reference-disagreement attribute-ifconfig-elseif-list len=125 artifacts=35 advent-overaccept=28 advent-underaccept=5 reference-disagreement=1097 residual-ambiguity=1 same=16011 tree-difference=2
[17173/100000] reference-disagreement wide:after-statement:block-comment:expression:testClosureWithDollarIdentifier#1+expression:testKeyPathMethodAndInitializers#8 len=161 artifacts=35 advent-overaccept=28 advent-underaccept=5 reference-disagreement=1098 residual-ambiguity=1 same=16039 tree-difference=2
[17193/100000] reference-disagreement member-list-wide-boundary len=305 artifacts=35 advent-overaccept=28 advent-underaccept=5 reference-disagreement=1099 residual-ambiguity=1 same=16058 tree-difference=2
[17242/100000] reference-disagreement member-list-wide-boundary len=77 artifacts=35 advent-overaccept=28 advent-underaccept=5 reference-disagreement=1100 residual-ambiguity=1 same=16106 tree-difference=2
[17250/100000] same wide:trailing-closure:keyword:reject:testOperatorDecl1d#1 len=51 artifacts=35 advent-overaccept=28 advent-underaccept=5 reference-disagreement=1100 residual-ambiguity=1 same=16114 tree-difference=2
[17260/100000] reference-disagreement wide:func-body:glue+glue+glue:declaration:testModifiedParameter#7+real:BuildableNodes:1441 len=1039 artifacts=35 advent-overaccept=28 advent-underaccept=5 reference-disagreement=1101 residual-ambiguity=1 same=16123 tree-difference=2
[17278/100000] reference-disagreement statement-list len=506 artifacts=35 advent-overaccept=28 advent-underaccept=5 reference-disagreement=1102 residual-ambiguity=1 same=16140 tree-difference=2
[17281/100000] reference-disagreement wide:func-body:raw:real:ResultBuilders:676+translated:testSwitch62#1 len=222 artifacts=35 advent-overaccept=28 advent-underaccept=5 reference-disagreement=1103 residual-ambiguity=1 same=16142 tree-difference=2
[17297/100000] reference-disagreement nested-ifconfig-boundary len=163 artifacts=35 advent-overaccept=28 advent-underaccept=5 reference-disagreement=1104 residual-ambiguity=1 same=16157 tree-difference=2
[17298/100000] reference-disagreement wide:func-body:glue+line-comment:real:SyntaxTraits:810 len=89 artifacts=35 advent-overaccept=28 advent-underaccept=5 reference-disagreement=1105 residual-ambiguity=1 same=16157 tree-difference=2
[17302/100000] reference-disagreement binding-pattern len=458 artifacts=35 advent-overaccept=28 advent-underaccept=5 reference-disagreement=1106 residual-ambiguity=1 same=16160 tree-difference=2
[17303/100000] reference-disagreement wide:extension-member:raw:real:SyntaxExpressibleByStringInterpolationConformances:100 len=177 artifacts=35 advent-overaccept=28 advent-underaccept=5 reference-disagreement=1107 residual-ambiguity=1 same=16160 tree-difference=2
[17306/100000] reference-disagreement binding-pattern len=458 artifacts=35 advent-overaccept=28 advent-underaccept=5 reference-disagreement=1108 residual-ambiguity=1 same=16162 tree-difference=2
[17330/100000] reference-disagreement attribute-ifconfig-elseif-list len=122 artifacts=35 advent-overaccept=28 advent-underaccept=5 reference-disagreement=1109 residual-ambiguity=1 same=16185 tree-difference=2
[17336/100000] reference-disagreement attribute-ifconfig-elseif-list len=116 artifacts=35 advent-overaccept=28 advent-underaccept=5 reference-disagreement=1110 residual-ambiguity=1 same=16190 tree-difference=2
[17366/100000] reference-disagreement wide:extension-member:newline+newline+space:real:UnicodeScalarExtensions:273 len=447 artifacts=35 advent-overaccept=28 advent-underaccept=5 reference-disagreement=1111 residual-ambiguity=1 same=16219 tree-difference=2
[17409/100000] reference-disagreement grammarish-member-list len=267 artifacts=35 advent-overaccept=28 advent-underaccept=5 reference-disagreement=1112 residual-ambiguity=1 same=16261 tree-difference=2
[17441/100000] reference-disagreement cast-try-operator-cluster len=24 artifacts=35 advent-overaccept=28 advent-underaccept=5 reference-disagreement=1113 residual-ambiguity=1 same=16292 tree-difference=2
[17454/100000] reference-disagreement wide:top:raw:attribute:testMacroRoleNames#9+expression:testSubscriptDeinitMembers#3 len=65 artifacts=35 advent-overaccept=28 advent-underaccept=5 reference-disagreement=1114 residual-ambiguity=1 same=16304 tree-difference=2
[17480/100000] reference-disagreement wide:after-statement:raw:reject:testABIAttribute#8 len=119 artifacts=35 advent-overaccept=28 advent-underaccept=5 reference-disagreement=1115 residual-ambiguity=1 same=16329 tree-difference=2
[17481/100000] reference-disagreement wide:closure:raw:real:BasicMacroExpansionContext:141 len=308 artifacts=35 advent-overaccept=28 advent-underaccept=5 reference-disagreement=1116 residual-ambiguity=1 same=16329 tree-difference=2
[17498/100000] reference-disagreement tspl-divergence-accessor-commitment len=78 artifacts=35 advent-overaccept=28 advent-underaccept=5 reference-disagreement=1117 residual-ambiguity=1 same=16345 tree-difference=2
[17500/100000] same seed-corpus-structural-splice:switch-keyword-cases len=207 artifacts=35 advent-overaccept=28 advent-underaccept=5 reference-disagreement=1117 residual-ambiguity=1 same=16347 tree-difference=2
[17507/100000] reference-disagreement wide:func-body:raw:real:PackageDependency:79 len=176 artifacts=35 advent-overaccept=28 advent-underaccept=5 reference-disagreement=1118 residual-ambiguity=1 same=16353 tree-difference=2
[17511/100000] reference-disagreement wide:extension-member:raw:real:SyntaxTraits:399 len=707 artifacts=35 advent-overaccept=28 advent-underaccept=5 reference-disagreement=1119 residual-ambiguity=1 same=16356 tree-difference=2
[17520/100000] reference-disagreement wide:func-body:block-comment:declaration:testParseSpecializeAttribute#3 len=195 artifacts=35 advent-overaccept=28 advent-underaccept=5 reference-disagreement=1120 residual-ambiguity=1 same=16364 tree-difference=2
[17521/100000] reference-disagreement wide:trailing-closure:raw:real:VersionTuple:58 len=55 artifacts=35 advent-overaccept=28 advent-underaccept=5 reference-disagreement=1121 residual-ambiguity=1 same=16364 tree-difference=2
[17526/100000] reference-disagreement wide:ifconfig:line-comment:declaration:testCoroutineAccessors#1 len=92 artifacts=35 advent-overaccept=28 advent-underaccept=5 reference-disagreement=1122 residual-ambiguity=1 same=16368 tree-difference=2
[17537/100000] reference-disagreement wide:func-body:raw:real:ResultBuilders:410 len=134 artifacts=35 advent-overaccept=28 advent-underaccept=5 reference-disagreement=1123 residual-ambiguity=1 same=16378 tree-difference=2
[17545/100000] reference-disagreement wide:struct-member:raw:translated:testSwitch41#1 len=722 artifacts=35 advent-overaccept=28 advent-underaccept=5 reference-disagreement=1124 residual-ambiguity=1 same=16385 tree-difference=2
[17553/100000] reference-disagreement wide:trailing-closure:newline:translated:testSwitch43#1 len=73 artifacts=35 advent-overaccept=28 advent-underaccept=5 reference-disagreement=1125 residual-ambiguity=1 same=16392 tree-difference=2
[17572/100000] reference-disagreement wide:extension-member:raw:reject:testInitAccessorsWithDefaultValues#1 len=132 artifacts=35 advent-overaccept=28 advent-underaccept=5 reference-disagreement=1126 residual-ambiguity=1 same=16410 tree-difference=2
[17578/100000] reference-disagreement wide:func-body:block-comment:real:Message:38+translated:testForwardSlashRegex187#1 len=407 artifacts=35 advent-overaccept=28 advent-underaccept=5 reference-disagreement=1127 residual-ambiguity=1 same=16415 tree-difference=2
[17587/100000] reference-disagreement wide:extension-member:newline:real:ResultBuilders:115 len=196 artifacts=35 advent-overaccept=28 advent-underaccept=5 reference-disagreement=1128 residual-ambiguity=1 same=16423 tree-difference=2
[17590/100000] reference-disagreement wide:func-body:space+newline:translated:testForwardSlashRegex53#1+real:Oracle:168 len=111 artifacts=35 advent-overaccept=28 advent-underaccept=5 reference-disagreement=1129 residual-ambiguity=1 same=16425 tree-difference=2
[17620/100000] reference-disagreement grammarish-member-list len=164 artifacts=35 advent-overaccept=28 advent-underaccept=5 reference-disagreement=1130 residual-ambiguity=1 same=16454 tree-difference=2
[17626/100000] reference-disagreement wide:trailing-closure:glue:real:SyntaxBaseNodes:946 len=62 artifacts=35 advent-overaccept=28 advent-underaccept=5 reference-disagreement=1131 residual-ambiguity=1 same=16459 tree-difference=2
[17637/100000] reference-disagreement keypath-component-matrix len=55 artifacts=35 advent-overaccept=28 advent-underaccept=5 reference-disagreement=1132 residual-ambiguity=1 same=16469 tree-difference=2
[17640/100000] reference-disagreement wide:closure:block-comment+keyword+splice:declaration:testImports#1 len=47 artifacts=35 advent-overaccept=28 advent-underaccept=5 reference-disagreement=1133 residual-ambiguity=1 same=16471 tree-difference=2
[17641/100000] reference-disagreement attribute-ifconfig-elseif-list len=137 artifacts=35 advent-overaccept=28 advent-underaccept=5 reference-disagreement=1134 residual-ambiguity=1 same=16471 tree-difference=2
[17644/100000] reference-disagreement attribute-ifconfig-elseif-list len=128 artifacts=35 advent-overaccept=28 advent-underaccept=5 reference-disagreement=1135 residual-ambiguity=1 same=16473 tree-difference=2
[17645/100000] reference-disagreement wide:struct-member:keyword:expression:testKeyPathMethodAndInitializers#18 len=48 artifacts=35 advent-overaccept=28 advent-underaccept=5 reference-disagreement=1136 residual-ambiguity=1 same=16473 tree-difference=2
[17650/100000] reference-disagreement wide:func-body:glue:real:Lookahead:104 len=112 artifacts=35 advent-overaccept=28 advent-underaccept=5 reference-disagreement=1137 residual-ambiguity=1 same=16477 tree-difference=2
[17671/100000] reference-disagreement wide:extension-member:line-comment:real:SyntaxUtils:79 len=926 artifacts=35 advent-overaccept=28 advent-underaccept=5 reference-disagreement=1138 residual-ambiguity=1 same=16497 tree-difference=2
[17675/100000] advent-underaccept wide:func-body:newline+delete+block-comment:phase4-macro:inout-arg len=42 artifacts=36 advent-overaccept=28 advent-underaccept=6 reference-disagreement=1138 residual-ambiguity=1 same=16500 tree-difference=2
[17678/100000] advent-overaccept wide:ifconfig:raw:declaration:testUsing#3 len=26 artifacts=37 advent-overaccept=29 advent-underaccept=6 reference-disagreement=1138 residual-ambiguity=1 same=16502 tree-difference=2
[17684/100000] reference-disagreement wide:trailing-closure:space+glue+newline:real:ResultBuilders:463 len=153 artifacts=37 advent-overaccept=29 advent-underaccept=6 reference-disagreement=1139 residual-ambiguity=1 same=16507 tree-difference=2
[17708/100000] reference-disagreement wide:func-body:line-comment:translated:testTypeExpr4#1 len=114 artifacts=37 advent-overaccept=29 advent-underaccept=6 reference-disagreement=1140 residual-ambiguity=1 same=16530 tree-difference=2
[17709/100000] reference-disagreement tspl-divergence-protocol-body len=217 artifacts=37 advent-overaccept=29 advent-underaccept=6 reference-disagreement=1141 residual-ambiguity=1 same=16530 tree-difference=2
[17750/100000] same condition-boundary len=483 artifacts=37 advent-overaccept=29 advent-underaccept=6 reference-disagreement=1141 residual-ambiguity=1 same=16571 tree-difference=2
[17780/100000] reference-disagreement member-list-wide-boundary len=316 artifacts=37 advent-overaccept=29 advent-underaccept=6 reference-disagreement=1142 residual-ambiguity=1 same=16600 tree-difference=2
[17784/100000] reference-disagreement grammarish-member-list len=273 artifacts=37 advent-overaccept=29 advent-underaccept=6 reference-disagreement=1143 residual-ambiguity=1 same=16603 tree-difference=2
[17805/100000] reference-disagreement wide:trailing-closure:raw:translated:testSwitch63#1 len=62 artifacts=37 advent-overaccept=29 advent-underaccept=6 reference-disagreement=1144 residual-ambiguity=1 same=16623 tree-difference=2
[17871/100000] reference-disagreement wide:trailing-closure:glue+space:real:SyntaxNodeWithBody:99 len=58 artifacts=37 advent-overaccept=29 advent-underaccept=6 reference-disagreement=1145 residual-ambiguity=1 same=16688 tree-difference=2
[17914/100000] reference-disagreement wide:struct-member:raw:real:SyntaxSynthesis:19 len=206 artifacts=37 advent-overaccept=29 advent-underaccept=6 reference-disagreement=1146 residual-ambiguity=1 same=16730 tree-difference=2
[17930/100000] reference-disagreement attribute-boundary len=41 artifacts=37 advent-overaccept=29 advent-underaccept=6 reference-disagreement=1147 residual-ambiguity=1 same=16745 tree-difference=2
[17943/100000] reference-disagreement member-list-wide-boundary len=189 artifacts=37 advent-overaccept=29 advent-underaccept=6 reference-disagreement=1148 residual-ambiguity=1 same=16757 tree-difference=2
[18000/100000] same frontier:interpolation-delimiter len=358 artifacts=37 advent-overaccept=29 advent-underaccept=6 reference-disagreement=1148 residual-ambiguity=1 same=16814 tree-difference=2
[18007/100000] reference-disagreement wide:closure:raw:real:ParserDiagnosticMessages:675 len=552 artifacts=37 advent-overaccept=29 advent-underaccept=6 reference-disagreement=1149 residual-ambiguity=1 same=16820 tree-difference=2
[18048/100000] reference-disagreement wide:before-statement:delete+space:translated:testSwitch56#1 len=84 artifacts=37 advent-overaccept=29 advent-underaccept=6 reference-disagreement=1150 residual-ambiguity=1 same=16860 tree-difference=2
[18102/100000] reference-disagreement wide:extension-member:glue+line-comment+space:real:SyntaxBaseNodes:1472+real:ResultBuilders:414 len=276 artifacts=37 advent-overaccept=29 advent-underaccept=6 reference-disagreement=1151 residual-ambiguity=1 same=16913 tree-difference=2
[18111/100000] reference-disagreement wide:func-body:block-comment+glue:translated:testOperatorDecl3#1 len=50 artifacts=37 advent-overaccept=29 advent-underaccept=6 reference-disagreement=1152 residual-ambiguity=1 same=16921 tree-difference=2
[18162/100000] reference-disagreement attribute-ifconfig-elseif-list len=109 artifacts=37 advent-overaccept=29 advent-underaccept=6 reference-disagreement=1153 residual-ambiguity=1 same=16971 tree-difference=2
[18177/100000] reference-disagreement attribute-ifconfig-elseif-list len=125 artifacts=37 advent-overaccept=29 advent-underaccept=6 reference-disagreement=1154 residual-ambiguity=1 same=16985 tree-difference=2
[18183/100000] reference-disagreement wide:ifconfig:glue+swap:expression:testKeyPathMethodAndInitializers#8+fuzz-harvest:requirement-suppressed len=72 artifacts=37 advent-overaccept=29 advent-underaccept=6 reference-disagreement=1155 residual-ambiguity=1 same=16990 tree-difference=2
[18199/100000] reference-disagreement attribute-ifconfig-elseif-list len=115 artifacts=37 advent-overaccept=29 advent-underaccept=6 reference-disagreement=1156 residual-ambiguity=1 same=17005 tree-difference=2
[18212/100000] reference-disagreement wide:trailing-closure:space:real:SyntaxExpressibleByStringInterpolationConformances:133 len=86 artifacts=37 advent-overaccept=29 advent-underaccept=6 reference-disagreement=1157 residual-ambiguity=1 same=17017 tree-difference=2
[18214/100000] reference-disagreement grammarish-member-list len=193 artifacts=37 advent-overaccept=29 advent-underaccept=6 reference-disagreement=1158 residual-ambiguity=1 same=17018 tree-difference=2
[18221/100000] reference-disagreement tspl-divergence-accessor-commitment len=78 artifacts=37 advent-overaccept=29 advent-underaccept=6 reference-disagreement=1159 residual-ambiguity=1 same=17024 tree-difference=2
[18222/100000] reference-disagreement wide:closure:line-comment:real:SyntaxProtocol:147 len=759 artifacts=37 advent-overaccept=29 advent-underaccept=6 reference-disagreement=1160 residual-ambiguity=1 same=17024 tree-difference=2
[18226/100000] reference-disagreement wide:closure:raw:translated:testSwitch43#1 len=86 artifacts=37 advent-overaccept=29 advent-underaccept=6 reference-disagreement=1161 residual-ambiguity=1 same=17027 tree-difference=2
[18227/100000] reference-disagreement attribute-ifconfig-elseif-list len=119 artifacts=37 advent-overaccept=29 advent-underaccept=6 reference-disagreement=1162 residual-ambiguity=1 same=17027 tree-difference=2
[18235/100000] reference-disagreement wide:func-body:newline:real:ScopeImplementations:907 len=338 artifacts=37 advent-overaccept=29 advent-underaccept=6 reference-disagreement=1163 residual-ambiguity=1 same=17034 tree-difference=2
[18238/100000] reference-disagreement wide:struct-member:raw:phase4-keypath:kp-rootless+real:ParserDiagnosticMessages:67 len=225 artifacts=37 advent-overaccept=29 advent-underaccept=6 reference-disagreement=1164 residual-ambiguity=1 same=17036 tree-difference=2
[18246/100000] reference-disagreement wide:top:space+space:translated:testOperatorDeclDesignatedTypes6#1 len=168 artifacts=37 advent-overaccept=29 advent-underaccept=6 reference-disagreement=1165 residual-ambiguity=1 same=17043 tree-difference=2
[18250/100000] same trailing-closure-boundary len=109 artifacts=37 advent-overaccept=29 advent-underaccept=6 reference-disagreement=1165 residual-ambiguity=1 same=17047 tree-difference=2
[18268/100000] reference-disagreement wide:struct-member:glue+block-comment:real:SyntaxTraits:471 len=709 artifacts=37 advent-overaccept=29 advent-underaccept=6 reference-disagreement=1166 residual-ambiguity=1 same=17064 tree-difference=2
[18292/100000] reference-disagreement member-list-wide-boundary len=321 artifacts=37 advent-overaccept=29 advent-underaccept=6 reference-disagreement=1167 residual-ambiguity=1 same=17087 tree-difference=2
[18296/100000] reference-disagreement cast-try-operator-cluster len=24 artifacts=37 advent-overaccept=29 advent-underaccept=6 reference-disagreement=1168 residual-ambiguity=1 same=17090 tree-difference=2
[18303/100000] reference-disagreement attribute-ifconfig-elseif-list len=115 artifacts=37 advent-overaccept=29 advent-underaccept=6 reference-disagreement=1169 residual-ambiguity=1 same=17096 tree-difference=2
[18306/100000] reference-disagreement cast-try-operator-cluster len=24 artifacts=37 advent-overaccept=29 advent-underaccept=6 reference-disagreement=1170 residual-ambiguity=1 same=17098 tree-difference=2
[18309/100000] advent-overaccept wide:ifconfig:raw:type:testLifetimeSpecifier#5 len=46 artifacts=38 advent-overaccept=30 advent-underaccept=6 reference-disagreement=1170 residual-ambiguity=1 same=17100 tree-difference=2
[18316/100000] reference-disagreement grammarish-member-list len=173 artifacts=38 advent-overaccept=30 advent-underaccept=6 reference-disagreement=1171 residual-ambiguity=1 same=17106 tree-difference=2
[18323/100000] reference-disagreement member-list-wide-boundary len=110 artifacts=38 advent-overaccept=30 advent-underaccept=6 reference-disagreement=1172 residual-ambiguity=1 same=17112 tree-difference=2
[18339/100000] reference-disagreement wide:extension-member:glue+block-comment+newline:real:MissingNodeInitializers:34+real:SyntaxUtils:79 len=1064 artifacts=38 advent-overaccept=30 advent-underaccept=6 reference-disagreement=1173 residual-ambiguity=1 same=17127 tree-difference=2
[18350/100000] reference-disagreement tspl-divergence-accessor-commitment len=78 artifacts=38 advent-overaccept=30 advent-underaccept=6 reference-disagreement=1174 residual-ambiguity=1 same=17137 tree-difference=2
[18367/100000] reference-disagreement attribute-ifconfig-elseif-list len=117 artifacts=38 advent-overaccept=30 advent-underaccept=6 reference-disagreement=1175 residual-ambiguity=1 same=17153 tree-difference=2
[18374/100000] reference-disagreement wide:func-body:raw:real:SyntaxNodeWithBody:210 len=72 artifacts=38 advent-overaccept=30 advent-underaccept=6 reference-disagreement=1176 residual-ambiguity=1 same=17159 tree-difference=2
[18386/100000] reference-disagreement wide:ifconfig:newline:reject:testCoroutineAccessors#2 len=88 artifacts=38 advent-overaccept=30 advent-underaccept=6 reference-disagreement=1177 residual-ambiguity=1 same=17170 tree-difference=2
[18416/100000] reference-disagreement attribute-ifconfig-elseif-list len=141 artifacts=38 advent-overaccept=30 advent-underaccept=6 reference-disagreement=1178 residual-ambiguity=1 same=17199 tree-difference=2
[18422/100000] reference-disagreement wide:closure:space:real:SyntaxExpressibleByStringInterpolationConformances:64 len=177 artifacts=38 advent-overaccept=30 advent-underaccept=6 reference-disagreement=1179 residual-ambiguity=1 same=17204 tree-difference=2
[18457/100000] reference-disagreement wide:func-body:raw:real:Message:74+attribute:testIsolatedTypeAttribute#4 len=364 artifacts=38 advent-overaccept=30 advent-underaccept=6 reference-disagreement=1180 residual-ambiguity=1 same=17238 tree-difference=2
[18461/100000] reference-disagreement attribute-ifconfig-elseif-list len=114 artifacts=38 advent-overaccept=30 advent-underaccept=6 reference-disagreement=1181 residual-ambiguity=1 same=17241 tree-difference=2
[18500/100000] same seed-corpus-raw:delimiter-ifconfig-eof len=25 artifacts=38 advent-overaccept=30 advent-underaccept=6 reference-disagreement=1181 residual-ambiguity=1 same=17280 tree-difference=2
[18513/100000] reference-disagreement wide:extension-member:raw:real:ConvenienceInitializers:176 len=213 artifacts=38 advent-overaccept=30 advent-underaccept=6 reference-disagreement=1182 residual-ambiguity=1 same=17292 tree-difference=2
[18517/100000] reference-disagreement wide:trailing-closure:line-comment:real:SyntaxTraits:696 len=70 artifacts=38 advent-overaccept=30 advent-underaccept=6 reference-disagreement=1183 residual-ambiguity=1 same=17295 tree-difference=2
[18520/100000] reference-disagreement wide:closure:line-comment:real:Attributes:362 len=918 artifacts=38 advent-overaccept=30 advent-underaccept=6 reference-disagreement=1184 residual-ambiguity=1 same=17297 tree-difference=2
[18524/100000] reference-disagreement tspl-divergence-protocol-body len=231 artifacts=38 advent-overaccept=30 advent-underaccept=6 reference-disagreement=1185 residual-ambiguity=1 same=17300 tree-difference=2
[18562/100000] reference-disagreement keypath-component-matrix len=34 artifacts=38 advent-overaccept=30 advent-underaccept=6 reference-disagreement=1186 residual-ambiguity=1 same=17337 tree-difference=2
[18585/100000] reference-disagreement wide:after-statement:keyword:translated:testOperatorDeclDesignatedTypes18#1 len=281 artifacts=38 advent-overaccept=30 advent-underaccept=6 reference-disagreement=1187 residual-ambiguity=1 same=17359 tree-difference=2
[18588/100000] reference-disagreement wide:trailing-closure:line-comment:real:SyntaxTraits:728+translated:testForwardSlashRegex114#1 len=151 artifacts=38 advent-overaccept=30 advent-underaccept=6 reference-disagreement=1188 residual-ambiguity=1 same=17361 tree-difference=2
[18658/100000] reference-disagreement wide:trailing-closure:raw:real:LongTestsDisabled:19 len=182 artifacts=38 advent-overaccept=30 advent-underaccept=6 reference-disagreement=1189 residual-ambiguity=1 same=17430 tree-difference=2
[18701/100000] reference-disagreement wide:ifconfig:line-comment+duplicate:declaration:testVariableGetSetNextLine#1+translated:testInitDeinit28#1 len=106 artifacts=38 advent-overaccept=30 advent-underaccept=6 reference-disagreement=1190 residual-ambiguity=1 same=17472 tree-difference=2
[18704/100000] reference-disagreement wide:struct-member:raw:phase3-modifier:public-ext len=37 artifacts=38 advent-overaccept=30 advent-underaccept=6 reference-disagreement=1191 residual-ambiguity=1 same=17474 tree-difference=2
[18728/100000] reference-disagreement member-list-wide-boundary len=225 artifacts=38 advent-overaccept=30 advent-underaccept=6 reference-disagreement=1192 residual-ambiguity=1 same=17497 tree-difference=2
[18750/100000] same closure-result-boundary len=89 artifacts=38 advent-overaccept=30 advent-underaccept=6 reference-disagreement=1192 residual-ambiguity=1 same=17519 tree-difference=2
[18754/100000] reference-disagreement nested-ifconfig-boundary len=146 artifacts=38 advent-overaccept=30 advent-underaccept=6 reference-disagreement=1193 residual-ambiguity=1 same=17522 tree-difference=2
[18772/100000] reference-disagreement wide:ifconfig:block-comment+newline:translated:testDeprecatedWhere10#1 len=125 artifacts=38 advent-overaccept=30 advent-underaccept=6 reference-disagreement=1194 residual-ambiguity=1 same=17539 tree-difference=2
[18797/100000] reference-disagreement wide:func-body:raw:translated:testSwitch27#1+translated:testForwardSlashRegexSkippingAllowed9#1 len=83 artifacts=38 advent-overaccept=30 advent-underaccept=6 reference-disagreement=1195 residual-ambiguity=1 same=17563 tree-difference=2
[18830/100000] reference-disagreement wide:closure:newline+block-comment:real:ResultBuilders:362 len=214 artifacts=38 advent-overaccept=30 advent-underaccept=6 reference-disagreement=1196 residual-ambiguity=1 same=17595 tree-difference=2
[18865/100000] reference-disagreement wide:struct-member:glue:attribute:testDerivativeAttribute#4+real:Attributes:390 len=750 artifacts=38 advent-overaccept=30 advent-underaccept=6 reference-disagreement=1197 residual-ambiguity=1 same=17629 tree-difference=2
[18871/100000] reference-disagreement wide:func-body:raw:real:SyntaxExpressibleByStringInterpolationConformances:235+translated:testForwardSlashRegex169#1 len=181 artifacts=38 advent-overaccept=30 advent-underaccept=6 reference-disagreement=1198 residual-ambiguity=1 same=17634 tree-difference=2
[18876/100000] reference-disagreement wide:before-statement:delete+block-comment:real:SyntaxTraits:109 len=407 artifacts=38 advent-overaccept=30 advent-underaccept=6 reference-disagreement=1199 residual-ambiguity=1 same=17638 tree-difference=2
[18887/100000] reference-disagreement tspl-divergence-accessor-commitment len=78 artifacts=38 advent-overaccept=30 advent-underaccept=6 reference-disagreement=1200 residual-ambiguity=1 same=17648 tree-difference=2
[18899/100000] reference-disagreement wide:top:block-comment+newline:real:SyntaxTraits:352+phase4-macro:borrow len=709 artifacts=38 advent-overaccept=30 advent-underaccept=6 reference-disagreement=1201 residual-ambiguity=1 same=17659 tree-difference=2
[18935/100000] reference-disagreement tspl-divergence-accessor-commitment len=49 artifacts=38 advent-overaccept=30 advent-underaccept=6 reference-disagreement=1202 residual-ambiguity=1 same=17694 tree-difference=2
[18969/100000] reference-disagreement tspl-divergence-protocol-body len=209 artifacts=38 advent-overaccept=30 advent-underaccept=6 reference-disagreement=1203 residual-ambiguity=1 same=17727 tree-difference=2
[18978/100000] reference-disagreement cast-try-operator-cluster len=24 artifacts=38 advent-overaccept=30 advent-underaccept=6 reference-disagreement=1204 residual-ambiguity=1 same=17735 tree-difference=2
[18996/100000] reference-disagreement wide:extension-member:raw:real:LayoutNodes+Parsable:167 len=213 artifacts=38 advent-overaccept=30 advent-underaccept=6 reference-disagreement=1205 residual-ambiguity=1 same=17752 tree-difference=2
[19000/100000] same frontier:generic-member-type-shape len=295 artifacts=38 advent-overaccept=30 advent-underaccept=6 reference-disagreement=1205 residual-ambiguity=1 same=17756 tree-difference=2
[19026/100000] reference-disagreement wide:struct-member:keyword:translated:testTry15#1+real:Operator:38 len=678 artifacts=38 advent-overaccept=30 advent-underaccept=6 reference-disagreement=1206 residual-ambiguity=1 same=17781 tree-difference=2
[19033/100000] reference-disagreement member-list-wide-boundary len=125 artifacts=38 advent-overaccept=30 advent-underaccept=6 reference-disagreement=1207 residual-ambiguity=1 same=17787 tree-difference=2
[19036/100000] reference-disagreement wide:struct-member:raw:reject:testCoroutineAccessors#2 len=89 artifacts=38 advent-overaccept=30 advent-underaccept=6 reference-disagreement=1208 residual-ambiguity=1 same=17789 tree-difference=2
[19063/100000] reference-disagreement member-list-wide-boundary len=142 artifacts=38 advent-overaccept=30 advent-underaccept=6 reference-disagreement=1209 residual-ambiguity=1 same=17815 tree-difference=2
[19094/100000] reference-disagreement wide:closure:duplicate:real:CompilerPlugin:97+real:ConvenienceInitializers:187 len=401 artifacts=38 advent-overaccept=30 advent-underaccept=6 reference-disagreement=1210 residual-ambiguity=1 same=17845 tree-difference=2
[19111/100000] reference-disagreement wide:trailing-closure:block-comment:real:ConvenienceInitializers:302 len=383 artifacts=38 advent-overaccept=30 advent-underaccept=6 reference-disagreement=1211 residual-ambiguity=1 same=17861 tree-difference=2
[19137/100000] reference-disagreement grammarish-member-list len=306 artifacts=38 advent-overaccept=30 advent-underaccept=6 reference-disagreement=1212 residual-ambiguity=1 same=17886 tree-difference=2
[19173/100000] reference-disagreement wide:func-body:newline+line-comment+space:real:LayoutNodes+Parsable:26 len=813 artifacts=38 advent-overaccept=30 advent-underaccept=6 reference-disagreement=1213 residual-ambiguity=1 same=17921 tree-difference=2
[19243/100000] reference-disagreement wide:func-body:splice:real:SyntaxExpressibleByStringInterpolationConformances:163 len=154 artifacts=38 advent-overaccept=30 advent-underaccept=6 reference-disagreement=1214 residual-ambiguity=1 same=17990 tree-difference=2
[19248/100000] reference-disagreement wide:closure:raw:phase3-type:extension-inherit len=39 artifacts=38 advent-overaccept=30 advent-underaccept=6 reference-disagreement=1215 residual-ambiguity=1 same=17994 tree-difference=2
[19250/100000] same statement-list len=484 artifacts=38 advent-overaccept=30 advent-underaccept=6 reference-disagreement=1215 residual-ambiguity=1 same=17996 tree-difference=2
[19271/100000] reference-disagreement wide:closure:raw:real:ResultBuilderExtensions:117 len=370 artifacts=38 advent-overaccept=30 advent-underaccept=6 reference-disagreement=1216 residual-ambiguity=1 same=18016 tree-difference=2
[19292/100000] reference-disagreement wide:extension-member:space:real:SyntaxTraits:120 len=680 artifacts=38 advent-overaccept=30 advent-underaccept=6 reference-disagreement=1217 residual-ambiguity=1 same=18036 tree-difference=2
[19329/100000] advent-overaccept wide:struct-member:raw:type:testLifetimeSpecifier#4 len=51 artifacts=39 advent-overaccept=31 advent-underaccept=6 reference-disagreement=1217 residual-ambiguity=1 same=18072 tree-difference=2
[19333/100000] reference-disagreement wide:closure:raw:real:ParserDiagnosticMessages:315 len=697 artifacts=39 advent-overaccept=31 advent-underaccept=6 reference-disagreement=1218 residual-ambiguity=1 same=18075 tree-difference=2
[19335/100000] reference-disagreement wide:closure:space+newline:real:SwiftSyntaxCompatibility:801 len=340 artifacts=39 advent-overaccept=31 advent-underaccept=6 reference-disagreement=1219 residual-ambiguity=1 same=18076 tree-difference=2
[19337/100000] reference-disagreement wide:struct-member:line-comment:real:ParserDiagnosticMessages:30 len=299 artifacts=39 advent-overaccept=31 advent-underaccept=6 reference-disagreement=1220 residual-ambiguity=1 same=18077 tree-difference=2
[19340/100000] reference-disagreement tspl-divergence-accessor-commitment len=49 artifacts=39 advent-overaccept=31 advent-underaccept=6 reference-disagreement=1221 residual-ambiguity=1 same=18079 tree-difference=2
[19351/100000] reference-disagreement wide:struct-member:duplicate:phase4-string:multiline-blank len=44 artifacts=39 advent-overaccept=31 advent-underaccept=6 reference-disagreement=1222 residual-ambiguity=1 same=18089 tree-difference=2
[19359/100000] reference-disagreement wide:trailing-closure:block-comment+swap:real:Utils:46 len=263 artifacts=39 advent-overaccept=31 advent-underaccept=6 reference-disagreement=1223 residual-ambiguity=1 same=18096 tree-difference=2
[19367/100000] reference-disagreement wide:struct-member:space+line-comment:real:SyntaxClassifier:19 len=486 artifacts=39 advent-overaccept=31 advent-underaccept=6 reference-disagreement=1224 residual-ambiguity=1 same=18103 tree-difference=2
[19409/100000] reference-disagreement attribute-boundary len=39 artifacts=39 advent-overaccept=31 advent-underaccept=6 reference-disagreement=1225 residual-ambiguity=1 same=18144 tree-difference=2
[19410/100000] reference-disagreement tspl-divergence-protocol-body len=114 artifacts=39 advent-overaccept=31 advent-underaccept=6 reference-disagreement=1226 residual-ambiguity=1 same=18144 tree-difference=2
[19413/100000] reference-disagreement keypath-boundary len=38 artifacts=39 advent-overaccept=31 advent-underaccept=6 reference-disagreement=1227 residual-ambiguity=1 same=18146 tree-difference=2
[19417/100000] advent-underaccept wide:func-body:block-comment+newline:real:PrecedenceGraph:20 len=339 artifacts=40 advent-overaccept=31 advent-underaccept=7 reference-disagreement=1227 residual-ambiguity=1 same=18149 tree-difference=2
[19421/100000] advent-overaccept wide:before-statement:raw:phase4-coroutine:op-trailing-comma len=58 artifacts=41 advent-overaccept=32 advent-underaccept=7 reference-disagreement=1227 residual-ambiguity=1 same=18152 tree-difference=2
[19429/100000] reference-disagreement grammarish-member-list len=229 artifacts=41 advent-overaccept=32 advent-underaccept=7 reference-disagreement=1228 residual-ambiguity=1 same=18159 tree-difference=2
[19431/100000] reference-disagreement wide:struct-member:glue+newline:real:ResultBuilders:620 len=212 artifacts=41 advent-overaccept=32 advent-underaccept=7 reference-disagreement=1229 residual-ambiguity=1 same=18160 tree-difference=2
[19489/100000] reference-disagreement attribute-ifconfig-elseif-list len=141 artifacts=41 advent-overaccept=32 advent-underaccept=7 reference-disagreement=1230 residual-ambiguity=1 same=18217 tree-difference=2
[19500/100000] same wide:trailing-closure:duplicate+block-comment+swap:reject:testNonisolatedSpecifier#3 len=63 artifacts=41 advent-overaccept=32 advent-underaccept=7 reference-disagreement=1230 residual-ambiguity=1 same=18228 tree-difference=2
[19504/100000] reference-disagreement wide:struct-member:newline:translated:testConflictMarkers4#1 len=62 artifacts=41 advent-overaccept=32 advent-underaccept=7 reference-disagreement=1231 residual-ambiguity=1 same=18231 tree-difference=2
[19516/100000] reference-disagreement wide:trailing-closure:delete+block-comment:real:Syntax+Assertions:38 len=130 artifacts=41 advent-overaccept=32 advent-underaccept=7 reference-disagreement=1232 residual-ambiguity=1 same=18242 tree-difference=2
[19556/100000] reference-disagreement keypath-boundary len=38 artifacts=41 advent-overaccept=32 advent-underaccept=7 reference-disagreement=1233 residual-ambiguity=1 same=18281 tree-difference=2
[19567/100000] reference-disagreement wide:struct-member:raw:translated:testOriginalDefinedInAttr7#1 len=117 artifacts=41 advent-overaccept=32 advent-underaccept=7 reference-disagreement=1234 residual-ambiguity=1 same=18291 tree-difference=2
[19583/100000] reference-disagreement nested-ifconfig-boundary len=163 artifacts=41 advent-overaccept=32 advent-underaccept=7 reference-disagreement=1235 residual-ambiguity=1 same=18306 tree-difference=2
[19589/100000] reference-disagreement wide:trailing-closure:raw:real:SyntaxTraits:181 len=718 artifacts=41 advent-overaccept=32 advent-underaccept=7 reference-disagreement=1236 residual-ambiguity=1 same=18311 tree-difference=2
[19614/100000] reference-disagreement wide:extension-member:glue+line-comment:translated:testDeinitAsync#1 len=75 artifacts=41 advent-overaccept=32 advent-underaccept=7 reference-disagreement=1237 residual-ambiguity=1 same=18335 tree-difference=2
[19626/100000] reference-disagreement wide:func-body:raw:translated:testModuleSelectorType#3+real:ResultBuilders:667 len=234 artifacts=41 advent-overaccept=32 advent-underaccept=7 reference-disagreement=1238 residual-ambiguity=1 same=18346 tree-difference=2
[19689/100000] reference-disagreement tspl-divergence-accessor-commitment len=49 artifacts=41 advent-overaccept=32 advent-underaccept=7 reference-disagreement=1239 residual-ambiguity=1 same=18408 tree-difference=2
[19693/100000] reference-disagreement wide:trailing-closure:raw:real:SyntaxCollections:732 len=499 artifacts=41 advent-overaccept=32 advent-underaccept=7 reference-disagreement=1240 residual-ambiguity=1 same=18411 tree-difference=2
[19699/100000] reference-disagreement wide:trailing-closure:space+delete+space:real:WithGenericParametersScopeSyntax:15 len=337 artifacts=41 advent-overaccept=32 advent-underaccept=7 reference-disagreement=1241 residual-ambiguity=1 same=18416 tree-difference=2
[19706/100000] reference-disagreement wide:closure:glue+glue:translated:testMultilineString3#1+real:RawSyntaxNodeProtocol:64 len=409 artifacts=41 advent-overaccept=32 advent-underaccept=7 reference-disagreement=1242 residual-ambiguity=1 same=18422 tree-difference=2
[19722/100000] reference-disagreement wide:func-body:keyword:real:Operator:26 len=240 artifacts=41 advent-overaccept=32 advent-underaccept=7 reference-disagreement=1243 residual-ambiguity=1 same=18437 tree-difference=2
[19723/100000] reference-disagreement wide:closure:glue:expression:probeParenKeyPathMember#1+real:ResultBuilders:642 len=397 artifacts=41 advent-overaccept=32 advent-underaccept=7 reference-disagreement=1244 residual-ambiguity=1 same=18437 tree-difference=2
[19724/100000] reference-disagreement wide:func-body:newline+keyword+newline:real:ManifestEditError:28 len=893 artifacts=41 advent-overaccept=32 advent-underaccept=7 reference-disagreement=1245 residual-ambiguity=1 same=18437 tree-difference=2
[19750/100000] same ifconfig-member-context-boundary len=67 artifacts=41 advent-overaccept=32 advent-underaccept=7 reference-disagreement=1245 residual-ambiguity=1 same=18463 tree-difference=2
[19753/100000] reference-disagreement wide:func-body:raw:real:PluginMessages:56+expression:testKeyPathMethodAndInitializers#16 len=790 artifacts=41 advent-overaccept=32 advent-underaccept=7 reference-disagreement=1246 residual-ambiguity=1 same=18465 tree-difference=2
[19767/100000] reference-disagreement tspl-divergence-accessor-commitment len=49 artifacts=41 advent-overaccept=32 advent-underaccept=7 reference-disagreement=1247 residual-ambiguity=1 same=18478 tree-difference=2
[19779/100000] reference-disagreement attribute-ifconfig-elseif-list len=115 artifacts=41 advent-overaccept=32 advent-underaccept=7 reference-disagreement=1248 residual-ambiguity=1 same=18489 tree-difference=2
[19803/100000] reference-disagreement keypath-component-matrix len=33 artifacts=41 advent-overaccept=32 advent-underaccept=7 reference-disagreement=1249 residual-ambiguity=1 same=18512 tree-difference=2
[19806/100000] reference-disagreement wide:closure:raw:attribute:testExpose#4 len=56 artifacts=41 advent-overaccept=32 advent-underaccept=7 reference-disagreement=1250 residual-ambiguity=1 same=18514 tree-difference=2
[19831/100000] tree-difference wide:extension-member:raw:real:ResultBuilders:371+declaration:testParseDynamicReplacement#2 len=271 artifacts=42 advent-overaccept=32 advent-underaccept=7 reference-disagreement=1250 residual-ambiguity=1 same=18538 tree-difference=3
[19836/100000] reference-disagreement keypath-component-matrix len=37 artifacts=42 advent-overaccept=32 advent-underaccept=7 reference-disagreement=1251 residual-ambiguity=1 same=18542 tree-difference=3
[19848/100000] reference-disagreement wide:func-body:raw:real:SyntaxTraits:506 len=453 artifacts=42 advent-overaccept=32 advent-underaccept=7 reference-disagreement=1252 residual-ambiguity=1 same=18553 tree-difference=3
[19863/100000] reference-disagreement wide:trailing-closure:block-comment:real:DeclarationMacro:36 len=187 artifacts=42 advent-overaccept=32 advent-underaccept=7 reference-disagreement=1253 residual-ambiguity=1 same=18567 tree-difference=3
[19877/100000] reference-disagreement wide:trailing-closure:line-comment:real:CollectionNodes+Parsable:63+real:SyntaxTraits:297 len=1251 artifacts=42 advent-overaccept=32 advent-underaccept=7 reference-disagreement=1254 residual-ambiguity=1 same=18580 tree-difference=3
[19897/100000] reference-disagreement member-list-wide-boundary len=296 artifacts=42 advent-overaccept=32 advent-underaccept=7 reference-disagreement=1255 residual-ambiguity=1 same=18599 tree-difference=3
[19917/100000] reference-disagreement wide:top:raw:translated:testAsync16#1+translated:testTypeExpr25q#1 len=78 artifacts=42 advent-overaccept=32 advent-underaccept=7 reference-disagreement=1256 residual-ambiguity=1 same=18618 tree-difference=3
[19920/100000] reference-disagreement wide:trailing-closure:newline+glue+space:real:SyntaxTraits:848 len=63 artifacts=42 advent-overaccept=32 advent-underaccept=7 reference-disagreement=1257 residual-ambiguity=1 same=18620 tree-difference=3
[19959/100000] reference-disagreement wide:struct-member:glue:real:ResultBuilders:310 len=163 artifacts=42 advent-overaccept=32 advent-underaccept=7 reference-disagreement=1258 residual-ambiguity=1 same=18658 tree-difference=3
[19995/100000] reference-disagreement tspl-divergence-protocol-body len=180 artifacts=42 advent-overaccept=32 advent-underaccept=7 reference-disagreement=1259 residual-ambiguity=1 same=18693 tree-difference=3
[20000/100000] same wide:closure:swap+newline:reject:testDeinitParamsOutput#1 len=76 artifacts=42 advent-overaccept=32 advent-underaccept=7 reference-disagreement=1259 residual-ambiguity=1 same=18698 tree-difference=3
[20022/100000] reference-disagreement attribute-ifconfig-elseif-list len=112 artifacts=42 advent-overaccept=32 advent-underaccept=7 reference-disagreement=1260 residual-ambiguity=1 same=18719 tree-difference=3
[20028/100000] reference-disagreement tspl-divergence-protocol-body len=97 artifacts=42 advent-overaccept=32 advent-underaccept=7 reference-disagreement=1261 residual-ambiguity=1 same=18724 tree-difference=3
[20040/100000] reference-disagreement wide:struct-member:raw:attribute:testBackDeployed#4+translated:testTypeExpr4#1 len=155 artifacts=42 advent-overaccept=32 advent-underaccept=7 reference-disagreement=1262 residual-ambiguity=1 same=18735 tree-difference=3
[20046/100000] reference-disagreement wide:func-body:keyword:declaration:testImports#4 len=74 artifacts=42 advent-overaccept=32 advent-underaccept=7 reference-disagreement=1263 residual-ambiguity=1 same=18740 tree-difference=3
[20069/100000] reference-disagreement attribute-ifconfig-elseif-list len=133 artifacts=42 advent-overaccept=32 advent-underaccept=7 reference-disagreement=1264 residual-ambiguity=1 same=18762 tree-difference=3
[20120/100000] reference-disagreement wide:func-body:glue:real:Syntax+StringInterpolation:233 len=811 artifacts=42 advent-overaccept=32 advent-underaccept=7 reference-disagreement=1265 residual-ambiguity=1 same=18812 tree-difference=3
[20136/100000] reference-disagreement wide:trailing-closure:block-comment:real:Lexer:252 len=702 artifacts=42 advent-overaccept=32 advent-underaccept=7 reference-disagreement=1266 residual-ambiguity=1 same=18827 tree-difference=3
[20193/100000] reference-disagreement wide:struct-member:line-comment+line-comment:real:IsValidIdentifier:41 len=1045 artifacts=42 advent-overaccept=32 advent-underaccept=7 reference-disagreement=1267 residual-ambiguity=1 same=18883 tree-difference=3
[20195/100000] reference-disagreement wide:func-body:block-comment:declaration:testParseDynamicReplacement#2 len=158 artifacts=42 advent-overaccept=32 advent-underaccept=7 reference-disagreement=1268 residual-ambiguity=1 same=18884 tree-difference=3
[20198/100000] reference-disagreement wide:func-body:line-comment:real:SyntaxComparison:28 len=695 artifacts=42 advent-overaccept=32 advent-underaccept=7 reference-disagreement=1269 residual-ambiguity=1 same=18886 tree-difference=3
[20212/100000] reference-disagreement wide:extension-member:raw:real:Message:29+translated:testIfConfigExpr33#1 len=157 artifacts=42 advent-overaccept=32 advent-underaccept=7 reference-disagreement=1270 residual-ambiguity=1 same=18899 tree-difference=3
[20227/100000] reference-disagreement wide:func-body:glue+newline:real:ConvenienceInitializers:176+phase4-closure:capture-weak-self len=241 artifacts=42 advent-overaccept=32 advent-underaccept=7 reference-disagreement=1271 residual-ambiguity=1 same=18913 tree-difference=3
[20228/100000] reference-disagreement wide:trailing-closure:space:real:TokenSpec:197 len=972 artifacts=42 advent-overaccept=32 advent-underaccept=7 reference-disagreement=1272 residual-ambiguity=1 same=18913 tree-difference=3
[20239/100000] reference-disagreement declaration-modifier-stack len=34 artifacts=42 advent-overaccept=32 advent-underaccept=7 reference-disagreement=1273 residual-ambiguity=1 same=18923 tree-difference=3
[20246/100000] reference-disagreement wide:struct-member:raw:real:SyntaxExpressibleByStringInterpolationConformances:103 len=88 artifacts=42 advent-overaccept=32 advent-underaccept=7 reference-disagreement=1274 residual-ambiguity=1 same=18929 tree-difference=3
[20250/100000] same macro-attribute-directive-boundary len=76 artifacts=42 advent-overaccept=32 advent-underaccept=7 reference-disagreement=1274 residual-ambiguity=1 same=18933 tree-difference=3
[20253/100000] reference-disagreement keypath-boundary len=33 artifacts=42 advent-overaccept=32 advent-underaccept=7 reference-disagreement=1275 residual-ambiguity=1 same=18935 tree-difference=3
[20292/100000] reference-disagreement tspl-divergence-accessor-commitment len=49 artifacts=42 advent-overaccept=32 advent-underaccept=7 reference-disagreement=1276 residual-ambiguity=1 same=18973 tree-difference=3
[20296/100000] reference-disagreement attribute-ifconfig-elseif-list len=118 artifacts=42 advent-overaccept=32 advent-underaccept=7 reference-disagreement=1277 residual-ambiguity=1 same=18976 tree-difference=3
[20302/100000] reference-disagreement wide:func-body:glue+glue+glue:real:ManifestSyntaxRepresentable:41+translated:testRecovery117#1 len=300 artifacts=42 advent-overaccept=32 advent-underaccept=7 reference-disagreement=1278 residual-ambiguity=1 same=18981 tree-difference=3
[20360/100000] reference-disagreement wide:trailing-closure:line-comment+newline+space:real:BuildableNodes:1530 len=1061 artifacts=42 advent-overaccept=32 advent-underaccept=7 reference-disagreement=1279 residual-ambiguity=1 same=19038 tree-difference=3
[20366/100000] reference-disagreement wide:closure:block-comment+glue+glue:real:LibraryPluginProvider:148+translated:testForwardSlashRegexSkippingInvalid7#1 len=711 artifacts=42 advent-overaccept=32 advent-underaccept=7 reference-disagreement=1280 residual-ambiguity=1 same=19043 tree-difference=3
[20397/100000] reference-disagreement wide:trailing-closure:duplicate+glue+newline:real:SyntaxTraits:710 len=72 artifacts=42 advent-overaccept=32 advent-underaccept=7 reference-disagreement=1281 residual-ambiguity=1 same=19073 tree-difference=3
[20409/100000] reference-disagreement wide:trailing-closure:raw:real:ParserDiagnosticMessages:30 len=286 artifacts=42 advent-overaccept=32 advent-underaccept=7 reference-disagreement=1282 residual-ambiguity=1 same=19084 tree-difference=3
[20423/100000] reference-disagreement wide:closure:duplicate+delete:phase4-precedence:pg-empty len=42 artifacts=42 advent-overaccept=32 advent-underaccept=7 reference-disagreement=1283 residual-ambiguity=1 same=19097 tree-difference=3
[20427/100000] reference-disagreement wide:closure:raw:real:SyntaxExpressibleByStringInterpolationConformances:34 len=94 artifacts=42 advent-overaccept=32 advent-underaccept=7 reference-disagreement=1284 residual-ambiguity=1 same=19100 tree-difference=3
[20430/100000] reference-disagreement wide:func-body:glue:declaration:testClassWithPrivateSet#1 len=93 artifacts=42 advent-overaccept=32 advent-underaccept=7 reference-disagreement=1285 residual-ambiguity=1 same=19102 tree-difference=3
[20442/100000] reference-disagreement wide:struct-member:line-comment:real:DeclSyntaxParseable:46+translated:testPoundAssert2#1 len=110 artifacts=42 advent-overaccept=32 advent-underaccept=7 reference-disagreement=1286 residual-ambiguity=1 same=19113 tree-difference=3
[20443/100000] reference-disagreement wide:closure:raw:real:SyntaxTraits:838+real:FunctionParameterUtils:19 len=693 artifacts=42 advent-overaccept=32 advent-underaccept=7 reference-disagreement=1287 residual-ambiguity=1 same=19113 tree-difference=3
[20455/100000] reference-disagreement wide:extension-member:raw:translated:testOperatorDeclDesignatedTypes10#1 len=58 artifacts=42 advent-overaccept=32 advent-underaccept=7 reference-disagreement=1288 residual-ambiguity=1 same=19124 tree-difference=3
[20478/100000] reference-disagreement wide:closure:line-comment:real:IdentifiableSyntax:46 len=131 artifacts=42 advent-overaccept=32 advent-underaccept=7 reference-disagreement=1289 residual-ambiguity=1 same=19146 tree-difference=3
[20492/100000] reference-disagreement wide:trailing-closure:delete+newline:translated:testDeprecatedWhere6#1+translated:testOperatorDeclDesignatedTypes4#1 len=167 artifacts=42 advent-overaccept=32 advent-underaccept=7 reference-disagreement=1290 residual-ambiguity=1 same=19159 tree-difference=3
[20497/100000] reference-disagreement wide:closure:newline:declaration:testVariableDeclarations#3 len=58 artifacts=42 advent-overaccept=32 advent-underaccept=7 reference-disagreement=1291 residual-ambiguity=1 same=19163 tree-difference=3
[20500/100000] reference-disagreement wide:func-body:space:phase4-pattern:suppressed-plus+real:StandardIOMessageConnection:168 len=420 artifacts=42 advent-overaccept=32 advent-underaccept=7 reference-disagreement=1292 residual-ambiguity=1 same=19165 tree-difference=3
[20514/100000] reference-disagreement wide:func-body:delete:real:ConvenienceInitializers:132 len=165 artifacts=42 advent-overaccept=32 advent-underaccept=7 reference-disagreement=1293 residual-ambiguity=1 same=19178 tree-difference=3
[20523/100000] reference-disagreement wide:closure:keyword+newline:phase4-available:avail-renamed len=75 artifacts=42 advent-overaccept=32 advent-underaccept=7 reference-disagreement=1294 residual-ambiguity=1 same=19186 tree-difference=3
[20577/100000] reference-disagreement grammarish-member-list len=277 artifacts=42 advent-overaccept=32 advent-underaccept=7 reference-disagreement=1295 residual-ambiguity=1 same=19239 tree-difference=3
[20615/100000] reference-disagreement attribute-ifconfig-elseif-list len=112 artifacts=42 advent-overaccept=32 advent-underaccept=7 reference-disagreement=1296 residual-ambiguity=1 same=19276 tree-difference=3
[20682/100000] reference-disagreement wide:trailing-closure:block-comment+duplicate:phase4-string:raw-empty len=34 artifacts=42 advent-overaccept=32 advent-underaccept=7 reference-disagreement=1297 residual-ambiguity=1 same=19342 tree-difference=3
[20704/100000] reference-disagreement wide:func-body:space:real:Expressions:1877 len=379 artifacts=42 advent-overaccept=32 advent-underaccept=7 reference-disagreement=1298 residual-ambiguity=1 same=19363 tree-difference=3
[20724/100000] reference-disagreement tspl-divergence-protocol-body len=122 artifacts=42 advent-overaccept=32 advent-underaccept=7 reference-disagreement=1299 residual-ambiguity=1 same=19382 tree-difference=3
[20741/100000] reference-disagreement attribute-ifconfig-elseif-list len=123 artifacts=42 advent-overaccept=32 advent-underaccept=7 reference-disagreement=1300 residual-ambiguity=1 same=19398 tree-difference=3
[20750/100000] same expr-let len=24 artifacts=42 advent-overaccept=32 advent-underaccept=7 reference-disagreement=1300 residual-ambiguity=1 same=19407 tree-difference=3
[20796/100000] reference-disagreement wide:extension-member:newline:real:TriviaPieces:251 len=54 artifacts=42 advent-overaccept=32 advent-underaccept=7 reference-disagreement=1301 residual-ambiguity=1 same=19452 tree-difference=3
[20805/100000] reference-disagreement wide:closure:raw:real:BodyMacro:51 len=273 artifacts=42 advent-overaccept=32 advent-underaccept=7 reference-disagreement=1302 residual-ambiguity=1 same=19460 tree-difference=3
[20820/100000] reference-disagreement member-list-wide-boundary len=287 artifacts=42 advent-overaccept=32 advent-underaccept=7 reference-disagreement=1303 residual-ambiguity=1 same=19474 tree-difference=3
[20841/100000] reference-disagreement wide:closure:glue:translated:testConflictMarkers9#1+translated:testOptionalChainLvalues5#1 len=290 artifacts=42 advent-overaccept=32 advent-underaccept=7 reference-disagreement=1304 residual-ambiguity=1 same=19494 tree-difference=3
[20850/100000] reference-disagreement wide:trailing-closure:raw:real:Attributes:993 len=957 artifacts=42 advent-overaccept=32 advent-underaccept=7 reference-disagreement=1305 residual-ambiguity=1 same=19502 tree-difference=3
[20856/100000] reference-disagreement wide:func-body:raw:real:SyntaxNodeWithBody:88 len=323 artifacts=42 advent-overaccept=32 advent-underaccept=7 reference-disagreement=1306 residual-ambiguity=1 same=19507 tree-difference=3
[20870/100000] reference-disagreement wide:trailing-closure:raw:real:SyntaxBaseNodes:1062 len=680 artifacts=42 advent-overaccept=32 advent-underaccept=7 reference-disagreement=1307 residual-ambiguity=1 same=19520 tree-difference=3
[20875/100000] reference-disagreement wide:trailing-closure:raw:attribute:testBackDeployed#6 len=126 artifacts=42 advent-overaccept=32 advent-underaccept=7 reference-disagreement=1308 residual-ambiguity=1 same=19524 tree-difference=3
[20883/100000] reference-disagreement wide:top:duplicate+block-comment+newline:real:IsValidIdentifier:22 len=960 artifacts=42 advent-overaccept=32 advent-underaccept=7 reference-disagreement=1309 residual-ambiguity=1 same=19531 tree-difference=3
[20899/100000] reference-disagreement tspl-divergence-protocol-body len=180 artifacts=42 advent-overaccept=32 advent-underaccept=7 reference-disagreement=1310 residual-ambiguity=1 same=19546 tree-difference=3
[20900/100000] reference-disagreement wide:trailing-closure:raw:real:WithGenericParametersScopeSyntax:15+phase4-type:tuple-type-label len=364 artifacts=42 advent-overaccept=32 advent-underaccept=7 reference-disagreement=1311 residual-ambiguity=1 same=19546 tree-difference=3
[20928/100000] reference-disagreement keypath-boundary len=44 artifacts=42 advent-overaccept=32 advent-underaccept=7 reference-disagreement=1312 residual-ambiguity=1 same=19573 tree-difference=3
[20929/100000] reference-disagreement binding-pattern len=458 artifacts=42 advent-overaccept=32 advent-underaccept=7 reference-disagreement=1313 residual-ambiguity=1 same=19573 tree-difference=3
[20963/100000] reference-disagreement wide:closure:raw:real:ScopeImplementations:91 len=929 artifacts=42 advent-overaccept=32 advent-underaccept=7 reference-disagreement=1314 residual-ambiguity=1 same=19606 tree-difference=3
[20964/100000] reference-disagreement wide:extension-member:keyword:real:Syntax+StringInterpolation:334 len=429 artifacts=42 advent-overaccept=32 advent-underaccept=7 reference-disagreement=1315 residual-ambiguity=1 same=19606 tree-difference=3
[20987/100000] reference-disagreement tspl-divergence-protocol-body len=164 artifacts=42 advent-overaccept=32 advent-underaccept=7 reference-disagreement=1316 residual-ambiguity=1 same=19628 tree-difference=3
[21000/100000] same wide:struct-member:delete+swap:translated:testCompositionTypeExpr#2+phase2-infix:compare len=38 artifacts=42 advent-overaccept=32 advent-underaccept=7 reference-disagreement=1316 residual-ambiguity=1 same=19641 tree-difference=3
[21024/100000] reference-disagreement nested-ifconfig-boundary len=163 artifacts=42 advent-overaccept=32 advent-underaccept=7 reference-disagreement=1317 residual-ambiguity=1 same=19664 tree-difference=3
[21039/100000] reference-disagreement cast-try-operator-cluster len=24 artifacts=42 advent-overaccept=32 advent-underaccept=7 reference-disagreement=1318 residual-ambiguity=1 same=19678 tree-difference=3
[21042/100000] reference-disagreement tspl-divergence-protocol-body len=136 artifacts=42 advent-overaccept=32 advent-underaccept=7 reference-disagreement=1319 residual-ambiguity=1 same=19680 tree-difference=3
[21044/100000] reference-disagreement wide:closure:block-comment+glue+newline:real:ResultBuilders:715 len=132 artifacts=42 advent-overaccept=32 advent-underaccept=7 reference-disagreement=1320 residual-ambiguity=1 same=19681 tree-difference=3
[21049/100000] reference-disagreement wide:top:space:translated:testInitDeinit28#1 len=45 artifacts=42 advent-overaccept=32 advent-underaccept=7 reference-disagreement=1321 residual-ambiguity=1 same=19685 tree-difference=3
[21073/100000] reference-disagreement wide:trailing-closure:newline+splice:real:SyntaxTraits:664 len=725 artifacts=42 advent-overaccept=32 advent-underaccept=7 reference-disagreement=1322 residual-ambiguity=1 same=19708 tree-difference=3
[21092/100000] reference-disagreement attribute-ifconfig-elseif-list len=117 artifacts=42 advent-overaccept=32 advent-underaccept=7 reference-disagreement=1323 residual-ambiguity=1 same=19726 tree-difference=3
[21096/100000] reference-disagreement wide:extension-member:raw:real:SyntaxProtocol+Initializer:104 len=530 artifacts=42 advent-overaccept=32 advent-underaccept=7 reference-disagreement=1324 residual-ambiguity=1 same=19729 tree-difference=3
[21102/100000] reference-disagreement grammarish-member-list len=218 artifacts=42 advent-overaccept=32 advent-underaccept=7 reference-disagreement=1325 residual-ambiguity=1 same=19734 tree-difference=3
[21117/100000] reference-disagreement cast-try-operator-cluster len=24 artifacts=42 advent-overaccept=32 advent-underaccept=7 reference-disagreement=1326 residual-ambiguity=1 same=19748 tree-difference=3
[21162/100000] reference-disagreement keypath-boundary len=40 artifacts=42 advent-overaccept=32 advent-underaccept=7 reference-disagreement=1327 residual-ambiguity=1 same=19792 tree-difference=3
[21168/100000] reference-disagreement wide:closure:glue+line-comment+space:phase2-postfix:subscript+real:SyntaxTraits:812 len=89 artifacts=42 advent-overaccept=32 advent-underaccept=7 reference-disagreement=1328 residual-ambiguity=1 same=19797 tree-difference=3
[21175/100000] reference-disagreement wide:func-body:raw:real:Indenter:19 len=608 artifacts=42 advent-overaccept=32 advent-underaccept=7 reference-disagreement=1329 residual-ambiguity=1 same=19803 tree-difference=3
[21204/100000] reference-disagreement wide:trailing-closure:space:real:SyntaxTraits:758 len=159 artifacts=42 advent-overaccept=32 advent-underaccept=7 reference-disagreement=1330 residual-ambiguity=1 same=19831 tree-difference=3
[21210/100000] reference-disagreement wide:top:keyword:statement:testYield#2 len=467 artifacts=42 advent-overaccept=32 advent-underaccept=7 reference-disagreement=1331 residual-ambiguity=1 same=19836 tree-difference=3
[21214/100000] reference-disagreement keypath-boundary len=40 artifacts=42 advent-overaccept=32 advent-underaccept=7 reference-disagreement=1332 residual-ambiguity=1 same=19839 tree-difference=3
[21250/100000] same frontier:statement-member-context len=168 artifacts=42 advent-overaccept=32 advent-underaccept=7 reference-disagreement=1332 residual-ambiguity=1 same=19875 tree-difference=3
[21259/100000] reference-disagreement wide:extension-member:raw:declaration:testModifiedParameter#4 len=99 artifacts=42 advent-overaccept=32 advent-underaccept=7 reference-disagreement=1333 residual-ambiguity=1 same=19883 tree-difference=3
[21261/100000] reference-disagreement tspl-divergence-protocol-body len=174 artifacts=42 advent-overaccept=32 advent-underaccept=7 reference-disagreement=1334 residual-ambiguity=1 same=19884 tree-difference=3
[21263/100000] reference-disagreement wide:closure:newline:real:SwiftVersion:13 len=165 artifacts=42 advent-overaccept=32 advent-underaccept=7 reference-disagreement=1335 residual-ambiguity=1 same=19885 tree-difference=3
[21300/100000] reference-disagreement tspl-divergence-protocol-body len=102 artifacts=42 advent-overaccept=32 advent-underaccept=7 reference-disagreement=1336 residual-ambiguity=1 same=19921 tree-difference=3
[21301/100000] reference-disagreement wide:closure:newline:translated:testUnclosedStringInterpolation1#1+real:Syntax+StringInterpolation:472 len=114 artifacts=42 advent-overaccept=32 advent-underaccept=7 reference-disagreement=1337 residual-ambiguity=1 same=19921 tree-difference=3
[21302/100000] reference-disagreement tspl-divergence-accessor-commitment len=78 artifacts=42 advent-overaccept=32 advent-underaccept=7 reference-disagreement=1338 residual-ambiguity=1 same=19921 tree-difference=3
[21344/100000] reference-disagreement member-list-wide-boundary len=173 artifacts=42 advent-overaccept=32 advent-underaccept=7 reference-disagreement=1339 residual-ambiguity=1 same=19962 tree-difference=3
[21397/100000] reference-disagreement wide:struct-member:splice:real:ScopeImplementations:64 len=746 artifacts=42 advent-overaccept=32 advent-underaccept=7 reference-disagreement=1340 residual-ambiguity=1 same=20014 tree-difference=3
[21420/100000] reference-disagreement cast-try-operator-cluster len=24 artifacts=42 advent-overaccept=32 advent-underaccept=7 reference-disagreement=1341 residual-ambiguity=1 same=20036 tree-difference=3
[21444/100000] reference-disagreement wide:trailing-closure:raw:real:SyntaxExpressibleByStringInterpolationConformances:181 len=165 artifacts=42 advent-overaccept=32 advent-underaccept=7 reference-disagreement=1342 residual-ambiguity=1 same=20059 tree-difference=3
[21446/100000] reference-disagreement attribute-boundary len=34 artifacts=42 advent-overaccept=32 advent-underaccept=7 reference-disagreement=1343 residual-ambiguity=1 same=20060 tree-difference=3
[21466/100000] reference-disagreement wide:extension-member:raw:real:SyntaxBaseNodes:1346+translated:testEnum45#1 len=860 artifacts=42 advent-overaccept=32 advent-underaccept=7 reference-disagreement=1344 residual-ambiguity=1 same=20079 tree-difference=3
[21471/100000] reference-disagreement wide:func-body:newline+swap+splice:real:Parser:449 len=1079 artifacts=42 advent-overaccept=32 advent-underaccept=7 reference-disagreement=1345 residual-ambiguity=1 same=20083 tree-difference=3
[21475/100000] reference-disagreement wide:closure:duplicate:declaration:observer-with-initializer-willSet len=55 artifacts=42 advent-overaccept=32 advent-underaccept=7 reference-disagreement=1346 residual-ambiguity=1 same=20086 tree-difference=3
[21488/100000] reference-disagreement wide:closure:raw:real:SyntaxTraits:794 len=93 artifacts=42 advent-overaccept=32 advent-underaccept=7 reference-disagreement=1347 residual-ambiguity=1 same=20098 tree-difference=3
[21493/100000] reference-disagreement wide:struct-member:line-comment+newline+line-comment:real:ResultBuilders:570 len=242 artifacts=42 advent-overaccept=32 advent-underaccept=7 reference-disagreement=1348 residual-ambiguity=1 same=20102 tree-difference=3
[21500/100000] same wide:after-statement:block-comment+newline+newline:phase2-literal:tuple-two len=39 artifacts=42 advent-overaccept=32 advent-underaccept=7 reference-disagreement=1348 residual-ambiguity=1 same=20109 tree-difference=3
[21551/100000] reference-disagreement wide:func-body:keyword:real:ResultBuilders:642 len=384 artifacts=42 advent-overaccept=32 advent-underaccept=7 reference-disagreement=1349 residual-ambiguity=1 same=20159 tree-difference=3
[21557/100000] reference-disagreement keypath-boundary len=36 artifacts=42 advent-overaccept=32 advent-underaccept=7 reference-disagreement=1350 residual-ambiguity=1 same=20164 tree-difference=3
[21570/100000] reference-disagreement wide:closure:line-comment:real:Utils:19 len=335 artifacts=42 advent-overaccept=32 advent-underaccept=7 reference-disagreement=1351 residual-ambiguity=1 same=20176 tree-difference=3
[21572/100000] reference-disagreement member-list-wide-boundary len=253 artifacts=42 advent-overaccept=32 advent-underaccept=7 reference-disagreement=1352 residual-ambiguity=1 same=20177 tree-difference=3
[21573/100000] reference-disagreement wide:func-body:raw:expression:testObjectLiterals#1+translated:testEffectfulProperties8#1 len=248 artifacts=42 advent-overaccept=32 advent-underaccept=7 reference-disagreement=1353 residual-ambiguity=1 same=20177 tree-difference=3
[21578/100000] reference-disagreement wide:trailing-closure:raw:attribute:testABIAttribute#16 len=93 artifacts=42 advent-overaccept=32 advent-underaccept=7 reference-disagreement=1354 residual-ambiguity=1 same=20181 tree-difference=3
[21588/100000] reference-disagreement tspl-divergence-protocol-body len=193 artifacts=42 advent-overaccept=32 advent-underaccept=7 reference-disagreement=1355 residual-ambiguity=1 same=20190 tree-difference=3
[21599/100000] reference-disagreement wide:struct-member:glue+newline:phase4-import:import-kind+translated:testInitDeinit13#1 len=91 artifacts=42 advent-overaccept=32 advent-underaccept=7 reference-disagreement=1356 residual-ambiguity=1 same=20200 tree-difference=3
[21663/100000] reference-disagreement attribute-ifconfig-elseif-list len=122 artifacts=42 advent-overaccept=32 advent-underaccept=7 reference-disagreement=1357 residual-ambiguity=1 same=20263 tree-difference=3
[21672/100000] reference-disagreement tspl-divergence-protocol-body len=168 artifacts=42 advent-overaccept=32 advent-underaccept=7 reference-disagreement=1358 residual-ambiguity=1 same=20271 tree-difference=3
[21677/100000] reference-disagreement keypath-boundary len=38 artifacts=42 advent-overaccept=32 advent-underaccept=7 reference-disagreement=1359 residual-ambiguity=1 same=20275 tree-difference=3
[21681/100000] reference-disagreement wide:closure:raw:real:SyntaxCollections:1194 len=520 artifacts=42 advent-overaccept=32 advent-underaccept=7 reference-disagreement=1360 residual-ambiguity=1 same=20278 tree-difference=3
[21686/100000] reference-disagreement wide:trailing-closure:newline:real:ResultBuilders:193+real:MissingNodesError:235 len=627 artifacts=42 advent-overaccept=32 advent-underaccept=7 reference-disagreement=1361 residual-ambiguity=1 same=20282 tree-difference=3
[21698/100000] reference-disagreement wide:closure:glue+newline+block-comment:real:MacroExpansionContext:86 len=1012 artifacts=42 advent-overaccept=32 advent-underaccept=7 reference-disagreement=1362 residual-ambiguity=1 same=20293 tree-difference=3
[21699/100000] reference-disagreement tspl-divergence-protocol-body len=211 artifacts=42 advent-overaccept=32 advent-underaccept=7 reference-disagreement=1363 residual-ambiguity=1 same=20293 tree-difference=3
[21740/100000] reference-disagreement attribute-ifconfig-elseif-list len=122 artifacts=42 advent-overaccept=32 advent-underaccept=7 reference-disagreement=1364 residual-ambiguity=1 same=20333 tree-difference=3
[21750/100000] same ifconfig-boundary len=24 artifacts=42 advent-overaccept=32 advent-underaccept=7 reference-disagreement=1364 residual-ambiguity=1 same=20343 tree-difference=3
[21758/100000] reference-disagreement statement-list len=514 artifacts=42 advent-overaccept=32 advent-underaccept=7 reference-disagreement=1365 residual-ambiguity=1 same=20350 tree-difference=3
[21768/100000] reference-disagreement wide:closure:duplicate:real:SyntaxExpressibleByStringInterpolationConformances:133 len=99 artifacts=42 advent-overaccept=32 advent-underaccept=7 reference-disagreement=1366 residual-ambiguity=1 same=20359 tree-difference=3
[21778/100000] reference-disagreement tspl-divergence-protocol-body len=136 artifacts=42 advent-overaccept=32 advent-underaccept=7 reference-disagreement=1367 residual-ambiguity=1 same=20368 tree-difference=3
[21787/100000] reference-disagreement wide:struct-member:block-comment:real:SyntaxClassifier:45 len=587 artifacts=42 advent-overaccept=32 advent-underaccept=7 reference-disagreement=1368 residual-ambiguity=1 same=20376 tree-difference=3
[21791/100000] tree-difference wide:trailing-closure:line-comment:type:testMultiline#1 len=37 artifacts=43 advent-overaccept=32 advent-underaccept=7 reference-disagreement=1368 residual-ambiguity=1 same=20379 tree-difference=4
[21807/100000] reference-disagreement attribute-ifconfig-elseif-list len=112 artifacts=43 advent-overaccept=32 advent-underaccept=7 reference-disagreement=1369 residual-ambiguity=1 same=20394 tree-difference=4
[21810/100000] reference-disagreement ifconfig-member-context-boundary len=89 artifacts=43 advent-overaccept=32 advent-underaccept=7 reference-disagreement=1370 residual-ambiguity=1 same=20396 tree-difference=4
[21822/100000] reference-disagreement attribute-ifconfig-elseif-list len=134 artifacts=43 advent-overaccept=32 advent-underaccept=7 reference-disagreement=1371 residual-ambiguity=1 same=20407 tree-difference=4
[21840/100000] reference-disagreement keypath-boundary len=38 artifacts=43 advent-overaccept=32 advent-underaccept=7 reference-disagreement=1372 residual-ambiguity=1 same=20424 tree-difference=4
[21848/100000] reference-disagreement wide:extension-member:line-comment+block-comment+newline:translated:testEnum83#1 len=64 artifacts=43 advent-overaccept=32 advent-underaccept=7 reference-disagreement=1373 residual-ambiguity=1 same=20431 tree-difference=4
[21859/100000] reference-disagreement keypath-boundary len=38 artifacts=43 advent-overaccept=32 advent-underaccept=7 reference-disagreement=1374 residual-ambiguity=1 same=20441 tree-difference=4
[21863/100000] reference-disagreement wide:closure:raw:real:SyntaxTraits:614 len=431 artifacts=43 advent-overaccept=32 advent-underaccept=7 reference-disagreement=1375 residual-ambiguity=1 same=20444 tree-difference=4
[21864/100000] reference-disagreement wide:after-statement:keyword+newline:attribute:testDifferentiableAttribute#1 len=139 artifacts=43 advent-overaccept=32 advent-underaccept=7 reference-disagreement=1376 residual-ambiguity=1 same=20444 tree-difference=4
[21866/100000] reference-disagreement wide:trailing-closure:block-comment+swap+space:real:SyntaxNodeWithBody:74 len=512 artifacts=43 advent-overaccept=32 advent-underaccept=7 reference-disagreement=1377 residual-ambiguity=1 same=20445 tree-difference=4
[21884/100000] reference-disagreement tspl-divergence-accessor-commitment len=49 artifacts=43 advent-overaccept=32 advent-underaccept=7 reference-disagreement=1378 residual-ambiguity=1 same=20462 tree-difference=4
[21908/100000] reference-disagreement binding-pattern len=458 artifacts=43 advent-overaccept=32 advent-underaccept=7 reference-disagreement=1379 residual-ambiguity=1 same=20485 tree-difference=4
[21909/100000] reference-disagreement wide:before-statement:glue:expression:testBorrowExpression#2 len=33 artifacts=43 advent-overaccept=32 advent-underaccept=7 reference-disagreement=1380 residual-ambiguity=1 same=20485 tree-difference=4
[21910/100000] reference-disagreement wide:closure:raw:translated:testMultilineString6#1+declaration:testModifiedParameter#1 len=88 artifacts=43 advent-overaccept=32 advent-underaccept=7 reference-disagreement=1381 residual-ambiguity=1 same=20485 tree-difference=4
[21924/100000] reference-disagreement wide:closure:raw:real:WarningControlDeclSyntax:55 len=395 artifacts=43 advent-overaccept=32 advent-underaccept=7 reference-disagreement=1382 residual-ambiguity=1 same=20498 tree-difference=4
[21979/100000] reference-disagreement tspl-divergence-protocol-body len=196 artifacts=43 advent-overaccept=32 advent-underaccept=7 reference-disagreement=1383 residual-ambiguity=1 same=20552 tree-difference=4
[22000/100000] same wide:closure:space+glue+swap:translated:testForwardSlashRegex43#1+reject:testForwardSlashRegex38#1 len=78 artifacts=43 advent-overaccept=32 advent-underaccept=7 reference-disagreement=1383 residual-ambiguity=1 same=20573 tree-difference=4
[22026/100000] reference-disagreement tspl-divergence-accessor-commitment len=78 artifacts=43 advent-overaccept=32 advent-underaccept=7 reference-disagreement=1384 residual-ambiguity=1 same=20598 tree-difference=4
[22045/100000] reference-disagreement wide:trailing-closure:raw:translated:testTupleTypeExpr#18+real:MacroExpansionDiagnosticMessages:81 len=351 artifacts=43 advent-overaccept=32 advent-underaccept=7 reference-disagreement=1385 residual-ambiguity=1 same=20616 tree-difference=4
[22049/100000] reference-disagreement wide:struct-member:newline:translated:testInitDeinit21#1 len=56 artifacts=43 advent-overaccept=32 advent-underaccept=7 reference-disagreement=1386 residual-ambiguity=1 same=20619 tree-difference=4
[22064/100000] reference-disagreement wide:extension-member:keyword:real:LayoutNodes+Parsable:111 len=199 artifacts=43 advent-overaccept=32 advent-underaccept=7 reference-disagreement=1387 residual-ambiguity=1 same=20633 tree-difference=4
[22066/100000] reference-disagreement wide:func-body:space+line-comment:real:MissingNodeInitializers:58 len=149 artifacts=43 advent-overaccept=32 advent-underaccept=7 reference-disagreement=1388 residual-ambiguity=1 same=20634 tree-difference=4
[22070/100000] reference-disagreement wide:extension-member:line-comment:real:SyntaxEnum:1291+real:SyntaxTraits:553 len=1604 artifacts=43 advent-overaccept=32 advent-underaccept=7 reference-disagreement=1389 residual-ambiguity=1 same=20637 tree-difference=4
[22091/100000] reference-disagreement tspl-divergence-accessor-commitment len=49 artifacts=43 advent-overaccept=32 advent-underaccept=7 reference-disagreement=1390 residual-ambiguity=1 same=20657 tree-difference=4
[22107/100000] reference-disagreement wide:ifconfig:raw:attribute:testABIAttribute#12 len=40 artifacts=43 advent-overaccept=32 advent-underaccept=7 reference-disagreement=1391 residual-ambiguity=1 same=20672 tree-difference=4
[22109/100000] reference-disagreement wide:struct-member:raw:real:SyntaxTraits:772 len=78 artifacts=43 advent-overaccept=32 advent-underaccept=7 reference-disagreement=1392 residual-ambiguity=1 same=20673 tree-difference=4
[22111/100000] reference-disagreement wide:trailing-closure:raw:real:SyntaxComparison:28+translated:testIdentifiers1#1 len=710 artifacts=43 advent-overaccept=32 advent-underaccept=7 reference-disagreement=1393 residual-ambiguity=1 same=20674 tree-difference=4
[22143/100000] reference-disagreement wide:extension-member:raw:real:DeclSyntaxParseable:25 len=712 artifacts=43 advent-overaccept=32 advent-underaccept=7 reference-disagreement=1394 residual-ambiguity=1 same=20705 tree-difference=4
[22167/100000] reference-disagreement attribute-ifconfig-elseif-list len=134 artifacts=43 advent-overaccept=32 advent-underaccept=7 reference-disagreement=1395 residual-ambiguity=1 same=20728 tree-difference=4
[22172/100000] reference-disagreement cast-try-operator-cluster len=24 artifacts=43 advent-overaccept=32 advent-underaccept=7 reference-disagreement=1396 residual-ambiguity=1 same=20732 tree-difference=4
[22197/100000] reference-disagreement wide:func-body:line-comment:expression:testTrailingCommasInTypeExpressions#1+real:MacroSystem:1512 len=1049 artifacts=43 advent-overaccept=32 advent-underaccept=7 reference-disagreement=1397 residual-ambiguity=1 same=20756 tree-difference=4
[22250/100000] same frontier:generic-member-type-shape len=277 artifacts=43 advent-overaccept=32 advent-underaccept=7 reference-disagreement=1397 residual-ambiguity=1 same=20809 tree-difference=4
[22257/100000] reference-disagreement wide:func-body:space+space+block-comment:real:RawSyntax:947 len=240 artifacts=43 advent-overaccept=32 advent-underaccept=7 reference-disagreement=1398 residual-ambiguity=1 same=20815 tree-difference=4
[22287/100000] reference-disagreement wide:trailing-closure:block-comment:real:SyntaxClassifier:19 len=481 artifacts=43 advent-overaccept=32 advent-underaccept=7 reference-disagreement=1399 residual-ambiguity=1 same=20844 tree-difference=4
[22307/100000] reference-disagreement member-list-wide-boundary len=323 artifacts=43 advent-overaccept=32 advent-underaccept=7 reference-disagreement=1400 residual-ambiguity=1 same=20863 tree-difference=4
[22335/100000] reference-disagreement wide:extension-member:glue:real:LoopProgressCondition:45+real:Trivia:203 len=897 artifacts=43 advent-overaccept=32 advent-underaccept=7 reference-disagreement=1401 residual-ambiguity=1 same=20890 tree-difference=4
[22337/100000] reference-disagreement wide:closure:splice+space:real:SyntaxTraits:780 len=80 artifacts=43 advent-overaccept=32 advent-underaccept=7 reference-disagreement=1402 residual-ambiguity=1 same=20891 tree-difference=4
[22340/100000] reference-disagreement statement-list len=621 artifacts=43 advent-overaccept=32 advent-underaccept=7 reference-disagreement=1403 residual-ambiguity=1 same=20893 tree-difference=4
[22343/100000] reference-disagreement wide:struct-member:raw:real:ResultBuilders:388 len=208 artifacts=43 advent-overaccept=32 advent-underaccept=7 reference-disagreement=1404 residual-ambiguity=1 same=20895 tree-difference=4
[22356/100000] reference-disagreement tspl-divergence-accessor-commitment len=78 artifacts=43 advent-overaccept=32 advent-underaccept=7 reference-disagreement=1405 residual-ambiguity=1 same=20907 tree-difference=4
[22367/100000] reference-disagreement wide:top:glue+glue:declaration:testVariableDeclarations#11 len=45 artifacts=43 advent-overaccept=32 advent-underaccept=7 reference-disagreement=1406 residual-ambiguity=1 same=20917 tree-difference=4
[22380/100000] reference-disagreement wide:closure:glue+line-comment:real:SyntaxExpressibleByStringInterpolationConformances:223 len=91 artifacts=43 advent-overaccept=32 advent-underaccept=7 reference-disagreement=1407 residual-ambiguity=1 same=20929 tree-difference=4
[22420/100000] reference-disagreement wide:func-body:block-comment+space:real:ParserDiagnosticMessages:791 len=222 artifacts=43 advent-overaccept=32 advent-underaccept=7 reference-disagreement=1408 residual-ambiguity=1 same=20968 tree-difference=4
[22423/100000] reference-disagreement wide:closure:raw:translated:testEnum43#1+real:MacroExpansionDiagnosticMessages:19 len=211 artifacts=43 advent-overaccept=32 advent-underaccept=7 reference-disagreement=1409 residual-ambiguity=1 same=20970 tree-difference=4
[22448/100000] reference-disagreement wide:closure:raw:real:Syntax+Assertions:38+translated:testTypeExpr19#1 len=315 artifacts=43 advent-overaccept=32 advent-underaccept=7 reference-disagreement=1410 residual-ambiguity=1 same=20994 tree-difference=4
[22450/100000] reference-disagreement tspl-divergence-protocol-body len=123 artifacts=43 advent-overaccept=32 advent-underaccept=7 reference-disagreement=1411 residual-ambiguity=1 same=20995 tree-difference=4
[22455/100000] reference-disagreement wide:closure:raw:real:ParseSourceFile:145 len=452 artifacts=43 advent-overaccept=32 advent-underaccept=7 reference-disagreement=1412 residual-ambiguity=1 same=20999 tree-difference=4
[22486/100000] reference-disagreement member-list-wide-boundary len=322 artifacts=43 advent-overaccept=32 advent-underaccept=7 reference-disagreement=1413 residual-ambiguity=1 same=21029 tree-difference=4
[22492/100000] reference-disagreement wide:closure:newline:real:SyntaxText:198 len=1245 artifacts=43 advent-overaccept=32 advent-underaccept=7 reference-disagreement=1414 residual-ambiguity=1 same=21034 tree-difference=4
[22500/100000] same declaration-modifier-stack len=23 artifacts=43 advent-overaccept=32 advent-underaccept=7 reference-disagreement=1414 residual-ambiguity=1 same=21042 tree-difference=4
[22518/100000] reference-disagreement tspl-divergence-protocol-body len=186 artifacts=43 advent-overaccept=32 advent-underaccept=7 reference-disagreement=1415 residual-ambiguity=1 same=21059 tree-difference=4
[22534/100000] reference-disagreement grammarish-member-list len=229 artifacts=43 advent-overaccept=32 advent-underaccept=7 reference-disagreement=1416 residual-ambiguity=1 same=21074 tree-difference=4
[22535/100000] reference-disagreement keypath-component-matrix len=38 artifacts=43 advent-overaccept=32 advent-underaccept=7 reference-disagreement=1417 residual-ambiguity=1 same=21074 tree-difference=4
[22550/100000] reference-disagreement wide:extension-member:raw:real:SyntaxExpressibleByStringInterpolationConformances:154 len=181 artifacts=43 advent-overaccept=32 advent-underaccept=7 reference-disagreement=1418 residual-ambiguity=1 same=21088 tree-difference=4
[22552/100000] reference-disagreement wide:func-body:splice:real:SyntaxCollections:647 len=552 artifacts=43 advent-overaccept=32 advent-underaccept=7 reference-disagreement=1419 residual-ambiguity=1 same=21089 tree-difference=4
[22581/100000] reference-disagreement wide:closure:newline:real:JSONDecoding:437+real:AddSeparatorsToIntegerLiteral:39 len=1142 artifacts=43 advent-overaccept=32 advent-underaccept=7 reference-disagreement=1420 residual-ambiguity=1 same=21117 tree-difference=4
[22585/100000] reference-disagreement wide:top:space+line-comment+block-comment:reject:testCoroutineAccessors#1 len=85 artifacts=43 advent-overaccept=32 advent-underaccept=7 reference-disagreement=1421 residual-ambiguity=1 same=21120 tree-difference=4
[22589/100000] reference-disagreement wide:extension-member:keyword+glue+block-comment:real:ConvenienceInitializers:76+real:SyntaxTraits:700 len=291 artifacts=43 advent-overaccept=32 advent-underaccept=7 reference-disagreement=1422 residual-ambiguity=1 same=21123 tree-difference=4
[22592/100000] reference-disagreement wide:func-body:block-comment+block-comment:real:IsLexerClassified:139 len=511 artifacts=43 advent-overaccept=32 advent-underaccept=7 reference-disagreement=1423 residual-ambiguity=1 same=21125 tree-difference=4
[22593/100000] reference-disagreement wide:before-statement:glue+newline:declaration:testOpenVarInCodeBlockItemList#1 len=52 artifacts=43 advent-overaccept=32 advent-underaccept=7 reference-disagreement=1424 residual-ambiguity=1 same=21125 tree-difference=4
[22611/100000] reference-disagreement wide:trailing-closure:space:translated:testSwitch63#1 len=63 artifacts=43 advent-overaccept=32 advent-underaccept=7 reference-disagreement=1425 residual-ambiguity=1 same=21142 tree-difference=4
[22614/100000] reference-disagreement wide:struct-member:space+space:attribute:testImportAttributes#1 len=145 artifacts=43 advent-overaccept=32 advent-underaccept=7 reference-disagreement=1426 residual-ambiguity=1 same=21144 tree-difference=4
[22615/100000] reference-disagreement grammarish-member-list len=313 artifacts=43 advent-overaccept=32 advent-underaccept=7 reference-disagreement=1427 residual-ambiguity=1 same=21144 tree-difference=4
[22660/100000] reference-disagreement wide:closure:newline:translated:testForwardSlashRegex114#1+translated:testModuleSelectorIncorrectRuntimeBaseAttr#1 len=111 artifacts=43 advent-overaccept=32 advent-underaccept=7 reference-disagreement=1428 residual-ambiguity=1 same=21188 tree-difference=4
[22662/100000] reference-disagreement statement-list len=511 artifacts=43 advent-overaccept=32 advent-underaccept=7 reference-disagreement=1429 residual-ambiguity=1 same=21189 tree-difference=4
[22671/100000] reference-disagreement binding-pattern len=458 artifacts=43 advent-overaccept=32 advent-underaccept=7 reference-disagreement=1430 residual-ambiguity=1 same=21197 tree-difference=4
[22673/100000] reference-disagreement seed-corpus-wrapped:preconcurrency-import len=40 artifacts=43 advent-overaccept=32 advent-underaccept=7 reference-disagreement=1431 residual-ambiguity=1 same=21198 tree-difference=4
[22714/100000] reference-disagreement attribute-ifconfig-elseif-list len=129 artifacts=43 advent-overaccept=32 advent-underaccept=7 reference-disagreement=1432 residual-ambiguity=1 same=21238 tree-difference=4
[22721/100000] reference-disagreement wide:closure:space:translated:testOperatorDecl16#1 len=66 artifacts=43 advent-overaccept=32 advent-underaccept=7 reference-disagreement=1433 residual-ambiguity=1 same=21244 tree-difference=4
[22730/100000] reference-disagreement statement-list len=594 artifacts=43 advent-overaccept=32 advent-underaccept=7 reference-disagreement=1434 residual-ambiguity=1 same=21252 tree-difference=4
[22732/100000] reference-disagreement wide:func-body:newline:attribute:testSpiAttributeWithUnderscore#2+translated:testAvailabilityQuery36#1 len=171 artifacts=43 advent-overaccept=32 advent-underaccept=7 reference-disagreement=1435 residual-ambiguity=1 same=21253 tree-difference=4
[22750/100000] same wide:func-body:newline+line-comment+swap:statement:testClosureInsideIfCondition#1 len=40 artifacts=43 advent-overaccept=32 advent-underaccept=7 reference-disagreement=1435 residual-ambiguity=1 same=21271 tree-difference=4
[22778/100000] reference-disagreement wide:trailing-closure:raw:real:BasicMacroExpansionContext:141 len=295 artifacts=43 advent-overaccept=32 advent-underaccept=7 reference-disagreement=1436 residual-ambiguity=1 same=21298 tree-difference=4
[22806/100000] reference-disagreement wide:func-body:line-comment:real:SwiftSyntaxCompatibility:462 len=840 artifacts=43 advent-overaccept=32 advent-underaccept=7 reference-disagreement=1437 residual-ambiguity=1 same=21325 tree-difference=4
[22839/100000] reference-disagreement wide:closure:block-comment:real:CollectionNodes+Parsable:63 len=873 artifacts=43 advent-overaccept=32 advent-underaccept=7 reference-disagreement=1438 residual-ambiguity=1 same=21357 tree-difference=4
[22842/100000] reference-disagreement wide:trailing-closure:raw:real:SyntaxTraits:704 len=143 artifacts=43 advent-overaccept=32 advent-underaccept=7 reference-disagreement=1439 residual-ambiguity=1 same=21359 tree-difference=4
[22854/100000] advent-overaccept wide:func-body:newline:type:testLifetimeSpecifier#2 len=47 artifacts=44 advent-overaccept=33 advent-underaccept=7 reference-disagreement=1439 residual-ambiguity=1 same=21370 tree-difference=4
[22863/100000] reference-disagreement tspl-divergence-protocol-body len=200 artifacts=44 advent-overaccept=33 advent-underaccept=7 reference-disagreement=1440 residual-ambiguity=1 same=21378 tree-difference=4
[22892/100000] reference-disagreement wide:closure:block-comment+newline+newline:translated:testSubscripting17#1 len=73 artifacts=44 advent-overaccept=33 advent-underaccept=7 reference-disagreement=1441 residual-ambiguity=1 same=21406 tree-difference=4
[22894/100000] reference-disagreement grammarish-member-list len=249 artifacts=44 advent-overaccept=33 advent-underaccept=7 reference-disagreement=1442 residual-ambiguity=1 same=21407 tree-difference=4
[22896/100000] reference-disagreement wide:top:splice+keyword+delete:reject:testTypealias7#1 len=10 artifacts=44 advent-overaccept=33 advent-underaccept=7 reference-disagreement=1443 residual-ambiguity=1 same=21408 tree-difference=4
[22913/100000] reference-disagreement wide:struct-member:space:real:Syntax+StringInterpolation:472 len=92 artifacts=44 advent-overaccept=33 advent-underaccept=7 reference-disagreement=1444 residual-ambiguity=1 same=21424 tree-difference=4
[22930/100000] reference-disagreement wide:closure:raw:translated:testBuiltinBridgeObject4#1+real:SyntaxTraits:760 len=239 artifacts=44 advent-overaccept=33 advent-underaccept=7 reference-disagreement=1445 residual-ambiguity=1 same=21440 tree-difference=4
[22956/100000] reference-disagreement wide:func-body:line-comment:real:IndentationUtils:64 len=462 artifacts=44 advent-overaccept=33 advent-underaccept=7 reference-disagreement=1446 residual-ambiguity=1 same=21465 tree-difference=4
[22972/100000] reference-disagreement tspl-divergence-protocol-body len=194 artifacts=44 advent-overaccept=33 advent-underaccept=7 reference-disagreement=1447 residual-ambiguity=1 same=21480 tree-difference=4
[22973/100000] reference-disagreement attribute-ifconfig-elseif-list len=122 artifacts=44 advent-overaccept=33 advent-underaccept=7 reference-disagreement=1448 residual-ambiguity=1 same=21480 tree-difference=4
[22982/100000] reference-disagreement grammarish-member-list len=305 artifacts=44 advent-overaccept=33 advent-underaccept=7 reference-disagreement=1449 residual-ambiguity=1 same=21488 tree-difference=4
[22984/100000] reference-disagreement attribute-ifconfig-elseif-list len=113 artifacts=44 advent-overaccept=33 advent-underaccept=7 reference-disagreement=1450 residual-ambiguity=1 same=21489 tree-difference=4
[22986/100000] reference-disagreement nested-ifconfig-boundary len=117 artifacts=44 advent-overaccept=33 advent-underaccept=7 reference-disagreement=1451 residual-ambiguity=1 same=21490 tree-difference=4
[22990/100000] reference-disagreement wide:func-body:newline:translated:testOperatorDeclDesignatedTypes8#1 len=58 artifacts=44 advent-overaccept=33 advent-underaccept=7 reference-disagreement=1452 residual-ambiguity=1 same=21493 tree-difference=4
[23000/100000] same wide:trailing-closure:swap+duplicate:real:SyntaxCollections:460+real:SyntaxCollections:676 len=1011 artifacts=44 advent-overaccept=33 advent-underaccept=7 reference-disagreement=1452 residual-ambiguity=1 same=21503 tree-difference=4
[23003/100000] advent-overaccept wide:ifconfig:block-comment:real:SyntaxCollections:732 len=510 artifacts=45 advent-overaccept=34 advent-underaccept=7 reference-disagreement=1452 residual-ambiguity=1 same=21505 tree-difference=4
[23004/100000] advent-overaccept wide:func-body:newline:translated:testMultilineString26#1 len=158 artifacts=46 advent-overaccept=35 advent-underaccept=7 reference-disagreement=1452 residual-ambiguity=1 same=21505 tree-difference=4
[23009/100000] reference-disagreement tspl-divergence-protocol-body len=141 artifacts=46 advent-overaccept=35 advent-underaccept=7 reference-disagreement=1453 residual-ambiguity=1 same=21509 tree-difference=4
[23052/100000] reference-disagreement cast-try-operator-cluster len=24 artifacts=46 advent-overaccept=35 advent-underaccept=7 reference-disagreement=1454 residual-ambiguity=1 same=21551 tree-difference=4
[23061/100000] reference-disagreement wide:struct-member:raw:real:MissingNodeInitializers:83 len=237 artifacts=46 advent-overaccept=35 advent-underaccept=7 reference-disagreement=1455 residual-ambiguity=1 same=21559 tree-difference=4
[23089/100000] reference-disagreement tspl-divergence-protocol-body len=188 artifacts=46 advent-overaccept=35 advent-underaccept=7 reference-disagreement=1456 residual-ambiguity=1 same=21586 tree-difference=4
[23104/100000] reference-disagreement wide:closure:duplicate+newline:real:RenamedChildrenBuilderCompatibility:547 len=1150 artifacts=46 advent-overaccept=35 advent-underaccept=7 reference-disagreement=1457 residual-ambiguity=1 same=21600 tree-difference=4
[23120/100000] reference-disagreement wide:trailing-closure:block-comment:translated:testAsync16#1 len=47 artifacts=46 advent-overaccept=35 advent-underaccept=7 reference-disagreement=1458 residual-ambiguity=1 same=21615 tree-difference=4
[23123/100000] reference-disagreement wide:extension-member:newline:real:SyntaxExpressibleByStringInterpolationConformances:85 len=95 artifacts=46 advent-overaccept=35 advent-underaccept=7 reference-disagreement=1459 residual-ambiguity=1 same=21617 tree-difference=4
[23131/100000] reference-disagreement attribute-ifconfig-elseif-list len=117 artifacts=46 advent-overaccept=35 advent-underaccept=7 reference-disagreement=1460 residual-ambiguity=1 same=21624 tree-difference=4
[23138/100000] reference-disagreement wide:after-statement:glue+keyword+splice:real:Expressions:1853 len=670 artifacts=46 advent-overaccept=35 advent-underaccept=7 reference-disagreement=1461 residual-ambiguity=1 same=21630 tree-difference=4
[23140/100000] reference-disagreement wide:func-body:line-comment+newline:real:IdentifiableSyntax:46 len=125 artifacts=46 advent-overaccept=35 advent-underaccept=7 reference-disagreement=1462 residual-ambiguity=1 same=21631 tree-difference=4
[23141/100000] reference-disagreement declaration-modifier-stack len=34 artifacts=46 advent-overaccept=35 advent-underaccept=7 reference-disagreement=1463 residual-ambiguity=1 same=21631 tree-difference=4
[23158/100000] reference-disagreement wide:struct-member:newline:real:ResultBuilders:29 len=187 artifacts=46 advent-overaccept=35 advent-underaccept=7 reference-disagreement=1464 residual-ambiguity=1 same=21647 tree-difference=4
[23178/100000] reference-disagreement wide:func-body:space:real:CompilerPlugin:63 len=840 artifacts=46 advent-overaccept=35 advent-underaccept=7 reference-disagreement=1465 residual-ambiguity=1 same=21666 tree-difference=4
[23222/100000] reference-disagreement wide:func-body:splice+newline:real:ResultBuilders:633 len=172 artifacts=46 advent-overaccept=35 advent-underaccept=7 reference-disagreement=1466 residual-ambiguity=1 same=21709 tree-difference=4
[23238/100000] tree-difference wide:after-statement:space+newline+line-comment:translated:testGenericDisambiguation18#1 len=50 artifacts=47 advent-overaccept=35 advent-underaccept=7 reference-disagreement=1466 residual-ambiguity=1 same=21724 tree-difference=5
[23250/100000] same operator-boundary len=48 artifacts=47 advent-overaccept=35 advent-underaccept=7 reference-disagreement=1466 residual-ambiguity=1 same=21736 tree-difference=5
[23258/100000] reference-disagreement wide:closure:newline+glue:real:ResultBuilders:427 len=189 artifacts=47 advent-overaccept=35 advent-underaccept=7 reference-disagreement=1467 residual-ambiguity=1 same=21743 tree-difference=5
[23261/100000] reference-disagreement attribute-boundary len=37 artifacts=47 advent-overaccept=35 advent-underaccept=7 reference-disagreement=1468 residual-ambiguity=1 same=21745 tree-difference=5
[23270/100000] reference-disagreement wide:trailing-closure:raw:declaration:testPublicClass#1+translated:testRegexLikeOperator#1 len=60 artifacts=47 advent-overaccept=35 advent-underaccept=7 reference-disagreement=1469 residual-ambiguity=1 same=21753 tree-difference=5
[23274/100000] reference-disagreement wide:extension-member:duplicate:real:ResultBuilders:566 len=164 artifacts=47 advent-overaccept=35 advent-underaccept=7 reference-disagreement=1470 residual-ambiguity=1 same=21756 tree-difference=5
[23282/100000] reference-disagreement wide:ifconfig:newline+newline+glue:real:ApusParser:12 len=413 artifacts=47 advent-overaccept=35 advent-underaccept=7 reference-disagreement=1471 residual-ambiguity=1 same=21763 tree-difference=5
[23296/100000] reference-disagreement keypath-boundary len=38 artifacts=47 advent-overaccept=35 advent-underaccept=7 reference-disagreement=1472 residual-ambiguity=1 same=21776 tree-difference=5
[23307/100000] reference-disagreement wide:func-body:newline:real:WarningGroupControl:16 len=233 artifacts=47 advent-overaccept=35 advent-underaccept=7 reference-disagreement=1473 residual-ambiguity=1 same=21786 tree-difference=5
[23308/100000] reference-disagreement keypath-component-matrix len=59 artifacts=47 advent-overaccept=35 advent-underaccept=7 reference-disagreement=1474 residual-ambiguity=1 same=21786 tree-difference=5
[23326/100000] reference-disagreement grammarish-member-list len=139 artifacts=47 advent-overaccept=35 advent-underaccept=7 reference-disagreement=1475 residual-ambiguity=1 same=21803 tree-difference=5
[23332/100000] reference-disagreement wide:interpolation:block-comment:translated:testTypeExpr25p#1 len=55 artifacts=47 advent-overaccept=35 advent-underaccept=7 reference-disagreement=1476 residual-ambiguity=1 same=21808 tree-difference=5
[23337/100000] reference-disagreement wide:struct-member:duplicate:type:testOpaqueReturnTypes#1 len=117 artifacts=47 advent-overaccept=35 advent-underaccept=7 reference-disagreement=1477 residual-ambiguity=1 same=21812 tree-difference=5
[23357/100000] reference-disagreement keypath-boundary len=44 artifacts=47 advent-overaccept=35 advent-underaccept=7 reference-disagreement=1478 residual-ambiguity=1 same=21831 tree-difference=5
[23360/100000] reference-disagreement tspl-divergence-protocol-body len=236 artifacts=47 advent-overaccept=35 advent-underaccept=7 reference-disagreement=1479 residual-ambiguity=1 same=21833 tree-difference=5
[23405/100000] reference-disagreement wide:trailing-closure:newline+block-comment:real:SyntaxExpressibleByStringInterpolationConformances:127 len=163 artifacts=47 advent-overaccept=35 advent-underaccept=7 reference-disagreement=1480 residual-ambiguity=1 same=21877 tree-difference=5
[23408/100000] advent-overaccept wide:ifconfig:delete:declaration:testUsing#11 len=38 artifacts=48 advent-overaccept=36 advent-underaccept=7 reference-disagreement=1480 residual-ambiguity=1 same=21879 tree-difference=5
[23428/100000] reference-disagreement wide:top:duplicate+block-comment+line-comment:phase4-type:func-type len=35 artifacts=48 advent-overaccept=36 advent-underaccept=7 reference-disagreement=1481 residual-ambiguity=1 same=21898 tree-difference=5
[23432/100000] reference-disagreement wide:closure:newline:real:SyntaxTraits:698 len=86 artifacts=48 advent-overaccept=36 advent-underaccept=7 reference-disagreement=1482 residual-ambiguity=1 same=21901 tree-difference=5
[23434/100000] reference-disagreement ifconfig-member-context-boundary len=89 artifacts=48 advent-overaccept=36 advent-underaccept=7 reference-disagreement=1483 residual-ambiguity=1 same=21902 tree-difference=5
[23436/100000] reference-disagreement wide:after-statement:raw:translated:testModuleSelectorIncorrectRuntimeBaseAttr#1 len=79 artifacts=48 advent-overaccept=36 advent-underaccept=7 reference-disagreement=1484 residual-ambiguity=1 same=21903 tree-difference=5
[23444/100000] reference-disagreement wide:struct-member:raw:expression:testBorrowExpression#4 len=44 artifacts=48 advent-overaccept=36 advent-underaccept=7 reference-disagreement=1485 residual-ambiguity=1 same=21910 tree-difference=5
[23468/100000] reference-disagreement wide:func-body:raw:translated:testInvalid39#1+translated:testDiagnoseAvailability7#1 len=137 artifacts=48 advent-overaccept=36 advent-underaccept=7 reference-disagreement=1486 residual-ambiguity=1 same=21933 tree-difference=5
[23500/100000] same statement-control-boundary len=533 artifacts=48 advent-overaccept=36 advent-underaccept=7 reference-disagreement=1486 residual-ambiguity=1 same=21965 tree-difference=5
[23503/100000] reference-disagreement wide:ifconfig:keyword:real:SyntaxExpressibleByStringInterpolationConformances:25 len=65 artifacts=48 advent-overaccept=36 advent-underaccept=7 reference-disagreement=1487 residual-ambiguity=1 same=21967 tree-difference=5
[23559/100000] reference-disagreement wide:closure:newline+space:real:SyntaxTraits:828 len=74 artifacts=48 advent-overaccept=36 advent-underaccept=7 reference-disagreement=1488 residual-ambiguity=1 same=22022 tree-difference=5
[23585/100000] reference-disagreement wide:func-body:raw:real:IntegerLiteralUtilities:19 len=820 artifacts=48 advent-overaccept=36 advent-underaccept=7 reference-disagreement=1489 residual-ambiguity=1 same=22047 tree-difference=5
[23588/100000] reference-disagreement member-list-wide-boundary len=254 artifacts=48 advent-overaccept=36 advent-underaccept=7 reference-disagreement=1490 residual-ambiguity=1 same=22049 tree-difference=5
[23596/100000] reference-disagreement wide:top:space+line-comment+duplicate:declaration:testLiteralInitializerWithTrailingClosure#1 len=35 artifacts=48 advent-overaccept=36 advent-underaccept=7 reference-disagreement=1491 residual-ambiguity=1 same=22056 tree-difference=5
[23598/100000] reference-disagreement wide:func-body:raw:real:SyntaxExpressibleByStringInterpolationConformances:121 len=79 artifacts=48 advent-overaccept=36 advent-underaccept=7 reference-disagreement=1492 residual-ambiguity=1 same=22057 tree-difference=5
[23601/100000] reference-disagreement attribute-ifconfig-elseif-list len=136 artifacts=48 advent-overaccept=36 advent-underaccept=7 reference-disagreement=1493 residual-ambiguity=1 same=22059 tree-difference=5
[23615/100000] reference-disagreement grammarish-member-list len=303 artifacts=48 advent-overaccept=36 advent-underaccept=7 reference-disagreement=1494 residual-ambiguity=1 same=22072 tree-difference=5
[23637/100000] reference-disagreement attribute-ifconfig-elseif-list len=119 artifacts=48 advent-overaccept=36 advent-underaccept=7 reference-disagreement=1495 residual-ambiguity=1 same=22093 tree-difference=5
[23656/100000] reference-disagreement wide:trailing-closure:newline:real:SyntaxVisitor:18+real:ScopeImplementations:16 len=809 artifacts=48 advent-overaccept=36 advent-underaccept=7 reference-disagreement=1496 residual-ambiguity=1 same=22111 tree-difference=5
[23662/100000] reference-disagreement statement-list len=616 artifacts=48 advent-overaccept=36 advent-underaccept=7 reference-disagreement=1497 residual-ambiguity=1 same=22116 tree-difference=5
[23669/100000] reference-disagreement wide:ifconfig:glue+space:reject:testAvailabilityQueryUnavailability23#1 len=47 artifacts=48 advent-overaccept=36 advent-underaccept=7 reference-disagreement=1498 residual-ambiguity=1 same=22122 tree-difference=5
[23686/100000] reference-disagreement wide:extension-member:raw:real:SyntaxTraits:768 len=78 artifacts=48 advent-overaccept=36 advent-underaccept=7 reference-disagreement=1499 residual-ambiguity=1 same=22138 tree-difference=5
[23693/100000] reference-disagreement wide:extension-member:raw:translated:testOperatorDeclDesignatedTypes15#1 len=79 artifacts=48 advent-overaccept=36 advent-underaccept=7 reference-disagreement=1500 residual-ambiguity=1 same=22144 tree-difference=5
[23698/100000] reference-disagreement attribute-ifconfig-elseif-list len=148 artifacts=48 advent-overaccept=36 advent-underaccept=7 reference-disagreement=1501 residual-ambiguity=1 same=22148 tree-difference=5
[23714/100000] reference-disagreement declaration-modifier-stack len=34 artifacts=48 advent-overaccept=36 advent-underaccept=7 reference-disagreement=1502 residual-ambiguity=1 same=22163 tree-difference=5
[23750/100000] same regex-boundary len=65 artifacts=48 advent-overaccept=36 advent-underaccept=7 reference-disagreement=1502 residual-ambiguity=1 same=22199 tree-difference=5
[23755/100000] reference-disagreement attribute-ifconfig-elseif-list len=112 artifacts=48 advent-overaccept=36 advent-underaccept=7 reference-disagreement=1503 residual-ambiguity=1 same=22203 tree-difference=5
[23763/100000] reference-disagreement member-list-wide-boundary len=112 artifacts=48 advent-overaccept=36 advent-underaccept=7 reference-disagreement=1504 residual-ambiguity=1 same=22210 tree-difference=5
[23812/100000] advent-overaccept wide:closure:newline+line-comment+glue:type:testLifetimeSpecifier#4+expression:testKeypathExpression#12 len=82 artifacts=49 advent-overaccept=37 advent-underaccept=7 reference-disagreement=1504 residual-ambiguity=1 same=22258 tree-difference=5
[23826/100000] advent-overaccept wide:extension-member:line-comment:translated:testOperatorDeclDesignatedTypes19#1 len=68 artifacts=50 advent-overaccept=38 advent-underaccept=7 reference-disagreement=1504 residual-ambiguity=1 same=22271 tree-difference=5
[23827/100000] reference-disagreement grammarish-member-list len=320 artifacts=50 advent-overaccept=38 advent-underaccept=7 reference-disagreement=1505 residual-ambiguity=1 same=22271 tree-difference=5
[23834/100000] reference-disagreement wide:trailing-closure:space:real:SyntaxTraits:453 len=115 artifacts=50 advent-overaccept=38 advent-underaccept=7 reference-disagreement=1506 residual-ambiguity=1 same=22277 tree-difference=5
[23852/100000] reference-disagreement wide:trailing-closure:line-comment:real:SyntaxEditUtils:166+real:SyntaxExtensions:207 len=442 artifacts=50 advent-overaccept=38 advent-underaccept=7 reference-disagreement=1507 residual-ambiguity=1 same=22294 tree-difference=5
[23857/100000] reference-disagreement tspl-divergence-protocol-body len=102 artifacts=50 advent-overaccept=38 advent-underaccept=7 reference-disagreement=1508 residual-ambiguity=1 same=22298 tree-difference=5
[23869/100000] reference-disagreement wide:closure:swap+block-comment+block-comment:declaration:testModifiedParameter#7 len=86 artifacts=50 advent-overaccept=38 advent-underaccept=7 reference-disagreement=1509 residual-ambiguity=1 same=22309 tree-difference=5
[23870/100000] reference-disagreement grammarish-member-list len=276 artifacts=50 advent-overaccept=38 advent-underaccept=7 reference-disagreement=1510 residual-ambiguity=1 same=22309 tree-difference=5
[23877/100000] reference-disagreement tspl-divergence-protocol-body len=208 artifacts=50 advent-overaccept=38 advent-underaccept=7 reference-disagreement=1511 residual-ambiguity=1 same=22315 tree-difference=5
[23879/100000] reference-disagreement tspl-divergence-protocol-body len=243 artifacts=50 advent-overaccept=38 advent-underaccept=7 reference-disagreement=1512 residual-ambiguity=1 same=22316 tree-difference=5
[23889/100000] reference-disagreement wide:closure:raw:real:Utils:83+translated:testForwardSlashRegexSkippingAllowed13#1 len=931 artifacts=50 advent-overaccept=38 advent-underaccept=7 reference-disagreement=1513 residual-ambiguity=1 same=22325 tree-difference=5
[23899/100000] reference-disagreement wide:trailing-closure:raw:real:SyntaxCollections:1387 len=515 artifacts=50 advent-overaccept=38 advent-underaccept=7 reference-disagreement=1514 residual-ambiguity=1 same=22334 tree-difference=5
[23913/100000] reference-disagreement attribute-ifconfig-elseif-list len=137 artifacts=50 advent-overaccept=38 advent-underaccept=7 reference-disagreement=1515 residual-ambiguity=1 same=22347 tree-difference=5
[23914/100000] reference-disagreement wide:closure:raw:real:SyntaxExpressibleByStringInterpolationConformances:190 len=174 artifacts=50 advent-overaccept=38 advent-underaccept=7 reference-disagreement=1516 residual-ambiguity=1 same=22347 tree-difference=5
[23927/100000] reference-disagreement wide:closure:keyword+block-comment:real:SyntaxTraits:784 len=66 artifacts=50 advent-overaccept=38 advent-underaccept=7 reference-disagreement=1517 residual-ambiguity=1 same=22359 tree-difference=5
[23929/100000] reference-disagreement binding-pattern len=458 artifacts=50 advent-overaccept=38 advent-underaccept=7 reference-disagreement=1518 residual-ambiguity=1 same=22360 tree-difference=5
[23931/100000] reference-disagreement keypath-component-matrix len=55 artifacts=50 advent-overaccept=38 advent-underaccept=7 reference-disagreement=1519 residual-ambiguity=1 same=22361 tree-difference=5
[23943/100000] reference-disagreement wide:before-statement:splice:attribute:testAttributeMainActorClosure#1 len=35 artifacts=50 advent-overaccept=38 advent-underaccept=7 reference-disagreement=1520 residual-ambiguity=1 same=22372 tree-difference=5
[23969/100000] reference-disagreement wide:trailing-closure:newline+glue:declaration:testClassParsing#2 len=105 artifacts=50 advent-overaccept=38 advent-underaccept=7 reference-disagreement=1521 residual-ambiguity=1 same=22397 tree-difference=5
[23975/100000] reference-disagreement wide:func-body:raw:real:RefactoringProvider:33 len=782 artifacts=50 advent-overaccept=38 advent-underaccept=7 reference-disagreement=1522 residual-ambiguity=1 same=22402 tree-difference=5
[24000/100000] same wide:extension-member:glue+newline:reject:testRecovery171#1 len=53 artifacts=50 advent-overaccept=38 advent-underaccept=7 reference-disagreement=1522 residual-ambiguity=1 same=22427 tree-difference=5
[24004/100000] reference-disagreement cast-try-operator-cluster len=24 artifacts=50 advent-overaccept=38 advent-underaccept=7 reference-disagreement=1523 residual-ambiguity=1 same=22430 tree-difference=5
[24013/100000] reference-disagreement wide:trailing-closure:newline:real:SyntaxNodeWithBody:97 len=59 artifacts=50 advent-overaccept=38 advent-underaccept=7 reference-disagreement=1524 residual-ambiguity=1 same=22438 tree-difference=5
[24019/100000] reference-disagreement wide:struct-member:raw:real:ScopeImplementations:758 len=352 artifacts=50 advent-overaccept=38 advent-underaccept=7 reference-disagreement=1525 residual-ambiguity=1 same=22443 tree-difference=5
[24039/100000] reference-disagreement wide:trailing-closure:glue+newline+space:real:RefactoringProvider:105+real:SyntaxBaseNodes:1230 len=600 artifacts=50 advent-overaccept=38 advent-underaccept=7 reference-disagreement=1526 residual-ambiguity=1 same=22462 tree-difference=5
[24098/100000] reference-disagreement wide:top:newline+duplicate:translated:testMatchingPatterns28#1+real:SyntaxProtocol+Initializer:84 len=563 artifacts=50 advent-overaccept=38 advent-underaccept=7 reference-disagreement=1527 residual-ambiguity=1 same=22520 tree-difference=5
[24125/100000] reference-disagreement wide:trailing-closure:glue+space+line-comment:real:SyntaxTraits:850 len=76 artifacts=50 advent-overaccept=38 advent-underaccept=7 reference-disagreement=1528 residual-ambiguity=1 same=22546 tree-difference=5
[24126/100000] reference-disagreement keypath-boundary len=33 artifacts=50 advent-overaccept=38 advent-underaccept=7 reference-disagreement=1529 residual-ambiguity=1 same=22546 tree-difference=5
[24159/100000] reference-disagreement tspl-divergence-accessor-commitment len=78 artifacts=50 advent-overaccept=38 advent-underaccept=7 reference-disagreement=1530 residual-ambiguity=1 same=22578 tree-difference=5
[24160/100000] reference-disagreement wide:before-statement:raw:expression:testKeyPathMethodAndInitializers#6 len=54 artifacts=50 advent-overaccept=38 advent-underaccept=7 reference-disagreement=1531 residual-ambiguity=1 same=22578 tree-difference=5
[24175/100000] reference-disagreement member-list-wide-boundary len=221 artifacts=50 advent-overaccept=38 advent-underaccept=7 reference-disagreement=1532 residual-ambiguity=1 same=22592 tree-difference=5
[24182/100000] reference-disagreement declaration-modifier-stack len=34 artifacts=50 advent-overaccept=38 advent-underaccept=7 reference-disagreement=1533 residual-ambiguity=1 same=22598 tree-difference=5
[24185/100000] reference-disagreement wide:trailing-closure:raw:translated:testOperatorDecl11c#1+real:DeclSyntaxParseable:50 len=81 artifacts=50 advent-overaccept=38 advent-underaccept=7 reference-disagreement=1534 residual-ambiguity=1 same=22600 tree-difference=5
[24190/100000] reference-disagreement wide:extension-member:raw:real:BuildableNodes:1557 len=1266 artifacts=50 advent-overaccept=38 advent-underaccept=7 reference-disagreement=1535 residual-ambiguity=1 same=22604 tree-difference=5
[24192/100000] reference-disagreement member-list-wide-boundary len=397 artifacts=50 advent-overaccept=38 advent-underaccept=7 reference-disagreement=1536 residual-ambiguity=1 same=22605 tree-difference=5
[24198/100000] reference-disagreement nested-ifconfig-boundary len=113 artifacts=50 advent-overaccept=38 advent-underaccept=7 reference-disagreement=1537 residual-ambiguity=1 same=22610 tree-difference=5
[24219/100000] reference-disagreement wide:trailing-closure:raw:real:Trivia:132 len=189 artifacts=50 advent-overaccept=38 advent-underaccept=7 reference-disagreement=1538 residual-ambiguity=1 same=22630 tree-difference=5
[24250/100000] same wide:top:block-comment+space+line-comment:real:Oracle:276 len=42 artifacts=50 advent-overaccept=38 advent-underaccept=7 reference-disagreement=1538 residual-ambiguity=1 same=22661 tree-difference=5
[24258/100000] reference-disagreement tspl-divergence-accessor-commitment len=49 artifacts=50 advent-overaccept=38 advent-underaccept=7 reference-disagreement=1539 residual-ambiguity=1 same=22668 tree-difference=5
[24270/100000] reference-disagreement wide:trailing-closure:splice:real:LayoutNodes+Parsable:71+attribute:testUnavailableFromAsync#1 len=239 artifacts=50 advent-overaccept=38 advent-underaccept=7 reference-disagreement=1540 residual-ambiguity=1 same=22679 tree-difference=5
[24289/100000] reference-disagreement wide:func-body:block-comment:real:PluginMacroExpansionContext:270 len=574 artifacts=50 advent-overaccept=38 advent-underaccept=7 reference-disagreement=1541 residual-ambiguity=1 same=22697 tree-difference=5
[24295/100000] reference-disagreement wide:struct-member:raw:real:RenamedChildrenBuilderCompatibility:977 len=1113 artifacts=50 advent-overaccept=38 advent-underaccept=7 reference-disagreement=1542 residual-ambiguity=1 same=22702 tree-difference=5
[24346/100000] reference-disagreement wide:ifconfig:raw:translated:testSwitch63#1 len=68 artifacts=50 advent-overaccept=38 advent-underaccept=7 reference-disagreement=1543 residual-ambiguity=1 same=22752 tree-difference=5
[24351/100000] reference-disagreement wide:closure:raw:real:SyntaxCollections:676 len=521 artifacts=50 advent-overaccept=38 advent-underaccept=7 reference-disagreement=1544 residual-ambiguity=1 same=22756 tree-difference=5
[24363/100000] reference-disagreement wide:ifconfig:newline+keyword:expression:testSwitchExprInReturn#1 len=92 artifacts=50 advent-overaccept=38 advent-underaccept=7 reference-disagreement=1545 residual-ambiguity=1 same=22767 tree-difference=5
[24369/100000] reference-disagreement wide:after-statement:newline+block-comment:declaration:testAttributedMacroExpansionDeclaration#10 len=82 artifacts=50 advent-overaccept=38 advent-underaccept=7 reference-disagreement=1546 residual-ambiguity=1 same=22772 tree-difference=5
[24374/100000] reference-disagreement binding-pattern len=458 artifacts=50 advent-overaccept=38 advent-underaccept=7 reference-disagreement=1547 residual-ambiguity=1 same=22776 tree-difference=5
[24380/100000] reference-disagreement wide:func-body:raw:translated:testInvalidStringInterpolationProtocol7#1 len=646 artifacts=50 advent-overaccept=38 advent-underaccept=7 reference-disagreement=1548 residual-ambiguity=1 same=22781 tree-difference=5
[24387/100000] reference-disagreement attribute-ifconfig-elseif-list len=122 artifacts=50 advent-overaccept=38 advent-underaccept=7 reference-disagreement=1549 residual-ambiguity=1 same=22787 tree-difference=5
[24419/100000] reference-disagreement tspl-divergence-protocol-body len=90 artifacts=50 advent-overaccept=38 advent-underaccept=7 reference-disagreement=1550 residual-ambiguity=1 same=22818 tree-difference=5
[24425/100000] reference-disagreement wide:ifconfig:duplicate:real:IncrementalParseTransition:19 len=773 artifacts=50 advent-overaccept=38 advent-underaccept=7 reference-disagreement=1551 residual-ambiguity=1 same=22823 tree-difference=5
[24440/100000] reference-disagreement wide:closure:keyword:real:DeclSyntaxParseable:53 len=63 artifacts=50 advent-overaccept=38 advent-underaccept=7 reference-disagreement=1552 residual-ambiguity=1 same=22837 tree-difference=5
[24470/100000] reference-disagreement wide:func-body:space+glue:real:SyntaxCollections:826 len=499 artifacts=50 advent-overaccept=38 advent-underaccept=7 reference-disagreement=1553 residual-ambiguity=1 same=22866 tree-difference=5
[24494/100000] reference-disagreement wide:struct-member:block-comment:translated:testDeprecatedWhere3#1+real:BuildableNodes:319 len=1177 artifacts=50 advent-overaccept=38 advent-underaccept=7 reference-disagreement=1554 residual-ambiguity=1 same=22889 tree-difference=5
[24500/100000] same frontier:statement-member-context len=168 artifacts=50 advent-overaccept=38 advent-underaccept=7 reference-disagreement=1554 residual-ambiguity=1 same=22895 tree-difference=5
[24514/100000] reference-disagreement attribute-boundary len=34 artifacts=50 advent-overaccept=38 advent-underaccept=7 reference-disagreement=1555 residual-ambiguity=1 same=22908 tree-difference=5
[24523/100000] reference-disagreement wide:func-body:newline:real:SyntaxNodeWithBody:97+translated:testSwitch34#1 len=268 artifacts=50 advent-overaccept=38 advent-underaccept=7 reference-disagreement=1556 residual-ambiguity=1 same=22916 tree-difference=5
[24531/100000] advent-underaccept wide:func-body:line-comment+delete:translated:testOperators26#1 len=46 artifacts=51 advent-overaccept=38 advent-underaccept=8 reference-disagreement=1556 residual-ambiguity=1 same=22923 tree-difference=5
[24537/100000] reference-disagreement wide:struct-member:glue:translated:testMatchingPatterns5#1+real:Parameters:56 len=119 artifacts=51 advent-overaccept=38 advent-underaccept=8 reference-disagreement=1557 residual-ambiguity=1 same=22928 tree-difference=5
[24542/100000] reference-disagreement attribute-boundary len=47 artifacts=51 advent-overaccept=38 advent-underaccept=8 reference-disagreement=1558 residual-ambiguity=1 same=22932 tree-difference=5
[24544/100000] reference-disagreement tspl-divergence-protocol-body len=185 artifacts=51 advent-overaccept=38 advent-underaccept=8 reference-disagreement=1559 residual-ambiguity=1 same=22933 tree-difference=5
[24553/100000] reference-disagreement wide:after-statement:raw:translated:testModuleSelectorExpr#9 len=73 artifacts=51 advent-overaccept=38 advent-underaccept=8 reference-disagreement=1560 residual-ambiguity=1 same=22941 tree-difference=5
[24568/100000] reference-disagreement wide:extension-member:newline+newline:real:BuildableNodes:437 len=1252 artifacts=51 advent-overaccept=38 advent-underaccept=8 reference-disagreement=1561 residual-ambiguity=1 same=22955 tree-difference=5
[24585/100000] reference-disagreement wide:before-statement:raw:translated:testEnum14#1 len=98 artifacts=51 advent-overaccept=38 advent-underaccept=8 reference-disagreement=1562 residual-ambiguity=1 same=22971 tree-difference=5
[24600/100000] reference-disagreement wide:ifconfig:duplicate+delete:translated:testDiagnoseAvailability5#1 len=94 artifacts=51 advent-overaccept=38 advent-underaccept=8 reference-disagreement=1563 residual-ambiguity=1 same=22985 tree-difference=5
[24608/100000] reference-disagreement wide:ifconfig:raw:type:testClosureSignatures#3 len=89 artifacts=51 advent-overaccept=38 advent-underaccept=8 reference-disagreement=1564 residual-ambiguity=1 same=22992 tree-difference=5
[24617/100000] reference-disagreement binding-pattern len=458 artifacts=51 advent-overaccept=38 advent-underaccept=8 reference-disagreement=1565 residual-ambiguity=1 same=23000 tree-difference=5
[24645/100000] reference-disagreement grammarish-member-list len=308 artifacts=51 advent-overaccept=38 advent-underaccept=8 reference-disagreement=1566 residual-ambiguity=1 same=23027 tree-difference=5
[24649/100000] reference-disagreement wide:extension-member:raw:real:ResultBuilders:667 len=211 artifacts=51 advent-overaccept=38 advent-underaccept=8 reference-disagreement=1567 residual-ambiguity=1 same=23030 tree-difference=5
[24709/100000] reference-disagreement wide:trailing-closure:line-comment+splice+space:real:ResultBuilders:557+statement:testIdentifierPattern#1 len=249 artifacts=51 advent-overaccept=38 advent-underaccept=8 reference-disagreement=1568 residual-ambiguity=1 same=23089 tree-difference=5
[24748/100000] reference-disagreement wide:after-statement:delete+line-comment+newline:phase4-misc:avail-cond len=73 artifacts=51 advent-overaccept=38 advent-underaccept=8 reference-disagreement=1569 residual-ambiguity=1 same=23127 tree-difference=5
[24750/100000] reference-disagreement wide:trailing-closure:raw:statement:testClosureInsideIfCondition#1+real:SyntaxNodeWithBody:213 len=86 artifacts=51 advent-overaccept=38 advent-underaccept=8 reference-disagreement=1570 residual-ambiguity=1 same=23128 tree-difference=5
[24781/100000] reference-disagreement member-list-wide-boundary len=109 artifacts=51 advent-overaccept=38 advent-underaccept=8 reference-disagreement=1571 residual-ambiguity=1 same=23158 tree-difference=5
[24785/100000] reference-disagreement func-body len=458 artifacts=51 advent-overaccept=38 advent-underaccept=8 reference-disagreement=1572 residual-ambiguity=1 same=23161 tree-difference=5
[24796/100000] reference-disagreement wide:trailing-closure:glue+glue:real:SyntaxExpressibleByStringInterpolationConformances:214 len=77 artifacts=51 advent-overaccept=38 advent-underaccept=8 reference-disagreement=1573 residual-ambiguity=1 same=23171 tree-difference=5
[24799/100000] reference-disagreement tspl-divergence-protocol-body len=132 artifacts=51 advent-overaccept=38 advent-underaccept=8 reference-disagreement=1574 residual-ambiguity=1 same=23173 tree-difference=5
[24812/100000] reference-disagreement wide:struct-member:raw:real:SyntaxTraits:810 len=84 artifacts=51 advent-overaccept=38 advent-underaccept=8 reference-disagreement=1575 residual-ambiguity=1 same=23185 tree-difference=5
[24843/100000] reference-disagreement wide:ifconfig:glue:attribute:testABIAttribute#16 len=98 artifacts=51 advent-overaccept=38 advent-underaccept=8 reference-disagreement=1576 residual-ambiguity=1 same=23215 tree-difference=5
[24871/100000] reference-disagreement wide:before-statement:raw:translated:testSelfRebinding10#1+attribute:testABIAttribute#17 len=233 artifacts=51 advent-overaccept=38 advent-underaccept=8 reference-disagreement=1577 residual-ambiguity=1 same=23242 tree-difference=5
[24880/100000] reference-disagreement grammarish-member-list len=148 artifacts=51 advent-overaccept=38 advent-underaccept=8 reference-disagreement=1578 residual-ambiguity=1 same=23250 tree-difference=5
[24888/100000] advent-overaccept wide:top:line-comment+block-comment+newline:translated:testForwardSlashRegex179#1 len=31 artifacts=52 advent-overaccept=39 advent-underaccept=8 reference-disagreement=1578 residual-ambiguity=1 same=23257 tree-difference=5
[24896/100000] reference-disagreement tspl-divergence-protocol-body len=202 artifacts=52 advent-overaccept=39 advent-underaccept=8 reference-disagreement=1579 residual-ambiguity=1 same=23264 tree-difference=5
[24909/100000] reference-disagreement tspl-divergence-protocol-body len=109 artifacts=52 advent-overaccept=39 advent-underaccept=8 reference-disagreement=1580 residual-ambiguity=1 same=23276 tree-difference=5
[24918/100000] reference-disagreement wide:func-body:raw:declaration:testBorrowingConsumingParameterSpecifiers#14+real:LayoutNodes+Parsable:223 len=221 artifacts=52 advent-overaccept=39 advent-underaccept=8 reference-disagreement=1581 residual-ambiguity=1 same=23284 tree-difference=5
[24938/100000] reference-disagreement keypath-boundary len=36 artifacts=52 advent-overaccept=39 advent-underaccept=8 reference-disagreement=1582 residual-ambiguity=1 same=23303 tree-difference=5
[24968/100000] reference-disagreement attribute-ifconfig-elseif-list len=132 artifacts=52 advent-overaccept=39 advent-underaccept=8 reference-disagreement=1583 residual-ambiguity=1 same=23332 tree-difference=5
[24986/100000] reference-disagreement wide:struct-member:raw:declaration:testModifiedParameter#1 len=51 artifacts=52 advent-overaccept=39 advent-underaccept=8 reference-disagreement=1584 residual-ambiguity=1 same=23349 tree-difference=5
[25000/100000] same wide:closure:duplicate+swap+keyword:translated:testForwardSlashRegex57#1 len=62 artifacts=52 advent-overaccept=39 advent-underaccept=8 reference-disagreement=1584 residual-ambiguity=1 same=23363 tree-difference=5
[25014/100000] reference-disagreement wide:extension-member:raw:attribute:testUnavailableFromAsync#4 len=69 artifacts=52 advent-overaccept=39 advent-underaccept=8 reference-disagreement=1585 residual-ambiguity=1 same=23376 tree-difference=5
[25020/100000] reference-disagreement attribute-boundary len=37 artifacts=52 advent-overaccept=39 advent-underaccept=8 reference-disagreement=1586 residual-ambiguity=1 same=23381 tree-difference=5
[25044/100000] reference-disagreement wide:ifconfig:splice:reject:testCoroutineAccessors#2 len=86 artifacts=52 advent-overaccept=39 advent-underaccept=8 reference-disagreement=1587 residual-ambiguity=1 same=23404 tree-difference=5
[25045/100000] reference-disagreement tspl-divergence-protocol-body len=141 artifacts=52 advent-overaccept=39 advent-underaccept=8 reference-disagreement=1588 residual-ambiguity=1 same=23404 tree-difference=5
[25105/100000] reference-disagreement tspl-divergence-protocol-body len=187 artifacts=52 advent-overaccept=39 advent-underaccept=8 reference-disagreement=1589 residual-ambiguity=1 same=23463 tree-difference=5
[25134/100000] reference-disagreement wide:trailing-closure:splice+glue:translated:testGlobal#1+real:SyntaxTraits:772 len=136 artifacts=52 advent-overaccept=39 advent-underaccept=8 reference-disagreement=1590 residual-ambiguity=1 same=23491 tree-difference=5
[25147/100000] reference-disagreement wide:extension-member:glue+line-comment:real:MacroSystem:1498 len=538 artifacts=52 advent-overaccept=39 advent-underaccept=8 reference-disagreement=1591 residual-ambiguity=1 same=23503 tree-difference=5
[25167/100000] reference-disagreement wide:struct-member:block-comment:attribute:testExpose#2 len=54 artifacts=52 advent-overaccept=39 advent-underaccept=8 reference-disagreement=1592 residual-ambiguity=1 same=23522 tree-difference=5
[25176/100000] reference-disagreement statement-list len=699 artifacts=52 advent-overaccept=39 advent-underaccept=8 reference-disagreement=1593 residual-ambiguity=1 same=23530 tree-difference=5
[25177/100000] reference-disagreement keypath-boundary len=36 artifacts=52 advent-overaccept=39 advent-underaccept=8 reference-disagreement=1594 residual-ambiguity=1 same=23530 tree-difference=5
[25219/100000] reference-disagreement tspl-divergence-protocol-body len=136 artifacts=52 advent-overaccept=39 advent-underaccept=8 reference-disagreement=1595 residual-ambiguity=1 same=23571 tree-difference=5
[25225/100000] reference-disagreement wide:extension-member:space:real:SyntaxExpressibleByStringInterpolationConformances:232 len=91 artifacts=52 advent-overaccept=39 advent-underaccept=8 reference-disagreement=1596 residual-ambiguity=1 same=23576 tree-difference=5
[25233/100000] reference-disagreement wide:trailing-closure:raw:real:SwiftSyntaxCompatibility:881 len=68 artifacts=52 advent-overaccept=39 advent-underaccept=8 reference-disagreement=1597 residual-ambiguity=1 same=23583 tree-difference=5
[25242/100000] advent-overaccept wide:ifconfig:keyword+newline:phase3-branch:switch-bind len=56 artifacts=53 advent-overaccept=40 advent-underaccept=8 reference-disagreement=1597 residual-ambiguity=1 same=23591 tree-difference=5
[25248/100000] reference-disagreement declaration-modifier-stack len=34 artifacts=53 advent-overaccept=40 advent-underaccept=8 reference-disagreement=1598 residual-ambiguity=1 same=23596 tree-difference=5
[25250/100000] same wide:func-body:swap+newline+line-comment:reject:testErrors16#1+translated:testRecovery132#1 len=89 artifacts=53 advent-overaccept=40 advent-underaccept=8 reference-disagreement=1598 residual-ambiguity=1 same=23598 tree-difference=5
[25251/100000] reference-disagreement wide:func-body:newline:translated:testOriginalDefinedInAttr8#1 len=168 artifacts=53 advent-overaccept=40 advent-underaccept=8 reference-disagreement=1599 residual-ambiguity=1 same=23598 tree-difference=5
[25253/100000] reference-disagreement wide:trailing-closure:newline+line-comment:real:ResultBuilders:154+declaration:testOperators#1 len=227 artifacts=53 advent-overaccept=40 advent-underaccept=8 reference-disagreement=1600 residual-ambiguity=1 same=23599 tree-difference=5
[25271/100000] reference-disagreement wide:func-body:block-comment:real:MacroReplacement:78 len=406 artifacts=53 advent-overaccept=40 advent-underaccept=8 reference-disagreement=1601 residual-ambiguity=1 same=23616 tree-difference=5
[25301/100000] reference-disagreement wide:closure:raw:real:LibraryPluginProvider:170 len=706 artifacts=53 advent-overaccept=40 advent-underaccept=8 reference-disagreement=1602 residual-ambiguity=1 same=23645 tree-difference=5
[25308/100000] reference-disagreement tspl-divergence-protocol-body len=234 artifacts=53 advent-overaccept=40 advent-underaccept=8 reference-disagreement=1603 residual-ambiguity=1 same=23651 tree-difference=5
[25337/100000] reference-disagreement attribute-ifconfig-elseif-list len=119 artifacts=53 advent-overaccept=40 advent-underaccept=8 reference-disagreement=1604 residual-ambiguity=1 same=23679 tree-difference=5
[25365/100000] reference-disagreement keypath-component-matrix len=41 artifacts=53 advent-overaccept=40 advent-underaccept=8 reference-disagreement=1605 residual-ambiguity=1 same=23706 tree-difference=5
[25369/100000] reference-disagreement wide:func-body:raw:expression:testKeyPathMethodAndInitializers#1+translated:testForwardSlashRegex186#1 len=43 artifacts=53 advent-overaccept=40 advent-underaccept=8 reference-disagreement=1606 residual-ambiguity=1 same=23709 tree-difference=5
[25395/100000] reference-disagreement wide:closure:space+delete:phase4-precedence:postfix-op len=52 artifacts=53 advent-overaccept=40 advent-underaccept=8 reference-disagreement=1607 residual-ambiguity=1 same=23734 tree-difference=5
[25396/100000] compiler-timeout wide:interpolation:keyword:translated:testForwardSlashRegex168#1 len=24 artifacts=53 advent-overaccept=40 advent-underaccept=8 compiler-timeout=1 reference-disagreement=1607 residual-ambiguity=1 same=23734 tree-difference=5
[25415/100000] reference-disagreement wide:extension-member:raw:real:MissingNodeInitializers:83 len=240 artifacts=53 advent-overaccept=40 advent-underaccept=8 compiler-timeout=1 reference-disagreement=1608 residual-ambiguity=1 same=23752 tree-difference=5
[25421/100000] reference-disagreement wide:trailing-closure:glue:translated:testSwitch12#1 len=46 artifacts=53 advent-overaccept=40 advent-underaccept=8 compiler-timeout=1 reference-disagreement=1609 residual-ambiguity=1 same=23757 tree-difference=5
[25432/100000] reference-disagreement wide:trailing-closure:raw:real:SyntaxCollections:880 len=503 artifacts=53 advent-overaccept=40 advent-underaccept=8 compiler-timeout=1 reference-disagreement=1610 residual-ambiguity=1 same=23767 tree-difference=5
[25453/100000] reference-disagreement tspl-divergence-protocol-body len=114 artifacts=53 advent-overaccept=40 advent-underaccept=8 compiler-timeout=1 reference-disagreement=1611 residual-ambiguity=1 same=23787 tree-difference=5
[25457/100000] reference-disagreement attribute-boundary len=32 artifacts=53 advent-overaccept=40 advent-underaccept=8 compiler-timeout=1 reference-disagreement=1612 residual-ambiguity=1 same=23790 tree-difference=5
[25458/100000] reference-disagreement wide:trailing-closure:newline:phase3-enum-case:case-assoc-optional+translated:testAvailabilityQueryUnavailability25#1 len=94 artifacts=53 advent-overaccept=40 advent-underaccept=8 compiler-timeout=1 reference-disagreement=1613 residual-ambiguity=1 same=23790 tree-difference=5
[25472/100000] reference-disagreement member-list-wide-boundary len=548 artifacts=53 advent-overaccept=40 advent-underaccept=8 compiler-timeout=1 reference-disagreement=1614 residual-ambiguity=1 same=23803 tree-difference=5
[25484/100000] reference-disagreement wide:func-body:block-comment+block-comment:translated:testDiagnoseAvailability5#1 len=105 artifacts=53 advent-overaccept=40 advent-underaccept=8 compiler-timeout=1 reference-disagreement=1615 residual-ambiguity=1 same=23814 tree-difference=5
[25488/100000] reference-disagreement statement-list len=496 artifacts=53 advent-overaccept=40 advent-underaccept=8 compiler-timeout=1 reference-disagreement=1616 residual-ambiguity=1 same=23817 tree-difference=5
[25500/100000] same frontier:condition-trailing-closure-scope len=487 artifacts=53 advent-overaccept=40 advent-underaccept=8 compiler-timeout=1 reference-disagreement=1616 residual-ambiguity=1 same=23829 tree-difference=5
[25505/100000] reference-disagreement wide:closure:newline+newline+glue:attribute:testMacroRoleNames#9+translated:testInitDeinit28#1 len=124 artifacts=53 advent-overaccept=40 advent-underaccept=8 compiler-timeout=1 reference-disagreement=1617 residual-ambiguity=1 same=23833 tree-difference=5
[25510/100000] reference-disagreement wide:func-body:raw:real:ResultBuilders:570 len=229 artifacts=53 advent-overaccept=40 advent-underaccept=8 compiler-timeout=1 reference-disagreement=1618 residual-ambiguity=1 same=23837 tree-difference=5
[25532/100000] reference-disagreement wide:trailing-closure:keyword:real:ParserDiagnosticMessages:665 len=201 artifacts=53 advent-overaccept=40 advent-underaccept=8 compiler-timeout=1 reference-disagreement=1619 residual-ambiguity=1 same=23858 tree-difference=5
[25550/100000] reference-disagreement keypath-component-matrix len=41 artifacts=53 advent-overaccept=40 advent-underaccept=8 compiler-timeout=1 reference-disagreement=1620 residual-ambiguity=1 same=23875 tree-difference=5
[25561/100000] reference-disagreement tspl-divergence-protocol-body len=236 artifacts=53 advent-overaccept=40 advent-underaccept=8 compiler-timeout=1 reference-disagreement=1621 residual-ambiguity=1 same=23885 tree-difference=5
[25568/100000] reference-disagreement wide:struct-member:newline:translated:testOperatorDecl5#1 len=42 artifacts=53 advent-overaccept=40 advent-underaccept=8 compiler-timeout=1 reference-disagreement=1622 residual-ambiguity=1 same=23891 tree-difference=5
[25572/100000] reference-disagreement tspl-divergence-protocol-body len=108 artifacts=53 advent-overaccept=40 advent-underaccept=8 compiler-timeout=1 reference-disagreement=1623 residual-ambiguity=1 same=23894 tree-difference=5
[25581/100000] reference-disagreement wide:closure:line-comment:real:InferIndentation:127 len=125 artifacts=53 advent-overaccept=40 advent-underaccept=8 compiler-timeout=1 reference-disagreement=1624 residual-ambiguity=1 same=23902 tree-difference=5
[25592/100000] reference-disagreement member-list-wide-boundary len=297 artifacts=53 advent-overaccept=40 advent-underaccept=8 compiler-timeout=1 reference-disagreement=1625 residual-ambiguity=1 same=23912 tree-difference=5
[25597/100000] reference-disagreement nested-ifconfig-boundary len=113 artifacts=53 advent-overaccept=40 advent-underaccept=8 compiler-timeout=1 reference-disagreement=1626 residual-ambiguity=1 same=23916 tree-difference=5
[25603/100000] reference-disagreement attribute-ifconfig-elseif-list len=121 artifacts=53 advent-overaccept=40 advent-underaccept=8 compiler-timeout=1 reference-disagreement=1627 residual-ambiguity=1 same=23921 tree-difference=5
[25633/100000] reference-disagreement wide:func-body:raw:phase3-type:extension-empty+real:Diagnostic:81 len=489 artifacts=53 advent-overaccept=40 advent-underaccept=8 compiler-timeout=1 reference-disagreement=1628 residual-ambiguity=1 same=23950 tree-difference=5
[25642/100000] reference-disagreement cast-try-operator-cluster len=24 artifacts=53 advent-overaccept=40 advent-underaccept=8 compiler-timeout=1 reference-disagreement=1629 residual-ambiguity=1 same=23958 tree-difference=5
[25656/100000] reference-disagreement binding-pattern len=458 artifacts=53 advent-overaccept=40 advent-underaccept=8 compiler-timeout=1 reference-disagreement=1630 residual-ambiguity=1 same=23971 tree-difference=5
[25691/100000] reference-disagreement wide:closure:space+block-comment+line-comment:translated:testForwardSlashRegex70#1+real:CommonAncestor:33 len=397 artifacts=53 advent-overaccept=40 advent-underaccept=8 compiler-timeout=1 reference-disagreement=1631 residual-ambiguity=1 same=24005 tree-difference=5
[25692/100000] reference-disagreement wide:extension-member:raw:real:ResultBuilders:454 len=199 artifacts=53 advent-overaccept=40 advent-underaccept=8 compiler-timeout=1 reference-disagreement=1632 residual-ambiguity=1 same=24005 tree-difference=5
[25694/100000] reference-disagreement nested-ifconfig-boundary len=117 artifacts=53 advent-overaccept=40 advent-underaccept=8 compiler-timeout=1 reference-disagreement=1633 residual-ambiguity=1 same=24006 tree-difference=5
[25704/100000] reference-disagreement attribute-ifconfig-elseif-list len=126 artifacts=53 advent-overaccept=40 advent-underaccept=8 compiler-timeout=1 reference-disagreement=1634 residual-ambiguity=1 same=24015 tree-difference=5
[25714/100000] reference-disagreement wide:closure:raw:type:testNamedOpaqueReturnTypes#1 len=358 artifacts=53 advent-overaccept=40 advent-underaccept=8 compiler-timeout=1 reference-disagreement=1635 residual-ambiguity=1 same=24024 tree-difference=5
[25734/100000] reference-disagreement keypath-boundary len=44 artifacts=53 advent-overaccept=40 advent-underaccept=8 compiler-timeout=1 reference-disagreement=1636 residual-ambiguity=1 same=24043 tree-difference=5
[25750/100000] same wide:ifconfig:raw:real:MissingNodesError:26 len=147 artifacts=53 advent-overaccept=40 advent-underaccept=8 compiler-timeout=1 reference-disagreement=1636 residual-ambiguity=1 same=24059 tree-difference=5
[25753/100000] reference-disagreement wide:after-statement:space:declaration:testParsePreconcurrency#2 len=58 artifacts=53 advent-overaccept=40 advent-underaccept=8 compiler-timeout=1 reference-disagreement=1637 residual-ambiguity=1 same=24061 tree-difference=5
[25761/100000] reference-disagreement attribute-boundary len=47 artifacts=53 advent-overaccept=40 advent-underaccept=8 compiler-timeout=1 reference-disagreement=1638 residual-ambiguity=1 same=24068 tree-difference=5
[25771/100000] reference-disagreement wide:closure:raw:real:Expressions:2344 len=892 artifacts=53 advent-overaccept=40 advent-underaccept=8 compiler-timeout=1 reference-disagreement=1639 residual-ambiguity=1 same=24077 tree-difference=5
[25783/100000] reference-disagreement declaration-modifier-stack len=34 artifacts=53 advent-overaccept=40 advent-underaccept=8 compiler-timeout=1 reference-disagreement=1640 residual-ambiguity=1 same=24088 tree-difference=5
[25858/100000] reference-disagreement tspl-divergence-protocol-body len=151 artifacts=53 advent-overaccept=40 advent-underaccept=8 compiler-timeout=1 reference-disagreement=1641 residual-ambiguity=1 same=24162 tree-difference=5
[25864/100000] reference-disagreement wide:trailing-closure:line-comment+newline+block-comment:real:MissingNodeInitializers:50 len=146 artifacts=53 advent-overaccept=40 advent-underaccept=8 compiler-timeout=1 reference-disagreement=1642 residual-ambiguity=1 same=24167 tree-difference=5
[25875/100000] reference-disagreement wide:func-body:raw:real:CustomTraits:13 len=176 artifacts=53 advent-overaccept=40 advent-underaccept=8 compiler-timeout=1 reference-disagreement=1643 residual-ambiguity=1 same=24177 tree-difference=5
[25888/100000] reference-disagreement wide:closure:raw:real:ManifestEditError:18+real:RawSyntaxNodesQRS:17 len=424 artifacts=53 advent-overaccept=40 advent-underaccept=8 compiler-timeout=1 reference-disagreement=1644 residual-ambiguity=1 same=24189 tree-difference=5
[25911/100000] reference-disagreement wide:interpolation:splice:translated:testAvailabilityQuery18#1 len=38 artifacts=53 advent-overaccept=40 advent-underaccept=8 compiler-timeout=1 reference-disagreement=1645 residual-ambiguity=1 same=24211 tree-difference=5
[25915/100000] reference-disagreement grammarish-member-list len=110 artifacts=53 advent-overaccept=40 advent-underaccept=8 compiler-timeout=1 reference-disagreement=1646 residual-ambiguity=1 same=24214 tree-difference=5
[25942/100000] reference-disagreement tspl-divergence-protocol-body len=193 artifacts=53 advent-overaccept=40 advent-underaccept=8 compiler-timeout=1 reference-disagreement=1647 residual-ambiguity=1 same=24240 tree-difference=5
[25946/100000] reference-disagreement wide:extension-member:raw:translated:testOriginalDefinedInAttr7#1 len=120 artifacts=53 advent-overaccept=40 advent-underaccept=8 compiler-timeout=1 reference-disagreement=1648 residual-ambiguity=1 same=24243 tree-difference=5
[25950/100000] reference-disagreement wide:closure:space+newline+space:translated:testOptionalChainLvalues5#1 len=149 artifacts=53 advent-overaccept=40 advent-underaccept=8 compiler-timeout=1 reference-disagreement=1649 residual-ambiguity=1 same=24246 tree-difference=5
[25973/100000] reference-disagreement wide:closure:line-comment+space:real:Convenience:19 len=477 artifacts=53 advent-overaccept=40 advent-underaccept=8 compiler-timeout=1 reference-disagreement=1650 residual-ambiguity=1 same=24268 tree-difference=5
[25979/100000] reference-disagreement tspl-divergence-protocol-body len=189 artifacts=53 advent-overaccept=40 advent-underaccept=8 compiler-timeout=1 reference-disagreement=1651 residual-ambiguity=1 same=24273 tree-difference=5
[25981/100000] reference-disagreement wide:struct-member:line-comment:translated:testConflictMarkers4#1+real:IdentifiableSyntax:16 len=154 artifacts=53 advent-overaccept=40 advent-underaccept=8 compiler-timeout=1 reference-disagreement=1652 residual-ambiguity=1 same=24274 tree-difference=5
[25990/100000] reference-disagreement func-body len=458 artifacts=53 advent-overaccept=40 advent-underaccept=8 compiler-timeout=1 reference-disagreement=1653 residual-ambiguity=1 same=24282 tree-difference=5
[26000/100000] same frontier:parser-mode-scope len=95 artifacts=53 advent-overaccept=40 advent-underaccept=8 compiler-timeout=1 reference-disagreement=1653 residual-ambiguity=1 same=24292 tree-difference=5
[26033/100000] reference-disagreement wide:func-body:raw:real:MacroExpansion:27 len=271 artifacts=53 advent-overaccept=40 advent-underaccept=8 compiler-timeout=1 reference-disagreement=1654 residual-ambiguity=1 same=24324 tree-difference=5
[26053/100000] reference-disagreement wide:trailing-closure:space:real:SyntaxCollections:826 len=492 artifacts=53 advent-overaccept=40 advent-underaccept=8 compiler-timeout=1 reference-disagreement=1655 residual-ambiguity=1 same=24343 tree-difference=5
[26061/100000] advent-underaccept wide:before-statement:line-comment+line-comment+newline:translated:testSwitch78#1 len=87 artifacts=54 advent-overaccept=40 advent-underaccept=9 compiler-timeout=1 reference-disagreement=1655 residual-ambiguity=1 same=24350 tree-difference=5
[26063/100000] reference-disagreement declaration-modifier-stack len=34 artifacts=54 advent-overaccept=40 advent-underaccept=9 compiler-timeout=1 reference-disagreement=1656 residual-ambiguity=1 same=24351 tree-difference=5
[26093/100000] reference-disagreement wide:func-body:raw:translated:testOperatorDeclDesignatedTypes2#1 len=102 artifacts=54 advent-overaccept=40 advent-underaccept=9 compiler-timeout=1 reference-disagreement=1657 residual-ambiguity=1 same=24380 tree-difference=5
[26119/100000] reference-disagreement wide:trailing-closure:raw:expression:testClosureParameterWithModifier#1 len=35 artifacts=54 advent-overaccept=40 advent-underaccept=9 compiler-timeout=1 reference-disagreement=1658 residual-ambiguity=1 same=24405 tree-difference=5
[26127/100000] reference-disagreement wide:func-body:newline+glue:real:SyntaxNodeWithBody:211 len=70 artifacts=54 advent-overaccept=40 advent-underaccept=9 compiler-timeout=1 reference-disagreement=1659 residual-ambiguity=1 same=24412 tree-difference=5
[26177/100000] reference-disagreement wide:struct-member:space:real:SyntaxExpressibleByStringInterpolationConformances:226 len=166 artifacts=54 advent-overaccept=40 advent-underaccept=9 compiler-timeout=1 reference-disagreement=1660 residual-ambiguity=1 same=24461 tree-difference=5
[26212/100000] advent-overaccept wide:func-body:space+delete+line-comment:reject:testLeadingUnexpectedTokens#4 len=30 artifacts=55 advent-overaccept=41 advent-underaccept=9 compiler-timeout=1 reference-disagreement=1660 residual-ambiguity=1 same=24495 tree-difference=5
[26250/100000] same frontier:condition-trailing-closure-scope len=467 artifacts=55 advent-overaccept=41 advent-underaccept=9 compiler-timeout=1 reference-disagreement=1660 residual-ambiguity=1 same=24533 tree-difference=5
[26256/100000] reference-disagreement member-list-wide-boundary len=277 artifacts=55 advent-overaccept=41 advent-underaccept=9 compiler-timeout=1 reference-disagreement=1661 residual-ambiguity=1 same=24538 tree-difference=5
[26257/100000] reference-disagreement grammarish-member-list len=182 artifacts=55 advent-overaccept=41 advent-underaccept=9 compiler-timeout=1 reference-disagreement=1662 residual-ambiguity=1 same=24538 tree-difference=5
[26258/100000] reference-disagreement wide:closure:block-comment+block-comment+newline:real:Syntax+StringInterpolation:269+real:CodeItemMacro:20 len=632 artifacts=55 advent-overaccept=41 advent-underaccept=9 compiler-timeout=1 reference-disagreement=1663 residual-ambiguity=1 same=24538 tree-difference=5
[26259/100000] reference-disagreement wide:closure:block-comment:real:MacroExpansion:41 len=592 artifacts=55 advent-overaccept=41 advent-underaccept=9 compiler-timeout=1 reference-disagreement=1664 residual-ambiguity=1 same=24538 tree-difference=5
[26270/100000] reference-disagreement keypath-boundary len=38 artifacts=55 advent-overaccept=41 advent-underaccept=9 compiler-timeout=1 reference-disagreement=1665 residual-ambiguity=1 same=24548 tree-difference=5
[26333/100000] reference-disagreement statement-list len=494 artifacts=55 advent-overaccept=41 advent-underaccept=9 compiler-timeout=1 reference-disagreement=1666 residual-ambiguity=1 same=24610 tree-difference=5
[26346/100000] reference-disagreement wide:trailing-closure:line-comment:real:SyntaxExpressibleByStringInterpolationConformances:145+real:SyntaxUtils:77 len=229 artifacts=55 advent-overaccept=41 advent-underaccept=9 compiler-timeout=1 reference-disagreement=1667 residual-ambiguity=1 same=24622 tree-difference=5
[26347/100000] reference-disagreement wide:closure:raw:real:ParserDiagnosticMessages:416 len=444 artifacts=55 advent-overaccept=41 advent-underaccept=9 compiler-timeout=1 reference-disagreement=1668 residual-ambiguity=1 same=24622 tree-difference=5
[26360/100000] reference-disagreement wide:extension-member:newline+block-comment:real:Syntax+StringInterpolation:26+real:TokenSyntax:211 len=535 artifacts=55 advent-overaccept=41 advent-underaccept=9 compiler-timeout=1 reference-disagreement=1669 residual-ambiguity=1 same=24634 tree-difference=5
[26378/100000] reference-disagreement tspl-divergence-accessor-commitment len=78 artifacts=55 advent-overaccept=41 advent-underaccept=9 compiler-timeout=1 reference-disagreement=1670 residual-ambiguity=1 same=24651 tree-difference=5
[26384/100000] reference-disagreement wide:ifconfig:splice+block-comment:attribute:testDifferentiableAttribute#1 len=138 artifacts=55 advent-overaccept=41 advent-underaccept=9 compiler-timeout=1 reference-disagreement=1671 residual-ambiguity=1 same=24656 tree-difference=5
[26386/100000] reference-disagreement attribute-boundary len=32 artifacts=55 advent-overaccept=41 advent-underaccept=9 compiler-timeout=1 reference-disagreement=1672 residual-ambiguity=1 same=24657 tree-difference=5
[26396/100000] reference-disagreement wide:func-body:newline:real:ParserDiagnosticMessages:416 len=439 artifacts=55 advent-overaccept=41 advent-underaccept=9 compiler-timeout=1 reference-disagreement=1673 residual-ambiguity=1 same=24666 tree-difference=5
[26402/100000] reference-disagreement nested-ifconfig-boundary len=113 artifacts=55 advent-overaccept=41 advent-underaccept=9 compiler-timeout=1 reference-disagreement=1674 residual-ambiguity=1 same=24671 tree-difference=5
[26439/100000] reference-disagreement attribute-ifconfig-elseif-list len=117 artifacts=55 advent-overaccept=41 advent-underaccept=9 compiler-timeout=1 reference-disagreement=1675 residual-ambiguity=1 same=24707 tree-difference=5
[26459/100000] reference-disagreement wide:func-body:raw:declaration:testImports#4 len=79 artifacts=55 advent-overaccept=41 advent-underaccept=9 compiler-timeout=1 reference-disagreement=1676 residual-ambiguity=1 same=24726 tree-difference=5
[26461/100000] reference-disagreement tspl-divergence-protocol-body len=103 artifacts=55 advent-overaccept=41 advent-underaccept=9 compiler-timeout=1 reference-disagreement=1677 residual-ambiguity=1 same=24727 tree-difference=5
[26484/100000] reference-disagreement wide:closure:newline+newline+glue:real:ResultBuilders:98 len=127 artifacts=55 advent-overaccept=41 advent-underaccept=9 compiler-timeout=1 reference-disagreement=1678 residual-ambiguity=1 same=24749 tree-difference=5
[26494/100000] advent-overaccept wide:trailing-closure:block-comment+block-comment+duplicate:translated:testForwardSlashRegexSkippingAllowed13#1+real:SyntaxCollections:1884 len=598 artifacts=56 advent-overaccept=42 advent-underaccept=9 compiler-timeout=1 reference-disagreement=1678 residual-ambiguity=1 same=24758 tree-difference=5
[26500/100000] same wide:interpolation:duplicate+block-comment+space:reject:testDiagnoseInitializerAsTypedPattern9d#1 len=74 artifacts=56 advent-overaccept=42 advent-underaccept=9 compiler-timeout=1 reference-disagreement=1678 residual-ambiguity=1 same=24764 tree-difference=5
[26528/100000] reference-disagreement wide:before-statement:raw:reject:testKeypathExpression#2 len=36 artifacts=56 advent-overaccept=42 advent-underaccept=9 compiler-timeout=1 reference-disagreement=1679 residual-ambiguity=1 same=24791 tree-difference=5
[26539/100000] reference-disagreement wide:closure:splice:real:SyntaxTraits:746 len=64 artifacts=56 advent-overaccept=42 advent-underaccept=9 compiler-timeout=1 reference-disagreement=1680 residual-ambiguity=1 same=24801 tree-difference=5
[26580/100000] reference-disagreement wide:closure:space:real:AbstractSourceLocation:22 len=822 artifacts=56 advent-overaccept=42 advent-underaccept=9 compiler-timeout=1 reference-disagreement=1681 residual-ambiguity=1 same=24841 tree-difference=5
[26582/100000] reference-disagreement tspl-divergence-protocol-body len=292 artifacts=56 advent-overaccept=42 advent-underaccept=9 compiler-timeout=1 reference-disagreement=1682 residual-ambiguity=1 same=24842 tree-difference=5
[26600/100000] reference-disagreement wide:struct-member:line-comment+newline:declaration:testClassWithPrivateSet#1+real:SyntaxTraits:796 len=145 artifacts=56 advent-overaccept=42 advent-underaccept=9 compiler-timeout=1 reference-disagreement=1683 residual-ambiguity=1 same=24859 tree-difference=5
[26607/100000] reference-disagreement wide:extension-member:glue:real:Syntax+StringInterpolation:253 len=261 artifacts=56 advent-overaccept=42 advent-underaccept=9 compiler-timeout=1 reference-disagreement=1684 residual-ambiguity=1 same=24865 tree-difference=5
[26618/100000] reference-disagreement wide:trailing-closure:duplicate+line-comment+delete:real:SyntaxUtils:287 len=172 artifacts=56 advent-overaccept=42 advent-underaccept=9 compiler-timeout=1 reference-disagreement=1685 residual-ambiguity=1 same=24875 tree-difference=5
[26620/100000] reference-disagreement wide:closure:raw:translated:testConflictMarkers13#1+real:RenamedChildrenBuilderCompatibility:547 len=1078 artifacts=56 advent-overaccept=42 advent-underaccept=9 compiler-timeout=1 reference-disagreement=1686 residual-ambiguity=1 same=24876 tree-difference=5
[26645/100000] reference-disagreement wide:trailing-closure:line-comment+newline:real:ResultBuilders:336 len=196 artifacts=56 advent-overaccept=42 advent-underaccept=9 compiler-timeout=1 reference-disagreement=1687 residual-ambiguity=1 same=24900 tree-difference=5
[26662/100000] reference-disagreement wide:closure:line-comment:real:SyntaxTraits:682 len=131 artifacts=56 advent-overaccept=42 advent-underaccept=9 compiler-timeout=1 reference-disagreement=1688 residual-ambiguity=1 same=24916 tree-difference=5
[26676/100000] reference-disagreement member-list-wide-boundary len=497 artifacts=56 advent-overaccept=42 advent-underaccept=9 compiler-timeout=1 reference-disagreement=1689 residual-ambiguity=1 same=24929 tree-difference=5
[26677/100000] reference-disagreement grammarish-member-list len=212 artifacts=56 advent-overaccept=42 advent-underaccept=9 compiler-timeout=1 reference-disagreement=1690 residual-ambiguity=1 same=24929 tree-difference=5
[26680/100000] reference-disagreement member-list-wide-boundary len=300 artifacts=56 advent-overaccept=42 advent-underaccept=9 compiler-timeout=1 reference-disagreement=1691 residual-ambiguity=1 same=24931 tree-difference=5
[26692/100000] reference-disagreement wide:closure:glue+block-comment:real:Syntax+StringInterpolation:285 len=77 artifacts=56 advent-overaccept=42 advent-underaccept=9 compiler-timeout=1 reference-disagreement=1692 residual-ambiguity=1 same=24942 tree-difference=5
[26696/100000] reference-disagreement seed-corpus-wrapped:preconcurrency-import len=49 artifacts=56 advent-overaccept=42 advent-underaccept=9 compiler-timeout=1 reference-disagreement=1693 residual-ambiguity=1 same=24945 tree-difference=5
[26698/100000] reference-disagreement wide:top:space:phase4-coroutine:coroutine-modify+translated:testLet#1 len=108 artifacts=56 advent-overaccept=42 advent-underaccept=9 compiler-timeout=1 reference-disagreement=1694 residual-ambiguity=1 same=24946 tree-difference=5
[26708/100000] advent-overaccept wide:struct-member:raw:phase3-modifier:open-class+translated:testOperatorDeclDesignatedTypes19#1 len=75 artifacts=57 advent-overaccept=43 advent-underaccept=9 compiler-timeout=1 reference-disagreement=1694 residual-ambiguity=1 same=24955 tree-difference=5
[26711/100000] reference-disagreement wide:before-statement:raw:attribute:testABIAttribute#6+real:SequentialScopeSyntax:18 len=87 artifacts=57 advent-overaccept=43 advent-underaccept=9 compiler-timeout=1 reference-disagreement=1695 residual-ambiguity=1 same=24957 tree-difference=5
[26716/100000] reference-disagreement tspl-divergence-accessor-commitment len=78 artifacts=57 advent-overaccept=43 advent-underaccept=9 compiler-timeout=1 reference-disagreement=1696 residual-ambiguity=1 same=24961 tree-difference=5
[26727/100000] reference-disagreement wide:top:splice:real:ResultBuilders:642 len=361 artifacts=57 advent-overaccept=43 advent-underaccept=9 compiler-timeout=1 reference-disagreement=1697 residual-ambiguity=1 same=24971 tree-difference=5
[26743/100000] reference-disagreement wide:ifconfig:raw:declaration:testParseDynamicReplacement#2 len=152 artifacts=57 advent-overaccept=43 advent-underaccept=9 compiler-timeout=1 reference-disagreement=1698 residual-ambiguity=1 same=24986 tree-difference=5
[26750/100000] same wide:extension-member:newline:translated:testGenericDisambiguation17#1+real:Parameters:35 len=133 artifacts=57 advent-overaccept=43 advent-underaccept=9 compiler-timeout=1 reference-disagreement=1698 residual-ambiguity=1 same=24993 tree-difference=5
[26751/100000] reference-disagreement wide:closure:raw:real:SyntaxCollections:23+real:RawSyntax:24 len=1159 artifacts=57 advent-overaccept=43 advent-underaccept=9 compiler-timeout=1 reference-disagreement=1699 residual-ambiguity=1 same=24993 tree-difference=5
[26752/100000] reference-disagreement tspl-divergence-accessor-commitment len=78 artifacts=57 advent-overaccept=43 advent-underaccept=9 compiler-timeout=1 reference-disagreement=1700 residual-ambiguity=1 same=24993 tree-difference=5
[26756/100000] reference-disagreement seed-corpus-structural-splice:extension-optional-type len=81 artifacts=57 advent-overaccept=43 advent-underaccept=9 compiler-timeout=1 reference-disagreement=1701 residual-ambiguity=1 same=24996 tree-difference=5
[26788/100000] reference-disagreement member-list-wide-boundary len=363 artifacts=57 advent-overaccept=43 advent-underaccept=9 compiler-timeout=1 reference-disagreement=1702 residual-ambiguity=1 same=25027 tree-difference=5
[26798/100000] reference-disagreement member-list-wide-boundary len=284 artifacts=57 advent-overaccept=43 advent-underaccept=9 compiler-timeout=1 reference-disagreement=1703 residual-ambiguity=1 same=25036 tree-difference=5
[26822/100000] reference-disagreement wide:func-body:line-comment+line-comment+glue:expression:testBorrowExpression#2 len=37 artifacts=57 advent-overaccept=43 advent-underaccept=9 compiler-timeout=1 reference-disagreement=1704 residual-ambiguity=1 same=25059 tree-difference=5
[26836/100000] reference-disagreement wide:trailing-closure:glue:phase4-precedence:pg-assoc-left+translated:testAsync1#1 len=162 artifacts=57 advent-overaccept=43 advent-underaccept=9 compiler-timeout=1 reference-disagreement=1705 residual-ambiguity=1 same=25072 tree-difference=5
[26936/100000] reference-disagreement wide:trailing-closure:space+duplicate+newline:real:SyntaxUtils:53+translated:testBorrowingContextualParsing#1 len=177 artifacts=57 advent-overaccept=43 advent-underaccept=9 compiler-timeout=1 reference-disagreement=1706 residual-ambiguity=1 same=25171 tree-difference=5
[26944/100000] reference-disagreement wide:func-body:raw:real:StandardIOMessageConnection:24 len=42 artifacts=57 advent-overaccept=43 advent-underaccept=9 compiler-timeout=1 reference-disagreement=1707 residual-ambiguity=1 same=25178 tree-difference=5
[26991/100000] reference-disagreement wide:after-statement:raw:attribute:testTransposeAttribute#1 len=143 artifacts=57 advent-overaccept=43 advent-underaccept=9 compiler-timeout=1 reference-disagreement=1708 residual-ambiguity=1 same=25224 tree-difference=5
[27000/100000] reference-disagreement wide:closure:newline+line-comment:real:SyntaxParsable+ExpressibleByStringInterpolation:42 len=88 artifacts=57 advent-overaccept=43 advent-underaccept=9 compiler-timeout=1 reference-disagreement=1709 residual-ambiguity=1 same=25232 tree-difference=5
[27031/100000] reference-disagreement grammarish-member-list len=219 artifacts=57 advent-overaccept=43 advent-underaccept=9 compiler-timeout=1 reference-disagreement=1710 residual-ambiguity=1 same=25262 tree-difference=5
[27072/100000] reference-disagreement wide:closure:raw:translated:testSwitch32#1 len=544 artifacts=57 advent-overaccept=43 advent-underaccept=9 compiler-timeout=1 reference-disagreement=1711 residual-ambiguity=1 same=25302 tree-difference=5
[27080/100000] reference-disagreement binding-pattern len=458 artifacts=57 advent-overaccept=43 advent-underaccept=9 compiler-timeout=1 reference-disagreement=1712 residual-ambiguity=1 same=25309 tree-difference=5
[27100/100000] reference-disagreement tspl-divergence-protocol-body len=156 artifacts=57 advent-overaccept=43 advent-underaccept=9 compiler-timeout=1 reference-disagreement=1713 residual-ambiguity=1 same=25328 tree-difference=5
[27111/100000] reference-disagreement wide:trailing-closure:splice+block-comment:real:ResultBuilders:540 len=128 artifacts=57 advent-overaccept=43 advent-underaccept=9 compiler-timeout=1 reference-disagreement=1714 residual-ambiguity=1 same=25338 tree-difference=5
[27120/100000] reference-disagreement nested-ifconfig-boundary len=117 artifacts=57 advent-overaccept=43 advent-underaccept=9 compiler-timeout=1 reference-disagreement=1715 residual-ambiguity=1 same=25346 tree-difference=5
[27154/100000] reference-disagreement statement-list len=537 artifacts=57 advent-overaccept=43 advent-underaccept=9 compiler-timeout=1 reference-disagreement=1716 residual-ambiguity=1 same=25379 tree-difference=5
[27193/100000] reference-disagreement wide:struct-member:newline+glue:real:SwiftVersion:13 len=159 artifacts=57 advent-overaccept=43 advent-underaccept=9 compiler-timeout=1 reference-disagreement=1717 residual-ambiguity=1 same=25417 tree-difference=5
[27239/100000] reference-disagreement wide:struct-member:glue+newline+newline:real:Attributes:390 len=702 artifacts=57 advent-overaccept=43 advent-underaccept=9 compiler-timeout=1 reference-disagreement=1718 residual-ambiguity=1 same=25462 tree-difference=5
[27250/100000] reference-disagreement wide:trailing-closure:glue+newline:real:ActiveSyntaxRewriter:433 len=325 artifacts=57 advent-overaccept=43 advent-underaccept=9 compiler-timeout=1 reference-disagreement=1719 residual-ambiguity=1 same=25472 tree-difference=5
[27255/100000] reference-disagreement attribute-ifconfig-elseif-list len=141 artifacts=57 advent-overaccept=43 advent-underaccept=9 compiler-timeout=1 reference-disagreement=1720 residual-ambiguity=1 same=25476 tree-difference=5
[27259/100000] reference-disagreement wide:trailing-closure:line-comment:expression:testBorrowExpression#2 len=30 artifacts=57 advent-overaccept=43 advent-underaccept=9 compiler-timeout=1 reference-disagreement=1721 residual-ambiguity=1 same=25479 tree-difference=5
[27267/100000] reference-disagreement member-list-wide-boundary len=310 artifacts=57 advent-overaccept=43 advent-underaccept=9 compiler-timeout=1 reference-disagreement=1722 residual-ambiguity=1 same=25486 tree-difference=5
[27285/100000] reference-disagreement tspl-divergence-protocol-body len=284 artifacts=57 advent-overaccept=43 advent-underaccept=9 compiler-timeout=1 reference-disagreement=1723 residual-ambiguity=1 same=25503 tree-difference=5
[27308/100000] reference-disagreement grammarish-member-list len=261 artifacts=57 advent-overaccept=43 advent-underaccept=9 compiler-timeout=1 reference-disagreement=1724 residual-ambiguity=1 same=25525 tree-difference=5
[27312/100000] reference-disagreement wide:func-body:raw:declaration:testParsePoundError#1 len=46 artifacts=57 advent-overaccept=43 advent-underaccept=9 compiler-timeout=1 reference-disagreement=1725 residual-ambiguity=1 same=25528 tree-difference=5
[27324/100000] reference-disagreement wide:closure:delete:translated:testGenericDisambiguation3#1 len=86 artifacts=57 advent-overaccept=43 advent-underaccept=9 compiler-timeout=1 reference-disagreement=1726 residual-ambiguity=1 same=25539 tree-difference=5
[27330/100000] reference-disagreement wide:after-statement:splice+block-comment:real:SyntaxCollections:431 len=530 artifacts=57 advent-overaccept=43 advent-underaccept=9 compiler-timeout=1 reference-disagreement=1727 residual-ambiguity=1 same=25544 tree-difference=5
[27374/100000] reference-disagreement wide:func-body:newline:phase3-modifier:open-class len=31 artifacts=57 advent-overaccept=43 advent-underaccept=9 compiler-timeout=1 reference-disagreement=1728 residual-ambiguity=1 same=25587 tree-difference=5
[27421/100000] reference-disagreement wide:func-body:block-comment+newline:real:SyntaxExpressibleByStringInterpolationConformances:211 len=91 artifacts=57 advent-overaccept=43 advent-underaccept=9 compiler-timeout=1 reference-disagreement=1729 residual-ambiguity=1 same=25633 tree-difference=5
[27454/100000] reference-disagreement wide:struct-member:line-comment+space:translated:testConflictMarkers4#1 len=69 artifacts=57 advent-overaccept=43 advent-underaccept=9 compiler-timeout=1 reference-disagreement=1730 residual-ambiguity=1 same=25665 tree-difference=5
[27466/100000] reference-disagreement wide:extension-member:raw:real:SwiftSyntaxCompatibility:188+declaration:testWhereClauseWithFunctionType#1 len=210 artifacts=57 advent-overaccept=43 advent-underaccept=9 compiler-timeout=1 reference-disagreement=1731 residual-ambiguity=1 same=25676 tree-difference=5
[27485/100000] reference-disagreement grammarish-member-list len=158 artifacts=57 advent-overaccept=43 advent-underaccept=9 compiler-timeout=1 reference-disagreement=1732 residual-ambiguity=1 same=25694 tree-difference=5
[27500/100000] same pattern-switch len=107 artifacts=57 advent-overaccept=43 advent-underaccept=9 compiler-timeout=1 reference-disagreement=1732 residual-ambiguity=1 same=25709 tree-difference=5
[27506/100000] reference-disagreement wide:closure:space+delete+space:real:IndentationUtils:64 len=458 artifacts=57 advent-overaccept=43 advent-underaccept=9 compiler-timeout=1 reference-disagreement=1733 residual-ambiguity=1 same=25714 tree-difference=5
[27509/100000] reference-disagreement wide:func-body:raw:real:SyntaxTraits:732 len=85 artifacts=57 advent-overaccept=43 advent-underaccept=9 compiler-timeout=1 reference-disagreement=1734 residual-ambiguity=1 same=25716 tree-difference=5
[27513/100000] reference-disagreement wide:func-body:newline+newline:translated:testSwitch13#1+type:testNonisolatedSpecifier#4 len=120 artifacts=57 advent-overaccept=43 advent-underaccept=9 compiler-timeout=1 reference-disagreement=1735 residual-ambiguity=1 same=25719 tree-difference=5
[27517/100000] reference-disagreement grammarish-member-list len=128 artifacts=57 advent-overaccept=43 advent-underaccept=9 compiler-timeout=1 reference-disagreement=1736 residual-ambiguity=1 same=25722 tree-difference=5
[27518/100000] reference-disagreement wide:closure:raw:real:SyntaxHashable:18 len=262 artifacts=57 advent-overaccept=43 advent-underaccept=9 compiler-timeout=1 reference-disagreement=1737 residual-ambiguity=1 same=25722 tree-difference=5
[27522/100000] reference-disagreement wide:struct-member:newline+keyword+newline:real:JSONDecoding:437 len=292 artifacts=57 advent-overaccept=43 advent-underaccept=9 compiler-timeout=1 reference-disagreement=1738 residual-ambiguity=1 same=25725 tree-difference=5
[27583/100000] reference-disagreement wide:extension-member:glue:real:Syntax+StringInterpolation:321 len=66 artifacts=57 advent-overaccept=43 advent-underaccept=9 compiler-timeout=1 reference-disagreement=1739 residual-ambiguity=1 same=25785 tree-difference=5
[27586/100000] reference-disagreement wide:after-statement:block-comment+glue:declaration:testDeinitializers#1 len=32 artifacts=57 advent-overaccept=43 advent-underaccept=9 compiler-timeout=1 reference-disagreement=1740 residual-ambiguity=1 same=25787 tree-difference=5
[27591/100000] reference-disagreement wide:struct-member:raw:real:ResultBuilders:284 len=196 artifacts=57 advent-overaccept=43 advent-underaccept=9 compiler-timeout=1 reference-disagreement=1741 residual-ambiguity=1 same=25791 tree-difference=5
[27639/100000] reference-disagreement binding-pattern len=458 artifacts=57 advent-overaccept=43 advent-underaccept=9 compiler-timeout=1 reference-disagreement=1742 residual-ambiguity=1 same=25838 tree-difference=5
[27644/100000] reference-disagreement cast-try-operator-cluster len=24 artifacts=57 advent-overaccept=43 advent-underaccept=9 compiler-timeout=1 reference-disagreement=1743 residual-ambiguity=1 same=25842 tree-difference=5
[27661/100000] reference-disagreement tspl-divergence-protocol-body len=141 artifacts=57 advent-overaccept=43 advent-underaccept=9 compiler-timeout=1 reference-disagreement=1744 residual-ambiguity=1 same=25858 tree-difference=5
[27667/100000] reference-disagreement wide:closure:block-comment:real:TokenSyntax:211+declaration:testParseDynamicReplacement#2 len=580 artifacts=57 advent-overaccept=43 advent-underaccept=9 compiler-timeout=1 reference-disagreement=1745 residual-ambiguity=1 same=25863 tree-difference=5
[27700/100000] reference-disagreement wide:top:newline+line-comment:declaration:testLiteralInitializerWithTrailingClosure#1 len=30 artifacts=57 advent-overaccept=43 advent-underaccept=9 compiler-timeout=1 reference-disagreement=1746 residual-ambiguity=1 same=25895 tree-difference=5
[27704/100000] reference-disagreement wide:trailing-closure:newline+newline:real:MacroExpansion:173 len=352 artifacts=57 advent-overaccept=43 advent-underaccept=9 compiler-timeout=1 reference-disagreement=1747 residual-ambiguity=1 same=25898 tree-difference=5
[27720/100000] reference-disagreement keypath-component-matrix len=40 artifacts=57 advent-overaccept=43 advent-underaccept=9 compiler-timeout=1 reference-disagreement=1748 residual-ambiguity=1 same=25913 tree-difference=5
[27724/100000] reference-disagreement wide:closure:space+line-comment:real:Parameters:35 len=95 artifacts=57 advent-overaccept=43 advent-underaccept=9 compiler-timeout=1 reference-disagreement=1749 residual-ambiguity=1 same=25916 tree-difference=5
[27748/100000] reference-disagreement attribute-ifconfig-elseif-list len=133 artifacts=57 advent-overaccept=43 advent-underaccept=9 compiler-timeout=1 reference-disagreement=1750 residual-ambiguity=1 same=25939 tree-difference=5
[27750/100000] reference-disagreement seed-corpus-wrapped:declaration-modifier-stack len=45 artifacts=57 advent-overaccept=43 advent-underaccept=9 compiler-timeout=1 reference-disagreement=1751 residual-ambiguity=1 same=25940 tree-difference=5
[27794/100000] reference-disagreement seed-corpus-structural-splice:extension-optional-type len=83 artifacts=57 advent-overaccept=43 advent-underaccept=9 compiler-timeout=1 reference-disagreement=1752 residual-ambiguity=1 same=25983 tree-difference=5
[27808/100000] reference-disagreement wide:trailing-closure:raw:real:CustomTraits:35 len=166 artifacts=57 advent-overaccept=43 advent-underaccept=9 compiler-timeout=1 reference-disagreement=1753 residual-ambiguity=1 same=25996 tree-difference=5
[27813/100000] reference-disagreement tspl-divergence-accessor-commitment len=49 artifacts=57 advent-overaccept=43 advent-underaccept=9 compiler-timeout=1 reference-disagreement=1754 residual-ambiguity=1 same=26000 tree-difference=5
[27815/100000] reference-disagreement wide:struct-member:space+newline:attribute:testSpecializeAttribute#1+real:SyntaxTraits:690 len=143 artifacts=57 advent-overaccept=43 advent-underaccept=9 compiler-timeout=1 reference-disagreement=1755 residual-ambiguity=1 same=26001 tree-difference=5
[27827/100000] reference-disagreement wide:closure:raw:real:ResultBuilders:579 len=739 artifacts=57 advent-overaccept=43 advent-underaccept=9 compiler-timeout=1 reference-disagreement=1756 residual-ambiguity=1 same=26012 tree-difference=5
[27829/100000] advent-underaccept wide:top:newline+newline+block-comment:translated:testSwitch75#1 len=82 artifacts=58 advent-overaccept=43 advent-underaccept=10 compiler-timeout=1 reference-disagreement=1756 residual-ambiguity=1 same=26013 tree-difference=5
[27850/100000] reference-disagreement wide:trailing-closure:newline:real:ResultBuilders:111 len=123 artifacts=58 advent-overaccept=43 advent-underaccept=10 compiler-timeout=1 reference-disagreement=1757 residual-ambiguity=1 same=26033 tree-difference=5
[27885/100000] reference-disagreement wide:extension-member:newline:translated:testOperators2#1 len=115 artifacts=58 advent-overaccept=43 advent-underaccept=10 compiler-timeout=1 reference-disagreement=1758 residual-ambiguity=1 same=26067 tree-difference=5
[27895/100000] reference-disagreement wide:struct-member:raw:real:ResultBuilders:349 len=199 artifacts=58 advent-overaccept=43 advent-underaccept=10 compiler-timeout=1 reference-disagreement=1759 residual-ambiguity=1 same=26076 tree-difference=5
[27901/100000] reference-disagreement tspl-divergence-protocol-body len=192 artifacts=58 advent-overaccept=43 advent-underaccept=10 compiler-timeout=1 reference-disagreement=1760 residual-ambiguity=1 same=26081 tree-difference=5
[27906/100000] reference-disagreement wide:func-body:newline:translated:testEnum72#1 len=76 artifacts=58 advent-overaccept=43 advent-underaccept=10 compiler-timeout=1 reference-disagreement=1761 residual-ambiguity=1 same=26085 tree-difference=5
[27914/100000] reference-disagreement wide:trailing-closure:raw:real:SyntaxLiteralUtils:39 len=267 artifacts=58 advent-overaccept=43 advent-underaccept=10 compiler-timeout=1 reference-disagreement=1762 residual-ambiguity=1 same=26092 tree-difference=5
[27936/100000] reference-disagreement wide:closure:glue+space+newline:translated:testSwitch44#1 len=86 artifacts=58 advent-overaccept=43 advent-underaccept=10 compiler-timeout=1 reference-disagreement=1763 residual-ambiguity=1 same=26113 tree-difference=5
[27937/100000] reference-disagreement attribute-ifconfig-elseif-list len=120 artifacts=58 advent-overaccept=43 advent-underaccept=10 compiler-timeout=1 reference-disagreement=1764 residual-ambiguity=1 same=26113 tree-difference=5
[27954/100000] reference-disagreement wide:func-body:line-comment+newline:real:OperatorTable+Semantics:74 len=417 artifacts=58 advent-overaccept=43 advent-underaccept=10 compiler-timeout=1 reference-disagreement=1765 residual-ambiguity=1 same=26129 tree-difference=5
[27965/100000] reference-disagreement wide:struct-member:newline:real:SyntaxTraits:680 len=62 artifacts=58 advent-overaccept=43 advent-underaccept=10 compiler-timeout=1 reference-disagreement=1766 residual-ambiguity=1 same=26139 tree-difference=5
[27975/100000] reference-disagreement wide:struct-member:raw:real:ScopeImplementations:758 len=352 artifacts=58 advent-overaccept=43 advent-underaccept=10 compiler-timeout=1 reference-disagreement=1767 residual-ambiguity=1 same=26148 tree-difference=5
[27990/100000] reference-disagreement wide:closure:raw:real:BuildableNodes:1530 len=1066 artifacts=58 advent-overaccept=43 advent-underaccept=10 compiler-timeout=1 reference-disagreement=1768 residual-ambiguity=1 same=26162 tree-difference=5
[28000/100000] same tspl-divergence-pattern-shape len=64 artifacts=58 advent-overaccept=43 advent-underaccept=10 compiler-timeout=1 reference-disagreement=1768 residual-ambiguity=1 same=26172 tree-difference=5
[28016/100000] reference-disagreement wide:closure:raw:real:RefactoringProvider:33+phase3-statement:array-type len=806 artifacts=58 advent-overaccept=43 advent-underaccept=10 compiler-timeout=1 reference-disagreement=1769 residual-ambiguity=1 same=26187 tree-difference=5
[28052/100000] reference-disagreement wide:extension-member:glue:translated:testOperatorDecl20#1 len=66 artifacts=58 advent-overaccept=43 advent-underaccept=10 compiler-timeout=1 reference-disagreement=1770 residual-ambiguity=1 same=26222 tree-difference=5
[28098/100000] reference-disagreement tspl-divergence-protocol-body len=187 artifacts=58 advent-overaccept=43 advent-underaccept=10 compiler-timeout=1 reference-disagreement=1771 residual-ambiguity=1 same=26267 tree-difference=5
[28108/100000] reference-disagreement wide:struct-member:raw:real:FormatRawStringLiteral:72 len=433 artifacts=58 advent-overaccept=43 advent-underaccept=10 compiler-timeout=1 reference-disagreement=1772 residual-ambiguity=1 same=26276 tree-difference=5
[28114/100000] reference-disagreement grammarish-member-list len=220 artifacts=58 advent-overaccept=43 advent-underaccept=10 compiler-timeout=1 reference-disagreement=1773 residual-ambiguity=1 same=26281 tree-difference=5
[28122/100000] reference-disagreement wide:trailing-closure:raw:real:Syntax+Assertions:38 len=131 artifacts=58 advent-overaccept=43 advent-underaccept=10 compiler-timeout=1 reference-disagreement=1774 residual-ambiguity=1 same=26288 tree-difference=5
[28180/100000] reference-disagreement tspl-divergence-protocol-body len=68 artifacts=58 advent-overaccept=43 advent-underaccept=10 compiler-timeout=1 reference-disagreement=1775 residual-ambiguity=1 same=26345 tree-difference=5
[28201/100000] reference-disagreement wide:trailing-closure:newline:real:SyntaxExpressibleByStringInterpolationConformances:256 len=86 artifacts=58 advent-overaccept=43 advent-underaccept=10 compiler-timeout=1 reference-disagreement=1776 residual-ambiguity=1 same=26365 tree-difference=5
[28209/100000] advent-underaccept wide:after-statement:keyword+newline:statement:testTrailingClosureInIfCondition#2 len=37 artifacts=59 advent-overaccept=43 advent-underaccept=11 compiler-timeout=1 reference-disagreement=1776 residual-ambiguity=1 same=26372 tree-difference=5
[28220/100000] reference-disagreement member-list-wide-boundary len=161 artifacts=59 advent-overaccept=43 advent-underaccept=11 compiler-timeout=1 reference-disagreement=1777 residual-ambiguity=1 same=26382 tree-difference=5
[28223/100000] reference-disagreement wide:struct-member:raw:real:SyntaxTraits:854 len=137 artifacts=59 advent-overaccept=43 advent-underaccept=11 compiler-timeout=1 reference-disagreement=1778 residual-ambiguity=1 same=26384 tree-difference=5
[28224/100000] reference-disagreement tspl-divergence-protocol-body len=131 artifacts=59 advent-overaccept=43 advent-underaccept=11 compiler-timeout=1 reference-disagreement=1779 residual-ambiguity=1 same=26384 tree-difference=5
[28225/100000] reference-disagreement tspl-divergence-protocol-body len=123 artifacts=59 advent-overaccept=43 advent-underaccept=11 compiler-timeout=1 reference-disagreement=1780 residual-ambiguity=1 same=26384 tree-difference=5
[28227/100000] reference-disagreement wide:struct-member:newline+glue+keyword:real:BuildableNodes:1588 len=938 artifacts=59 advent-overaccept=43 advent-underaccept=11 compiler-timeout=1 reference-disagreement=1781 residual-ambiguity=1 same=26385 tree-difference=5
[28229/100000] reference-disagreement wide:extension-member:raw:real:PackageDependency:91 len=206 artifacts=59 advent-overaccept=43 advent-underaccept=11 compiler-timeout=1 reference-disagreement=1782 residual-ambiguity=1 same=26386 tree-difference=5
[28237/100000] reference-disagreement keypath-boundary len=44 artifacts=59 advent-overaccept=43 advent-underaccept=11 compiler-timeout=1 reference-disagreement=1783 residual-ambiguity=1 same=26393 tree-difference=5
[28250/100000] same wide:after-statement:raw:translated:testModuleSelectorExpr#4 len=33 artifacts=59 advent-overaccept=43 advent-underaccept=11 compiler-timeout=1 reference-disagreement=1783 residual-ambiguity=1 same=26406 tree-difference=5
[28258/100000] reference-disagreement wide:struct-member:line-comment:real:SyntaxTraits:460 len=427 artifacts=59 advent-overaccept=43 advent-underaccept=11 compiler-timeout=1 reference-disagreement=1784 residual-ambiguity=1 same=26413 tree-difference=5
[28280/100000] reference-disagreement cast-try-operator-cluster len=24 artifacts=59 advent-overaccept=43 advent-underaccept=11 compiler-timeout=1 reference-disagreement=1785 residual-ambiguity=1 same=26434 tree-difference=5
[28286/100000] tree-difference wide:top:newline:real:SyntaxEditUtils:55 len=415 artifacts=60 advent-overaccept=43 advent-underaccept=11 compiler-timeout=1 reference-disagreement=1785 residual-ambiguity=1 same=26439 tree-difference=6
[28342/100000] reference-disagreement wide:trailing-closure:block-comment+glue:real:Assertions:648 len=448 artifacts=60 advent-overaccept=43 advent-underaccept=11 compiler-timeout=1 reference-disagreement=1786 residual-ambiguity=1 same=26494 tree-difference=6
[28360/100000] reference-disagreement wide:trailing-closure:raw:real:Syntax+StringInterpolation:33+real:Syntax+StringInterpolation:498 len=1833 artifacts=60 advent-overaccept=43 advent-underaccept=11 compiler-timeout=1 reference-disagreement=1787 residual-ambiguity=1 same=26511 tree-difference=6
[28369/100000] reference-disagreement tspl-divergence-protocol-body len=262 artifacts=60 advent-overaccept=43 advent-underaccept=11 compiler-timeout=1 reference-disagreement=1788 residual-ambiguity=1 same=26519 tree-difference=6
[28391/100000] reference-disagreement statement-list len=536 artifacts=60 advent-overaccept=43 advent-underaccept=11 compiler-timeout=1 reference-disagreement=1789 residual-ambiguity=1 same=26540 tree-difference=6
[28403/100000] reference-disagreement tspl-divergence-protocol-body len=178 artifacts=60 advent-overaccept=43 advent-underaccept=11 compiler-timeout=1 reference-disagreement=1790 residual-ambiguity=1 same=26551 tree-difference=6
[28408/100000] reference-disagreement wide:closure:raw:real:IsValidIdentifier:41+phase4-precedence:pg-empty len=1060 artifacts=60 advent-overaccept=43 advent-underaccept=11 compiler-timeout=1 reference-disagreement=1791 residual-ambiguity=1 same=26555 tree-difference=6
[28418/100000] reference-disagreement grammarish-member-list len=161 artifacts=60 advent-overaccept=43 advent-underaccept=11 compiler-timeout=1 reference-disagreement=1792 residual-ambiguity=1 same=26564 tree-difference=6
[28444/100000] reference-disagreement wide:extension-member:raw:real:SyntaxExpressibleByStringInterpolationConformances:178 len=89 artifacts=60 advent-overaccept=43 advent-underaccept=11 compiler-timeout=1 reference-disagreement=1793 residual-ambiguity=1 same=26589 tree-difference=6
[28447/100000] reference-disagreement grammarish-member-list len=232 artifacts=60 advent-overaccept=43 advent-underaccept=11 compiler-timeout=1 reference-disagreement=1794 residual-ambiguity=1 same=26591 tree-difference=6
[28452/100000] reference-disagreement attribute-ifconfig-elseif-list len=123 artifacts=60 advent-overaccept=43 advent-underaccept=11 compiler-timeout=1 reference-disagreement=1795 residual-ambiguity=1 same=26595 tree-difference=6
[28488/100000] reference-disagreement wide:trailing-closure:newline:translated:testErrors2#1+real:ResultBuilders:258 len=282 artifacts=60 advent-overaccept=43 advent-underaccept=11 compiler-timeout=1 reference-disagreement=1796 residual-ambiguity=1 same=26630 tree-difference=6
[28496/100000] reference-disagreement wide:top:keyword+block-comment+delete:translated:testEnum12#1+real:CallLikeSyntax:28 len=96 artifacts=60 advent-overaccept=43 advent-underaccept=11 compiler-timeout=1 reference-disagreement=1797 residual-ambiguity=1 same=26637 tree-difference=6
[28500/100000] reference-disagreement wide:extension-member:keyword:real:AddPackageDependency:127 len=290 artifacts=60 advent-overaccept=43 advent-underaccept=11 compiler-timeout=1 reference-disagreement=1798 residual-ambiguity=1 same=26640 tree-difference=6
[28517/100000] reference-disagreement wide:struct-member:newline+line-comment+newline:real:ResultBuilders:667+real:Syntax+StringInterpolation:291 len=263 artifacts=60 advent-overaccept=43 advent-underaccept=11 compiler-timeout=1 reference-disagreement=1799 residual-ambiguity=1 same=26656 tree-difference=6
[28524/100000] reference-disagreement tspl-divergence-accessor-commitment len=78 artifacts=60 advent-overaccept=43 advent-underaccept=11 compiler-timeout=1 reference-disagreement=1800 residual-ambiguity=1 same=26662 tree-difference=6
[28542/100000] reference-disagreement wide:extension-member:duplicate+delete:real:SyntaxTraits:700 len=70 artifacts=60 advent-overaccept=43 advent-underaccept=11 compiler-timeout=1 reference-disagreement=1801 residual-ambiguity=1 same=26679 tree-difference=6
[28546/100000] reference-disagreement wide:closure:space:real:ResultBuilders:553 len=151 artifacts=60 advent-overaccept=43 advent-underaccept=11 compiler-timeout=1 reference-disagreement=1802 residual-ambiguity=1 same=26682 tree-difference=6
[28585/100000] reference-disagreement attribute-boundary len=39 artifacts=60 advent-overaccept=43 advent-underaccept=11 compiler-timeout=1 reference-disagreement=1803 residual-ambiguity=1 same=26720 tree-difference=6
[28609/100000] reference-disagreement wide:after-statement:raw:translated:testEffectfulProperties8#1 len=115 artifacts=60 advent-overaccept=43 advent-underaccept=11 compiler-timeout=1 reference-disagreement=1804 residual-ambiguity=1 same=26743 tree-difference=6
[28644/100000] reference-disagreement wide:top:block-comment:translated:testSwitch14#1 len=46 artifacts=60 advent-overaccept=43 advent-underaccept=11 compiler-timeout=1 reference-disagreement=1805 residual-ambiguity=1 same=26777 tree-difference=6
[28653/100000] reference-disagreement member-list-wide-boundary len=211 artifacts=60 advent-overaccept=43 advent-underaccept=11 compiler-timeout=1 reference-disagreement=1806 residual-ambiguity=1 same=26785 tree-difference=6
[28659/100000] reference-disagreement wide:closure:space+newline+newline:real:SyntaxText:242 len=357 artifacts=60 advent-overaccept=43 advent-underaccept=11 compiler-timeout=1 reference-disagreement=1807 residual-ambiguity=1 same=26790 tree-difference=6
[28678/100000] reference-disagreement binding-pattern len=458 artifacts=60 advent-overaccept=43 advent-underaccept=11 compiler-timeout=1 reference-disagreement=1808 residual-ambiguity=1 same=26808 tree-difference=6
[28692/100000] reference-disagreement tspl-divergence-protocol-body len=119 artifacts=60 advent-overaccept=43 advent-underaccept=11 compiler-timeout=1 reference-disagreement=1809 residual-ambiguity=1 same=26821 tree-difference=6
[28728/100000] reference-disagreement binding-pattern len=458 artifacts=60 advent-overaccept=43 advent-underaccept=11 compiler-timeout=1 reference-disagreement=1810 residual-ambiguity=1 same=26856 tree-difference=6
[28742/100000] reference-disagreement attribute-ifconfig-elseif-list len=117 artifacts=60 advent-overaccept=43 advent-underaccept=11 compiler-timeout=1 reference-disagreement=1811 residual-ambiguity=1 same=26869 tree-difference=6
[28750/100000] same closure-result-boundary len=89 artifacts=60 advent-overaccept=43 advent-underaccept=11 compiler-timeout=1 reference-disagreement=1811 residual-ambiguity=1 same=26877 tree-difference=6
[28759/100000] reference-disagreement wide:func-body:glue+space:declaration:testAccessors#1 len=52 artifacts=60 advent-overaccept=43 advent-underaccept=11 compiler-timeout=1 reference-disagreement=1812 residual-ambiguity=1 same=26885 tree-difference=6
[28793/100000] reference-disagreement cast-try-operator-cluster len=24 artifacts=60 advent-overaccept=43 advent-underaccept=11 compiler-timeout=1 reference-disagreement=1813 residual-ambiguity=1 same=26918 tree-difference=6
[28806/100000] reference-disagreement keypath-boundary len=38 artifacts=60 advent-overaccept=43 advent-underaccept=11 compiler-timeout=1 reference-disagreement=1814 residual-ambiguity=1 same=26930 tree-difference=6
[28852/100000] reference-disagreement wide:trailing-closure:raw:real:SyntaxExpressibleByStringInterpolationConformances:61 len=77 artifacts=60 advent-overaccept=43 advent-underaccept=11 compiler-timeout=1 reference-disagreement=1815 residual-ambiguity=1 same=26975 tree-difference=6
[28862/100000] reference-disagreement grammarish-member-list len=163 artifacts=60 advent-overaccept=43 advent-underaccept=11 compiler-timeout=1 reference-disagreement=1816 residual-ambiguity=1 same=26984 tree-difference=6
[28894/100000] reference-disagreement keypath-boundary len=33 artifacts=60 advent-overaccept=43 advent-underaccept=11 compiler-timeout=1 reference-disagreement=1817 residual-ambiguity=1 same=27015 tree-difference=6
[28900/100000] reference-disagreement wide:extension-member:space:real:SyntaxTraits:710 len=82 artifacts=60 advent-overaccept=43 advent-underaccept=11 compiler-timeout=1 reference-disagreement=1818 residual-ambiguity=1 same=27020 tree-difference=6
[28920/100000] reference-disagreement wide:closure:duplicate+line-comment+line-comment:declaration:testFuncParsing#4 len=84 artifacts=60 advent-overaccept=43 advent-underaccept=11 compiler-timeout=1 reference-disagreement=1819 residual-ambiguity=1 same=27039 tree-difference=6
[28929/100000] advent-overaccept wide:ifconfig:newline:type:testLifetimeSpecifier#3 len=63 artifacts=61 advent-overaccept=44 advent-underaccept=11 compiler-timeout=1 reference-disagreement=1819 residual-ambiguity=1 same=27047 tree-difference=6
[28944/100000] reference-disagreement member-list-wide-boundary len=216 artifacts=61 advent-overaccept=44 advent-underaccept=11 compiler-timeout=1 reference-disagreement=1820 residual-ambiguity=1 same=27061 tree-difference=6
[28957/100000] reference-disagreement tspl-divergence-accessor-commitment len=78 artifacts=61 advent-overaccept=44 advent-underaccept=11 compiler-timeout=1 reference-disagreement=1821 residual-ambiguity=1 same=27073 tree-difference=6
[28958/100000] reference-disagreement attribute-ifconfig-elseif-list len=144 artifacts=61 advent-overaccept=44 advent-underaccept=11 compiler-timeout=1 reference-disagreement=1822 residual-ambiguity=1 same=27073 tree-difference=6
[28967/100000] reference-disagreement attribute-ifconfig-elseif-list len=119 artifacts=61 advent-overaccept=44 advent-underaccept=11 compiler-timeout=1 reference-disagreement=1823 residual-ambiguity=1 same=27081 tree-difference=6
[28972/100000] tree-difference wide:closure:glue+newline:phase4-type:generic-call len=39 artifacts=62 advent-overaccept=44 advent-underaccept=11 compiler-timeout=1 reference-disagreement=1823 residual-ambiguity=1 same=27085 tree-difference=7
[28990/100000] reference-disagreement wide:closure:raw:translated:testEnum12#1 len=61 artifacts=62 advent-overaccept=44 advent-underaccept=11 compiler-timeout=1 reference-disagreement=1824 residual-ambiguity=1 same=27102 tree-difference=7
[29000/100000] same attribute-boundary len=59 artifacts=62 advent-overaccept=44 advent-underaccept=11 compiler-timeout=1 reference-disagreement=1824 residual-ambiguity=1 same=27112 tree-difference=7
[29013/100000] reference-disagreement wide:extension-member:duplicate:translated:testEscapedIdentifiers3#1 len=40 artifacts=62 advent-overaccept=44 advent-underaccept=11 compiler-timeout=1 reference-disagreement=1825 residual-ambiguity=1 same=27124 tree-difference=7
[29020/100000] reference-disagreement wide:trailing-closure:raw:real:Trivia:159 len=367 artifacts=62 advent-overaccept=44 advent-underaccept=11 compiler-timeout=1 reference-disagreement=1826 residual-ambiguity=1 same=27130 tree-difference=7
[29021/100000] reference-disagreement tspl-divergence-accessor-commitment len=78 artifacts=62 advent-overaccept=44 advent-underaccept=11 compiler-timeout=1 reference-disagreement=1827 residual-ambiguity=1 same=27130 tree-difference=7
[29044/100000] reference-disagreement wide:closure:newline+space:real:BuildableNodes:767 len=1076 artifacts=62 advent-overaccept=44 advent-underaccept=11 compiler-timeout=1 reference-disagreement=1828 residual-ambiguity=1 same=27152 tree-difference=7
[29054/100000] reference-disagreement attribute-ifconfig-elseif-list len=122 artifacts=62 advent-overaccept=44 advent-underaccept=11 compiler-timeout=1 reference-disagreement=1829 residual-ambiguity=1 same=27161 tree-difference=7
[29061/100000] reference-disagreement wide:func-body:raw:real:ValidatingSyntaxNodes:23 len=677 artifacts=62 advent-overaccept=44 advent-underaccept=11 compiler-timeout=1 reference-disagreement=1830 residual-ambiguity=1 same=27167 tree-difference=7
[29064/100000] reference-disagreement tspl-divergence-protocol-body len=170 artifacts=62 advent-overaccept=44 advent-underaccept=11 compiler-timeout=1 reference-disagreement=1831 residual-ambiguity=1 same=27169 tree-difference=7
[29082/100000] reference-disagreement statement-list len=590 artifacts=62 advent-overaccept=44 advent-underaccept=11 compiler-timeout=1 reference-disagreement=1832 residual-ambiguity=1 same=27186 tree-difference=7
[29102/100000] reference-disagreement wide:extension-member:newline+newline+block-comment:real:SyntaxExpressibleByStringInterpolationConformances:94 len=97 artifacts=62 advent-overaccept=44 advent-underaccept=11 compiler-timeout=1 reference-disagreement=1833 residual-ambiguity=1 same=27205 tree-difference=7
[29171/100000] reference-disagreement wide:struct-member:glue+glue+splice:translated:testModuleSelectorAttrs#2 len=127 artifacts=62 advent-overaccept=44 advent-underaccept=11 compiler-timeout=1 reference-disagreement=1834 residual-ambiguity=1 same=27273 tree-difference=7
[29175/100000] reference-disagreement keypath-boundary len=40 artifacts=62 advent-overaccept=44 advent-underaccept=11 compiler-timeout=1 reference-disagreement=1835 residual-ambiguity=1 same=27276 tree-difference=7
[29176/100000] reference-disagreement wide:struct-member:raw:real:SyntaxTraits:810 len=84 artifacts=62 advent-overaccept=44 advent-underaccept=11 compiler-timeout=1 reference-disagreement=1836 residual-ambiguity=1 same=27276 tree-difference=7
[29179/100000] reference-disagreement keypath-component-matrix len=55 artifacts=62 advent-overaccept=44 advent-underaccept=11 compiler-timeout=1 reference-disagreement=1837 residual-ambiguity=1 same=27278 tree-difference=7
[29227/100000] reference-disagreement member-list-wide-boundary len=190 artifacts=62 advent-overaccept=44 advent-underaccept=11 compiler-timeout=1 reference-disagreement=1838 residual-ambiguity=1 same=27325 tree-difference=7
[29245/100000] reference-disagreement tspl-divergence-protocol-body len=225 artifacts=62 advent-overaccept=44 advent-underaccept=11 compiler-timeout=1 reference-disagreement=1839 residual-ambiguity=1 same=27342 tree-difference=7
[29250/100000] same pattern-matrix-boundary len=513 artifacts=62 advent-overaccept=44 advent-underaccept=11 compiler-timeout=1 reference-disagreement=1839 residual-ambiguity=1 same=27347 tree-difference=7
[29251/100000] reference-disagreement wide:extension-member:space:real:NominalTypeDeclSyntax:22 len=1262 artifacts=62 advent-overaccept=44 advent-underaccept=11 compiler-timeout=1 reference-disagreement=1840 residual-ambiguity=1 same=27347 tree-difference=7
[29254/100000] reference-disagreement member-list-wide-boundary len=303 artifacts=62 advent-overaccept=44 advent-underaccept=11 compiler-timeout=1 reference-disagreement=1841 residual-ambiguity=1 same=27349 tree-difference=7
[29263/100000] advent-overaccept wide:trailing-closure:space+glue:declaration:testUsing#11 len=34 artifacts=63 advent-overaccept=45 advent-underaccept=11 compiler-timeout=1 reference-disagreement=1841 residual-ambiguity=1 same=27357 tree-difference=7
[29270/100000] reference-disagreement wide:func-body:raw:phase4-pattern:suppressed+declaration:testProtocolParsing#3 len=164 artifacts=63 advent-overaccept=45 advent-underaccept=11 compiler-timeout=1 reference-disagreement=1842 residual-ambiguity=1 same=27363 tree-difference=7
[29290/100000] reference-disagreement attribute-ifconfig-elseif-list len=107 artifacts=63 advent-overaccept=45 advent-underaccept=11 compiler-timeout=1 reference-disagreement=1843 residual-ambiguity=1 same=27382 tree-difference=7
[29295/100000] reference-disagreement wide:trailing-closure:space:real:SyntaxNodeWithBody:214+type:testInverseTypesInParameter#2 len=101 artifacts=63 advent-overaccept=45 advent-underaccept=11 compiler-timeout=1 reference-disagreement=1844 residual-ambiguity=1 same=27386 tree-difference=7
[29300/100000] reference-disagreement binding-pattern len=458 artifacts=63 advent-overaccept=45 advent-underaccept=11 compiler-timeout=1 reference-disagreement=1845 residual-ambiguity=1 same=27390 tree-difference=7
[29301/100000] reference-disagreement keypath-boundary len=40 artifacts=63 advent-overaccept=45 advent-underaccept=11 compiler-timeout=1 reference-disagreement=1846 residual-ambiguity=1 same=27390 tree-difference=7
[29327/100000] reference-disagreement wide:closure:raw:type:probeTildeAfterParen#1+real:GrammarNode:285 len=260 artifacts=63 advent-overaccept=45 advent-underaccept=11 compiler-timeout=1 reference-disagreement=1847 residual-ambiguity=1 same=27415 tree-difference=7
[29350/100000] reference-disagreement tspl-divergence-accessor-commitment len=49 artifacts=63 advent-overaccept=45 advent-underaccept=11 compiler-timeout=1 reference-disagreement=1848 residual-ambiguity=1 same=27437 tree-difference=7
[29390/100000] reference-disagreement tspl-divergence-protocol-body len=145 artifacts=63 advent-overaccept=45 advent-underaccept=11 compiler-timeout=1 reference-disagreement=1849 residual-ambiguity=1 same=27476 tree-difference=7
[29414/100000] reference-disagreement wide:func-body:raw:reject:testKeypathExpression#2 len=34 artifacts=63 advent-overaccept=45 advent-underaccept=11 compiler-timeout=1 reference-disagreement=1850 residual-ambiguity=1 same=27499 tree-difference=7
[29422/100000] reference-disagreement wide:func-body:space+space+newline:translated:testEffectfulProperties10#1+declaration:testClassParsing#3 len=381 artifacts=63 advent-overaccept=45 advent-underaccept=11 compiler-timeout=1 reference-disagreement=1851 residual-ambiguity=1 same=27506 tree-difference=7
[29441/100000] reference-disagreement statement-list len=504 artifacts=63 advent-overaccept=45 advent-underaccept=11 compiler-timeout=1 reference-disagreement=1852 residual-ambiguity=1 same=27524 tree-difference=7
[29461/100000] reference-disagreement attribute-ifconfig-elseif-list len=121 artifacts=63 advent-overaccept=45 advent-underaccept=11 compiler-timeout=1 reference-disagreement=1853 residual-ambiguity=1 same=27543 tree-difference=7
[29465/100000] reference-disagreement tspl-divergence-protocol-body len=145 artifacts=63 advent-overaccept=45 advent-underaccept=11 compiler-timeout=1 reference-disagreement=1854 residual-ambiguity=1 same=27546 tree-difference=7
[29475/100000] reference-disagreement keypath-component-matrix len=34 artifacts=63 advent-overaccept=45 advent-underaccept=11 compiler-timeout=1 reference-disagreement=1855 residual-ambiguity=1 same=27555 tree-difference=7
[29500/100000] same wide:extension-member:splice+newline:reject:testRecovery22#1 len=31 artifacts=63 advent-overaccept=45 advent-underaccept=11 compiler-timeout=1 reference-disagreement=1855 residual-ambiguity=1 same=27580 tree-difference=7
[29517/100000] reference-disagreement keypath-component-matrix len=44 artifacts=63 advent-overaccept=45 advent-underaccept=11 compiler-timeout=1 reference-disagreement=1856 residual-ambiguity=1 same=27596 tree-difference=7
[29519/100000] reference-disagreement tspl-divergence-protocol-body len=211 artifacts=63 advent-overaccept=45 advent-underaccept=11 compiler-timeout=1 reference-disagreement=1857 residual-ambiguity=1 same=27597 tree-difference=7
[29571/100000] reference-disagreement cast-try-operator-cluster len=24 artifacts=63 advent-overaccept=45 advent-underaccept=11 compiler-timeout=1 reference-disagreement=1858 residual-ambiguity=1 same=27648 tree-difference=7
[29601/100000] reference-disagreement keypath-component-matrix len=41 artifacts=63 advent-overaccept=45 advent-underaccept=11 compiler-timeout=1 reference-disagreement=1859 residual-ambiguity=1 same=27677 tree-difference=7
[29608/100000] reference-disagreement attribute-boundary len=37 artifacts=63 advent-overaccept=45 advent-underaccept=11 compiler-timeout=1 reference-disagreement=1860 residual-ambiguity=1 same=27683 tree-difference=7
[29644/100000] reference-disagreement cast-try-operator-cluster len=24 artifacts=63 advent-overaccept=45 advent-underaccept=11 compiler-timeout=1 reference-disagreement=1861 residual-ambiguity=1 same=27718 tree-difference=7
[29646/100000] reference-disagreement wide:before-statement:glue+newline+space:attribute:testBackDeployed#6+real:LayoutNodes+Parsable:151 len=307 artifacts=63 advent-overaccept=45 advent-underaccept=11 compiler-timeout=1 reference-disagreement=1862 residual-ambiguity=1 same=27719 tree-difference=7
[29650/100000] reference-disagreement tspl-divergence-protocol-body len=147 artifacts=63 advent-overaccept=45 advent-underaccept=11 compiler-timeout=1 reference-disagreement=1863 residual-ambiguity=1 same=27722 tree-difference=7
[29661/100000] reference-disagreement wide:func-body:line-comment:real:SyntaxText:225 len=868 artifacts=63 advent-overaccept=45 advent-underaccept=11 compiler-timeout=1 reference-disagreement=1864 residual-ambiguity=1 same=27732 tree-difference=7
[29673/100000] reference-disagreement attribute-ifconfig-elseif-list len=141 artifacts=63 advent-overaccept=45 advent-underaccept=11 compiler-timeout=1 reference-disagreement=1865 residual-ambiguity=1 same=27743 tree-difference=7
[29674/100000] reference-disagreement wide:closure:splice+space:real:SyntaxTraits:716 len=63 artifacts=63 advent-overaccept=45 advent-underaccept=11 compiler-timeout=1 reference-disagreement=1866 residual-ambiguity=1 same=27743 tree-difference=7
[29715/100000] reference-disagreement wide:trailing-closure:newline:real:BodyMacro:21 len=937 artifacts=63 advent-overaccept=45 advent-underaccept=11 compiler-timeout=1 reference-disagreement=1867 residual-ambiguity=1 same=27783 tree-difference=7
[29716/100000] reference-disagreement wide:after-statement:duplicate:real:SyntaxTraits:492 len=533 artifacts=63 advent-overaccept=45 advent-underaccept=11 compiler-timeout=1 reference-disagreement=1868 residual-ambiguity=1 same=27783 tree-difference=7
[29726/100000] reference-disagreement wide:func-body:line-comment:real:BuildableNodes:1557+phase4-macro:macro-labelled len=1294 artifacts=63 advent-overaccept=45 advent-underaccept=11 compiler-timeout=1 reference-disagreement=1869 residual-ambiguity=1 same=27792 tree-difference=7
[29750/100000] same member-list-boundary len=187 artifacts=63 advent-overaccept=45 advent-underaccept=11 compiler-timeout=1 reference-disagreement=1869 residual-ambiguity=1 same=27816 tree-difference=7
[29774/100000] reference-disagreement wide:extension-member:block-comment:real:Lexer:252 len=716 artifacts=63 advent-overaccept=45 advent-underaccept=11 compiler-timeout=1 reference-disagreement=1870 residual-ambiguity=1 same=27839 tree-difference=7
[29810/100000] reference-disagreement wide:trailing-closure:line-comment+line-comment:real:PackageDependency:69 len=347 artifacts=63 advent-overaccept=45 advent-underaccept=11 compiler-timeout=1 reference-disagreement=1871 residual-ambiguity=1 same=27874 tree-difference=7
[29817/100000] reference-disagreement cast-try-operator-cluster len=24 artifacts=63 advent-overaccept=45 advent-underaccept=11 compiler-timeout=1 reference-disagreement=1872 residual-ambiguity=1 same=27880 tree-difference=7
[29835/100000] reference-disagreement wide:closure:block-comment:real:BuildableNodes:379 len=1058 artifacts=63 advent-overaccept=45 advent-underaccept=11 compiler-timeout=1 reference-disagreement=1873 residual-ambiguity=1 same=27897 tree-difference=7
[29839/100000] reference-disagreement tspl-divergence-protocol-body len=168 artifacts=63 advent-overaccept=45 advent-underaccept=11 compiler-timeout=1 reference-disagreement=1874 residual-ambiguity=1 same=27900 tree-difference=7
[29856/100000] advent-underaccept wide:before-statement:splice+space:translated:testForwardSlashRegexSkipping37#1 len=48 artifacts=64 advent-overaccept=45 advent-underaccept=12 compiler-timeout=1 reference-disagreement=1874 residual-ambiguity=1 same=27916 tree-difference=7
[29862/100000] reference-disagreement tspl-divergence-protocol-body len=138 artifacts=64 advent-overaccept=45 advent-underaccept=12 compiler-timeout=1 reference-disagreement=1875 residual-ambiguity=1 same=27921 tree-difference=7
[29863/100000] reference-disagreement wide:func-body:raw:fuzz-harvest:requirement-layout len=46 artifacts=64 advent-overaccept=45 advent-underaccept=12 compiler-timeout=1 reference-disagreement=1876 residual-ambiguity=1 same=27921 tree-difference=7
[29880/100000] reference-disagreement wide:func-body:line-comment:real:MacroArgument:149 len=555 artifacts=64 advent-overaccept=45 advent-underaccept=12 compiler-timeout=1 reference-disagreement=1877 residual-ambiguity=1 same=27937 tree-difference=7
[29923/100000] reference-disagreement member-list-wide-boundary len=148 artifacts=64 advent-overaccept=45 advent-underaccept=12 compiler-timeout=1 reference-disagreement=1878 residual-ambiguity=1 same=27979 tree-difference=7
[29928/100000] reference-disagreement wide:closure:newline+block-comment+space:real:Parameters:37 len=94 artifacts=64 advent-overaccept=45 advent-underaccept=12 compiler-timeout=1 reference-disagreement=1879 residual-ambiguity=1 same=27983 tree-difference=7
[29935/100000] reference-disagreement wide:struct-member:newline:declaration:testParseIsolatedConformances#1 len=48 artifacts=64 advent-overaccept=45 advent-underaccept=12 compiler-timeout=1 reference-disagreement=1880 residual-ambiguity=1 same=27989 tree-difference=7
[29958/100000] reference-disagreement wide:before-statement:glue+keyword+splice:real:BodyMacro:21 len=934 artifacts=64 advent-overaccept=45 advent-underaccept=12 compiler-timeout=1 reference-disagreement=1881 residual-ambiguity=1 same=28011 tree-difference=7
[29969/100000] reference-disagreement wide:trailing-closure:raw:real:SyntaxEditUtils:166 len=289 artifacts=64 advent-overaccept=45 advent-underaccept=12 compiler-timeout=1 reference-disagreement=1882 residual-ambiguity=1 same=28021 tree-difference=7
[29986/100000] reference-disagreement grammarish-member-list len=183 artifacts=64 advent-overaccept=45 advent-underaccept=12 compiler-timeout=1 reference-disagreement=1883 residual-ambiguity=1 same=28037 tree-difference=7
[29988/100000] reference-disagreement tspl-divergence-protocol-body len=170 artifacts=64 advent-overaccept=45 advent-underaccept=12 compiler-timeout=1 reference-disagreement=1884 residual-ambiguity=1 same=28038 tree-difference=7
[30000/100000] same wide:interpolation:keyword+splice:real:SyntaxTraits:812 len=32 artifacts=64 advent-overaccept=45 advent-underaccept=12 compiler-timeout=1 reference-disagreement=1884 residual-ambiguity=1 same=28050 tree-difference=7
[30007/100000] reference-disagreement wide:func-body:raw:real:SyntaxExpressibleByStringInterpolationConformances:190 len=168 artifacts=64 advent-overaccept=45 advent-underaccept=12 compiler-timeout=1 reference-disagreement=1885 residual-ambiguity=1 same=28056 tree-difference=7
[30022/100000] reference-disagreement wide:extension-member:block-comment+block-comment+space:real:ConvenienceInitializers:302 len=395 artifacts=64 advent-overaccept=45 advent-underaccept=12 compiler-timeout=1 reference-disagreement=1886 residual-ambiguity=1 same=28070 tree-difference=7
[30048/100000] reference-disagreement wide:func-body:raw:translated:testSwitch45#1 len=80 artifacts=64 advent-overaccept=45 advent-underaccept=12 compiler-timeout=1 reference-disagreement=1887 residual-ambiguity=1 same=28095 tree-difference=7
[30054/100000] reference-disagreement wide:func-body:raw:real:ResultBuilders:206 len=199 artifacts=64 advent-overaccept=45 advent-underaccept=12 compiler-timeout=1 reference-disagreement=1888 residual-ambiguity=1 same=28100 tree-difference=7
[30057/100000] reference-disagreement keypath-boundary len=37 artifacts=64 advent-overaccept=45 advent-underaccept=12 compiler-timeout=1 reference-disagreement=1889 residual-ambiguity=1 same=28102 tree-difference=7
[30084/100000] reference-disagreement tspl-divergence-protocol-body len=180 artifacts=64 advent-overaccept=45 advent-underaccept=12 compiler-timeout=1 reference-disagreement=1890 residual-ambiguity=1 same=28128 tree-difference=7
[30086/100000] reference-disagreement wide:extension-member:raw:real:OperatorTable+Semantics:74 len=413 artifacts=64 advent-overaccept=45 advent-underaccept=12 compiler-timeout=1 reference-disagreement=1891 residual-ambiguity=1 same=28129 tree-difference=7
[30102/100000] reference-disagreement member-list-wide-boundary len=447 artifacts=64 advent-overaccept=45 advent-underaccept=12 compiler-timeout=1 reference-disagreement=1892 residual-ambiguity=1 same=28144 tree-difference=7
[30105/100000] reference-disagreement declaration-modifier-stack len=34 artifacts=64 advent-overaccept=45 advent-underaccept=12 compiler-timeout=1 reference-disagreement=1893 residual-ambiguity=1 same=28146 tree-difference=7
[30109/100000] reference-disagreement member-list-wide-boundary len=191 artifacts=64 advent-overaccept=45 advent-underaccept=12 compiler-timeout=1 reference-disagreement=1894 residual-ambiguity=1 same=28149 tree-difference=7
[30110/100000] reference-disagreement wide:closure:space+block-comment:translated:testOperatorDeclDesignatedTypes6#1 len=194 artifacts=64 advent-overaccept=45 advent-underaccept=12 compiler-timeout=1 reference-disagreement=1895 residual-ambiguity=1 same=28149 tree-difference=7
[30111/100000] reference-disagreement wide:closure:raw:real:SyntaxTraits:832 len=98 artifacts=64 advent-overaccept=45 advent-underaccept=12 compiler-timeout=1 reference-disagreement=1896 residual-ambiguity=1 same=28149 tree-difference=7
[30121/100000] reference-disagreement wide:struct-member:newline+block-comment:real:BuildableNodes:379+translated:testOriginalDefinedInAttr9#1 len=1204 artifacts=64 advent-overaccept=45 advent-underaccept=12 compiler-timeout=1 reference-disagreement=1897 residual-ambiguity=1 same=28158 tree-difference=7
[30131/100000] reference-disagreement member-list-wide-boundary len=233 artifacts=64 advent-overaccept=45 advent-underaccept=12 compiler-timeout=1 reference-disagreement=1898 residual-ambiguity=1 same=28167 tree-difference=7
[30142/100000] reference-disagreement grammarish-member-list len=233 artifacts=64 advent-overaccept=45 advent-underaccept=12 compiler-timeout=1 reference-disagreement=1899 residual-ambiguity=1 same=28177 tree-difference=7
[30155/100000] reference-disagreement declaration-modifier-stack len=34 artifacts=64 advent-overaccept=45 advent-underaccept=12 compiler-timeout=1 reference-disagreement=1900 residual-ambiguity=1 same=28189 tree-difference=7
[30160/100000] reference-disagreement seed-corpus-wrapped:preconcurrency-import len=49 artifacts=64 advent-overaccept=45 advent-underaccept=12 compiler-timeout=1 reference-disagreement=1901 residual-ambiguity=1 same=28193 tree-difference=7
[30162/100000] reference-disagreement wide:interpolation:raw:reject:testRecovery29#1 len=21 artifacts=64 advent-overaccept=45 advent-underaccept=12 compiler-timeout=1 reference-disagreement=1902 residual-ambiguity=1 same=28194 tree-difference=7
[30177/100000] reference-disagreement attribute-ifconfig-elseif-list len=133 artifacts=64 advent-overaccept=45 advent-underaccept=12 compiler-timeout=1 reference-disagreement=1903 residual-ambiguity=1 same=28208 tree-difference=7
[30195/100000] reference-disagreement wide:closure:raw:real:SyntaxTraits:860 len=71 artifacts=64 advent-overaccept=45 advent-underaccept=12 compiler-timeout=1 reference-disagreement=1904 residual-ambiguity=1 same=28225 tree-difference=7
[30202/100000] reference-disagreement tspl-divergence-protocol-body len=169 artifacts=64 advent-overaccept=45 advent-underaccept=12 compiler-timeout=1 reference-disagreement=1905 residual-ambiguity=1 same=28231 tree-difference=7
[30205/100000] reference-disagreement wide:func-body:raw:real:Syntax+StringInterpolation:334 len=427 artifacts=64 advent-overaccept=45 advent-underaccept=12 compiler-timeout=1 reference-disagreement=1906 residual-ambiguity=1 same=28233 tree-difference=7
[30220/100000] reference-disagreement nested-ifconfig-boundary len=117 artifacts=64 advent-overaccept=45 advent-underaccept=12 compiler-timeout=1 reference-disagreement=1907 residual-ambiguity=1 same=28247 tree-difference=7
[30227/100000] reference-disagreement member-list-wide-boundary len=287 artifacts=64 advent-overaccept=45 advent-underaccept=12 compiler-timeout=1 reference-disagreement=1908 residual-ambiguity=1 same=28253 tree-difference=7
[30250/100000] same wide:closure:raw:reject:testTypealias3a#1 len=42 artifacts=64 advent-overaccept=45 advent-underaccept=12 compiler-timeout=1 reference-disagreement=1908 residual-ambiguity=1 same=28276 tree-difference=7
[30278/100000] reference-disagreement wide:closure:block-comment+glue:declaration:testModifiedParameter#1 len=62 artifacts=64 advent-overaccept=45 advent-underaccept=12 compiler-timeout=1 reference-disagreement=1909 residual-ambiguity=1 same=28303 tree-difference=7
[30336/100000] reference-disagreement wide:closure:space+newline:real:CustomTraits:24 len=181 artifacts=64 advent-overaccept=45 advent-underaccept=12 compiler-timeout=1 reference-disagreement=1910 residual-ambiguity=1 same=28360 tree-difference=7
[30341/100000] reference-disagreement wide:struct-member:delete:real:BuildableNodes:1503+translated:testUnknownPlatform2#1 len=1137 artifacts=64 advent-overaccept=45 advent-underaccept=12 compiler-timeout=1 reference-disagreement=1911 residual-ambiguity=1 same=28364 tree-difference=7
[30358/100000] reference-disagreement binding-pattern len=458 artifacts=64 advent-overaccept=45 advent-underaccept=12 compiler-timeout=1 reference-disagreement=1912 residual-ambiguity=1 same=28380 tree-difference=7
[30366/100000] reference-disagreement wide:struct-member:newline+space+space:real:Names:371 len=259 artifacts=64 advent-overaccept=45 advent-underaccept=12 compiler-timeout=1 reference-disagreement=1913 residual-ambiguity=1 same=28387 tree-difference=7
[30380/100000] reference-disagreement nested-ifconfig-boundary len=163 artifacts=64 advent-overaccept=45 advent-underaccept=12 compiler-timeout=1 reference-disagreement=1914 residual-ambiguity=1 same=28400 tree-difference=7
[30409/100000] reference-disagreement wide:trailing-closure:keyword:translated:testEffectfulProperties8#1 len=105 artifacts=64 advent-overaccept=45 advent-underaccept=12 compiler-timeout=1 reference-disagreement=1915 residual-ambiguity=1 same=28428 tree-difference=7
[30413/100000] reference-disagreement tspl-divergence-accessor-commitment len=49 artifacts=64 advent-overaccept=45 advent-underaccept=12 compiler-timeout=1 reference-disagreement=1916 residual-ambiguity=1 same=28431 tree-difference=7
[30421/100000] reference-disagreement wide:after-statement:duplicate:translated:testAsyncDeinit#1 len=74 artifacts=64 advent-overaccept=45 advent-underaccept=12 compiler-timeout=1 reference-disagreement=1917 residual-ambiguity=1 same=28438 tree-difference=7
[30479/100000] reference-disagreement member-list-wide-boundary len=429 artifacts=64 advent-overaccept=45 advent-underaccept=12 compiler-timeout=1 reference-disagreement=1918 residual-ambiguity=1 same=28495 tree-difference=7
[30487/100000] reference-disagreement wide:struct-member:duplicate:real:ParserDiagnosticMessages:431 len=297 artifacts=64 advent-overaccept=45 advent-underaccept=12 compiler-timeout=1 reference-disagreement=1919 residual-ambiguity=1 same=28502 tree-difference=7
[30488/100000] reference-disagreement tspl-divergence-protocol-body len=98 artifacts=64 advent-overaccept=45 advent-underaccept=12 compiler-timeout=1 reference-disagreement=1920 residual-ambiguity=1 same=28502 tree-difference=7
[30500/100000] same contextual-keyword-boundary len=35 artifacts=64 advent-overaccept=45 advent-underaccept=12 compiler-timeout=1 reference-disagreement=1920 residual-ambiguity=1 same=28514 tree-difference=7
[30513/100000] reference-disagreement wide:before-statement:splice+line-comment+line-comment:reject:testStringLiteralAfterKeyPath1#1 len=40 artifacts=64 advent-overaccept=45 advent-underaccept=12 compiler-timeout=1 reference-disagreement=1921 residual-ambiguity=1 same=28526 tree-difference=7
[30556/100000] reference-disagreement tspl-divergence-protocol-body len=165 artifacts=64 advent-overaccept=45 advent-underaccept=12 compiler-timeout=1 reference-disagreement=1922 residual-ambiguity=1 same=28568 tree-difference=7
[30558/100000] reference-disagreement wide:trailing-closure:raw:real:SyntaxCollections:853 len=495 artifacts=64 advent-overaccept=45 advent-underaccept=12 compiler-timeout=1 reference-disagreement=1923 residual-ambiguity=1 same=28569 tree-difference=7
[30559/100000] reference-disagreement wide:func-body:line-comment:real:ParserDiagnosticMessages:791 len=222 artifacts=64 advent-overaccept=45 advent-underaccept=12 compiler-timeout=1 reference-disagreement=1924 residual-ambiguity=1 same=28569 tree-difference=7
[30569/100000] reference-disagreement tspl-divergence-protocol-body len=192 artifacts=64 advent-overaccept=45 advent-underaccept=12 compiler-timeout=1 reference-disagreement=1925 residual-ambiguity=1 same=28578 tree-difference=7
[30571/100000] reference-disagreement grammarish-member-list len=197 artifacts=64 advent-overaccept=45 advent-underaccept=12 compiler-timeout=1 reference-disagreement=1926 residual-ambiguity=1 same=28579 tree-difference=7
[30614/100000] reference-disagreement wide:struct-member:splice+space:real:ParseDiagnosticsGenerator:59 len=581 artifacts=64 advent-overaccept=45 advent-underaccept=12 compiler-timeout=1 reference-disagreement=1927 residual-ambiguity=1 same=28621 tree-difference=7
[30621/100000] reference-disagreement wide:func-body:glue+glue+block-comment:real:PackageDependency:69 len=350 artifacts=64 advent-overaccept=45 advent-underaccept=12 compiler-timeout=1 reference-disagreement=1928 residual-ambiguity=1 same=28627 tree-difference=7
[30624/100000] reference-disagreement wide:closure:newline:declaration:testModifiedParameter#1 len=58 artifacts=64 advent-overaccept=45 advent-underaccept=12 compiler-timeout=1 reference-disagreement=1929 residual-ambiguity=1 same=28629 tree-difference=7
[30633/100000] reference-disagreement wide:trailing-closure:line-comment+newline:real:Convenience:19 len=464 artifacts=64 advent-overaccept=45 advent-underaccept=12 compiler-timeout=1 reference-disagreement=1930 residual-ambiguity=1 same=28637 tree-difference=7
[30661/100000] reference-disagreement nested-ifconfig-boundary len=117 artifacts=64 advent-overaccept=45 advent-underaccept=12 compiler-timeout=1 reference-disagreement=1931 residual-ambiguity=1 same=28664 tree-difference=7
[30663/100000] reference-disagreement wide:trailing-closure:newline:real:SyntaxExpressibleByStringInterpolationConformances:22 len=86 artifacts=64 advent-overaccept=45 advent-underaccept=12 compiler-timeout=1 reference-disagreement=1932 residual-ambiguity=1 same=28665 tree-difference=7
[30676/100000] reference-disagreement attribute-ifconfig-elseif-list len=119 artifacts=64 advent-overaccept=45 advent-underaccept=12 compiler-timeout=1 reference-disagreement=1933 residual-ambiguity=1 same=28677 tree-difference=7
[30681/100000] reference-disagreement wide:struct-member:newline:real:SyntaxExpressibleByStringInterpolationConformances:151 len=93 artifacts=64 advent-overaccept=45 advent-underaccept=12 compiler-timeout=1 reference-disagreement=1934 residual-ambiguity=1 same=28681 tree-difference=7
[30697/100000] reference-disagreement wide:func-body:glue+line-comment:real:SyntaxExpressibleByStringInterpolationConformances:256 len=98 artifacts=64 advent-overaccept=45 advent-underaccept=12 compiler-timeout=1 reference-disagreement=1935 residual-ambiguity=1 same=28696 tree-difference=7
[30705/100000] reference-disagreement tspl-divergence-protocol-body len=175 artifacts=64 advent-overaccept=45 advent-underaccept=12 compiler-timeout=1 reference-disagreement=1936 residual-ambiguity=1 same=28703 tree-difference=7
[30739/100000] reference-disagreement wide:trailing-closure:line-comment:expression:testStringLiterals#4+real:ResultBuilders:232 len=232 artifacts=64 advent-overaccept=45 advent-underaccept=12 compiler-timeout=1 reference-disagreement=1937 residual-ambiguity=1 same=28736 tree-difference=7
[30750/100000] same closure-result-boundary len=89 artifacts=64 advent-overaccept=45 advent-underaccept=12 compiler-timeout=1 reference-disagreement=1937 residual-ambiguity=1 same=28747 tree-difference=7
[30782/100000] reference-disagreement wide:ifconfig:keyword:translated:testOperatorDecl19#1 len=53 artifacts=64 advent-overaccept=45 advent-underaccept=12 compiler-timeout=1 reference-disagreement=1938 residual-ambiguity=1 same=28778 tree-difference=7
[30785/100000] advent-overaccept wide:ifconfig:space+keyword+glue:translated:testDiagnoseAvailability18#1 len=106 artifacts=65 advent-overaccept=46 advent-underaccept=12 compiler-timeout=1 reference-disagreement=1938 residual-ambiguity=1 same=28780 tree-difference=7
[30803/100000] reference-disagreement wide:func-body:newline+swap:real:SwiftParserCompatibility:22 len=301 artifacts=65 advent-overaccept=46 advent-underaccept=12 compiler-timeout=1 reference-disagreement=1939 residual-ambiguity=1 same=28797 tree-difference=7
[30819/100000] reference-disagreement wide:after-statement:line-comment:declaration:testLiteralInitializerWithTrailingClosure#1 len=48 artifacts=65 advent-overaccept=46 advent-underaccept=12 compiler-timeout=1 reference-disagreement=1940 residual-ambiguity=1 same=28812 tree-difference=7
[30821/100000] reference-disagreement tspl-divergence-protocol-body len=127 artifacts=65 advent-overaccept=46 advent-underaccept=12 compiler-timeout=1 reference-disagreement=1941 residual-ambiguity=1 same=28813 tree-difference=7
[30846/100000] reference-disagreement tspl-divergence-protocol-body len=236 artifacts=65 advent-overaccept=46 advent-underaccept=12 compiler-timeout=1 reference-disagreement=1942 residual-ambiguity=1 same=28837 tree-difference=7
[30865/100000] reference-disagreement wide:top:newline:translated:testOperatorDeclDesignatedTypes10#1 len=39 artifacts=65 advent-overaccept=46 advent-underaccept=12 compiler-timeout=1 reference-disagreement=1943 residual-ambiguity=1 same=28855 tree-difference=7
[30866/100000] reference-disagreement wide:func-body:space+glue:real:SyntaxTraits:752 len=74 artifacts=65 advent-overaccept=46 advent-underaccept=12 compiler-timeout=1 reference-disagreement=1944 residual-ambiguity=1 same=28855 tree-difference=7
[30868/100000] reference-disagreement member-list-wide-boundary len=182 artifacts=65 advent-overaccept=46 advent-underaccept=12 compiler-timeout=1 reference-disagreement=1945 residual-ambiguity=1 same=28856 tree-difference=7
[30872/100000] reference-disagreement attribute-ifconfig-elseif-list len=115 artifacts=65 advent-overaccept=46 advent-underaccept=12 compiler-timeout=1 reference-disagreement=1946 residual-ambiguity=1 same=28859 tree-difference=7
[30892/100000] reference-disagreement wide:trailing-closure:space+line-comment:translated:testOperators15#1+real:ResultBuilders:489 len=205 artifacts=65 advent-overaccept=46 advent-underaccept=12 compiler-timeout=1 reference-disagreement=1947 residual-ambiguity=1 same=28878 tree-difference=7
[30894/100000] reference-disagreement wide:struct-member:raw:real:BuildableNodes:740 len=1081 artifacts=65 advent-overaccept=46 advent-underaccept=12 compiler-timeout=1 reference-disagreement=1948 residual-ambiguity=1 same=28879 tree-difference=7
[30907/100000] reference-disagreement statement-list len=643 artifacts=65 advent-overaccept=46 advent-underaccept=12 compiler-timeout=1 reference-disagreement=1949 residual-ambiguity=1 same=28891 tree-difference=7
[30911/100000] reference-disagreement wide:trailing-closure:raw:real:Statements:815 len=590 artifacts=65 advent-overaccept=46 advent-underaccept=12 compiler-timeout=1 reference-disagreement=1950 residual-ambiguity=1 same=28894 tree-difference=7
[30960/100000] reference-disagreement wide:struct-member:raw:real:SyntaxTraits:776 len=62 artifacts=65 advent-overaccept=46 advent-underaccept=12 compiler-timeout=1 reference-disagreement=1951 residual-ambiguity=1 same=28942 tree-difference=7
[30997/100000] reference-disagreement wide:extension-member:space:real:Trivia:203 len=254 artifacts=65 advent-overaccept=46 advent-underaccept=12 compiler-timeout=1 reference-disagreement=1952 residual-ambiguity=1 same=28978 tree-difference=7
[31000/100000] same pattern-matrix-boundary len=520 artifacts=65 advent-overaccept=46 advent-underaccept=12 compiler-timeout=1 reference-disagreement=1952 residual-ambiguity=1 same=28981 tree-difference=7
[31028/100000] reference-disagreement keypath-boundary len=44 artifacts=65 advent-overaccept=46 advent-underaccept=12 compiler-timeout=1 reference-disagreement=1953 residual-ambiguity=1 same=29008 tree-difference=7
[31042/100000] reference-disagreement wide:struct-member:raw:attribute:testABIAttribute#3 len=38 artifacts=65 advent-overaccept=46 advent-underaccept=12 compiler-timeout=1 reference-disagreement=1954 residual-ambiguity=1 same=29021 tree-difference=7
[31044/100000] advent-underaccept wide:closure:newline+newline:translated:testForwardSlashRegex110#1 len=34 artifacts=66 advent-overaccept=46 advent-underaccept=13 compiler-timeout=1 reference-disagreement=1954 residual-ambiguity=1 same=29022 tree-difference=7
[31061/100000] reference-disagreement func-body len=458 artifacts=66 advent-overaccept=46 advent-underaccept=13 compiler-timeout=1 reference-disagreement=1955 residual-ambiguity=1 same=29038 tree-difference=7
[31069/100000] reference-disagreement wide:closure:newline+glue:real:SyntaxBaseNodes:899+translated:testEnum10#1 len=135 artifacts=66 advent-overaccept=46 advent-underaccept=13 compiler-timeout=1 reference-disagreement=1956 residual-ambiguity=1 same=29045 tree-difference=7
[31091/100000] reference-disagreement wide:func-body:newline+block-comment:real:Syntax:548 len=49 artifacts=66 advent-overaccept=46 advent-underaccept=13 compiler-timeout=1 reference-disagreement=1957 residual-ambiguity=1 same=29066 tree-difference=7
[31104/100000] reference-disagreement keypath-component-matrix len=45 artifacts=66 advent-overaccept=46 advent-underaccept=13 compiler-timeout=1 reference-disagreement=1958 residual-ambiguity=1 same=29078 tree-difference=7
[31117/100000] reference-disagreement wide:trailing-closure:raw:real:SyntaxTraits:643 len=226 artifacts=66 advent-overaccept=46 advent-underaccept=13 compiler-timeout=1 reference-disagreement=1959 residual-ambiguity=1 same=29090 tree-difference=7
[31121/100000] reference-disagreement wide:top:newline+swap:translated:testInitDeinit12#1 len=26 artifacts=66 advent-overaccept=46 advent-underaccept=13 compiler-timeout=1 reference-disagreement=1960 residual-ambiguity=1 same=29093 tree-difference=7
[31143/100000] reference-disagreement grammarish-member-list len=246 artifacts=66 advent-overaccept=46 advent-underaccept=13 compiler-timeout=1 reference-disagreement=1961 residual-ambiguity=1 same=29114 tree-difference=7
[31174/100000] reference-disagreement member-list-wide-boundary len=410 artifacts=66 advent-overaccept=46 advent-underaccept=13 compiler-timeout=1 reference-disagreement=1962 residual-ambiguity=1 same=29144 tree-difference=7
[31177/100000] reference-disagreement keypath-component-matrix len=26 artifacts=66 advent-overaccept=46 advent-underaccept=13 compiler-timeout=1 reference-disagreement=1963 residual-ambiguity=1 same=29146 tree-difference=7
[31179/100000] reference-disagreement wide:ifconfig:newline+keyword:real:SyntaxExpressibleByStringInterpolationConformances:163 len=162 artifacts=66 advent-overaccept=46 advent-underaccept=13 compiler-timeout=1 reference-disagreement=1964 residual-ambiguity=1 same=29147 tree-difference=7
[31186/100000] reference-disagreement keypath-boundary len=44 artifacts=66 advent-overaccept=46 advent-underaccept=13 compiler-timeout=1 reference-disagreement=1965 residual-ambiguity=1 same=29153 tree-difference=7
[31198/100000] reference-disagreement wide:trailing-closure:line-comment:translated:testDiagnoseAvailability10#1+reject:testForwardSlashRegex142#1 len=111 artifacts=66 advent-overaccept=46 advent-underaccept=13 compiler-timeout=1 reference-disagreement=1966 residual-ambiguity=1 same=29164 tree-difference=7
[31205/100000] reference-disagreement member-list-wide-boundary len=290 artifacts=66 advent-overaccept=46 advent-underaccept=13 compiler-timeout=1 reference-disagreement=1967 residual-ambiguity=1 same=29170 tree-difference=7
[31217/100000] reference-disagreement keypath-boundary len=37 artifacts=66 advent-overaccept=46 advent-underaccept=13 compiler-timeout=1 reference-disagreement=1968 residual-ambiguity=1 same=29181 tree-difference=7
[31239/100000] reference-disagreement wide:struct-member:glue+space:translated:testForwardSlashRegex1#1+declaration:testVariableDeclarations#8 len=124 artifacts=66 advent-overaccept=46 advent-underaccept=13 compiler-timeout=1 reference-disagreement=1969 residual-ambiguity=1 same=29202 tree-difference=7
[31250/100000] same member-list-boundary len=332 artifacts=66 advent-overaccept=46 advent-underaccept=13 compiler-timeout=1 reference-disagreement=1969 residual-ambiguity=1 same=29213 tree-difference=7
[31278/100000] reference-disagreement wide:closure:space:translated:testConflictMarkers4#1 len=69 artifacts=66 advent-overaccept=46 advent-underaccept=13 compiler-timeout=1 reference-disagreement=1970 residual-ambiguity=1 same=29240 tree-difference=7
[31288/100000] reference-disagreement wide:func-body:newline:real:SwiftSyntaxCompatibility:238+translated:testTry5#1 len=225 artifacts=66 advent-overaccept=46 advent-underaccept=13 compiler-timeout=1 reference-disagreement=1971 residual-ambiguity=1 same=29249 tree-difference=7
[31313/100000] reference-disagreement func-body len=458 artifacts=66 advent-overaccept=46 advent-underaccept=13 compiler-timeout=1 reference-disagreement=1972 residual-ambiguity=1 same=29273 tree-difference=7
[31346/100000] reference-disagreement tspl-divergence-protocol-body len=206 artifacts=66 advent-overaccept=46 advent-underaccept=13 compiler-timeout=1 reference-disagreement=1973 residual-ambiguity=1 same=29305 tree-difference=7
[31350/100000] reference-disagreement wide:struct-member:duplicate:real:RawSyntaxNodesOP:17+real:Trivia:13 len=155 artifacts=66 advent-overaccept=46 advent-underaccept=13 compiler-timeout=1 reference-disagreement=1974 residual-ambiguity=1 same=29308 tree-difference=7
[31370/100000] reference-disagreement grammarish-member-list len=284 artifacts=66 advent-overaccept=46 advent-underaccept=13 compiler-timeout=1 reference-disagreement=1975 residual-ambiguity=1 same=29327 tree-difference=7
[31376/100000] reference-disagreement wide:func-body:space:real:SyntaxExpressibleByStringInterpolationConformances:52 len=95 artifacts=66 advent-overaccept=46 advent-underaccept=13 compiler-timeout=1 reference-disagreement=1976 residual-ambiguity=1 same=29332 tree-difference=7
[31416/100000] reference-disagreement grammarish-member-list len=360 artifacts=66 advent-overaccept=46 advent-underaccept=13 compiler-timeout=1 reference-disagreement=1977 residual-ambiguity=1 same=29371 tree-difference=7
[31419/100000] reference-disagreement wide:extension-member:newline:real:LocationMarkers:22 len=212 artifacts=66 advent-overaccept=46 advent-underaccept=13 compiler-timeout=1 reference-disagreement=1978 residual-ambiguity=1 same=29373 tree-difference=7
[31421/100000] reference-disagreement wide:func-body:space:real:ParserDiagnosticMessages:298 len=332 artifacts=66 advent-overaccept=46 advent-underaccept=13 compiler-timeout=1 reference-disagreement=1979 residual-ambiguity=1 same=29374 tree-difference=7
[31444/100000] reference-disagreement member-list-wide-boundary len=144 artifacts=66 advent-overaccept=46 advent-underaccept=13 compiler-timeout=1 reference-disagreement=1980 residual-ambiguity=1 same=29396 tree-difference=7
[31466/100000] advent-overaccept wide:before-statement:newline+space:type:testLifetimeSpecifier#3 len=67 artifacts=67 advent-overaccept=47 advent-underaccept=13 compiler-timeout=1 reference-disagreement=1980 residual-ambiguity=1 same=29417 tree-difference=7
[31478/100000] reference-disagreement wide:top:raw:reject:testModuleSelectorExpr#16 len=12 artifacts=67 advent-overaccept=47 advent-underaccept=13 compiler-timeout=1 reference-disagreement=1981 residual-ambiguity=1 same=29428 tree-difference=7
[31482/100000] reference-disagreement wide:extension-member:raw:real:SwiftSyntaxCompatibility:238 len=144 artifacts=67 advent-overaccept=47 advent-underaccept=13 compiler-timeout=1 reference-disagreement=1982 residual-ambiguity=1 same=29431 tree-difference=7
[31488/100000] reference-disagreement wide:after-statement:newline+duplicate:real:LexerDiagnosticMessages:30 len=298 artifacts=67 advent-overaccept=47 advent-underaccept=13 compiler-timeout=1 reference-disagreement=1983 residual-ambiguity=1 same=29436 tree-difference=7
[31500/100000] same accessor-effect-boundary len=84 artifacts=67 advent-overaccept=47 advent-underaccept=13 compiler-timeout=1 reference-disagreement=1983 residual-ambiguity=1 same=29448 tree-difference=7
[31511/100000] reference-disagreement member-list-wide-boundary len=178 artifacts=67 advent-overaccept=47 advent-underaccept=13 compiler-timeout=1 reference-disagreement=1984 residual-ambiguity=1 same=29458 tree-difference=7
[31521/100000] reference-disagreement wide:func-body:raw:attribute:testUnavailableFromAsync#3 len=65 artifacts=67 advent-overaccept=47 advent-underaccept=13 compiler-timeout=1 reference-disagreement=1985 residual-ambiguity=1 same=29467 tree-difference=7
[31522/100000] reference-disagreement attribute-ifconfig-elseif-list len=117 artifacts=67 advent-overaccept=47 advent-underaccept=13 compiler-timeout=1 reference-disagreement=1986 residual-ambiguity=1 same=29467 tree-difference=7
[31632/100000] reference-disagreement grammarish-member-list len=139 artifacts=67 advent-overaccept=47 advent-underaccept=13 compiler-timeout=1 reference-disagreement=1987 residual-ambiguity=1 same=29576 tree-difference=7
[31642/100000] reference-disagreement wide:closure:raw:phase3-modifier:public-final+translated:testForwardSlashRegexSkipping51#1 len=71 artifacts=67 advent-overaccept=47 advent-underaccept=13 compiler-timeout=1 reference-disagreement=1988 residual-ambiguity=1 same=29585 tree-difference=7
[31653/100000] reference-disagreement wide:top:raw:reject:testAvailabilityQueryUnavailability23#1 len=31 artifacts=67 advent-overaccept=47 advent-underaccept=13 compiler-timeout=1 reference-disagreement=1989 residual-ambiguity=1 same=29595 tree-difference=7
[31670/100000] reference-disagreement wide:top:glue:translated:testInitDeinit4#1 len=67 artifacts=67 advent-overaccept=47 advent-underaccept=13 compiler-timeout=1 reference-disagreement=1990 residual-ambiguity=1 same=29611 tree-difference=7
[31671/100000] reference-disagreement tspl-divergence-accessor-commitment len=49 artifacts=67 advent-overaccept=47 advent-underaccept=13 compiler-timeout=1 reference-disagreement=1991 residual-ambiguity=1 same=29611 tree-difference=7
[31672/100000] reference-disagreement cast-try-operator-cluster len=24 artifacts=67 advent-overaccept=47 advent-underaccept=13 compiler-timeout=1 reference-disagreement=1992 residual-ambiguity=1 same=29611 tree-difference=7
[31687/100000] reference-disagreement wide:func-body:raw:real:ConvenienceInitializers:302 len=381 artifacts=67 advent-overaccept=47 advent-underaccept=13 compiler-timeout=1 reference-disagreement=1993 residual-ambiguity=1 same=29625 tree-difference=7
[31692/100000] reference-disagreement wide:top:raw:expression:testKeyPathMethodAndInitializers#7 len=16 artifacts=67 advent-overaccept=47 advent-underaccept=13 compiler-timeout=1 reference-disagreement=1994 residual-ambiguity=1 same=29629 tree-difference=7
[31717/100000] reference-disagreement wide:closure:splice:real:ParserDiagnosticMessages:23 len=64 artifacts=67 advent-overaccept=47 advent-underaccept=13 compiler-timeout=1 reference-disagreement=1995 residual-ambiguity=1 same=29653 tree-difference=7
[31731/100000] reference-disagreement wide:closure:newline+swap:real:Note:22 len=209 artifacts=67 advent-overaccept=47 advent-underaccept=13 compiler-timeout=1 reference-disagreement=1996 residual-ambiguity=1 same=29666 tree-difference=7
[31741/100000] reference-disagreement tspl-divergence-accessor-commitment len=78 artifacts=67 advent-overaccept=47 advent-underaccept=13 compiler-timeout=1 reference-disagreement=1997 residual-ambiguity=1 same=29675 tree-difference=7
[31750/100000] same wide:closure:swap:translated:testInitDeinit28#1 len=66 artifacts=67 advent-overaccept=47 advent-underaccept=13 compiler-timeout=1 reference-disagreement=1997 residual-ambiguity=1 same=29684 tree-difference=7
[31775/100000] reference-disagreement wide:extension-member:splice:phase4-macro:borrow len=52 artifacts=67 advent-overaccept=47 advent-underaccept=13 compiler-timeout=1 reference-disagreement=1998 residual-ambiguity=1 same=29708 tree-difference=7
[31787/100000] reference-disagreement wide:top:line-comment+newline:reject:testMacroRoleNames#1 len=55 artifacts=67 advent-overaccept=47 advent-underaccept=13 compiler-timeout=1 reference-disagreement=1999 residual-ambiguity=1 same=29719 tree-difference=7
[31791/100000] reference-disagreement attribute-ifconfig-elseif-list len=123 artifacts=67 advent-overaccept=47 advent-underaccept=13 compiler-timeout=1 reference-disagreement=2000 residual-ambiguity=1 same=29722 tree-difference=7
[31799/100000] reference-disagreement wide:before-statement:line-comment:type:testInverseTypes#2 len=41 artifacts=67 advent-overaccept=47 advent-underaccept=13 compiler-timeout=1 reference-disagreement=2001 residual-ambiguity=1 same=29729 tree-difference=7
[31818/100000] reference-disagreement wide:closure:keyword+newline:declaration:testModifiedParameter#2 len=67 artifacts=67 advent-overaccept=47 advent-underaccept=13 compiler-timeout=1 reference-disagreement=2002 residual-ambiguity=1 same=29747 tree-difference=7
[31838/100000] reference-disagreement keypath-boundary len=40 artifacts=67 advent-overaccept=47 advent-underaccept=13 compiler-timeout=1 reference-disagreement=2003 residual-ambiguity=1 same=29766 tree-difference=7
[31846/100000] reference-disagreement wide:func-body:raw:translated:testSwitch46#1 len=105 artifacts=67 advent-overaccept=47 advent-underaccept=13 compiler-timeout=1 reference-disagreement=2004 residual-ambiguity=1 same=29773 tree-difference=7
[31867/100000] reference-disagreement wide:func-body:raw:reject:testChainedOptionalUnwrapsWithDot#1 len=22 artifacts=67 advent-overaccept=47 advent-underaccept=13 compiler-timeout=1 reference-disagreement=2005 residual-ambiguity=1 same=29793 tree-difference=7
[31871/100000] reference-disagreement wide:before-statement:duplicate:real:CallLikeSyntax:20 len=366 artifacts=67 advent-overaccept=47 advent-underaccept=13 compiler-timeout=1 reference-disagreement=2006 residual-ambiguity=1 same=29796 tree-difference=7
[31894/100000] reference-disagreement tspl-divergence-protocol-body len=190 artifacts=67 advent-overaccept=47 advent-underaccept=13 compiler-timeout=1 reference-disagreement=2007 residual-ambiguity=1 same=29818 tree-difference=7
[31914/100000] reference-disagreement tspl-divergence-protocol-body len=126 artifacts=67 advent-overaccept=47 advent-underaccept=13 compiler-timeout=1 reference-disagreement=2008 residual-ambiguity=1 same=29837 tree-difference=7
[31938/100000] reference-disagreement seed-corpus-structural-splice:extension-optional-type len=82 artifac