wide corpus: 4594 entries, 50% of inputs
frontier lanes: 20% of inputs
interesting corpus: 0 entries, 0% of inputs
run: /Users/janwillem/Developer/Xcode/ApusApus/SwiftSyntaxFuzzer/runs/worker-0/2026-10-07T08-39-21Z
seed: 11400602419948498427
iterations: 100000
probe mode: persistent
seed corpus: /Users/janwillem/Developer/Xcode/ApusApus/SwiftSyntaxFuzzer/seeds/known-problems.txt (63 entries)
artifact cap: 10000 files, 1024 MB
artifact statuses: advent-no-generated-tree,advent-overaccept,advent-underaccept,crash,invalid-probe-output,probe-error,residual-ambiguity,timeout,tree-difference
artifact cap per status: 500
artifact dedupe: signal
interesting passes: /Users/janwillem/Developer/Xcode/ApusApus/SwiftSyntaxFuzzer/runs/worker-0/2026-10-07T08-39-21Z/interesting.jsonl (cap 2000)
[1/100000] same wide:before-statement:space+delete+newline:translated:testFunctionTypeExpr#2+translated:testAvailabilityQueryUnavailability17#1 len=98 artifacts=0 same=1
[18/100000] reference-disagreement tspl-divergence-protocol-body len=162 artifacts=0 reference-disagreement=1 same=17
[27/100000] reference-disagreement nested-ifconfig-boundary len=163 artifacts=0 reference-disagreement=2 same=25
[35/100000] reference-disagreement wide:trailing-closure:raw:translated:testForwardSlashRegexSkipping24#1+real:SyntaxTraits:762 len=105 artifacts=0 reference-disagreement=3 same=32
[36/100000] reference-disagreement wide:struct-member:space+block-comment:real:ResultBuilders:414 len=209 artifacts=0 reference-disagreement=4 same=32
[48/100000] reference-disagreement wide:trailing-closure:raw:real:ConvenienceInitializers:389+translated:testFunctionTypeExpr#13 len=181 artifacts=0 reference-disagreement=5 same=43
[75/100000] reference-disagreement wide:struct-member:block-comment:real:SyntaxProtocol+Initializer:84 len=557 artifacts=0 reference-disagreement=6 same=69
[89/100000] reference-disagreement keypath-component-matrix len=41 artifacts=0 reference-disagreement=7 same=82
[94/100000] reference-disagreement tspl-divergence-accessor-commitment len=49 artifacts=0 reference-disagreement=8 same=86
[129/100000] reference-disagreement wide:trailing-closure:raw:real:ResultBuilders:124 len=127 artifacts=0 reference-disagreement=9 same=120
[146/100000] reference-disagreement binding-pattern len=458 artifacts=0 reference-disagreement=10 same=136
[169/100000] reference-disagreement wide:func-body:raw:real:SyntaxTraits:535 len=133 artifacts=0 reference-disagreement=11 same=158
[174/100000] reference-disagreement wide:func-body:raw:real:RawSyntax:947 len=229 artifacts=0 reference-disagreement=12 same=162
[196/100000] reference-disagreement wide:ifconfig:swap:phase1:let-annotated+expression:testTypedThrowsClosureParam#1 len=64 artifacts=0 reference-disagreement=13 same=183
[210/100000] reference-disagreement wide:extension-member:space+duplicate:declaration:testBorrowingConsumingParameterSpecifiers#9 len=66 artifacts=0 reference-disagreement=14 same=196
[250/100000] same closure-result-boundary len=61 artifacts=0 reference-disagreement=14 same=236
[251/100000] reference-disagreement tspl-divergence-protocol-body len=103 artifacts=0 reference-disagreement=15 same=236
[270/100000] reference-disagreement binding-pattern len=458 artifacts=0 reference-disagreement=16 same=254
[287/100000] reference-disagreement tspl-divergence-accessor-commitment len=49 artifacts=0 reference-disagreement=17 same=270
[293/100000] reference-disagreement tspl-divergence-protocol-body len=90 artifacts=0 reference-disagreement=18 same=275
[309/100000] reference-disagreement declaration-modifier-stack len=34 artifacts=0 reference-disagreement=19 same=290
[321/100000] reference-disagreement wide:extension-member:raw:real:IncrementalParseTransition:19 len=773 artifacts=0 reference-disagreement=20 same=301
[325/100000] reference-disagreement wide:closure:raw:real:SyntaxBaseNodes:1472 len=88 artifacts=0 reference-disagreement=21 same=304
[330/100000] reference-disagreement wide:closure:keyword+line-comment:translated:testModuleSelectorExpr#6+real:MissingNodesError:353 len=208 artifacts=0 reference-disagreement=22 same=308
[332/100000] advent-overaccept wide:trailing-closure:newline:reject:testOperatorDecl1a#1 len=31 artifacts=1 advent-overaccept=1 reference-disagreement=22 same=309
[350/100000] reference-disagreement wide:closure:glue+block-comment:real:SyntaxUtils:77 len=91 artifacts=1 advent-overaccept=1 reference-disagreement=23 same=326
[385/100000] reference-disagreement tspl-divergence-protocol-body len=241 artifacts=1 advent-overaccept=1 reference-disagreement=24 same=360
[390/100000] reference-disagreement wide:func-body:block-comment+newline:real:SwiftSyntaxCompatibility:883 len=187 artifacts=1 advent-overaccept=1 reference-disagreement=25 same=364
[392/100000] tree-difference wide:closure:newline:translated:testGenericDisambiguation9#1 len=33 artifacts=2 advent-overaccept=1 reference-disagreement=25 same=365 tree-difference=1
[399/100000] reference-disagreement tspl-divergence-protocol-body len=127 artifacts=2 advent-overaccept=1 reference-disagreement=26 same=371 tree-difference=1
[408/100000] reference-disagreement attribute-ifconfig-elseif-list len=118 artifacts=2 advent-overaccept=1 reference-disagreement=27 same=379 tree-difference=1
[417/100000] reference-disagreement wide:trailing-closure:block-comment:real:Syntax+StringInterpolation:469 len=82 artifacts=2 advent-overaccept=1 reference-disagreement=28 same=387 tree-difference=1
[450/100000] reference-disagreement declaration-modifier-stack len=34 artifacts=2 advent-overaccept=1 reference-disagreement=29 same=419 tree-difference=1
[455/100000] reference-disagreement attribute-ifconfig-elseif-list len=123 artifacts=2 advent-overaccept=1 reference-disagreement=30 same=423 tree-difference=1
[459/100000] reference-disagreement wide:func-body:newline+newline+glue:real:RenamedChildrenBuilderCompatibility:1043 len=1172 artifacts=2 advent-overaccept=1 reference-disagreement=31 same=426 tree-difference=1
[465/100000] reference-disagreement attribute-ifconfig-elseif-list len=114 artifacts=2 advent-overaccept=1 reference-disagreement=32 same=431 tree-difference=1
[467/100000] reference-disagreement grammarish-member-list len=420 artifacts=2 advent-overaccept=1 reference-disagreement=33 same=432 tree-difference=1
[477/100000] reference-disagreement tspl-divergence-accessor-commitment len=78 artifacts=2 advent-overaccept=1 reference-disagreement=34 same=441 tree-difference=1
[482/100000] reference-disagreement wide:func-body:line-comment:real:BasicMacroExpansionContext:141 len=308 artifacts=2 advent-overaccept=1 reference-disagreement=35 same=445 tree-difference=1
[487/100000] reference-disagreement member-list-wide-boundary len=221 artifacts=2 advent-overaccept=1 reference-disagreement=36 same=449 tree-difference=1
[500/100000] reference-disagreement wide:top:raw:attribute:testImplementsAttribute#1 len=301 artifacts=2 advent-overaccept=1 reference-disagreement=37 same=461 tree-difference=1
[523/100000] reference-disagreement tspl-divergence-protocol-body len=181 artifacts=2 advent-overaccept=1 reference-disagreement=38 same=483 tree-difference=1
[540/100000] reference-disagreement wide:ifconfig:line-comment:translated:testDeprecatedWhere8#1 len=248 artifacts=2 advent-overaccept=1 reference-disagreement=39 same=499 tree-difference=1
[541/100000] reference-disagreement wide:struct-member:space+keyword:translated:testInvalidStringInterpolationProtocol5#1 len=256 artifacts=2 advent-overaccept=1 reference-disagreement=40 same=499 tree-difference=1
[549/100000] reference-disagreement wide:extension-member:newline+keyword:real:DeclSyntaxParseable:25 len=717 artifacts=2 advent-overaccept=1 reference-disagreement=41 same=506 tree-difference=1
[577/100000] reference-disagreement wide:extension-member:newline:translated:testOperatorDeclDesignatedTypes8#1 len=61 artifacts=2 advent-overaccept=1 reference-disagreement=42 same=533 tree-difference=1
[591/100000] reference-disagreement cast-try-operator-cluster len=24 artifacts=2 advent-overaccept=1 reference-disagreement=43 same=546 tree-difference=1
[620/100000] reference-disagreement wide:extension-member:line-comment:declaration:testReasyncFunctions#1 len=170 artifacts=2 advent-overaccept=1 reference-disagreement=44 same=574 tree-difference=1
[655/100000] advent-overaccept wide:func-body:raw:reject:testConflictMarkers12#1 len=144 artifacts=3 advent-overaccept=2 reference-disagreement=44 same=608 tree-difference=1
[673/100000] reference-disagreement wide:closure:block-comment+newline:reject:testCoroutineAccessors#1 len=104 artifacts=3 advent-overaccept=2 reference-disagreement=45 same=625 tree-difference=1
[680/100000] reference-disagreement tspl-divergence-accessor-commitment len=78 artifacts=3 advent-overaccept=2 reference-disagreement=46 same=631 tree-difference=1
[695/100000] reference-disagreement keypath-component-matrix len=46 artifacts=3 advent-overaccept=2 reference-disagreement=47 same=645 tree-difference=1
[707/100000] reference-disagreement member-list-wide-boundary len=323 artifacts=3 advent-overaccept=2 reference-disagreement=48 same=656 tree-difference=1
[723/100000] reference-disagreement wide:before-statement:raw:reject:testCoroutineAccessors#1 len=91 artifacts=3 advent-overaccept=2 reference-disagreement=49 same=671 tree-difference=1
[725/100000] reference-disagreement wide:extension-member:raw:real:SyntaxTraits:780+attribute:testBackDeployed#5 len=133 artifacts=3 advent-overaccept=2 reference-disagreement=50 same=672 tree-difference=1
[736/100000] reference-disagreement wide:top:raw:declaration:testParsePoundError#1 len=30 artifacts=3 advent-overaccept=2 reference-disagreement=51 same=682 tree-difference=1
[739/100000] reference-disagreement wide:before-statement:block-comment+space:translated:testCompilerFuncCall#1+expression:testKeyPathMethodAndInitializers#6 len=72 artifacts=3 advent-overaccept=2 reference-disagreement=52 same=684 tree-difference=1
[750/100000] same closure-label len=63 artifacts=3 advent-overaccept=2 reference-disagreement=52 same=695 tree-difference=1
[774/100000] reference-disagreement wide:trailing-closure:newline+space:real:SyntaxTraits:842 len=53 artifacts=3 advent-overaccept=2 reference-disagreement=53 same=718 tree-difference=1
[779/100000] reference-disagreement wide:closure:block-comment:real:ResultBuilders:502 len=155 artifacts=3 advent-overaccept=2 reference-disagreement=54 same=722 tree-difference=1
[783/100000] reference-disagreement wide:closure:raw:real:SyntaxCollections:564 len=500 artifacts=3 advent-overaccept=2 reference-disagreement=55 same=725 tree-difference=1
[812/100000] reference-disagreement wide:func-body:raw:translated:testOperatorDeclDesignatedTypes16#1 len=59 artifacts=3 advent-overaccept=2 reference-disagreement=56 same=753 tree-difference=1
[814/100000] reference-disagreement binding-pattern len=458 artifacts=3 advent-overaccept=2 reference-disagreement=57 same=754 tree-difference=1
[821/100000] reference-disagreement wide:struct-member:line-comment:real:ResultBuilders:480 len=208 artifacts=3 advent-overaccept=2 reference-disagreement=58 same=760 tree-difference=1
[837/100000] reference-disagreement wide:extension-member:raw:real:ActiveSyntaxRewriter:433 len=340 artifacts=3 advent-overaccept=2 reference-disagreement=59 same=775 tree-difference=1
[850/100000] tree-difference wide:interpolation:glue:translated:testForwardSlashRegex88#1 len=25 artifacts=4 advent-overaccept=2 reference-disagreement=59 same=787 tree-difference=2
[857/100000] reference-disagreement member-list-wide-boundary len=409 artifacts=4 advent-overaccept=2 reference-disagreement=60 same=793 tree-difference=2
[882/100000] reference-disagreement wide:func-body:newline+splice+space:real:Macro+Format:25 len=100 artifacts=4 advent-overaccept=2 reference-disagreement=61 same=817 tree-difference=2
[887/100000] reference-disagreement statement-list len=637 artifacts=4 advent-overaccept=2 reference-disagreement=62 same=821 tree-difference=2
[894/100000] reference-disagreement tspl-divergence-protocol-body len=160 artifacts=4 advent-overaccept=2 reference-disagreement=63 same=827 tree-difference=2
[910/100000] reference-disagreement wide:func-body:newline+block-comment+block-comment:real:Syntax:348 len=156 artifacts=4 advent-overaccept=2 reference-disagreement=64 same=842 tree-difference=2
[952/100000] reference-disagreement wide:trailing-closure:raw:phase4-decl:op-prefix len=28 artifacts=4 advent-overaccept=2 reference-disagreement=65 same=883 tree-difference=2
[986/100000] reference-disagreement wide:closure:line-comment:statement:testSwitch#2+type:testVariadics#1 len=212 artifacts=4 advent-overaccept=2 reference-disagreement=66 same=916 tree-difference=2
[990/100000] reference-disagreement tspl-divergence-protocol-body len=108 artifacts=4 advent-overaccept=2 reference-disagreement=67 same=919 tree-difference=2
[1000/100000] same member-keyword len=33 artifacts=4 advent-overaccept=2 reference-disagreement=67 same=929 tree-difference=2
[1006/100000] reference-disagreement wide:closure:newline:real:SyntaxExpressibleByStringInterpolationConformances:118 len=177 artifacts=4 advent-overaccept=2 reference-disagreement=68 same=934 tree-difference=2
[1015/100000] reference-disagreement wide:top:block-comment:attribute:testDifferentiableAttribute#1 len=120 artifacts=4 advent-overaccept=2 reference-disagreement=69 same=942 tree-difference=2
[1022/100000] reference-disagreement wide:struct-member:raw:declaration:testReasyncFunctions#1 len=161 artifacts=4 advent-overaccept=2 reference-disagreement=70 same=948 tree-difference=2
[1024/100000] reference-disagreement wide:trailing-closure:raw:type:testInverseTypesInParameter#8+real:Parser:447 len=87 artifacts=4 advent-overaccept=2 reference-disagreement=71 same=949 tree-difference=2
[1026/100000] advent-overaccept wide:ifconfig:glue:translated:testOperatorDecl11d#1 len=33 artifacts=5 advent-overaccept=3 reference-disagreement=71 same=950 tree-difference=2
[1049/100000] reference-disagreement binding-pattern len=458 artifacts=5 advent-overaccept=3 reference-disagreement=72 same=972 tree-difference=2
[1059/100000] reference-disagreement attribute-ifconfig-elseif-list len=123 artifacts=5 advent-overaccept=3 reference-disagreement=73 same=981 tree-difference=2
[1063/100000] reference-disagreement wide:top:newline:translated:testEnum54#1 len=61 artifacts=5 advent-overaccept=3 reference-disagreement=74 same=984 tree-difference=2
[1078/100000] reference-disagreement wide:top:line-comment+glue+newline:declaration:testConstAsArgumentLabel#3 len=39 artifacts=5 advent-overaccept=3 reference-disagreement=75 same=998 tree-difference=2
[1116/100000] reference-disagreement wide:closure:newline+glue:real:Message:74 len=316 artifacts=5 advent-overaccept=3 reference-disagreement=76 same=1035 tree-difference=2
[1120/100000] reference-disagreement wide:func-body:raw:declaration:testClassParsing#1+translated:testSwitch23#1 len=49 artifacts=5 advent-overaccept=3 reference-disagreement=77 same=1038 tree-difference=2
[1127/100000] reference-disagreement tspl-divergence-accessor-commitment len=49 artifacts=5 advent-overaccept=3 reference-disagreement=78 same=1044 tree-difference=2
[1132/100000] reference-disagreement wide:func-body:line-comment:real:ScopeImplementations:16 len=594 artifacts=5 advent-overaccept=3 reference-disagreement=79 same=1048 tree-difference=2
[1149/100000] reference-disagreement wide:struct-member:newline+newline+keyword:real:BasicMacroExpansionContext:118 len=1044 artifacts=5 advent-overaccept=3 reference-disagreement=80 same=1064 tree-difference=2
[1154/100000] reference-disagreement grammarish-member-list len=145 artifacts=5 advent-overaccept=3 reference-disagreement=81 same=1068 tree-difference=2
[1160/100000] reference-disagreement wide:struct-member:line-comment:translated:testOperatorDeclDesignatedTypes9#1 len=80 artifacts=5 advent-overaccept=3 reference-disagreement=82 same=1073 tree-difference=2
[1200/100000] reference-disagreement wide:extension-member:space+duplicate+keyword:real:SyntaxSynthesis:78 len=208 artifacts=5 advent-overaccept=3 reference-disagreement=83 same=1112 tree-difference=2
[1225/100000] reference-disagreement attribute-ifconfig-elseif-list len=129 artifacts=5 advent-overaccept=3 reference-disagreement=84 same=1136 tree-difference=2
[1233/100000] reference-disagreement wide:trailing-closure:raw:real:SyntaxExpressibleByStringInterpolationConformances:247 len=81 artifacts=5 advent-overaccept=3 reference-disagreement=85 same=1143 tree-difference=2
[1249/100000] reference-disagreement nested-ifconfig-boundary len=117 artifacts=5 advent-overaccept=3 reference-disagreement=86 same=1158 tree-difference=2
[1250/100000] same func-body len=501 artifacts=5 advent-overaccept=3 reference-disagreement=86 same=1159 tree-difference=2
[1259/100000] reference-disagreement wide:closure:line-comment:real:ResultBuilders:323 len=214 artifacts=5 advent-overaccept=3 reference-disagreement=87 same=1167 tree-difference=2
[1263/100000] reference-disagreement wide:struct-member:raw:real:MacroReplacement:86 len=727 artifacts=5 advent-overaccept=3 reference-disagreement=88 same=1170 tree-difference=2
[1371/100000] reference-disagreement wide:top:glue:translated:testForeachAsync4#1+translated:testSwitch17#1 len=228 artifacts=5 advent-overaccept=3 reference-disagreement=89 same=1277 tree-difference=2
[1379/100000] reference-disagreement keypath-boundary len=40 artifacts=5 advent-overaccept=3 reference-disagreement=90 same=1284 tree-difference=2
[1381/100000] reference-disagreement wide:struct-member:raw:real:Syntax+StringInterpolation:524 len=75 artifacts=5 advent-overaccept=3 reference-disagreement=91 same=1285 tree-difference=2
[1415/100000] reference-disagreement seed-corpus-structural-splice:preconcurrency-import len=79 artifacts=5 advent-overaccept=3 reference-disagreement=92 same=1318 tree-difference=2
[1420/100000] reference-disagreement tspl-divergence-protocol-body len=97 artifacts=5 advent-overaccept=3 reference-disagreement=93 same=1322 tree-difference=2
[1439/100000] reference-disagreement wide:closure:splice:translated:testLet#1+real:BuildableNodes:110 len=1116 artifacts=5 advent-overaccept=3 reference-disagreement=94 same=1340 tree-difference=2
[1449/100000] reference-disagreement statement-list len=583 artifacts=5 advent-overaccept=3 reference-disagreement=95 same=1349 tree-difference=2
[1453/100000] reference-disagreement wide:closure:block-comment:translated:testMatchingPatterns27#1+real:LocationMarkers:14 len=288 artifacts=5 advent-overaccept=3 reference-disagreement=96 same=1352 tree-difference=2
[1474/100000] reference-disagreement wide:before-statement:raw:reject:testKeypathExpression#3+real:SyntaxExpressibleByStringInterpolationConformances:241 len=115 artifacts=5 advent-overaccept=3 reference-disagreement=97 same=1372 tree-difference=2
[1489/100000] reference-disagreement cast-try-operator-cluster len=24 artifacts=5 advent-overaccept=3 reference-disagreement=98 same=1386 tree-difference=2
[1490/100000] reference-disagreement tspl-divergence-protocol-body len=193 artifacts=5 advent-overaccept=3 reference-disagreement=99 same=1386 tree-difference=2
[1497/100000] reference-disagreement wide:closure:raw:declaration:testModifiedParameter#3 len=74 artifacts=5 advent-overaccept=3 reference-disagreement=100 same=1392 tree-difference=2
[1500/100000] same frontier:generic-member-type-shape len=286 artifacts=5 advent-overaccept=3 reference-disagreement=100 same=1395 tree-difference=2
[1548/100000] reference-disagreement cast-try-operator-cluster len=24 artifacts=5 advent-overaccept=3 reference-disagreement=101 same=1442 tree-difference=2
[1562/100000] reference-disagreement tspl-divergence-accessor-commitment len=78 artifacts=5 advent-overaccept=3 reference-disagreement=102 same=1455 tree-difference=2
[1650/100000] reference-disagreement wide:top:raw:attribute:testImplementsAttribute#1 len=301 artifacts=5 advent-overaccept=3 reference-disagreement=103 same=1542 tree-difference=2
[1661/100000] reference-disagreement tspl-divergence-protocol-body len=146 artifacts=5 advent-overaccept=3 reference-disagreement=104 same=1552 tree-difference=2
[1673/100000] reference-disagreement member-list-wide-boundary len=296 artifacts=5 advent-overaccept=3 reference-disagreement=105 same=1563 tree-difference=2
[1674/100000] reference-disagreement wide:closure:newline+splice:real:SyntaxCollections:732+declaration:testPublicClass#1 len=546 artifacts=5 advent-overaccept=3 reference-disagreement=106 same=1563 tree-difference=2
[1686/100000] reference-disagreement wide:closure:block-comment:reject:testModuleSelectorType#3 len=50 artifacts=5 advent-overaccept=3 reference-disagreement=107 same=1574 tree-difference=2
[1693/100000] reference-disagreement wide:closure:raw:real:SyntaxTraits:258 len=479 artifacts=5 advent-overaccept=3 reference-disagreement=108 same=1580 tree-difference=2
[1708/100000] reference-disagreement keypath-boundary len=44 artifacts=5 advent-overaccept=3 reference-disagreement=109 same=1594 tree-difference=2
[1728/100000] reference-disagreement keypath-boundary len=40 artifacts=5 advent-overaccept=3 reference-disagreement=110 same=1613 tree-difference=2
[1750/100000] same grammarish-member-list len=164 artifacts=5 advent-overaccept=3 reference-disagreement=110 same=1635 tree-difference=2
[1777/100000] reference-disagreement tspl-divergence-accessor-commitment len=49 artifacts=5 advent-overaccept=3 reference-disagreement=111 same=1661 tree-difference=2
[1793/100000] reference-disagreement wide:struct-member:space+glue+block-comment:real:SyntaxBaseNodes:1183+real:JSONDecoding:437 len=372 artifacts=5 advent-overaccept=3 reference-disagreement=112 same=1676 tree-difference=2
[1805/100000] reference-disagreement tspl-divergence-accessor-commitment len=78 artifacts=5 advent-overaccept=3 reference-disagreement=113 same=1687 tree-difference=2
[1807/100000] reference-disagreement wide:top:raw:translated:testInvalid39#1 len=28 artifacts=5 advent-overaccept=3 reference-disagreement=114 same=1688 tree-difference=2
[1818/100000] reference-disagreement wide:func-body:raw:expression:testBorrowExpression#1+real:SyntaxExpressibleByStringInterpolationConformances:118 len=181 artifacts=5 advent-overaccept=3 reference-disagreement=115 same=1698 tree-difference=2
[1834/100000] reference-disagreement wide:extension-member:newline+swap:real:MissingNodeInitializers:50 len=148 artifacts=5 advent-overaccept=3 reference-disagreement=116 same=1713 tree-difference=2
[1869/100000] reference-disagreement statement-list len=524 artifacts=5 advent-overaccept=3 reference-disagreement=117 same=1747 tree-difference=2
[1871/100000] reference-disagreement wide:closure:glue+block-comment:real:ParserDiagnosticMessages:26+real:BuildableNodes:406 len=1358 artifacts=5 advent-overaccept=3 reference-disagreement=118 same=1748 tree-difference=2
[1880/100000] reference-disagreement wide:struct-member:glue+duplicate:translated:testSelfRebinding8#1 len=410 artifacts=5 advent-overaccept=3 reference-disagreement=119 same=1756 tree-difference=2
[1910/100000] reference-disagreement nested-ifconfig-boundary len=146 artifacts=5 advent-overaccept=3 reference-disagreement=120 same=1785 tree-difference=2
[1912/100000] reference-disagreement member-list-wide-boundary len=235 artifacts=5 advent-overaccept=3 reference-disagreement=121 same=1786 tree-difference=2
[1933/100000] reference-disagreement keypath-component-matrix len=53 artifacts=5 advent-overaccept=3 reference-disagreement=122 same=1806 tree-difference=2
[1936/100000] reference-disagreement wide:extension-member:keyword:real:SyntaxEditUtils:444 len=322 artifacts=5 advent-overaccept=3 reference-disagreement=123 same=1808 tree-difference=2
[1985/100000] reference-disagreement wide:trailing-closure:raw:real:ParserDiagnosticMessages:505 len=315 artifacts=5 advent-overaccept=3 reference-disagreement=124 same=1856 tree-difference=2
[1989/100000] reference-disagreement wide:trailing-closure:glue:real:BuildableNodes:110 len=1051 artifacts=5 advent-overaccept=3 reference-disagreement=125 same=1859 tree-difference=2
[2000/100000] same frontier:interpolation-delimiter len=352 artifacts=5 advent-overaccept=3 reference-disagreement=125 same=1870 tree-difference=2
[2003/100000] advent-overaccept wide:before-statement:raw:declaration:testUsing#11 len=43 artifacts=6 advent-overaccept=4 reference-disagreement=125 same=1872 tree-difference=2
[2040/100000] reference-disagreement wide:closure:block-comment:attribute:testABIAttribute#19 len=68 artifacts=6 advent-overaccept=4 reference-disagreement=126 same=1908 tree-difference=2
[2056/100000] reference-disagreement wide:trailing-closure:raw:translated:testOperatorDeclDesignatedTypes13#1 len=97 artifacts=6 advent-overaccept=4 reference-disagreement=127 same=1923 tree-difference=2
[2067/100000] reference-disagreement wide:extension-member:block-comment+newline:real:DeclSyntaxParseable:45 len=77 artifacts=6 advent-overaccept=4 reference-disagreement=128 same=1933 tree-difference=2
[2118/100000] reference-disagreement wide:closure:line-comment+glue:real:BuildConfiguration:17 len=313 artifacts=6 advent-overaccept=4 reference-disagreement=129 same=1983 tree-difference=2
[2134/100000] reference-disagreement attribute-ifconfig-elseif-list len=133 artifacts=6 advent-overaccept=4 reference-disagreement=130 same=1998 tree-difference=2
[2156/100000] reference-disagreement attribute-ifconfig-elseif-list len=111 artifacts=6 advent-overaccept=4 reference-disagreement=131 same=2019 tree-difference=2
[2158/100000] reference-disagreement wide:closure:line-comment:real:Names:381 len=768 artifacts=6 advent-overaccept=4 reference-disagreement=132 same=2020 tree-difference=2
[2169/100000] advent-overaccept wide:trailing-closure:duplicate:real:SyntaxCollections:537 len=500 artifacts=7 advent-overaccept=5 reference-disagreement=132 same=2030 tree-difference=2
[2177/100000] reference-disagreement wide:struct-member:newline:real:CollectionNodes+Parsable:118 len=772 artifacts=7 advent-overaccept=5 reference-disagreement=133 same=2037 tree-difference=2
[2178/100000] reference-disagreement grammarish-member-list len=148 artifacts=7 advent-overaccept=5 reference-disagreement=134 same=2037 tree-difference=2
[2185/100000] reference-disagreement wide:struct-member:raw:declaration:testOperators#2 len=290 artifacts=7 advent-overaccept=5 reference-disagreement=135 same=2043 tree-difference=2
[2200/100000] reference-disagreement wide:ifconfig:space+newline:declaration:testLiteralInitializerWithTrailingClosure#1 len=40 artifacts=7 advent-overaccept=5 reference-disagreement=136 same=2057 tree-difference=2
[2202/100000] reference-disagreement wide:func-body:raw:real:WarningControlRegions:318 len=724 artifacts=7 advent-overaccept=5 reference-disagreement=137 same=2058 tree-difference=2
[2204/100000] reference-disagreement wide:struct-member:raw:real:SyntaxExpressibleByStringInterpolationConformances:91 len=177 artifacts=7 advent-overaccept=5 reference-disagreement=138 same=2059 tree-difference=2
[2208/100000] advent-underaccept wide:closure:glue+space:translated:testForwardSlashRegex168#1 len=30 artifacts=8 advent-overaccept=5 advent-underaccept=1 reference-disagreement=138 same=2062 tree-difference=2
[2210/100000] reference-disagreement member-list-wide-boundary len=174 artifacts=8 advent-overaccept=5 advent-underaccept=1 reference-disagreement=139 same=2063 tree-difference=2
[2218/100000] reference-disagreement tspl-divergence-protocol-body len=113 artifacts=8 advent-overaccept=5 advent-underaccept=1 reference-disagreement=140 same=2070 tree-difference=2
[2227/100000] reference-disagreement wide:closure:raw:expression:testKeyPathMethodAndInitializers#10+real:Parameters:29 len=253 artifacts=8 advent-overaccept=5 advent-underaccept=1 reference-disagreement=141 same=2078 tree-difference=2
[2248/100000] reference-disagreement tspl-divergence-protocol-body len=193 artifacts=8 advent-overaccept=5 advent-underaccept=1 reference-disagreement=142 same=2098 tree-difference=2
[2250/100000] same wide:extension-member:keyword+delete+glue:reject:testModuleSelectorExpr#1 len=40 artifacts=8 advent-overaccept=5 advent-underaccept=1 reference-disagreement=142 same=2100 tree-difference=2
[2256/100000] reference-disagreement wide:func-body:raw:real:ConvenienceInitializers:86 len=88 artifacts=8 advent-overaccept=5 advent-underaccept=1 reference-disagreement=143 same=2105 tree-difference=2
[2260/100000] reference-disagreement seed-corpus-structural-splice:preconcurrency-import len=115 artifacts=8 advent-overaccept=5 advent-underaccept=1 reference-disagreement=144 same=2108 tree-difference=2
[2292/100000] reference-disagreement wide:extension-member:raw:declaration:testPrecedenceGroup#2 len=113 artifacts=8 advent-overaccept=5 advent-underaccept=1 reference-disagreement=145 same=2139 tree-difference=2
[2321/100000] advent-underaccept wide:struct-member:line-comment:reject:testAccessLevelModifier#1 len=304 artifacts=9 advent-overaccept=5 advent-underaccept=2 reference-disagreement=145 same=2167 tree-difference=2
[2343/100000] reference-disagreement keypath-component-matrix len=33 artifacts=9 advent-overaccept=5 advent-underaccept=2 reference-disagreement=146 same=2188 tree-difference=2
[2346/100000] reference-disagreement wide:closure:raw:real:SyntaxTraits:776 len=68 artifacts=9 advent-overaccept=5 advent-underaccept=2 reference-disagreement=147 same=2190 tree-difference=2
[2385/100000] reference-disagreement ifconfig-member-context-boundary len=89 artifacts=9 advent-overaccept=5 advent-underaccept=2 reference-disagreement=148 same=2228 tree-difference=2
[2388/100000] reference-disagreement wide:struct-member:raw:real:IdentifiableSyntax:58 len=122 artifacts=9 advent-overaccept=5 advent-underaccept=2 reference-disagreement=149 same=2230 tree-difference=2
[2422/100000] reference-disagreement wide:func-body:newline:real:Diagnostics:55 len=378 artifacts=9 advent-overaccept=5 advent-underaccept=2 reference-disagreement=150 same=2263 tree-difference=2
[2432/100000] reference-disagreement keypath-boundary len=36 artifacts=9 advent-overaccept=5 advent-underaccept=2 reference-disagreement=151 same=2272 tree-difference=2
[2444/100000] reference-disagreement wide:closure:raw:real:SyntaxExpressibleByStringInterpolationConformances:46+real:DeclarationMacro:36 len=353 artifacts=9 advent-overaccept=5 advent-underaccept=2 reference-disagreement=152 same=2283 tree-difference=2
[2451/100000] reference-disagreement declaration-modifier-stack len=34 artifacts=9 advent-overaccept=5 advent-underaccept=2 reference-disagreement=153 same=2289 tree-difference=2
[2459/100000] reference-disagreement wide:trailing-closure:line-comment+newline:expression:testSequenceExpressions#1+attribute:testABIAttribute#18 len=61 artifacts=9 advent-overaccept=5 advent-underaccept=2 reference-disagreement=154 same=2296 tree-difference=2
[2465/100000] reference-disagreement wide:closure:newline:attribute:testABIAttribute#6+phase2-infix:add-mul len=62 artifacts=9 advent-overaccept=5 advent-underaccept=2 reference-disagreement=155 same=2301 tree-difference=2
[2476/100000] reference-disagreement wide:struct-member:raw:translated:testModuleSelectorImports#1 len=57 artifacts=9 advent-overaccept=5 advent-underaccept=2 reference-disagreement=156 same=2311 tree-difference=2
[2477/100000] reference-disagreement wide:top:raw:declaration:testReferenceToOpenThatLooksLikeDeclarationModifier#1 len=36 artifacts=9 advent-overaccept=5 advent-underaccept=2 reference-disagreement=157 same=2311 tree-difference=2
[2489/100000] reference-disagreement wide:closure:newline:translated:testDelayedExtension1#1 len=47 artifacts=9 advent-overaccept=5 advent-underaccept=2 reference-disagreement=158 same=2322 tree-difference=2
[2490/100000] reference-disagreement wide:trailing-closure:raw:real:PackageTarget:149 len=347 artifacts=9 advent-overaccept=5 advent-underaccept=2 reference-disagreement=159 same=2322 tree-difference=2
[2493/100000] reference-disagreement wide:trailing-closure:raw:real:DeclSyntaxParseable:45 len=67 artifacts=9 advent-overaccept=5 advent-underaccept=2 reference-disagreement=160 same=2324 tree-difference=2
[2498/100000] reference-disagreement tspl-divergence-protocol-body len=201 artifacts=9 advent-overaccept=5 advent-underaccept=2 reference-disagreement=161 same=2328 tree-difference=2
[2500/100000] same ownership-modifier-boundary len=54 artifacts=9 advent-overaccept=5 advent-underaccept=2 reference-disagreement=161 same=2330 tree-difference=2
[2502/100000] reference-disagreement wide:closure:raw:real:AddSeparatorsToIntegerLiteral:63 len=397 artifacts=9 advent-overaccept=5 advent-underaccept=2 reference-disagreement=162 same=2331 tree-difference=2
[2561/100000] reference-disagreement attribute-ifconfig-elseif-list len=119 artifacts=9 advent-overaccept=5 advent-underaccept=2 reference-disagreement=163 same=2389 tree-difference=2
[2571/100000] reference-disagreement wide:func-body:block-comment+duplicate+space:phase4-loop:repeat-while+real:Trivia:110 len=634 artifacts=9 advent-overaccept=5 advent-underaccept=2 reference-disagreement=164 same=2398 tree-difference=2
[2572/100000] reference-disagreement tspl-divergence-accessor-commitment len=49 artifacts=9 advent-overaccept=5 advent-underaccept=2 reference-disagreement=165 same=2398 tree-difference=2
[2583/100000] reference-disagreement wide:closure:raw:real:UnicodeScalarExtensions:273 len=448 artifacts=9 advent-overaccept=5 advent-underaccept=2 reference-disagreement=166 same=2408 tree-difference=2
[2597/100000] reference-disagreement wide:extension-member:newline:real:PrecedenceGroup:134 len=241 artifacts=9 advent-overaccept=5 advent-underaccept=2 reference-disagreement=167 same=2421 tree-difference=2
[2600/100000] reference-disagreement wide:ifconfig:glue+space:expression:testBogusCaptureLists#1 len=330 artifacts=9 advent-overaccept=5 advent-underaccept=2 reference-disagreement=168 same=2423 tree-difference=2
[2601/100000] reference-disagreement ifconfig-member-context-boundary len=77 artifacts=9 advent-overaccept=5 advent-underaccept=2 reference-disagreement=169 same=2423 tree-difference=2
[2638/100000] reference-disagreement tspl-divergence-protocol-body len=189 artifacts=9 advent-overaccept=5 advent-underaccept=2 reference-disagreement=170 same=2459 tree-difference=2
[2658/100000] reference-disagreement wide:trailing-closure:newline:expression:testKeyPathMethodAndInitializers#18 len=41 artifacts=9 advent-overaccept=5 advent-underaccept=2 reference-disagreement=171 same=2478 tree-difference=2
[2670/100000] compiler-timeout seed-corpus-mutated:raw-regex-interpolation len=62 artifacts=9 advent-overaccept=5 advent-underaccept=2 compiler-timeout=1 reference-disagreement=171 same=2489 tree-difference=2
[2671/100000] reference-disagreement wide:struct-member:raw:real:LexerDiagnosticMessages:49 len=296 artifacts=9 advent-overaccept=5 advent-underaccept=2 compiler-timeout=1 reference-disagreement=172 same=2489 tree-difference=2
[2680/100000] reference-disagreement member-list-wide-boundary len=112 artifacts=9 advent-overaccept=5 advent-underaccept=2 compiler-timeout=1 reference-disagreement=173 same=2497 tree-difference=2
[2684/100000] advent-underaccept wide:top:block-comment:translated:testForwardSlashRegex168#1 len=12 artifacts=10 advent-overaccept=5 advent-underaccept=3 compiler-timeout=1 reference-disagreement=173 same=2500 tree-difference=2
[2691/100000] reference-disagreement wide:trailing-closure:raw:translated:testSwitch13#1 len=45 artifacts=10 advent-overaccept=5 advent-underaccept=3 compiler-timeout=1 reference-disagreement=174 same=2506 tree-difference=2
[2707/100000] reference-disagreement wide:closure:raw:real:BuildableNodes:1301 len=1066 artifacts=10 advent-overaccept=5 advent-underaccept=3 compiler-timeout=1 reference-disagreement=175 same=2521 tree-difference=2
[2721/100000] reference-disagreement wide:extension-member:raw:real:Indenter:19 len=333 artifacts=10 advent-overaccept=5 advent-underaccept=3 compiler-timeout=1 reference-disagreement=176 same=2534 tree-difference=2
[2737/100000] reference-disagreement wide:top:raw:real:CollectionNodes+Parsable:102+expression:testKeyPathMethodAndInitializers#18 len=550 artifacts=10 advent-overaccept=5 advent-underaccept=3 compiler-timeout=1 reference-disagreement=177 same=2549 tree-difference=2
[2750/100000] same wide:before-statement:delete+swap:phase4-keypath:kp-subscript-arg-spaced len=53 artifacts=10 advent-overaccept=5 advent-underaccept=3 compiler-timeout=1 reference-disagreement=177 same=2562 tree-difference=2
[2768/100000] reference-disagreement keypath-component-matrix len=53 artifacts=10 advent-overaccept=5 advent-underaccept=3 compiler-timeout=1 reference-disagreement=178 same=2579 tree-difference=2
[2792/100000] reference-disagreement wide:after-statement:raw:translated:testEffectfulProperties7#1 len=113 artifacts=10 advent-overaccept=5 advent-underaccept=3 compiler-timeout=1 reference-disagreement=179 same=2602 tree-difference=2
[2806/100000] reference-disagreement wide:func-body:glue+glue+newline:real:Syntax+StringInterpolation:472 len=91 artifacts=10 advent-overaccept=5 advent-underaccept=3 compiler-timeout=1 reference-disagreement=180 same=2615 tree-difference=2
[2808/100000] reference-disagreement wide:before-statement:block-comment+duplicate:real:SwiftVersion:13 len=207 artifacts=10 advent-overaccept=5 advent-underaccept=3 compiler-timeout=1 reference-disagreement=181 same=2616 tree-difference=2
[2816/100000] advent-underaccept wide:closure:newline+newline+space:translated:testForwardSlashRegex111#1 len=37 artifacts=11 advent-overaccept=5 advent-underaccept=4 compiler-timeout=1 reference-disagreement=181 same=2623 tree-difference=2
[2836/100000] reference-disagreement keypath-boundary len=33 artifacts=11 advent-overaccept=5 advent-underaccept=4 compiler-timeout=1 reference-disagreement=182 same=2642 tree-difference=2
[2865/100000] reference-disagreement wide:closure:raw:real:SyntaxSynthesis:53+real:Syntax+StringInterpolation:472 len=811 artifacts=11 advent-overaccept=5 advent-underaccept=4 compiler-timeout=1 reference-disagreement=183 same=2670 tree-difference=2
[2870/100000] advent-overaccept wide:func-body:raw:declaration:testUsing#4 len=26 artifacts=12 advent-overaccept=6 advent-underaccept=4 compiler-timeout=1 reference-disagreement=183 same=2674 tree-difference=2
[2877/100000] reference-disagreement wide:trailing-closure:raw:real:ResultBuilders:732 len=192 artifacts=12 advent-overaccept=6 advent-underaccept=4 compiler-timeout=1 reference-disagreement=184 same=2680 tree-difference=2
[2882/100000] reference-disagreement wide:closure:glue+block-comment+line-comment:attribute:testSpecializeWithAvailability#1 len=186 artifacts=12 advent-overaccept=6 advent-underaccept=4 compiler-timeout=1 reference-disagreement=185 same=2684 tree-difference=2
[2892/100000] reference-disagreement statement-list len=584 artifacts=12 advent-overaccept=6 advent-underaccept=4 compiler-timeout=1 reference-disagreement=186 same=2693 tree-difference=2
[2896/100000] reference-disagreement keypath-boundary len=44 artifacts=12 advent-overaccept=6 advent-underaccept=4 compiler-timeout=1 reference-disagreement=187 same=2696 tree-difference=2
[2914/100000] reference-disagreement grammarish-member-list len=483 artifacts=12 advent-overaccept=6 advent-underaccept=4 compiler-timeout=1 reference-disagreement=188 same=2713 tree-difference=2
[2940/100000] reference-disagreement member-list-wide-boundary len=389 artifacts=12 advent-overaccept=6 advent-underaccept=4 compiler-timeout=1 reference-disagreement=189 same=2738 tree-difference=2
[2960/100000] reference-disagreement wide:closure:raw:phase4-closure:capture-init+translated:testEnum12#1 len=86 artifacts=12 advent-overaccept=6 advent-underaccept=4 compiler-timeout=1 reference-disagreement=190 same=2757 tree-difference=2
[2968/100000] reference-disagreement attribute-ifconfig-elseif-list len=123 artifacts=12 advent-overaccept=6 advent-underaccept=4 compiler-timeout=1 reference-disagreement=191 same=2764 tree-difference=2
[2996/100000] reference-disagreement wide:extension-member:raw:real:ResultBuilders:493 len=196 artifacts=12 advent-overaccept=6 advent-underaccept=4 compiler-timeout=1 reference-disagreement=192 same=2791 tree-difference=2
[3000/100000] same tspl-divergence-pattern-shape len=89 artifacts=12 advent-overaccept=6 advent-underaccept=4 compiler-timeout=1 reference-disagreement=192 same=2795 tree-difference=2
[3011/100000] reference-disagreement member-list-wide-boundary len=282 artifacts=12 advent-overaccept=6 advent-underaccept=4 compiler-timeout=1 reference-disagreement=193 same=2805 tree-difference=2
[3076/100000] reference-disagreement wide:ifconfig:glue+glue:attribute:testABIAttribute#17 len=50 artifacts=12 advent-overaccept=6 advent-underaccept=4 compiler-timeout=1 reference-disagreement=194 same=2869 tree-difference=2
[3084/100000] reference-disagreement wide:func-body:delete+newline:attribute:testDerivativeAttribute#2+real:SyntaxClassifier:19 len=756 artifacts=12 advent-overaccept=6 advent-underaccept=4 compiler-timeout=1 reference-disagreement=195 same=2876 tree-difference=2
[3090/100000] reference-disagreement wide:after-statement:line-comment+splice+splice:declaration:testAttributedMacroExpansionDeclaration#8 len=64 artifacts=12 advent-overaccept=6 advent-underaccept=4 compiler-timeout=1 reference-disagreement=196 same=2881 tree-difference=2
[3097/100000] reference-disagreement member-list-wide-boundary len=209 artifacts=12 advent-overaccept=6 advent-underaccept=4 compiler-timeout=1 reference-disagreement=197 same=2887 tree-difference=2
[3105/100000] reference-disagreement statement-list len=534 artifacts=12 advent-overaccept=6 advent-underaccept=4 compiler-timeout=1 reference-disagreement=198 same=2894 tree-difference=2
[3108/100000] reference-disagreement declaration-modifier-stack len=34 artifacts=12 advent-overaccept=6 advent-underaccept=4 compiler-timeout=1 reference-disagreement=199 same=2896 tree-difference=2
[3109/100000] reference-disagreement attribute-ifconfig-elseif-list len=136 artifacts=12 advent-overaccept=6 advent-underaccept=4 compiler-timeout=1 reference-disagreement=200 same=2896 tree-difference=2
[3113/100000] reference-disagreement wide:extension-member:splice:real:BodyMacro:51 len=270 artifacts=12 advent-overaccept=6 advent-underaccept=4 compiler-timeout=1 reference-disagreement=201 same=2899 tree-difference=2
[3148/100000] reference-disagreement wide:extension-member:splice+newline:translated:testDiagnosticMissingFuncKeyword3#1 len=35 artifacts=12 advent-overaccept=6 advent-underaccept=4 compiler-timeout=1 reference-disagreement=202 same=2933 tree-difference=2
[3153/100000] reference-disagreement wide:before-statement:raw:expression:testClosureWithExternalParameterName#2+real:RawSyntaxNodesOP:17 len=113 artifacts=12 advent-overaccept=6 advent-underaccept=4 compiler-timeout=1 reference-disagreement=203 same=2937 tree-difference=2
[3155/100000] reference-disagreement keypath-component-matrix len=37 artifacts=12 advent-overaccept=6 advent-underaccept=4 compiler-timeout=1 reference-disagreement=204 same=2938 tree-difference=2
[3209/100000] reference-disagreement cast-try-operator-cluster len=24 artifacts=12 advent-overaccept=6 advent-underaccept=4 compiler-timeout=1 reference-disagreement=205 same=2991 tree-difference=2
[3228/100000] reference-disagreement wide:closure:space:real:Lexer:18 len=44 artifacts=12 advent-overaccept=6 advent-underaccept=4 compiler-timeout=1 reference-disagreement=206 same=3009 tree-difference=2
[3230/100000] reference-disagreement declaration-modifier-stack len=34 artifacts=12 advent-overaccept=6 advent-underaccept=4 compiler-timeout=1 reference-disagreement=207 same=3010 tree-difference=2
[3237/100000] reference-disagreement tspl-divergence-protocol-body len=103 artifacts=12 advent-overaccept=6 advent-underaccept=4 compiler-timeout=1 reference-disagreement=208 same=3016 tree-difference=2
[3250/100000] same wide:func-body:space+space+delete:reject:testDeinitThrowsOutputThrows#1 len=81 artifacts=12 advent-overaccept=6 advent-underaccept=4 compiler-timeout=1 reference-disagreement=208 same=3029 tree-difference=2
[3262/100000] reference-disagreement wide:extension-member:splice+newline+keyword:real:SyntaxTraits:712 len=89 artifacts=12 advent-overaccept=6 advent-underaccept=4 compiler-timeout=1 reference-disagreement=209 same=3040 tree-difference=2
[3329/100000] reference-disagreement tspl-divergence-protocol-body len=164 artifacts=12 advent-overaccept=6 advent-underaccept=4 compiler-timeout=1 reference-disagreement=210 same=3106 tree-difference=2
[3375/100000] reference-disagreement wide:trailing-closure:newline+newline+glue:translated:testOperatorDeclDesignatedTypes1#1 len=65 artifacts=12 advent-overaccept=6 advent-underaccept=4 compiler-timeout=1 reference-disagreement=211 same=3151 tree-difference=2
[3393/100000] reference-disagreement attribute-ifconfig-elseif-list len=108 artifacts=12 advent-overaccept=6 advent-underaccept=4 compiler-timeout=1 reference-disagreement=212 same=3168 tree-difference=2
[3401/100000] reference-disagreement wide:func-body:line-comment:type:testInverseTypes#7+real:Statements:371 len=518 artifacts=12 advent-overaccept=6 advent-underaccept=4 compiler-timeout=1 reference-disagreement=213 same=3175 tree-difference=2
[3408/100000] reference-disagreement attribute-ifconfig-elseif-list len=118 artifacts=12 advent-overaccept=6 advent-underaccept=4 compiler-timeout=1 reference-disagreement=214 same=3181 tree-difference=2
[3433/100000] reference-disagreement wide:after-statement:space+line-comment+swap:translated:testEffectfulProperties7#1 len=120 artifacts=12 advent-overaccept=6 advent-underaccept=4 compiler-timeout=1 reference-disagreement=215 same=3205 tree-difference=2
[3434/100000] reference-disagreement wide:closure:newline:phase4-precedence:pg-two-names len=60 artifacts=12 advent-overaccept=6 advent-underaccept=4 compiler-timeout=1 reference-disagreement=216 same=3205 tree-difference=2
[3458/100000] reference-disagreement wide:struct-member:raw:phase1:let-string+real:SyntaxTraits:109 len=421 artifacts=12 advent-overaccept=6 advent-underaccept=4 compiler-timeout=1 reference-disagreement=217 same=3228 tree-difference=2
[3465/100000] reference-disagreement keypath-component-matrix len=55 artifacts=12 advent-overaccept=6 advent-underaccept=4 compiler-timeout=1 reference-disagreement=218 same=3234 tree-difference=2
[3474/100000] reference-disagreement wide:func-body:block-comment+duplicate+space:attribute:testMacroRoleNames#2 len=70 artifacts=12 advent-overaccept=6 advent-underaccept=4 compiler-timeout=1 reference-disagreement=219 same=3242 tree-difference=2
[3481/100000] reference-disagreement wide:top:newline+glue:declaration:testConstAsArgumentLabel#3 len=34 artifacts=12 advent-overaccept=6 advent-underaccept=4 compiler-timeout=1 reference-disagreement=220 same=3248 tree-difference=2
[3497/100000] reference-disagreement wide:extension-member:glue+duplicate:real:Expressions:1853+real:SequentialScopeSyntax:18 len=732 artifacts=12 advent-overaccept=6 advent-underaccept=4 compiler-timeout=1 reference-disagreement=221 same=3263 tree-difference=2
[3500/100000] same frontier:statement-member-context len=66 artifacts=12 advent-overaccept=6 advent-underaccept=4 compiler-timeout=1 reference-disagreement=221 same=3266 tree-difference=2
[3505/100000] reference-disagreement tspl-divergence-protocol-body len=131 artifacts=12 advent-overaccept=6 advent-underaccept=4 compiler-timeout=1 reference-disagreement=222 same=3270 tree-difference=2
[3525/100000] reference-disagreement wide:func-body:block-comment:real:SyntaxExpressibleByStringInterpolationConformances:226 len=174 artifacts=12 advent-overaccept=6 advent-underaccept=4 compiler-timeout=1 reference-disagreement=223 same=3289 tree-difference=2
[3529/100000] reference-disagreement tspl-divergence-protocol-body len=152 artifacts=12 advent-overaccept=6 advent-underaccept=4 compiler-timeout=1 reference-disagreement=224 same=3292 tree-difference=2
[3538/100000] reference-disagreement wide:extension-member:raw:real:ScopeImplementations:366+translated:testDiagnoseInitializerAsTypedPattern9e#1 len=216 artifacts=12 advent-overaccept=6 advent-underaccept=4 compiler-timeout=1 reference-disagreement=225 same=3300 tree-difference=2
[3552/100000] reference-disagreement attribute-ifconfig-elseif-list len=110 artifacts=12 advent-overaccept=6 advent-underaccept=4 compiler-timeout=1 reference-disagreement=226 same=3313 tree-difference=2
[3563/100000] reference-disagreement wide:func-body:raw:real:SyntaxExpressibleByStringInterpolationConformances:88 len=91 artifacts=12 advent-overaccept=6 advent-underaccept=4 compiler-timeout=1 reference-disagreement=227 same=3323 tree-difference=2
[3569/100000] reference-disagreement statement-list len=494 artifacts=12 advent-overaccept=6 advent-underaccept=4 compiler-timeout=1 reference-disagreement=228 same=3328 tree-difference=2
[3595/100000] reference-disagreement member-list-wide-boundary len=110 artifacts=12 advent-overaccept=6 advent-underaccept=4 compiler-timeout=1 reference-disagreement=229 same=3353 tree-difference=2
[3602/100000] reference-disagreement keypath-boundary len=38 artifacts=12 advent-overaccept=6 advent-underaccept=4 compiler-timeout=1 reference-disagreement=230 same=3359 tree-difference=2
[3626/100000] reference-disagreement grammarish-member-list len=110 artifacts=12 advent-overaccept=6 advent-underaccept=4 compiler-timeout=1 reference-disagreement=231 same=3382 tree-difference=2
[3628/100000] reference-disagreement wide:closure:space:real:IdentifiableSyntax:20 len=79 artifacts=12 advent-overaccept=6 advent-underaccept=4 compiler-timeout=1 reference-disagreement=232 same=3383 tree-difference=2
[3644/100000] reference-disagreement attribute-ifconfig-elseif-list len=106 artifacts=12 advent-overaccept=6 advent-underaccept=4 compiler-timeout=1 reference-disagreement=233 same=3398 tree-difference=2
[3662/100000] reference-disagreement member-list-wide-boundary len=315 artifacts=12 advent-overaccept=6 advent-underaccept=4 compiler-timeout=1 reference-disagreement=234 same=3415 tree-difference=2
[3675/100000] reference-disagreement wide:extension-member:raw:real:SyntaxTraits:766 len=71 artifacts=12 advent-overaccept=6 advent-underaccept=4 compiler-timeout=1 reference-disagreement=235 same=3427 tree-difference=2
[3688/100000] reference-disagreement attribute-ifconfig-elseif-list len=112 artifacts=12 advent-overaccept=6 advent-underaccept=4 compiler-timeout=1 reference-disagreement=236 same=3439 tree-difference=2
[3704/100000] reference-disagreement wide:func-body:block-comment+delete+newline:real:SwiftSyntaxCompatibility:259+translated:testRecovery9#1 len=310 artifacts=12 advent-overaccept=6 advent-underaccept=4 compiler-timeout=1 reference-disagreement=237 same=3454 tree-difference=2
[3709/100000] reference-disagreement wide:struct-member:newline:real:Syntax+StringInterpolation:328+real:BumpPtrAllocator:179 len=810 artifacts=12 advent-overaccept=6 advent-underaccept=4 compiler-timeout=1 reference-disagreement=238 same=3458 tree-difference=2
[3710/100000] reference-disagreement statement-list len=529 artifacts=12 advent-overaccept=6 advent-underaccept=4 compiler-timeout=1 reference-disagreement=239 same=3458 tree-difference=2
[3724/100000] reference-disagreement binding-pattern len=458 artifacts=12 advent-overaccept=6 advent-underaccept=4 compiler-timeout=1 reference-disagreement=240 same=3471 tree-difference=2
[3750/100000] same wide:after-statement:raw:translated:testTypeExpr13#1 len=118 artifacts=12 advent-overaccept=6 advent-underaccept=4 compiler-timeout=1 reference-disagreement=240 same=3497 tree-difference=2
[3752/100000] reference-disagreement attribute-ifconfig-elseif-list len=106 artifacts=12 advent-overaccept=6 advent-underaccept=4 compiler-timeout=1 reference-disagreement=241 same=3498 tree-difference=2
[3761/100000] reference-disagreement seed-corpus-wrapped:preconcurrency-import len=49 artifacts=12 advent-overaccept=6 advent-underaccept=4 compiler-timeout=1 reference-disagreement=242 same=3506 tree-difference=2
[3769/100000] reference-disagreement wide:interpolation:space:translated:testAvailabilityQueryUnavailability25#1 len=72 artifacts=12 advent-overaccept=6 advent-underaccept=4 compiler-timeout=1 reference-disagreement=243 same=3513 tree-difference=2
[3770/100000] reference-disagreement cast-try-operator-cluster len=24 artifacts=12 advent-overaccept=6 advent-underaccept=4 compiler-timeout=1 reference-disagreement=244 same=3513 tree-difference=2
[3778/100000] reference-disagreement wide:func-body:glue+splice+glue:real:Indenter:19 len=600 artifacts=12 advent-overaccept=6 advent-underaccept=4 compiler-timeout=1 reference-disagreement=245 same=3520 tree-difference=2
[3779/100000] reference-disagreement tspl-divergence-protocol-body len=291 artifacts=12 advent-overaccept=6 advent-underaccept=4 compiler-timeout=1 reference-disagreement=246 same=3520 tree-difference=2
[3845/100000] reference-disagreement tspl-divergence-protocol-body len=188 artifacts=12 advent-overaccept=6 advent-underaccept=4 compiler-timeout=1 reference-disagreement=247 same=3585 tree-difference=2
[3855/100000] reference-disagreement wide:struct-member:raw:translated:testOperatorDecl3#1+real:ExpressionInterpretedAsVersionTuple:19 len=1213 artifacts=12 advent-overaccept=6 advent-underaccept=4 compiler-timeout=1 reference-disagreement=248 same=3594 tree-difference=2
[3861/100000] reference-disagreement wide:extension-member:raw:real:SyntaxEditUtils:166 len=299 artifacts=12 advent-overaccept=6 advent-underaccept=4 compiler-timeout=1 reference-disagreement=249 same=3599 tree-difference=2
[3879/100000] reference-disagreement wide:trailing-closure:duplicate:real:SyntaxTraits:774 len=59 artifacts=12 advent-overaccept=6 advent-underaccept=4 compiler-timeout=1 reference-disagreement=250 same=3616 tree-difference=2
[3897/100000] reference-disagreement binding-pattern len=458 artifacts=12 advent-overaccept=6 advent-underaccept=4 compiler-timeout=1 reference-disagreement=251 same=3633 tree-difference=2
[3911/100000] reference-disagreement tspl-divergence-accessor-commitment len=49 artifacts=12 advent-overaccept=6 advent-underaccept=4 compiler-timeout=1 reference-disagreement=252 same=3646 tree-difference=2
[3916/100000] reference-disagreement attribute-ifconfig-elseif-list len=110 artifacts=12 advent-overaccept=6 advent-underaccept=4 compiler-timeout=1 reference-disagreement=253 same=3650 tree-difference=2
[3926/100000] reference-disagreement wide:closure:line-comment+glue+block-comment:real:SyntaxTraits:170 len=450 artifacts=12 advent-overaccept=6 advent-underaccept=4 compiler-timeout=1 reference-disagreement=254 same=3659 tree-difference=2
[3949/100000] reference-disagreement grammarish-member-list len=138 artifacts=12 advent-overaccept=6 advent-underaccept=4 compiler-timeout=1 reference-disagreement=255 same=3681 tree-difference=2
[3984/100000] reference-disagreement wide:struct-member:block-comment+keyword:real:Loggers:11 len=634 artifacts=12 advent-overaccept=6 advent-underaccept=4 compiler-timeout=1 reference-disagreement=256 same=3715 tree-difference=2
[4000/100000] same protocol-requirement-boundary len=96 artifacts=12 advent-overaccept=6 advent-underaccept=4 compiler-timeout=1 reference-disagreement=256 same=3731 tree-difference=2
[4007/100000] reference-disagreement wide:closure:raw:translated:testOperatorDeclDesignatedTypes11#1 len=62 artifacts=12 advent-overaccept=6 advent-underaccept=4 compiler-timeout=1 reference-disagreement=257 same=3737 tree-difference=2
[4015/100000] reference-disagreement wide:closure:swap:translated:testNoimplicitcopyAttr4#1+real:SyntaxExpressibleByStringInterpolationConformances:103 len=174 artifacts=12 advent-overaccept=6 advent-underaccept=4 compiler-timeout=1 reference-disagreement=258 same=3744 tree-difference=2
[4053/100000] reference-disagreement wide:extension-member:glue+newline:real:IdentifiableSyntax:34 len=128 artifacts=12 advent-overaccept=6 advent-underaccept=4 compiler-timeout=1 reference-disagreement=259 same=3781 tree-difference=2
[4063/100000] reference-disagreement wide:func-body:newline+delete+splice:real:FormatRawStringLiteral:72 len=408 artifacts=12 advent-overaccept=6 advent-underaccept=4 compiler-timeout=1 reference-disagreement=260 same=3790 tree-difference=2
[4097/100000] reference-disagreement binding-pattern len=458 artifacts=12 advent-overaccept=6 advent-underaccept=4 compiler-timeout=1 reference-disagreement=261 same=3823 tree-difference=2
[4104/100000] reference-disagreement seed-corpus-structural-splice:operator-question-assignment len=189 artifacts=12 advent-overaccept=6 advent-underaccept=4 compiler-timeout=1 reference-disagreement=262 same=3829 tree-difference=2
[4105/100000] reference-disagreement cast-try-operator-cluster len=24 artifacts=12 advent-overaccept=6 advent-underaccept=4 compiler-timeout=1 reference-disagreement=263 same=3829 tree-difference=2
[4118/100000] reference-disagreement wide:extension-member:raw:phase3-branch:switch-where+real:SyntaxExpressibleByStringInterpolationConformances:253 len=245 artifacts=12 advent-overaccept=6 advent-underaccept=4 compiler-timeout=1 reference-disagreement=264 same=3841 tree-difference=2
[4120/100000] reference-disagreement wide:func-body:glue:translated:testOriginalDefinedInAttr1#1 len=83 artifacts=12 advent-overaccept=6 advent-underaccept=4 compiler-timeout=1 reference-disagreement=265 same=3842 tree-difference=2
[4141/100000] reference-disagreement wide:closure:splice:real:MemoryLayout:14 len=850 artifacts=12 advent-overaccept=6 advent-underaccept=4 compiler-timeout=1 reference-disagreement=266 same=3862 tree-difference=2
[4165/100000] advent-overaccept wide:ifconfig:glue+glue:translated:testOperatorDecl11d#1 len=33 artifacts=12 advent-overaccept=7 advent-underaccept=4 compiler-timeout=1 reference-disagreement=266 same=3885 tree-difference=2
[4200/100000] reference-disagreement wide:func-body:raw:real:MissingNodeInitializers:26 len=150 artifacts=12 advent-overaccept=7 advent-underaccept=4 compiler-timeout=1 reference-disagreement=267 same=3919 tree-difference=2
[4201/100000] reference-disagreement wide:closure:glue+keyword:expression:testKeypathExpressionWithSugaredRoot#2+real:SyntaxExpressibleByStringInterpolationConformances:235 len=148 artifacts=12 advent-overaccept=7 advent-underaccept=4 compiler-timeout=1 reference-disagreement=268 same=3919 tree-difference=2
[4203/100000] reference-disagreement attribute-ifconfig-elseif-list len=134 artifacts=12 advent-overaccept=7 advent-underaccept=4 compiler-timeout=1 reference-disagreement=269 same=3920 tree-difference=2
[4250/100000] reference-disagreement wide:trailing-closure:raw:real:SyntaxNodeWithBody:209 len=65 artifacts=12 advent-overaccept=7 advent-underaccept=4 compiler-timeout=1 reference-disagreement=270 same=3966 tree-difference=2
[4259/100000] reference-disagreement cast-try-operator-cluster len=24 artifacts=12 advent-overaccept=7 advent-underaccept=4 compiler-timeout=1 reference-disagreement=271 same=3974 tree-difference=2
[4283/100000] reference-disagreement wide:extension-member:delete+space:real:SyntaxTraits:297 len=407 artifacts=12 advent-overaccept=7 advent-underaccept=4 compiler-timeout=1 reference-disagreement=272 same=3997 tree-difference=2
[4292/100000] reference-disagreement wide:closure:newline:real:SyntaxTraits:370 len=385 artifacts=12 advent-overaccept=7 advent-underaccept=4 compiler-timeout=1 reference-disagreement=273 same=4005 tree-difference=2
[4305/100000] reference-disagreement wide:closure:newline+space:declaration:testModifiedParameter#4+real:ResultBuilders:29 len=275 artifacts=12 advent-overaccept=7 advent-underaccept=4 compiler-timeout=1 reference-disagreement=274 same=4017 tree-difference=2
[4306/100000] reference-disagreement wide:trailing-closure:line-comment+glue:declaration:testOperators#2 len=288 artifacts=12 advent-overaccept=7 advent-underaccept=4 compiler-timeout=1 reference-disagreement=275 same=4017 tree-difference=2
[4314/100000] reference-disagreement func-body len=458 artifacts=12 advent-overaccept=7 advent-underaccept=4 compiler-timeout=1 reference-disagreement=276 same=4024 tree-difference=2
[4315/100000] reference-disagreement wide:extension-member:block-comment:real:Assertions:648 len=462 artifacts=12 advent-overaccept=7 advent-underaccept=4 compiler-timeout=1 reference-disagreement=277 same=4024 tree-difference=2
[4336/100000] reference-disagreement statement-list len=674 artifacts=12 advent-overaccept=7 advent-underaccept=4 compiler-timeout=1 reference-disagreement=278 same=4044 tree-difference=2
[4338/100000] reference-disagreement wide:trailing-closure:line-comment+space:type:testNonisolatedSpecifier#10 len=92 artifacts=12 advent-overaccept=7 advent-underaccept=4 compiler-timeout=1 reference-disagreement=279 same=4045 tree-difference=2
[4370/100000] reference-disagreement grammarish-member-list len=146 artifacts=12 advent-overaccept=7 advent-underaccept=4 compiler-timeout=1 reference-disagreement=280 same=4076 tree-difference=2
[4380/100000] reference-disagreement tspl-divergence-protocol-body len=167 artifacts=12 advent-overaccept=7 advent-underaccept=4 compiler-timeout=1 reference-disagreement=281 same=4085 tree-difference=2
[4386/100000] reference-disagreement wide:func-body:raw:attribute:testImplementsAttribute#1 len=317 artifacts=12 advent-overaccept=7 advent-underaccept=4 compiler-timeout=1 reference-disagreement=282 same=4090 tree-difference=2
[4401/100000] reference-disagreement wide:extension-member:raw:real:SwiftSyntaxCompatibility:238 len=144 artifacts=12 advent-overaccept=7 advent-underaccept=4 compiler-timeout=1 reference-disagreement=283 same=4104 tree-difference=2
[4406/100000] reference-disagreement wide:closure:glue:real:DiagnosticGroupInheritanceTree:65+real:ResultBuilders:254 len=435 artifacts=12 advent-overaccept=7 advent-underaccept=4 compiler-timeout=1 reference-disagreement=284 same=4108 tree-difference=2
[4418/100000] reference-disagreement keypath-boundary len=37 artifacts=12 advent-overaccept=7 advent-underaccept=4 compiler-timeout=1 reference-disagreement=285 same=4119 tree-difference=2
[4423/100000] reference-disagreement wide:struct-member:newline+space+newline:real:IdentifiableSyntax:28 len=138 artifacts=12 advent-overaccept=7 advent-underaccept=4 compiler-timeout=1 reference-disagreement=286 same=4123 tree-difference=2
[4428/100000] reference-disagreement tspl-divergence-protocol-body len=89 artifacts=12 advent-overaccept=7 advent-underaccept=4 compiler-timeout=1 reference-disagreement=287 same=4127 tree-difference=2
[4430/100000] reference-disagreement tspl-divergence-accessor-commitment len=49 artifacts=12 advent-overaccept=7 advent-underaccept=4 compiler-timeout=1 reference-disagreement=288 same=4128 tree-difference=2
[4468/100000] reference-disagreement wide:func-body:raw:real:SyntaxExtensions:207 len=162 artifacts=12 advent-overaccept=7 advent-underaccept=4 compiler-timeout=1 reference-disagreement=289 same=4165 tree-difference=2
[4474/100000] reference-disagreement attribute-ifconfig-elseif-list len=125 artifacts=12 advent-overaccept=7 advent-underaccept=4 compiler-timeout=1 reference-disagreement=290 same=4170 tree-difference=2
[4500/100000] same tspl-divergence-accessor-commitment len=103 artifacts=12 advent-overaccept=7 advent-underaccept=4 compiler-timeout=1 reference-disagreement=290 same=4196 tree-difference=2
[4524/100000] reference-disagreement tspl-divergence-accessor-commitment len=49 artifacts=12 advent-overaccept=7 advent-underaccept=4 compiler-timeout=1 reference-disagreement=291 same=4219 tree-difference=2
[4548/100000] reference-disagreement wide:closure:line-comment+block-comment:real:GroupedDiagnostics:275 len=673 artifacts=12 advent-overaccept=7 advent-underaccept=4 compiler-timeout=1 reference-disagreement=292 same=4242 tree-difference=2
[4557/100000] tree-difference wide:ifconfig:glue+glue:translated:testCompositionTypeExpr#3 len=23 artifacts=13 advent-overaccept=7 advent-underaccept=4 compiler-timeout=1 reference-disagreement=292 same=4250 tree-difference=3
[4571/100000] reference-disagreement wide:trailing-closure:raw:real:SyntaxUtils:57+expression:testClosureParameterWithAttribute#3 len=237 artifacts=13 advent-overaccept=7 advent-underaccept=4 compiler-timeout=1 reference-disagreement=293 same=4263 tree-difference=3
[4581/100000] reference-disagreement wide:trailing-closure:raw:real:SyntaxUtils:273 len=376 artifacts=13 advent-overaccept=7 advent-underaccept=4 compiler-timeout=1 reference-disagreement=294 same=4272 tree-difference=3
[4593/100000] reference-disagreement grammarish-member-list len=267 artifacts=13 advent-overaccept=7 advent-underaccept=4 compiler-timeout=1 reference-disagreement=295 same=4283 tree-difference=3
[4598/100000] reference-disagreement wide:extension-member:newline+splice:real:SyntaxSynthesis:53 len=733 artifacts=13 advent-overaccept=7 advent-underaccept=4 compiler-timeout=1 reference-disagreement=296 same=4287 tree-difference=3
[4630/100000] reference-disagreement tspl-divergence-accessor-commitment len=78 artifacts=13 advent-overaccept=7 advent-underaccept=4 compiler-timeout=1 reference-disagreement=297 same=4318 tree-difference=3
[4633/100000] reference-disagreement tspl-divergence-accessor-commitment len=78 artifacts=13 advent-overaccept=7 advent-underaccept=4 compiler-timeout=1 reference-disagreement=298 same=4320 tree-difference=3
[4635/100000] reference-disagreement wide:trailing-closure:line-comment:real:LibraryPluginProvider:162 len=269 artifacts=13 advent-overaccept=7 advent-underaccept=4 compiler-timeout=1 reference-disagreement=299 same=4321 tree-difference=3
[4678/100000] reference-disagreement wide:before-statement:raw:reject:testMacroRoleNames#1 len=66 artifacts=13 advent-overaccept=7 advent-underaccept=4 compiler-timeout=1 reference-disagreement=300 same=4363 tree-difference=3
[4712/100000] reference-disagreement wide:closure:splice:attribute:testMacroRoleNames#5 len=86 artifacts=13 advent-overaccept=7 advent-underaccept=4 compiler-timeout=1 reference-disagreement=301 same=4396 tree-difference=3
[4741/100000] reference-disagreement wide:func-body:newline+newline:translated:testEnum2#1+real:Convenience:19 len=524 artifacts=13 advent-overaccept=7 advent-underaccept=4 compiler-timeout=1 reference-disagreement=302 same=4424 tree-difference=3
[4748/100000] reference-disagreement wide:struct-member:raw:translated:testInvalid32#1+real:DeclSyntaxParseable:46 len=112 artifacts=13 advent-overaccept=7 advent-underaccept=4 compiler-timeout=1 reference-disagreement=303 same=4430 tree-difference=3
[4750/100000] same pack-boundary len=84 artifacts=13 advent-overaccept=7 advent-underaccept=4 compiler-timeout=1 reference-disagreement=303 same=4432 tree-difference=3
[4798/100000] reference-disagreement attribute-ifconfig-elseif-list len=127 artifacts=13 advent-overaccept=7 advent-underaccept=4 compiler-timeout=1 reference-disagreement=304 same=4479 tree-difference=3
[4800/100000] reference-disagreement wide:trailing-closure:glue+splice+newline:real:MacroReplacement:59 len=809 artifacts=13 advent-overaccept=7 advent-underaccept=4 compiler-timeout=1 reference-disagreement=305 same=4480 tree-difference=3
[4803/100000] reference-disagreement wide:ifconfig:keyword+block-comment:expression:testKeyPathMethodAndInitializers#1 len=38 artifacts=13 advent-overaccept=7 advent-underaccept=4 compiler-timeout=1 reference-disagreement=306 same=4482 tree-difference=3
[4810/100000] reference-disagreement wide:trailing-closure:newline+glue:real:SyntaxTraits:808 len=58 artifacts=13 advent-overaccept=7 advent-underaccept=4 compiler-timeout=1 reference-disagreement=307 same=4488 tree-difference=3
[4811/100000] reference-disagreement wide:after-statement:raw:translated:testSelfRebinding10#1+reject:testAvailabilityQueryUnavailability23#1 len=229 artifacts=13 advent-overaccept=7 advent-underaccept=4 compiler-timeout=1 reference-disagreement=308 same=4488 tree-difference=3
[4813/100000] reference-disagreement attribute-ifconfig-elseif-list len=114 artifacts=13 advent-overaccept=7 advent-underaccept=4 compiler-timeout=1 reference-disagreement=309 same=4489 tree-difference=3
[4820/100000] reference-disagreement wide:trailing-closure:raw:real:IfConfigEvaluation:520 len=761 artifacts=13 advent-overaccept=7 advent-underaccept=4 compiler-timeout=1 reference-disagreement=310 same=4495 tree-difference=3
[4822/100000] reference-disagreement wide:top:raw:expression:testBorrowExpression#4 len=28 artifacts=13 advent-overaccept=7 advent-underaccept=4 compiler-timeout=1 reference-disagreement=311 same=4496 tree-difference=3
[4832/100000] reference-disagreement wide:trailing-closure:raw:real:Syntax+StringInterpolation:325 len=57 artifacts=13 advent-overaccept=7 advent-underaccept=4 compiler-timeout=1 reference-disagreement=312 same=4505 tree-difference=3
[4855/100000] reference-disagreement grammarish-member-list len=111 artifacts=13 advent-overaccept=7 advent-underaccept=4 compiler-timeout=1 reference-disagreement=313 same=4527 tree-difference=3
[4903/100000] reference-disagreement tspl-divergence-protocol-body len=160 artifacts=13 advent-overaccept=7 advent-underaccept=4 compiler-timeout=1 reference-disagreement=314 same=4574 tree-difference=3
[4910/100000] reference-disagreement attribute-ifconfig-elseif-list len=108 artifacts=13 advent-overaccept=7 advent-underaccept=4 compiler-timeout=1 reference-disagreement=315 same=4580 tree-difference=3
[4912/100000] reference-disagreement wide:ifconfig:newline:type:testNamedOpaqueReturnTypes#1 len=351 artifacts=13 advent-overaccept=7 advent-underaccept=4 compiler-timeout=1 reference-disagreement=316 same=4581 tree-difference=3
[4915/100000] reference-disagreement wide:func-body:raw:real:ConvenienceInitializers:132 len=175 artifacts=13 advent-overaccept=7 advent-underaccept=4 compiler-timeout=1 reference-disagreement=317 same=4583 tree-difference=3
[4920/100000] reference-disagreement wide:func-body:block-comment+keyword+glue:real:SyntaxCollections:676 len=524 artifacts=13 advent-overaccept=7 advent-underaccept=4 compiler-timeout=1 reference-disagreement=318 same=4587 tree-difference=3
[4945/100000] reference-disagreement wide:after-statement:line-comment:translated:testOperatorDeclDesignatedTypes12#1 len=108 artifacts=13 advent-overaccept=7 advent-underaccept=4 compiler-timeout=1 reference-disagreement=319 same=4611 tree-difference=3
[4967/100000] reference-disagreement wide:func-body:raw:real:Convenience:13 len=1064 artifacts=13 advent-overaccept=7 advent-underaccept=4 compiler-timeout=1 reference-disagreement=320 same=4632 tree-difference=3
[4972/100000] reference-disagreement wide:extension-member:raw:real:ExpressionInterpretedAsVersionTuple:19 len=1190 artifacts=13 advent-overaccept=7 advent-underaccept=4 compiler-timeout=1 reference-disagreement=321 same=4636 tree-difference=3
[4973/100000] reference-disagreement tspl-divergence-protocol-body len=168 artifacts=13 advent-overaccept=7 advent-underaccept=4 compiler-timeout=1 reference-disagreement=322 same=4636 tree-difference=3
[4988/100000] reference-disagreement tspl-divergence-protocol-body len=123 artifacts=13 advent-overaccept=7 advent-underaccept=4 compiler-timeout=1 reference-disagreement=323 same=4650 tree-difference=3
[5000/100000] same wide:before-statement:glue+duplicate+block-comment:reject:testDiagnoseInitializerAsTypedPattern9a#1 len=59 artifacts=13 advent-overaccept=7 advent-underaccept=4 compiler-timeout=1 reference-disagreement=323 same=4662 tree-difference=3
[5012/100000] reference-disagreement wide:top:glue+newline+duplicate:expression:testKeypathExpressionWithSugaredRoot#2 len=10 artifacts=13 advent-overaccept=7 advent-underaccept=4 compiler-timeout=1 reference-disagreement=324 same=4673 tree-difference=3
[5025/100000] reference-disagreement wide:after-statement:space:translated:testSwitch44#1+translated:testConsumeExpr1#1 len=151 artifacts=13 advent-overaccept=7 advent-underaccept=4 compiler-timeout=1 reference-disagreement=325 same=4685 tree-difference=3
[5031/100000] reference-disagreement wide:top:duplicate:phase4-string:multiline-blank len=28 artifacts=13 advent-overaccept=7 advent-underaccept=4 compiler-timeout=1 reference-disagreement=326 same=4690 tree-difference=3
[5053/100000] reference-disagreement wide:trailing-closure:raw:translated:testTry1#1 len=244 artifacts=13 advent-overaccept=7 advent-underaccept=4 compiler-timeout=1 reference-disagreement=327 same=4711 tree-difference=3
[5099/100000] reference-disagreement wide:closure:space+glue+newline:real:LookupResult:124 len=214 artifacts=13 advent-overaccept=7 advent-underaccept=4 compiler-timeout=1 reference-disagreement=328 same=4756 tree-difference=3
[5108/100000] reference-disagreement wide:closure:newline+line-comment:translated:testOperators2#1 len=124 artifacts=13 advent-overaccept=7 advent-underaccept=4 compiler-timeout=1 reference-disagreement=329 same=4764 tree-difference=3
[5119/100000] reference-disagreement keypath-boundary len=44 artifacts=13 advent-overaccept=7 advent-underaccept=4 compiler-timeout=1 reference-disagreement=330 same=4774 tree-difference=3
[5127/100000] reference-disagreement tspl-divergence-protocol-body len=237 artifacts=13 advent-overaccept=7 advent-underaccept=4 compiler-timeout=1 reference-disagreement=331 same=4781 tree-difference=3
[5221/100000] reference-disagreement wide:trailing-closure:line-comment:real:SyntaxExpressibleByStringInterpolationConformances:205 len=78 artifacts=13 advent-overaccept=7 advent-underaccept=4 compiler-timeout=1 reference-disagreement=332 same=4874 tree-difference=3
[5224/100000] reference-disagreement attribute-ifconfig-elseif-list len=130 artifacts=13 advent-overaccept=7 advent-underaccept=4 compiler-timeout=1 reference-disagreement=333 same=4876 tree-difference=3
[5250/100000] same wide:before-statement:glue+keyword:type:testTrailingCommas#1 len=63 artifacts=13 advent-overaccept=7 advent-underaccept=4 compiler-timeout=1 reference-disagreement=333 same=4902 tree-difference=3
[5301/100000] reference-disagreement wide:before-statement:duplicate:translated:testGuardTopLevel3#1 len=31 artifacts=13 advent-overaccept=7 advent-underaccept=4 compiler-timeout=1 reference-disagreement=334 same=4952 tree-difference=3
[5306/100000] reference-disagreement wide:struct-member:raw:translated:testDeprecatedWhere8#1 len=243 artifacts=13 advent-overaccept=7 advent-underaccept=4 compiler-timeout=1 reference-disagreement=335 same=4956 tree-difference=3
[5331/100000] reference-disagreement wide:after-statement:newline+glue:declaration:testAttributedMacroExpansionDeclaration#8+real:CallLikeSyntax:20 len=403 artifacts=13 advent-overaccept=7 advent-underaccept=4 compiler-timeout=1 reference-disagreement=336 same=4980 tree-difference=3
[5363/100000] reference-disagreement wide:trailing-closure:glue:expression:testAwaitSwitch3#1+real:WithGenericParametersScopeSyntax:15 len=443 artifacts=13 advent-overaccept=7 advent-underaccept=4 compiler-timeout=1 reference-disagreement=337 same=5011 tree-difference=3
[5393/100000] reference-disagreement wide:struct-member:raw:declaration:testImports#3 len=57 artifacts=13 advent-overaccept=7 advent-underaccept=4 compiler-timeout=1 reference-disagreement=338 same=5040 tree-difference=3
[5397/100000] reference-disagreement wide:func-body:glue:real:Parser:865 len=230 artifacts=13 advent-overaccept=7 advent-underaccept=4 compiler-timeout=1 reference-disagreement=339 same=5043 tree-difference=3
[5406/100000] reference-disagreement tspl-divergence-protocol-body len=164 artifacts=13 advent-overaccept=7 advent-underaccept=4 compiler-timeout=1 reference-disagreement=340 same=5051 tree-difference=3
[5416/100000] reference-disagreement wide:trailing-closure:raw:translated:testSwitch14#1 len=46 artifacts=13 advent-overaccept=7 advent-underaccept=4 compiler-timeout=1 reference-disagreement=341 same=5060 tree-difference=3
[5420/100000] reference-disagreement tspl-divergence-protocol-body len=127 artifacts=13 advent-overaccept=7 advent-underaccept=4 compiler-timeout=1 reference-disagreement=342 same=5063 tree-difference=3
[5430/100000] reference-disagreement wide:after-statement:glue+splice:translated:testSwitch76#1 len=95 artifacts=13 advent-overaccept=7 advent-underaccept=4 compiler-timeout=1 reference-disagreement=343 same=5072 tree-difference=3
[5444/100000] reference-disagreement tspl-divergence-protocol-body len=204 artifacts=13 advent-overaccept=7 advent-underaccept=4 compiler-timeout=1 reference-disagreement=344 same=5085 tree-difference=3
[5448/100000] reference-disagreement wide:after-statement:swap:translated:testForwardSlashRegex86#1 len=49 artifacts=13 advent-overaccept=7 advent-underaccept=4 compiler-timeout=1 reference-disagreement=345 same=5088 tree-difference=3
[5457/100000] reference-disagreement wide:extension-member:newline+line-comment:real:SyntaxTraits:553+real:Operator:26 len=937 artifacts=13 advent-overaccept=7 advent-underaccept=4 compiler-timeout=1 reference-disagreement=346 same=5096 tree-difference=3
[5478/100000] reference-disagreement statement-list len=496 artifacts=13 advent-overaccept=7 advent-underaccept=4 compiler-timeout=1 reference-disagreement=347 same=5116 tree-difference=3
[5479/100000] reference-disagreement tspl-divergence-protocol-body len=161 artifacts=13 advent-overaccept=7 advent-underaccept=4 compiler-timeout=1 reference-disagreement=348 same=5116 tree-difference=3
[5500/100000] same frontier:parser-mode-scope len=58 artifacts=13 advent-overaccept=7 advent-underaccept=4 compiler-timeout=1 reference-disagreement=348 same=5137 tree-difference=3
[5502/100000] reference-disagreement wide:closure:raw:attribute:testQualifiedAttribute#1 len=91 artifacts=13 advent-overaccept=7 advent-underaccept=4 compiler-timeout=1 reference-disagreement=349 same=5138 tree-difference=3
[5514/100000] reference-disagreement wide:extension-member:keyword:real:DeclSyntaxParseable:61 len=64 artifacts=13 advent-overaccept=7 advent-underaccept=4 compiler-timeout=1 reference-disagreement=350 same=5149 tree-difference=3
[5538/100000] reference-disagreement wide:func-body:raw:real:SyntaxTraits:758+phase3-branch:if-else len=204 artifacts=13 advent-overaccept=7 advent-underaccept=4 compiler-timeout=1 reference-disagreement=351 same=5172 tree-difference=3
[5566/100000] reference-disagreement wide:closure:line-comment:real:SyntaxProtocol:590 len=463 artifacts=13 advent-overaccept=7 advent-underaccept=4 compiler-timeout=1 reference-disagreement=352 same=5199 tree-difference=3
[5575/100000] reference-disagreement wide:extension-member:newline+space:real:Parameters:54 len=91 artifacts=13 advent-overaccept=7 advent-underaccept=4 compiler-timeout=1 reference-disagreement=353 same=5207 tree-difference=3
[5607/100000] reference-disagreement declaration-modifier-stack len=34 artifacts=13 advent-overaccept=7 advent-underaccept=4 compiler-timeout=1 reference-disagreement=354 same=5238 tree-difference=3
[5655/100000] reference-disagreement wide:struct-member:glue+glue:real:String+TrimmingTrailingWhitespace:13 len=264 artifacts=13 advent-overaccept=7 advent-underaccept=4 compiler-timeout=1 reference-disagreement=355 same=5285 tree-difference=3
[5656/100000] reference-disagreement grammarish-member-list len=298 artifacts=13 advent-overaccept=7 advent-underaccept=4 compiler-timeout=1 reference-disagreement=356 same=5285 tree-difference=3
[5672/100000] reference-disagreement tspl-divergence-protocol-body len=90 artifacts=13 advent-overaccept=7 advent-underaccept=4 compiler-timeout=1 reference-disagreement=357 same=5300 tree-difference=3
[5696/100000] reference-disagreement wide:top:block-comment+space:real:SyntaxProtocol:35+attribute:testSilgenName#1 len=200 artifacts=13 advent-overaccept=7 advent-underaccept=4 compiler-timeout=1 reference-disagreement=358 same=5323 tree-difference=3
[5701/100000] reference-disagreement func-body len=467 artifacts=13 advent-overaccept=7 advent-underaccept=4 compiler-timeout=1 reference-disagreement=359 same=5327 tree-difference=3
[5717/100000] reference-disagreement wide:func-body:raw:phase3-type:extension-inherit len=33 artifacts=13 advent-overaccept=7 advent-underaccept=4 compiler-timeout=1 reference-disagreement=360 same=5342 tree-difference=3
[5732/100000] reference-disagreement wide:before-statement:block-comment+duplicate:real:LoopProgressCondition:22 len=566 artifacts=13 advent-overaccept=7 advent-underaccept=4 compiler-timeout=1 reference-disagreement=361 same=5356 tree-difference=3
[5740/100000] reference-disagreement wide:trailing-closure:splice+block-comment+newline:real:CompilerPluginMessageHandler:33 len=91 artifacts=13 advent-overaccept=7 advent-underaccept=4 compiler-timeout=1 reference-disagreement=362 same=5363 tree-difference=3
[5750/100000] same frontier:protocol-accessor-shape len=86 artifacts=13 advent-overaccept=7 advent-underaccept=4 compiler-timeout=1 reference-disagreement=362 same=5373 tree-difference=3
[5755/100000] reference-disagreement wide:trailing-closure:block-comment:real:Parameters:55 len=83 artifacts=13 advent-overaccept=7 advent-underaccept=4 compiler-timeout=1 reference-disagreement=363 same=5377 tree-difference=3
[5773/100000] reference-disagreement wide:closure:raw:real:SyntaxTraits:740 len=105 artifacts=13 advent-overaccept=7 advent-underaccept=4 compiler-timeout=1 reference-disagreement=364 same=5394 tree-difference=3
[5803/100000] reference-disagreement wide:func-body:raw:real:DeclarationMacro:36+real:SyntaxNodeWithBody:214 len=247 artifacts=13 advent-overaccept=7 advent-underaccept=4 compiler-timeout=1 reference-disagreement=365 same=5423 tree-difference=3
[5804/100000] reference-disagreement wide:func-body:keyword+space+keyword:declaration:testParseIsolatedConformances#2 len=38 artifacts=13 advent-overaccept=7 advent-underaccept=4 compiler-timeout=1 reference-disagreement=366 same=5423 tree-difference=3
[5823/100000] reference-disagreement wide:before-statement:block-comment:translated:testSwitch73#1 len=121 artifacts=13 advent-overaccept=7 advent-underaccept=4 compiler-timeout=1 reference-disagreement=367 same=5441 tree-difference=3
[5847/100000] reference-disagreement wide:trailing-closure:raw:translated:testTupleTypeExpr#5+translated:testSwitch12#1 len=62 artifacts=13 advent-overaccept=7 advent-underaccept=4 compiler-timeout=1 reference-disagreement=368 same=5464 tree-difference=3
[5858/100000] reference-disagreement wide:trailing-closure:raw:real:DeclSyntaxParseable:46 len=61 artifacts=13 advent-overaccept=7 advent-underaccept=4 compiler-timeout=1 reference-disagreement=369 same=5474 tree-difference=3
[5932/100000] reference-disagreement wide:struct-member:duplicate+line-comment+keyword:real:Syntax+StringInterpolation:288 len=52 artifacts=13 advent-overaccept=7 advent-underaccept=4 compiler-timeout=1 reference-disagreement=370 same=5547 tree-difference=3
[5937/100000] reference-disagreement wide:extension-member:newline+glue+line-comment:real:SyntaxExpressibleByStringInterpolationConformances:100 len=184 artifacts=13 advent-overaccept=7 advent-underaccept=4 compiler-timeout=1 reference-disagreement=371 same=5551 tree-difference=3
[5962/100000] reference-disagreement declaration-modifier-stack len=34 artifacts=13 advent-overaccept=7 advent-underaccept=4 compiler-timeout=1 reference-disagreement=372 same=5575 tree-difference=3
[5981/100000] reference-disagreement wide:trailing-closure:raw:declaration:testAccessorBlockDisambiguationMarker#1 len=59 artifacts=13 advent-overaccept=7 advent-underaccept=4 compiler-timeout=1 reference-disagreement=373 same=5593 tree-difference=3
[6000/100000] same wide:after-statement:newline+keyword+line-comment:reject:testTry12a#1 len=55 artifacts=13 advent-overaccept=7 advent-underaccept=4 compiler-timeout=1 reference-disagreement=373 same=5612 tree-difference=3
[6011/100000] reference-disagreement wide:func-body:newline+glue:translated:testOriginalDefinedInAttr7#4 len=181 artifacts=13 advent-overaccept=7 advent-underaccept=4 compiler-timeout=1 reference-disagreement=374 same=5622 tree-difference=3
[6018/100000] reference-disagreement wide:struct-member:glue+line-comment:real:SyntaxTraits:47 len=661 artifacts=13 advent-overaccept=7 advent-underaccept=4 compiler-timeout=1 reference-disagreement=375 same=5628 tree-difference=3
[6046/100000] reference-disagreement keypath-component-matrix len=40 artifacts=13 advent-overaccept=7 advent-underaccept=4 compiler-timeout=1 reference-disagreement=376 same=5655 tree-difference=3
[6049/100000] reference-disagreement wide:struct-member:space:real:SyntaxExpressibleByStringInterpolationConformances:94 len=89 artifacts=13 advent-overaccept=7 advent-underaccept=4 compiler-timeout=1 reference-disagreement=377 same=5657 tree-difference=3
[6069/100000] reference-disagreement wide:trailing-closure:raw:real:ScopeImplementations:746 len=168 artifacts=13 advent-overaccept=7 advent-underaccept=4 compiler-timeout=1 reference-disagreement=378 same=5676 tree-difference=3
[6075/100000] reference-disagreement tspl-divergence-protocol-body len=239 artifacts=13 advent-overaccept=7 advent-underaccept=4 compiler-timeout=1 reference-disagreement=379 same=5681 tree-difference=3
[6094/100000] reference-disagreement wide:struct-member:line-comment:translated:testForwardSlashRegexSkipping52#1+real:SyntaxUtils:21 len=1097 artifacts=13 advent-overaccept=7 advent-underaccept=4 compiler-timeout=1 reference-disagreement=380 same=5699 tree-difference=3
[6095/100000] reference-disagreement wide:closure:newline:translated:testSwitch63#1 len=75 artifacts=13 advent-overaccept=7 advent-underaccept=4 compiler-timeout=1 reference-disagreement=381 same=5699 tree-difference=3
[6102/100000] reference-disagreement grammarish-member-list len=127 artifacts=13 advent-overaccept=7 advent-underaccept=4 compiler-timeout=1 reference-disagreement=382 same=5705 tree-difference=3
[6120/100000] reference-disagreement tspl-divergence-protocol-body len=147 artifacts=13 advent-overaccept=7 advent-underaccept=4 compiler-timeout=1 reference-disagreement=383 same=5722 tree-difference=3
[6141/100000] reference-disagreement wide:closure:space:real:SyntaxExpressibleByStringInterpolationConformances:67 len=113 artifacts=13 advent-overaccept=7 advent-underaccept=4 compiler-timeout=1 reference-disagreement=384 same=5742 tree-difference=3
[6144/100000] reference-disagreement wide:extension-member:raw:reject:testInitAccessorsWithDefaultValues#1 len=132 artifacts=13 advent-overaccept=7 advent-underaccept=4 compiler-timeout=1 reference-disagreement=385 same=5744 tree-difference=3
[6164/100000] reference-disagreement wide:closure:raw:translated:testEnum61#1 len=88 artifacts=13 advent-overaccept=7 advent-underaccept=4 compiler-timeout=1 reference-disagreement=386 same=5763 tree-difference=3
[6184/100000] reference-disagreement member-list-wide-boundary len=184 artifacts=13 advent-overaccept=7 advent-underaccept=4 compiler-timeout=1 reference-disagreement=387 same=5782 tree-difference=3
[6208/100000] reference-disagreement grammarish-member-list len=419 artifacts=13 advent-overaccept=7 advent-underaccept=4 compiler-timeout=1 reference-disagreement=388 same=5805 tree-difference=3
[6229/100000] reference-disagreement tspl-divergence-protocol-body len=221 artifacts=13 advent-overaccept=7 advent-underaccept=4 compiler-timeout=1 reference-disagreement=389 same=5825 tree-difference=3
[6248/100000] reference-disagreement wide:func-body:newline+newline:real:SyntaxTraits:784 len=72 artifacts=13 advent-overaccept=7 advent-underaccept=4 compiler-timeout=1 reference-disagreement=390 same=5843 tree-difference=3
[6250/100000] same nested-template len=72 artifacts=13 advent-overaccept=7 advent-underaccept=4 compiler-timeout=1 reference-disagreement=390 same=5845 tree-difference=3
[6259/100000] reference-disagreement tspl-divergence-protocol-body len=87 artifacts=13 advent-overaccept=7 advent-underaccept=4 compiler-timeout=1 reference-disagreement=391 same=5853 tree-difference=3
[6262/100000] reference-disagreement wide:closure:newline+block-comment:translated:testMultilineString26#1+real:Macro:15 len=391 artifacts=13 advent-overaccept=7 advent-underaccept=4 compiler-timeout=1 reference-disagreement=392 same=5855 tree-difference=3
[6277/100000] reference-disagreement nested-ifconfig-boundary len=163 artifacts=13 advent-overaccept=7 advent-underaccept=4 compiler-timeout=1 reference-disagreement=393 same=5869 tree-difference=3
[6302/100000] reference-disagreement wide:func-body:raw:real:RawSyntax:187 len=308 artifacts=13 advent-overaccept=7 advent-underaccept=4 compiler-timeout=1 reference-disagreement=394 same=5893 tree-difference=3
[6319/100000] reference-disagreement attribute-ifconfig-elseif-list len=129 artifacts=13 advent-overaccept=7 advent-underaccept=4 compiler-timeout=1 reference-disagreement=395 same=5909 tree-difference=3
[6325/100000] reference-disagreement tspl-divergence-protocol-body len=207 artifacts=13 advent-overaccept=7 advent-underaccept=4 compiler-timeout=1 reference-disagreement=396 same=5914 tree-difference=3
[6326/100000] reference-disagreement wide:extension-member:raw:translated:testOperatorDecl11b#1+attribute:testImportAttributes#1 len=166 artifacts=13 advent-overaccept=7 advent-underaccept=4 compiler-timeout=1 reference-disagreement=397 same=5914 tree-difference=3
[6329/100000] reference-disagreement wide:struct-member:newline+line-comment:real:BuildableNodes:848 len=1275 artifacts=13 advent-overaccept=7 advent-underaccept=4 compiler-timeout=1 reference-disagreement=398 same=5916 tree-difference=3
[6335/100000] reference-disagreement wide:func-body:space:real:PackageTarget:161 len=139 artifacts=13 advent-overaccept=7 advent-underaccept=4 compiler-timeout=1 reference-disagreement=399 same=5921 tree-difference=3
[6345/100000] reference-disagreement tspl-divergence-protocol-body len=127 artifacts=13 advent-overaccept=7 advent-underaccept=4 compiler-timeout=1 reference-disagreement=400 same=5930 tree-difference=3
[6349/100000] reference-disagreement wide:func-body:raw:real:SyntaxExpressibleByStringInterpolationConformances:49 len=94 artifacts=13 advent-overaccept=7 advent-underaccept=4 compiler-timeout=1 reference-disagreement=401 same=5933 tree-difference=3
[6359/100000] reference-disagreement grammarish-member-list len=312 artifacts=13 advent-overaccept=7 advent-underaccept=4 compiler-timeout=1 reference-disagreement=402 same=5942 tree-difference=3
[6370/100000] reference-disagreement grammarish-member-list len=367 artifacts=13 advent-overaccept=7 advent-underaccept=4 compiler-timeout=1 reference-disagreement=403 same=5952 tree-difference=3
[6390/100000] reference-disagreement keypath-boundary len=44 artifacts=13 advent-overaccept=7 advent-underaccept=4 compiler-timeout=1 reference-disagreement=404 same=5971 tree-difference=3
[6401/100000] reference-disagreement member-list-wide-boundary len=147 artifacts=13 advent-overaccept=7 advent-underaccept=4 compiler-timeout=1 reference-disagreement=405 same=5981 tree-difference=3
[6407/100000] reference-disagreement wide:closure:raw:translated:testInitDeinit6#1 len=65 artifacts=13 advent-overaccept=7 advent-underaccept=4 compiler-timeout=1 reference-disagreement=406 same=5986 tree-difference=3
[6408/100000] reference-disagreement keypath-boundary len=40 artifacts=13 advent-overaccept=7 advent-underaccept=4 compiler-timeout=1 reference-disagreement=407 same=5986 tree-difference=3
[6415/100000] reference-disagreement wide:trailing-closure:raw:real:SyntaxTraits:694 len=90 artifacts=13 advent-overaccept=7 advent-underaccept=4 compiler-timeout=1 reference-disagreement=408 same=5992 tree-difference=3
[6427/100000] reference-disagreement keypath-boundary len=44 artifacts=13 advent-overaccept=7 advent-underaccept=4 compiler-timeout=1 reference-disagreement=409 same=6003 tree-difference=3
[6447/100000] reference-disagreement wide:func-body:newline:real:IfConfigEvaluation:681 len=98 artifacts=13 advent-overaccept=7 advent-underaccept=4 compiler-timeout=1 reference-disagreement=410 same=6022 tree-difference=3
[6463/100000] reference-disagreement grammarish-member-list len=262 artifacts=13 advent-overaccept=7 advent-underaccept=4 compiler-timeout=1 reference-disagreement=411 same=6037 tree-difference=3
[6468/100000] reference-disagreement keypath-component-matrix len=52 artifacts=13 advent-overaccept=7 advent-underaccept=4 compiler-timeout=1 reference-disagreement=412 same=6041 tree-difference=3
[6478/100000] reference-disagreement wide:trailing-closure:space+newline:translated:testOperators27#1 len=88 artifacts=13 advent-overaccept=7 advent-underaccept=4 compiler-timeout=1 reference-disagreement=413 same=6050 tree-difference=3
[6484/100000] reference-disagreement keypath-boundary len=37 artifacts=13 advent-overaccept=7 advent-underaccept=4 compiler-timeout=1 reference-disagreement=414 same=6055 tree-difference=3
[6486/100000] reference-disagreement wide:closure:space+space:real:SourceLocation:85+phase4-closure:capture-empty len=657 artifacts=13 advent-overaccept=7 advent-underaccept=4 compiler-timeout=1 reference-disagreement=415 same=6056 tree-difference=3
[6500/100000] same attribute-ifconfig-elseif-list len=121 artifacts=13 advent-overaccept=7 advent-underaccept=4 compiler-timeout=1 reference-disagreement=415 same=6070 tree-difference=3
[6502/100000] reference-disagreement wide:func-body:block-comment+keyword+line-comment:real:Operator:26 len=249 artifacts=13 advent-overaccept=7 advent-underaccept=4 compiler-timeout=1 reference-disagreement=416 same=6071 tree-difference=3
[6507/100000] reference-disagreement wide:struct-member:line-comment+block-comment:real:WarningControlDeclSyntax:87 len=332 artifacts=13 advent-overaccept=7 advent-underaccept=4 compiler-timeout=1 reference-disagreement=417 same=6075 tree-difference=3
[6521/100000] reference-disagreement wide:struct-member:raw:reject:testCoroutineAccessors#2 len=89 artifacts=13 advent-overaccept=7 advent-underaccept=4 compiler-timeout=1 reference-disagreement=418 same=6088 tree-difference=3
[6568/100000] reference-disagreement wide:func-body:newline+duplicate:translated:testDebugger2#1 len=61 artifacts=13 advent-overaccept=7 advent-underaccept=4 compiler-timeout=1 reference-disagreement=419 same=6134 tree-difference=3
[6598/100000] reference-disagreement wide:func-body:keyword:phase4-import:import-func len=37 artifacts=13 advent-overaccept=7 advent-underaccept=4 compiler-timeout=1 reference-disagreement=420 same=6163 tree-difference=3
[6600/100000] reference-disagreement wide:after-statement:delete+newline+glue:real:LayoutNodes+Parsable:199 len=188 artifacts=13 advent-overaccept=7 advent-underaccept=4 compiler-timeout=1 reference-disagreement=421 same=6164 tree-difference=3
[6607/100000] reference-disagreement keypath-component-matrix len=34 artifacts=13 advent-overaccept=7 advent-underaccept=4 compiler-timeout=1 reference-disagreement=422 same=6170 tree-difference=3
[6612/100000] reference-disagreement wide:struct-member:raw:translated:testTry2#1+real:SyntaxExpressibleByStringInterpolationConformances:133 len=371 artifacts=13 advent-overaccept=7 advent-underaccept=4 compiler-timeout=1 reference-disagreement=423 same=6174 tree-difference=3
[6621/100000] reference-disagreement tspl-divergence-accessor-commitment len=78 artifacts=13 advent-overaccept=7 advent-underaccept=4 compiler-timeout=1 reference-disagreement=424 same=6182 tree-difference=3
[6627/100000] reference-disagreement wide:func-body:line-comment+space+block-comment:real:SyntaxTraits:834 len=167 artifacts=13 advent-overaccept=7 advent-underaccept=4 compiler-timeout=1 reference-disagreement=425 same=6187 tree-difference=3
[6639/100000] reference-disagreement wide:closure:newline:phase3-modifier:two-modifiers+real:Syntax+StringInterpolation:289 len=108 artifacts=13 advent-overaccept=7 advent-underaccept=4 compiler-timeout=1 reference-disagreement=426 same=6198 tree-difference=3
[6646/100000] reference-disagreement wide:trailing-closure:raw:real:ParserDiagnosticMessages:570 len=317 artifacts=13 advent-overaccept=7 advent-underaccept=4 compiler-timeout=1 reference-disagreement=427 same=6204 tree-difference=3
[6658/100000] reference-disagreement wide:struct-member:raw:translated:testForwardSlashRegex8#1 len=85 artifacts=13 advent-overaccept=7 advent-underaccept=4 compiler-timeout=1 reference-disagreement=428 same=6215 tree-difference=3
[6665/100000] reference-disagreement wide:struct-member:newline:real:Diagnostics:29 len=749 artifacts=13 advent-overaccept=7 advent-underaccept=4 compiler-timeout=1 reference-disagreement=429 same=6221 tree-difference=3
[6667/100000] reference-disagreement wide:struct-member:raw:real:Attributes:839 len=526 artifacts=13 advent-overaccept=7 advent-underaccept=4 compiler-timeout=1 reference-disagreement=430 same=6222 tree-difference=3
[6700/100000] reference-disagreement attribute-boundary len=43 artifacts=13 advent-overaccept=7 advent-underaccept=4 compiler-timeout=1 reference-disagreement=431 same=6254 tree-difference=3
[6709/100000] reference-disagreement wide:extension-member:space+glue+line-comment:real:ResultBuilders:167 len=226 artifacts=13 advent-overaccept=7 advent-underaccept=4 compiler-timeout=1 reference-disagreement=432 same=6262 tree-difference=3
[6749/100000] reference-disagreement wide:func-body:line-comment+splice:real:LayoutNodes+Parsable:111 len=199 artifacts=13 advent-overaccept=7 advent-underaccept=4 compiler-timeout=1 reference-disagreement=433 same=6301 tree-difference=3
[6750/100000] same frontier:condition-trailing-closure-scope len=489 artifacts=13 advent-overaccept=7 advent-underaccept=4 compiler-timeout=1 reference-disagreement=433 same=6302 tree-difference=3
[6780/100000] reference-disagreement grammarish-member-list len=111 artifacts=13 advent-overaccept=7 advent-underaccept=4 compiler-timeout=1 reference-disagreement=434 same=6331 tree-difference=3
[6795/100000] reference-disagreement wide:closure:line-comment+splice:real:SyntaxCollections:1360 len=532 artifacts=13 advent-overaccept=7 advent-underaccept=4 compiler-timeout=1 reference-disagreement=435 same=6345 tree-difference=3
[6802/100000] reference-disagreement wide:ifconfig:raw:attribute:testDocumentationAttribute#3+translated:testInitDeinit19#1 len=127 artifacts=13 advent-overaccept=7 advent-underaccept=4 compiler-timeout=1 reference-disagreement=436 same=6351 tree-difference=3
[6803/100000] reference-disagreement wide:extension-member:space+newline:real:Loggers:11 len=633 artifacts=13 advent-overaccept=7 advent-underaccept=4 compiler-timeout=1 reference-disagreement=437 same=6351 tree-difference=3
[6821/100000] reference-disagreement tspl-divergence-protocol-body len=94 artifacts=13 advent-overaccept=7 advent-underaccept=4 compiler-timeout=1 reference-disagreement=438 same=6368 tree-difference=3
[6831/100000] reference-disagreement wide:struct-member:raw:real:MacroSystem:1543 len=479 artifacts=13 advent-overaccept=7 advent-underaccept=4 compiler-timeout=1 reference-disagreement=439 same=6377 tree-difference=3
[6832/100000] reference-disagreement wide:extension-member:raw:real:Syntax+StringInterpolation:528 len=79 artifacts=13 advent-overaccept=7 advent-underaccept=4 compiler-timeout=1 reference-disagreement=440 same=6377 tree-difference=3
[6850/100000] reference-disagreement wide:closure:newline+newline:phase4-decl:op-infix len=40 artifacts=13 advent-overaccept=7 advent-underaccept=4 compiler-timeout=1 reference-disagreement=441 same=6394 tree-difference=3
[6864/100000] reference-disagreement wide:trailing-closure:glue:real:SyntaxTraits:696 len=64 artifacts=13 advent-overaccept=7 advent-underaccept=4 compiler-timeout=1 reference-disagreement=442 same=6407 tree-difference=3
[6878/100000] reference-disagreement wide:extension-member:line-comment:translated:testOperatorDecl19#1 len=59 artifacts=13 advent-overaccept=7 advent-underaccept=4 compiler-timeout=1 reference-disagreement=443 same=6420 tree-difference=3
[6879/100000] reference-disagreement wide:struct-member:splice:phase4-coroutine:op-designated+real:DeclSyntaxParseable:59 len=96 artifacts=13 advent-overaccept=7 advent-underaccept=4 compiler-timeout=1 reference-disagreement=444 same=6420 tree-difference=3
[6893/100000] reference-disagreement grammarish-member-list len=377 artifacts=13 advent-overaccept=7 advent-underaccept=4 compiler-timeout=1 reference-disagreement=445 same=6433 tree-difference=3
[6894/100000] reference-disagreement wide:extension-member:raw:translated:testTry8#1 len=121 artifacts=13 advent-overaccept=7 advent-underaccept=4 compiler-timeout=1 reference-disagreement=446 same=6433 tree-difference=3
[6907/100000] reference-disagreement wide:trailing-closure:raw:real:ManifestSyntaxRepresentable:17+real:ParserDiagnosticMessages:44 len=1237 artifacts=13 advent-overaccept=7 advent-underaccept=4 compiler-timeout=1 reference-disagreement=447 same=6445 tree-difference=3
[6916/100000] reference-disagreement keypath-boundary len=36 artifacts=13 advent-overaccept=7 advent-underaccept=4 compiler-timeout=1 reference-disagreement=448 same=6453 tree-difference=3
[6953/100000] reference-disagreement wide:func-body:line-comment:real:MissingNodeInitializers:92 len=243 artifacts=13 advent-overaccept=7 advent-underaccept=4 compiler-timeout=1 reference-disagreement=449 same=6489 tree-difference=3
[6967/100000] reference-disagreement grammarish-member-list len=90 artifacts=13 advent-overaccept=7 advent-underaccept=4 compiler-timeout=1 reference-disagreement=450 same=6502 tree-difference=3
[6972/100000] reference-disagreement wide:trailing-closure:glue+block-comment+line-comment:real:Syntax+StringInterpolation:33 len=855 artifacts=13 advent-overaccept=7 advent-underaccept=4 compiler-timeout=1 reference-disagreement=451 same=6506 tree-difference=3
[7000/100000] reference-disagreement member-list-wide-boundary len=115 artifacts=13 advent-overaccept=7 advent-underaccept=4 compiler-timeout=1 reference-disagreement=452 same=6533 tree-difference=3
[7031/100000] reference-disagreement wide:closure:delete:translated:testSemicolon6#1+phase3-modifier:open-class len=76 artifacts=13 advent-overaccept=7 advent-underaccept=4 compiler-timeout=1 reference-disagreement=453 same=6563 tree-difference=3
[7039/100000] reference-disagreement tspl-divergence-protocol-body len=243 artifacts=13 advent-overaccept=7 advent-underaccept=4 compiler-timeout=1 reference-disagreement=454 same=6570 tree-difference=3
[7050/100000] reference-disagreement grammarish-member-list len=90 artifacts=13 advent-overaccept=7 advent-underaccept=4 compiler-timeout=1 reference-disagreement=455 same=6580 tree-difference=3
[7077/100000] reference-disagreement wide:closure:raw:real:RawSyntaxNodeProtocol:85 len=465 artifacts=13 advent-overaccept=7 advent-underaccept=4 compiler-timeout=1 reference-disagreement=456 same=6606 tree-difference=3
[7086/100000] advent-overaccept wide:func-body:keyword:real:SwiftSyntaxCompatibility:486+phase3-enum-case:case-raw-list len=591 artifacts=14 advent-overaccept=8 advent-underaccept=4 compiler-timeout=1 reference-disagreement=456 same=6614 tree-difference=3
[7088/100000] reference-disagreement wide:trailing-closure:block-comment:real:SyntaxText:198 len=1236 artifacts=14 advent-overaccept=8 advent-underaccept=4 compiler-timeout=1 reference-disagreement=457 same=6615 tree-difference=3
[7089/100000] reference-disagreement keypath-component-matrix len=44 artifacts=14 advent-overaccept=8 advent-underaccept=4 compiler-timeout=1 reference-disagreement=458 same=6615 tree-difference=3
[7099/100000] reference-disagreement wide:top:raw:translated:testPatternWithoutVariables5#1 len=451 artifacts=14 advent-overaccept=8 advent-underaccept=4 compiler-timeout=1 reference-disagreement=459 same=6624 tree-difference=3
[7113/100000] reference-disagreement wide:before-statement:raw:attribute:testABIAttribute#17 len=53 artifacts=14 advent-overaccept=8 advent-underaccept=4 compiler-timeout=1 reference-disagreement=460 same=6637 tree-difference=3
[7114/100000] reference-disagreement wide:extension-member:raw:declaration:testParseIsolatedConformances#4 len=58 artifacts=14 advent-overaccept=8 advent-underaccept=4 compiler-timeout=1 reference-disagreement=461 same=6637 tree-difference=3
[7141/100000] reference-disagreement seed-corpus-wrapped:declaration-modifier-stack len=54 artifacts=14 advent-overaccept=8 advent-underaccept=4 compiler-timeout=1 reference-disagreement=462 same=6663 tree-difference=3
[7153/100000] reference-disagreement wide:closure:raw:real:LibraryPluginProvider:185 len=178 artifacts=14 advent-overaccept=8 advent-underaccept=4 compiler-timeout=1 reference-disagreement=463 same=6674 tree-difference=3
[7167/100000] reference-disagreement keypath-boundary len=40 artifacts=14 advent-overaccept=8 advent-underaccept=4 compiler-timeout=1 reference-disagreement=464 same=6687 tree-difference=3
[7169/100000] reference-disagreement wide:top:duplicate:translated:testSubscripting19#1+translated:testForwardSlashRegex60#1 len=108 artifacts=14 advent-overaccept=8 advent-underaccept=4 compiler-timeout=1 reference-disagreement=465 same=6688 tree-difference=3
[7173/100000] reference-disagreement wide:ifconfig:line-comment+newline:reject:testAvailabilityQueryUnavailability23#1 len=52 artifacts=14 advent-overaccept=8 advent-underaccept=4 compiler-timeout=1 reference-disagreement=466 same=6691 tree-difference=3
[7192/100000] reference-disagreement wide:trailing-closure:keyword+block-comment+block-comment:real:SyntaxCollections:564 len=485 artifacts=14 advent-overaccept=8 advent-underaccept=4 compiler-timeout=1 reference-disagreement=467 same=6709 tree-difference=3
[7194/100000] reference-disagreement wide:after-statement:splice:declaration:testOpenVarInCodeBlockItemList#1+translated:testForwardSlashRegex179#1 len=74 artifacts=14 advent-overaccept=8 advent-underaccept=4 compiler-timeout=1 reference-disagreement=468 same=6710 tree-difference=3
[7204/100000] reference-disagreement seed-corpus-structural-splice:preconcurrency-import len=79 artifacts=14 advent-overaccept=8 advent-underaccept=4 compiler-timeout=1 reference-disagreement=469 same=6719 tree-difference=3
[7235/100000] reference-disagreement binding-pattern len=458 artifacts=14 advent-overaccept=8 advent-underaccept=4 compiler-timeout=1 reference-disagreement=470 same=6749 tree-difference=3
[7243/100000] reference-disagreement wide:ifconfig:raw:expression:testClosureLiterals#1 len=66 artifacts=14 advent-overaccept=8 advent-underaccept=4 compiler-timeout=1 reference-disagreement=471 same=6756 tree-difference=3
[7250/100000] same frontier:condition-trailing-closure-scope len=487 artifacts=14 advent-overaccept=8 advent-underaccept=4 compiler-timeout=1 reference-disagreement=471 same=6763 tree-difference=3
[7254/100000] reference-disagreement wide:after-statement:raw:attribute:testDifferentiableAttribute#1+real:SyntaxTraits:802 len=186 artifacts=14 advent-overaccept=8 advent-underaccept=4 compiler-timeout=1 reference-disagreement=472 same=6766 tree-difference=3
[7258/100000] reference-disagreement wide:extension-member:splice+splice:real:SyntaxClassifier:19 len=477 artifacts=14 advent-overaccept=8 advent-underaccept=4 compiler-timeout=1 reference-disagreement=473 same=6769 tree-difference=3
[7295/100000] reference-disagreement wide:closure:raw:real:SwiftSyntaxCompatibility:462 len=840 artifacts=14 advent-overaccept=8 advent-underaccept=4 compiler-timeout=1 reference-disagreement=474 same=6805 tree-difference=3
[7298/100000] reference-disagreement wide:struct-member:keyword:real:ResultBuilders:323 len=194 artifacts=14 advent-overaccept=8 advent-underaccept=4 compiler-timeout=1 reference-disagreement=475 same=6807 tree-difference=3
[7321/100000] reference-disagreement wide:func-body:raw:real:SyntaxNodeWithBody:42 len=214 artifacts=14 advent-overaccept=8 advent-underaccept=4 compiler-timeout=1 reference-disagreement=476 same=6829 tree-difference=3
[7327/100000] reference-disagreement wide:top:raw:declaration:testOpenVarInCodeBlockItemList#1 len=34 artifacts=14 advent-overaccept=8 advent-underaccept=4 compiler-timeout=1 reference-disagreement=477 same=6834 tree-difference=3
[7335/100000] reference-disagreement wide:trailing-closure:splice+glue:phase4-import:import-kind+attribute:testSendable#1 len=109 artifacts=14 advent-overaccept=8 advent-underaccept=4 compiler-timeout=1 reference-disagreement=478 same=6841 tree-difference=3
[7364/100000] reference-disagreement tspl-divergence-accessor-commitment len=49 artifacts=14 advent-overaccept=8 advent-underaccept=4 compiler-timeout=1 reference-disagreement=479 same=6869 tree-difference=3
[7377/100000] reference-disagreement wide:after-statement:block-comment+newline+block-comment:translated:testInvalid36#1 len=66 artifacts=14 advent-overaccept=8 advent-underaccept=4 compiler-timeout=1 reference-disagreement=480 same=6881 tree-difference=3
[7383/100000] reference-disagreement wide:extension-member:splice:real:BuildableNodes:1588 len=1052 artifacts=14 advent-overaccept=8 advent-underaccept=4 compiler-timeout=1 reference-disagreement=481 same=6886 tree-difference=3
[7456/100000] reference-disagreement tspl-divergence-protocol-body len=121 artifacts=14 advent-overaccept=8 advent-underaccept=4 compiler-timeout=1 reference-disagreement=482 same=6958 tree-difference=3
[7457/100000] reference-disagreement wide:ifconfig:duplicate+newline+block-comment:declaration:testAccessors#1 len=71 artifacts=14 advent-overaccept=8 advent-underaccept=4 compiler-timeout=1 reference-disagreement=483 same=6958 tree-difference=3
[7482/100000] reference-disagreement keypath-boundary len=37 artifacts=14 advent-overaccept=8 advent-underaccept=4 compiler-timeout=1 reference-disagreement=484 same=6982 tree-difference=3
[7500/100000] same wide:extension-member:keyword+delete:real:SyntaxSynthesis:78 len=187 artifacts=14 advent-overaccept=8 advent-underaccept=4 compiler-timeout=1 reference-disagreement=484 same=7000 tree-difference=3
[7511/100000] reference-disagreement wide:extension-member:glue+newline:real:SyntaxTraits:854 len=140 artifacts=14 advent-overaccept=8 advent-underaccept=4 compiler-timeout=1 reference-disagreement=485 same=7010 tree-difference=3
[7534/100000] reference-disagreement wide:trailing-closure:splice+line-comment:real:ParserDiagnosticMessages:383 len=252 artifacts=14 advent-overaccept=8 advent-underaccept=4 compiler-timeout=1 reference-disagreement=486 same=7032 tree-difference=3
[7553/100000] reference-disagreement tspl-divergence-protocol-body len=268 artifacts=14 advent-overaccept=8 advent-underaccept=4 compiler-timeout=1 reference-disagreement=487 same=7050 tree-difference=3
[7569/100000] reference-disagreement wide:struct-member:raw:real:Expressions:2344 len=886 artifacts=14 advent-overaccept=8 advent-underaccept=4 compiler-timeout=1 reference-disagreement=488 same=7065 tree-difference=3
[7589/100000] advent-overaccept wide:top:block-comment:attribute:testTransposeAttribute#1+phase2-postfix:method-call len=144 artifacts=15 advent-overaccept=9 advent-underaccept=4 compiler-timeout=1 reference-disagreement=488 same=7084 tree-difference=3
[7621/100000] reference-disagreement declaration-modifier-stack len=34 artifacts=15 advent-overaccept=9 advent-underaccept=4 compiler-timeout=1 reference-disagreement=489 same=7115 tree-difference=3
[7627/100000] reference-disagreement tspl-divergence-accessor-commitment len=49 artifacts=15 advent-overaccept=9 advent-underaccept=4 compiler-timeout=1 reference-disagreement=490 same=7120 tree-difference=3
[7698/100000] reference-disagreement binding-pattern len=458 artifacts=15 advent-overaccept=9 advent-underaccept=4 compiler-timeout=1 reference-disagreement=491 same=7190 tree-difference=3
[7711/100000] reference-disagreement wide:trailing-closure:block-comment+newline:real:SyntaxText:242 len=352 artifacts=15 advent-overaccept=9 advent-underaccept=4 compiler-timeout=1 reference-disagreement=492 same=7202 tree-difference=3
[7750/100000] same wide:interpolation:line-comment+delete:real:Convenience:19 len=461 artifacts=15 advent-overaccept=9 advent-underaccept=4 compiler-timeout=1 reference-disagreement=492 same=7241 tree-difference=3
[7760/100000] reference-disagreement keypath-component-matrix len=53 artifacts=15 advent-overaccept=9 advent-underaccept=4 compiler-timeout=1 reference-disagreement=493 same=7250 tree-difference=3
[7785/100000] reference-disagreement wide:trailing-closure:raw:real:SyntaxExpressibleByStringInterpolationConformances:46 len=166 artifacts=15 advent-overaccept=9 advent-underaccept=4 compiler-timeout=1 reference-disagreement=494 same=7274 tree-difference=3
[7792/100000] reference-disagreement tspl-divergence-protocol-body len=234 artifacts=15 advent-overaccept=9 advent-underaccept=4 compiler-timeout=1 reference-disagreement=495 same=7280 tree-difference=3
[7802/100000] reference-disagreement attribute-ifconfig-elseif-list len=126 artifacts=15 advent-overaccept=9 advent-underaccept=4 compiler-timeout=1 reference-disagreement=496 same=7289 tree-difference=3
[7809/100000] reference-disagreement cast-try-operator-cluster len=24 artifacts=15 advent-overaccept=9 advent-underaccept=4 compiler-timeout=1 reference-disagreement=497 same=7295 tree-difference=3
[7819/100000] reference-disagreement wide:closure:raw:real:WarningControlDeclSyntax:87 len=327 artifacts=15 advent-overaccept=9 advent-underaccept=4 compiler-timeout=1 reference-disagreement=498 same=7304 tree-difference=3
[7835/100000] reference-disagreement wide:extension-member:raw:phase4-precedence:postfix-op len=50 artifacts=15 advent-overaccept=9 advent-underaccept=4 compiler-timeout=1 reference-disagreement=499 same=7319 tree-difference=3
[7857/100000] reference-disagreement wide:trailing-closure:newline+block-comment:real:Syntax+StringInterpolation:528 len=79 artifacts=15 advent-overaccept=9 advent-underaccept=4 compiler-timeout=1 reference-disagreement=500 same=7340 tree-difference=3
[7866/100000] reference-disagreement wide:extension-member:raw:real:SyntaxTraits:822 len=82 artifacts=15 advent-overaccept=9 advent-underaccept=4 compiler-timeout=1 reference-disagreement=501 same=7348 tree-difference=3
[7894/100000] reference-disagreement wide:closure:line-comment+newline+glue:translated:testOperatorDeclDesignatedTypes16#1 len=71 artifacts=15 advent-overaccept=9 advent-underaccept=4 compiler-timeout=1 reference-disagreement=502 same=7375 tree-difference=3
[7935/100000] reference-disagreement wide:top:glue+duplicate:real:Trivia:150 len=219 artifacts=15 advent-overaccept=9 advent-underaccept=4 compiler-timeout=1 reference-disagreement=503 same=7415 tree-difference=3
[7942/100000] reference-disagreement wide:trailing-closure:newline:translated:testOriginalDefinedInAttr7#2+translated:testOperatorDecl18#1 len=197 artifacts=15 advent-overaccept=9 advent-underaccept=4 compiler-timeout=1 reference-disagreement=504 same=7421 tree-difference=3
[7956/100000] reference-disagreement attribute-boundary len=32 artifacts=15 advent-overaccept=9 advent-underaccept=4 compiler-timeout=1 reference-disagreement=505 same=7434 tree-difference=3
[7957/100000] reference-disagreement tspl-divergence-accessor-commitment len=78 artifacts=15 advent-overaccept=9 advent-underaccept=4 compiler-timeout=1 reference-disagreement=506 same=7434 tree-difference=3
[7969/100000] reference-disagreement wide:func-body:newline:real:ParserDiagnosticMessages:648+translated:testEnum43#1 len=674 artifacts=15 advent-overaccept=9 advent-underaccept=4 compiler-timeout=1 reference-disagreement=507 same=7445 tree-difference=3
[7985/100000] reference-disagreement wide:trailing-closure:newline+newline:real:SyntaxExpressibleByStringInterpolationConformances:154 len=173 artifacts=15 advent-overaccept=9 advent-underaccept=4 compiler-timeout=1 reference-disagreement=508 same=7460 tree-difference=3
[8000/100000] same frontier:condition-trailing-closure-scope len=489 artifacts=15 advent-overaccept=9 advent-underaccept=4 compiler-timeout=1 reference-disagreement=508 same=7475 tree-difference=3
[8012/100000] reference-disagreement seed-corpus-structural-splice:warning-directive len=60 artifacts=15 advent-overaccept=9 advent-underaccept=4 compiler-timeout=1 reference-disagreement=509 same=7486 tree-difference=3
[8015/100000] reference-disagreement tspl-divergence-protocol-body len=220 artifacts=15 advent-overaccept=9 advent-underaccept=4 compiler-timeout=1 reference-disagreement=510 same=7488 tree-difference=3
[8055/100000] reference-disagreement wide:func-body:raw:real:BuildableNodes:110 len=1059 artifacts=15 advent-overaccept=9 advent-underaccept=4 compiler-timeout=1 reference-disagreement=511 same=7527 tree-difference=3
[8067/100000] reference-disagreement attribute-ifconfig-elseif-list len=121 artifacts=15 advent-overaccept=9 advent-underaccept=4 compiler-timeout=1 reference-disagreement=512 same=7538 tree-difference=3
[8092/100000] reference-disagreement wide:trailing-closure:duplicate+splice:real:SyntaxTraits:840 len=49 artifacts=15 advent-overaccept=9 advent-underaccept=4 compiler-timeout=1 reference-disagreement=513 same=7562 tree-difference=3
[8095/100000] reference-disagreement wide:trailing-closure:newline:real:SyntaxCollections:224 len=509 artifacts=15 advent-overaccept=9 advent-underaccept=4 compiler-timeout=1 reference-disagreement=514 same=7564 tree-difference=3
[8104/100000] reference-disagreement wide:func-body:block-comment:real:OperatorError:20 len=868 artifacts=15 advent-overaccept=9 advent-underaccept=4 compiler-timeout=1 reference-disagreement=515 same=7572 tree-difference=3
[8110/100000] reference-disagreement tspl-divergence-accessor-commitment len=78 artifacts=15 advent-overaccept=9 advent-underaccept=4 compiler-timeout=1 reference-disagreement=516 same=7577 tree-difference=3
[8165/100000] reference-disagreement tspl-divergence-protocol-body len=108 artifacts=15 advent-overaccept=9 advent-underaccept=4 compiler-timeout=1 reference-disagreement=517 same=7631 tree-difference=3
[8182/100000] reference-disagreement attribute-ifconfig-elseif-list len=121 artifacts=15 advent-overaccept=9 advent-underaccept=4 compiler-timeout=1 reference-disagreement=518 same=7647 tree-difference=3
[8218/100000] reference-disagreement grammarish-member-list len=218 artifacts=15 advent-overaccept=9 advent-underaccept=4 compiler-timeout=1 reference-disagreement=519 same=7682 tree-difference=3
[8226/100000] reference-disagreement wide:extension-member:block-comment:real:Expressions:1619 len=666 artifacts=15 advent-overaccept=9 advent-underaccept=4 compiler-timeout=1 reference-disagreement=520 same=7689 tree-difference=3
[8249/100000] reference-disagreement seed-corpus-wrapped:operator-question-assignment len=114 artifacts=15 advent-overaccept=9 advent-underaccept=4 compiler-timeout=1 reference-disagreement=521 same=7711 tree-difference=3
[8250/100000] same regex-trivia-boundary len=93 artifacts=15 advent-overaccept=9 advent-underaccept=4 compiler-timeout=1 reference-disagreement=521 same=7712 tree-difference=3
[8276/100000] reference-disagreement tspl-divergence-protocol-body len=259 artifacts=15 advent-overaccept=9 advent-underaccept=4 compiler-timeout=1 reference-disagreement=522 same=7737 tree-difference=3
[8292/100000] reference-disagreement wide:extension-member:keyword+newline:translated:testOperators3#1+translated:testOriginalDefinedInAttr7#2 len=228 artifacts=15 advent-overaccept=9 advent-underaccept=4 compiler-timeout=1 reference-disagreement=523 same=7752 tree-difference=3
[8294/100000] reference-disagreement binding-pattern len=458 artifacts=15 advent-overaccept=9 advent-underaccept=4 compiler-timeout=1 reference-disagreement=524 same=7753 tree-difference=3
[8309/100000] reference-disagreement wide:trailing-closure:newline+newline:real:MacroReplacement:78 len=396 artifacts=15 advent-overaccept=9 advent-underaccept=4 compiler-timeout=1 reference-disagreement=525 same=7767 tree-difference=3
[8317/100000] reference-disagreement keypath-boundary len=33 artifacts=15 advent-overaccept=9 advent-underaccept=4 compiler-timeout=1 reference-disagreement=526 same=7774 tree-difference=3
[8332/100000] reference-disagreement wide:func-body:raw:real:ScopeImplementations:16 len=588 artifacts=15 advent-overaccept=9 advent-underaccept=4 compiler-timeout=1 reference-disagreement=527 same=7788 tree-difference=3
[8340/100000] reference-disagreement wide:func-body:block-comment:real:RawSyntax:187 len=313 artifacts=15 advent-overaccept=9 advent-underaccept=4 compiler-timeout=1 reference-disagreement=528 same=7795 tree-difference=3
[8353/100000] reference-disagreement grammarish-member-list len=173 artifacts=15 advent-overaccept=9 advent-underaccept=4 compiler-timeout=1 reference-disagreement=529 same=7807 tree-difference=3
[8366/100000] reference-disagreement member-list-wide-boundary len=214 artifacts=15 advent-overaccept=9 advent-underaccept=4 compiler-timeout=1 reference-disagreement=530 same=7819 tree-difference=3
[8373/100000] reference-disagreement attribute-ifconfig-elseif-list len=129 artifacts=15 advent-overaccept=9 advent-underaccept=4 compiler-timeout=1 reference-disagreement=531 same=7825 tree-difference=3
[8374/100000] reference-disagreement wide:closure:raw:real:ExpandEditorPlaceholder:496 len=129 artifacts=15 advent-overaccept=9 advent-underaccept=4 compiler-timeout=1 reference-disagreement=532 same=7825 tree-difference=3
[8424/100000] reference-disagreement tspl-divergence-protocol-body len=237 artifacts=15 advent-overaccept=9 advent-underaccept=4 compiler-timeout=1 reference-disagreement=533 same=7874 tree-difference=3
[8440/100000] reference-disagreement wide:top:raw:type:testTypedThrows#1 len=36 artifacts=15 advent-overaccept=9 advent-underaccept=4 compiler-timeout=1 reference-disagreement=534 same=7889 tree-difference=3
[8443/100000] reference-disagreement declaration-modifier-stack len=34 artifacts=15 advent-overaccept=9 advent-underaccept=4 compiler-timeout=1 reference-disagreement=535 same=7891 tree-difference=3
[8450/100000] reference-disagreement member-list-wide-boundary len=254 artifacts=15 advent-overaccept=9 advent-underaccept=4 compiler-timeout=1 reference-disagreement=536 same=7897 tree-difference=3
[8459/100000] reference-disagreement wide:extension-member:raw:real:VersionTuple:66 len=173 artifacts=15 advent-overaccept=9 advent-underaccept=4 compiler-timeout=1 reference-disagreement=537 same=7905 tree-difference=3
[8472/100000] reference-disagreement wide:trailing-closure:raw:real:Scanner:98 len=161 artifacts=15 advent-overaccept=9 advent-underaccept=4 compiler-timeout=1 reference-disagreement=538 same=7917 tree-difference=3
[8500/100000] same frontier:interpolation-delimiter len=348 artifacts=15 advent-overaccept=9 advent-underaccept=4 compiler-timeout=1 reference-disagreement=538 same=7945 tree-difference=3
[8504/100000] reference-disagreement wide:trailing-closure:raw:real:SyntaxCollections:460 len=495 artifacts=15 advent-overaccept=9 advent-underaccept=4 compiler-timeout=1 reference-disagreement=539 same=7948 tree-difference=3
[8528/100000] reference-disagreement wide:struct-member:raw:real:SyntaxTraits:756 len=63 artifacts=15 advent-overaccept=9 advent-underaccept=4 compiler-timeout=1 reference-disagreement=540 same=7971 tree-difference=3
[8580/100000] reference-disagreement wide:func-body:raw:real:CommonAncestor:14+real:MacroExpansionDiagnosticMessages:19 len=499 artifacts=15 advent-overaccept=9 advent-underaccept=4 compiler-timeout=1 reference-disagreement=541 same=8022 tree-difference=3
[8603/100000] reference-disagreement wide:func-body:newline:real:Lexer:252 len=704 artifacts=15 advent-overaccept=9 advent-underaccept=4 compiler-timeout=1 reference-disagreement=542 same=8044 tree-difference=3
[8653/100000] reference-disagreement statement-list len=503 artifacts=15 advent-overaccept=9 advent-underaccept=4 compiler-timeout=1 reference-disagreement=543 same=8093 tree-difference=3
[8673/100000] reference-disagreement wide:extension-member:block-comment+duplicate+newline:translated:testObjectLiterals3b#1 len=57 artifacts=15 advent-overaccept=9 advent-underaccept=4 compiler-timeout=1 reference-disagreement=544 same=8112 tree-difference=3
[8680/100000] reference-disagreement wide:after-statement:glue:translated:testOperatorDeclDesignatedTypes9#1 len=75 artifacts=15 advent-overaccept=9 advent-underaccept=4 compiler-timeout=1 reference-disagreement=545 same=8118 tree-difference=3
[8690/100000] reference-disagreement wide:closure:space:real:ResultBuilders:280 len=139 artifacts=15 advent-overaccept=9 advent-underaccept=4 compiler-timeout=1 reference-disagreement=546 same=8127 tree-difference=3
[8695/100000] reference-disagreement member-list-wide-boundary len=349 artifacts=15 advent-overaccept=9 advent-underaccept=4 compiler-timeout=1 reference-disagreement=547 same=8131 tree-difference=3
[8703/100000] reference-disagreement wide:trailing-closure:raw:real:ScopeImplementations:746 len=168 artifacts=15 advent-overaccept=9 advent-underaccept=4 compiler-timeout=1 reference-disagreement=548 same=8138 tree-difference=3
[8710/100000] reference-disagreement declaration-modifier-stack len=34 artifacts=15 advent-overaccept=9 advent-underaccept=4 compiler-timeout=1 reference-disagreement=549 same=8144 tree-difference=3
[8746/100000] reference-disagreement wide:closure:newline+line-comment+newline:translated:testDiagnoseAvailabilityWindows2#1+real:MacroSystem:1498 len=558 artifacts=15 advent-overaccept=9 advent-underaccept=4 compiler-timeout=1 reference-disagreement=550 same=8179 tree-difference=3
[8750/100000] same wide:closure:delete+space:translated:testForwardSlashRegex104#1 len=38 artifacts=15 advent-overaccept=9 advent-underaccept=4 compiler-timeout=1 reference-disagreement=550 same=8183 tree-difference=3
[8755/100000] reference-disagreement wide:top:newline+newline:translated:testDeprecatedWhere8#1 len=228 artifacts=15 advent-overaccept=9 advent-underaccept=4 compiler-timeout=1 reference-disagreement=551 same=8187 tree-difference=3
[8780/100000] reference-disagreement wide:func-body:glue:real:Parameters:36+translated:testTypeExpr3#1 len=291 artifacts=15 advent-overaccept=9 advent-underaccept=4 compiler-timeout=1 reference-disagreement=552 same=8211 tree-difference=3
[8814/100000] reference-disagreement wide:trailing-closure:raw:real:Syntax+StringInterpolation:328 len=158 artifacts=15 advent-overaccept=9 advent-underaccept=4 compiler-timeout=1 reference-disagreement=553 same=8244 tree-difference=3
[8817/100000] reference-disagreement wide:trailing-closure:newline+line-comment:real:JSONDecoding:405 len=749 artifacts=15 advent-overaccept=9 advent-underaccept=4 compiler-timeout=1 reference-disagreement=554 same=8246 tree-difference=3
[8830/100000] reference-disagreement attribute-ifconfig-elseif-list len=119 artifacts=15 advent-overaccept=9 advent-underaccept=4 compiler-timeout=1 reference-disagreement=555 same=8258 tree-difference=3
[8841/100000] reference-disagreement cast-try-operator-cluster len=24 artifacts=15 advent-overaccept=9 advent-underaccept=4 compiler-timeout=1 reference-disagreement=556 same=8268 tree-difference=3
[8843/100000] reference-disagreement wide:struct-member:raw:translated:testDeinitAsync#1 len=66 artifacts=15 advent-overaccept=9 advent-underaccept=4 compiler-timeout=1 reference-disagreement=557 same=8269 tree-difference=3
[8853/100000] reference-disagreement wide:trailing-closure:duplicate+line-comment+newline:declaration:testVariableDeclarations#5+phase4-macro:borrow len=70 artifacts=15 advent-overaccept=9 advent-underaccept=4 compiler-timeout=1 reference-disagreement=558 same=8278 tree-difference=3
[8898/100000] reference-disagreement wide:closure:raw:translated:testEnum70#1+statement:testIf#2 len=149 artifacts=15 advent-overaccept=9 advent-underaccept=4 compiler-timeout=1 reference-disagreement=559 same=8322 tree-difference=3
[8907/100000] reference-disagreement wide:extension-member:block-comment+newline+block-comment:real:SyntaxTraits:388 len=435 artifacts=15 advent-overaccept=9 advent-underaccept=4 compiler-timeout=1 reference-disagreement=560 same=8330 tree-difference=3
[8917/100000] reference-disagreement attribute-ifconfig-elseif-list len=110 artifacts=15 advent-overaccept=9 advent-underaccept=4 compiler-timeout=1 reference-disagreement=561 same=8339 tree-difference=3
[8942/100000] reference-disagreement wide:after-statement:newline+duplicate+line-comment:real:RawSyntax:958 len=375 artifacts=15 advent-overaccept=9 advent-underaccept=4 compiler-timeout=1 reference-disagreement=562 same=8363 tree-difference=3
[8951/100000] reference-disagreement wide:closure:space:real:SyntaxTraits:708 len=89 artifacts=15 advent-overaccept=9 advent-underaccept=4 compiler-timeout=1 reference-disagreement=563 same=8371 tree-difference=3
[8990/100000] reference-disagreement wide:struct-member:space:real:Declarations:19 len=588 artifacts=15 advent-overaccept=9 advent-underaccept=4 compiler-timeout=1 reference-disagreement=564 same=8409 tree-difference=3
[9000/100000] same expr-let len=23 artifacts=15 advent-overaccept=9 advent-underaccept=4 compiler-timeout=1 reference-disagreement=564 same=8419 tree-difference=3
[9003/100000] reference-disagreement binding-pattern len=458 artifacts=15 advent-overaccept=9 advent-underaccept=4 compiler-timeout=1 reference-disagreement=565 same=8421 tree-difference=3
[9013/100000] reference-disagreement wide:func-body:raw:translated:testSwitch54#1+real:LayoutNodes+Parsable:183 len=250 artifacts=15 advent-overaccept=9 advent-underaccept=4 compiler-timeout=1 reference-disagreement=566 same=8430 tree-difference=3
[9028/100000] reference-disagreement wide:closure:raw:real:ParserDiagnosticMessages:80 len=621 artifacts=15 advent-overaccept=9 advent-underaccept=4 compiler-timeout=1 reference-disagreement=567 same=8444 tree-difference=3
[9073/100000] reference-disagreement binding-pattern len=458 artifacts=15 advent-overaccept=9 advent-underaccept=4 compiler-timeout=1 reference-disagreement=568 same=8488 tree-difference=3
[9078/100000] reference-disagreement keypath-boundary len=36 artifacts=15 advent-overaccept=9 advent-underaccept=4 compiler-timeout=1 reference-disagreement=569 same=8492 tree-difference=3
[9113/100000] reference-disagreement member-list-wide-boundary len=179 artifacts=15 advent-overaccept=9 advent-underaccept=4 compiler-timeout=1 reference-disagreement=570 same=8526 tree-difference=3
[9120/100000] reference-disagreement wide:struct-member:newline+keyword+block-comment:real:SyntaxUtils:57 len=172 artifacts=15 advent-overaccept=9 advent-underaccept=4 compiler-timeout=1 reference-disagreement=571 same=8532 tree-difference=3
[9138/100000] advent-overaccept wide:func-body:raw:real:ScopeImplementations:208+phase4-coroutine:op-trailing-comma len=503 artifacts=16 advent-overaccept=10 advent-underaccept=4 compiler-timeout=1 reference-disagreement=571 same=8549 tree-difference=3
[9144/100000] reference-disagreement wide:ifconfig:raw:attribute:testABIAttribute#12 len=40 artifacts=16 advent-overaccept=10 advent-underaccept=4 compiler-timeout=1 reference-disagreement=572 same=8554 tree-difference=3
[9152/100000] reference-disagreement tspl-divergence-protocol-body len=169 artifacts=16 advent-overaccept=10 advent-underaccept=4 compiler-timeout=1 reference-disagreement=573 same=8561 tree-difference=3
[9159/100000] reference-disagreement cast-try-operator-cluster len=24 artifacts=16 advent-overaccept=10 advent-underaccept=4 compiler-timeout=1 reference-disagreement=574 same=8567 tree-difference=3
[9192/100000] reference-disagreement attribute-ifconfig-elseif-list len=116 artifacts=16 advent-overaccept=10 advent-underaccept=4 compiler-timeout=1 reference-disagreement=575 same=8599 tree-difference=3
[9194/100000] reference-disagreement wide:closure:space+space+newline:attribute:testMacroRoleNames#5 len=88 artifacts=16 advent-overaccept=10 advent-underaccept=4 compiler-timeout=1 reference-disagreement=576 same=8600 tree-difference=3
[9198/100000] advent-underaccept wide:top:newline+newline:translated:testForwardSlashRegex112#1 len=38 artifacts=17 advent-overaccept=10 advent-underaccept=5 compiler-timeout=1 reference-disagreement=576 same=8603 tree-difference=3
[9217/100000] reference-disagreement statement-list len=561 artifacts=17 advent-overaccept=10 advent-underaccept=5 compiler-timeout=1 reference-disagreement=577 same=8621 tree-difference=3
[9218/100000] reference-disagreement member-list-wide-boundary len=224 artifacts=17 advent-overaccept=10 advent-underaccept=5 compiler-timeout=1 reference-disagreement=578 same=8621 tree-difference=3
[9221/100000] reference-disagreement declaration-modifier-stack len=34 artifacts=17 advent-overaccept=10 advent-underaccept=5 compiler-timeout=1 reference-disagreement=579 same=8623 tree-difference=3
[9223/100000] reference-disagreement keypath-boundary len=38 artifacts=17 advent-overaccept=10 advent-underaccept=5 compiler-timeout=1 reference-disagreement=580 same=8624 tree-difference=3
[9250/100000] same wide:after-statement:block-comment+space+delete:real:SyntaxTraits:796 len=71 artifacts=17 advent-overaccept=10 advent-underaccept=5 compiler-timeout=1 reference-disagreement=580 same=8651 tree-difference=3
[9281/100000] reference-disagreement wide:trailing-closure:newline:real:SyntaxEditUtils:444 len=314 artifacts=17 advent-overaccept=10 advent-underaccept=5 compiler-timeout=1 reference-disagreement=581 same=8681 tree-difference=3
[9311/100000] reference-disagreement tspl-divergence-protocol-body len=109 artifacts=17 advent-overaccept=10 advent-underaccept=5 compiler-timeout=1 reference-disagreement=582 same=8710 tree-difference=3
[9348/100000] reference-disagreement wide:extension-member:raw:real:RawSyntax:947 len=232 artifacts=17 advent-overaccept=10 advent-underaccept=5 compiler-timeout=1 reference-disagreement=583 same=8746 tree-difference=3
[9366/100000] reference-disagreement wide:trailing-closure:newline:real:SyntaxCollections:1112 len=552 artifacts=17 advent-overaccept=10 advent-underaccept=5 compiler-timeout=1 reference-disagreement=584 same=8763 tree-difference=3
[9368/100000] reference-disagreement member-list-wide-boundary len=390 artifacts=17 advent-overaccept=10 advent-underaccept=5 compiler-timeout=1 reference-disagreement=585 same=8764 tree-difference=3
[9378/100000] reference-disagreement wide:struct-member:glue+newline+keyword:real:SyntaxTraits:589 len=754 artifacts=17 advent-overaccept=10 advent-underaccept=5 compiler-timeout=1 reference-disagreement=586 same=8773 tree-difference=3
[9380/100000] reference-disagreement wide:trailing-closure:raw:translated:testOperatorDecl3#1 len=34 artifacts=17 advent-overaccept=10 advent-underaccept=5 compiler-timeout=1 reference-disagreement=587 same=8774 tree-difference=3
[9414/100000] reference-disagreement wide:trailing-closure:raw:real:SyntaxNodeWithBody:209 len=65 artifacts=17 advent-overaccept=10 advent-underaccept=5 compiler-timeout=1 reference-disagreement=588 same=8807 tree-difference=3
[9422/100000] reference-disagreement binding-pattern len=458 artifacts=17 advent-overaccept=10 advent-underaccept=5 compiler-timeout=1 reference-disagreement=589 same=8814 tree-difference=3
[9431/100000] reference-disagreement member-list-wide-boundary len=141 artifacts=17 advent-overaccept=10 advent-underaccept=5 compiler-timeout=1 reference-disagreement=590 same=8822 tree-difference=3
[9479/100000] reference-disagreement member-list-wide-boundary len=298 artifacts=17 advent-overaccept=10 advent-underaccept=5 compiler-timeout=1 reference-disagreement=591 same=8869 tree-difference=3
[9500/100000] same frontier:protocol-accessor-shape len=77 artifacts=17 advent-overaccept=10 advent-underaccept=5 compiler-timeout=1 reference-disagreement=591 same=8890 tree-difference=3
[9527/100000] reference-disagreement wide:trailing-closure:line-comment+delete:real:ConvenienceInitializers:237 len=458 artifacts=17 advent-overaccept=10 advent-underaccept=5 compiler-timeout=1 reference-disagreement=592 same=8916 tree-difference=3
[9535/100000] reference-disagreement wide:struct-member:raw:real:CustomTraits:13 len=176 artifacts=17 advent-overaccept=10 advent-underaccept=5 compiler-timeout=1 reference-disagreement=593 same=8923 tree-difference=3
[9540/100000] reference-disagreement grammarish-member-list len=265 artifacts=17 advent-overaccept=10 advent-underaccept=5 compiler-timeout=1 reference-disagreement=594 same=8927 tree-difference=3
[9562/100000] reference-disagreement wide:struct-member:raw:real:SyntaxExpressibleByStringInterpolationConformances:67 len=106 artifacts=17 advent-overaccept=10 advent-underaccept=5 compiler-timeout=1 reference-disagreement=595 same=8948 tree-difference=3
[9565/100000] reference-disagreement tspl-divergence-protocol-body len=131 artifacts=17 advent-overaccept=10 advent-underaccept=5 compiler-timeout=1 reference-disagreement=596 same=8950 tree-difference=3
[9571/100000] reference-disagreement wide:after-statement:raw:real:JSONDecoding:179+translated:testOperatorDecl11b#1 len=503 artifacts=17 advent-overaccept=10 advent-underaccept=5 compiler-timeout=1 reference-disagreement=597 same=8955 tree-difference=3
[9572/100000] reference-disagreement wide:before-statement:glue+line-comment+block-comment:reject:testForwardSlashRegex142#1 len=38 artifacts=17 advent-overaccept=10 advent-underaccept=5 compiler-timeout=1 reference-disagreement=598 same=8955 tree-difference=3
[9577/100000] reference-disagreement wide:trailing-closure:newline:real:WarningControlRegions:35 len=275 artifacts=17 advent-overaccept=10 advent-underaccept=5 compiler-timeout=1 reference-disagreement=599 same=8959 tree-difference=3
[9588/100000] reference-disagreement wide:extension-member:newline+newline:declaration:testAccessorBlockDisambiguationMarker#1 len=69 artifacts=17 advent-overaccept=10 advent-underaccept=5 compiler-timeout=1 reference-disagreement=600 same=8969 tree-difference=3
[9597/100000] advent-overaccept wide:trailing-closure:line-comment+block-comment:declaration:testClassWithPrivateSet#1+reject:testRecovery144#1 len=115 artifacts=18 advent-overaccept=11 advent-underaccept=5 compiler-timeout=1 reference-disagreement=600 same=8977 tree-difference=3
[9600/100000] reference-disagreement wide:closure:line-comment:real:SyntaxUtils:273 len=395 artifacts=18 advent-overaccept=11 advent-underaccept=5 compiler-timeout=1 reference-disagreement=601 same=8979 tree-difference=3
[9601/100000] reference-disagreement wide:closure:raw:declaration:testPrecedenceGroup#2 len=116 artifacts=18 advent-overaccept=11 advent-underaccept=5 compiler-timeout=1 reference-disagreement=602 same=8979 tree-difference=3
[9618/100000] reference-disagreement wide:struct-member:line-comment+glue:translated:testInitDeinit12#1 len=48 artifacts=18 advent-overaccept=11 advent-underaccept=5 compiler-timeout=1 reference-disagreement=603 same=8995 tree-difference=3
[9639/100000] reference-disagreement attribute-ifconfig-elseif-list len=129 artifacts=18 advent-overaccept=11 advent-underaccept=5 compiler-timeout=1 reference-disagreement=604 same=9015 tree-difference=3
[9655/100000] reference-disagreement wide:extension-member:glue+line-comment:phase4-attr:attr-two+real:SyntaxTraits:754 len=145 artifacts=18 advent-overaccept=11 advent-underaccept=5 compiler-timeout=1 reference-disagreement=605 same=9030 tree-difference=3
[9666/100000] reference-disagreement wide:extension-member:raw:declaration:testVariableDeclarations#11+real:LayoutNodes+Parsable:22 len=177 artifacts=18 advent-overaccept=11 advent-underaccept=5 compiler-timeout=1 reference-disagreement=606 same=9040 tree-difference=3
[9685/100000] advent-overaccept wide:trailing-closure:delete+splice:type:testInverseTypes#8 len=30 artifacts=19 advent-overaccept=12 advent-underaccept=5 compiler-timeout=1 reference-disagreement=606 same=9058 tree-difference=3
[9691/100000] advent-overaccept wide:func-body:raw:phase4-coroutine:op-trailing-comma len=56 artifacts=20 advent-overaccept=13 advent-underaccept=5 compiler-timeout=1 reference-disagreement=606 same=9063 tree-difference=3
[9692/100000] reference-disagreement member-list-wide-boundary len=181 artifacts=20 advent-overaccept=13 advent-underaccept=5 compiler-timeout=1 reference-disagreement=607 same=9063 tree-difference=3
[9700/100000] reference-disagreement wide:top:space+splice+line-comment:reject:testForwardSlashRegex142#1 len=19 artifacts=20 advent-overaccept=13 advent-underaccept=5 compiler-timeout=1 reference-disagreement=608 same=9070 tree-difference=3
[9725/100000] reference-disagreement wide:trailing-closure:newline:real:String+TrimmingTrailingWhitespace:23 len=188 artifacts=20 advent-overaccept=13 advent-underaccept=5 compiler-timeout=1 reference-disagreement=609 same=9094 tree-difference=3
[9730/100000] reference-disagreement tspl-divergence-accessor-commitment len=49 artifacts=20 advent-overaccept=13 advent-underaccept=5 compiler-timeout=1 reference-disagreement=610 same=9098 tree-difference=3
[9750/100000] same wide:interpolation:newline:real:SyntaxUtils:57 len=160 artifacts=20 advent-overaccept=13 advent-underaccept=5 compiler-timeout=1 reference-disagreement=610 same=9118 tree-difference=3
[9762/100000] reference-disagreement wide:trailing-closure:block-comment+block-comment:real:Expressions:1853 len=681 artifacts=20 advent-overaccept=13 advent-underaccept=5 compiler-timeout=1 reference-disagreement=611 same=9129 tree-difference=3
[9772/100000] reference-disagreement attribute-boundary len=99 artifacts=20 advent-overaccept=13 advent-underaccept=5 compiler-timeout=1 reference-disagreement=612 same=9138 tree-difference=3
[9785/100000] reference-disagreement wide:closure:raw:real:Syntax+StringInterpolation:478+translated:testEnum49#1 len=266 artifacts=20 advent-overaccept=13 advent-underaccept=5 compiler-timeout=1 reference-disagreement=613 same=9150 tree-difference=3
[9787/100000] reference-disagreement nested-ifconfig-boundary len=146 artifacts=20 advent-overaccept=13 advent-underaccept=5 compiler-timeout=1 reference-disagreement=614 same=9151 tree-difference=3
[9810/100000] reference-disagreement declaration-modifier-stack len=34 artifacts=20 advent-overaccept=13 advent-underaccept=5 compiler-timeout=1 reference-disagreement=615 same=9173 tree-difference=3
[9858/100000] advent-overaccept wide:struct-member:block-comment+splice:real:SyntaxComparison:28 len=694 artifacts=21 advent-overaccept=14 advent-underaccept=5 compiler-timeout=1 reference-disagreement=615 same=9220 tree-difference=3
[9866/100000] reference-disagreement wide:struct-member:glue:real:WarningControlDeclSyntax:65+translated:testTrailingClosures8#1 len=745 artifacts=21 advent-overaccept=14 advent-underaccept=5 compiler-timeout=1 reference-disagreement=616 same=9227 tree-difference=3
[9877/100000] advent-overaccept wide:func-body:line-comment:declaration:testUsing#8+type:testInverseTypes#7 len=63 artifacts=22 advent-overaccept=15 advent-underaccept=5 compiler-timeout=1 reference-disagreement=616 same=9237 tree-difference=3
[9880/100000] reference-disagreement wide:trailing-closure:newline:declaration:testParsePoundError#1 len=40 artifacts=22 advent-overaccept=15 advent-underaccept=5 compiler-timeout=1 reference-disagreement=617 same=9239 tree-difference=3
[9887/100000] reference-disagreement wide:extension-member:raw:translated:testForwardSlashRegex1#1 len=75 artifacts=22 advent-overaccept=15 advent-underaccept=5 compiler-timeout=1 reference-disagreement=618 same=9245 tree-difference=3
[9891/100000] reference-disagreement wide:trailing-closure:line-comment:real:Syntax+StringInterpolation:282 len=59 artifacts=22 advent-overaccept=15 advent-underaccept=5 compiler-timeout=1 reference-disagreement=619 same=9248 tree-difference=3
[9903/100000] reference-disagreement wide:struct-member:duplicate+newline:translated:testEffectfulProperties9#1 len=145 artifacts=22 advent-overaccept=15 advent-underaccept=5 compiler-timeout=1 reference-disagreement=620 same=9259 tree-difference=3
[9933/100000] reference-disagreement cast-try-operator-cluster len=24 artifacts=22 advent-overaccept=15 advent-underaccept=5 compiler-timeout=1 reference-disagreement=621 same=9288 tree-difference=3
[9938/100000] reference-disagreement tspl-divergence-accessor-commitment len=78 artifacts=22 advent-overaccept=15 advent-underaccept=5 compiler-timeout=1 reference-disagreement=622 same=9292 tree-difference=3
[9977/100000] reference-disagreement cast-try-operator-cluster len=24 artifacts=22 advent-overaccept=15 advent-underaccept=5 compiler-timeout=1 reference-disagreement=623 same=9330 tree-difference=3
[9987/100000] reference-disagreement wide:func-body:newline:real:ResultBuilders:245 len=227 artifacts=22 advent-overaccept=15 advent-underaccept=5 compiler-timeout=1 reference-disagreement=624 same=9339 tree-difference=3
[9998/100000] reference-disagreement attribute-ifconfig-elseif-list len=141 artifacts=22 advent-overaccept=15 advent-underaccept=5 compiler-timeout=1 reference-disagreement=625 same=9349 tree-difference=3
[10000/100000] same closure-result-boundary len=50 artifacts=22 advent-overaccept=15 advent-underaccept=5 compiler-timeout=1 reference-disagreement=625 same=9351 tree-difference=3
[10015/100000] reference-disagreement wide:func-body:raw:real:ResultBuilders:180+expression:testKeypathExpressionWithSugaredRoot#6 len=210 artifacts=22 advent-overaccept=15 advent-underaccept=5 compiler-timeout=1 reference-disagreement=626 same=9365 tree-difference=3
[10024/100000] reference-disagreement wide:func-body:splice:declaration:testParseDynamicReplacement#2 len=158 artifacts=22 advent-overaccept=15 advent-underaccept=5 compiler-timeout=1 reference-disagreement=627 same=9373 tree-difference=3
[10031/100000] reference-disagreement wide:closure:glue:real:SyntaxCollections:2140+translated:testModuleSelectorAttrs#3 len=588 artifacts=22 advent-overaccept=15 advent-underaccept=5 compiler-timeout=1 reference-disagreement=628 same=9379 tree-difference=3
[10038/100000] reference-disagreement ifconfig-member-context-boundary len=89 artifacts=22 advent-overaccept=15 advent-underaccept=5 compiler-timeout=1 reference-disagreement=629 same=9385 tree-difference=3
[10049/100000] reference-disagreement tspl-divergence-protocol-body len=105 artifacts=22 advent-overaccept=15 advent-underaccept=5 compiler-timeout=1 reference-disagreement=630 same=9395 tree-difference=3
[10067/100000] reference-disagreement wide:after-statement:newline:translated:testEnum61#1 len=82 artifacts=22 advent-overaccept=15 advent-underaccept=5 compiler-timeout=1 reference-disagreement=631 same=9412 tree-difference=3
[10077/100000] reference-disagreement attribute-ifconfig-elseif-list len=110 artifacts=22 advent-overaccept=15 advent-underaccept=5 compiler-timeout=1 reference-disagreement=632 same=9421 tree-difference=3
[10089/100000] reference-disagreement wide:struct-member:newline+newline:real:ResultBuilders:441+real:WarningControlRegions:35 len=491 artifacts=22 advent-overaccept=15 advent-underaccept=5 compiler-timeout=1 reference-disagreement=633 same=9432 tree-difference=3
[10149/100000] reference-disagreement wide:struct-member:raw:real:ResultBuilders:388 len=208 artifacts=22 advent-overaccept=15 advent-underaccept=5 compiler-timeout=1 reference-disagreement=634 same=9491 tree-difference=3
[10155/100000] reference-disagreement wide:closure:line-comment:real:EditorPlaceholder:43 len=916 artifacts=22 advent-overaccept=15 advent-underaccept=5 compiler-timeout=1 reference-disagreement=635 same=9496 tree-difference=3
[10158/100000] advent-underaccept wide:struct-member:line-comment+glue:translated:testForwardSlashRegexSkipping37#1+real:Assertions:346 len=629 artifacts=23 advent-overaccept=15 advent-underaccept=6 compiler-timeout=1 reference-disagreement=635 same=9498 tree-difference=3
[10164/100000] reference-disagreement wide:trailing-closure:space:declaration:testParsePreconcurrency#2+real:ConvenienceInitializers:111 len=702 artifacts=23 advent-overaccept=15 advent-underaccept=6 compiler-timeout=1 reference-disagreement=636 same=9503 tree-difference=3
[10178/100000] reference-disagreement wide:struct-member:newline+block-comment+keyword:real:DeclSyntaxParseable:59+real:SyntaxTraits:607 len=183 artifacts=23 advent-overaccept=15 advent-underaccept=6 compiler-timeout=1 reference-disagreement=637 same=9516 tree-difference=3
[10185/100000] reference-disagreement wide:func-body:line-comment+block-comment+newline:phase4-decl:op-precedence len=66 artifacts=23 advent-overaccept=15 advent-underaccept=6 compiler-timeout=1 reference-disagreement=638 same=9522 tree-difference=3
[10223/100000] reference-disagreement grammarish-member-list len=138 artifacts=23 advent-overaccept=15 advent-underaccept=6 compiler-timeout=1 reference-disagreement=639 same=9559 tree-difference=3
[10229/100000] reference-disagreement wide:trailing-closure:raw:expression:testKeyPathMethodAndInitializers#7 len=25 artifacts=23 advent-overaccept=15 advent-underaccept=6 compiler-timeout=1 reference-disagreement=640 same=9564 tree-difference=3
[10240/100000] reference-disagreement keypath-component-matrix len=38 artifacts=23 advent-overaccept=15 advent-underaccept=6 compiler-timeout=1 reference-disagreement=641 same=9574 tree-difference=3
[10250/100000] same wide:after-statement:line-comment+duplicate:real:SyntaxNodeWithBody:210 len=107 artifacts=23 advent-overaccept=15 advent-underaccept=6 compiler-timeout=1 reference-disagreement=641 same=9584 tree-difference=3
[10252/100000] reference-disagreement grammarish-member-list len=176 artifacts=23 advent-overaccept=15 advent-underaccept=6 compiler-timeout=1 reference-disagreement=642 same=9585 tree-difference=3
[10266/100000] reference-disagreement wide:after-statement:newline:translated:testEffectfulProperties10#1 len=335 artifacts=23 advent-overaccept=15 advent-underaccept=6 compiler-timeout=1 reference-disagreement=643 same=9598 tree-difference=3
[10293/100000] reference-disagreement attribute-ifconfig-elseif-list len=124 artifacts=23 advent-overaccept=15 advent-underaccept=6 compiler-timeout=1 reference-disagreement=644 same=9624 tree-difference=3
[10312/100000] reference-disagreement wide:closure:raw:real:Lookahead:165 len=247 artifacts=23 advent-overaccept=15 advent-underaccept=6 compiler-timeout=1 reference-disagreement=645 same=9642 tree-difference=3
[10316/100000] reference-disagreement attribute-ifconfig-elseif-list len=114 artifacts=23 advent-overaccept=15 advent-underaccept=6 compiler-timeout=1 reference-disagreement=646 same=9645 tree-difference=3
[10322/100000] reference-disagreement tspl-divergence-protocol-body len=89 artifacts=23 advent-overaccept=15 advent-underaccept=6 compiler-timeout=1 reference-disagreement=647 same=9650 tree-difference=3
[10323/100000] reference-disagreement wide:top:raw:translated:testEnum61#1 len=66 artifacts=23 advent-overaccept=15 advent-underaccept=6 compiler-timeout=1 reference-disagreement=648 same=9650 tree-difference=3
[10324/100000] reference-disagreement attribute-ifconfig-elseif-list len=107 artifacts=23 advent-overaccept=15 advent-underaccept=6 compiler-timeout=1 reference-disagreement=649 same=9650 tree-difference=3
[10327/100000] reference-disagreement wide:after-statement:glue+newline+glue:phase4-macro:macro-args len=40 artifacts=23 advent-overaccept=15 advent-underaccept=6 compiler-timeout=1 reference-disagreement=650 same=9652 tree-difference=3
[10372/100000] reference-disagreement wide:func-body:line-comment:real:SourcePresence:17 len=235 artifacts=23 advent-overaccept=15 advent-underaccept=6 compiler-timeout=1 reference-disagreement=651 same=9696 tree-difference=3
[10404/100000] advent-overaccept wide:closure:raw:real:SyntaxExpressibleByStringInterpolationConformances:217+type:testLifetimeSpecifier#2 len=209 artifacts=24 advent-overaccept=16 advent-underaccept=6 compiler-timeout=1 reference-disagreement=651 same=9727 tree-difference=3
[10434/100000] reference-disagreement attribute-ifconfig-elseif-list len=128 artifacts=24 advent-overaccept=16 advent-underaccept=6 compiler-timeout=1 reference-disagreement=652 same=9756 tree-difference=3
[10445/100000] reference-disagreement tspl-divergence-protocol-body len=155 artifacts=24 advent-overaccept=16 advent-underaccept=6 compiler-timeout=1 reference-disagreement=653 same=9766 tree-difference=3
[10463/100000] reference-disagreement wide:struct-member:line-comment+line-comment+keyword:translated:testEnum12#1 len=64 artifacts=24 advent-overaccept=16 advent-underaccept=6 compiler-timeout=1 reference-disagreement=654 same=9783 tree-difference=3
[10472/100000] reference-disagreement attribute-ifconfig-elseif-list len=110 artifacts=24 advent-overaccept=16 advent-underaccept=6 compiler-timeout=1 reference-disagreement=655 same=9791 tree-difference=3
[10478/100000] reference-disagreement wide:struct-member:newline:real:BuildableNodes:1177 len=1045 artifacts=24 advent-overaccept=16 advent-underaccept=6 compiler-timeout=1 reference-disagreement=656 same=9796 tree-difference=3
[10483/100000] reference-disagreement wide:trailing-closure:raw:real:SyntaxUtils:35+real:ArenaAllocatedBuffer:20 len=1063 artifacts=24 advent-overaccept=16 advent-underaccept=6 compiler-timeout=1 reference-disagreement=657 same=9800 tree-difference=3
[10494/100000] reference-disagreement wide:func-body:raw:translated:testSwitch21#1 len=54 artifacts=24 advent-overaccept=16 advent-underaccept=6 compiler-timeout=1 reference-disagreement=658 same=9810 tree-difference=3
[10500/100000] same frontier:interpolation-delimiter len=354 artifacts=24 advent-overaccept=16 advent-underaccept=6 compiler-timeout=1 reference-disagreement=658 same=9816 tree-difference=3
[10509/100000] reference-disagreement grammarish-member-list len=176 artifacts=24 advent-overaccept=16 advent-underaccept=6 compiler-timeout=1 reference-disagreement=659 same=9824 tree-difference=3
[10514/100000] reference-disagreement wide:closure:raw:real:Convenience:13 len=1070 artifacts=24 advent-overaccept=16 advent-underaccept=6 compiler-timeout=1 reference-disagreement=660 same=9828 tree-difference=3
[10523/100000] reference-disagreement wide:closure:splice:translated:testEnum61#1 len=75 artifacts=24 advent-overaccept=16 advent-underaccept=6 compiler-timeout=1 reference-disagreement=661 same=9836 tree-difference=3
[10528/100000] reference-disagreement wide:trailing-closure:newline+line-comment:real:SourceLength:61 len=982 artifacts=24 advent-overaccept=16 advent-underaccept=6 compiler-timeout=1 reference-disagreement=662 same=9840 tree-difference=3
[10533/100000] reference-disagreement wide:ifconfig:delete:expression:testKeyPathMethodAndInitializers#4 len=29 artifacts=24 advent-overaccept=16 advent-underaccept=6 compiler-timeout=1 reference-disagreement=663 same=9844 tree-difference=3
[10574/100000] reference-disagreement wide:trailing-closure:newline:real:DeclSyntaxParseable:48 len=66 artifacts=24 advent-overaccept=16 advent-underaccept=6 compiler-timeout=1 reference-disagreement=664 same=9884 tree-difference=3
[10618/100000] reference-disagreement wide:func-body:glue+glue+newline:real:SyntaxSynthesis:29 len=872 artifacts=24 advent-overaccept=16 advent-underaccept=6 compiler-timeout=1 reference-disagreement=665 same=9927 tree-difference=3
[10644/100000] reference-disagreement tspl-divergence-accessor-commitment len=78 artifacts=24 advent-overaccept=16 advent-underaccept=6 compiler-timeout=1 reference-disagreement=666 same=9952 tree-difference=3
[10666/100000] reference-disagreement wide:trailing-closure:raw:real:ResultBuilders:124 len=127 artifacts=24 advent-overaccept=16 advent-underaccept=6 compiler-timeout=1 reference-disagreement=667 same=9973 tree-difference=3
[10699/100000] reference-disagreement wide:closure:block-comment:real:ResultBuilders:102 len=189 artifacts=24 advent-overaccept=16 advent-underaccept=6 compiler-timeout=1 reference-disagreement=668 same=10005 tree-difference=3
[10703/100000] reference-disagreement wide:after-statement:newline:translated:testOperatorDecl3#1 len=43 artifacts=24 advent-overaccept=16 advent-underaccept=6 compiler-timeout=1 reference-disagreement=669 same=10008 tree-difference=3
[10715/100000] reference-disagreement ifconfig-member-context-boundary len=71 artifacts=24 advent-overaccept=16 advent-underaccept=6 compiler-timeout=1 reference-disagreement=670 same=10019 tree-difference=3
[10723/100000] reference-disagreement attribute-boundary len=47 artifacts=24 advent-overaccept=16 advent-underaccept=6 compiler-timeout=1 reference-disagreement=671 same=10026 tree-difference=3
[10726/100000] reference-disagreement tspl-divergence-protocol-body len=129 artifacts=24 advent-overaccept=16 advent-underaccept=6 compiler-timeout=1 reference-disagreement=672 same=10028 tree-difference=3
[10731/100000] reference-disagreement wide:struct-member:raw:real:SyntaxTraits:170+declaration:testAttributedMacroExpansionDeclaration#10 len=493 artifacts=24 advent-overaccept=16 advent-underaccept=6 compiler-timeout=1 reference-disagreement=673 same=10032 tree-difference=3
[10750/100000] same wide:closure:space+splice+delete:translated:testEscapedIdentifiers10#1 len=41 artifacts=24 advent-overaccept=16 advent-underaccept=6 compiler-timeout=1 reference-disagreement=673 same=10051 tree-difference=3
[10763/100000] reference-disagreement wide:extension-member:raw:real:VersionTuple:66 len=173 artifacts=24 advent-overaccept=16 advent-underaccept=6 compiler-timeout=1 reference-disagreement=674 same=10063 tree-difference=3
[10773/100000] reference-disagreement wide:closure:raw:declaration:testOperators#1 len=58 artifacts=24 advent-overaccept=16 advent-underaccept=6 compiler-timeout=1 reference-disagreement=675 same=10072 tree-difference=3
[10788/100000] reference-disagreement wide:extension-member:duplicate:phase1:let-nil len=34 artifacts=24 advent-overaccept=16 advent-underaccept=6 compiler-timeout=1 reference-disagreement=676 same=10086 tree-difference=3
[10795/100000] reference-disagreement wide:before-statement:line-comment+space:declaration:testConstAsArgumentLabel#3+attribute:testDerivativeAttribute#5 len=104 artifacts=24 advent-overaccept=16 advent-underaccept=6 compiler-timeout=1 reference-disagreement=677 same=10092 tree-difference=3
[10817/100000] reference-disagreement wide:trailing-closure:newline:real:SyntaxTraits:329 len=353 artifacts=24 advent-overaccept=16 advent-underaccept=6 compiler-timeout=1 reference-disagreement=678 same=10113 tree-difference=3
[10818/100000] reference-disagreement keypath-boundary len=44 artifacts=24 advent-overaccept=16 advent-underaccept=6 compiler-timeout=1 reference-disagreement=679 same=10113 tree-difference=3
[10839/100000] reference-disagreement wide:closure:raw:expression:testKeyPathMethodAndInitializers#18 len=53 artifacts=24 advent-overaccept=16 advent-underaccept=6 compiler-timeout=1 reference-disagreement=680 same=10133 tree-difference=3
[10867/100000] reference-disagreement member-list-wide-boundary len=176 artifacts=24 advent-overaccept=16 advent-underaccept=6 compiler-timeout=1 reference-disagreement=681 same=10160 tree-difference=3
[10884/100000] reference-disagreement tspl-divergence-protocol-body len=89 artifacts=24 advent-overaccept=16 advent-underaccept=6 compiler-timeout=1 reference-disagreement=682 same=10176 tree-difference=3
[10899/100000] reference-disagreement wide:func-body:block-comment:real:CharacterInfo:13 len=445 artifacts=24 advent-overaccept=16 advent-underaccept=6 compiler-timeout=1 reference-disagreement=683 same=10190 tree-difference=3
[10922/100000] reference-disagreement keypath-boundary len=40 artifacts=24 advent-overaccept=16 advent-underaccept=6 compiler-timeout=1 reference-disagreement=684 same=10212 tree-difference=3
[10939/100000] reference-disagreement wide:struct-member:line-comment:real:SyntaxExpressibleByStringInterpolationConformances:88 len=97 artifacts=24 advent-overaccept=16 advent-underaccept=6 compiler-timeout=1 reference-disagreement=685 same=10228 tree-difference=3
[10940/100000] reference-disagreement grammarish-member-list len=360 artifacts=24 advent-overaccept=16 advent-underaccept=6 compiler-timeout=1 reference-disagreement=686 same=10228 tree-difference=3
[10952/100000] reference-disagreement declaration-modifier-stack len=34 artifacts=24 advent-overaccept=16 advent-underaccept=6 compiler-timeout=1 reference-disagreement=687 same=10239 tree-difference=3
[10975/100000] reference-disagreement wide:after-statement:raw:translated:testOperatorDecl19#1 len=52 artifacts=24 advent-overaccept=16 advent-underaccept=6 compiler-timeout=1 reference-disagreement=688 same=10261 tree-difference=3
[10981/100000] reference-disagreement wide:extension-member:raw:declaration:testInitializerWithReturnType#2+real:LayoutNodes+Parsable:119 len=232 artifacts=24 advent-overaccept=16 advent-underaccept=6 compiler-timeout=1 reference-disagreement=689 same=10266 tree-difference=3
[11000/100000] same ifconfig-member-context-boundary len=69 artifacts=24 advent-overaccept=16 advent-underaccept=6 compiler-timeout=1 reference-disagreement=689 same=10285 tree-difference=3
[11032/100000] reference-disagreement wide:closure:delete:real:ResultBuilders:388 len=205 artifacts=24 advent-overaccept=16 advent-underaccept=6 compiler-timeout=1 reference-disagreement=690 same=10316 tree-difference=3
[11034/100000] reference-disagreement wide:func-body:line-comment+newline+space:translated:testModuleSelectorCorrectCode#10+real:SyntaxCollections:761 len=514 artifacts=24 advent-overaccept=16 advent-underaccept=6 compiler-timeout=1 reference-disagreement=691 same=10317 tree-difference=3
[11037/100000] reference-disagreement wide:extension-member:glue:real:LayoutNodes+Parsable:119 len=211 artifacts=24 advent-overaccept=16 advent-underaccept=6 compiler-timeout=1 reference-disagreement=692 same=10319 tree-difference=3
[11064/100000] reference-disagreement tspl-divergence-accessor-commitment len=49 artifacts=24 advent-overaccept=16 advent-underaccept=6 compiler-timeout=1 reference-disagreement=693 same=10345 tree-difference=3
[11066/100000] reference-disagreement wide:closure:raw:phase3-modifier:open-class+translated:testForwardSlashRegexSkipping12#1 len=64 artifacts=24 advent-overaccept=16 advent-underaccept=6 compiler-timeout=1 reference-disagreement=694 same=10346 tree-difference=3
[11114/100000] reference-disagreement wide:func-body:keyword+space:translated:testBuiltinWord2#1 len=136 artifacts=24 advent-overaccept=16 advent-underaccept=6 compiler-timeout=1 reference-disagreement=695 same=10393 tree-difference=3
[11130/100000] reference-disagreement grammarish-member-list len=146 artifacts=24 advent-overaccept=16 advent-underaccept=6 compiler-timeout=1 reference-disagreement=696 same=10408 tree-difference=3
[11154/100000] reference-disagreement wide:extension-member:space+space+line-comment:real:CustomTraits:24 len=187 artifacts=24 advent-overaccept=16 advent-underaccept=6 compiler-timeout=1 reference-disagreement=697 same=10431 tree-difference=3
[11201/100000] reference-disagreement wide:closure:newline:phase3-modifier:private-let len=40 artifacts=24 advent-overaccept=16 advent-underaccept=6 compiler-timeout=1 reference-disagreement=698 same=10477 tree-difference=3
[11222/100000] reference-disagreement keypath-component-matrix len=33 artifacts=24 advent-overaccept=16 advent-underaccept=6 compiler-timeout=1 reference-disagreement=699 same=10497 tree-difference=3
[11250/100000] same nested-ifconfig-boundary len=134 artifacts=24 advent-overaccept=16 advent-underaccept=6 compiler-timeout=1 reference-disagreement=699 same=10525 tree-difference=3
[11261/100000] reference-disagreement member-list-wide-boundary len=124 artifacts=24 advent-overaccept=16 advent-underaccept=6 compiler-timeout=1 reference-disagreement=700 same=10535 tree-difference=3
[11266/100000] reference-disagreement wide:closure:raw:real:BuildableNodes:986 len=1248 artifacts=24 advent-overaccept=16 advent-underaccept=6 compiler-timeout=1 reference-disagreement=701 same=10539 tree-difference=3
[11269/100000] reference-disagreement wide:trailing-closure:raw:real:ParserDiagnosticMessages:505 len=315 artifacts=24 advent-overaccept=16 advent-underaccept=6 compiler-timeout=1 reference-disagreement=702 same=10541 tree-difference=3
[11275/100000] reference-disagreement keypath-component-matrix len=33 artifacts=24 advent-overaccept=16 advent-underaccept=6 compiler-timeout=1 reference-disagreement=703 same=10546 tree-difference=3
[11295/100000] reference-disagreement wide:after-statement:line-comment+newline+block-comment:translated:testDeprecatedWhere3#1 len=339 artifacts=24 advent-overaccept=16 advent-underaccept=6 compiler-timeout=1 reference-disagreement=704 same=10565 tree-difference=3
[11300/100000] advent-overaccept wide:closure:keyword+glue+newline:phase4-import:import-dotted len=43 artifacts=25 advent-overaccept=17 advent-underaccept=6 compiler-timeout=1 reference-disagreement=704 same=10569 tree-difference=3
[11325/100000] reference-disagreement wide:trailing-closure:space+block-comment+newline:real:Attributes:821 len=508 artifacts=25 advent-overaccept=17 advent-underaccept=6 compiler-timeout=1 reference-disagreement=705 same=10593 tree-difference=3
[11340/100000] compiler-timeout wide:interpolation:raw:translated:testForwardSlashRegex167#1 len=19 artifacts=25 advent-overaccept=17 advent-underaccept=6 compiler-timeout=2 reference-disagreement=705 same=10607 tree-difference=3
[11354/100000] reference-disagreement declaration-modifier-stack len=34 artifacts=25 advent-overaccept=17 advent-underaccept=6 compiler-timeout=2 reference-disagreement=706 same=10620 tree-difference=3
[11364/100000] reference-disagreement wide:extension-member:newline:real:SwiftSyntaxCompatibility:1132 len=891 artifacts=25 advent-overaccept=17 advent-underaccept=6 compiler-timeout=2 reference-disagreement=707 same=10629 tree-difference=3
[11365/100000] reference-disagreement grammarish-member-list len=110 artifacts=25 advent-overaccept=17 advent-underaccept=6 compiler-timeout=2 reference-disagreement=708 same=10629 tree-difference=3
[11372/100000] reference-disagreement wide:before-statement:raw:translated:testTypeExpr4#1 len=110 artifacts=25 advent-overaccept=17 advent-underaccept=6 compiler-timeout=2 reference-disagreement=709 same=10635 tree-difference=3
[11394/100000] reference-disagreement wide:closure:splice:real:SyntaxExpressibleByStringInterpolationConformances:145+translated:testTry27#1 len=261 artifacts=25 advent-overaccept=17 advent-underaccept=6 compiler-timeout=2 reference-disagreement=710 same=10656 tree-difference=3
[11403/100000] reference-disagreement wide:func-body:newline+newline+line-comment:translated:testOperatorDecl16#1 len=66 artifacts=25 advent-overaccept=17 advent-underaccept=6 compiler-timeout=2 reference-disagreement=711 same=10664 tree-difference=3
[11423/100000] reference-disagreement wide:trailing-closure:line-comment+glue+newline:real:CallLikeSyntax:29 len=83 artifacts=25 advent-overaccept=17 advent-underaccept=6 compiler-timeout=2 reference-disagreement=712 same=10683 tree-difference=3
[11433/100000] reference-disagreement wide:top:raw:translated:testOperatorDecl17#1 len=76 artifacts=25 advent-overaccept=17 advent-underaccept=6 compiler-timeout=2 reference-disagreement=713 same=10692 tree-difference=3
[11447/100000] reference-disagreement wide:after-statement:raw:translated:testSwitch21#1+translated:testSuper2d#1 len=121 artifacts=25 advent-overaccept=17 advent-underaccept=6 compiler-timeout=2 reference-disagreement=714 same=10705 tree-difference=3
[11448/100000] reference-disagreement tspl-divergence-protocol-body len=244 artifacts=25 advent-overaccept=17 advent-underaccept=6 compiler-timeout=2 reference-disagreement=715 same=10705 tree-difference=3
[11458/100000] reference-disagreement wide:trailing-closure:raw:real:Trivia:110 len=574 artifacts=25 advent-overaccept=17 advent-underaccept=6 compiler-timeout=2 reference-disagreement=716 same=10714 tree-difference=3
[11461/100000] reference-disagreement wide:func-body:glue:real:Trivia+commentValue:149 len=188 artifacts=25 advent-overaccept=17 advent-underaccept=6 compiler-timeout=2 reference-disagreement=717 same=10716 tree-difference=3
[11483/100000] reference-disagreement wide:struct-member:raw:translated:testForwardSlashRegexSkippingAllowed9#1 len=71 artifacts=25 advent-overaccept=17 advent-underaccept=6 compiler-timeout=2 reference-disagreement=718 same=10737 tree-difference=3
[11486/100000] reference-disagreement grammarish-member-list len=173 artifacts=25 advent-overaccept=17 advent-underaccept=6 compiler-timeout=2 reference-disagreement=719 same=10739 tree-difference=3
[11500/100000] same type-let len=38 artifacts=25 advent-overaccept=17 advent-underaccept=6 compiler-timeout=2 reference-disagreement=719 same=10753 tree-difference=3
[11518/100000] reference-disagreement cast-try-operator-cluster len=24 artifacts=25 advent-overaccept=17 advent-underaccept=6 compiler-timeout=2 reference-disagreement=720 same=10770 tree-difference=3
[11528/100000] reference-disagreement declaration-modifier-stack len=34 artifacts=25 advent-overaccept=17 advent-underaccept=6 compiler-timeout=2 reference-disagreement=721 same=10779 tree-difference=3
[11537/100000] reference-disagreement wide:func-body:glue+block-comment:translated:testDollarIdentifier8#1+translated:testModuleSelectorType#6 len=714 artifacts=25 advent-overaccept=17 advent-underaccept=6 compiler-timeout=2 reference-disagreement=722 same=10787 tree-difference=3
[11544/100000] reference-disagreement grammarish-member-list len=138 artifacts=25 advent-overaccept=17 advent-underaccept=6 compiler-timeout=2 reference-disagreement=723 same=10793 tree-difference=3
[11557/100000] reference-disagreement wide:func-body:line-comment:real:SyntaxExpressibleByStringInterpolationConformances:49 len=100 artifacts=25 advent-overaccept=17 advent-underaccept=6 compiler-timeout=2 reference-disagreement=724 same=10805 tree-difference=3
[11560/100000] reference-disagreement wide:ifconfig:space+glue:translated:testGenericDisambiguation8#1+translated:testSwitch32#1 len=898 artifacts=25 advent-overaccept=17 advent-underaccept=6 compiler-timeout=2 reference-disagreement=725 same=10807 tree-difference=3
[11564/100000] reference-disagreement wide:trailing-closure:newline:real:SyntaxExpressibleByStringInterpolationConformances:241 len=84 artifacts=25 advent-overaccept=17 advent-underaccept=6 compiler-timeout=2 reference-disagreement=726 same=10810 tree-difference=3
[11568/100000] reference-disagreement attribute-ifconfig-elseif-list len=111 artifacts=25 advent-overaccept=17 advent-underaccept=6 compiler-timeout=2 reference-disagreement=727 same=10813 tree-difference=3
[11581/100000] reference-disagreement tspl-divergence-protocol-body len=155 artifacts=25 advent-overaccept=17 advent-underaccept=6 compiler-timeout=2 reference-disagreement=728 same=10825 tree-difference=3
[11588/100000] reference-disagreement wide:func-body:glue+newline:translated:testModuleSelectorExpr#10+real:AccessorMacro:20 len=437 artifacts=25 advent-overaccept=17 advent-underaccept=6 compiler-timeout=2 reference-disagreement=729 same=10831 tree-difference=3
[11592/100000] reference-disagreement wide:closure:keyword:real:SyntaxCollections:934+declaration:testBorrowingConsumingParameterSpecifiers#22 len=577 artifacts=25 advent-overaccept=17 advent-underaccept=6 compiler-timeout=2 reference-disagreement=730 same=10834 tree-difference=3
[11619/100000] reference-disagreement tspl-divergence-protocol-body len=179 artifacts=25 advent-overaccept=17 advent-underaccept=6 compiler-timeout=2 reference-disagreement=731 same=10860 tree-difference=3
[11626/100000] reference-disagreement wide:closure:raw:real:NameMatcher:430 len=532 artifacts=25 advent-overaccept=17 advent-underaccept=6 compiler-timeout=2 reference-disagreement=732 same=10866 tree-difference=3
[11629/100000] reference-disagreement wide:ifconfig:splice+space+glue:reject:testKeyPathMethodAndInitializers#3 len=39 artifacts=25 advent-overaccept=17 advent-underaccept=6 compiler-timeout=2 reference-disagreement=733 same=10868 tree-difference=3
[11630/100000] reference-disagreement wide:closure:raw:translated:testEffectfulProperties10#1 len=339 artifacts=25 advent-overaccept=17 advent-underaccept=6 compiler-timeout=2 reference-disagreement=734 same=10868 tree-difference=3
[11640/100000] reference-disagreement wide:struct-member:newline+block-comment:real:SyntaxTraits:736 len=72 artifacts=25 advent-overaccept=17 advent-underaccept=6 compiler-timeout=2 reference-disagreement=735 same=10877 tree-difference=3
[11643/100000] reference-disagreement attribute-ifconfig-elseif-list len=133 artifacts=25 advent-overaccept=17 advent-underaccept=6 compiler-timeout=2 reference-disagreement=736 same=10879 tree-difference=3
[11648/100000] reference-disagreement wide:closure:raw:real:CharacterInfo:13 len=446 artifacts=25 advent-overaccept=17 advent-underaccept=6 compiler-timeout=2 reference-disagreement=737 same=10883 tree-difference=3
[11659/100000] reference-disagreement attribute-ifconfig-elseif-list len=137 artifacts=25 advent-overaccept=17 advent-underaccept=6 compiler-timeout=2 reference-disagreement=738 same=10893 tree-difference=3
[11661/100000] reference-disagreement wide:trailing-closure:space+newline+splice:translated:testRecovery132#1+real:CommonAncestor:14 len=451 artifacts=25 advent-overaccept=17 advent-underaccept=6 compiler-timeout=2 reference-disagreement=739 same=10894 tree-difference=3
[11662/100000] reference-disagreement tspl-divergence-protocol-body len=245 artifacts=25 advent-overaccept=17 advent-underaccept=6 compiler-timeout=2 reference-disagreement=740 same=10894 tree-difference=3
[11664/100000] reference-disagreement wide:before-statement:splice:phase4-ifconfig:if-or+real:SyntaxEditUtils:444 len=349 artifacts=25 advent-overaccept=17 advent-underaccept=6 compiler-timeout=2 reference-disagreement=741 same=10895 tree-difference=3
[11666/100000] reference-disagreement wide:func-body:delete+space:real:BuildableNodes:1301+translated:testEnum44#1 len=1223 artifacts=25 advent-overaccept=17 advent-underaccept=6 compiler-timeout=2 reference-disagreement=742 same=10896 tree-difference=3
[11680/100000] reference-disagreement wide:closure:space+glue+newline:real:BasicFormat:664 len=404 artifacts=25 advent-overaccept=17 advent-underaccept=6 compiler-timeout=2 reference-disagreement=743 same=10909 tree-difference=3
[11683/100000] reference-disagreement wide:closure:glue+glue:real:Indenter:34 len=782 artifacts=25 advent-overaccept=17 advent-underaccept=6 compiler-timeout=2 reference-disagreement=744 same=10911 tree-difference=3
[11746/100000] reference-disagreement wide:func-body:block-comment+space:real:ConvenienceInitializers:302+translated:testSemicolon11#1 len=547 artifacts=25 advent-overaccept=17 advent-underaccept=6 compiler-timeout=2 reference-disagreement=745 same=10973 tree-difference=3
[11750/100000] same wide:interpolation:raw:translated:testTupleTypeExpr#11 len=32 artifacts=25 advent-overaccept=17 advent-underaccept=6 compiler-timeout=2 reference-disagreement=745 same=10977 tree-difference=3
[11757/100000] reference-disagreement ifconfig-member-context-boundary len=71 artifacts=25 advent-overaccept=17 advent-underaccept=6 compiler-timeout=2 reference-disagreement=746 same=10983 tree-difference=3
[11795/100000] reference-disagreement tspl-divergence-protocol-body len=146 artifacts=25 advent-overaccept=17 advent-underaccept=6 compiler-timeout=2 reference-disagreement=747 same=11020 tree-difference=3
[11846/100000] reference-disagreement wide:extension-member:raw:declaration:testPrecedenceGroup#1 len=146 artifacts=25 advent-overaccept=17 advent-underaccept=6 compiler-timeout=2 reference-disagreement=748 same=11070 tree-difference=3
[11856/100000] reference-disagreement wide:func-body:line-comment:real:DeclSyntaxParseable:47 len=71 artifacts=25 advent-overaccept=17 advent-underaccept=6 compiler-timeout=2 reference-disagreement=749 same=11079 tree-difference=3
[11863/100000] reference-disagreement wide:extension-member:swap+splice+newline:real:WarningControlRegionBuilder:91 len=277 artifacts=25 advent-overaccept=17 advent-underaccept=6 compiler-timeout=2 reference-disagreement=750 same=11085 tree-difference=3
[11885/100000] reference-disagreement keypath-component-matrix len=36 artifacts=25 advent-overaccept=17 advent-underaccept=6 compiler-timeout=2 reference-disagreement=751 same=11106 tree-difference=3
[11896/100000] reference-disagreement tspl-divergence-protocol-body len=98 artifacts=25 advent-overaccept=17 advent-underaccept=6 compiler-timeout=2 reference-disagreement=752 same=11116 tree-difference=3
[11899/100000] reference-disagreement wide:before-statement:space+newline:reject:testCoroutineAccessors#1 len=90 artifacts=25 advent-overaccept=17 advent-underaccept=6 compiler-timeout=2 reference-disagreement=753 same=11118 tree-difference=3
[11944/100000] reference-disagreement wide:extension-member:newline:real:ParserDiagnosticMessages:505+translated:testModuleSelectorCorrectCode#1 len=366 artifacts=25 advent-overaccept=17 advent-underaccept=6 compiler-timeout=2 reference-disagreement=754 same=11162 tree-difference=3
[11972/100000] reference-disagreement keypath-boundary len=38 artifacts=25 advent-overaccept=17 advent-underaccept=6 compiler-timeout=2 reference-disagreement=755 same=11189 tree-difference=3
[12000/100000] same extension-type len=66 artifacts=25 advent-overaccept=17 advent-underaccept=6 compiler-timeout=2 reference-disagreement=755 same=11217 tree-difference=3
[12003/100000] reference-disagreement seed-corpus-wrapped:preconcurrency-import len=40 artifacts=25 advent-overaccept=17 advent-underaccept=6 compiler-timeout=2 reference-disagreement=756 same=11219 tree-difference=3
[12024/100000] reference-disagreement wide:ifconfig:newline+newline:translated:testEnum14#1 len=95 artifacts=25 advent-overaccept=17 advent-underaccept=6 compiler-timeout=2 reference-disagreement=757 same=11239 tree-difference=3
[12029/100000] reference-disagreement wide:closure:raw:translated:testOperatorDeclDesignatedTypes14#1 len=80 artifacts=25 advent-overaccept=17 advent-underaccept=6 compiler-timeout=2 reference-disagreement=758 same=11243 tree-difference=3
[12039/100000] reference-disagreement wide:closure:block-comment:real:Syntax+StringInterpolation:526 len=80 artifacts=25 advent-overaccept=17 advent-underaccept=6 compiler-timeout=2 reference-disagreement=759 same=11252 tree-difference=3
[12067/100000] reference-disagreement wide:func-body:glue:translated:testOperators27#1 len=94 artifacts=25 advent-overaccept=17 advent-underaccept=6 compiler-timeout=2 reference-disagreement=760 same=11279 tree-difference=3
[12073/100000] reference-disagreement wide:trailing-closure:space:real:SyntaxExpressibleByStringInterpolationConformances:136 len=172 artifacts=25 advent-overaccept=17 advent-underaccept=6 compiler-timeout=2 reference-disagreement=761 same=11284 tree-difference=3
[12081/100000] reference-disagreement wide:closure:raw:real:Loggers:11+translated:testDiagnoseAvailability7#1 len=727 artifacts=25 advent-overaccept=17 advent-underaccept=6 compiler-timeout=2 reference-disagreement=762 same=11291 tree-difference=3
[12091/100000] reference-disagreement wide:closure:block-comment:real:SyntaxTraits:846 len=94 artifacts=25 advent-overaccept=17 advent-underaccept=6 compiler-timeout=2 reference-disagreement=763 same=11300 tree-difference=3
[12094/100000] advent-overaccept wide:closure:raw:type:testLifetimeSpecifier#3 len=70 artifacts=26 advent-overaccept=18 advent-underaccept=6 compiler-timeout=2 reference-disagreement=763 same=11302 tree-difference=3
[12103/100000] reference-disagreement wide:func-body:glue:real:SyntaxNodeWithBody:42+translated:testSubscripting5#1 len=388 artifacts=26 advent-overaccept=18 advent-underaccept=6 compiler-timeout=2 reference-disagreement=764 same=11310 tree-difference=3
[12105/100000] reference-disagreement tspl-divergence-accessor-commitment len=49 artifacts=26 advent-overaccept=18 advent-underaccept=6 compiler-timeout=2 reference-disagreement=765 same=11311 tree-difference=3
[12147/100000] reference-disagreement member-list-wide-boundary len=274 artifacts=26 advent-overaccept=18 advent-underaccept=6 compiler-timeout=2 reference-disagreement=766 same=11352 tree-difference=3
[12180/100000] reference-disagreement wide:func-body:raw:real:BasicMacroExpansionContext:141 len=302 artifacts=26 advent-overaccept=18 advent-underaccept=6 compiler-timeout=2 reference-disagreement=767 same=11384 tree-difference=3
[12188/100000] reference-disagreement wide:top:block-comment+delete+newline:type:testNonisolatedSpecifier#10 len=79 artifacts=26 advent-overaccept=18 advent-underaccept=6 compiler-timeout=2 reference-disagreement=768 same=11391 tree-difference=3
[12199/100000] reference-disagreement wide:ifconfig:splice+keyword:translated:testEffectfulProperties9#1 len=141 artifacts=26 advent-overaccept=18 advent-underaccept=6 compiler-timeout=2 reference-disagreement=769 same=11401 tree-difference=3
[12205/100000] reference-disagreement binding-pattern len=458 artifacts=26 advent-overaccept=18 advent-underaccept=6 compiler-timeout=2 reference-disagreement=770 same=11406 tree-difference=3
[12211/100000] reference-disagreement wide:before-statement:keyword:declaration:testAttributedMacroExpansionDeclaration#10 len=81 artifacts=26 advent-overaccept=18 advent-underaccept=6 compiler-timeout=2 reference-disagreement=771 same=11411 tree-difference=3
[12220/100000] reference-disagreement keypath-boundary len=44 artifacts=26 advent-overaccept=18 advent-underaccept=6 compiler-timeout=2 reference-disagreement=772 same=11419 tree-difference=3
[12237/100000] reference-disagreement wide:closure:raw:real:RenamedChildrenBuilderCompatibility:572+phase4-ifconfig:if-paren len=1281 artifacts=26 advent-overaccept=18 advent-underaccept=6 compiler-timeout=2 reference-disagreement=773 same=11435 tree-difference=3
[12246/100000] reference-disagreement binding-pattern len=458 artifacts=26 advent-overaccept=18 advent-underaccept=6 compiler-timeout=2 reference-disagreement=774 same=11443 tree-difference=3
[12250/100000] same tspl-divergence-type-shape len=124 artifacts=26 advent-overaccept=18 advent-underaccept=6 compiler-timeout=2 reference-disagreement=774 same=11447 tree-difference=3
[12257/100000] compiler-timeout wide:interpolation:raw:reject:testRegexParseError6#1 len=23 artifacts=26 advent-overaccept=18 advent-underaccept=6 compiler-timeout=3 reference-disagreement=774 same=11453 tree-difference=3
[12264/100000] reference-disagreement statement-list len=622 artifacts=26 advent-overaccept=18 advent-underaccept=6 compiler-timeout=3 reference-disagreement=775 same=11459 tree-difference=3
[12290/100000] reference-disagreement wide:trailing-closure:splice+line-comment:real:SyntaxExpressibleByStringInterpolationConformances:208 len=160 artifacts=26 advent-overaccept=18 advent-underaccept=6 compiler-timeout=3 reference-disagreement=776 same=11484 tree-difference=3
[12303/100000] reference-disagreement wide:struct-member:glue+glue+newline:real:SyntaxTraits:716 len=72 artifacts=26 advent-overaccept=18 advent-underaccept=6 compiler-timeout=3 reference-disagreement=777 same=11496 tree-difference=3
[12317/100000] reference-disagreement wide:ifconfig:block-comment:translated:testSwitch17#1+real:Trivia:110 len=632 artifacts=26 advent-overaccept=18 advent-underaccept=6 compiler-timeout=3 reference-disagreement=778 same=11509 tree-difference=3
[12318/100000] reference-disagreement tspl-divergence-protocol-body len=260 artifacts=26 advent-overaccept=18 advent-underaccept=6 compiler-timeout=3 reference-disagreement=779 same=11509 tree-difference=3
[12319/100000] reference-disagreement tspl-divergence-protocol-body len=298 artifacts=26 advent-overaccept=18 advent-underaccept=6 compiler-timeout=3 reference-disagreement=780 same=11509 tree-difference=3
[12335/100000] reference-disagreement keypath-boundary len=44 artifacts=26 advent-overaccept=18 advent-underaccept=6 compiler-timeout=3 reference-disagreement=781 same=11524 tree-difference=3
[12364/100000] reference-disagreement wide:ifconfig:keyword+block-comment:phase4-macro:inout-arg+expression:testBorrowExpression#2 len=55 artifacts=26 advent-overaccept=18 advent-underaccept=6 compiler-timeout=3 reference-disagreement=782 same=11552 tree-difference=3
[12367/100000] reference-disagreement wide:closure:splice+newline+line-comment:real:SyntaxTraits:341 len=439 artifacts=26 advent-overaccept=18 advent-underaccept=6 compiler-timeout=3 reference-disagreement=783 same=11554 tree-difference=3
[12380/100000] reference-disagreement wide:trailing-closure:newline+space+line-comment:real:FixItApplier:139 len=165 artifacts=26 advent-overaccept=18 advent-underaccept=6 compiler-timeout=3 reference-disagreement=784 same=11566 tree-difference=3
[12389/100000] reference-disagreement nested-ifconfig-boundary len=163 artifacts=26 advent-overaccept=18 advent-underaccept=6 compiler-timeout=3 reference-disagreement=785 same=11574 tree-difference=3
[12398/100000] reference-disagreement wide:before-statement:newline+space:translated:testSwitch33#1 len=117 artifacts=26 advent-overaccept=18 advent-underaccept=6 compiler-timeout=3 reference-disagreement=786 same=11582 tree-difference=3
[12409/100000] reference-disagreement wide:closure:splice:real:WarningControlRegions:18 len=471 artifacts=26 advent-overaccept=18 advent-underaccept=6 compiler-timeout=3 reference-disagreement=787 same=11592 tree-difference=3
[12464/100000] advent-underaccept wide:interpolation:raw:translated:testMultilineString46#1 len=199 artifacts=27 advent-overaccept=18 advent-underaccept=7 compiler-timeout=3 reference-disagreement=787 same=11646 tree-difference=3
[12475/100000] reference-disagreement wide:struct-member:glue:real:SyntaxUtils:71 len=134 artifacts=27 advent-overaccept=18 advent-underaccept=7 compiler-timeout=3 reference-disagreement=788 same=11656 tree-difference=3
[12479/100000] reference-disagreement wide:closure:block-comment:attribute:testEscapingOnClosureType#1+real:SyntaxTraits:704 len=204 artifacts=27 advent-overaccept=18 advent-underaccept=7 compiler-timeout=3 reference-disagreement=789 same=11659 tree-difference=3
[12500/100000] same cast-boundary len=30 artifacts=27 advent-overaccept=18 advent-underaccept=7 compiler-timeout=3 reference-disagreement=789 same=11680 tree-difference=3
[12503/100000] reference-disagreement wide:func-body:glue:real:SyntaxTraits:728 len=123 artifacts=27 advent-overaccept=18 advent-underaccept=7 compiler-timeout=3 reference-disagreement=790 same=11682 tree-difference=3
[12507/100000] reference-disagreement wide:struct-member:line-comment:real:LayoutNodes+Parsable:111 len=203 artifacts=27 advent-overaccept=18 advent-underaccept=7 compiler-timeout=3 reference-disagreement=791 same=11685 tree-difference=3
[12513/100000] reference-disagreement wide:extension-member:space+line-comment:declaration:testOperators#1 len=62 artifacts=27 advent-overaccept=18 advent-underaccept=7 compiler-timeout=3 reference-disagreement=792 same=11690 tree-difference=3
[12517/100000] reference-disagreement wide:extension-member:block-comment+block-comment+glue:translated:testOperatorDecl5#1 len=58 artifacts=27 advent-overaccept=18 advent-underaccept=7 compiler-timeout=3 reference-disagreement=793 same=11693 tree-difference=3
[12519/100000] reference-disagreement wide:closure:raw:attribute:testSpiAttributeWithUnderscore#2 len=41 artifacts=27 advent-overaccept=18 advent-underaccept=7 compiler-timeout=3 reference-disagreement=794 same=11694 tree-difference=3
[12548/100000] reference-disagreement nested-ifconfig-boundary len=117 artifacts=27 advent-overaccept=18 advent-underaccept=7 compiler-timeout=3 reference-disagreement=795 same=11722 tree-difference=3
[12560/100000] reference-disagreement wide:closure:line-comment+newline+glue:real:ResultBuilders:437 len=164 artifacts=27 advent-overaccept=18 advent-underaccept=7 compiler-timeout=3 reference-disagreement=796 same=11733 tree-difference=3
[12569/100000] reference-disagreement declaration-modifier-stack len=34 artifacts=27 advent-overaccept=18 advent-underaccept=7 compiler-timeout=3 reference-disagreement=797 same=11741 tree-difference=3
[12597/100000] reference-disagreement attribute-ifconfig-elseif-list len=114 artifacts=27 advent-overaccept=18 advent-underaccept=7 compiler-timeout=3 reference-disagreement=798 same=11768 tree-difference=3
[12627/100000] reference-disagreement wide:ifconfig:raw:translated:testDeprecatedWhere8#1+real:Indenter:19 len=557 artifacts=27 advent-overaccept=18 advent-underaccept=7 compiler-timeout=3 reference-disagreement=799 same=11797 tree-difference=3
[12632/100000] reference-disagreement wide:extension-member:splice+keyword:real:ResultBuilders:284 len=161 artifacts=27 advent-overaccept=18 advent-underaccept=7 compiler-timeout=3 reference-disagreement=800 same=11801 tree-difference=3
[12654/100000] reference-disagreement wide:trailing-closure:line-comment:real:Attributes:362 len=905 artifacts=27 advent-overaccept=18 advent-underaccept=7 compiler-timeout=3 reference-disagreement=801 same=11822 tree-difference=3
[12669/100000] reference-disagreement wide:ifconfig:raw:reject:testKeypathExpression#3 len=36 artifacts=27 advent-overaccept=18 advent-underaccept=7 compiler-timeout=3 reference-disagreement=802 same=11836 tree-difference=3
[12676/100000] reference-disagreement wide:trailing-closure:raw:phase4-precedence:pg-empty len=29 artifacts=27 advent-overaccept=18 advent-underaccept=7 compiler-timeout=3 reference-disagreement=803 same=11842 tree-difference=3
[12679/100000] reference-disagreement wide:closure:block-comment:attribute:testDifferentiableAttribute#1 len=142 artifacts=27 advent-overaccept=18 advent-underaccept=7 compiler-timeout=3 reference-disagreement=804 same=11844 tree-difference=3
[12682/100000] reference-disagreement wide:top:block-comment+newline:translated:testIfconfigExpr17#1 len=62 artifacts=27 advent-overaccept=18 advent-underaccept=7 compiler-timeout=3 reference-disagreement=805 same=11846 tree-difference=3
[12714/100000] reference-disagreement wide:trailing-closure:keyword:real:RawSyntax:175 len=335 artifacts=27 advent-overaccept=18 advent-underaccept=7 compiler-timeout=3 reference-disagreement=806 same=11877 tree-difference=3
[12720/100000] reference-disagreement wide:func-body:raw:real:Parser:438+real:BuildConfiguration:311 len=490 artifacts=27 advent-overaccept=18 advent-underaccept=7 compiler-timeout=3 reference-disagreement=807 same=11882 tree-difference=3
[12721/100000] reference-disagreement wide:trailing-closure:raw:real:SyntaxCollections:1139+real:BuildableNodes:767 len=1552 artifacts=27 advent-overaccept=18 advent-underaccept=7 compiler-timeout=3 reference-disagreement=808 same=11882 tree-difference=3
[12725/100000] reference-disagreement nested-ifconfig-boundary len=113 artifacts=27 advent-overaccept=18 advent-underaccept=7 compiler-timeout=3 reference-disagreement=809 same=11885 tree-difference=3
[12750/100000] same wide:after-statement:glue+glue+duplicate:translated:testToplevelLibraryInvalid1#1+real:SequentialScopeSyntax:18 len=170 artifacts=27 advent-overaccept=18 advent-underaccept=7 compiler-timeout=3 reference-disagreement=809 same=11910 tree-difference=3
[12779/100000] reference-disagreement wide:closure:block-comment:translated:testForwardSlashRegexSkippingAllowed12#1+phase3-branch:guard-expr len=120 artifacts=27 advent-overaccept=18 advent-underaccept=7 compiler-timeout=3 reference-disagreement=810 same=11938 tree-difference=3
[12800/100000] reference-disagreement keypath-boundary len=36 artifacts=27 advent-overaccept=18 advent-underaccept=7 compiler-timeout=3 reference-disagreement=811 same=11958 tree-difference=3
[12810/100000] reference-disagreement wide:struct-member:keyword+glue:translated:testMultilineString1#1 len=31 artifacts=27 advent-overaccept=18 advent-underaccept=7 compiler-timeout=3 reference-disagreement=812 same=11967 tree-difference=3
[12815/100000] reference-disagreement wide:closure:swap:real:SyntaxEnum:1200 len=924 artifacts=27 advent-overaccept=18 advent-underaccept=7 compiler-timeout=3 reference-disagreement=813 same=11971 tree-difference=3
[12835/100000] reference-disagreement wide:func-body:line-comment+space:real:BuildableNodes:1251 len=1303 artifacts=27 advent-overaccept=18 advent-underaccept=7 compiler-timeout=3 reference-disagreement=814 same=11990 tree-difference=3
[12855/100000] reference-disagreement wide:ifconfig:keyword+newline:translated:testSubscripting4#1 len=152 artifacts=27 advent-overaccept=18 advent-underaccept=7 compiler-timeout=3 reference-disagreement=815 same=12009 tree-difference=3
[12859/100000] reference-disagreement member-list-wide-boundary len=366 artifacts=27 advent-overaccept=18 advent-underaccept=7 compiler-timeout=3 reference-disagreement=816 same=12012 tree-difference=3
[12861/100000] reference-disagreement wide:func-body:raw:real:ScopeImplementations:752 len=181 artifacts=27 advent-overaccept=18 advent-underaccept=7 compiler-timeout=3 reference-disagreement=817 same=12013 tree-difference=3
[12866/100000] reference-disagreement wide:struct-member:newline:real:SyntaxTraits:756 len=64 artifacts=27 advent-overaccept=18 advent-underaccept=7 compiler-timeout=3 reference-disagreement=818 same=12017 tree-difference=3
[12909/100000] reference-disagreement wide:closure:line-comment+glue+newline:real:SyntaxExtensions:72 len=262 artifacts=27 advent-overaccept=18 advent-underaccept=7 compiler-timeout=3 reference-disagreement=819 same=12059 tree-difference=3
[12926/100000] reference-disagreement attribute-ifconfig-elseif-list len=117 artifacts=27 advent-overaccept=18 advent-underaccept=7 compiler-timeout=3 reference-disagreement=820 same=12075 tree-difference=3
[12940/100000] reference-disagreement wide:trailing-closure:raw:translated:testOperators18#1+attribute:testDerivativeAttribute#5 len=108 artifacts=27 advent-overaccept=18 advent-underaccept=7 compiler-timeout=3 reference-disagreement=821 same=12088 tree-difference=3
[12948/100000] reference-disagreement nested-ifconfig-boundary len=117 artifacts=27 advent-overaccept=18 advent-underaccept=7 compiler-timeout=3 reference-disagreement=822 same=12095 tree-difference=3
[13000/100000] same frontier:generic-member-type-shape len=260 artifacts=27 advent-overaccept=18 advent-underaccept=7 compiler-timeout=3 reference-disagreement=822 same=12147 tree-difference=3
[13002/100000] reference-disagreement member-list-wide-boundary len=505 artifacts=27 advent-overaccept=18 advent-underaccept=7 compiler-timeout=3 reference-disagreement=823 same=12148 tree-difference=3
[13068/100000] reference-disagreement wide:after-statement:block-comment+delete+keyword:declaration:testReasyncFunctions#1 len=164 artifacts=27 advent-overaccept=18 advent-underaccept=7 compiler-timeout=3 reference-disagreement=824 same=12213 tree-difference=3
[13075/100000] advent-overaccept wide:closure:glue:type:testLifetimeSpecifier#1 len=50 artifacts=27 advent-overaccept=19 advent-underaccept=7 compiler-timeout=3 reference-disagreement=824 same=12219 tree-difference=3
[13082/100000] reference-disagreement wide:closure:line-comment+keyword+block-comment:real:SyntaxExpressibleByStringInterpolationConformances:145+declaration:testModifiedParameter#3 len=206 artifacts=27 advent-overaccept=19 advent-underaccept=7 compiler-timeout=3 reference-disagreement=825 same=12225 tree-difference=3
[13116/100000] reference-disagreement wide:extension-member:space+newline+line-comment:real:SyntaxExpressibleByStringInterpolationConformances:232 len=97 artifacts=27 advent-overaccept=19 advent-underaccept=7 compiler-timeout=3 reference-disagreement=826 same=12258 tree-difference=3
[13143/100000] reference-disagreement tspl-divergence-protocol-body len=197 artifacts=27 advent-overaccept=19 advent-underaccept=7 compiler-timeout=3 reference-disagreement=827 same=12284 tree-difference=3
[13151/100000] reference-disagreement declaration-modifier-stack len=34 artifacts=27 advent-overaccept=19 advent-underaccept=7 compiler-timeout=3 reference-disagreement=828 same=12291 tree-difference=3
[13157/100000] reference-disagreement statement-list len=648 artifacts=27 advent-overaccept=19 advent-underaccept=7 compiler-timeout=3 reference-disagreement=829 same=12296 tree-difference=3
[13174/100000] reference-disagreement wide:after-statement:raw:translated:testInitDeinit6#1 len=61 artifacts=27 advent-overaccept=19 advent-underaccept=7 compiler-timeout=3 reference-disagreement=830 same=12312 tree-difference=3
[13176/100000] reference-disagreement wide:extension-member:newline+line-comment:real:ResultBuilders:493 len=203 artifacts=27 advent-overaccept=19 advent-underaccept=7 compiler-timeout=3 reference-disagreement=831 same=12313 tree-difference=3
[13183/100000] reference-disagreement tspl-divergence-accessor-commitment len=49 artifacts=27 advent-overaccept=19 advent-underaccept=7 compiler-timeout=3 reference-disagreement=832 same=12319 tree-difference=3
[13197/100000] reference-disagreement wide:top:delete+line-comment+glue:translated:testEffectfulProperties9#1+translated:testTrailingClosures5#1 len=162 artifacts=27 advent-overaccept=19 advent-underaccept=7 compiler-timeout=3 reference-disagreement=833 same=12332 tree-difference=3
[13215/100000] reference-disagreement wide:extension-member:newline+keyword:translated:testEffectfulProperties9#1 len=142 artifacts=27 advent-overaccept=19 advent-underaccept=7 compiler-timeout=3 reference-disagreement=834 same=12349 tree-difference=3
[13250/100000] same ifconfig-boundary len=30 artifacts=27 advent-overaccept=19 advent-underaccept=7 compiler-timeout=3 reference-disagreement=834 same=12384 tree-difference=3
[13266/100000] reference-disagreement wide:struct-member:raw:translated:testInitDeinit21#1 len=58 artifacts=27 advent-overaccept=19 advent-underaccept=7 compiler-timeout=3 reference-disagreement=835 same=12399 tree-difference=3
[13283/100000] reference-disagreement wide:func-body:block-comment:real:SyntaxExtensions:207 len=167 artifacts=27 advent-overaccept=19 advent-underaccept=7 compiler-timeout=3 reference-disagreement=836 same=12415 tree-difference=3
[13316/100000] reference-disagreement wide:trailing-closure:raw:real:ResultBuilders:137 len=145 artifacts=27 advent-overaccept=19 advent-underaccept=7 compiler-timeout=3 reference-disagreement=837 same=12447 tree-difference=3
[13322/100000] reference-disagreement wide:extension-member:keyword+keyword:real:ExperimentalFeatures:16 len=245 artifacts=27 advent-overaccept=19 advent-underaccept=7 compiler-timeout=3 reference-disagreement=838 same=12452 tree-difference=3
[13328/100000] reference-disagreement member-list-wide-boundary len=406 artifacts=27 advent-overaccept=19 advent-underaccept=7 compiler-timeout=3 reference-disagreement=839 same=12457 tree-difference=3
[13330/100000] reference-disagreement binding-pattern len=458 artifacts=27 advent-overaccept=19 advent-underaccept=7 compiler-timeout=3 reference-disagreement=840 same=12458 tree-difference=3
[13438/100000] reference-disagreement wide:closure:keyword+newline+line-comment:translated:testSwitch21#1+real:StandardIOMessageConnection:24 len=101 artifacts=27 advent-overaccept=19 advent-underaccept=7 compiler-timeout=3 reference-disagreement=841 same=12565 tree-difference=3
[13457/100000] reference-disagreement wide:trailing-closure:space+line-comment:real:SyntaxTraits:788 len=85 artifacts=27 advent-overaccept=19 advent-underaccept=7 compiler-timeout=3 reference-disagreement=842 same=12583 tree-difference=3
[13484/100000] reference-disagreement wide:closure:duplicate+newline:phase1:let-octal len=38 artifacts=27 advent-overaccept=19 advent-underaccept=7 compiler-timeout=3 reference-disagreement=843 same=12609 tree-difference=3
[13490/100000] reference-disagreement keypath-component-matrix len=53 artifacts=27 advent-overaccept=19 advent-underaccept=7 compiler-timeout=3 reference-disagreement=844 same=12614 tree-difference=3
[13499/100000] reference-disagreement wide:struct-member:newline:real:RenamedChildrenBuilderCompatibility:522 len=1040 artifacts=27 advent-overaccept=19 advent-underaccept=7 compiler-timeout=3 reference-disagreement=845 same=12622 tree-difference=3
[13500/100000] same collection-type-boundary len=94 artifacts=27 advent-overaccept=19 advent-underaccept=7 compiler-timeout=3 reference-disagreement=845 same=12623 tree-difference=3
[13511/100000] reference-disagreement wide:struct-member:glue:real:ResultBuilders:245 len=226 artifacts=27 advent-overaccept=19 advent-underaccept=7 compiler-timeout=3 reference-disagreement=846 same=12633 tree-difference=3
[13517/100000] reference-disagreement attribute-ifconfig-elseif-list len=108 artifacts=27 advent-overaccept=19 advent-underaccept=7 compiler-timeout=3 reference-disagreement=847 same=12638 tree-difference=3
[13553/100000] advent-underaccept wide:before-statement:line-comment:translated:testOptionalLvalues11#1 len=84 artifacts=28 advent-overaccept=19 advent-underaccept=8 compiler-timeout=3 reference-disagreement=847 same=12673 tree-difference=3
[13555/100000] reference-disagreement tspl-divergence-protocol-body len=169 artifacts=28 advent-overaccept=19 advent-underaccept=8 compiler-timeout=3 reference-disagreement=848 same=12674 tree-difference=3
[13561/100000] reference-disagreement tspl-divergence-accessor-commitment len=78 artifacts=28 advent-overaccept=19 advent-underaccept=8 compiler-timeout=3 reference-disagreement=849 same=12679 tree-difference=3
[13568/100000] reference-disagreement wide:struct-member:newline+duplicate:real:SyntaxEnum:1200 len=932 artifacts=28 advent-overaccept=19 advent-underaccept=8 compiler-timeout=3 reference-disagreement=850 same=12685 tree-difference=3
[13585/100000] reference-disagreement keypath-component-matrix len=59 artifacts=28 advent-overaccept=19 advent-underaccept=8 compiler-timeout=3 reference-disagreement=851 same=12701 tree-difference=3
[13610/100000] reference-disagreement wide:struct-member:splice+block-comment:real:BuildableNodes:1557 len=1257 artifacts=28 advent-overaccept=19 advent-underaccept=8 compiler-timeout=3 reference-disagreement=852 same=12725 tree-difference=3
[13619/100000] reference-disagreement wide:closure:newline:expression:testBorrowExpression#2 len=38 artifacts=28 advent-overaccept=19 advent-underaccept=8 compiler-timeout=3 reference-disagreement=853 same=12733 tree-difference=3
[13622/100000] compiler-timeout wide:interpolation:duplicate:reject:testForwardSlashRegex151a#1 len=23 artifacts=28 advent-overaccept=19 advent-underaccept=8 compiler-timeout=4 reference-disagreement=853 same=12735 tree-difference=3
[13644/100000] reference-disagreement keypath-component-matrix len=41 artifacts=28 advent-overaccept=19 advent-underaccept=8 compiler-timeout=4 reference-disagreement=854 same=12756 tree-difference=3
[13661/100000] reference-disagreement wide:extension-member:space:real:SyntaxTraits:774 len=69 artifacts=28 advent-overaccept=19 advent-underaccept=8 compiler-timeout=4 reference-disagreement=855 same=12772 tree-difference=3
[13691/100000] reference-disagreement wide:struct-member:keyword+newline:real:ResultBuilders:719 len=168 artifacts=28 advent-overaccept=19 advent-underaccept=8 compiler-timeout=4 reference-disagreement=856 same=12801 tree-difference=3
[13699/100000] reference-disagreement grammarish-member-list len=258 artifacts=28 advent-overaccept=19 advent-underaccept=8 compiler-timeout=4 reference-disagreement=857 same=12808 tree-difference=3
[13702/100000] reference-disagreement attribute-ifconfig-elseif-list len=122 artifacts=28 advent-overaccept=19 advent-underaccept=8 compiler-timeout=4 reference-disagreement=858 same=12810 tree-difference=3
[13708/100000] reference-disagreement wide:closure:raw:real:SyntaxTraits:770 len=104 artifacts=28 advent-overaccept=19 advent-underaccept=8 compiler-timeout=4 reference-disagreement=859 same=12815 tree-difference=3
[13719/100000] reference-disagreement wide:extension-member:raw:attribute:testABIAttribute#17 len=54 artifacts=28 advent-overaccept=19 advent-underaccept=8 compiler-timeout=4 reference-disagreement=860 same=12825 tree-difference=3
[13733/100000] reference-disagreement wide:extension-member:raw:real:CollectionNodes+Parsable:102 len=537 artifacts=28 advent-overaccept=19 advent-underaccept=8 compiler-timeout=4 reference-disagreement=861 same=12838 tree-difference=3
[13750/100000] same seed-corpus-wrapped:macro-source-location-attribute len=125 artifacts=28 advent-overaccept=19 advent-underaccept=8 compiler-timeout=4 reference-disagreement=861 same=12855 tree-difference=3
[13773/100000] reference-disagreement wide:func-body:raw:real:Expressions:2114 len=294 artifacts=28 advent-overaccept=19 advent-underaccept=8 compiler-timeout=4 reference-disagreement=862 same=12877 tree-difference=3
[13808/100000] reference-disagreement wide:after-statement:glue+glue:attribute:testMacroRoleNames#10 len=80 artifacts=28 advent-overaccept=19 advent-underaccept=8 compiler-timeout=4 reference-disagreement=863 same=12911 tree-difference=3
[13824/100000] reference-disagreement wide:struct-member:newline:real:MacroArgument:149 len=550 artifacts=28 advent-overaccept=19 advent-underaccept=8 compiler-timeout=4 reference-disagreement=864 same=12926 tree-difference=3
[13848/100000] reference-disagreement wide:after-statement:raw:reject:testRecovery28#1 len=45 artifacts=28 advent-overaccept=19 advent-underaccept=8 compiler-timeout=4 reference-disagreement=865 same=12949 tree-difference=3
[13870/100000] reference-disagreement wide:struct-member:space:real:Expressions:1619 len=659 artifacts=28 advent-overaccept=19 advent-underaccept=8 compiler-timeout=4 reference-disagreement=866 same=12970 tree-difference=3
[13895/100000] reference-disagreement wide:trailing-closure:raw:attribute:testObjcImplementationAttribute#1 len=135 artifacts=28 advent-overaccept=19 advent-underaccept=8 compiler-timeout=4 reference-disagreement=867 same=12994 tree-difference=3
[13896/100000] reference-disagreement wide:closure:raw:real:Syntax+StringInterpolation:263+attribute:testSilgenName#2 len=209 artifacts=28 advent-overaccept=19 advent-underaccept=8 compiler-timeout=4 reference-disagreement=868 same=12994 tree-difference=3
[13910/100000] reference-disagreement wide:trailing-closure:line-comment+block-comment:real:SyntaxExpressibleByStringInterpolationConformances:145 len=169 artifacts=28 advent-overaccept=19 advent-underaccept=8 compiler-timeout=4 reference-disagreement=869 same=13007 tree-difference=3
[13923/100000] reference-disagreement wide:trailing-closure:line-comment+swap:reject:testChainedOptionalUnwrapsWithDot#1 len=21 artifacts=28 advent-overaccept=19 advent-underaccept=8 compiler-timeout=4 reference-disagreement=870 same=13019 tree-difference=3
[13935/100000] reference-disagreement wide:func-body:raw:real:SyntaxBaseNodes:1819 len=74 artifacts=28 advent-overaccept=19 advent-underaccept=8 compiler-timeout=4 reference-disagreement=871 same=13030 tree-difference=3
[13947/100000] reference-disagreement keypath-component-matrix len=50 artifacts=28 advent-overaccept=19 advent-underaccept=8 compiler-timeout=4 reference-disagreement=872 same=13041 tree-difference=3
[13960/100000] reference-disagreement attribute-ifconfig-elseif-list len=110 artifacts=28 advent-overaccept=19 advent-underaccept=8 compiler-timeout=4 reference-disagreement=873 same=13053 tree-difference=3
[13970/100000] reference-disagreement wide:ifconfig:raw:declaration:testLiteralInitializerWithTrailingClosure#1 len=39 artifacts=28 advent-overaccept=19 advent-underaccept=8 compiler-timeout=4 reference-disagreement=874 same=13062 tree-difference=3
[13981/100000] reference-disagreement keypath-component-matrix len=41 artifacts=28 advent-overaccept=19 advent-underaccept=8 compiler-timeout=4 reference-disagreement=875 same=13072 tree-difference=3
[13986/100000] reference-disagreement wide:extension-member:raw:phase3-statement:try-infix+translated:testOperators3#1 len=133 artifacts=28 advent-overaccept=19 advent-underaccept=8 compiler-timeout=4 reference-disagreement=876 same=13076 tree-difference=3
[14000/100000] same wide:closure:keyword+newline:reject:testModuleSelectorIllFormedModuleNames#35+pattern:testNonBinding2#1 len=101 artifacts=28 advent-overaccept=19 advent-underaccept=8 compiler-timeout=4 reference-disagreement=876 same=13090 tree-difference=3
[14013/100000] reference-disagreement attribute-ifconfig-elseif-list len=121 artifacts=28 advent-overaccept=19 advent-underaccept=8 compiler-timeout=4 reference-disagreement=877 same=13102 tree-difference=3
[14020/100000] reference-disagreement wide:trailing-closure:block-comment+glue:real:SyntaxCollections:591 len=508 artifacts=28 advent-overaccept=19 advent-underaccept=8 compiler-timeout=4 reference-disagreement=878 same=13108 tree-difference=3
[14028/100000] reference-disagreement wide:extension-member:keyword+block-comment+newline:translated:testDeprecatedWhere5#1 len=285 artifacts=28 advent-overaccept=19 advent-underaccept=8 compiler-timeout=4 reference-disagreement=879 same=13115 tree-difference=3
[14050/100000] reference-disagreement attribute-ifconfig-elseif-list len=123 artifacts=28 advent-overaccept=19 advent-underaccept=8 compiler-timeout=4 reference-disagreement=880 same=13136 tree-difference=3
[14055/100000] reference-disagreement wide:closure:raw:real:SyntaxExpressibleByStringInterpolationConformances:160 len=103 artifacts=28 advent-overaccept=19 advent-underaccept=8 compiler-timeout=4 reference-disagreement=881 same=13140 tree-difference=3
[14061/100000] reference-disagreement wide:extension-member:raw:real:SyntaxLiteralUtils:39 len=277 artifacts=28 advent-overaccept=19 advent-underaccept=8 compiler-timeout=4 reference-disagreement=882 same=13145 tree-difference=3
[14073/100000] reference-disagreement wide:trailing-closure:block-comment:translated:testOriginalDefinedInAttr10#1 len=168 artifacts=28 advent-overaccept=19 advent-underaccept=8 compiler-timeout=4 reference-disagreement=883 same=13156 tree-difference=3
[14075/100000] reference-disagreement wide:func-body:raw:attribute:testABIAttribute#3 len=38 artifacts=28 advent-overaccept=19 advent-underaccept=8 compiler-timeout=4 reference-disagreement=884 same=13157 tree-difference=3
[14101/100000] reference-disagreement wide:extension-member:newline:translated:testDeinitAsync#1 len=69 artifacts=28 advent-overaccept=19 advent-underaccept=8 compiler-timeout=4 reference-disagreement=885 same=13182 tree-difference=3
[14111/100000] reference-disagreement grammarish-member-list len=233 artifacts=28 advent-overaccept=19 advent-underaccept=8 compiler-timeout=4 reference-disagreement=886 same=13191 tree-difference=3
[14113/100000] reference-disagreement member-list-wide-boundary len=298 artifacts=28 advent-overaccept=19 advent-underaccept=8 compiler-timeout=4 reference-disagreement=887 same=13192 tree-difference=3
[14122/100000] reference-disagreement tspl-divergence-protocol-body len=180 artifacts=28 advent-overaccept=19 advent-underaccept=8 compiler-timeout=4 reference-disagreement=888 same=13200 tree-difference=3
[14146/100000] reference-disagreement tspl-divergence-accessor-commitment len=78 artifacts=28 advent-overaccept=19 advent-underaccept=8 compiler-timeout=4 reference-disagreement=889 same=13223 tree-difference=3
[14162/100000] reference-disagreement tspl-divergence-protocol-body len=169 artifacts=28 advent-overaccept=19 advent-underaccept=8 compiler-timeout=4 reference-disagreement=890 same=13238 tree-difference=3
[14175/100000] reference-disagreement wide:closure:keyword+duplicate:real:LongTestsDisabled:19 len=201 artifacts=28 advent-overaccept=19 advent-underaccept=8 compiler-timeout=4 reference-disagreement=891 same=13250 tree-difference=3
[14176/100000] reference-disagreement keypath-component-matrix len=38 artifacts=28 advent-overaccept=19 advent-underaccept=8 compiler-timeout=4 reference-disagreement=892 same=13250 tree-difference=3
[14200/100000] reference-disagreement member-list-wide-boundary len=326 artifacts=28 advent-overaccept=19 advent-underaccept=8 compiler-timeout=4 reference-disagreement=893 same=13273 tree-difference=3
[14203/100000] reference-disagreement tspl-divergence-protocol-body len=90 artifacts=28 advent-overaccept=19 advent-underaccept=8 compiler-timeout=4 reference-disagreement=894 same=13275 tree-difference=3
[14218/100000] reference-disagreement wide:closure:raw:declaration:testImports#2 len=51 artifacts=28 advent-overaccept=19 advent-underaccept=8 compiler-timeout=4 reference-disagreement=895 same=13289 tree-difference=3
[14221/100000] reference-disagreement wide:trailing-closure:raw:real:ResultBuilders:384+translated:testDollarIdentifier4#1 len=457 artifacts=28 advent-overaccept=19 advent-underaccept=8 compiler-timeout=4 reference-disagreement=896 same=13291 tree-difference=3
[14222/100000] reference-disagreement wide:extension-member:glue+glue+glue:phase4-keypath:kp-root-member-not-meta+real:RegexLiteralLexer:577 len=501 artifacts=28 advent-overaccept=19 advent-underaccept=8 compiler-timeout=4 reference-disagreement=897 same=13291 tree-difference=3
[14250/100000] same frontier:statement-member-context len=93 artifacts=28 advent-overaccept=19 advent-underaccept=8 compiler-timeout=4 reference-disagreement=897 same=13319 tree-difference=3
[14263/100000] reference-disagreement wide:closure:raw:real:Syntax+StringInterpolation:325 len=70 artifacts=28 advent-overaccept=19 advent-underaccept=8 compiler-timeout=4 reference-disagreement=898 same=13331 tree-difference=3
[14264/100000] advent-overaccept wide:closure:raw:translated:testFunctionTypeExpr#2+real:SyntaxUtils:35 len=334 artifacts=29 advent-overaccept=20 advent-underaccept=8 compiler-timeout=4 reference-disagreement=898 same=13331 tree-difference=3
[14283/100000] advent-overaccept wide:top:newline+block-comment:translated:testTypeExpr30#1 len=248 artifacts=30 advent-overaccept=21 advent-underaccept=8 compiler-timeout=4 reference-disagreement=898 same=13349 tree-difference=3
[14312/100000] reference-disagreement keypath-boundary len=38 artifacts=30 advent-overaccept=21 advent-underaccept=8 compiler-timeout=4 reference-disagreement=899 same=13377 tree-difference=3
[14317/100000] reference-disagreement wide:closure:newline+glue+block-comment:real:Lookahead:165+phase2-literal:super-member len=288 artifacts=30 advent-overaccept=21 advent-underaccept=8 compiler-timeout=4 reference-disagreement=900 same=13381 tree-difference=3
[14321/100000] reference-disagreement wide:struct-member:raw:phase4-precedence:pg-lower len=67 artifacts=30 advent-overaccept=21 advent-underaccept=8 compiler-timeout=4 reference-disagreement=901 same=13384 tree-difference=3
[14349/100000] reference-disagreement tspl-divergence-protocol-body len=123 artifacts=30 advent-overaccept=21 advent-underaccept=8 compiler-timeout=4 reference-disagreement=902 same=13411 tree-difference=3
[14403/100000] reference-disagreement keypath-boundary len=40 artifacts=30 advent-overaccept=21 advent-underaccept=8 compiler-timeout=4 reference-disagreement=903 same=13464 tree-difference=3
[14416/100000] reference-disagreement binding-pattern len=458 artifacts=30 advent-overaccept=21 advent-underaccept=8 compiler-timeout=4 reference-disagreement=904 same=13476 tree-difference=3
[14438/100000] reference-disagreement statement-list len=649 artifacts=30 advent-overaccept=21 advent-underaccept=8 compiler-timeout=4 reference-disagreement=905 same=13497 tree-difference=3
[14443/100000] reference-disagreement wide:trailing-closure:raw:real:ParserDiagnosticMessages:758 len=357 artifacts=30 advent-overaccept=21 advent-underaccept=8 compiler-timeout=4 reference-disagreement=906 same=13501 tree-difference=3
[14451/100000] reference-disagreement wide:extension-member:newline+glue:real:SourceLength:61 len=984 artifacts=30 advent-overaccept=21 advent-underaccept=8 compiler-timeout=4 reference-disagreement=907 same=13508 tree-difference=3
[14461/100000] reference-disagreement wide:struct-member:glue:real:ScopeImplementations:34 len=825 artifacts=30 advent-overaccept=21 advent-underaccept=8 compiler-timeout=4 reference-disagreement=908 same=13517 tree-difference=3
[14479/100000] reference-disagreement wide:trailing-closure:line-comment:real:SyntaxExpressibleByStringInterpolationConformances:142 len=78 artifacts=30 advent-overaccept=21 advent-underaccept=8 compiler-timeout=4 reference-disagreement=909 same=13534 tree-difference=3
[14481/100000] reference-disagreement grammarish-member-list len=407 artifacts=30 advent-overaccept=21 advent-underaccept=8 compiler-timeout=4 reference-disagreement=910 same=13535 tree-difference=3
[14490/100000] reference-disagreement keypath-component-matrix len=41 artifacts=30 advent-overaccept=21 advent-underaccept=8 compiler-timeout=4 reference-disagreement=911 same=13543 tree-difference=3
[14500/100000] reference-disagreement cast-try-operator-cluster len=24 artifacts=30 advent-overaccept=21 advent-underaccept=8 compiler-timeout=4 reference-disagreement=912 same=13552 tree-difference=3
[14503/100000] reference-disagreement wide:closure:splice:translated:testSwitch63#1 len=77 artifacts=30 advent-overaccept=21 advent-underaccept=8 compiler-timeout=4 reference-disagreement=913 same=13554 tree-difference=3
[14519/100000] reference-disagreement wide:struct-member:raw:real:SyntaxExpressibleByStringInterpolationConformances:271 len=180 artifacts=30 advent-overaccept=21 advent-underaccept=8 compiler-timeout=4 reference-disagreement=914 same=13569 tree-difference=3
[14541/100000] reference-disagreement statement-list len=522 artifacts=30 advent-overaccept=21 advent-underaccept=8 compiler-timeout=4 reference-disagreement=915 same=13590 tree-difference=3
[14568/100000] reference-disagreement wide:struct-member:newline:real:SyntaxEditUtils:290+real:SyntaxUtils:61 len=849 artifacts=30 advent-overaccept=21 advent-underaccept=8 compiler-timeout=4 reference-disagreement=916 same=13616 tree-difference=3
[14576/100000] reference-disagreement wide:closure:keyword:real:SyntaxCollections:50 len=492 artifacts=30 advent-overaccept=21 advent-underaccept=8 compiler-timeout=4 reference-disagreement=917 same=13623 tree-difference=3
[14607/100000] reference-disagreement tspl-divergence-protocol-body len=111 artifacts=30 advent-overaccept=21 advent-underaccept=8 compiler-timeout=4 reference-disagreement=918 same=13653 tree-difference=3
[14610/100000] advent-overaccept wide:ifconfig:glue+block-comment+duplicate:translated:testTupleTypeExpr#14 len=53 artifacts=31 advent-overaccept=22 advent-underaccept=8 compiler-timeout=4 reference-disagreement=918 same=13655 tree-difference=3
[14614/100000] reference-disagreement wide:func-body:raw:real:MigrateToNewIfLetSyntax:41 len=1472 artifacts=31 advent-overaccept=22 advent-underaccept=8 compiler-timeout=4 reference-disagreement=919 same=13658 tree-difference=3
[14617/100000] reference-disagreement wide:extension-member:raw:real:Macros:245 len=559 artifacts=31 advent-overaccept=22 advent-underaccept=8 compiler-timeout=4 reference-disagreement=920 same=13660 tree-difference=3
[14722/100000] reference-disagreement wide:func-body:raw:real:ParserDiagnosticMessages:391 len=247 artifacts=31 advent-overaccept=22 advent-underaccept=8 compiler-timeout=4 reference-disagreement=921 same=13764 tree-difference=3
[14726/100000] reference-disagreement statement-list len=570 artifacts=31 advent-overaccept=22 advent-underaccept=8 compiler-timeout=4 reference-disagreement=922 same=13767 tree-difference=3
[14750/100000] same grammarish-member-list len=358 artifacts=31 advent-overaccept=22 advent-underaccept=8 compiler-timeout=4 reference-disagreement=922 same=13791 tree-difference=3
[14754/100000] reference-disagreement wide:func-body:raw:real:ANSIDiagnosticDecorator:13 len=173 artifacts=31 advent-overaccept=22 advent-underaccept=8 compiler-timeout=4 reference-disagreement=923 same=13794 tree-difference=3
[14789/100000] reference-disagreement wide:trailing-closure:newline+newline+duplicate:real:OperatorTable+Semantics:74 len=420 artifacts=31 advent-overaccept=22 advent-underaccept=8 compiler-timeout=4 reference-disagreement=924 same=13828 tree-difference=3
[14794/100000] reference-disagreement tspl-divergence-protocol-body len=196 artifacts=31 advent-overaccept=22 advent-underaccept=8 compiler-timeout=4 reference-disagreement=925 same=13832 tree-difference=3
[14857/100000] reference-disagreement cast-try-operator-cluster len=24 artifacts=31 advent-overaccept=22 advent-underaccept=8 compiler-timeout=4 reference-disagreement=926 same=13894 tree-difference=3
[14866/100000] reference-disagreement grammarish-member-list len=233 artifacts=31 advent-overaccept=22 advent-underaccept=8 compiler-timeout=4 reference-disagreement=927 same=13902 tree-difference=3
[14876/100000] reference-disagreement attribute-ifconfig-elseif-list len=123 artifacts=31 advent-overaccept=22 advent-underaccept=8 compiler-timeout=4 reference-disagreement=928 same=13911 tree-difference=3
[14890/100000] reference-disagreement statement-list len=506 artifacts=31 advent-overaccept=22 advent-underaccept=8 compiler-timeout=4 reference-disagreement=929 same=13924 tree-difference=3
[14910/100000] reference-disagreement wide:func-body:line-comment:real:ResultBuilders:570 len=235 artifacts=31 advent-overaccept=22 advent-underaccept=8 compiler-timeout=4 reference-disagreement=930 same=13943 tree-difference=3
[14913/100000] reference-disagreement wide:closure:block-comment+glue:translated:testOperators4#1 len=205 artifacts=31 advent-overaccept=22 advent-underaccept=8 compiler-timeout=4 reference-disagreement=931 same=13945 tree-difference=3
[14923/100000] reference-disagreement attribute-ifconfig-elseif-list len=108 artifacts=31 advent-overaccept=22 advent-underaccept=8 compiler-timeout=4 reference-disagreement=932 same=13954 tree-difference=3
[14953/100000] reference-disagreement wide:func-body:raw:real:SyntaxTraits:287 len=226 artifacts=31 advent-overaccept=22 advent-underaccept=8 compiler-timeout=4 reference-disagreement=933 same=13983 tree-difference=3
[14959/100000] reference-disagreement wide:trailing-closure:space+newline:translated:testDeprecatedWhere11#1 len=250 artifacts=31 advent-overaccept=22 advent-underaccept=8 compiler-timeout=4 reference-disagreement=934 same=13988 tree-difference=3
[14971/100000] reference-disagreement wide:closure:newline+block-comment:real:RawSyntaxNodeProtocol:16+real:Syntax+StringInterpolation:498 len=1415 artifacts=31 advent-overaccept=22 advent-underaccept=8 compiler-timeout=4 reference-disagreement=935 same=13999 tree-difference=3
[15000/100000] same wide:closure:splice+duplicate:real:CollectionNodes+Parsable:102 len=542 artifacts=31 advent-overaccept=22 advent-underaccept=8 compiler-timeout=4 reference-disagreement=935 same=14028 tree-difference=3
[15016/100000] reference-disagreement wide:ifconfig:newline:phase4-import:import-kind len=45 artifacts=31 advent-overaccept=22 advent-underaccept=8 compiler-timeout=4 reference-disagreement=936 same=14043 tree-difference=3
[15029/100000] reference-disagreement tspl-divergence-protocol-body len=244 artifacts=31 advent-overaccept=22 advent-underaccept=8 compiler-timeout=4 reference-disagreement=937 same=14055 tree-difference=3
[15073/100000] reference-disagreement wide:closure:raw:real:ResultBuilders:745 len=208 artifacts=31 advent-overaccept=22 advent-underaccept=8 compiler-timeout=4 reference-disagreement=938 same=14098 tree-difference=3
[15091/100000] compiler-timeout wide:interpolation:delete+duplicate:translated:testForwardSlashRegex168#1 len=19 artifacts=31 advent-overaccept=22 advent-underaccept=8 compiler-timeout=5 reference-disagreement=938 same=14115 tree-difference=3
[15093/100000] reference-disagreement wide:func-body:keyword:reject:testRecovery20#1 len=22 artifacts=31 advent-overaccept=22 advent-underaccept=8 compiler-timeout=5 reference-disagreement=939 same=14116 tree-difference=3
[15119/100000] reference-disagreement ifconfig-member-context-boundary len=77 artifacts=31 advent-overaccept=22 advent-underaccept=8 compiler-timeout=5 reference-disagreement=940 same=14141 tree-difference=3
[15177/100000] reference-disagreement wide:top:glue+block-comment:translated:testModuleSelectorIncorrectRuntimeBaseAttr#1 len=70 artifacts=31 advent-overaccept=22 advent-underaccept=8 compiler-timeout=5 reference-disagreement=941 same=14198 tree-difference=3
[15178/100000] reference-disagreement wide:trailing-closure:newline+newline+line-comment:real:SyntaxCollections:1054 len=538 artifacts=31 advent-overaccept=22 advent-underaccept=8 compiler-timeout=5 reference-disagreement=942 same=14198 tree-difference=3
[15199/100000] reference-disagreement wide:closure:newline:real:IsValidIdentifier:98 len=1038 artifacts=31 advent-overaccept=22 advent-underaccept=8 compiler-timeout=5 reference-disagreement=943 same=14218 tree-difference=3
[15201/100000] reference-disagreement tspl-divergence-accessor-commitment len=78 artifacts=31 advent-overaccept=22 advent-underaccept=8 compiler-timeout=5 reference-disagreement=944 same=14219 tree-difference=3
[15226/100000] reference-disagreement statement-list len=606 artifacts=31 advent-overaccept=22 advent-underaccept=8 compiler-timeout=5 reference-disagreement=945 same=14243 tree-difference=3
[15232/100000] reference-disagreement wide:closure:newline:real:RawSyntaxNodesEF:17 len=90 artifacts=31 advent-overaccept=22 advent-underaccept=8 compiler-timeout=5 reference-disagreement=946 same=14248 tree-difference=3
[15250/100000] same wide:interpolation:raw:real:IfConfigEvaluation:663 len=51 artifacts=31 advent-overaccept=22 advent-underaccept=8 compiler-timeout=5 reference-disagreement=946 same=14266 tree-difference=3
[15261/100000] reference-disagreement statement-list len=545 artifacts=31 advent-overaccept=22 advent-underaccept=8 compiler-timeout=5 reference-disagreement=947 same=14276 tree-difference=3
[15266/100000] reference-disagreement tspl-divergence-protocol-body len=89 artifacts=31 advent-overaccept=22 advent-underaccept=8 compiler-timeout=5 reference-disagreement=948 same=14280 tree-difference=3
[15277/100000] reference-disagreement wide:func-body:raw:real:GenericParameterScopeSyntax:19 len=95 artifacts=31 advent-overaccept=22 advent-underaccept=8 compiler-timeout=5 reference-disagreement=949 same=14290 tree-difference=3
[15291/100000] reference-disagreement grammarish-member-list len=304 artifacts=31 advent-overaccept=22 advent-underaccept=8 compiler-timeout=5 reference-disagreement=950 same=14303 tree-difference=3
[15293/100000] reference-disagreement member-list-wide-boundary len=259 artifacts=31 advent-overaccept=22 advent-underaccept=8 compiler-timeout=5 reference-disagreement=951 same=14304 tree-difference=3
[15297/100000] reference-disagreement attribute-ifconfig-elseif-list len=129 artifacts=31 advent-overaccept=22 advent-underaccept=8 compiler-timeout=5 reference-disagreement=952 same=14307 tree-difference=3
[15321/100000] reference-disagreement attribute-ifconfig-elseif-list len=121 artifacts=31 advent-overaccept=22 advent-underaccept=8 compiler-timeout=5 reference-disagreement=953 same=14330 tree-difference=3
[15322/100000] reference-disagreement member-list-wide-boundary len=251 artifacts=31 advent-overaccept=22 advent-underaccept=8 compiler-timeout=5 reference-disagreement=954 same=14330 tree-difference=3
[15329/100000] advent-overaccept wide:extension-member:newline:type:testLifetimeSpecifier#2+real:SwiftSyntaxCompatibility:188 len=170 artifacts=32 advent-overaccept=23 advent-underaccept=8 compiler-timeout=5 reference-disagreement=954 same=14336 tree-difference=3
[15330/100000] reference-disagreement wide:trailing-closure:block-comment+block-comment+block-comment:real:SyntaxCollections:1416 len=549 artifacts=32 advent-overaccept=23 advent-underaccept=8 compiler-timeout=5 reference-disagreement=955 same=14336 tree-difference=3
[15353/100000] reference-disagreement cast-try-operator-cluster len=24 artifacts=32 advent-overaccept=23 advent-underaccept=8 compiler-timeout=5 reference-disagreement=956 same=14358 tree-difference=3
[15387/100000] reference-disagreement wide:func-body:line-comment+newline:reject:testInitAccessorsWithDefaultValues#1 len=136 artifacts=32 advent-overaccept=23 advent-underaccept=8 compiler-timeout=5 reference-disagreement=957 same=14391 tree-difference=3
[15401/100000] reference-disagreement wide:extension-member:newline+block-comment+space:real:SyntaxExpressibleByStringInterpolationConformances:85 len=101 artifacts=32 advent-overaccept=23 advent-underaccept=8 compiler-timeout=5 reference-disagreement=958 same=14404 tree-difference=3
[15403/100000] reference-disagreement wide:func-body:newline+newline+block-comment:real:SyntaxExpressibleByStringInterpolationConformances:70 len=111 artifacts=32 advent-overaccept=23 advent-underaccept=8 compiler-timeout=5 reference-disagreement=959 same=14405 tree-difference=3
[15409/100000] reference-disagreement wide:closure:glue+block-comment:real:StringLiterals:745 len=324 artifacts=32 advent-overaccept=23 advent-underaccept=8 compiler-timeout=5 reference-disagreement=960 same=14410 tree-difference=3
[15418/100000] reference-disagreement wide:closure:duplicate+newline+newline:real:DeclSyntaxParseable:62+translated:testTypeExpr25d#1 len=190 artifacts=32 advent-overaccept=23 advent-underaccept=8 compiler-timeout=5 reference-disagreement=961 same=14418 tree-difference=3
[15430/100000] reference-disagreement attribute-ifconfig-elseif-list len=136 artifacts=32 advent-overaccept=23 advent-underaccept=8 compiler-timeout=5 reference-disagreement=962 same=14429 tree-difference=3
[15432/100000] reference-disagreement wide:func-body:raw:real:BuildableNodes:379 len=1047 artifacts=32 advent-overaccept=23 advent-underaccept=8 compiler-timeout=5 reference-disagreement=963 same=14430 tree-difference=3
[15462/100000] reference-disagreement wide:struct-member:glue+line-comment:real:InferIndentation:19 len=469 artifacts=32 advent-overaccept=23 advent-underaccept=8 compiler-timeout=5 reference-disagreement=964 same=14459 tree-difference=3
[15471/100000] reference-disagreement nested-ifconfig-boundary len=163 artifacts=32 advent-overaccept=23 advent-underaccept=8 compiler-timeout=5 reference-disagreement=965 same=14467 tree-difference=3
[15499/100000] reference-disagreement member-list-wide-boundary len=317 artifacts=32 advent-overaccept=23 advent-underaccept=8 compiler-timeout=5 reference-disagreement=966 same=14494 tree-difference=3
[15500/100000] same effectful-function-type len=104 artifacts=32 advent-overaccept=23 advent-underaccept=8 compiler-timeout=5 reference-disagreement=966 same=14495 tree-difference=3
[15501/100000] reference-disagreement wide:func-body:block-comment:real:Message:38+type:testNonisolatedSpecifier#7 len=465 artifacts=32 advent-overaccept=23 advent-underaccept=8 compiler-timeout=5 reference-disagreement=967 same=14495 tree-difference=3
[15530/100000] reference-disagreement wide:func-body:delete+duplicate+swap:translated:testModuleSelectorWhitespace#3+translated:testEnum81b#1 len=63 artifacts=32 advent-overaccept=23 advent-underaccept=8 compiler-timeout=5 reference-disagreement=968 same=14523 tree-difference=3
[15551/100000] reference-disagreement wide:trailing-closure:raw:translated:testOriginalDefinedInAttr3#1+phase3-function:func-optional-ret len=108 artifacts=32 advent-overaccept=23 advent-underaccept=8 compiler-timeout=5 reference-disagreement=969 same=14543 tree-difference=3
[15559/100000] reference-disagreement tspl-divergence-accessor-commitment len=49 artifacts=32 advent-overaccept=23 advent-underaccept=8 compiler-timeout=5 reference-disagreement=970 same=14550 tree-difference=3
[15565/100000] reference-disagreement wide:trailing-closure:duplicate:real:ParserDiagnosticMessages:517 len=324 artifacts=32 advent-overaccept=23 advent-underaccept=8 compiler-timeout=5 reference-disagreement=971 same=14555 tree-difference=3
[15569/100000] reference-disagreement attribute-ifconfig-elseif-list len=137 artifacts=32 advent-overaccept=23 advent-underaccept=8 compiler-timeout=5 reference-disagreement=972 same=14558 tree-difference=3
[15601/100000] reference-disagreement wide:func-body:raw:translated:testImplicitGetterIncomplete1#1+real:SyntaxBaseNodes:441 len=780 artifacts=32 advent-overaccept=23 advent-underaccept=8 compiler-timeout=5 reference-disagreement=973 same=14589 tree-difference=3
[15602/100000] reference-disagreement attribute-ifconfig-elseif-list len=126 artifacts=32 advent-overaccept=23 advent-underaccept=8 compiler-timeout=5 reference-disagreement=974 same=14589 tree-difference=3
[15620/100000] reference-disagreement wide:trailing-closure:glue+space:real:SyntaxExpressibleByStringInterpolationConformances:133 len=86 artifacts=32 advent-overaccept=23 advent-underaccept=8 compiler-timeout=5 reference-disagreement=975 same=14606 tree-difference=3
[15622/100000] reference-disagreement wide:trailing-closure:raw:attribute:testABIAttribute#18 len=44 artifacts=32 advent-overaccept=23 advent-underaccept=8 compiler-timeout=5 reference-disagreement=976 same=14607 tree-difference=3
[15650/100000] reference-disagreement tspl-divergence-accessor-commitment len=49 artifacts=32 advent-overaccept=23 advent-underaccept=8 compiler-timeout=5 reference-disagreement=977 same=14634 tree-difference=3
[15651/100000] reference-disagreement wide:after-statement:raw:attribute:testABIAttribute#4 len=96 artifacts=32 advent-overaccept=23 advent-underaccept=8 compiler-timeout=5 reference-disagreement=978 same=14634 tree-difference=3
[15656/100000] reference-disagreement wide:extension-member:newline+newline:real:Syntax+StringInterpolation:473 len=85 artifacts=32 advent-overaccept=23 advent-underaccept=8 compiler-timeout=5 reference-disagreement=979 same=14638 tree-difference=3
[15681/100000] reference-disagreement wide:func-body:raw:real:Utils:19 len=323 artifacts=32 advent-overaccept=23 advent-underaccept=8 compiler-timeout=5 reference-disagreement=980 same=14662 tree-difference=3
[15692/100000] reference-disagreement wide:closure:newline:real:SyntaxNodeWithBody:211 len=78 artifacts=32 advent-overaccept=23 advent-underaccept=8 compiler-timeout=5 reference-disagreement=981 same=14672 tree-difference=3
[15743/100000] reference-disagreement wide:struct-member:duplicate+newline+newline:real:MissingNodesError:353 len=185 artifacts=32 advent-overaccept=23 advent-underaccept=8 compiler-timeout=5 reference-disagreement=982 same=14722 tree-difference=3
[15750/100000] same frontier:protocol-accessor-shape len=86 artifacts=32 advent-overaccept=23 advent-underaccept=8 compiler-timeout=5 reference-disagreement=982 same=14729 tree-difference=3
[15766/100000] reference-disagreement binding-pattern len=458 artifacts=32 advent-overaccept=23 advent-underaccept=8 compiler-timeout=5 reference-disagreement=983 same=14744 tree-difference=3
[15791/100000] reference-disagreement tspl-divergence-accessor-commitment len=49 artifacts=32 advent-overaccept=23 advent-underaccept=8 compiler-timeout=5 reference-disagreement=984 same=14768 tree-difference=3
[15792/100000] reference-disagreement tspl-divergence-protocol-body len=172 artifacts=32 advent-overaccept=23 advent-underaccept=8 compiler-timeout=5 reference-disagreement=985 same=14768 tree-difference=3
[15805/100000] reference-disagreement wide:closure:glue:real:SyntaxCollections:961 len=496 artifacts=32 advent-overaccept=23 advent-underaccept=8 compiler-timeout=5 reference-disagreement=986 same=14780 tree-difference=3
[15819/100000] reference-disagreement attribute-ifconfig-elseif-list len=121 artifacts=32 advent-overaccept=23 advent-underaccept=8 compiler-timeout=5 reference-disagreement=987 same=14793 tree-difference=3
[15843/100000] reference-disagreement attribute-ifconfig-elseif-list len=108 artifacts=32 advent-overaccept=23 advent-underaccept=8 compiler-timeout=5 reference-disagreement=988 same=14816 tree-difference=3
[15867/100000] reference-disagreement wide:func-body:raw:real:MissingNodeInitializers:68 len=386 artifacts=32 advent-overaccept=23 advent-underaccept=8 compiler-timeout=5 reference-disagreement=989 same=14839 tree-difference=3
[15877/100000] reference-disagreement wide:struct-member:duplicate+space+line-comment:declaration:testOpenVarInCodeBlockItemList#1 len=61 artifacts=32 advent-overaccept=23 advent-underaccept=8 compiler-timeout=5 reference-disagreement=990 same=14848 tree-difference=3
[15897/100000] reference-disagreement grammarish-member-list len=267 artifacts=32 advent-overaccept=23 advent-underaccept=8 compiler-timeout=5 reference-disagreement=991 same=14867 tree-difference=3
[15908/100000] reference-disagreement wide:trailing-closure:raw:phase4-decl:op-infix len=27 artifacts=32 advent-overaccept=23 advent-underaccept=8 compiler-timeout=5 reference-disagreement=992 same=14877 tree-difference=3
[15918/100000] advent-overaccept wide:closure:newline+swap:declaration:testCoroutineAccessors#1 len=93 artifacts=33 advent-overaccept=24 advent-underaccept=8 compiler-timeout=5 reference-disagreement=992 same=14886 tree-difference=3
[15935/100000] reference-disagreement wide:after-statement:keyword:translated:testModuleSelectorCorrectCode#2+translated:testModuleSelectorAttrs#1 len=142 artifacts=33 advent-overaccept=24 advent-underaccept=8 compiler-timeout=5 reference-disagreement=993 same=14902 tree-difference=3
[15942/100000] reference-disagreement wide:closure:newline:real:ParserDiagnosticMessages:339+translated:testCompositionTypeExpr#11 len=697 artifacts=33 advent-overaccept=24 advent-underaccept=8 compiler-timeout=5 reference-disagreement=994 same=14908 tree-difference=3
[15958/100000] reference-disagreement attribute-ifconfig-elseif-list len=123 artifacts=33 advent-overaccept=24 advent-underaccept=8 compiler-timeout=5 reference-disagreement=995 same=14923 tree-difference=3
[15964/100000] reference-disagreement statement-list len=551 artifacts=33 advent-overaccept=24 advent-underaccept=8 compiler-timeout=5 reference-disagreement=996 same=14928 tree-difference=3
[15985/100000] reference-disagreement tspl-divergence-protocol-body len=171 artifacts=33 advent-overaccept=24 advent-underaccept=8 compiler-timeout=5 reference-disagreement=997 same=14948 tree-difference=3
[15988/100000] reference-disagreement declaration-modifier-stack len=34 artifacts=33 advent-overaccept=24 advent-underaccept=8 compiler-timeout=5 reference-disagreement=998 same=14950 tree-difference=3
[16000/100000] same wide:struct-member:newline+swap:translated:testUnknownPlatform5#1 len=101 artifacts=33 advent-overaccept=24 advent-underaccept=8 compiler-timeout=5 reference-disagreement=998 same=14962 tree-difference=3
[16008/100000] reference-disagreement wide:func-body:raw:real:Parser:438 len=179 artifacts=33 advent-overaccept=24 advent-underaccept=8 compiler-timeout=5 reference-disagreement=999 same=14969 tree-difference=3
[16017/100000] reference-disagreement wide:closure:line-comment:real:EditorPlaceholder:69 len=75 artifacts=33 advent-overaccept=24 advent-underaccept=8 compiler-timeout=5 reference-disagreement=1000 same=14977 tree-difference=3
[16029/100000] reference-disagreement wide:struct-member:block-comment+line-comment:real:DeclarationMacro:36 len=200 artifacts=33 advent-overaccept=24 advent-underaccept=8 compiler-timeout=5 reference-disagreement=1001 same=14988 tree-difference=3
[16032/100000] reference-disagreement grammarish-member-list len=348 artifacts=33 advent-overaccept=24 advent-underaccept=8 compiler-timeout=5 reference-disagreement=1002 same=14990 tree-difference=3
[16037/100000] reference-disagreement wide:closure:newline:real:ResultBuilders:241 len=158 artifacts=33 advent-overaccept=24 advent-underaccept=8 compiler-timeout=5 reference-disagreement=1003 same=14994 tree-difference=3
[16073/100000] reference-disagreement keypath-component-matrix len=50 artifacts=33 advent-overaccept=24 advent-underaccept=8 compiler-timeout=5 reference-disagreement=1004 same=15029 tree-difference=3
[16075/100000] reference-disagreement wide:func-body:line-comment+space:real:SyntaxTraits:730 len=84 artifacts=33 advent-overaccept=24 advent-underaccept=8 compiler-timeout=5 reference-disagreement=1005 same=15030 tree-difference=3
[16084/100000] reference-disagreement wide:func-body:raw:translated:testDeprecatedWhere4#1 len=445 artifacts=33 advent-overaccept=24 advent-underaccept=8 compiler-timeout=5 reference-disagreement=1006 same=15038 tree-difference=3
[16088/100000] reference-disagreement wide:closure:space:real:MacroExpansion:41+translated:testErrors30#1 len=642 artifacts=33 advent-overaccept=24 advent-underaccept=8 compiler-timeout=5 reference-disagreement=1007 same=15041 tree-difference=3
[16090/100000] reference-disagreement tspl-divergence-protocol-body len=126 artifacts=33 advent-overaccept=24 advent-underaccept=8 compiler-timeout=5 reference-disagreement=1008 same=15042 tree-difference=3
[16103/100000] reference-disagreement nested-ifconfig-boundary len=113 artifacts=33 advent-overaccept=24 advent-underaccept=8 compiler-timeout=5 reference-disagreement=1009 same=15054 tree-difference=3
[16108/100000] reference-disagreement member-list-wide-boundary len=244 artifacts=33 advent-overaccept=24 advent-underaccept=8 compiler-timeout=5 reference-disagreement=1010 same=15058 tree-difference=3
[16113/100000] reference-disagreement wide:func-body:line-comment:real:SyntaxNodeWithBody:212 len=82 artifacts=33 advent-overaccept=24 advent-underaccept=8 compiler-timeout=5 reference-disagreement=1011 same=15062 tree-difference=3
[16122/100000] reference-disagreement grammarish-member-list len=299 artifacts=33 advent-overaccept=24 advent-underaccept=8 compiler-timeout=5 reference-disagreement=1012 same=15070 tree-difference=3
[16125/100000] reference-disagreement tspl-divergence-protocol-body len=160 artifacts=33 advent-overaccept=24 advent-underaccept=8 compiler-timeout=5 reference-disagreement=1013 same=15072 tree-difference=3
[16147/100000] reference-disagreement wide:trailing-closure:raw:real:WarningControlRegionBuilder:146 len=506 artifacts=33 advent-overaccept=24 advent-underaccept=8 compiler-timeout=5 reference-disagreement=1014 same=15093 tree-difference=3
[16192/100000] reference-disagreement tspl-divergence-protocol-body len=230 artifacts=33 advent-overaccept=24 advent-underaccept=8 compiler-timeout=5 reference-disagreement=1015 same=15137 tree-difference=3
[16211/100000] reference-disagreement wide:trailing-closure:glue+newline:real:Statements:387 len=454 artifacts=33 advent-overaccept=24 advent-underaccept=8 compiler-timeout=5 reference-disagreement=1016 same=15155 tree-difference=3
[16250/100000] same wide:trailing-closure:block-comment:reject:testDollarIdentifier3b#1+reject:testRegexParseError7#1 len=35 artifacts=33 advent-overaccept=24 advent-underaccept=8 compiler-timeout=5 reference-disagreement=1016 same=15194 tree-difference=3
[16270/100000] reference-disagreement wide:trailing-closure:newline:real:StaticBuildConfiguration:427 len=235 artifacts=33 advent-overaccept=24 advent-underaccept=8 compiler-timeout=5 reference-disagreement=1017 same=15213 tree-difference=3
[16272/100000] reference-disagreement wide:closure:line-comment:real:SyntaxTraits:492 len=424 artifacts=33 advent-overaccept=24 advent-underaccept=8 compiler-timeout=5 reference-disagreement=1018 same=15214 tree-difference=3
[16308/100000] reference-disagreement tspl-divergence-accessor-commitment len=78 artifacts=33 advent-overaccept=24 advent-underaccept=8 compiler-timeout=5 reference-disagreement=1019 same=15249 tree-difference=3
[16313/100000] reference-disagreement wide:struct-member:glue+space:real:MissingNodeInitializers:101+phase4-closure:capture-named len=258 artifacts=33 advent-overaccept=24 advent-underaccept=8 compiler-timeout=5 reference-disagreement=1020 same=15253 tree-difference=3
[16356/100000] reference-disagreement attribute-boundary len=32 artifacts=33 advent-overaccept=24 advent-underaccept=8 compiler-timeout=5 reference-disagreement=1021 same=15295 tree-difference=3
[16365/100000] reference-disagreement wide:trailing-closure:line-comment+delete:real:PluginMacroExpansionContext:270 len=557 artifacts=33 advent-overaccept=24 advent-underaccept=8 compiler-timeout=5 reference-disagreement=1022 same=15303 tree-difference=3
[16368/100000] reference-disagreement member-list-wide-boundary len=269 artifacts=33 advent-overaccept=24 advent-underaccept=8 compiler-timeout=5 reference-disagreement=1023 same=15305 tree-difference=3
[16377/100000] reference-disagreement wide:top:raw:statement:testSwitch#2 len=37 artifacts=33 advent-overaccept=24 advent-underaccept=8 compiler-timeout=5 reference-disagreement=1024 same=15313 tree-difference=3
[16385/100000] reference-disagreement wide:after-statement:delete+space+glue:reject:testRecovery30#1+translated:testEscapedIdentifiers6#1 len=32 artifacts=33 advent-overaccept=24 advent-underaccept=8 compiler-timeout=5 reference-disagreement=1025 same=15320 tree-difference=3
[16394/100000] reference-disagreement statement-list len=610 artifacts=33 advent-overaccept=24 advent-underaccept=8 compiler-timeout=5 reference-disagreement=1026 same=15328 tree-difference=3
[16410/100000] reference-disagreement wide:closure:space+splice+newline:real:LibraryPluginProvider:162 len=269 artifacts=33 advent-overaccept=24 advent-underaccept=8 compiler-timeout=5 reference-disagreement=1027 same=15343 tree-difference=3
[16426/100000] reference-disagreement attribute-ifconfig-elseif-list len=126 artifacts=33 advent-overaccept=24 advent-underaccept=8 compiler-timeout=5 reference-disagreement=1028 same=15358 tree-difference=3
[16453/100000] reference-disagreement wide:struct-member:block-comment:declaration:testAttributedMacroExpansionDeclaration#9+real:Expressions:1853 len=711 artifacts=33 advent-overaccept=24 advent-underaccept=8 compiler-timeout=5 reference-disagreement=1029 same=15384 tree-difference=3
[16495/100000] reference-disagreement wide:closure:raw:translated:testSwitch35#1+real:ScopeImplementations:91 len=1191 artifacts=33 advent-overaccept=24 advent-underaccept=8 compiler-timeout=5 reference-disagreement=1030 same=15425 tree-difference=3
[16500/100000] same wide:before-statement:block-comment:real:Trivia:139 len=347 artifacts=33 advent-overaccept=24 advent-underaccept=8 compiler-timeout=5 reference-disagreement=1030 same=15430 tree-difference=3
[16503/100000] reference-disagreement wide:trailing-closure:keyword+block-comment:translated:testAsyncSyntax5#1 len=134 artifacts=33 advent-overaccept=24 advent-underaccept=8 compiler-timeout=5 reference-disagreement=1031 same=15432 tree-difference=3
[16511/100000] reference-disagreement tspl-divergence-accessor-commitment len=78 artifacts=33 advent-overaccept=24 advent-underaccept=8 compiler-timeout=5 reference-disagreement=1032 same=15439 tree-difference=3
[16543/100000] reference-disagreement wide:before-statement:raw:translated:testDeprecatedWhere11#1+translated:testModuleSelectorWhitespace#4 len=276 artifacts=33 advent-overaccept=24 advent-underaccept=8 compiler-timeout=5 reference-disagreement=1033 same=15470 tree-difference=3
[16560/100000] reference-disagreement wide:func-body:glue:real:ResultBuilders:163 len=146 artifacts=33 advent-overaccept=24 advent-underaccept=8 compiler-timeout=5 reference-disagreement=1034 same=15486 tree-difference=3
[16562/100000] reference-disagreement member-list-wide-boundary len=148 artifacts=33 advent-overaccept=24 advent-underaccept=8 compiler-timeout=5 reference-disagreement=1035 same=15487 tree-difference=3
[16567/100000] reference-disagreement attribute-ifconfig-elseif-list len=133 artifacts=33 advent-overaccept=24 advent-underaccept=8 compiler-timeout=5 reference-disagreement=1036 same=15491 tree-difference=3
[16576/100000] reference-disagreement attribute-ifconfig-elseif-list len=125 artifacts=33 advent-overaccept=24 advent-underaccept=8 compiler-timeout=5 reference-disagreement=1037 same=15499 tree-difference=3
[16595/100000] reference-disagreement wide:extension-member:newline+keyword+splice:phase3-branch:if-var+real:Statements:123 len=817 artifacts=33 advent-overaccept=24 advent-underaccept=8 compiler-timeout=5 reference-disagreement=1038 same=15517 tree-difference=3
[16603/100000] reference-disagreement member-list-wide-boundary len=141 artifacts=33 advent-overaccept=24 advent-underaccept=8 compiler-timeout=5 reference-disagreement=1039 same=15524 tree-difference=3
[16616/100000] reference-disagreement tspl-divergence-accessor-commitment len=49 artifacts=33 advent-overaccept=24 advent-underaccept=8 compiler-timeout=5 reference-disagreement=1040 same=15536 tree-difference=3
[16619/100000] reference-disagreement wide:trailing-closure:line-comment+glue+space:translated:testOperators3#1 len=107 artifacts=33 advent-overaccept=24 advent-underaccept=8 compiler-timeout=5 reference-disagreement=1041 same=15538 tree-difference=3
[16648/100000] reference-disagreement tspl-divergence-protocol-body len=162 artifacts=33 advent-overaccept=24 advent-underaccept=8 compiler-timeout=5 reference-disagreement=1042 same=15566 tree-difference=3
[16660/100000] reference-disagreement member-list-wide-boundary len=487 artifacts=33 advent-overaccept=24 advent-underaccept=8 compiler-timeout=5 reference-disagreement=1043 same=15577 tree-difference=3
[16662/100000] reference-disagreement member-list-wide-boundary len=333 artifacts=33 advent-overaccept=24 advent-underaccept=8 compiler-timeout=5 reference-disagreement=1044 same=15578 tree-difference=3
[16667/100000] reference-disagreement wide:interpolation:block-comment:expression:testClosureParameterWithAttribute#2 len=39 artifacts=33 advent-overaccept=24 advent-underaccept=8 compiler-timeout=5 reference-disagreement=1045 same=15582 tree-difference=3
[16674/100000] reference-disagreement tspl-divergence-protocol-body len=100 artifacts=33 advent-overaccept=24 advent-underaccept=8 compiler-timeout=5 reference-disagreement=1046 same=15588 tree-difference=3
[16750/100000] same frontier:interpolation-delimiter len=374 artifacts=33 advent-overaccept=24 advent-underaccept=8 compiler-timeout=5 reference-disagreement=1046 same=15664 tree-difference=3
[16758/100000] reference-disagreement attribute-ifconfig-elseif-list len=155 artifacts=33 advent-overaccept=24 advent-underaccept=8 compiler-timeout=5 reference-disagreement=1047 same=15671 tree-difference=3
[16781/100000] reference-disagreement binding-pattern len=458 artifacts=33 advent-overaccept=24 advent-underaccept=8 compiler-timeout=5 reference-disagreement=1048 same=15693 tree-difference=3
[16811/100000] reference-disagreement tspl-divergence-protocol-body len=145 artifacts=33 advent-overaccept=24 advent-underaccept=8 compiler-timeout=5 reference-disagreement=1049 same=15722 tree-difference=3
[16836/100000] reference-disagreement wide:trailing-closure:newline:real:ConfiguredRegions:131 len=237 artifacts=33 advent-overaccept=24 advent-underaccept=8 compiler-timeout=5 reference-disagreement=1050 same=15746 tree-difference=3
[16854/100000] reference-disagreement keypath-boundary len=38 artifacts=33 advent-overaccept=24 advent-underaccept=8 compiler-timeout=5 reference-disagreement=1051 same=15763 tree-difference=3
[16872/100000] reference-disagreement wide:extension-member:block-comment+glue+space:translated:testEscapedIdentifiers10#1+real:MacroReplacement:78 len=436 artifacts=33 advent-overaccept=24 advent-underaccept=8 compiler-timeout=5 reference-disagreement=1052 same=15780 tree-difference=3
[16891/100000] reference-disagreement tspl-divergence-protocol-body len=180 artifacts=33 advent-overaccept=24 advent-underaccept=8 compiler-timeout=5 reference-disagreement=1053 same=15798 tree-difference=3
[16932/100000] reference-disagreement wide:func-body:line-comment:translated:testOperators12#1+real:LayoutNodes+Parsable:22 len=206 artifacts=33 advent-overaccept=24 advent-underaccept=8 compiler-timeout=5 reference-disagreement=1054 same=15838 tree-difference=3
[16938/100000] reference-disagreement wide:ifconfig:line-comment+duplicate:statement:testYield#1+reject:testMissingSemiInIfConfigOfDecls#1 len=132 artifacts=33 advent-overaccept=24 advent-underaccept=8 compiler-timeout=5 reference-disagreement=1055 same=15843 tree-difference=3
[16946/100000] reference-disagreement attribute-ifconfig-elseif-list len=136 artifacts=33 advent-overaccept=24 advent-underaccept=8 compiler-timeout=5 reference-disagreement=1056 same=15850 tree-difference=3
[16972/100000] reference-disagreement tspl-divergence-protocol-body len=90 artifacts=33 advent-overaccept=24 advent-underaccept=8 compiler-timeout=5 reference-disagreement=1057 same=15875 tree-difference=3
[16998/100000] reference-disagreement wide:func-body:splice+newline+delete:real:SyntaxTraits:120 len=671 artifacts=33 advent-overaccept=24 advent-underaccept=8 compiler-timeout=5 reference-disagreement=1058 same=15900 tree-difference=3
[17000/100000] same keypath-component-matrix len=30 artifacts=33 advent-overaccept=24 advent-underaccept=8 compiler-timeout=5 reference-disagreement=1058 same=15902 tree-difference=3
[17012/100000] reference-disagreement keypath-boundary len=38 artifacts=33 advent-overaccept=24 advent-underaccept=8 compiler-timeout=5 reference-disagreement=1059 same=15913 tree-difference=3
[17023/100000] reference-disagreement wide:struct-member:raw:real:ChildNameForDiagnostics:385+declaration:testClassParsing#3 len=247 artifacts=33 advent-overaccept=24 advent-underaccept=8 compiler-timeout=5 reference-disagreement=1060 same=15923 tree-difference=3
[17028/100000] reference-disagreement wide:struct-member:block-comment+space+keyword:real:ManifestEditError:28 len=886 artifacts=33 advent-overaccept=24 advent-underaccept=8 compiler-timeout=5 reference-disagreement=1061 same=15927 tree-difference=3
[17031/100000] reference-disagreement wide:closure:newline+keyword:declaration:testParseSpecializeAttribute#3 len=164 artifacts=33 advent-overaccept=24 advent-underaccept=8 compiler-timeout=5 reference-disagreement=1062 same=15929 tree-difference=3
[17038/100000] reference-disagreement wide:closure:raw:real:ResultBuilders:154 len=196 artifacts=33 advent-overaccept=24 advent-underaccept=8 compiler-timeout=5 reference-disagreement=1063 same=15935 tree-difference=3
[17042/100000] reference-disagreement wide:extension-member:raw:translated:testMatchingPatterns1#1 len=40 artifacts=33 advent-overaccept=24 advent-underaccept=8 compiler-timeout=5 reference-disagreement=1064 same=15938 tree-difference=3
[17056/100000] reference-disagreement wide:before-statement:keyword:reject:testChainedOptionalUnwrapsWithDot#1 len=27 artifacts=33 advent-overaccept=24 advent-underaccept=8 compiler-timeout=5 reference-disagreement=1065 same=15951 tree-difference=3
[17062/100000] reference-disagreement func-body len=458 artifacts=33 advent-overaccept=24 advent-underaccept=8 compiler-timeout=5 reference-disagreement=1066 same=15956 tree-difference=3
[17082/100000] reference-disagreement wide:extension-member:newline+splice:attribute:testObjcImplementationAttribute#1 len=127 artifacts=33 advent-overaccept=24 advent-underaccept=8 compiler-timeout=5 reference-disagreement=1067 same=15975 tree-difference=3
[17111/100000] reference-disagreement tspl-divergence-protocol-body len=133 artifacts=33 advent-overaccept=24 advent-underaccept=8 compiler-timeout=5 reference-disagreement=1068 same=16003 tree-difference=3
[17119/100000] reference-disagreement statement-list len=557 artifacts=33 advent-overaccept=24 advent-underaccept=8 compiler-timeout=5 reference-disagreement=1069 same=16010 tree-difference=3
[17121/100000] reference-disagreement wide:closure:raw:real:Syntax+StringInterpolation:253 len=264 artifacts=33 advent-overaccept=24 advent-underaccept=8 compiler-timeout=5 reference-disagreement=1070 same=16011 tree-difference=3
[17140/100000] reference-disagreement tspl-divergence-accessor-commitment len=78 artifacts=33 advent-overaccept=24 advent-underaccept=8 compiler-timeout=5 reference-disagreement=1071 same=16029 tree-difference=3
[17149/100000] reference-disagreement wide:closure:raw:real:ExpandEditorPlaceholder:474+translated:testMatchingPatterns22#1 len=771 artifacts=33 advent-overaccept=24 advent-underaccept=8 compiler-timeout=5 reference-disagreement=1072 same=16037 tree-difference=3
[17168/100000] reference-disagreement attribute-boundary len=43 artifacts=33 advent-overaccept=24 advent-underaccept=8 compiler-timeout=5 reference-disagreement=1073 same=16055 tree-difference=3
[17171/100000] reference-disagreement tspl-divergence-accessor-commitment len=78 artifacts=33 advent-overaccept=24 advent-underaccept=8 compiler-timeout=5 reference-disagreement=1074 same=16057 tree-difference=3
[17184/100000] reference-disagreement wide:extension-member:block-comment:real:SyntaxUtils:35 len=327 artifacts=33 advent-overaccept=24 advent-underaccept=8 compiler-timeout=5 reference-disagreement=1075 same=16069 tree-difference=3
[17189/100000] reference-disagreement wide:closure:raw:translated:testAvailabilityQuery17#1+real:FixItApplier:146 len=488 artifacts=33 advent-overaccept=24 advent-underaccept=8 compiler-timeout=5 reference-disagreement=1076 same=16073 tree-difference=3
[17200/100000] reference-disagreement wide:trailing-closure:raw:real:Syntax+StringInterpolation:530 len=62 artifacts=33 advent-overaccept=24 advent-underaccept=8 compiler-timeout=5 reference-disagreement=1077 same=16083 tree-difference=3
[17207/100000] reference-disagreement wide:trailing-closure:newline:real:BasicDiagnosticDecorator:13 len=169 artifacts=33 advent-overaccept=24 advent-underaccept=8 compiler-timeout=5 reference-disagreement=1078 same=16089 tree-difference=3
[17250/100000] same macro-attribute-directive-boundary len=97 artifacts=33 advent-overaccept=24 advent-underaccept=8 compiler-timeout=5 reference-disagreement=1078 same=16132 tree-difference=3
[17253/100000] reference-disagreement binding-pattern len=458 artifacts=33 advent-overaccept=24 advent-underaccept=8 compiler-timeout=5 reference-disagreement=1079 same=16134 tree-difference=3
[17300/100000] reference-disagreement declaration-modifier-stack len=34 artifacts=33 advent-overaccept=24 advent-underaccept=8 compiler-timeout=5 reference-disagreement=1080 same=16180 tree-difference=3
[17312/100000] reference-disagreement wide:struct-member:raw:real:IsLexerClassified:139+translated:testOperators24#1 len=574 artifacts=33 advent-overaccept=24 advent-underaccept=8 compiler-timeout=5 reference-disagreement=1081 same=16191 tree-difference=3
[17313/100000] reference-disagreement wide:func-body:glue+block-comment+splice:real:SyntaxExpressibleByStringInterpolationConformances:151 len=66 artifacts=33 advent-overaccept=24 advent-underaccept=8 compiler-timeout=5 reference-disagreement=1082 same=16191 tree-difference=3
[17315/100000] reference-disagreement wide:extension-member:glue+newline:translated:testInitDeinit22#1 len=160 artifacts=33 advent-overaccept=24 advent-underaccept=8 compiler-timeout=5 reference-disagreement=1083 same=16192 tree-difference=3
[17321/100000] reference-disagreement wide:closure:raw:translated:testEffectfulProperties10#1 len=339 artifacts=33 advent-overaccept=24 advent-underaccept=8 compiler-timeout=5 reference-disagreement=1084 same=16197 tree-difference=3
[17355/100000] reference-disagreement wide:closure:space+space+glue:real:IfConfigEvaluation:520 len=776 artifacts=33 advent-overaccept=24 advent-underaccept=8 compiler-timeout=5 reference-disagreement=1085 same=16230 tree-difference=3
[17361/100000] reference-disagreement wide:closure:keyword:translated:testGuardTopLevel3#1+real:SyntaxExpressibleByStringInterpolationConformances:181 len=190 artifacts=33 advent-overaccept=24 advent-underaccept=8 compiler-timeout=5 reference-disagreement=1086 same=16235 tree-difference=3
[17383/100000] reference-disagreement statement-list len=516 artifacts=33 advent-overaccept=24 advent-underaccept=8 compiler-timeout=5 reference-disagreement=1087 same=16256 tree-difference=3
[17411/100000] reference-disagreement wide:trailing-closure:raw:real:MacroExpansionDiagnosticMessages:81 len=272 artifacts=33 advent-overaccept=24 advent-underaccept=8 compiler-timeout=5 reference-disagreement=1088 same=16283 tree-difference=3
[17442/100000] reference-disagreement wide:closure:raw:real:RawSyntax:958 len=363 artifacts=33 advent-overaccept=24 advent-underaccept=8 compiler-timeout=5 reference-disagreement=1089 same=16313 tree-difference=3
[17455/100000] reference-disagreement wide:extension-member:duplicate:real:BodyMacro:21 len=1196 artifacts=33 advent-overaccept=24 advent-underaccept=8 compiler-timeout=5 reference-disagreement=1090 same=16325 tree-difference=3
[17458/100000] reference-disagreement tspl-divergence-protocol-body len=168 artifacts=33 advent-overaccept=24 advent-underaccept=8 compiler-timeout=5 reference-disagreement=1091 same=16327 tree-difference=3
[17477/100000] reference-disagreement tspl-divergence-protocol-body len=188 artifacts=33 advent-overaccept=24 advent-underaccept=8 compiler-timeout=5 reference-disagreement=1092 same=16345 tree-difference=3
[17500/100000] same member-list-boundary len=292 artifacts=33 advent-overaccept=24 advent-underaccept=8 compiler-timeout=5 reference-disagreement=1092 same=16368 tree-difference=3
[17520/100000] reference-disagreement wide:closure:newline+keyword+keyword:real:PackageDependency:132+translated:testIfconfigExpr30#1 len=670 artifacts=33 advent-overaccept=24 advent-underaccept=8 compiler-timeout=5 reference-disagreement=1093 same=16387 tree-difference=3
[17533/100000] advent-underaccept wide:func-body:swap:reject:testForwardSlashRegex143#1 len=53 artifacts=34 advent-overaccept=24 advent-underaccept=9 compiler-timeout=5 reference-disagreement=1093 same=16399 tree-difference=3
[17536/100000] reference-disagreement tspl-divergence-protocol-body len=216 artifacts=34 advent-overaccept=24 advent-underaccept=9 compiler-timeout=5 reference-disagreement=1094 same=16401 tree-difference=3
[17537/100000] reference-disagreement wide:func-body:raw:real:SyntaxTraits:824+translated:testUnknownPlatform1#1 len=109 artifacts=34 advent-overaccept=24 advent-underaccept=9 compiler-timeout=5 reference-disagreement=1095 same=16401 tree-difference=3
[17572/100000] reference-disagreement binding-pattern len=458 artifacts=34 advent-overaccept=24 advent-underaccept=9 compiler-timeout=5 reference-disagreement=1096 same=16435 tree-difference=3
[17580/100000] reference-disagreement wide:func-body:space:expression:testBorrowExpression#4 len=45 artifacts=34 advent-overaccept=24 advent-underaccept=9 compiler-timeout=5 reference-disagreement=1097 same=16442 tree-difference=3
[17591/100000] reference-disagreement wide:extension-member:newline+space:real:SyntaxProtocol+Formatted:19 len=268 artifacts=34 advent-overaccept=24 advent-underaccept=9 compiler-timeout=5 reference-disagreement=1098 same=16452 tree-difference=3
[17608/100000] reference-disagreement grammarish-member-list len=284 artifacts=34 advent-overaccept=24 advent-underaccept=9 compiler-timeout=5 reference-disagreement=1099 same=16468 tree-difference=3
[17625/100000] reference-disagreement tspl-divergence-accessor-commitment len=78 artifacts=34 advent-overaccept=24 advent-underaccept=9 compiler-timeout=5 reference-disagreement=1100 same=16484 tree-difference=3
[17637/100000] reference-disagreement wide:closure:raw:real:Lookahead:104 len=119 artifacts=34 advent-overaccept=24 advent-underaccept=9 compiler-timeout=5 reference-disagreement=1101 same=16495 tree-difference=3
[17667/100000] reference-disagreement wide:top:delete+keyword+space:phase3-modifier:static-let len=27 artifacts=34 advent-overaccept=24 advent-underaccept=9 compiler-timeout=5 reference-disagreement=1102 same=16524 tree-difference=3
[17668/100000] reference-disagreement keypath-boundary len=44 artifacts=34 advent-overaccept=24 advent-underaccept=9 compiler-timeout=5 reference-disagreement=1103 same=16524 tree-difference=3
[17679/100000] reference-disagreement tspl-divergence-protocol-body len=258 artifacts=34 advent-overaccept=24 advent-underaccept=9 compiler-timeout=5 reference-disagreement=1104 same=16534 tree-difference=3
[17700/100000] reference-disagreement attribute-boundary len=43 artifacts=34 advent-overaccept=24 advent-underaccept=9 compiler-timeout=5 reference-disagreement=1105 same=16554 tree-difference=3
[17746/100000] reference-disagreement attribute-ifconfig-elseif-list len=112 artifacts=34 advent-overaccept=24 advent-underaccept=9 compiler-timeout=5 reference-disagreement=1106 same=16599 tree-difference=3
[17750/100000] same wide:extension-member:splice+glue:real:ResultBuilders:706 len=201 artifacts=34 advent-overaccept=24 advent-underaccept=9 compiler-timeout=5 reference-disagreement=1106 same=16603 tree-difference=3
[17757/100000] advent-overaccept wide:closure:block-comment+newline:translated:testModuleSelectorCorrectCode#11+real:BasicMacroExpansionContext:118 len=1073 artifacts=35 advent-overaccept=25 advent-underaccept=9 compiler-timeout=5 reference-disagreement=1106 same=16609 tree-difference=3
[17768/100000] reference-disagreement wide:struct-member:keyword:real:DeclSyntaxParseable:60 len=51 artifacts=35 advent-overaccept=25 advent-underaccept=9 compiler-timeout=5 reference-disagreement=1107 same=16619 tree-difference=3
[17782/100000] reference-disagreement wide:func-body:raw:real:SyntaxExpressibleByStringInterpolationConformances:250 len=88 artifacts=35 advent-overaccept=25 advent-underaccept=9 compiler-timeout=5 reference-disagreement=1108 same=16632 tree-difference=3
[17794/100000] reference-disagreement member-list-wide-boundary len=488 artifacts=35 advent-overaccept=25 advent-underaccept=9 compiler-timeout=5 reference-disagreement=1109 same=16643 tree-difference=3
[17800/100000] reference-disagreement statement-list len=660 artifacts=35 advent-overaccept=25 advent-underaccept=9 compiler-timeout=5 reference-disagreement=1110 same=16648 tree-difference=3
[17826/100000] reference-disagreement wide:trailing-closure:raw:real:ConvenienceInitializers:187 len=77 artifacts=35 advent-overaccept=25 advent-underaccept=9 compiler-timeout=5 reference-disagreement=1111 same=16673 tree-difference=3
[17844/100000] reference-disagreement member-list-wide-boundary len=256 artifacts=35 advent-overaccept=25 advent-underaccept=9 compiler-timeout=5 reference-disagreement=1112 same=16690 tree-difference=3
[17854/100000] reference-disagreement seed-corpus-wrapped:preconcurrency-import len=76 artifacts=35 advent-overaccept=25 advent-underaccept=9 compiler-timeout=5 reference-disagreement=1113 same=16699 tree-difference=3
[17862/100000] reference-disagreement tspl-divergence-protocol-body len=153 artifacts=35 advent-overaccept=25 advent-underaccept=9 compiler-timeout=5 reference-disagreement=1114 same=16706 tree-difference=3
[17866/100000] reference-disagreement wide:after-statement:line-comment+glue:declaration:testInitializerWithReturnType#2 len=44 artifacts=35 advent-overaccept=25 advent-underaccept=9 compiler-timeout=5 reference-disagreement=1115 same=16709 tree-difference=3
[17871/100000] reference-disagreement wide:ifconfig:keyword+block-comment+line-comment:real:StaticBuildConfiguration:427 len=252 artifacts=35 advent-overaccept=25 advent-underaccept=9 compiler-timeout=5 reference-disagreement=1116 same=16713 tree-difference=3
[17904/100000] reference-disagreement wide:before-statement:newline+space:declaration:testModifiedParameter#1+real:Syntax+StringInterpolation:291 len=102 artifacts=35 advent-overaccept=25 advent-underaccept=9 compiler-timeout=5 reference-disagreement=1117 same=16745 tree-difference=3
[17907/100000] reference-disagreement attribute-ifconfig-elseif-list len=112 artifacts=35 advent-overaccept=25 advent-underaccept=9 compiler-timeout=5 reference-disagreement=1118 same=16747 tree-difference=3
[17914/100000] reference-disagreement wide:closure:newline+line-comment+space:real:Syntax+StringInterpolation:469 len=94 artifacts=35 advent-overaccept=25 advent-underaccept=9 compiler-timeout=5 reference-disagreement=1119 same=16753 tree-difference=3
[17931/100000] reference-disagreement binding-pattern len=458 artifacts=35 advent-overaccept=25 advent-underaccept=9 compiler-timeout=5 reference-disagreement=1120 same=16769 tree-difference=3
[17939/100000] reference-disagreement wide:struct-member:raw:translated:testMatchingPatterns29#1 len=221 artifacts=35 advent-overaccept=25 advent-underaccept=9 compiler-timeout=5 reference-disagreement=1121 same=16776 tree-difference=3
[17942/100000] reference-disagreement attribute-ifconfig-elseif-list len=111 artifacts=35 advent-overaccept=25 advent-underaccept=9 compiler-timeout=5 reference-disagreement=1122 same=16778 tree-difference=3
[17954/100000] reference-disagreement tspl-divergence-protocol-body len=167 artifacts=35 advent-overaccept=25 advent-underaccept=9 compiler-timeout=5 reference-disagreement=1123 same=16789 tree-difference=3
[17969/100000] reference-disagreement wide:extension-member:raw:real:Attributes:362 len=909 artifacts=35 advent-overaccept=25 advent-underaccept=9 compiler-timeout=5 reference-disagreement=1124 same=16803 tree-difference=3
[17978/100000] reference-disagreement wide:extension-member:raw:real:SyntaxProtocol:35 len=127 artifacts=35 advent-overaccept=25 advent-underaccept=9 compiler-timeout=5 reference-disagreement=1125 same=16811 tree-difference=3
[17982/100000] reference-disagreement keypath-boundary len=40 artifacts=35 advent-overaccept=25 advent-underaccept=9 compiler-timeout=5 reference-disagreement=1126 same=16814 tree-difference=3
[17986/100000] reference-disagreement wide:func-body:raw:real:ConvenienceInitializers:111 len=668 artifacts=35 advent-overaccept=25 advent-underaccept=9 compiler-timeout=5 reference-disagreement=1127 same=16817 tree-difference=3
[18000/100000] reference-disagreement tspl-divergence-protocol-body len=89 artifacts=35 advent-overaccept=25 advent-underaccept=9 compiler-timeout=5 reference-disagreement=1128 same=16830 tree-difference=3
[18039/100000] reference-disagreement wide:ifconfig:splice:real:SyntaxHashable:18 len=252 artifacts=35 advent-overaccept=25 advent-underaccept=9 compiler-timeout=5 reference-disagreement=1129 same=16868 tree-difference=3
[18040/100000] reference-disagreement tspl-divergence-protocol-body len=262 artifacts=35 advent-overaccept=25 advent-underaccept=9 compiler-timeout=5 reference-disagreement=1130 same=16868 tree-difference=3
[18044/100000] reference-disagreement wide:trailing-closure:glue:real:SyntaxUtils:273 len=376 artifacts=35 advent-overaccept=25 advent-underaccept=9 compiler-timeout=5 reference-disagreement=1131 same=16871 tree-difference=3
[18074/100000] reference-disagreement member-list-wide-boundary len=326 artifacts=35 advent-overaccept=25 advent-underaccept=9 compiler-timeout=5 reference-disagreement=1132 same=16900 tree-difference=3
[18086/100000] reference-disagreement tspl-divergence-accessor-commitment len=78 artifacts=35 advent-overaccept=25 advent-underaccept=9 compiler-timeout=5 reference-disagreement=1133 same=16911 tree-difference=3
[18101/100000] reference-disagreement keypath-component-matrix len=38 artifacts=35 advent-overaccept=25 advent-underaccept=9 compiler-timeout=5 reference-disagreement=1134 same=16925 tree-difference=3
[18168/100000] reference-disagreement grammarish-member-list len=110 artifacts=35 advent-overaccept=25 advent-underaccept=9 compiler-timeout=5 reference-disagreement=1135 same=16991 tree-difference=3
[18180/100000] reference-disagreement wide:ifconfig:raw:real:ConvenienceInitializers:23+translated:testInvalid39#1 len=455 artifacts=35 advent-overaccept=25 advent-underaccept=9 compiler-timeout=5 reference-disagreement=1136 same=17002 tree-difference=3
[18188/100000] reference-disagreement wide:extension-member:line-comment:real:BuildableNodes:319 len=871 artifacts=35 advent-overaccept=25 advent-underaccept=9 compiler-timeout=5 reference-disagreement=1137 same=17009 tree-difference=3
[18203/100000] reference-disagreement wide:struct-member:newline+newline:declaration:testPrecedenceGroup#1 len=143 artifacts=35 advent-overaccept=25 advent-underaccept=9 compiler-timeout=5 reference-disagreement=1138 same=17023 tree-difference=3
[18212/100000] reference-disagreement wide:func-body:block-comment+space:real:SyntaxTraits:820 len=134 artifacts=35 advent-overaccept=25 advent-underaccept=9 compiler-timeout=5 reference-disagreement=1139 same=17031 tree-difference=3
[18242/100000] reference-disagreement wide:before-statement:line-comment:translated:testModuleSelectorAttrs#1+real:IdentifiableSyntax:40 len=204 artifacts=35 advent-overaccept=25 advent-underaccept=9 compiler-timeout=5 reference-disagreement=1140 same=17060 tree-difference=3
[18248/100000] advent-underaccept wide:after-statement:glue+space+splice:real:ValidatingSyntaxNodes:23 len=679 artifacts=36 advent-overaccept=25 advent-underaccept=10 compiler-timeout=5 reference-disagreement=1140 same=17065 tree-difference=3
[18250/100000] reference-disagreement wide:ifconfig:raw:translated:testInitDeinit16#1 len=68 artifacts=36 advent-overaccept=25 advent-underaccept=10 compiler-timeout=5 reference-disagreement=1141 same=17066 tree-difference=3
[18252/100000] reference-disagreement wide:extension-member:glue:real:SyntaxTraits:471 len=707 artifacts=36 advent-overaccept=25 advent-underaccept=10 compiler-timeout=5 reference-disagreement=1142 same=17067 tree-difference=3
[18276/100000] reference-disagreement grammarish-member-list len=125 artifacts=36 advent-overaccept=25 advent-underaccept=10 compiler-timeout=5 reference-disagreement=1143 same=17090 tree-difference=3
[18286/100000] reference-disagreement wide:trailing-closure:line-comment:real:ExpressionInterpretedAsVersionTuple:19 len=1186 artifacts=36 advent-overaccept=25 advent-underaccept=10 compiler-timeout=5 reference-disagreement=1144 same=17099 tree-difference=3
[18346/100000] reference-disagreement declaration-modifier-stack len=34 artifacts=36 advent-overaccept=25 advent-underaccept=10 compiler-timeout=5 reference-disagreement=1145 same=17158 tree-difference=3
[18348/100000] reference-disagreement seed-corpus-wrapped:operator-question-assignment len=110 artifacts=36 advent-overaccept=25 advent-underaccept=10 compiler-timeout=5 reference-disagreement=1146 same=17159 tree-difference=3
[18379/100000] reference-disagreement tspl-divergence-accessor-commitment len=78 artifacts=36 advent-overaccept=25 advent-underaccept=10 compiler-timeout=5 reference-disagreement=1147 same=17189 tree-difference=3
[18394/100000] reference-disagreement tspl-divergence-protocol-body len=216 artifacts=36 advent-overaccept=25 advent-underaccept=10 compiler-timeout=5 reference-disagreement=1148 same=17203 tree-difference=3
[18426/100000] reference-disagreement cast-try-operator-cluster len=24 artifacts=36 advent-overaccept=25 advent-underaccept=10 compiler-timeout=5 reference-disagreement=1149 same=17234 tree-difference=3
[18435/100000] reference-disagreement wide:trailing-closure:raw:real:SyntaxTraits:778 len=81 artifacts=36 advent-overaccept=25 advent-underaccept=10 compiler-timeout=5 reference-disagreement=1150 same=17242 tree-difference=3
[18438/100000] reference-disagreement wide:closure:raw:translated:testIfConfigExpr33#1 len=51 artifacts=36 advent-overaccept=25 advent-underaccept=10 compiler-timeout=5 reference-disagreement=1151 same=17244 tree-difference=3
[18460/100000] reference-disagreement wide:extension-member:raw:real:RegexLiteralLexer:371 len=517 artifacts=36 advent-overaccept=25 advent-underaccept=10 compiler-timeout=5 reference-disagreement=1152 same=17265 tree-difference=3
[18464/100000] reference-disagreement wide:struct-member:glue:real:String+TrimmingTrailingWhitespace:13+real:BodyMacro:51 len=518 artifacts=36 advent-overaccept=25 advent-underaccept=10 compiler-timeout=5 reference-disagreement=1153 same=17268 tree-difference=3
[18465/100000] reference-disagreement tspl-divergence-protocol-body len=255 artifacts=36 advent-overaccept=25 advent-underaccept=10 compiler-timeout=5 reference-disagreement=1154 same=17268 tree-difference=3
[18477/100000] reference-disagreement grammarish-member-list len=332 artifacts=36 advent-overaccept=25 advent-underaccept=10 compiler-timeout=5 reference-disagreement=1155 same=17279 tree-difference=3
[18498/100000] reference-disagreement wide:func-body:line-comment+newline:real:BuildableNodes:1588+translated:testModuleSelectorCorrectCode#8 len=1107 artifacts=36 advent-overaccept=25 advent-underaccept=10 compiler-timeout=5 reference-disagreement=1156 same=17299 tree-difference=3
[18500/100000] same wide:struct-member:block-comment:declaration:testAttributedMacroExpansionDeclaration#7 len=63 artifacts=36 advent-overaccept=25 advent-underaccept=10 compiler-timeout=5 reference-disagreement=1156 same=17301 tree-difference=3
[18501/100000] reference-disagreement wide:struct-member:newline:real:LayoutNodes+Parsable:207 len=185 artifacts=36 advent-overaccept=25 advent-underaccept=10 compiler-timeout=5 reference-disagreement=1157 same=17301 tree-difference=3
[18508/100000] reference-disagreement tspl-divergence-accessor-commitment len=78 artifacts=36 advent-overaccept=25 advent-underaccept=10 compiler-timeout=5 reference-disagreement=1158 same=17307 tree-difference=3
[18545/100000] reference-disagreement tspl-divergence-protocol-body len=217 artifacts=36 advent-overaccept=25 advent-underaccept=10 compiler-timeout=5 reference-disagreement=1159 same=17343 tree-difference=3
[18560/100000] reference-disagreement wide:trailing-closure:glue:phase4-loop:do-plain+real:RawSyntax:17 len=257 artifacts=36 advent-overaccept=25 advent-underaccept=10 compiler-timeout=5 reference-disagreement=1160 same=17357 tree-difference=3
[18562/100000] reference-disagreement wide:func-body:raw:real:UnicodeScalarExtensions:273+real:Parameters:35 len=509 artifacts=36 advent-overaccept=25 advent-underaccept=10 compiler-timeout=5 reference-disagreement=1161 same=17358 tree-difference=3
[18613/100000] reference-disagreement wide:closure:duplicate:real:CallLikeSyntax:20 len=368 artifacts=36 advent-overaccept=25 advent-underaccept=10 compiler-timeout=5 reference-disagreement=1162 same=17408 tree-difference=3
[18645/100000] reference-disagreement tspl-divergence-protocol-body len=215 artifacts=36 advent-overaccept=25 advent-underaccept=10 compiler-timeout=5 reference-disagreement=1163 same=17439 tree-difference=3
[18657/100000] reference-disagreement wide:top:line-comment+block-comment:translated:testAvailabilityQueryUnavailability18#1 len=115 artifacts=36 advent-overaccept=25 advent-underaccept=10 compiler-timeout=5 reference-disagreement=1164 same=17450 tree-difference=3
[18682/100000] reference-disagreement attribute-ifconfig-elseif-list len=118 artifacts=36 advent-overaccept=25 advent-underaccept=10 compiler-timeout=5 reference-disagreement=1165 same=17474 tree-difference=3
[18696/100000] reference-disagreement wide:interpolation:keyword:expression:testKeypathExpressionWithSugaredRoot#5 len=21 artifacts=36 advent-overaccept=25 advent-underaccept=10 compiler-timeout=5 reference-disagreement=1166 same=17487 tree-difference=3
[18699/100000] reference-disagreement wide:ifconfig:raw:translated:testDiagnoseAvailability4#1 len=94 artifacts=36 advent-overaccept=25 advent-underaccept=10 compiler-timeout=5 reference-disagreement=1167 same=17489 tree-difference=3
[18710/100000] reference-disagreement statement-list len=458 artifacts=36 advent-overaccept=25 advent-underaccept=10 compiler-timeout=5 reference-disagreement=1168 same=17499 tree-difference=3
[18719/100000] advent-underaccept wide:before-statement:block-comment+block-comment:phase4-macro:inout-member len=48 artifacts=37 advent-overaccept=25 advent-underaccept=11 compiler-timeout=5 reference-disagreement=1168 same=17507 tree-difference=3
[18723/100000] reference-disagreement wide:top:glue+space:attribute:testIsolatedTypeAttribute#2 len=37 artifacts=37 advent-overaccept=25 advent-underaccept=11 compiler-timeout=5 reference-disagreement=1169 same=17510 tree-difference=3
[18750/100000] same wide:extension-member:raw:attribute:testRethrowsAttribute#1 len=43 artifacts=37 advent-overaccept=25 advent-underaccept=11 compiler-timeout=5 reference-disagreement=1169 same=17537 tree-difference=3
[18758/100000] reference-disagreement wide:func-body:raw:real:SyntaxTraits:738 len=90 artifacts=37 advent-overaccept=25 advent-underaccept=11 compiler-timeout=5 reference-disagreement=1170 same=17544 tree-difference=3
[18795/100000] reference-disagreement wide:trailing-closure:raw:real:LocationMarkers:22 len=201 artifacts=37 advent-overaccept=25 advent-underaccept=11 compiler-timeout=5 reference-disagreement=1171 same=17580 tree-difference=3
[18812/100000] advent-underaccept wide:trailing-closure:delete+swap:translated:testForeach2#3 len=133 artifacts=38 advent-overaccept=25 advent-underaccept=12 compiler-timeout=5 reference-disagreement=1171 same=17596 tree-difference=3
[18820/100000] reference-disagreement tspl-divergence-protocol-body len=171 artifacts=38 advent-overaccept=25 advent-underaccept=12 compiler-timeout=5 reference-disagreement=1172 same=17603 tree-difference=3
[18848/100000] reference-disagreement grammarish-member-list len=391 artifacts=38 advent-overaccept=25 advent-underaccept=12 compiler-timeout=5 reference-disagreement=1173 same=17630 tree-difference=3
[18896/100000] reference-disagreement keypath-component-matrix len=41 artifacts=38 advent-overaccept=25 advent-underaccept=12 compiler-timeout=5 reference-disagreement=1174 same=17677 tree-difference=3
[18900/100000] reference-disagreement tspl-divergence-protocol-body len=142 artifacts=38 advent-overaccept=25 advent-underaccept=12 compiler-timeout=5 reference-disagreement=1175 same=17680 tree-difference=3
[18901/100000] reference-disagreement wide:trailing-closure:raw:real:ExpandEditorPlaceholder:389 len=622 artifacts=38 advent-overaccept=25 advent-underaccept=12 compiler-timeout=5 reference-disagreement=1176 same=17680 tree-difference=3
[18914/100000] reference-disagreement wide:trailing-closure:keyword:real:SyntaxTraits:750 len=124 artifacts=38 advent-overaccept=25 advent-underaccept=12 compiler-timeout=5 reference-disagreement=1177 same=17692 tree-difference=3
[18920/100000] reference-disagreement wide:func-body:splice+glue+space:translated:testForwardSlashRegexSkipping46#1+real:MissingNodeInitializers:42 len=164 artifacts=38 advent-overaccept=25 advent-underaccept=12 compiler-timeout=5 reference-disagreement=1178 same=17697 tree-difference=3
[18929/100000] reference-disagreement tspl-divergence-protocol-body len=212 artifacts=38 advent-overaccept=25 advent-underaccept=12 compiler-timeout=5 reference-disagreement=1179 same=17705 tree-difference=3
[18934/100000] reference-disagreement wide:extension-member:newline:real:SyntaxNodeWithBody:210 len=75 artifacts=38 advent-overaccept=25 advent-underaccept=12 compiler-timeout=5 reference-disagreement=1180 same=17709 tree-difference=3
[18944/100000] reference-disagreement wide:closure:block-comment:real:MacroExpansion:27 len=282 artifacts=38 advent-overaccept=25 advent-underaccept=12 compiler-timeout=5 reference-disagreement=1181 same=17718 tree-difference=3
[18976/100000] reference-disagreement wide:closure:newline:translated:testSwitch20#1 len=59 artifacts=38 advent-overaccept=25 advent-underaccept=12 compiler-timeout=5 reference-disagreement=1182 same=17749 tree-difference=3
[18978/100000] reference-disagreement wide:closure:raw:translated:testSelfRebinding9#1+real:FormatRawStringLiteral:72 len=603 artifacts=38 advent-overaccept=25 advent-underaccept=12 compiler-timeout=5 reference-disagreement=1183 same=17750 tree-difference=3
[18985/100000] reference-disagreement member-list-wide-boundary len=291 artifacts=38 advent-overaccept=25 advent-underaccept=12 compiler-timeout=5 reference-disagreement=1184 same=17756 tree-difference=3
[19000/100000] same wide:trailing-closure:raw:translated:testSwitch24#1+reject:testLowercaseSelf#1 len=57 artifacts=38 advent-overaccept=25 advent-underaccept=12 compiler-timeout=5 reference-disagreement=1184 same=17771 tree-difference=3
[19006/100000] reference-disagreement wide:trailing-closure:raw:real:Parameters:36 len=74 artifacts=38 advent-overaccept=25 advent-underaccept=12 compiler-timeout=5 reference-disagreement=1185 same=17776 tree-difference=3
[19007/100000] reference-disagreement grammarish-member-list len=288 artifacts=38 advent-overaccept=25 advent-underaccept=12 compiler-timeout=5 reference-disagreement=1186 same=17776 tree-difference=3
[19012/100000] reference-disagreement wide:extension-member:line-comment+block-comment:translated:testModuleSelectorIncorrectAttrNames#2+real:Convenience:13 len=1114 artifacts=38 advent-overaccept=25 advent-underaccept=12 compiler-timeout=5 reference-disagreement=1187 same=17780 tree-difference=3
[19016/100000] reference-disagreement wide:closure:block-comment+line-comment+line-comment:real:BuildableNodes:1154 len=910 artifacts=38 advent-overaccept=25 advent-underaccept=12 compiler-timeout=5 reference-disagreement=1188 same=17783 tree-difference=3
[19017/100000] reference-disagreement statement-list len=684 artifacts=38 advent-overaccept=25 advent-underaccept=12 compiler-timeout=5 reference-disagreement=1189 same=17783 tree-difference=3
[19021/100000] reference-disagreement member-list-wide-boundary len=222 artifacts=38 advent-overaccept=25 advent-underaccept=12 compiler-timeout=5 reference-disagreement=1190 same=17786 tree-difference=3
[19025/100000] reference-disagreement wide:closure:newline+glue:real:IsValidIdentifier:41+real:SyntaxComparison:24 len=1143 artifacts=38 advent-overaccept=25 advent-underaccept=12 compiler-timeout=5 reference-disagreement=1191 same=17789 tree-difference=3
[19033/100000] reference-disagreement wide:trailing-closure:newline:real:ResultBuilders:163 len=137 artifacts=38 advent-overaccept=25 advent-underaccept=12 compiler-timeout=5 reference-disagreement=1192 same=17796 tree-difference=3
[19053/100000] reference-disagreement wide:before-statement:raw:translated:testInvalid37#1+statement:testYield#2 len=534 artifacts=38 advent-overaccept=25 advent-underaccept=12 compiler-timeout=5 reference-disagreement=1193 same=17815 tree-difference=3
[19057/100000] reference-disagreement member-list-wide-boundary len=297 artifacts=38 advent-overaccept=25 advent-underaccept=12 compiler-timeout=5 reference-disagreement=1194 same=17818 tree-difference=3
[19080/100000] reference-disagreement wide:extension-member:raw:real:OperatorTable+Semantics:74 len=413 artifacts=38 advent-overaccept=25 advent-underaccept=12 compiler-timeout=5 reference-disagreement=1195 same=17840 tree-difference=3
[19081/100000] reference-disagreement wide:trailing-closure:line-comment:real:RegexLiteralLexer:371 len=513 artifacts=38 advent-overaccept=25 advent-underaccept=12 compiler-timeout=5 reference-disagreement=1196 same=17840 tree-difference=3
[19106/100000] reference-disagreement wide:extension-member:splice:real:SyntaxEditUtils:444 len=322 artifacts=38 advent-overaccept=25 advent-underaccept=12 compiler-timeout=5 reference-disagreement=1197 same=17864 tree-difference=3
[19107/100000] reference-disagreement wide:trailing-closure:block-comment:real:SyntaxLiteralUtils:15 len=131 artifacts=38 advent-overaccept=25 advent-underaccept=12 compiler-timeout=5 reference-disagreement=1198 same=17864 tree-difference=3
[19140/100000] reference-disagreement member-list-wide-boundary len=414 artifacts=38 advent-overaccept=25 advent-underaccept=12 compiler-timeout=5 reference-disagreement=1199 same=17896 tree-difference=3
[19175/100000] reference-disagreement wide:closure:space+line-comment:real:SyntaxTraits:812 len=77 artifacts=38 advent-overaccept=25 advent-underaccept=12 compiler-timeout=5 reference-disagreement=1200 same=17930 tree-difference=3
[19177/100000] reference-disagreement wide:extension-member:newline:real:ConvenienceInitializers:397 len=799 artifacts=38 advent-overaccept=25 advent-underaccept=12 compiler-timeout=5 reference-disagreement=1201 same=17931 tree-difference=3
[19182/100000] reference-disagreement wide:before-statement:newline:attribute:testABIAttribute#16 len=102 artifacts=38 advent-overaccept=25 advent-underaccept=12 compiler-timeout=5 reference-disagreement=1202 same=17935 tree-difference=3
[19184/100000] reference-disagreement member-list-wide-boundary len=148 artifacts=38 advent-overaccept=25 advent-underaccept=12 compiler-timeout=5 reference-disagreement=1203 same=17936 tree-difference=3
[19200/100000] reference-disagreement wide:extension-member:glue+newline+space:phase4-attr:attr-extension len=39 artifacts=38 advent-overaccept=25 advent-underaccept=12 compiler-timeout=5 reference-disagreement=1204 same=17951 tree-difference=3
[19232/100000] reference-disagreement wide:trailing-closure:raw:real:SyntaxTraits:732 len=78 artifacts=38 advent-overaccept=25 advent-underaccept=12 compiler-timeout=5 reference-disagreement=1205 same=17982 tree-difference=3
[19244/100000] reference-disagreement wide:extension-member:raw:real:ParseDiagnosticsGenerator:59 len=583 artifacts=38 advent-overaccept=25 advent-underaccept=12 compiler-timeout=5 reference-disagreement=1206 same=17993 tree-difference=3
[19250/100000] same frontier:parser-mode-scope len=55 artifacts=38 advent-overaccept=25 advent-underaccept=12 compiler-timeout=5 reference-disagreement=1206 same=17999 tree-difference=3
[19260/100000] reference-disagreement wide:extension-member:space:real:Expressions:1877 len=382 artifacts=38 advent-overaccept=25 advent-underaccept=12 compiler-timeout=5 reference-disagreement=1207 same=18008 tree-difference=3
[19304/100000] reference-disagreement wide:closure:glue+block-comment:translated:testIfConfigExpr33#1 len=56 artifacts=38 advent-overaccept=25 advent-underaccept=12 compiler-timeout=5 reference-disagreement=1208 same=18051 tree-difference=3
[19305/100000] reference-disagreement wide:struct-member:newline:real:Utils:19 len=324 artifacts=38 advent-overaccept=25 advent-underaccept=12 compiler-timeout=5 reference-disagreement=1209 same=18051 tree-difference=3
[19326/100000] reference-disagreement wide:trailing-closure:newline+block-comment+newline:real:MemoryLayout:14 len=844 artifacts=38 advent-overaccept=25 advent-underaccept=12 compiler-timeout=5 reference-disagreement=1210 same=18071 tree-difference=3
[19331/100000] reference-disagreement tspl-divergence-protocol-body len=192 artifacts=38 advent-overaccept=25 advent-underaccept=12 compiler-timeout=5 reference-disagreement=1211 same=18075 tree-difference=3
[19341/100000] reference-disagreement attribute-ifconfig-elseif-list len=104 artifacts=38 advent-overaccept=25 advent-underaccept=12 compiler-timeout=5 reference-disagreement=1212 same=18084 tree-difference=3
[19345/100000] reference-disagreement tspl-divergence-protocol-body len=165 artifacts=38 advent-overaccept=25 advent-underaccept=12 compiler-timeout=5 reference-disagreement=1213 same=18087 tree-difference=3
[19347/100000] reference-disagreement wide:extension-member:newline+newline+glue:real:SyntaxTraits:352 len=695 artifacts=38 advent-overaccept=25 advent-underaccept=12 compiler-timeout=5 reference-disagreement=1214 same=18088 tree-difference=3
[19376/100000] reference-disagreement keypath-component-matrix len=59 artifacts=38 advent-overaccept=25 advent-underaccept=12 compiler-timeout=5 reference-disagreement=1215 same=18116 tree-difference=3
[19378/100000] reference-disagreement attribute-ifconfig-elseif-list len=130 artifacts=38 advent-overaccept=25 advent-underaccept=12 compiler-timeout=5 reference-disagreement=1216 same=18117 tree-difference=3
[19407/100000] reference-disagreement wide:extension-member:line-comment+duplicate+line-comment:real:Trivia:150 len=255 artifacts=38 advent-overaccept=25 advent-underaccept=12 compiler-timeout=5 reference-disagreement=1217 same=18145 tree-difference=3
[19458/100000] reference-disagreement wide:trailing-closure:glue:real:Oracle:770+real:Oracle:54 len=299 artifacts=38 advent-overaccept=25 advent-underaccept=12 compiler-timeout=5 reference-disagreement=1218 same=18195 tree-difference=3
[19472/100000] reference-disagreement keypath-boundary len=38 artifacts=38 advent-overaccept=25 advent-underaccept=12 compiler-timeout=5 reference-disagreement=1219 same=18208 tree-difference=3
[19500/100000] same seed-corpus-raw:try-operator-lookalike len=24 artifacts=38 advent-overaccept=25 advent-underaccept=12 compiler-timeout=5 reference-disagreement=1219 same=18236 tree-difference=3
[19519/100000] reference-disagreement attribute-ifconfig-elseif-list len=132 artifacts=38 advent-overaccept=25 advent-underaccept=12 compiler-timeout=5 reference-disagreement=1220 same=18254 tree-difference=3
[19543/100000] reference-disagreement wide:closure:space+line-comment:statement:testTypedThrows#3 len=58 artifacts=38 advent-overaccept=25 advent-underaccept=12 compiler-timeout=5 reference-disagreement=1221 same=18277 tree-difference=3
[19549/100000] reference-disagreement wide:trailing-closure:raw:real:SyntaxTraits:506 len=446 artifacts=38 advent-overaccept=25 advent-underaccept=12 compiler-timeout=5 reference-disagreement=1222 same=18282 tree-difference=3
[19553/100000] reference-disagreement wide:trailing-closure:newline:real:MacroArgument:149 len=540 artifacts=38 advent-overaccept=25 advent-underaccept=12 compiler-timeout=5 reference-disagreement=1223 same=18285 tree-difference=3
[19578/100000] reference-disagreement keypath-boundary len=40 artifacts=38 advent-overaccept=25 advent-underaccept=12 compiler-timeout=5 reference-disagreement=1224 same=18309 tree-difference=3
[19587/100000] reference-disagreement nested-ifconfig-boundary len=163 artifacts=38 advent-overaccept=25 advent-underaccept=12 compiler-timeout=5 reference-disagreement=1225 same=18317 tree-difference=3
[19590/100000] reference-disagreement ifconfig-member-context-boundary len=71 artifacts=38 advent-overaccept=25 advent-underaccept=12 compiler-timeout=5 reference-disagreement=1226 same=18319 tree-difference=3
[19603/100000] reference-disagreement wide:ifconfig:raw:declaration:testAccessorBlockDisambiguationMarker#1 len=65 artifacts=38 advent-overaccept=25 advent-underaccept=12 compiler-timeout=5 reference-disagreement=1227 same=18331 tree-difference=3
[19604/100000] reference-disagreement wide:func-body:glue:real:SyntaxProtocol+Formatted:19 len=263 artifacts=38 advent-overaccept=25 advent-underaccept=12 compiler-timeout=5 reference-disagreement=1228 same=18331 tree-difference=3
[19632/100000] reference-disagreement wide:func-body:glue+glue+space:real:LayoutNodes+Parsable:151 len=186 artifacts=38 advent-overaccept=25 advent-underaccept=12 compiler-timeout=5 reference-disagreement=1229 same=18358 tree-difference=3
[19634/100000] reference-disagreement wide:before-statement:splice:reject:testForwardSlashRegex142#1 len=27 artifacts=38 advent-overaccept=25 advent-underaccept=12 compiler-timeout=5 reference-disagreement=1230 same=18359 tree-difference=3
[19657/100000] reference-disagreement declaration-modifier-stack len=34 artifacts=38 advent-overaccept=25 advent-underaccept=12 compiler-timeout=5 reference-disagreement=1231 same=18381 tree-difference=3
[19696/100000] reference-disagreement wide:struct-member:raw:translated:testEffectfulProperties9#1+translated:testModuleSelectorAttrs#2 len=247 artifacts=38 advent-overaccept=25 advent-underaccept=12 compiler-timeout=5 reference-disagreement=1232 same=18419 tree-difference=3
[19714/100000] reference-disagreement wide:closure:glue:real:SyntaxHashable:14 len=99 artifacts=38 advent-overaccept=25 advent-underaccept=12 compiler-timeout=5 reference-disagreement=1233 same=18436 tree-difference=3
[19745/100000] reference-disagreement wide:closure:splice:real:SyntaxExpressibleByStringInterpolationConformances:94 len=57 artifacts=38 advent-overaccept=25 advent-underaccept=12 compiler-timeout=5 reference-disagreement=1234 same=18466 tree-difference=3
[19750/100000] same frontier:statement-member-context len=73 artifacts=38 advent-overaccept=25 advent-underaccept=12 compiler-timeout=5 reference-disagreement=1234 same=18471 tree-difference=3
[19770/100000] reference-disagreement wide:extension-member:raw:attribute:testSpiAttributeWithUnderscore#2 len=38 artifacts=38 advent-overaccept=25 advent-underaccept=12 compiler-timeout=5 reference-disagreement=1235 same=18490 tree-difference=3
[19822/100000] reference-disagreement tspl-divergence-protocol-body len=151 artifacts=38 advent-overaccept=25 advent-underaccept=12 compiler-timeout=5 reference-disagreement=1236 same=18541 tree-difference=3
[19826/100000] reference-disagreement wide:struct-member:block-comment+keyword:real:SyntaxProtocol:147 len=754 artifacts=38 advent-overaccept=25 advent-underaccept=12 compiler-timeout=5 reference-disagreement=1237 same=18544 tree-difference=3
[19870/100000] reference-disagreement member-list-wide-boundary len=207 artifacts=38 advent-overaccept=25 advent-underaccept=12 compiler-timeout=5 reference-disagreement=1238 same=18587 tree-difference=3
[19875/100000] reference-disagreement binding-pattern len=458 artifacts=38 advent-overaccept=25 advent-underaccept=12 compiler-timeout=5 reference-disagreement=1239 same=18591 tree-difference=3
[19881/100000] reference-disagreement keypath-component-matrix len=26 artifacts=38 advent-overaccept=25 advent-underaccept=12 compiler-timeout=5 reference-disagreement=1240 same=18596 tree-difference=3
[19889/100000] reference-disagreement cast-try-operator-cluster len=24 artifacts=38 advent-overaccept=25 advent-underaccept=12 compiler-timeout=5 reference-disagreement=1241 same=18603 tree-difference=3
[19890/100000] reference-disagreement wide:closure:newline:reject:testABIAttribute#8 len=124 artifacts=38 advent-overaccept=25 advent-underaccept=12 compiler-timeout=5 reference-disagreement=1242 same=18603 tree-difference=3
[19908/100000] reference-disagreement wide:trailing-closure:raw:real:BuildableNodes:914 len=852 artifacts=38 advent-overaccept=25 advent-underaccept=12 compiler-timeout=5 reference-disagreement=1243 same=18620 tree-difference=3
[19910/100000] reference-disagreement grammarish-member-list len=384 artifacts=38 advent-overaccept=25 advent-underaccept=12 compiler-timeout=5 reference-disagreement=1244 same=18621 tree-difference=3
[19914/100000] reference-disagreement tspl-divergence-accessor-commitment len=78 artifacts=38 advent-overaccept=25 advent-underaccept=12 compiler-timeout=5 reference-disagreement=1245 same=18624 tree-difference=3
[19923/100000] reference-disagreement binding-pattern len=458 artifacts=38 advent-overaccept=25 advent-underaccept=12 compiler-timeout=5 reference-disagreement=1246 same=18632 tree-difference=3
[19964/100000] reference-disagreement keypath-component-matrix len=33 artifacts=38 advent-overaccept=25 advent-underaccept=12 compiler-timeout=5 reference-disagreement=1247 same=18672 tree-difference=3
[19970/100000] reference-disagreement wide:closure:space:real:SyntaxNodeWithBody:185 len=1093 artifacts=38 advent-overaccept=25 advent-underaccept=12 compiler-timeout=5 reference-disagreement=1248 same=18677 tree-difference=3
[19986/100000] reference-disagreement grammarish-member-list len=300 artifacts=38 advent-overaccept=25 advent-underaccept=12 compiler-timeout=5 reference-disagreement=1249 same=18692 tree-difference=3
[19988/100000] reference-disagreement wide:extension-member:block-comment+keyword+glue:translated:testInvalid36#1 len=58 artifacts=38 advent-overaccept=25 advent-underaccept=12 compiler-timeout=5 reference-disagreement=1250 same=18693 tree-difference=3
[19995/100000] reference-disagreement wide:trailing-closure:splice+glue+block-comment:translated:testForwardSlashRegex168#1+real:SyntaxNodeWithBody:213 len=80 artifacts=38 advent-overaccept=25 advent-underaccept=12 compiler-timeout=5 reference-disagreement=1251 same=18699 tree-difference=3
[20000/100000] same wide:func-body:swap:phase4-ifconfig:if-empty len=32 artifacts=38 advent-overaccept=25 advent-underaccept=12 compiler-timeout=5 reference-disagreement=1251 same=18704 tree-difference=3
[20006/100000] reference-disagreement wide:func-body:glue+line-comment:real:ParseSourceFile:145 len=452 artifacts=38 advent-overaccept=25 advent-underaccept=12 compiler-timeout=5 reference-disagreement=1252 same=18709 tree-difference=3
[20012/100000] reference-disagreement wide:trailing-closure:raw:real:BasicMacroExpansionContext:109 len=275 artifacts=38 advent-overaccept=25 advent-underaccept=12 compiler-timeout=5 reference-disagreement=1253 same=18714 tree-difference=3
[20030/100000] reference-disagreement wide:trailing-closure:line-comment:real:Diagnostics:53 len=54 artifacts=38 advent-overaccept=25 advent-underaccept=12 compiler-timeout=5 reference-disagreement=1254 same=18731 tree-difference=3
[20079/100000] reference-disagreement wide:closure:line-comment+newline:translated:testForwardSlashRegex93#1+real:ResultBuilders:215 len=161 artifacts=38 advent-overaccept=25 advent-underaccept=12 compiler-timeout=5 reference-disagreement=1255 same=18779 tree-difference=3
[20109/100000] reference-disagreement member-list-wide-boundary len=217 artifacts=38 advent-overaccept=25 advent-underaccept=12 compiler-timeout=5 reference-disagreement=1256 same=18808 tree-difference=3
[20114/100000] reference-disagreement wide:trailing-closure:raw:translated:testEffectfulProperties10#1 len=326 artifacts=38 advent-overaccept=25 advent-underaccept=12 compiler-timeout=5 reference-disagreement=1257 same=18812 tree-difference=3
[20125/100000] reference-disagreement tspl-divergence-protocol-body len=178 artifacts=38 advent-overaccept=25 advent-underaccept=12 compiler-timeout=5 reference-disagreement=1258 same=18822 tree-difference=3
[20133/100000] reference-disagreement wide:before-statement:raw:translated:testInitDeinit19#1 len=66 artifacts=38 advent-overaccept=25 advent-underaccept=12 compiler-timeout=5 reference-disagreement=1259 same=18829 tree-difference=3
[20162/100000] reference-disagreement wide:func-body:line-comment+delete:real:SyntaxTraits:492 len=417 artifacts=38 advent-overaccept=25 advent-underaccept=12 compiler-timeout=5 reference-disagreement=1260 same=18857 tree-difference=3
[20166/100000] reference-disagreement tspl-divergence-protocol-body len=141 artifacts=38 advent-overaccept=25 advent-underaccept=12 compiler-timeout=5 reference-disagreement=1261 same=18860 tree-difference=3
[20167/100000] reference-disagreement wide:closure:block-comment:real:Syntax+StringInterpolation:286 len=73 artifacts=38 advent-overaccept=25 advent-underaccept=12 compiler-timeout=5 reference-disagreement=1262 same=18860 tree-difference=3
[20196/100000] reference-disagreement wide:trailing-closure:raw:real:SwiftParserCompatibility:22 len=294 artifacts=38 advent-overaccept=25 advent-underaccept=12 compiler-timeout=5 reference-disagreement=1263 same=18888 tree-difference=3
[20198/100000] reference-disagreement wide:trailing-closure:space:real:Diagnostic:97 len=297 artifacts=38 advent-overaccept=25 advent-underaccept=12 compiler-timeout=5 reference-disagreement=1264 same=18889 tree-difference=3
[20212/100000] reference-disagreement wide:func-body:glue:real:Nominals:381 len=365 artifacts=38 advent-overaccept=25 advent-underaccept=12 compiler-timeout=5 reference-disagreement=1265 same=18902 tree-difference=3
[20221/100000] reference-disagreement keypath-component-matrix len=38 artifacts=38 advent-overaccept=25 advent-underaccept=12 compiler-timeout=5 reference-disagreement=1266 same=18910 tree-difference=3
[20236/100000] reference-disagreement wide:ifconfig:raw:translated:testModuleSelectorCorrectCode#3 len=186 artifacts=38 advent-overaccept=25 advent-underaccept=12 compiler-timeout=5 reference-disagreement=1267 same=18924 tree-difference=3
[20250/100000] same wide:ifconfig:swap:translated:testSwitch80#1+phase4-keypath:kp-mark-run-spaced-dot len=148 artifacts=38 advent-overaccept=25 advent-underaccept=12 compiler-timeout=5 reference-disagreement=1267 same=18938 tree-difference=3
[20281/100000] reference-disagreement wide:func-body:raw:real:SyntaxUtils:71 len=134 artifacts=38 advent-overaccept=25 advent-underaccept=12 compiler-timeout=5 reference-disagreement=1268 same=18968 tree-difference=3
[20292/100000] reference-disagreement wide:closure:raw:real:ResultBuilders:254+phase3-function:func-rethrows len=189 artifacts=38 advent-overaccept=25 advent-underaccept=12 compiler-timeout=5 reference-disagreement=1269 same=18978 tree-difference=3
[20293/100000] reference-disagreement wide:func-body:splice:real:SyntaxExpressibleByStringInterpolationConformances:112 len=70 artifacts=38 advent-overaccept=25 advent-underaccept=12 compiler-timeout=5 reference-disagreement=1270 same=18978 tree-difference=3
[20295/100000] reference-disagreement wide:func-body:glue+glue+swap:real:IdentifiableSyntax:16+real:Parser:865 len=317 artifacts=38 advent-overaccept=25 advent-underaccept=12 compiler-timeout=5 reference-disagreement=1271 same=18979 tree-difference=3
[20299/100000] reference-disagreement attribute-boundary len=43 artifacts=38 advent-overaccept=25 advent-underaccept=12 compiler-timeout=5 reference-disagreement=1272 same=18982 tree-difference=3
[20301/100000] reference-disagreement tspl-divergence-protocol-body len=145 artifacts=38 advent-overaccept=25 advent-underaccept=12 compiler-timeout=5 reference-disagreement=1273 same=18983 tree-difference=3
[20304/100000] reference-disagreement wide:trailing-closure:newline:translated:testDeprecatedWhere4#1 len=438 artifacts=38 advent-overaccept=25 advent-underaccept=12 compiler-timeout=5 reference-disagreement=1274 same=18985 tree-difference=3
[20305/100000] reference-disagreement grammarish-member-list len=110 artifacts=38 advent-overaccept=25 advent-underaccept=12 compiler-timeout=5 reference-disagreement=1275 same=18985 tree-difference=3
[20310/100000] reference-disagreement wide:closure:newline+newline:real:ResultBuilders:454 len=203 artifacts=38 advent-overaccept=25 advent-underaccept=12 compiler-timeout=5 reference-disagreement=1276 same=18989 tree-difference=3
[20311/100000] reference-disagreement wide:ifconfig:block-comment:translated:testModuleSelectorAttrs#1 len=100 artifacts=38 advent-overaccept=25 advent-underaccept=12 compiler-timeout=5 reference-disagreement=1277 same=18989 tree-difference=3
[20327/100000] reference-disagreement wide:closure:newline+swap:attribute:testExpose#3 len=50 artifacts=38 advent-overaccept=25 advent-underaccept=12 compiler-timeout=5 reference-disagreement=1278 same=19004 tree-difference=3
[20348/100000] reference-disagreement member-list-wide-boundary len=148 artifacts=38 advent-overaccept=25 advent-underaccept=12 compiler-timeout=5 reference-disagreement=1279 same=19024 tree-difference=3
[20365/100000] reference-disagreement seed-corpus-structural-splice:preconcurrency-import len=79 artifacts=38 advent-overaccept=25 advent-underaccept=12 compiler-timeout=5 reference-disagreement=1280 same=19040 tree-difference=3
[20374/100000] reference-disagreement wide:closure:duplicate:real:LayoutNodes+Parsable:22 len=135 artifacts=38 advent-overaccept=25 advent-underaccept=12 compiler-timeout=5 reference-disagreement=1281 same=19048 tree-difference=3
[20378/100000] reference-disagreement wide:before-statement:raw:declaration:testInitializerWithReturnType#2 len=38 artifacts=38 advent-overaccept=25 advent-underaccept=12 compiler-timeout=5 reference-disagreement=1282 same=19051 tree-difference=3
[20441/100000] reference-disagreement attribute-ifconfig-elseif-list len=126 artifacts=38 advent-overaccept=25 advent-underaccept=12 compiler-timeout=5 reference-disagreement=1283 same=19113 tree-difference=3
[20442/100000] reference-disagreement wide:ifconfig:line-comment+splice:declaration:testModifiedParameter#2 len=63 artifacts=38 advent-overaccept=25 advent-underaccept=12 compiler-timeout=5 reference-disagreement=1284 same=19113 tree-difference=3
[20475/100000] reference-disagreement tspl-divergence-protocol-body len=171 artifacts=38 advent-overaccept=25 advent-underaccept=12 compiler-timeout=5 reference-disagreement=1285 same=19145 tree-difference=3
[20488/100000] reference-disagreement tspl-divergence-protocol-body len=240 artifacts=38 advent-overaccept=25 advent-underaccept=12 compiler-timeout=5 reference-disagreement=1286 same=19157 tree-difference=3
[20490/100000] reference-disagreement wide:extension-member:space+swap:translated:testModuleSelectorIncorrectRuntimeBaseAttr#1 len=81 artifacts=38 advent-overaccept=25 advent-underaccept=12 compiler-timeout=5 reference-disagreement=1287 same=19158 tree-difference=3
[20500/100000] same wide:ifconfig:duplicate:reject:testAvailabilityQuery27#1 len=47 artifacts=38 advent-overaccept=25 advent-underaccept=12 compiler-timeout=5 reference-disagreement=1287 same=19168 tree-difference=3
[20540/100000] reference-disagreement wide:struct-member:raw:real:ResultBuilders:706+phase2-postfix:member-chain len=204 artifacts=38 advent-overaccept=25 advent-underaccept=12 compiler-timeout=5 reference-disagreement=1288 same=19207 tree-difference=3
[20546/100000] reference-disagreement grammarish-member-list len=146 artifacts=38 advent-overaccept=25 advent-underaccept=12 compiler-timeout=5 reference-disagreement=1289 same=19212 tree-difference=3
[20549/100000] reference-disagreement wide:closure:raw:real:SyntaxTraits:120 len=682 artifacts=38 advent-overaccept=25 advent-underaccept=12 compiler-timeout=5 reference-disagreement=1290 same=19214 tree-difference=3
[20586/100000] reference-disagreement attribute-ifconfig-elseif-list len=137 artifacts=38 advent-overaccept=25 advent-underaccept=12 compiler-timeout=5 reference-disagreement=1291 same=19250 tree-difference=3
[20626/100000] reference-disagreement statement-list len=484 artifacts=38 advent-overaccept=25 advent-underaccept=12 compiler-timeout=5 reference-disagreement=1292 same=19289 tree-difference=3
[20636/100000] reference-disagreement wide:after-statement:splice+keyword:translated:testModuleSelectorType#7+reject:testForwardSlashRegex142#1 len=61 artifacts=38 advent-overaccept=25 advent-underaccept=12 compiler-timeout=5 reference-disagreement=1293 same=19298 tree-difference=3
[20661/100000] reference-disagreement attribute-ifconfig-elseif-list len=118 artifacts=38 advent-overaccept=25 advent-underaccept=12 compiler-timeout=5 reference-disagreement=1294 same=19322 tree-difference=3
[20666/100000] reference-disagreement wide:closure:raw:real:PackageDependency:91 len=209 artifacts=38 advent-overaccept=25 advent-underaccept=12 compiler-timeout=5 reference-disagreement=1295 same=19326 tree-difference=3
[20677/100000] reference-disagreement keypath-component-matrix len=34 artifacts=38 advent-overaccept=25 advent-underaccept=12 compiler-timeout=5 reference-disagreement=1296 same=19336 tree-difference=3
[20685/100000] reference-disagreement wide:closure:splice:statement:testDiscard#1 len=31 artifacts=38 advent-overaccept=25 advent-underaccept=12 compiler-timeout=5 reference-disagreement=1297 same=19343 tree-difference=3
[20690/100000] reference-disagreement wide:closure:newline:translated:testOperators2#1 len=118 artifacts=38 advent-overaccept=25 advent-underaccept=12 compiler-timeout=5 reference-disagreement=1298 same=19347 tree-difference=3
[20693/100000] reference-disagreement wide:closure:line-comment+newline:real:SyntaxTraits:535 len=146 artifacts=38 advent-overaccept=25 advent-underaccept=12 compiler-timeout=5 reference-disagreement=1299 same=19349 tree-difference=3
[20718/100000] reference-disagreement wide:trailing-closure:glue:real:SyntaxExpressibleByStringInterpolationConformances:235 len=166 artifacts=38 advent-overaccept=25 advent-underaccept=12 compiler-timeout=5 reference-disagreement=1300 same=19373 tree-difference=3
[20720/100000] advent-overaccept wide:trailing-closure:raw:declaration:testParseDynamicReplacement#4 len=83 artifacts=39 advent-overaccept=26 advent-underaccept=12 compiler-timeout=5 reference-disagreement=1300 same=19374 tree-difference=3
[20732/100000] reference-disagreement member-list-wide-boundary len=262 artifacts=39 advent-overaccept=26 advent-underaccept=12 compiler-timeout=5 reference-disagreement=1301 same=19385 tree-difference=3
[20742/100000] advent-overaccept wide:trailing-closure:raw:phase4-coroutine:op-trailing-comma+real:ResultBuilders:29 len=221 artifacts=40 advent-overaccept=27 advent-underaccept=12 compiler-timeout=5 reference-disagreement=1301 same=19394 tree-difference=3
[20750/100000] same ownership-modifier-boundary len=47 artifacts=40 advent-overaccept=27 advent-underaccept=12 compiler-timeout=5 reference-disagreement=1301 same=19402 tree-difference=3
[20765/100000] reference-disagreement wide:trailing-closure:space:real:SyntaxTraits:698 len=74 artifacts=40 advent-overaccept=27 advent-underaccept=12 compiler-timeout=5 reference-disagreement=1302 same=19416 tree-difference=3
[20776/100000] reference-disagreement keypath-boundary len=38 artifacts=40 advent-overaccept=27 advent-underaccept=12 compiler-timeout=5 reference-disagreement=1303 same=19426 tree-difference=3
[20780/100000] reference-disagreement wide:closure:raw:declaration:testParseDynamicReplacement#4 len=96 artifacts=40 advent-overaccept=27 advent-underaccept=12 compiler-timeout=5 reference-disagreement=1304 same=19429 tree-difference=3
[20781/100000] reference-disagreement member-list-wide-boundary len=294 artifacts=40 advent-overaccept=27 advent-underaccept=12 compiler-timeout=5 reference-disagreement=1305 same=19429 tree-difference=3
[20788/100000] reference-disagreement cast-try-operator-cluster len=24 artifacts=40 advent-overaccept=27 advent-underaccept=12 compiler-timeout=5 reference-disagreement=1306 same=19435 tree-difference=3
[20792/100000] reference-disagreement wide:trailing-closure:newline:real:SyntaxCollections:990 len=496 artifacts=40 advent-overaccept=27 advent-underaccept=12 compiler-timeout=5 reference-disagreement=1307 same=19438 tree-difference=3
[20799/100000] reference-disagreement wide:func-body:glue+glue+glue:translated:testTry34#1+real:SyntaxBaseNodes:441 len=927 artifacts=40 advent-overaccept=27 advent-underaccept=12 compiler-timeout=5 reference-disagreement=1308 same=19444 tree-difference=3
[20807/100000] reference-disagreement attribute-ifconfig-elseif-list len=115 artifacts=40 advent-overaccept=27 advent-underaccept=12 compiler-timeout=5 reference-disagreement=1309 same=19451 tree-difference=3
[20808/100000] reference-disagreement wide:after-statement:newline+space+newline:translated:testSwitch21#1 len=58 artifacts=40 advent-overaccept=27 advent-underaccept=12 compiler-timeout=5 reference-disagreement=1310 same=19451 tree-difference=3
[20815/100000] reference-disagreement attribute-ifconfig-elseif-list len=112 artifacts=40 advent-overaccept=27 advent-underaccept=12 compiler-timeout=5 reference-disagreement=1311 same=19457 tree-difference=3
[20837/100000] reference-disagreement wide:trailing-closure:glue+newline:translated:testOperators13#1 len=49 artifacts=40 advent-overaccept=27 advent-underaccept=12 compiler-timeout=5 reference-disagreement=1312 same=19478 tree-difference=3
[20838/100000] reference-disagreement wide:struct-member:space+duplicate:real:Syntax+StringInterpolation:291 len=65 artifacts=40 advent-overaccept=27 advent-underaccept=12 compiler-timeout=5 reference-disagreement=1313 same=19478 tree-difference=3
[20849/100000] reference-disagreement wide:closure:duplicate+space:real:SyntaxTraits:370 len=394 artifacts=40 advent-overaccept=27 advent-underaccept=12 compiler-timeout=5 reference-disagreement=1314 same=19488 tree-difference=3
[20856/100000] reference-disagreement statement-list len=584 artifacts=40 advent-overaccept=27 advent-underaccept=12 compiler-timeout=5 reference-disagreement=1315 same=19494 tree-difference=3
[20865/100000] reference-disagreement tspl-divergence-protocol-body len=90 artifacts=40 advent-overaccept=27 advent-underaccept=12 compiler-timeout=5 reference-disagreement=1316 same=19502 tree-difference=3
[20890/100000] reference-disagreement wide:trailing-closure:line-comment+block-comment+newline:real:StandardIOMessageConnection:183 len=553 artifacts=40 advent-overaccept=27 advent-underaccept=12 compiler-timeout=5 reference-disagreement=1317 same=19526 tree-difference=3
[20892/100000] reference-disagreement attribute-ifconfig-elseif-list len=122 artifacts=40 advent-overaccept=27 advent-underaccept=12 compiler-timeout=5 reference-disagreement=1318 same=19527 tree-difference=3
[20916/100000] reference-disagreement tspl-divergence-protocol-body len=293 artifacts=40 advent-overaccept=27 advent-underaccept=12 compiler-timeout=5 reference-disagreement=1319 same=19550 tree-difference=3
[20983/100000] reference-disagreement wide:ifconfig:newline:reject:testRecovery28#1+expression:testCollectionLiterals#8 len=98 artifacts=40 advent-overaccept=27 advent-underaccept=12 compiler-timeout=5 reference-disagreement=1320 same=19616 tree-difference=3
[20986/100000] reference-disagreement wide:trailing-closure:raw:real:ResultBuilders:515 len=573 artifacts=40 advent-overaccept=27 advent-underaccept=12 compiler-timeout=5 reference-disagreement=1321 same=19618 tree-difference=3
[21000/100000] same frontier:generic-member-type-shape len=274 artifacts=40 advent-overaccept=27 advent-underaccept=12 compiler-timeout=5 reference-disagreement=1321 same=19632 tree-difference=3
[21005/100000] reference-disagreement grammarish-member-list len=181 artifacts=40 advent-overaccept=27 advent-underaccept=12 compiler-timeout=5 reference-disagreement=1322 same=19636 tree-difference=3
[21014/100000] reference-disagreement wide:struct-member:raw:real:Lookahead:85 len=682 artifacts=40 advent-overaccept=27 advent-underaccept=12 compiler-timeout=5 reference-disagreement=1323 same=19644 tree-difference=3
[21018/100000] reference-disagreement member-list-wide-boundary len=257 artifacts=40 advent-overaccept=27 advent-underaccept=12 compiler-timeout=5 reference-disagreement=1324 same=19647 tree-difference=3
[21060/100000] reference-disagreement wide:closure:newline+space:real:Trivia:203 len=258 artifacts=40 advent-overaccept=27 advent-underaccept=12 compiler-timeout=5 reference-disagreement=1325 same=19688 tree-difference=3
[21061/100000] reference-disagreement wide:closure:glue+block-comment+space:real:SyntaxTraits:680+translated:testCompositionTypeExpr#12 len=97 artifacts=40 advent-overaccept=27 advent-underaccept=12 compiler-timeout=5 reference-disagreement=1326 same=19688 tree-difference=3
[21115/100000] reference-disagreement binding-pattern len=458 artifacts=40 advent-overaccept=27 advent-underaccept=12 compiler-timeout=5 reference-disagreement=1327 same=19741 tree-difference=3
[21128/100000] reference-disagreement wide:extension-member:keyword+keyword:real:SyntaxExpressibleByStringInterpolationConformances:145 len=136 artifacts=40 advent-overaccept=27 advent-underaccept=12 compiler-timeout=5 reference-disagreement=1328 same=19753 tree-difference=3
[21159/100000] reference-disagreement cast-try-operator-cluster len=24 artifacts=40 advent-overaccept=27 advent-underaccept=12 compiler-timeout=5 reference-disagreement=1329 same=19783 tree-difference=3
[21160/100000] reference-disagreement wide:trailing-closure:raw:real:SyntaxExpressibleByStringInterpolationConformances:208+translated:testAvailabilityQuery31#1 len=208 artifacts=40 advent-overaccept=27 advent-underaccept=12 compiler-timeout=5 reference-disagreement=1330 same=19783 tree-difference=3
[21162/100000] reference-disagreement statement-list len=615 artifacts=40 advent-overaccept=27 advent-underaccept=12 compiler-timeout=5 reference-disagreement=1331 same=19784 tree-difference=3
[21166/100000] reference-disagreement wide:closure:block-comment:declaration:testBorrowingConsumingParameterSpecifiers#19+phase4-decl:op-postfix len=96 artifacts=40 advent-overaccept=27 advent-underaccept=12 compiler-timeout=5 reference-disagreement=1332 same=19787 tree-difference=3
[21177/100000] reference-disagreement wide:extension-member:line-comment+glue:real:SyntaxExpressibleByStringInterpolationConformances:97+real:PresenceUtils:51 len=368 artifacts=40 advent-overaccept=27 advent-underaccept=12 compiler-timeout=5 reference-disagreement=1333 same=19797 tree-difference=3
[21212/100000] reference-disagreement cast-try-operator-cluster len=24 artifacts=40 advent-overaccept=27 advent-underaccept=12 compiler-timeout=5 reference-disagreement=1334 same=19831 tree-difference=3
[21214/100000] reference-disagreement attribute-ifconfig-elseif-list len=117 artifacts=40 advent-overaccept=27 advent-underaccept=12 compiler-timeout=5 reference-disagreement=1335 same=19832 tree-difference=3
[21219/100000] reference-disagreement wide:before-statement:newline+newline+space:translated:testMultilineString46#1 len=208 artifacts=40 advent-overaccept=27 advent-underaccept=12 compiler-timeout=5 reference-disagreement=1336 same=19836 tree-difference=3
[21232/100000] reference-disagreement binding-pattern len=458 artifacts=40 advent-overaccept=27 advent-underaccept=12 compiler-timeout=5 reference-disagreement=1337 same=19848 tree-difference=3
[21250/100000] same frontier:statement-member-context len=93 artifacts=40 advent-overaccept=27 advent-underaccept=12 compiler-timeout=5 reference-disagreement=1337 same=19866 tree-difference=3
[21273/100000] reference-disagreement keypath-boundary len=36 artifacts=40 advent-overaccept=27 advent-underaccept=12 compiler-timeout=5 reference-disagreement=1338 same=19888 tree-difference=3
[21283/100000] reference-disagreement wide:func-body:block-comment+glue:real:PrecedenceGroup:134 len=247 artifacts=40 advent-overaccept=27 advent-underaccept=12 compiler-timeout=5 reference-disagreement=1339 same=19897 tree-difference=3
[21296/100000] reference-disagreement wide:ifconfig:swap+line-comment:expression:testBorrowExpression#8 len=33 artifacts=40 advent-overaccept=27 advent-underaccept=12 compiler-timeout=5 reference-disagreement=1340 same=19909 tree-difference=3
[21312/100000] reference-disagreement wide:before-statement:raw:translated:testSwitch43#1 len=82 artifacts=40 advent-overaccept=27 advent-underaccept=12 compiler-timeout=5 reference-disagreement=1341 same=19924 tree-difference=3
[21315/100000] reference-disagreement seed-corpus-mutated:member-list-ifconfig-semicolon len=167 artifacts=40 advent-overaccept=27 advent-underaccept=12 compiler-timeout=5 reference-disagreement=1342 same=19926 tree-difference=3
[21321/100000] reference-disagreement wide:extension-member:newline:real:BuildableNodes:110+real:ParseDiagnosticsGenerator:76 len=1367 artifacts=40 advent-overaccept=27 advent-underaccept=12 compiler-timeout=5 reference-disagreement=1343 same=19931 tree-difference=3
[21324/100000] reference-disagreement wide:extension-member:block-comment+newline+delete:phase4-available:avail-platform len=53 artifacts=40 advent-overaccept=27 advent-underaccept=12 compiler-timeout=5 reference-disagreement=1344 same=19933 tree-difference=3
[21362/100000] reference-disagreement tspl-divergence-protocol-body len=98 artifacts=40 advent-overaccept=27 advent-underaccept=12 compiler-timeout=5 reference-disagreement=1345 same=19970 tree-difference=3
[21367/100000] reference-disagreement attribute-ifconfig-elseif-list len=144 artifacts=40 advent-overaccept=27 advent-underaccept=12 compiler-timeout=5 reference-disagreement=1346 same=19974 tree-difference=3
[21370/100000] reference-disagreement wide:func-body:raw:real:RenamedChildrenBuilderCompatibility:114 len=1281 artifacts=40 advent-overaccept=27 advent-underaccept=12 compiler-timeout=5 reference-disagreement=1347 same=19976 tree-difference=3
[21382/100000] reference-disagreement wide:trailing-closure:space+newline:real:ResultBuilders:642 len=375 artifacts=40 advent-overaccept=27 advent-underaccept=12 compiler-timeout=5 reference-disagreement=1348 same=19987 tree-difference=3
[21416/100000] reference-disagreement wide:ifconfig:splice+duplicate:translated:testInvalid36#1 len=56 artifacts=40 advent-overaccept=27 advent-underaccept=12 compiler-timeout=5 reference-disagreement=1349 same=20020 tree-difference=3
[21435/100000] reference-disagreement wide:closure:raw:real:IncrementalParseTransition:19 len=776 artifacts=40 advent-overaccept=27 advent-underaccept=12 compiler-timeout=5 reference-disagreement=1350 same=20038 tree-difference=3
[21445/100000] reference-disagreement wide:trailing-closure:space:real:LexerDiagnosticMessages:49 len=290 artifacts=40 advent-overaccept=27 advent-underaccept=12 compiler-timeout=5 reference-disagreement=1351 same=20047 tree-difference=3
[21446/100000] reference-disagreement keypath-boundary len=37 artifacts=40 advent-overaccept=27 advent-underaccept=12 compiler-timeout=5 reference-disagreement=1352 same=20047 tree-difference=3
[21454/100000] reference-disagreement keypath-component-matrix len=41 artifacts=40 advent-overaccept=27 advent-underaccept=12 compiler-timeout=5 reference-disagreement=1353 same=20054 tree-difference=3
[21459/100000] reference-disagreement wide:struct-member:raw:real:PluginMessageCompatibility:14 len=645 artifacts=40 advent-overaccept=27 advent-underaccept=12 compiler-timeout=5 reference-disagreement=1354 same=20058 tree-difference=3
[21472/100000] reference-disagreement wide:extension-member:block-comment+swap+swap:translated:testOperatorDeclDesignatedTypes8#1 len=70 artifacts=40 advent-overaccept=27 advent-underaccept=12 compiler-timeout=5 reference-disagreement=1355 same=20070 tree-difference=3
[21492/100000] reference-disagreement wide:func-body:space:real:SyntaxExpressibleByStringInterpolationConformances:49+translated:testEnum60#1 len=158 artifacts=40 advent-overaccept=27 advent-underaccept=12 compiler-timeout=5 reference-disagreement=1356 same=20089 tree-difference=3
[21497/100000] reference-disagreement wide:func-body:glue+line-comment:real:SyntaxSynthesis:78 len=203 artifacts=40 advent-overaccept=27 advent-underaccept=12 compiler-timeout=5 reference-disagreement=1357 same=20093 tree-difference=3
[21500/100000] same wide:extension-member:newline:translated:testOperatorDeclDesignatedTypes3#1 len=59 artifacts=40 advent-overaccept=27 advent-underaccept=12 compiler-timeout=5 reference-disagreement=1357 same=20096 tree-difference=3
[21501/100000] reference-disagreement attribute-ifconfig-elseif-list len=129 artifacts=40 advent-overaccept=27 advent-underaccept=12 compiler-timeout=5 reference-disagreement=1358 same=20096 tree-difference=3
[21522/100000] reference-disagreement wide:closure:block-comment+block-comment+block-comment:translated:testTry8#1 len=147 artifacts=40 advent-overaccept=27 advent-underaccept=12 compiler-timeout=5 reference-disagreement=1359 same=20116 tree-difference=3
[21526/100000] reference-disagreement attribute-ifconfig-elseif-list len=138 artifacts=40 advent-overaccept=27 advent-underaccept=12 compiler-timeout=5 reference-disagreement=1360 same=20119 tree-difference=3
[21546/100000] reference-disagreement wide:struct-member:raw:real:MissingNodeInitializers:13 len=287 artifacts=40 advent-overaccept=27 advent-underaccept=12 compiler-timeout=5 reference-disagreement=1361 same=20138 tree-difference=3
[21568/100000] reference-disagreement member-list-wide-boundary len=257 artifacts=40 advent-overaccept=27 advent-underaccept=12 compiler-timeout=5 reference-disagreement=1362 same=20159 tree-difference=3
[21605/100000] reference-disagreement wide:trailing-closure:line-comment:real:SyntaxCollections:1884 len=513 artifacts=40 advent-overaccept=27 advent-underaccept=12 compiler-timeout=5 reference-disagreement=1363 same=20195 tree-difference=3
[21614/100000] reference-disagreement wide:struct-member:swap:translated:testForwardSlashRegexSkipping44#1+translated:testInitDeinit22#1 len=182 artifacts=40 advent-overaccept=27 advent-underaccept=12 compiler-timeout=5 reference-disagreement=1364 same=20203 tree-difference=3
[21633/100000] reference-disagreement keypath-component-matrix len=37 artifacts=40 advent-overaccept=27 advent-underaccept=12 compiler-timeout=5 reference-disagreement=1365 same=20221 tree-difference=3
[21637/100000] reference-disagreement attribute-ifconfig-elseif-list len=129 artifacts=40 advent-overaccept=27 advent-underaccept=12 compiler-timeout=5 reference-disagreement=1366 same=20224 tree-difference=3
[21638/100000] reference-disagreement tspl-divergence-protocol-body len=131 artifacts=40 advent-overaccept=27 advent-underaccept=12 compiler-timeout=5 reference-disagreement=1367 same=20224 tree-difference=3
[21673/100000] reference-disagreement wide:extension-member:raw:declaration:testModifiedParameter#1 len=54 artifacts=40 advent-overaccept=27 advent-underaccept=12 compiler-timeout=5 reference-disagreement=1368 same=20258 tree-difference=3
[21675/100000] reference-disagreement wide:struct-member:glue:phase3-modifier:public-ext len=37 artifacts=40 advent-overaccept=27 advent-underaccept=12 compiler-timeout=5 reference-disagreement=1369 same=20259 tree-difference=3
[21683/100000] reference-disagreement attribute-ifconfig-elseif-list len=118 artifacts=40 advent-overaccept=27 advent-underaccept=12 compiler-timeout=5 reference-disagreement=1370 same=20266 tree-difference=3
[21684/100000] reference-disagreement wide:top:raw:fuzz-harvest:requirement-layout len=30 artifacts=40 advent-overaccept=27 advent-underaccept=12 compiler-timeout=5 reference-disagreement=1371 same=20266 tree-difference=3
[21687/100000] advent-underaccept wide:before-statement:raw:translated:testDelayedExtension1#1+translated:testForwardSlashRegexSkipping37#1 len=65 artifacts=41 advent-overaccept=27 advent-underaccept=13 compiler-timeout=5 reference-disagreement=1371 same=20268 tree-difference=3
[21696/100000] reference-disagreement wide:struct-member:line-comment:translated:testPatternWithoutVariables5#1 len=473 artifacts=41 advent-overaccept=27 advent-underaccept=13 compiler-timeout=5 reference-disagreement=1372 same=20276 tree-difference=3
[21725/100000] reference-disagreement wide:extension-member:newline:translated:testSwitch33#1 len=122 artifacts=41 advent-overaccept=27 advent-underaccept=13 compiler-timeout=5 reference-disagreement=1373 same=20304 tree-difference=3
[21733/100000] reference-disagreement wide:func-body:newline:real:SyntaxTraits:120 len=677 artifacts=41 advent-overaccept=27 advent-underaccept=13 compiler-timeout=5 reference-disagreement=1374 same=20311 tree-difference=3
[21750/100000] same wide:struct-member:raw:reject:testAvailabilityQuery6#1 len=75 artifacts=41 advent-overaccept=27 advent-underaccept=13 compiler-timeout=5 reference-disagreement=1374 same=20328 tree-difference=3
[21781/100000] reference-disagreement wide:func-body:raw:translated:testEnumCaseWithWildcardAsFirstName#2 len=45 artifacts=41 advent-overaccept=27 advent-underaccept=13 compiler-timeout=5 reference-disagreement=1375 same=20358 tree-difference=3
[21787/100000] reference-disagreement wide:func-body:newline:real:SyntaxExpressibleByStringInterpolationConformances:241+translated:testPlaygroundLvalues1#1 len=118 artifacts=41 advent-overaccept=27 advent-underaccept=13 compiler-timeout=5 reference-disagreement=1376 same=20363 tree-difference=3
[21796/100000] reference-disagreement wide:closure:glue+swap:real:ParseDiagnosticsGenerator:59 len=586 artifacts=41 advent-overaccept=27 advent-underaccept=13 compiler-timeout=5 reference-disagreement=1377 same=20371 tree-difference=3
[21797/100000] reference-disagreement wide:trailing-closure:splice:real:RefactoringProvider:23 len=190 artifacts=41 advent-overaccept=27 advent-underaccept=13 compiler-timeout=5 reference-disagreement=1378 same=20371 tree-difference=3
[21810/100000] reference-disagreement wide:trailing-closure:newline:real:StringLiterals:758 len=178 artifacts=41 advent-overaccept=27 advent-underaccept=13 compiler-timeout=5 reference-disagreement=1379 same=20383 tree-difference=3
[21834/100000] reference-disagreement attribute-ifconfig-elseif-list len=111 artifacts=41 advent-overaccept=27 advent-underaccept=13 compiler-timeout=5 reference-disagreement=1380 same=20406 tree-difference=3
[21846/100000] reference-disagreement wide:func-body:raw:real:MigrateToNewIfLetSyntax:41 len=1472 artifacts=41 advent-overaccept=27 advent-underaccept=13 compiler-timeout=5 reference-disagreement=1381 same=20417 tree-difference=3
[21872/100000] reference-disagreement wide:func-body:raw:attribute:testABIAttribute#16 len=100 artifacts=41 advent-overaccept=27 advent-underaccept=13 compiler-timeout=5 reference-disagreement=1382 same=20442 tree-difference=3
[21912/100000] reference-disagreement wide:trailing-closure:space+newline+block-comment:translated:testInitDeinit12#1 len=40 artifacts=41 advent-overaccept=27 advent-underaccept=13 compiler-timeout=5 reference-disagreement=1383 same=20481 tree-difference=3
[21921/100000] reference-disagreement tspl-divergence-accessor-commitment len=78 artifacts=41 advent-overaccept=27 advent-underaccept=13 compiler-timeout=5 reference-disagreement=1384 same=20489 tree-difference=3
[21932/100000] reference-disagreement wide:after-statement:raw:translated:testSwitch45#1+real:PackageDependency:85 len=276 artifacts=41 advent-overaccept=27 advent-underaccept=13 compiler-timeout=5 reference-disagreement=1385 same=20499 tree-difference=3
[21935/100000] reference-disagreement wide:trailing-closure:raw:real:EditorPlaceholder:72+translated:testCompositionTypeExpr#3 len=162 artifacts=41 advent-overaccept=27 advent-underaccept=13 compiler-timeout=5 reference-disagreement=1386 same=20501 tree-difference=3
[21939/100000] reference-disagreement grammarish-member-list len=145 artifacts=41 advent-overaccept=27 advent-underaccept=13 compiler-timeout=5 reference-disagreement=1387 same=20504 tree-difference=3
[21954/100000] reference-disagreement wide:trailing-closure:raw:translated:testDebugger2#1 len=50 artifacts=41 advent-overaccept=27 advent-underaccept=13 compiler-timeout=5 reference-disagreement=1388 same=20518 tree-difference=3
[21955/100000] reference-disagreement wide:extension-member:glue+splice+block-comment:real:Trivia:108 len=54 artifacts=41 advent-overaccept=27 advent-underaccept=13 compiler-timeout=5 reference-disagreement=1389 same=20518 tree-difference=3
[21957/100000] reference-disagreement wide:func-body:raw:real:SyntaxNodeWithBody:305 len=859 artifacts=41 advent-overaccept=27 advent-underaccept=13 compiler-timeout=5 reference-disagreement=1390 same=20519 tree-difference=3
[21988/100000] reference-disagreement wide:func-body:splice+space:real:SyntaxTraits:181 len=726 artifacts=41 advent-overaccept=27 advent-underaccept=13 compiler-timeout=5 reference-disagreement=1391 same=20549 tree-difference=3
[22000/100000] same wide:top:raw:translated:testRecovery132#1 len=16 artifacts=41 advent-overaccept=27 advent-underaccept=13 compiler-timeout=5 reference-disagreement=1391 same=20561 tree-difference=3
[22048/100000] reference-disagreement tspl-divergence-protocol-body len=131 artifacts=41 advent-overaccept=27 advent-underaccept=13 compiler-timeout=5 reference-disagreement=1392 same=20608 tree-difference=3
[22059/100000] reference-disagreement keypath-component-matrix len=40 artifacts=41 advent-overaccept=27 advent-underaccept=13 compiler-timeout=5 reference-disagreement=1393 same=20618 tree-difference=3
[22077/100000] reference-disagreement wide:func-body:newline+space:real:LexerDiagnosticMessages:26+translated:testTrailingClosures1#1 len=147 artifacts=41 advent-overaccept=27 advent-underaccept=13 compiler-timeout=5 reference-disagreement=1394 same=20635 tree-difference=3
[22095/100000] reference-disagreement wide:func-body:line-comment:real:PackageDependency:85 len=215 artifacts=41 advent-overaccept=27 advent-underaccept=13 compiler-timeout=5 reference-disagreement=1395 same=20652 tree-difference=3
[22103/100000] reference-disagreement attribute-ifconfig-elseif-list len=119 artifacts=41 advent-overaccept=27 advent-underaccept=13 compiler-timeout=5 reference-disagreement=1396 same=20659 tree-difference=3
[22106/100000] reference-disagreement keypath-component-matrix len=37 artifacts=41 advent-overaccept=27 advent-underaccept=13 compiler-timeout=5 reference-disagreement=1397 same=20661 tree-difference=3
[22108/100000] reference-disagreement wide:func-body:block-comment:translated:testOriginalDefinedInAttr7#1 len=122 artifacts=41 advent-overaccept=27 advent-underaccept=13 compiler-timeout=5 reference-disagreement=1398 same=20662 tree-difference=3
[22116/100000] reference-disagreement wide:struct-member:raw:translated:testParseCanCopyClosureDollarIdentifier#1+real:SyntaxTraits:826 len=184 artifacts=41 advent-overaccept=27 advent-underaccept=13 compiler-timeout=5 reference-disagreement=1399 same=20669 tree-difference=3
[22122/100000] reference-disagreement member-list-wide-boundary len=284 artifacts=41 advent-overaccept=27 advent-underaccept=13 compiler-timeout=5 reference-disagreement=1400 same=20674 tree-difference=3
[22132/100000] reference-disagreement binding-pattern len=458 artifacts=41 advent-overaccept=27 advent-underaccept=13 compiler-timeout=5 reference-disagreement=1401 same=20683 tree-difference=3
[22139/100000] reference-disagreement wide:closure:block-comment:real:DeclSyntaxParseable:57 len=89 artifacts=41 advent-overaccept=27 advent-underaccept=13 compiler-timeout=5 reference-disagreement=1402 same=20689 tree-difference=3
[22154/100000] reference-disagreement wide:extension-member:raw:real:BuildableNodes:848 len=1271 artifacts=41 advent-overaccept=27 advent-underaccept=13 compiler-timeout=5 reference-disagreement=1403 same=20703 tree-difference=3
[22181/100000] reference-disagreement keypath-component-matrix len=34 artifacts=41 advent-overaccept=27 advent-underaccept=13 compiler-timeout=5 reference-disagreement=1404 same=20729 tree-difference=3
[22200/100000] reference-disagreement wide:before-statement:raw:attribute:testTransposeAttribute#1 len=143 artifacts=41 advent-overaccept=27 advent-underaccept=13 compiler-timeout=5 reference-disagreement=1405 same=20747 tree-difference=3
[22213/100000] reference-disagreement wide:closure:line-comment:real:Attributes:362 len=918 artifacts=41 advent-overaccept=27 advent-underaccept=13 compiler-timeout=5 reference-disagreement=1406 same=20759 tree-difference=3
[22250/100000] same wide:extension-member:space+swap+delete:type:testInverseTypes#3 len=39 artifacts=41 advent-overaccept=27 advent-underaccept=13 compiler-timeout=5 reference-disagreement=1406 same=20796 tree-difference=3
[22253/100000] reference-disagreement wide:func-body:newline:real:SyntaxClassifier:92 len=556 artifacts=41 advent-overaccept=27 advent-underaccept=13 compiler-timeout=5 reference-disagreement=1407 same=20798 tree-difference=3
[22258/100000] reference-disagreement wide:trailing-closure:newline:real:SyntaxExpressibleByStringInterpolationConformances:64 len=164 artifacts=41 advent-overaccept=27 advent-underaccept=13 compiler-timeout=5 reference-disagreement=1408 same=20802 tree-difference=3
[22320/100000] reference-disagreement wide:struct-member:newline+splice+block-comment:real:RenamedChildrenBuilderCompatibility:460 len=1251 artifacts=41 advent-overaccept=27 advent-underaccept=13 compiler-timeout=5 reference-disagreement=1409 same=20863 tree-difference=3
[22326/100000] reference-disagreement wide:struct-member:duplicate:real:Lexer:32 len=163 artifacts=41 advent-overaccept=27 advent-underaccept=13 compiler-timeout=5 reference-disagreement=1410 same=20868 tree-difference=3
[22355/100000] reference-disagreement wide:trailing-closure:space+newline:real:MacroExpansionContext:202 len=179 artifacts=41 advent-overaccept=27 advent-underaccept=13 compiler-timeout=5 reference-disagreement=1411 same=20896 tree-difference=3
[22449/100000] reference-disagreement wide:struct-member:raw:real:SyntaxUtils:21 len=1050 artifacts=41 advent-overaccept=27 advent-underaccept=13 compiler-timeout=5 reference-disagreement=1412 same=20989 tree-difference=3
[22480/100000] reference-disagreement attribute-ifconfig-elseif-list len=136 artifacts=41 advent-overaccept=27 advent-underaccept=13 compiler-timeout=5 reference-disagreement=1413 same=21019 tree-difference=3
[22487/100000] reference-disagreement wide:struct-member:raw:reject:testCoroutineAccessors#2 len=89 artifacts=41 advent-overaccept=27 advent-underaccept=13 compiler-timeout=5 reference-disagreement=1414 same=21025 tree-difference=3
[22498/100000] reference-disagreement wide:trailing-closure:raw:translated:testSwitch48#1 len=98 artifacts=41 advent-overaccept=27 advent-underaccept=13 compiler-timeout=5 reference-disagreement=1415 same=21035 tree-difference=3
[22500/100000] same generic-where len=98 artifacts=41 advent-overaccept=27 advent-underaccept=13 compiler-timeout=5 reference-disagreement=1415 same=21037 tree-difference=3
[22518/100000] reference-disagreement tspl-divergence-accessor-commitment len=78 artifacts=41 advent-overaccept=27 advent-underaccept=13 compiler-timeout=5 reference-disagreement=1416 same=21054 tree-difference=3
[22556/100000] reference-disagreement wide:closure:newline+keyword+glue:real:RawSyntax:925 len=422 artifacts=41 advent-overaccept=27 advent-underaccept=13 compiler-timeout=5 reference-disagreement=1417 same=21091 tree-difference=3
[22568/100000] reference-disagreement grammarish-member-list len=147 artifacts=41 advent-overaccept=27 advent-underaccept=13 compiler-timeout=5 reference-disagreement=1418 same=21102 tree-difference=3
[22594/100000] reference-disagreement wide:trailing-closure:newline:real:ResultBuilders:493 len=186 artifacts=41 advent-overaccept=27 advent-underaccept=13 compiler-timeout=5 reference-disagreement=1419 same=21127 tree-difference=3
[22611/100000] reference-disagreement wide:trailing-closure:line-comment+line-comment+block-comment:translated:testOperatorDeclDesignatedTypes2#1 len=112 artifacts=41 advent-overaccept=27 advent-underaccept=13 compiler-timeout=5 reference-disagreement=1420 same=21143 tree-difference=3
[22616/100000] reference-disagreement member-list-wide-boundary len=154 artifacts=41 advent-overaccept=27 advent-underaccept=13 compiler-timeout=5 reference-disagreement=1421 same=21147 tree-difference=3
[22625/100000] reference-disagreement wide:trailing-closure:raw:real:ExpressionMacro:20 len=349 artifacts=41 advent-overaccept=27 advent-underaccept=13 compiler-timeout=5 reference-disagreement=1422 same=21155 tree-difference=3
[22658/100000] reference-disagreement member-list-wide-boundary len=224 artifacts=41 advent-overaccept=27 advent-underaccept=13 compiler-timeout=5 reference-disagreement=1423 same=21187 tree-difference=3
[22671/100000] reference-disagreement wide:trailing-closure:raw:real:Parser:848 len=599 artifacts=41 advent-overaccept=27 advent-underaccept=13 compiler-timeout=5 reference-disagreement=1424 same=21199 tree-difference=3
[22675/100000] reference-disagreement wide:trailing-closure:raw:real:SyntaxBaseNodes:634+translated:testOperators27#1 len=154 artifacts=41 advent-overaccept=27 advent-underaccept=13 compiler-timeout=5 reference-disagreement=1425 same=21202 tree-difference=3
[22700/100000] reference-disagreement wide:struct-member:raw:real:SyntaxExpressibleByStringInterpolationConformances:58 len=84 artifacts=41 advent-overaccept=27 advent-underaccept=13 compiler-timeout=5 reference-disagreement=1426 same=21226 tree-difference=3
[22724/100000] reference-disagreement wide:func-body:block-comment+glue+newline:translated:testForeachAsync1#1 len=40 artifacts=41 advent-overaccept=27 advent-underaccept=13 compiler-timeout=5 reference-disagreement=1427 same=21249 tree-difference=3
[22750/100000] same closure-label len=58 artifacts=41 advent-overaccept=27 advent-underaccept=13 compiler-timeout=5 reference-disagreement=1427 same=21275 tree-difference=3
[22756/100000] reference-disagreement declaration-modifier-stack len=34 artifacts=41 advent-overaccept=27 advent-underaccept=13 compiler-timeout=5 reference-disagreement=1428 same=21280 tree-difference=3
[22759/100000] reference-disagreement binding-pattern len=458 artifacts=41 advent-overaccept=27 advent-underaccept=13 compiler-timeout=5 reference-disagreement=1429 same=21282 tree-difference=3
[22773/100000] reference-disagreement wide:trailing-closure:raw:real:ParserDiagnosticMessages:562 len=230 artifacts=41 advent-overaccept=27 advent-underaccept=13 compiler-timeout=5 reference-disagreement=1430 same=21295 tree-difference=3
[22777/100000] reference-disagreement tspl-divergence-protocol-body len=129 artifacts=41 advent-overaccept=27 advent-underaccept=13 compiler-timeout=5 reference-disagreement=1431 same=21298 tree-difference=3
[22802/100000] reference-disagreement attribute-ifconfig-elseif-list len=112 artifacts=41 advent-overaccept=27 advent-underaccept=13 compiler-timeout=5 reference-disagreement=1432 same=21322 tree-difference=3
[22822/100000] reference-disagreement wide:extension-member:newline:real:SyntaxExpressibleByStringInterpolationConformances:223 len=83 artifacts=41 advent-overaccept=27 advent-underaccept=13 compiler-timeout=5 reference-disagreement=1433 same=21341 tree-difference=3
[22836/100000] reference-disagreement member-list-wide-boundary len=113 artifacts=41 advent-overaccept=27 advent-underaccept=13 compiler-timeout=5 reference-disagreement=1434 same=21354 tree-difference=3
[22838/100000] reference-disagreement wide:trailing-closure:raw:translated:testTrailingClosures10#1+real:CompilerPluginMessageHandler:287 len=505 artifacts=41 advent-overaccept=27 advent-underaccept=13 compiler-timeout=5 reference-disagreement=1435 same=21355 tree-difference=3
[22844/100000] reference-disagreement wide:extension-member:keyword+line-comment+keyword:real:Expressions:1619 len=654 artifacts=41 advent-overaccept=27 advent-underaccept=13 compiler-timeout=5 reference-disagreement=1436 same=21360 tree-difference=3
[22855/100000] reference-disagreement cast-try-operator-cluster len=24 artifacts=41 advent-overaccept=27 advent-underaccept=13 compiler-timeout=5 reference-disagreement=1437 same=21370 tree-difference=3
[22857/100000] reference-disagreement grammarish-member-list len=109 artifacts=41 advent-overaccept=27 advent-underaccept=13 compiler-timeout=5 reference-disagreement=1438 same=21371 tree-difference=3
[22861/100000] reference-disagreement attribute-ifconfig-elseif-list len=115 artifacts=41 advent-overaccept=27 advent-underaccept=13 compiler-timeout=5 reference-disagreement=1439 same=21374 tree-difference=3
[22908/100000] reference-disagreement tspl-divergence-protocol-body len=209 artifacts=41 advent-overaccept=27 advent-underaccept=13 compiler-timeout=5 reference-disagreement=1440 same=21420 tree-difference=3
[22934/100000] reference-disagreement tspl-divergence-protocol-body len=132 artifacts=41 advent-overaccept=27 advent-underaccept=13 compiler-timeout=5 reference-disagreement=1441 same=21445 tree-difference=3
[22938/100000] reference-disagreement keypath-boundary len=38 artifacts=41 advent-overaccept=27 advent-underaccept=13 compiler-timeout=5 reference-disagreement=1442 same=21448 tree-difference=3
[22957/100000] compiler-timeout seed-corpus-mutated:raw-regex-interpolation len=66 artifacts=41 advent-overaccept=27 advent-underaccept=13 compiler-timeout=6 reference-disagreement=1442 same=21466 tree-difference=3
[22975/100000] reference-disagreement wide:trailing-closure:raw:real:Syntax+StringInterpolation:528+type:testInverseTypes#7 len=88 artifacts=41 advent-overaccept=27 advent-underaccept=13 compiler-timeout=6 reference-disagreement=1443 same=21483 tree-difference=3
[22989/100000] reference-disagreement wide:closure:raw:real:SyntaxNodeWithBody:185+real:SwiftSyntaxCompatibility:881 len=1152 artifacts=41 advent-overaccept=27 advent-underaccept=13 compiler-timeout=6 reference-disagreement=1444 same=21496 tree-difference=3
[22991/100000] reference-disagreement wide:top:line-comment:phase3-type:struct-one-member+attribute:testBackDeployed#3 len=147 artifacts=41 advent-overaccept=27 advent-underaccept=13 compiler-timeout=6 reference-disagreement=1445 same=21497 tree-difference=3
[22994/100000] reference-disagreement wide:func-body:raw:real:SyntaxCollections:880 len=510 artifacts=41 advent-overaccept=27 advent-underaccept=13 compiler-timeout=6 reference-disagreement=1446 same=21499 tree-difference=3
[22995/100000] reference-disagreement wide:func-body:raw:statement:testTypedThrows#3 len=45 artifacts=41 advent-overaccept=27 advent-underaccept=13 compiler-timeout=6 reference-disagreement=1447 same=21499 tree-difference=3
[23000/100000] same init-subscript-boundary len=116 artifacts=41 advent-overaccept=27 advent-underaccept=13 compiler-timeout=6 reference-disagreement=1447 same=21504 tree-difference=3
[23002/100000] reference-disagreement wide:func-body:newline:real:SyntaxTraits:684 len=84 artifacts=41 advent-overaccept=27 advent-underaccept=13 compiler-timeout=6 reference-disagreement=1448 same=21505 tree-difference=3
[23025/100000] reference-disagreement wide:closure:block-comment+newline+space:statement:testTypedThrows#3 len=55 artifacts=41 advent-overaccept=27 advent-underaccept=13 compiler-timeout=6 reference-disagreement=1449 same=21527 tree-difference=3
[23026/100000] advent-underaccept wide:before-statement:keyword:phase4-loop:deinit+real:SyntaxCollections:2113 len=516 artifacts=42 advent-overaccept=27 advent-underaccept=14 compiler-timeout=6 reference-disagreement=1449 same=21527 tree-difference=3
[23048/100000] reference-disagreement ifconfig-member-context-boundary len=72 artifacts=42 advent-overaccept=27 advent-underaccept=14 compiler-timeout=6 reference-disagreement=1450 same=21548 tree-difference=3
[23053/100000] reference-disagreement wide:struct-member:raw:declaration:testVariableDeclarations#11+phase3-branch:if-else len=106 artifacts=42 advent-overaccept=27 advent-underaccept=14 compiler-timeout=6 reference-disagreement=1451 same=21552 tree-difference=3
[23060/100000] reference-disagreement binding-pattern len=458 artifacts=42 advent-overaccept=27 advent-underaccept=14 compiler-timeout=6 reference-disagreement=1452 same=21558 tree-difference=3
[23083/100000] reference-disagreement wide:struct-member:space:translated:testMatchingPatterns29#1+real:Syntax+StringInterpolation:528 len=283 artifacts=42 advent-overaccept=27 advent-underaccept=14 compiler-timeout=6 reference-disagreement=1453 same=21580 tree-difference=3
[23115/100000] reference-disagreement attribute-ifconfig-elseif-list len=137 artifacts=42 advent-overaccept=27 advent-underaccept=14 compiler-timeout=6 reference-disagreement=1454 same=21611 tree-difference=3
[23124/100000] reference-disagreement wide:func-body:raw:reject:testCoroutineAccessors#1 len=89 artifacts=42 advent-overaccept=27 advent-underaccept=14 compiler-timeout=6 reference-disagreement=1455 same=21619 tree-difference=3
[23128/100000] reference-disagreement seed-corpus-structural-splice:operator-question-assignment len=163 artifacts=42 advent-overaccept=27 advent-underaccept=14 compiler-timeout=6 reference-disagreement=1456 same=21622 tree-difference=3
[23162/100000] advent-overaccept wide:ifconfig:line-comment:reject:testModuleSelectorImports#3 len=72 artifacts=43 advent-overaccept=28 advent-underaccept=14 compiler-timeout=6 reference-disagreement=1456 same=21655 tree-difference=3
[23172/100000] reference-disagreement statement-list len=537 artifacts=43 advent-overaccept=28 advent-underaccept=14 compiler-timeout=6 reference-disagreement=1457 same=21664 tree-difference=3
[23205/100000] reference-disagreement wide:closure:raw:real:SyntaxProtocol+Formatted:19+real:ParserDiagnosticMessages:80 len=869 artifacts=43 advent-overaccept=28 advent-underaccept=14 compiler-timeout=6 reference-disagreement=1458 same=21696 tree-difference=3
[23209/100000] reference-disagreement wide:struct-member:glue+newline:translated:testSwitch65#1 len=35 artifacts=43 advent-overaccept=28 advent-underaccept=14 compiler-timeout=6 reference-disagreement=1459 same=21699 tree-difference=3
[23250/100000] same frontier:interpolation-delimiter len=381 artifacts=43 advent-overaccept=28 advent-underaccept=14 compiler-timeout=6 reference-disagreement=1459 same=21740 tree-difference=3
[23258/100000] reference-disagreement grammarish-member-list len=483 artifacts=43 advent-overaccept=28 advent-underaccept=14 compiler-timeout=6 reference-disagreement=1460 same=21747 tree-difference=3
[23285/100000] reference-disagreement member-list-wide-boundary len=191 artifacts=43 advent-overaccept=28 advent-underaccept=14 compiler-timeout=6 reference-disagreement=1461 same=21773 tree-difference=3
[23347/100000] reference-disagreement wide:struct-member:raw:real:SyntaxExtensions:72 len=255 artifacts=43 advent-overaccept=28 advent-underaccept=14 compiler-timeout=6 reference-disagreement=1462 same=21834 tree-difference=3
[23356/100000] reference-disagreement attribute-ifconfig-elseif-list len=125 artifacts=43 advent-overaccept=28 advent-underaccept=14 compiler-timeout=6 reference-disagreement=1463 same=21842 tree-difference=3
[23362/100000] reference-disagreement wide:struct-member:duplicate+delete:translated:testModuleSelectorImports#1+translated:testRawString16#1 len=113 artifacts=43 advent-overaccept=28 advent-underaccept=14 compiler-timeout=6 reference-disagreement=1464 same=21847 tree-difference=3
[23387/100000] reference-disagreement tspl-divergence-accessor-commitment len=49 artifacts=43 advent-overaccept=28 advent-underaccept=14 compiler-timeout=6 reference-disagreement=1465 same=21871 tree-difference=3
[23407/100000] reference-disagreement wide:trailing-closure:space:translated:testEnum77#1+real:ConfiguredRegions:131 len=350 artifacts=43 advent-overaccept=28 advent-underaccept=14 compiler-timeout=6 reference-disagreement=1466 same=21890 tree-difference=3
[23436/100000] reference-disagreement wide:func-body:raw:real:ParserDiagnosticMessages:570 len=324 artifacts=43 advent-overaccept=28 advent-underaccept=14 compiler-timeout=6 reference-disagreement=1467 same=21918 tree-difference=3
[23444/100000] reference-disagreement keypath-boundary len=38 artifacts=43 advent-overaccept=28 advent-underaccept=14 compiler-timeout=6 reference-disagreement=1468 same=21925 tree-difference=3
[23445/100000] reference-disagreement tspl-divergence-protocol-body len=123 artifacts=43 advent-overaccept=28 advent-underaccept=14 compiler-timeout=6 reference-disagreement=1469 same=21925 tree-difference=3
[23454/100000] reference-disagreement wide:trailing-closure:raw:real:BuildConfiguration:17 len=294 artifacts=43 advent-overaccept=28 advent-underaccept=14 compiler-timeout=6 reference-disagreement=1470 same=21933 tree-difference=3
[23473/100000] reference-disagreement wide:trailing-closure:splice:expression:testTryIf2#1+real:DeclSyntaxParseable:56 len=130 artifacts=43 advent-overaccept=28 advent-underaccept=14 compiler-timeout=6 reference-disagreement=1471 same=21951 tree-difference=3
[23489/100000] reference-disagreement tspl-divergence-protocol-body len=213 artifacts=43 advent-overaccept=28 advent-underaccept=14 compiler-timeout=6 reference-disagreement=1472 same=21966 tree-difference=3
[23500/100000] same wide:trailing-closure:raw:translated:testDiagnoseAvailability15#1 len=89 artifacts=43 advent-overaccept=28 advent-underaccept=14 compiler-timeout=6 reference-disagreement=1472 same=21977 tree-difference=3
[23507/100000] reference-disagreement member-list-wide-boundary len=307 artifacts=43 advent-overaccept=28 advent-underaccept=14 compiler-timeout=6 reference-disagreement=1473 same=21983 tree-difference=3
[23517/100000] reference-disagreement statement-list len=522 artifacts=43 advent-overaccept=28 advent-underaccept=14 compiler-timeout=6 reference-disagreement=1474 same=21992 tree-difference=3
[23529/100000] reference-disagreement wide:func-body:raw:real:Parameters:56 len=86 artifacts=43 advent-overaccept=28 advent-underaccept=14 compiler-timeout=6 reference-disagreement=1475 same=22003 tree-difference=3
[23540/100000] reference-disagreement nested-ifconfig-boundary len=163 artifacts=43 advent-overaccept=28 advent-underaccept=14 compiler-timeout=6 reference-disagreement=1476 same=22013 tree-difference=3
[23577/100000] reference-disagreement wide:before-statement:glue+glue:expression:testKeyPathMethodAndInitializers#8 len=31 artifacts=43 advent-overaccept=28 advent-underaccept=14 compiler-timeout=6 reference-disagreement=1477 same=22049 tree-difference=3
[23605/100000] reference-disagreement wide:extension-member:block-comment:real:SyntaxTraits:109 len=413 artifacts=43 advent-overaccept=28 advent-underaccept=14 compiler-timeout=6 reference-disagreement=1478 same=22076 tree-difference=3
[23620/100000] reference-disagreement wide:struct-member:newline:real:ChildNameForDiagnostics:385+declaration:testVariableDeclarations#9 len=328 artifacts=43 advent-overaccept=28 advent-underaccept=14 compiler-timeout=6 reference-disagreement=1479 same=22090 tree-difference=3
[23643/100000] reference-disagreement wide:trailing-closure:raw:real:Syntax+StringInterpolation:285+statement:testForUnsafeStatement#3 len=75 artifacts=43 advent-overaccept=28 advent-underaccept=14 compiler-timeout=6 reference-disagreement=1480 same=22112 tree-difference=3
[23646/100000] reference-disagreement member-list-wide-boundary len=322 artifacts=43 advent-overaccept=28 advent-underaccept=14 compiler-timeout=6 reference-disagreement=1481 same=22114 tree-difference=3
[23679/100000] reference-disagreement wide:struct-member:raw:real:SyntaxExpressibleByStringInterpolationConformances:109 len=174 artifacts=43 advent-overaccept=28 advent-underaccept=14 compiler-timeout=6 reference-disagreement=1482 same=22146 tree-difference=3
[23707/100000] reference-disagreement wide:top:newline:translated:testEnum61#1 len=66 artifacts=43 advent-overaccept=28 advent-underaccept=14 compiler-timeout=6 reference-disagreement=1483 same=22173 tree-difference=3
[23709/100000] reference-disagreement wide:func-body:raw:real:OpaqueParameterToGeneric:21 len=171 artifacts=43 advent-overaccept=28 advent-underaccept=14 compiler-timeout=6 reference-disagreement=1484 same=22174 tree-difference=3
[23711/100000] advent-overaccept wide:closure:line-comment:declaration:testUsing#1 len=44 artifacts=43 advent-overaccept=29 advent-underaccept=14 compiler-timeout=6 reference-disagreement=1484 same=22175 tree-difference=3
[23717/100000] reference-disagreement ifconfig-member-context-boundary len=71 artifacts=43 advent-overaccept=29 advent-underaccept=14 compiler-timeout=6 reference-disagreement=1485 same=22180 tree-difference=3
[23718/100000] reference-disagreement wide:func-body:glue+newline:translated:testOperators33#1+real:RawSyntax:367 len=676 artifacts=43 advent-overaccept=29 advent-underaccept=14 compiler-timeout=6 reference-disagreement=1486 same=22180 tree-difference=3
[23720/100000] reference-disagreement tspl-divergence-protocol-body len=123 artifacts=43 advent-overaccept=29 advent-underaccept=14 compiler-timeout=6 reference-disagreement=1487 same=22181 tree-difference=3
[23740/100000] reference-disagreement attribute-ifconfig-elseif-list len=118 artifacts=43 advent-overaccept=29 advent-underaccept=14 compiler-timeout=6 reference-disagreement=1488 same=22200 tree-difference=3
[23750/100000] reference-disagreement wide:after-statement:keyword+newline:translated:testForeachAsync5#1 len=157 artifacts=43 advent-overaccept=29 advent-underaccept=14 compiler-timeout=6 reference-disagreement=1489 same=22209 tree-difference=3
[23771/100000] reference-disagreement wide:extension-member:line-comment:reject:testABIAttribute#8 len=126 artifacts=43 advent-overaccept=29 advent-underaccept=14 compiler-timeout=6 reference-disagreement=1490 same=22229 tree-difference=3
[23777/100000] reference-disagreement wide:func-body:raw:real:Syntax+StringInterpolation:328 len=165 artifacts=43 advent-overaccept=29 advent-underaccept=14 compiler-timeout=6 reference-disagreement=1491 same=22234 tree-difference=3
[23814/100000] reference-disagreement wide:trailing-closure:raw:declaration:testWhereClauseWithFunctionType#1+real:SourcePresence:17 len=294 artifacts=43 advent-overaccept=29 advent-underaccept=14 compiler-timeout=6 reference-disagreement=1492 same=22270 tree-difference=3
[23822/100000] reference-disagreement keypath-component-matrix len=40 artifacts=43 advent-overaccept=29 advent-underaccept=14 compiler-timeout=6 reference-disagreement=1493 same=22277 tree-difference=3
[23860/100000] reference-disagreement attribute-ifconfig-elseif-list len=133 artifacts=43 advent-overaccept=29 advent-underaccept=14 compiler-timeout=6 reference-disagreement=1494 same=22314 tree-difference=3
[23890/100000] reference-disagreement wide:trailing-closure:line-comment:translated:testTry2#1+translated:testGenericDisambiguation6c#1 len=310 artifacts=43 advent-overaccept=29 advent-underaccept=14 compiler-timeout=6 reference-disagreement=1495 same=22343 tree-difference=3
[23903/100000] reference-disagreement keypath-boundary len=44 artifacts=43 advent-overaccept=29 advent-underaccept=14 compiler-timeout=6 reference-disagreement=1496 same=22355 tree-difference=3
[23905/100000] reference-disagreement member-list-wide-boundary len=299 artifacts=43 advent-overaccept=29 advent-underaccept=14 compiler-timeout=6 reference-disagreement=1497 same=22356 tree-difference=3
[23920/100000] reference-disagreement wide:func-body:space:real:SyntaxCollections:591 len=507 artifacts=43 advent-overaccept=29 advent-underaccept=14 compiler-timeout=6 reference-disagreement=1498 same=22370 tree-difference=3
[23926/100000] reference-disagreement binding-pattern len=458 artifacts=43 advent-overaccept=29 advent-underaccept=14 compiler-timeout=6 reference-disagreement=1499 same=22375 tree-difference=3
[23933/100000] reference-disagreement wide:trailing-closure:splice+block-comment:real:AbstractSourceLocation:22 len=805 artifacts=43 advent-overaccept=29 advent-underaccept=14 compiler-timeout=6 reference-disagreement=1500 same=22381 tree-difference=3
[23941/100000] reference-disagreement binding-pattern len=458 artifacts=43 advent-overaccept=29 advent-underaccept=14 compiler-timeout=6 reference-disagreement=1501 same=22388 tree-difference=3
[23948/100000] reference-disagreement wide:closure:raw:real:SyntaxCollections:934 len=520 artifacts=43 advent-overaccept=29 advent-underaccept=14 compiler-timeout=6 reference-disagreement=1502 same=22394 tree-difference=3
[23950/100000] reference-disagreement tspl-divergence-protocol-body len=89 artifacts=43 advent-overaccept=29 advent-underaccept=14 compiler-timeout=6 reference-disagreement=1503 same=22395 tree-difference=3
[23965/100000] reference-disagreement member-list-wide-boundary len=199 artifacts=43 advent-overaccept=29 advent-underaccept=14 compiler-timeout=6 reference-disagreement=1504 same=22409 tree-difference=3
[23989/100000] reference-disagreement wide:extension-member:raw:real:SyntaxBaseNodes:1230+real:SyntaxNodeWithBody:213 len=132 artifacts=43 advent-overaccept=29 advent-underaccept=14 compiler-timeout=6 reference-disagreement=1505 same=22432 tree-difference=3
[24000/100000] same frontier:condition-trailing-closure-scope len=489 artifacts=43 advent-overaccept=29 advent-underaccept=14 compiler-timeout=6 reference-disagreement=1505 same=22443 tree-difference=3
[24001/100000] reference-disagreement wide:func-body:raw:real:Trivia:203+real:SyntaxTraits:643 len=468 artifacts=43 advent-overaccept=29 advent-underaccept=14 compiler-timeout=6 reference-disagreement=1506 same=22443 tree-difference=3
[24033/100000] reference-disagreement wide:struct-member:raw:real:ResultBuilders:128+phase4-loop:while len=228 artifacts=43 advent-overaccept=29 advent-underaccept=14 compiler-timeout=6 reference-disagreement=1507 same=22474 tree-difference=3
[24052/100000] reference-disagreement attribute-ifconfig-elseif-list len=143 artifacts=43 advent-overaccept=29 advent-underaccept=14 compiler-timeout=6 reference-disagreement=1508 same=22492 tree-difference=3
[24076/100000] reference-disagreement member-list-wide-boundary len=325 artifacts=43 advent-overaccept=29 advent-underaccept=14 compiler-timeout=6 reference-disagreement=1509 same=22515 tree-difference=3
[24102/100000] reference-disagreement tspl-divergence-protocol-body len=157 artifacts=43 advent-overaccept=29 advent-underaccept=14 compiler-timeout=6 reference-disagreement=1510 same=22540 tree-difference=3
[24103/100000] reference-disagreement declaration-modifier-stack len=34 artifacts=43 advent-overaccept=29 advent-underaccept=14 compiler-timeout=6 reference-disagreement=1511 same=22540 tree-difference=3
[24109/100000] reference-disagreement wide:closure:raw:translated:testAvailabilityQuery23#1 len=124 artifacts=43 advent-overaccept=29 advent-underaccept=14 compiler-timeout=6 reference-disagreement=1512 same=22545 tree-difference=3
[24148/100000] reference-disagreement wide:closure:space:real:SyntaxCollections:305+real:StandardIOMessageConnection:28 len=534 artifacts=43 advent-overaccept=29 advent-underaccept=14 compiler-timeout=6 reference-disagreement=1513 same=22583 tree-difference=3
[24192/100000] reference-disagreement wide:extension-member:glue:real:SyntaxTraits:826 len=126 artifacts=43 advent-overaccept=29 advent-underaccept=14 compiler-timeout=6 reference-disagreement=1514 same=22626 tree-difference=3
[24202/100000] reference-disagreement wide:func-body:newline+newline:real:ConvenienceInitializers:86 len=89 artifacts=43 advent-overaccept=29 advent-underaccept=14 compiler-timeout=6 reference-disagreement=1515 same=22635 tree-difference=3
[24218/100000] reference-disagreement wide:closure:raw:real:MacroExpansionDiagnosticMessages:64 len=288 artifacts=43 advent-overaccept=29 advent-underaccept=14 compiler-timeout=6 reference-disagreement=1516 same=22650 tree-difference=3
[24220/100000] advent-underaccept wide:after-statement:newline:translated:testSwitch75#1 len=95 artifacts=44 advent-overaccept=29 advent-underaccept=15 compiler-timeout=6 reference-disagreement=1516 same=22651 tree-difference=3
[24224/100000] reference-disagreement wide:trailing-closure:glue:real:IntegerLiteralUtilities:19+translated:testGenericDisambiguation8#1 len=1173 artifacts=44 advent-overaccept=29 advent-underaccept=15 compiler-timeout=6 reference-disagreement=1517 same=22654 tree-difference=3
[24250/100000] same frontier:statement-member-context len=93 artifacts=44 advent-overaccept=29 advent-underaccept=15 compiler-timeout=6 reference-disagreement=1517 same=22680 tree-difference=3
[24264/100000] reference-disagreement wide:closure:raw:translated:testDollarIdentifier7#1+real:ActiveSyntaxRewriter:446 len=1116 artifacts=44 advent-overaccept=29 advent-underaccept=15 compiler-timeout=6 reference-disagreement=1518 same=22693 tree-difference=3
[24267/100000] reference-disagreement attribute-ifconfig-elseif-list len=111 artifacts=44 advent-overaccept=29 advent-underaccept=15 compiler-timeout=6 reference-disagreement=1519 same=22695 tree-difference=3
[24296/100000] reference-disagreement wide:extension-member:block-comment:translated:testIfconfigExpr1#1 len=81 artifacts=44 advent-overaccept=29 advent-underaccept=15 compiler-timeout=6 reference-disagreement=1520 same=22723 tree-difference=3
[24304/100000] reference-disagreement wide:func-body:newline:translated:testOperators25#1 len=34 artifacts=44 advent-overaccept=29 advent-underaccept=15 compiler-timeout=6 reference-disagreement=1521 same=22730 tree-difference=3
[24319/100000] reference-disagreement attribute-ifconfig-elseif-list len=118 artifacts=44 advent-overaccept=29 advent-underaccept=15 compiler-timeout=6 reference-disagreement=1522 same=22744 tree-difference=3
[24325/100000] reference-disagreement attribute-ifconfig-elseif-list len=114 artifacts=44 advent-overaccept=29 advent-underaccept=15 compiler-timeout=6 reference-disagreement=1523 same=22749 tree-difference=3
[24369/100000] reference-disagreement wide:before-statement:raw:translated:testEffectfulProperties7#1 len=113 artifacts=44 advent-overaccept=29 advent-underaccept=15 compiler-timeout=6 reference-disagreement=1524 same=22792 tree-difference=3
[24404/100000] reference-disagreement wide:closure:space+splice:type:testInverseTypesInParameter#9+attribute:testDerivativeAttribute#3 len=389 artifacts=44 advent-overaccept=29 advent-underaccept=15 compiler-timeout=6 reference-disagreement=1525 same=22826 tree-difference=3
[24406/100000] reference-disagreement tspl-divergence-protocol-body len=136 artifacts=44 advent-overaccept=29 advent-underaccept=15 compiler-timeout=6 reference-disagreement=1526 same=22827 tree-difference=3
[24441/100000] reference-disagreement attribute-ifconfig-elseif-list len=112 artifacts=44 advent-overaccept=29 advent-underaccept=15 compiler-timeout=6 reference-disagreement=1527 same=22861 tree-difference=3
[24449/100000] reference-disagreement wide:extension-member:raw:real:SyntaxLiteralUtils:39 len=277 artifacts=44 advent-overaccept=29 advent-underaccept=15 compiler-timeout=6 reference-disagreement=1528 same=22868 tree-difference=3
[24467/100000] reference-disagreement attribute-ifconfig-elseif-list len=114 artifacts=44 advent-overaccept=29 advent-underaccept=15 compiler-timeout=6 reference-disagreement=1529 same=22885 tree-difference=3
[24488/100000] reference-disagreement cast-try-operator-cluster len=24 artifacts=44 advent-overaccept=29 advent-underaccept=15 compiler-timeout=6 reference-disagreement=1530 same=22905 tree-difference=3
[24496/100000] reference-disagreement wide:ifconfig:keyword:reject:testTopLevelCaseRecovery#1 len=94 artifacts=44 advent-overaccept=29 advent-underaccept=15 compiler-timeout=6 reference-disagreement=1531 same=22912 tree-difference=3
[24500/100000] same macro-attribute-directive-boundary len=76 artifacts=44 advent-overaccept=29 advent-underaccept=15 compiler-timeout=6 reference-disagreement=1531 same=22916 tree-difference=3
[24531/100000] reference-disagreement wide:top:newline:translated:testTypeExpr5#1 len=29 artifacts=44 advent-overaccept=29 advent-underaccept=15 compiler-timeout=6 reference-disagreement=1532 same=22946 tree-difference=3
[24533/100000] reference-disagreement tspl-divergence-protocol-body len=156 artifacts=44 advent-overaccept=29 advent-underaccept=15 compiler-timeout=6 reference-disagreement=1533 same=22947 tree-difference=3
[24603/100000] reference-disagreement tspl-divergence-protocol-body len=114 artifacts=44 advent-overaccept=29 advent-underaccept=15 compiler-timeout=6 reference-disagreement=1534 same=23016 tree-difference=3
[24605/100000] reference-disagreement keypath-boundary len=40 artifacts=44 advent-overaccept=29 advent-underaccept=15 compiler-timeout=6 reference-disagreement=1535 same=23017 tree-difference=3
[24611/100000] reference-disagreement wide:trailing-closure:space+line-comment:translated:testEffectfulProperties5#1 len=117 artifacts=44 advent-overaccept=29 advent-underaccept=15 compiler-timeout=6 reference-disagreement=1536 same=23022 tree-difference=3
[24621/100000] reference-disagreement wide:extension-member:raw:real:RegexLiteralLexer:577 len=487 artifacts=44 advent-overaccept=29 advent-underaccept=15 compiler-timeout=6 reference-disagreement=1537 same=23031 tree-difference=3
[24625/100000] reference-disagreement wide:after-statement:block-comment+newline:declaration:testEnumParsing#1 len=95 artifacts=44 advent-overaccept=29 advent-underaccept=15 compiler-timeout=6 reference-disagreement=1538 same=23034 tree-difference=3
[24639/100000] reference-disagreement keypath-boundary len=37 artifacts=44 advent-overaccept=29 advent-underaccept=15 compiler-timeout=6 reference-disagreement=1539 same=23047 tree-difference=3
[24647/100000] reference-disagreement wide:extension-member:block-comment:real:Note:30 len=184 artifacts=44 advent-overaccept=29 advent-underaccept=15 compiler-timeout=6 reference-disagreement=1540 same=23054 tree-difference=3
[24715/100000] reference-disagreement wide:extension-member:glue:real:SyntaxSynthesis:19 len=209 artifacts=44 advent-overaccept=29 advent-underaccept=15 compiler-timeout=6 reference-disagreement=1541 same=23121 tree-difference=3
[24716/100000] reference-disagreement member-list-wide-boundary len=143 artifacts=44 advent-overaccept=29 advent-underaccept=15 compiler-timeout=6 reference-disagreement=1542 same=23121 tree-difference=3
[24726/100000] reference-disagreement wide:struct-member:newline:translated:testMultilineString2#1+real:WarningControlRegions:318 len=763 artifacts=44 advent-overaccept=29 advent-underaccept=15 compiler-timeout=6 reference-disagreement=1543 same=23130 tree-difference=3
[24738/100000] reference-disagreement wide:trailing-closure:glue:real:SyntaxExpressibleByStringInterpolationConformances:91 len=170 artifacts=44 advent-overaccept=29 advent-underaccept=15 compiler-timeout=6 reference-disagreement=1544 same=23141 tree-difference=3
[24750/100000] same seed-corpus-structural-splice:macro-source-location-attribute len=170 artifacts=44 advent-overaccept=29 advent-underaccept=15 compiler-timeout=6 reference-disagreement=1544 same=23153 tree-difference=3
[24751/100000] reference-disagreement wide:trailing-closure:raw:real:SyntaxTraits:399 len=697 artifacts=44 advent-overaccept=29 advent-underaccept=15 compiler-timeout=6 reference-disagreement=1545 same=23153 tree-difference=3
[24782/100000] reference-disagreement wide:extension-member:newline:real:Expressions:1877 len=382 artifacts=44 advent-overaccept=29 advent-underaccept=15 compiler-timeout=6 reference-disagreement=1546 same=23183 tree-difference=3
[24792/100000] reference-disagreement wide:top:swap+glue:declaration:testDeinitializers#1+real:SyntaxProtocol:147 len=741 artifacts=44 advent-overaccept=29 advent-underaccept=15 compiler-timeout=6 reference-disagreement=1547 same=23192 tree-difference=3
[24816/100000] reference-disagreement wide:func-body:raw:real:DiagnosticDecorator:69 len=659 artifacts=44 advent-overaccept=29 advent-underaccept=15 compiler-timeout=6 reference-disagreement=1548 same=23215 tree-difference=3
[24822/100000] reference-disagreement wide:trailing-closure:glue+newline:expression:testSwitchExprInReturn#1+real:LayoutNodes+Parsable:119 len=278 artifacts=44 advent-overaccept=29 advent-underaccept=15 compiler-timeout=6 reference-disagreement=1549 same=23220 tree-difference=3
[24823/100000] reference-disagreement wide:closure:block-comment:real:RegexLiteralLexer:348 len=571 artifacts=44 advent-overaccept=29 advent-underaccept=15 compiler-timeout=6 reference-disagreement=1550 same=23220 tree-difference=3
[24824/100000] reference-disagreement attribute-ifconfig-elseif-list len=133 artifacts=44 advent-overaccept=29 advent-underaccept=15 compiler-timeout=6 reference-disagreement=1551 same=23220 tree-difference=3
[24868/100000] reference-disagreement wide:closure:raw:real:SyntaxNodeWithBody:210 len=78 artifacts=44 advent-overaccept=29 advent-underaccept=15 compiler-timeout=6 reference-disagreement=1552 same=23263 tree-difference=3
[24885/100000] reference-disagreement tspl-divergence-protocol-body len=171 artifacts=44 advent-overaccept=29 advent-underaccept=15 compiler-timeout=6 reference-disagreement=1553 same=23279 tree-difference=3
[24944/100000] reference-disagreement wide:func-body:raw:real:SyntaxCollections:1082 len=498 artifacts=44 advent-overaccept=29 advent-underaccept=15 compiler-timeout=6 reference-disagreement=1554 same=23337 tree-difference=3
[24945/100000] reference-disagreement wide:func-body:raw:translated:testSwitch32#1 len=538 artifacts=44 advent-overaccept=29 advent-underaccept=15 compiler-timeout=6 reference-disagreement=1555 same=23337 tree-difference=3
[24961/100000] reference-disagreement wide:struct-member:raw:attribute:testObjcImplementationAttribute#1 len=142 artifacts=44 advent-overaccept=29 advent-underaccept=15 compiler-timeout=6 reference-disagreement=1556 same=23352 tree-difference=3
[25000/100000] same frontier:protocol-accessor-shape len=83 artifacts=44 advent-overaccept=29 advent-underaccept=15 compiler-timeout=6 reference-disagreement=1556 same=23391 tree-difference=3
[25006/100000] reference-disagreement grammarish-member-list len=225 artifacts=44 advent-overaccept=29 advent-underaccept=15 compiler-timeout=6 reference-disagreement=1557 same=23396 tree-difference=3
[25026/100000] reference-disagreement wide:trailing-closure:raw:translated:testInitDeinit20#1 len=65 artifacts=44 advent-overaccept=29 advent-underaccept=15 compiler-timeout=6 reference-disagreement=1558 same=23415 tree-difference=3
[25029/100000] reference-disagreement tspl-divergence-protocol-body len=155 artifacts=44 advent-overaccept=29 advent-underaccept=15 compiler-timeout=6 reference-disagreement=1559 same=23417 tree-difference=3
[25046/100000] reference-disagreement wide:func-body:newline+block-comment+glue:real:SyntaxCollections:50 len=492 artifacts=44 advent-overaccept=29 advent-underaccept=15 compiler-timeout=6 reference-disagreement=1560 same=23433 tree-difference=3
[25050/100000] reference-disagreement wide:extension-member:raw:real:ManifestEditError:28 len=894 artifacts=44 advent-overaccept=29 advent-underaccept=15 compiler-timeout=6 reference-disagreement=1561 same=23436 tree-difference=3
[25090/100000] reference-disagreement wide:trailing-closure:raw:real:ScannerTelemetry:132+real:SwiftSyntaxCompatibility:238 len=301 artifacts=44 advent-overaccept=29 advent-underaccept=15 compiler-timeout=6 reference-disagreement=1562 same=23475 tree-difference=3
[25109/100000] reference-disagreement wide:closure:raw:real:StringLiterals:745 len=319 artifacts=44 advent-overaccept=29 advent-underaccept=15 compiler-timeout=6 reference-disagreement=1563 same=23493 tree-difference=3
[25134/100000] reference-disagreement wide:func-body:raw:declaration:testImports#2 len=45 artifacts=44 advent-overaccept=29 advent-underaccept=15 compiler-timeout=6 reference-disagreement=1564 same=23517 tree-difference=3
[25151/100000] reference-disagreement wide:func-body:keyword+newline+glue:real:Declarations:19 len=590 artifacts=44 advent-overaccept=29 advent-underaccept=15 compiler-timeout=6 reference-disagreement=1565 same=23533 tree-difference=3
[25152/100000] reference-disagreement wide:func-body:raw:real:LibraryPluginProvider:185 len=172 artifacts=44 advent-overaccept=29 advent-underaccept=15 compiler-timeout=6 reference-disagreement=1566 same=23533 tree-difference=3
[25155/100000] reference-disagreement wide:func-body:space:real:SyntaxTraits:804 len=66 artifacts=44 advent-overaccept=29 advent-underaccept=15 compiler-timeout=6 reference-disagreement=1567 same=23535 tree-difference=3
[25163/100000] reference-disagreement wide:func-body:newline:real:SwiftSyntaxCompatibility:238 len=141 artifacts=44 advent-overaccept=29 advent-underaccept=15 compiler-timeout=6 reference-disagreement=1568 same=23542 tree-difference=3
[25191/100000] advent-overaccept wide:after-statement:line-comment+newline+keyword:type:testLifetimeSpecifier#3 len=76 artifacts=45 advent-overaccept=30 advent-underaccept=15 compiler-timeout=6 reference-disagreement=1568 same=23569 tree-difference=3
[25196/100000] reference-disagreement grammarish-member-list len=139 artifacts=45 advent-overaccept=30 advent-underaccept=15 compiler-timeout=6 reference-disagreement=1569 same=23573 tree-difference=3
[25224/100000] reference-disagreement wide:func-body:line-comment+newline+line-comment:real:Syntax+StringInterpolation:282 len=73 artifacts=45 advent-overaccept=30 advent-underaccept=15 compiler-timeout=6 reference-disagreement=1570 same=23600 tree-difference=3
[25250/100000] same macro-pound-boundary len=84 artifacts=45 advent-overaccept=30 advent-underaccept=15 compiler-timeout=6 reference-disagreement=1570 same=23626 tree-difference=3
[25251/100000] reference-disagreement wide:trailing-closure:raw:real:LocationMarkers:32 len=336 artifacts=45 advent-overaccept=30 advent-underaccept=15 compiler-timeout=6 reference-disagreement=1571 same=23626 tree-difference=3
[25262/100000] reference-disagreement wide:closure:raw:real:SyntaxTraits:762 len=85 artifacts=45 advent-overaccept=30 advent-underaccept=15 compiler-timeout=6 reference-disagreement=1572 same=23636 tree-difference=3
[25270/100000] reference-disagreement wide:struct-member:newline:real:SwiftSyntaxCompatibility:813 len=215 artifacts=45 advent-overaccept=30 advent-underaccept=15 compiler-timeout=6 reference-disagreement=1573 same=23643 tree-difference=3
[25281/100000] reference-disagreement attribute-ifconfig-elseif-list len=107 artifacts=45 advent-overaccept=30 advent-underaccept=15 compiler-timeout=6 reference-disagreement=1574 same=23653 tree-difference=3
[25284/100000] reference-disagreement statement-list len=575 artifacts=45 advent-overaccept=30 advent-underaccept=15 compiler-timeout=6 reference-disagreement=1575 same=23655 tree-difference=3
[25288/100000] reference-disagreement tspl-divergence-protocol-body len=293 artifacts=45 advent-overaccept=30 advent-underaccept=15 compiler-timeout=6 reference-disagreement=1576 same=23658 tree-difference=3
[25300/100000] reference-disagreement grammarish-member-list len=110 artifacts=45 advent-overaccept=30 advent-underaccept=15 compiler-timeout=6 reference-disagreement=1577 same=23669 tree-difference=3
[25313/100000] reference-disagreement wide:extension-member:glue:real:SyntaxTraits:704 len=153 artifacts=45 advent-overaccept=30 advent-underaccept=15 compiler-timeout=6 reference-disagreement=1578 same=23681 tree-difference=3
[25325/100000] reference-disagreement keypath-boundary len=33 artifacts=45 advent-overaccept=30 advent-underaccept=15 compiler-timeout=6 reference-disagreement=1579 same=23692 tree-difference=3
[25355/100000] reference-disagreement wide:top:newline+glue:translated:testEnum13#1 len=36 artifacts=45 advent-overaccept=30 advent-underaccept=15 compiler-timeout=6 reference-disagreement=1580 same=23721 tree-difference=3
[25372/100000] reference-disagreement tspl-divergence-protocol-body len=68 artifacts=45 advent-overaccept=30 advent-underaccept=15 compiler-timeout=6 reference-disagreement=1581 same=23737 tree-difference=3
[25398/100000] reference-disagreement wide:func-body:newline+block-comment:real:RegexLiteralLexer:577 len=493 artifacts=45 advent-overaccept=30 advent-underaccept=15 compiler-timeout=6 reference-disagreement=1582 same=23762 tree-difference=3
[25405/100000] tree-difference wide:top:line-comment+glue+space:type:testInverseTypes#6 len=25 artifacts=46 advent-overaccept=30 advent-underaccept=15 compiler-timeout=6 reference-disagreement=1582 same=23768 tree-difference=4
[25433/100000] reference-disagreement cast-try-operator-cluster len=24 artifacts=46 advent-overaccept=30 advent-underaccept=15 compiler-timeout=6 reference-disagreement=1583 same=23795 tree-difference=4
[25447/100000] reference-disagreement grammarish-member-list len=232 artifacts=46 advent-overaccept=30 advent-underaccept=15 compiler-timeout=6 reference-disagreement=1584 same=23808 tree-difference=4
[25465/100000] reference-disagreement wide:func-body:block-comment+block-comment:real:ParserDiagnosticMessages:581 len=207 artifacts=46 advent-overaccept=30 advent-underaccept=15 compiler-timeout=6 reference-disagreement=1585 same=23825 tree-difference=4
[25470/100000] reference-disagreement cast-try-operator-cluster len=24 artifacts=46 advent-overaccept=30 advent-underaccept=15 compiler-timeout=6 reference-disagreement=1586 same=23829 tree-difference=4
[25480/100000] reference-disagreement keypath-component-matrix len=40 artifacts=46 advent-overaccept=30 advent-underaccept=15 compiler-timeout=6 reference-disagreement=1587 same=23838 tree-difference=4
[25481/100000] reference-disagreement attribute-ifconfig-elseif-list len=127 artifacts=46 advent-overaccept=30 advent-underaccept=15 compiler-timeout=6 reference-disagreement=1588 same=23838 tree-difference=4
[25500/100000] same frontier:generic-member-type-shape len=299 artifacts=46 advent-overaccept=30 advent-underaccept=15 compiler-timeout=6 reference-disagreement=1588 same=23857 tree-difference=4
[25545/100000] reference-disagreement statement-list len=607 artifacts=46 advent-overaccept=30 advent-underaccept=15 compiler-timeout=6 reference-disagreement=1589 same=23901 tree-difference=4
[25574/100000] reference-disagreement wide:closure:newline:real:ResultBuilders:336 len=202 artifacts=46 advent-overaccept=30 advent-underaccept=15 compiler-timeout=6 reference-disagreement=1590 same=23929 tree-difference=4
[25576/100000] reference-disagreement wide:closure:splice:declaration:testProtocolParsing#3 len=147 artifacts=46 advent-overaccept=30 advent-underaccept=15 compiler-timeout=6 reference-disagreement=1591 same=23930 tree-difference=4
[25584/100000] reference-disagreement grammarish-member-list len=225 artifacts=46 advent-overaccept=30 advent-underaccept=15 compiler-timeout=6 reference-disagreement=1592 same=23937 tree-difference=4
[25585/100000] reference-disagreement declaration-modifier-stack len=34 artifacts=46 advent-overaccept=30 advent-underaccept=15 compiler-timeout=6 reference-disagreement=1593 same=23937 tree-difference=4
[25592/100000] reference-disagreement declaration-modifier-stack len=34 artifacts=46 advent-overaccept=30 advent-underaccept=15 compiler-timeout=6 reference-disagreement=1594 same=23943 tree-difference=4
[25595/100000] reference-disagreement wide:extension-member:raw:real:Syntax+StringInterpolation:289 len=66 artifacts=46 advent-overaccept=30 advent-underaccept=15 compiler-timeout=6 reference-disagreement=1595 same=23945 tree-difference=4
[25626/100000] reference-disagreement attribute-ifconfig-elseif-list len=140 artifacts=46 advent-overaccept=30 advent-underaccept=15 compiler-timeout=6 reference-disagreement=1596 same=23975 tree-difference=4
[25640/100000] reference-disagreement wide:trailing-closure:newline+splice+line-comment:real:DeclSyntaxParseable:58 len=58 artifacts=46 advent-overaccept=30 advent-underaccept=15 compiler-timeout=6 reference-disagreement=1597 same=23988 tree-difference=4
[25658/100000] reference-disagreement wide:struct-member:keyword+line-comment:real:SwiftVersion:13 len=158 artifacts=46 advent-overaccept=30 advent-underaccept=15 compiler-timeout=6 reference-disagreement=1598 same=24005 tree-difference=4
[25662/100000] reference-disagreement tspl-divergence-protocol-body len=145 artifacts=46 advent-overaccept=30 advent-underaccept=15 compiler-timeout=6 reference-disagreement=1599 same=24008 tree-difference=4
[25669/100000] reference-disagreement wide:trailing-closure:newline:real:SyntaxCollections:1387+translated:testMultilineString4#1 len=544 artifacts=46 advent-overaccept=30 advent-underaccept=15 compiler-timeout=6 reference-disagreement=1600 same=24014 tree-difference=4
[25688/100000] reference-disagreement wide:func-body:newline+duplicate+block-comment:expression:testSubscriptDeinitMembers#1 len=35 artifacts=46 advent-overaccept=30 advent-underaccept=15 compiler-timeout=6 reference-disagreement=1601 same=24032 tree-difference=4
[25750/100000] same protocol-requirement-boundary len=119 artifacts=46 advent-overaccept=30 advent-underaccept=15 compiler-timeout=6 reference-disagreement=1601 same=24094 tree-difference=4
[25752/100000] reference-disagreement wide:struct-member:raw:real:BuildableNodes:767 len=1068 artifacts=46 advent-overaccept=30 advent-underaccept=15 compiler-timeout=6 reference-disagreement=1602 same=24095 tree-difference=4
[25757/100000] reference-disagreement wide:trailing-closure:raw:real:SyntaxTraits:453 len=114 artifacts=46 advent-overaccept=30 advent-underaccept=15 compiler-timeout=6 reference-disagreement=1603 same=24099 tree-difference=4
[25768/100000] reference-disagreement wide:extension-member:space+line-comment:phase4-keypath:kp-root-meta-opt+real:MissingNodeInitializers:50 len=175 artifacts=46 advent-overaccept=30 advent-underaccept=15 compiler-timeout=6 reference-disagreement=1604 same=24109 tree-difference=4
[25769/100000] reference-disagreement tspl-divergence-protocol-body len=94 artifacts=46 advent-overaccept=30 advent-underaccept=15 compiler-timeout=6 reference-disagreement=1605 same=24109 tree-difference=4
[25793/100000] reference-disagreement wide:struct-member:raw:declaration:testParsePoundError#1 len=46 artifacts=46 advent-overaccept=30 advent-underaccept=15 compiler-timeout=6 reference-disagreement=1606 same=24132 tree-difference=4
[25797/100000] reference-disagreement wide:trailing-closure:block-comment:attribute:testBackDeployed#1+real:BuildableNodes:740 len=1127 artifacts=46 advent-overaccept=30 advent-underaccept=15 compiler-timeout=6 reference-disagreement=1607 same=24135 tree-difference=4
[25823/100000] reference-disagreement wide:func-body:keyword:real:StandardIOMessageConnection:183 len=539 artifacts=46 advent-overaccept=30 advent-underaccept=15 compiler-timeout=6 reference-disagreement=1608 same=24160 tree-difference=4
[25838/100000] reference-disagreement keypath-boundary len=38 artifacts=46 advent-overaccept=30 advent-underaccept=15 compiler-timeout=6 reference-disagreement=1609 same=24174 tree-difference=4
[25849/100000] reference-disagreement keypath-component-matrix len=49 artifacts=46 advent-overaccept=30 advent-underaccept=15 compiler-timeout=6 reference-disagreement=1610 same=24184 tree-difference=4
[25859/100000] reference-disagreement wide:extension-member:line-comment:real:DeclSyntaxParseable:50 len=78 artifacts=46 advent-overaccept=30 advent-underaccept=15 compiler-timeout=6 reference-disagreement=1611 same=24193 tree-difference=4
[25877/100000] reference-disagreement member-list-wide-boundary len=292 artifacts=46 advent-overaccept=30 advent-underaccept=15 compiler-timeout=6 reference-disagreement=1612 same=24210 tree-difference=4
[25961/100000] reference-disagreement wide:extension-member:raw:real:LayoutNodes+Parsable:135 len=199 artifacts=46 advent-overaccept=30 advent-underaccept=15 compiler-timeout=6 reference-disagreement=1613 same=24293 tree-difference=4
[25969/100000] reference-disagreement wide:after-statement:line-comment:real:ParserDiagnosticMessages:758+reject:testRecovery28#1 len=400 artifacts=46 advent-overaccept=30 advent-underaccept=15 compiler-timeout=6 reference-disagreement=1614 same=24300 tree-difference=4
[25988/100000] reference-disagreement wide:struct-member:space+glue+newline:real:LayoutNodes+Parsable:239 len=844 artifacts=46 advent-overaccept=30 advent-underaccept=15 compiler-timeout=6 reference-disagreement=1615 same=24318 tree-difference=4
[26000/100000] same frontier:generic-member-type-shape len=275 artifacts=46 advent-overaccept=30 advent-underaccept=15 compiler-timeout=6 reference-disagreement=1615 same=24330 tree-difference=4
[26022/100000] reference-disagreement cast-try-operator-cluster len=24 artifacts=46 advent-overaccept=30 advent-underaccept=15 compiler-timeout=6 reference-disagreement=1616 same=24351 tree-difference=4
[26066/100000] reference-disagreement keypath-component-matrix len=37 artifacts=46 advent-overaccept=30 advent-underaccept=15 compiler-timeout=6 reference-disagreement=1617 same=24394 tree-difference=4
[26078/100000] reference-disagreement attribute-ifconfig-elseif-list len=122 artifacts=46 advent-overaccept=30 advent-underaccept=15 compiler-timeout=6 reference-disagreement=1618 same=24405 tree-difference=4
[26083/100000] reference-disagreement wide:trailing-closure:newline+splice:real:GrammarNode:294 len=204 artifacts=46 advent-overaccept=30 advent-underaccept=15 compiler-timeout=6 reference-disagreement=1619 same=24409 tree-difference=4
[26095/100000] reference-disagreement wide:trailing-closure:block-comment:translated:testOperatorDeclDesignatedTypes7#1 len=73 artifacts=46 advent-overaccept=30 advent-underaccept=15 compiler-timeout=6 reference-disagreement=1620 same=24420 tree-difference=4
[26106/100000] reference-disagreement wide:extension-member:raw:real:Trivia:132 len=199 artifacts=46 advent-overaccept=30 advent-underaccept=15 compiler-timeout=6 reference-disagreement=1621 same=24430 tree-difference=4
[26107/100000] reference-disagreement wide:func-body:raw:real:ParserDiagnosticMessages:562+real:MissingNodeInitializers:92 len=459 artifacts=46 advent-overaccept=30 advent-underaccept=15 compiler-timeout=6 reference-disagreement=1622 same=24430 tree-difference=4
[26114/100000] reference-disagreement wide:closure:raw:attribute:testBackDeployed#3 len=140 artifacts=46 advent-overaccept=30 advent-underaccept=15 compiler-timeout=6 reference-disagreement=1623 same=24436 tree-difference=4
[26115/100000] reference-disagreement wide:func-body:raw:statement:testTypedThrows#1 len=56 artifacts=46 advent-overaccept=30 advent-underaccept=15 compiler-timeout=6 reference-disagreement=1624 same=24436 tree-difference=4
[26116/100000] reference-disagreement member-list-wide-boundary len=214 artifacts=46 advent-overaccept=30 advent-underaccept=15 compiler-timeout=6 reference-disagreement=1625 same=24436 tree-difference=4
[26151/100000] reference-disagreement wide:closure:raw:real:Syntax+StringInterpolation:276 len=267 artifacts=46 advent-overaccept=30 advent-underaccept=15 compiler-timeout=6 reference-disagreement=1626 same=24470 tree-difference=4
[26186/100000] reference-disagreement attribute-ifconfig-elseif-list len=110 artifacts=46 advent-overaccept=30 advent-underaccept=15 compiler-timeout=6 reference-disagreement=1627 same=24504 tree-difference=4
[26198/100000] reference-disagreement wide:before-statement:block-comment+delete:attribute:testMacroRoleNames#9 len=74 artifacts=46 advent-overaccept=30 advent-underaccept=15 compiler-timeout=6 reference-disagreement=1628 same=24515 tree-difference=4
[26223/100000] reference-disagreement wide:trailing-closure:newline+space+splice:real:SyntaxCollections:332 len=488 artifacts=46 advent-overaccept=30 advent-underaccept=15 compiler-timeout=6 reference-disagreement=1629 same=24539 tree-difference=4
[26239/100000] reference-disagreement wide:closure:raw:translated:testForwardSlashRegex155#1+real:CallLikeSyntax:28 len=98 artifacts=46 advent-overaccept=30 advent-underaccept=15 compiler-timeout=6 reference-disagreement=1630 same=24554 tree-difference=4
[26250/100000] same frontier:parser-mode-scope len=95 artifacts=46 advent-overaccept=30 advent-underaccept=15 compiler-timeout=6 reference-disagreement=1630 same=24565 tree-difference=4
[26278/100000] reference-disagreement wide:closure:raw:real:SyntaxExpressibleByStringInterpolationConformances:106 len=94 artifacts=46 advent-overaccept=30 advent-underaccept=15 compiler-timeout=6 reference-disagreement=1631 same=24592 tree-difference=4
[26281/100000] reference-disagreement wide:trailing-closure:block-comment:translated:testForwardSlashRegex9#1 len=81 artifacts=46 advent-overaccept=30 advent-underaccept=15 compiler-timeout=6 reference-disagreement=1632 same=24594 tree-difference=4
[26291/100000] reference-disagreement tspl-divergence-accessor-commitment len=78 artifacts=46 advent-overaccept=30 advent-underaccept=15 compiler-timeout=6 reference-disagreement=1633 same=24603 tree-difference=4
[26296/100000] reference-disagreement wide:closure:line-comment+line-comment:real:WithGenericParametersScopeSyntax:15 len=361 artifacts=46 advent-overaccept=30 advent-underaccept=15 compiler-timeout=6 reference-disagreement=1634 same=24607 tree-difference=4
[26308/100000] reference-disagreement wide:after-statement:delete:declaration:testVariableDeclarations#9+translated:testErrors30#1 len=185 artifacts=46 advent-overaccept=30 advent-underaccept=15 compiler-timeout=6 reference-disagreement=1635 same=24618 tree-difference=4
[26345/100000] reference-disagreement wide:trailing-closure:raw:real:MissingNodesError:361 len=298 artifacts=46 advent-overaccept=30 advent-underaccept=15 compiler-timeout=6 reference-disagreement=1636 same=24654 tree-difference=4
[26353/100000] reference-disagreement wide:func-body:raw:translated:testInitDeinit21#1 len=58 artifacts=46 advent-overaccept=30 advent-underaccept=15 compiler-timeout=6 reference-disagreement=1637 same=24661 tree-difference=4
[26358/100000] reference-disagreement wide:after-statement:raw:declaration:testReasyncFunctions#1 len=163 artifacts=46 advent-overaccept=30 advent-underaccept=15 compiler-timeout=6 reference-disagreement=1638 same=24665 tree-difference=4
[26394/100000] reference-disagreement wide:trailing-closure:newline:real:ResultBuilders:375 len=186 artifacts=46 advent-overaccept=30 advent-underaccept=15 compiler-timeout=6 reference-disagreement=1639 same=24700 tree-difference=4
[26401/100000] reference-disagreement binding-pattern len=458 artifacts=46 advent-overaccept=30 advent-underaccept=15 compiler-timeout=6 reference-disagreement=1640 same=24706 tree-difference=4
[26403/100000] reference-disagreement member-list-wide-boundary len=238 artifacts=46 advent-overaccept=30 advent-underaccept=15 compiler-timeout=6 reference-disagreement=1641 same=24707 tree-difference=4
[26411/100000] reference-disagreement grammarish-member-list len=126 artifacts=46 advent-overaccept=30 advent-underaccept=15 compiler-timeout=6 reference-disagreement=1642 same=24714 tree-difference=4
[26425/100000] reference-disagreement member-list-wide-boundary len=125 artifacts=46 advent-overaccept=30 advent-underaccept=15 compiler-timeout=6 reference-disagreement=1643 same=24727 tree-difference=4
[26433/100000] reference-disagreement statement-list len=511 artifacts=46 advent-overaccept=30 advent-underaccept=15 compiler-timeout=6 reference-disagreement=1644 same=24734 tree-difference=4
[26461/100000] reference-disagreement binding-pattern len=458 artifacts=46 advent-overaccept=30 advent-underaccept=15 compiler-timeout=6 reference-disagreement=1645 same=24761 tree-difference=4
[26466/100000] reference-disagreement wide:extension-member:raw:real:RawSyntax:444+declaration:testBorrowingConsumingParameterSpecifiers#22 len=1125 artifacts=46 advent-overaccept=30 advent-underaccept=15 compiler-timeout=6 reference-disagreement=1646 same=24765 tree-difference=4
[26488/100000] reference-disagreement wide:extension-member:space+glue:real:AbsolutePosition:29 len=302 artifacts=46 advent-overaccept=30 advent-underaccept=15 compiler-timeout=6 reference-disagreement=1647 same=24786 tree-difference=4
[26490/100000] reference-disagreement keypath-boundary len=37 artifacts=46 advent-overaccept=30 advent-underaccept=15 compiler-timeout=6 reference-disagreement=1648 same=24787 tree-difference=4
[26499/100000] reference-disagreement wide:closure:splice+space:real:SyntaxNodeWithBody:213 len=57 artifacts=46 advent-overaccept=30 advent-underaccept=15 compiler-timeout=6 reference-disagreement=1649 same=24795 tree-difference=4
[26500/100000] same wide:after-statement:duplicate+delete+glue:translated:testOperators30#1 len=32 artifacts=46 advent-overaccept=30 advent-underaccept=15 compiler-timeout=6 reference-disagreement=1649 same=24796 tree-difference=4
[26501/100000] reference-disagreement wide:trailing-closure:line-comment+space+space:real:SyntaxComparison:28 len=690 artifacts=46 advent-overaccept=30 advent-underaccept=15 compiler-timeout=6 reference-disagreement=1650 same=24796 tree-difference=4
[26521/100000] reference-disagreement keypath-component-matrix len=40 artifacts=46 advent-overaccept=30 advent-underaccept=15 compiler-timeout=6 reference-disagreement=1651 same=24815 tree-difference=4
[26522/100000] reference-disagreement wide:struct-member:raw:real:SyntaxExpressibleByStringInterpolationConformances:205+declaration:testConstAsArgumentLabel#1 len=109 artifacts=46 advent-overaccept=30 advent-underaccept=15 compiler-timeout=6 reference-disagreement=1652 same=24815 tree-difference=4
[26568/100000] reference-disagreement wide:struct-member:raw:real:SyntaxExpressibleByStringInterpolationConformances:223 len=79 artifacts=46 advent-overaccept=30 advent-underaccept=15 compiler-timeout=6 reference-disagreement=1653 same=24860 tree-difference=4
[26594/100000] reference-disagreement attribute-ifconfig-elseif-list len=138 artifacts=46 advent-overaccept=30 advent-underaccept=15 compiler-timeout=6 reference-disagreement=1654 same=24885 tree-difference=4
[26646/100000] reference-disagreement wide:func-body:space+line-comment+duplicate:translated:testMatchingPatterns13#1 len=309 artifacts=46 advent-overaccept=30 advent-underaccept=15 compiler-timeout=6 reference-disagreement=1655 same=24936 tree-difference=4
[26656/100000] reference-disagreement wide:func-body:raw:real:SyntaxBaseNodes:681+translated:testOperators28#1 len=128 artifacts=46 advent-overaccept=30 advent-underaccept=15 compiler-timeout=6 reference-disagreement=1656 same=24945 tree-difference=4
[26658/100000] reference-disagreement declaration-modifier-stack len=34 artifacts=46 advent-overaccept=30 advent-underaccept=15 compiler-timeout=6 reference-disagreement=1657 same=24946 tree-difference=4
[26661/100000] reference-disagreement statement-list len=519 artifacts=46 advent-overaccept=30 advent-underaccept=15 compiler-timeout=6 reference-disagreement=1658 same=24948 tree-difference=4
[26662/100000] reference-disagreement tspl-divergence-protocol-body len=122 artifacts=46 advent-overaccept=30 advent-underaccept=15 compiler-timeout=6 reference-disagreement=1659 same=24948 tree-difference=4
[26713/100000] reference-disagreement tspl-divergence-protocol-body len=196 artifacts=46 advent-overaccept=30 advent-underaccept=15 compiler-timeout=6 reference-disagreement=1660 same=24998 tree-difference=4
[26719/100000] reference-disagreement wide:func-body:raw:translated:testInvalidStringInterpolationProtocol4#1 len=283 artifacts=46 advent-overaccept=30 advent-underaccept=15 compiler-timeout=6 reference-disagreement=1661 same=25003 tree-difference=4
[26724/100000] reference-disagreement cast-try-operator-cluster len=24 artifacts=46 advent-overaccept=30 advent-underaccept=15 compiler-timeout=6 reference-disagreement=1662 same=25007 tree-difference=4
[26738/100000] reference-disagreement nested-ifconfig-boundary len=113 artifacts=46 advent-overaccept=30 advent-underaccept=15 compiler-timeout=6 reference-disagreement=1663 same=25020 tree-difference=4
[26739/100000] reference-disagreement wide:before-statement:glue+space+newline:translated:testSwitch21#1 len=57 artifacts=46 advent-overaccept=30 advent-underaccept=15 compiler-timeout=6 reference-disagreement=1664 same=25020 tree-difference=4
[26747/100000] reference-disagreement attribute-ifconfig-elseif-list len=111 artifacts=46 advent-overaccept=30 advent-underaccept=15 compiler-timeout=6 reference-disagreement=1665 same=25027 tree-difference=4
[26750/100000] same protocol-requirement-boundary len=93 artifacts=46 advent-overaccept=30 advent-underaccept=15 compiler-timeout=6 reference-disagreement=1665 same=25030 tree-difference=4
[26757/100000] reference-disagreement tspl-divergence-protocol-body len=81 artifacts=46 advent-overaccept=30 advent-underaccept=15 compiler-timeout=6 reference-disagreement=1666 same=25036 tree-difference=4
[26779/100000] reference-disagreement attribute-ifconfig-elseif-list len=103 artifacts=46 advent-overaccept=30 advent-underaccept=15 compiler-timeout=6 reference-disagreement=1667 same=25057 tree-difference=4
[26794/100000] reference-disagreement wide:func-body:newline:real:SyntaxExpressibleByStringInterpolationConformances:85 len=92 artifacts=46 advent-overaccept=30 advent-underaccept=15 compiler-timeout=6 reference-disagreement=1668 same=25071 tree-difference=4
[26819/100000] reference-disagreement wide:closure:raw:real:SyntaxNodeWithBody:42 len=220 artifacts=46 advent-overaccept=30 advent-underaccept=15 compiler-timeout=6 reference-disagreement=1669 same=25095 tree-difference=4
[26867/100000] reference-disagreement tspl-divergence-protocol-body len=87 artifacts=46 advent-overaccept=30 advent-underaccept=15 compiler-timeout=6 reference-disagreement=1670 same=25142 tree-difference=4
[26886/100000] reference-disagreement wide:extension-member:keyword+delete+block-comment:real:SyntaxEditUtils:70 len=749 artifacts=46 advent-overaccept=30 advent-underaccept=15 compiler-timeout=6 reference-disagreement=1671 same=25160 tree-difference=4
[26903/100000] reference-disagreement wide:struct-member:raw:real:SyntaxExpressibleByStringInterpolationConformances:184+phase3-statement:try-optional len=99 artifacts=46 advent-overaccept=30 advent-underaccept=15 compiler-timeout=6 reference-disagreement=1672 same=25176 tree-difference=4
[26918/100000] reference-disagreement wide:closure:newline:real:SyntaxExpressibleByStringInterpolationConformances:79 len=93 artifacts=46 advent-overaccept=30 advent-underaccept=15 compiler-timeout=6 reference-disagreement=1673 same=25190 tree-difference=4
[26956/100000] reference-disagreement wide:func-body:space:real:SyntaxTraits:820 len=129 artifacts=46 advent-overaccept=30 advent-underaccept=15 compiler-timeout=6 reference-disagreement=1674 same=25227 tree-difference=4
[26981/100000] reference-disagreement wide:top:raw:translated:testInitDeinit12#1 len=26 artifacts=46 advent-overaccept=30 advent-underaccept=15 compiler-timeout=6 reference-disagreement=1675 same=25251 tree-difference=4
[26999/100000] reference-disagreement attribute-ifconfig-elseif-list len=122 artifacts=46 advent-overaccept=30 advent-underaccept=15 compiler-timeout=6 reference-disagreement=1676 same=25268 tree-difference=4
[27000/100000] same condition-boundary len=496 artifacts=46 advent-overaccept=30 advent-underaccept=15 compiler-timeout=6 reference-disagreement=1676 same=25269 tree-difference=4
[27017/100000] reference-disagreement wide:func-body:newline:translated:testInitDeinit22#1 len=156 artifacts=46 advent-overaccept=30 advent-underaccept=15 compiler-timeout=6 reference-disagreement=1677 same=25285 tree-difference=4
[27062/100000] reference-disagreement wide:extension-member:line-comment+newline:translated:testOperatorDeclDesignatedTypes18#1 len=287 artifacts=46 advent-overaccept=30 advent-underaccept=15 compiler-timeout=6 reference-disagreement=1678 same=25329 tree-difference=4
[27063/100000] reference-disagreement wide:extension-member:raw:translated:testRecovery12#1+reject:testABIAttribute#8 len=177 artifacts=46 advent-overaccept=30 advent-underaccept=15 compiler-timeout=6 reference-disagreement=1679 same=25329 tree-difference=4
[27102/100000] reference-disagreement tspl-divergence-accessor-commitment len=78 artifacts=46 advent-overaccept=30 advent-underaccept=15 compiler-timeout=6 reference-disagreement=1680 same=25367 tree-difference=4
[27121/100000] reference-disagreement member-list-wide-boundary len=235 artifacts=46 advent-overaccept=30 advent-underaccept=15 compiler-timeout=6 reference-disagreement=1681 same=25385 tree-difference=4
[27151/100000] reference-disagreement wide:func-body:raw:real:ResultBuilders:463 len=162 artifacts=46 advent-overaccept=30 advent-underaccept=15 compiler-timeout=6 reference-disagreement=1682 same=25414 tree-difference=4
[27161/100000] reference-disagreement seed-corpus-structural-splice:extension-optional-type len=83 artifacts=46 advent-overaccept=30 advent-underaccept=15 compiler-timeout=6 reference-disagreement=1683 same=25423 tree-difference=4
[27163/100000] reference-disagreement wide:struct-member:keyword+newline:phase4-import:import-dotted len=31 artifacts=46 advent-overaccept=30 advent-underaccept=15 compiler-timeout=6 reference-disagreement=1684 same=25424 tree-difference=4
[27170/100000] reference-disagreement cast-try-operator-cluster len=24 artifacts=46 advent-overaccept=30 advent-underaccept=15 compiler-timeout=6 reference-disagreement=1685 same=25430 tree-difference=4
[27180/100000] reference-disagreement wide:func-body:swap+line-comment:real:Trivia:108+real:ResultBuilders:154 len=227 artifacts=46 advent-overaccept=30 advent-underaccept=15 compiler-timeout=6 reference-disagreement=1686 same=25439 tree-difference=4
[27191/100000] reference-disagreement wide:struct-member:glue+line-comment:real:Syntax+StringInterpolation:354 len=696 artifacts=46 advent-overaccept=30 advent-underaccept=15 compiler-timeout=6 reference-disagreement=1687 same=25449 tree-difference=4
[27193/100000] reference-disagreement keypath-component-matrix len=36 artifacts=46 advent-overaccept=30 advent-underaccept=15 compiler-timeout=6 reference-disagreement=1688 same=25450 tree-difference=4
[27195/100000] reference-disagreement nested-ifconfig-boundary len=163 artifacts=46 advent-overaccept=30 advent-underaccept=15 compiler-timeout=6 reference-disagreement=1689 same=25451 tree-difference=4
[27198/100000] reference-disagreement wide:closure:block-comment:real:SyntaxExpressibleByStringInterpolationConformances:247 len=103 artifacts=46 advent-overaccept=30 advent-underaccept=15 compiler-timeout=6 reference-disagreement=1690 same=25453 tree-difference=4
[27200/100000] reference-disagreement grammarish-member-list len=333 artifacts=46 advent-overaccept=30 advent-underaccept=15 compiler-timeout=6 reference-disagreement=1691 same=25454 tree-difference=4
[27222/100000] reference-disagreement wide:func-body:glue:real:SyntaxExpressibleByStringInterpolationConformances:181 len=171 artifacts=46 advent-overaccept=30 advent-underaccept=15 compiler-timeout=6 reference-disagreement=1692 same=25475 tree-difference=4
[27238/100000] reference-disagreement wide:trailing-closure:raw:attribute:testDerivativeAttribute#5 len=54 artifacts=46 advent-overaccept=30 advent-underaccept=15 compiler-timeout=6 reference-disagreement=1693 same=25490 tree-difference=4
[27250/100000] same frontier:condition-trailing-closure-scope len=489 artifacts=46 advent-overaccept=30 advent-underaccept=15 compiler-timeout=6 reference-disagreement=1693 same=25502 tree-difference=4
[27287/100000] reference-disagreement binding-pattern len=458 artifacts=46 advent-overaccept=30 advent-underaccept=15 compiler-timeout=6 reference-disagreement=1694 same=25538 tree-difference=4
[27293/100000] reference-disagreement wide:struct-member:line-comment:translated:testOperators18#1 len=75 artifacts=46 advent-overaccept=30 advent-underaccept=15 compiler-timeout=6 reference-disagreement=1695 same=25543 tree-difference=4
[27300/100000] reference-disagreement wide:extension-member:block-comment+newline:real:ActiveSyntaxRewriter:423 len=322 artifacts=46 advent-overaccept=30 advent-underaccept=15 compiler-timeout=6 reference-disagreement=1696 same=25549 tree-difference=4
[27307/100000] reference-disagreement wide:extension-member:line-comment+glue+glue:phase4-decl:op-postfix len=38 artifacts=46 advent-overaccept=30 advent-underaccept=15 compiler-timeout=6 reference-disagreement=1697 same=25555 tree-difference=4
[27313/100000] reference-disagreement keypath-boundary len=36 artifacts=46 advent-overaccept=30 advent-underaccept=15 compiler-timeout=6 reference-disagreement=1698 same=25560 tree-difference=4
[27314/100000] reference-disagreement tspl-divergence-protocol-body len=165 artifacts=46 advent-overaccept=30 advent-underaccept=15 compiler-timeout=6 reference-disagreement=1699 same=25560 tree-difference=4
[27344/100000] advent-overaccept wide:func-body:raw:declaration:testUsing#11 len=41 artifacts=47 advent-overaccept=31 advent-underaccept=15 compiler-timeout=6 reference-disagreement=1699 same=25589 tree-difference=4
[27354/100000] reference-disagreement attribute-ifconfig-elseif-list len=112 artifacts=47 advent-overaccept=31 advent-underaccept=15 compiler-timeout=6 reference-disagreement=1700 same=25598 tree-difference=4
[27360/100000] reference-disagreement attribute-ifconfig-elseif-list len=113 artifacts=47 advent-overaccept=31 advent-underaccept=15 compiler-timeout=6 reference-disagreement=1701 same=25603 tree-difference=4
[27362/100000] reference-disagreement wide:extension-member:newline+keyword+splice:translated:testTypeExpr30#1 len=258 artifacts=47 advent-overaccept=31 advent-underaccept=15 compiler-timeout=6 reference-disagreement=1702 same=25604 tree-difference=4
[27393/100000] reference-disagreement wide:struct-member:keyword:real:SyntaxTraits:766 len=55 artifacts=47 advent-overaccept=31 advent-underaccept=15 compiler-timeout=6 reference-disagreement=1703 same=25634 tree-difference=4
[27396/100000] reference-disagreement wide:extension-member:raw:phase4-decl:op-precedence len=58 artifacts=47 advent-overaccept=31 advent-underaccept=15 compiler-timeout=6 reference-disagreement=1704 same=25636 tree-difference=4
[27397/100000] reference-disagreement func-body len=458 artifacts=47 advent-overaccept=31 advent-underaccept=15 compiler-timeout=6 reference-disagreement=1705 same=25636 tree-difference=4
[27398/100000] reference-disagreement keypath-boundary len=38 artifacts=47 advent-overaccept=31 advent-underaccept=15 compiler-timeout=6 reference-disagreement=1706 same=25636 tree-difference=4
[27400/100000] reference-disagreement statement-list len=468 artifacts=47 advent-overaccept=31 advent-underaccept=15 compiler-timeout=6 reference-disagreement=1707 same=25637 tree-difference=4
[27405/100000] reference-disagreement wide:func-body:newline+block-comment+keyword:real:LexerDiagnosticMessages:136 len=492 artifacts=47 advent-overaccept=31 advent-underaccept=15 compiler-timeout=6 reference-disagreement=1708 same=25641 tree-difference=4
[27410/100000] reference-disagreement wide:trailing-closure:newline:real:LexerDiagnosticMessages:153 len=748 artifacts=47 advent-overaccept=31 advent-underaccept=15 compiler-timeout=6 reference-disagreement=1709 same=25645 tree-difference=4
[27436/100000] reference-disagreement wide:before-statement:block-comment+space+splice:declaration:testIssue1025#1 len=107 artifacts=47 advent-overaccept=31 advent-underaccept=15 compiler-timeout=6 reference-disagreement=1710 same=25670 tree-difference=4
[27455/100000] reference-disagreement wide:struct-member:block-comment+newline:real:BuildableNodes:110 len=1069 artifacts=47 advent-overaccept=31 advent-underaccept=15 compiler-timeout=6 reference-disagreement=1711 same=25688 tree-difference=4
[27476/100000] reference-disagreement keypath-boundary len=33 artifacts=47 advent-overaccept=31 advent-underaccept=15 compiler-timeout=6 reference-disagreement=1712 same=25708 tree-difference=4
[27479/100000] reference-disagreement keypath-boundary len=44 artifacts=47 advent-overaccept=31 advent-underaccept=15 compiler-timeout=6 reference-disagreement=1713 same=25710 tree-difference=4
[27500/100000] same wide:closure:space+block-comment:reject:testTypedThrows#2 len=64 artifacts=47 advent-overaccept=31 advent-underaccept=15 compiler-timeout=6 reference-disagreement=1713 same=25731 tree-difference=4
[27501/100000] reference-disagreement wide:func-body:raw:real:SyntaxExpressibleByStringInterpolationConformances:55 len=180 artifacts=47 advent-overaccept=31 advent-underaccept=15 compiler-timeout=6 reference-disagreement=1714 same=25731 tree-difference=4
[27511/100000] reference-disagreement tspl-divergence-protocol-body len=208 artifacts=47 advent-overaccept=31 advent-underaccept=15 compiler-timeout=6 reference-disagreement=1715 same=25740 tree-difference=4
[27531/100000] reference-disagreement wide:extension-member:space+line-comment+newline:real:SyntaxTraits:718 len=91 artifacts=47 advent-overaccept=31 advent-underaccept=15 compiler-timeout=6 reference-disagreement=1716 same=25759 tree-difference=4
[27549/100000] reference-disagreement attribute-ifconfig-elseif-list len=126 artifacts=47 advent-overaccept=31 advent-underaccept=15 compiler-timeout=6 reference-disagreement=1717 same=25776 tree-difference=4
[27606/100000] reference-disagreement tspl-divergence-protocol-body len=199 artifacts=47 advent-overaccept=31 advent-underaccept=15 compiler-timeout=6 reference-disagreement=1718 same=25832 tree-difference=4
[27616/100000] reference-disagreement member-list-wide-boundary len=236 artifacts=47 advent-overaccept=31 advent-underaccept=15 compiler-timeout=6 reference-disagreement=1719 same=25841 tree-difference=4
[27635/100000] reference-disagreement wide:func-body:keyword+delete:translated:testDeinitAsync#1 len=61 artifacts=47 advent-overaccept=31 advent-underaccept=15 compiler-timeout=6 reference-disagreement=1720 same=25859 tree-difference=4
[27637/100000] reference-disagreement func-body len=458 artifacts=47 advent-overaccept=31 advent-underaccept=15 compiler-timeout=6 reference-disagreement=1721 same=25860 tree-difference=4
[27645/100000] reference-disagreement wide:func-body:raw:real:SyntaxTraits:852 len=65 artifacts=47 advent-overaccept=31 advent-underaccept=15 compiler-timeout=6 reference-disagreement=1722 same=25867 tree-difference=4
[27671/100000] reference-disagreement wide:trailing-closure:newline:real:IndentationUtils:21 len=281 artifacts=47 advent-overaccept=31 advent-underaccept=15 compiler-timeout=6 reference-disagreement=1723 same=25892 tree-difference=4
[27686/100000] reference-disagreement grammarish-member-list len=174 artifacts=47 advent-overaccept=31 advent-underaccept=15 compiler-timeout=6 reference-disagreement=1724 same=25906 tree-difference=4
[27703/100000] reference-disagreement wide:ifconfig:space:translated:testEnumCaseWithWildcardAsFirstName#2 len=45 artifacts=47 advent-overaccept=31 advent-underaccept=15 compiler-timeout=6 reference-disagreement=1725 same=25922 tree-difference=4
[27712/100000] reference-disagreement wide:extension-member:line-comment+glue:real:ResultBuilders:719+declaration:testSuppressedImplicitConformance#2 len=215 artifacts=47 advent-overaccept=31 advent-underaccept=15 compiler-timeout=6 reference-disagreement=1726 same=25930 tree-difference=4
[27713/100000] reference-disagreement seed-corpus-structural-splice:preconcurrency-import len=79 artifacts=47 advent-overaccept=31 advent-underaccept=15 compiler-timeout=6 reference-disagreement=1727 same=25930 tree-difference=4
[27718/100000] reference-disagreement keypath-component-matrix len=59 artifacts=47 advent-overaccept=31 advent-underaccept=15 compiler-timeout=6 reference-disagreement=1728 same=25934 tree-difference=4
[27743/100000] reference-disagreement wide:func-body:duplicate+newline:real:Syntax+StringInterpolation:320+declaration:testParseSpecializeAttribute#2 len=446 artifacts=47 advent-overaccept=31 advent-underaccept=15 compiler-timeout=6 reference-disagreement=1729 same=25958 tree-difference=4
[27744/100000] reference-disagreement attribute-ifconfig-elseif-list len=119 artifacts=47 advent-overaccept=31 advent-underaccept=15 compiler-timeout=6 reference-disagreement=1730 same=25958 tree-difference=4
[27750/100000] same declaration-modifier-stack len=27 artifacts=47 advent-overaccept=31 advent-underaccept=15 compiler-timeout=6 reference-disagreement=1730 same=25964 tree-difference=4
[27758/100000] reference-disagreement wide:struct-member:block-comment:real:LayoutNodes+Parsable:143 len=214 artifacts=47 advent-overaccept=31 advent-underaccept=15 compiler-timeout=6 reference-disagreement=1731 same=25971 tree-difference=4
[27771/100000] reference-disagreement wide:extension-member:raw:real:Attributes:930 len=980 artifacts=47 advent-overaccept=31 advent-underaccept=15 compiler-timeout=6 reference-disagreement=1732 same=25983 tree-difference=4
[27777/100000] reference-disagreement wide:closure:newline+glue:real:Syntax+StringInterpolation:284+translated:testDiagnoseAvailability19#1 len=147 artifacts=47 advent-overaccept=31 advent-underaccept=15 compiler-timeout=6 reference-disagreement=1733 same=25988 tree-difference=4
[27797/100000] reference-disagreement grammarish-member-list len=248 artifacts=47 advent-overaccept=31 advent-underaccept=15 compiler-timeout=6 reference-disagreement=1734 same=26007 tree-difference=4
[27799/100000] reference-disagreement wide:closure:raw:real:SyntaxNodeWithBody:74+translated:testConflictMarkers2#1 len=565 artifacts=47 advent-overaccept=31 advent-underaccept=15 compiler-timeout=6 reference-disagreement=1735 same=26008 tree-difference=4
[27815/100000] reference-disagreement wide:func-body:space+delete:translated:testInvalidStringInterpolationProtocol1#1 len=593 artifacts=47 advent-overaccept=31 advent-underaccept=15 compiler-timeout=6 reference-disagreement=1736 same=26023 tree-difference=4
[27845/100000] reference-disagreement wide:trailing-closure:block-comment:translated:testOperatorDeclDesignatedTypes8#1 len=56 artifacts=47 advent-overaccept=31 advent-underaccept=15 compiler-timeout=6 reference-disagreement=1737 same=26052 tree-difference=4
[27847/100000] reference-disagreement wide:trailing-closure:block-comment+space:real:SyntaxUtils:71 len=133 artifacts=47 advent-overaccept=31 advent-underaccept=15 compiler-timeout=6 reference-disagreement=1738 same=26053 tree-difference=4
[27848/100000] reference-disagreement tspl-divergence-protocol-body len=217 artifacts=47 advent-overaccept=31 advent-underaccept=15 compiler-timeout=6 reference-disagreement=1739 same=26053 tree-difference=4
[27852/100000] reference-disagreement seed-corpus-wrapped:extension-optional-type len=52 artifacts=47 advent-overaccept=31 advent-underaccept=15 compiler-timeout=6 reference-disagreement=1740 same=26056 tree-difference=4
[27877/100000] reference-disagreement wide:func-body:newline:phase4-keypath:kp-optional+real:DeclSyntaxParseable:59 len=86 artifacts=47 advent-overaccept=31 advent-underaccept=15 compiler-timeout=6 reference-disagreement=1741 same=26080 tree-difference=4
[27893/100000] reference-disagreement tspl-divergence-protocol-body len=239 artifacts=47 advent-overaccept=31 advent-underaccept=15 compiler-timeout=6 reference-disagreement=1742 same=26095 tree-difference=4
[27902/100000] reference-disagreement wide:top:line-comment:phase4-coroutine:coroutine-modify len=54 artifacts=47 advent-overaccept=31 advent-underaccept=15 compiler-timeout=6 reference-disagreement=1743 same=26103 tree-difference=4
[27937/100000] reference-disagreement wide:trailing-closure:line-comment+splice+newline:real:MacroExpansion:27 len=270 artifacts=47 advent-overaccept=31 advent-underaccept=15 compiler-timeout=6 reference-disagreement=1744 same=26137 tree-difference=4
[27940/100000] reference-disagreement wide:struct-member:swap:real:ScopeImplementations:746+phase4-loop:for-in len=209 artifacts=47 advent-overaccept=31 advent-underaccept=15 compiler-timeout=6 reference-disagreement=1745 same=26139 tree-difference=4
[27946/100000] reference-disagreement wide:trailing-closure:raw:real:JSON:14 len=380 artifacts=47 advent-overaccept=31 advent-underaccept=15 compiler-timeout=6 reference-disagreement=1746 same=26144 tree-difference=4
[27956/100000] reference-disagreement wide:trailing-closure:raw:real:SyntaxUtils:25 len=265 artifacts=47 advent-overaccept=31 advent-underaccept=15 compiler-timeout=6 reference-disagreement=1747 same=26153 tree-difference=4
[27980/100000] reference-disagreement grammarish-member-list len=312 artifacts=47 advent-overaccept=31 advent-underaccept=15 compiler-timeout=6 reference-disagreement=1748 same=26176 tree-difference=4
[27989/100000] reference-disagreement wide:func-body:newline+space:real:SyntaxTraits:858 len=91 artifacts=47 advent-overaccept=31 advent-underaccept=15 compiler-timeout=6 reference-disagreement=1749 same=26184 tree-difference=4
[28000/100000] same accessor-effect-boundary len=57 artifacts=47 advent-overaccept=31 advent-underaccept=15 compiler-timeout=6 reference-disagreement=1749 same=26195 tree-difference=4
[28025/100000] reference-disagreement declaration-modifier-stack len=34 artifacts=47 advent-overaccept=31 advent-underaccept=15 compiler-timeout=6 reference-disagreement=1750 same=26219 tree-difference=4
[28047/100000] reference-disagreement wide:func-body:block-comment+space:real:SyntaxTraits:297 len=415 artifacts=47 advent-overaccept=31 advent-underaccept=15 compiler-timeout=6 reference-disagreement=1751 same=26240 tree-difference=4
[28059/100000] reference-disagreement wide:trailing-closure:block-comment+block-comment+line-comment:real:ResultBuilders:414 len=212 artifacts=47 advent-overaccept=31 advent-underaccept=15 compiler-timeout=6 reference-disagreement=1752 same=26251 tree-difference=4
[28060/100000] reference-disagreement wide:func-body:newline:real:Syntax+StringInterpolation:253 len=259 artifacts=47 advent-overaccept=31 advent-underaccept=15 compiler-timeout=6 reference-disagreement=1753 same=26251 tree-difference=4
[28064/100000] reference-disagreement tspl-divergence-protocol-body len=111 artifacts=47 advent-overaccept=31 advent-underaccept=15 compiler-timeout=6 reference-disagreement=1754 same=26254 tree-difference=4
[28107/100000] reference-disagreement tspl-divergence-protocol-body len=192 artifacts=47 advent-overaccept=31 advent-underaccept=15 compiler-timeout=6 reference-disagreement=1755 same=26296 tree-difference=4
[28108/100000] reference-disagreement wide:closure:space:translated:testOperatorDeclDesignatedTypes1#1 len=79 artifacts=47 advent-overaccept=31 advent-underaccept=15 compiler-timeout=6 reference-disagreement=1756 same=26296 tree-difference=4
[28117/100000] reference-disagreement member-list-wide-boundary len=350 artifacts=47 advent-overaccept=31 advent-underaccept=15 compiler-timeout=6 reference-disagreement=1757 same=26304 tree-difference=4
[28118/100000] reference-disagreement wide:func-body:glue+splice:real:MissingNodeInitializers:58 len=139 artifacts=47 advent-overaccept=31 advent-underaccept=15 compiler-timeout=6 reference-disagreement=1758 same=26304 tree-difference=4
[28127/100000] reference-disagreement wide:trailing-closure:newline:translated:testOrinalDefinedInAttr12#1 len=86 artifacts=47 advent-overaccept=31 advent-underaccept=15 compiler-timeout=6 reference-disagreement=1759 same=26312 tree-difference=4
[28154/100000] reference-disagreement wide:closure:line-comment+line-comment:real:Assertions:648+real:SourceLocation:477 len=527 artifacts=47 advent-overaccept=31 advent-underaccept=15 compiler-timeout=6 reference-disagreement=1760 same=26338 tree-difference=4
[28171/100000] advent-overaccept wide:closure:raw:phase4-coroutine:op-trailing-comma len=62 artifacts=48 advent-overaccept=32 advent-underaccept=15 compiler-timeout=6 reference-disagreement=1760 same=26354 tree-difference=4
[28186/100000] reference-disagreement wide:trailing-closure:newline+glue+space:real:ResultBuilders:293 len=129 artifacts=48 advent-overaccept=32 advent-underaccept=15 compiler-timeout=6 reference-disagreement=1761 same=26368 tree-difference=4
[28205/100000] reference-disagreement grammarish-member-list len=138 artifacts=48 advent-overaccept=32 advent-underaccept=15 compiler-timeout=6 reference-disagreement=1762 same=26386 tree-difference=4
[28208/100000] reference-disagreement statement-list len=519 artifacts=48 advent-overaccept=32 advent-underaccept=15 compiler-timeout=6 reference-disagreement=1763 same=26388 tree-difference=4
[28230/100000] reference-disagreement tspl-divergence-protocol-body len=169 artifacts=48 advent-overaccept=32 advent-underaccept=15 compiler-timeout=6 reference-disagreement=1764 same=26409 tree-difference=4
[28249/100000] reference-disagreement wide:closure:space:declaration:testParseIsolatedConformances#4 len=62 artifacts=48 advent-overaccept=32 advent-underaccept=15 compiler-timeout=6 reference-disagreement=1765 same=26427 tree-difference=4
[28250/100000] same wide:struct-member:delete+block-comment+space:real:SyntaxCollections:2113 len=511 artifacts=48 advent-overaccept=32 advent-underaccept=15 compiler-timeout=6 reference-disagreement=1765 same=26428 tree-difference=4
[28278/100000] reference-disagreement wide:closure:keyword:real:LayoutNodes+Parsable:159 len=211 artifacts=48 advent-overaccept=32 advent-underaccept=15 compiler-timeout=6 reference-disagreement=1766 same=26455 tree-difference=4
[28290/100000] reference-disagreement tspl-divergence-protocol-body len=131 artifacts=48 advent-overaccept=32 advent-underaccept=15 compiler-timeout=6 reference-disagreement=1767 same=26466 tree-difference=4
[28292/100000] reference-disagreement wide:ifconfig:space+duplicate:real:ConfiguredRegions:131 len=250 artifacts=48 advent-overaccept=32 advent-underaccept=15 compiler-timeout=6 reference-disagreement=1768 same=26467 tree-difference=4
[28330/100000] reference-disagreement wide:closure:block-comment:expression:testInitCallInPoundIf#1+translated:testOperatorDeclDesignatedTypes10#1 len=118 artifacts=48 advent-overaccept=32 advent-underaccept=15 compiler-timeout=6 reference-disagreement=1769 same=26504 tree-difference=4
[28332/100000] reference-disagreement attribute-ifconfig-elseif-list len=117 artifacts=48 advent-overaccept=32 advent-underaccept=15 compiler-timeout=6 reference-disagreement=1770 same=26505 tree-difference=4
[28372/100000] reference-disagreement tspl-divergence-protocol-body len=207 artifacts=48 advent-overaccept=32 advent-underaccept=15 compiler-timeout=6 reference-disagreement=1771 same=26544 tree-difference=4
[28425/100000] reference-disagreement wide:extension-member:raw:real:ParserDiagnosticMessages:30 len=296 artifacts=48 advent-overaccept=32 advent-underaccept=15 compiler-timeout=6 reference-disagreement=1772 same=26596 tree-difference=4
[28429/100000] reference-disagreement wide:trailing-closure:keyword:real:MissingNodeInitializers:58 len=130 artifacts=48 advent-overaccept=32 advent-underaccept=15 compiler-timeout=6 reference-disagreement=1773 same=26599 tree-difference=4
[28457/100000] reference-disagreement grammarish-member-list len=110 artifacts=48 advent-overaccept=32 advent-underaccept=15 compiler-timeout=6 reference-disagreement=1774 same=26626 tree-difference=4
[28465/100000] reference-disagreement wide:func-body:glue+glue+newline:translated:testSuper2h#1+real:Attributes:390 len=769 artifacts=48 advent-overaccept=32 advent-underaccept=15 compiler-timeout=6 reference-disagreement=1775 same=26633 tree-difference=4
[28479/100000] reference-disagreement wide:closure:glue+space+keyword:real:CompilerPluginMessageHandler:287 len=377 artifacts=48 advent-overaccept=32 advent-underaccept=15 compiler-timeout=6 reference-disagreement=1776 same=26646 tree-difference=4
[28499/100000] reference-disagreement keypath-boundary len=33 artifacts=48 advent-overaccept=32 advent-underaccept=15 compiler-timeout=6 reference-disagreement=1777 same=26665 tree-difference=4
[28500/100000] same frontier:interpolation-delimiter len=358 artifacts=48 advent-overaccept=32 advent-underaccept=15 compiler-timeout=6 reference-disagreement=1777 same=26666 tree-difference=4
[28504/100000] reference-disagreement grammarish-member-list len=139 artifacts=48 advent-overaccept=32 advent-underaccept=15 compiler-timeout=6 reference-disagreement=1778 same=26669 tree-difference=4
[28528/100000] reference-disagreement wide:trailing-closure:space:real:StandardIOMessageConnection:24 len=36 artifacts=48 advent-overaccept=32 advent-underaccept=15 compiler-timeout=6 reference-disagreement=1779 same=26692 tree-difference=4
[28550/100000] reference-disagreement wide:extension-member:duplicate:real:IsValidIdentifier:68 len=1117 artifacts=48 advent-overaccept=32 advent-underaccept=15 compiler-timeout=6 reference-disagreement=1780 same=26713 tree-difference=4
[28567/100000] reference-disagreement wide:interpolation:keyword+delete+splice:reject:testModuleSelectorIncorrectTypeDecls#4 len=33 artifacts=48 advent-overaccept=32 advent-underaccept=15 compiler-timeout=6 reference-disagreement=1781 same=26729 tree-difference=4
[28570/100000] reference-disagreement wide:after-statement:raw:translated:testInvalid39#1 len=46 artifacts=48 advent-overaccept=32 advent-underaccept=15 compiler-timeout=6 reference-disagreement=1782 same=26731 tree-difference=4
[28587/100000] reference-disagreement wide:struct-member:newline:translated:testTypealias2c#1+real:CustomTraits:35 len=211 artifacts=48 advent-overaccept=32 advent-underaccept=15 compiler-timeout=6 reference-disagreement=1783 same=26747 tree-difference=4
[28591/100000] reference-disagreement member-list-wide-boundary len=368 artifacts=48 advent-overaccept=32 advent-underaccept=15 compiler-timeout=6 reference-disagreement=1784 same=26750 tree-difference=4
[28595/100000] reference-disagreement wide:trailing-closure:newline:real:SyntaxTraits:810 len=78 artifacts=48 advent-overaccept=32 advent-underaccept=15 compiler-timeout=6 reference-disagreement=1785 same=26753 tree-difference=4
[28604/100000] reference-disagreement tspl-divergence-protocol-body len=197 artifacts=48 advent-overaccept=32 advent-underaccept=15 compiler-timeout=6 reference-disagreement=1786 same=26761 tree-difference=4
[28612/100000] reference-disagreement member-list-wide-boundary len=192 artifacts=48 advent-overaccept=32 advent-underaccept=15 compiler-timeout=6 reference-disagreement=1787 same=26768 tree-difference=4
[28617/100000] reference-disagreement wide:before-statement:line-comment+block-comment:translated:testInitDeinit20#1 len=85 artifacts=48 advent-overaccept=32 advent-underaccept=15 compiler-timeout=6 reference-disagreement=1788 same=26772 tree-difference=4
[28643/100000] reference-disagreement wide:struct-member:block-comment:real:MacroReplacement:78 len=410 artifacts=48 advent-overaccept=32 advent-underaccept=15 compiler-timeout=6 reference-disagreement=1789 same=26797 tree-difference=4
[28651/100000] reference-disagreement binding-pattern len=458 artifacts=48 advent-overaccept=32 advent-underaccept=15 compiler-timeout=6 reference-disagreement=1790 same=26804 tree-difference=4
[28657/100000] reference-disagreement attribute-ifconfig-elseif-list len=118 artifacts=48 advent-overaccept=32 advent-underaccept=15 compiler-timeout=6 reference-disagreement=1791 same=26809 tree-difference=4
[28660/100000] reference-disagreement wide:func-body:raw:attribute:testDifferentiableAttribute#1 len=131 artifacts=48 advent-overaccept=32 advent-underaccept=15 compiler-timeout=6 reference-disagreement=1792 same=26811 tree-difference=4
[28669/100000] reference-disagreement wide:func-body:glue:real:SyntaxTraits:460 len=421 artifacts=48 advent-overaccept=32 advent-underaccept=15 compiler-timeout=6 reference-disagreement=1793 same=26819 tree-difference=4
[28677/100000] reference-disagreement wide:extension-member:newline:real:Parser:449 len=1092 artifacts=48 advent-overaccept=32 advent-underaccept=15 compiler-timeout=6 reference-disagreement=1794 same=26826 tree-difference=4
[28683/100000] reference-disagreement wide:struct-member:glue:real:ResultBuilders:570+real:IdentifiableSyntax:46 len=333 artifacts=48 advent-overaccept=32 advent-underaccept=15 compiler-timeout=6 reference-disagreement=1795 same=26831 tree-difference=4
[28688/100000] reference-disagreement cast-try-operator-cluster len=24 artifacts=48 advent-overaccept=32 advent-underaccept=15 compiler-timeout=6 reference-disagreement=1796 same=26835 tree-difference=4
[28691/100000] reference-disagreement attribute-ifconfig-elseif-list len=116 artifacts=48 advent-overaccept=32 advent-underaccept=15 compiler-timeout=6 reference-disagreement=1797 same=26837 tree-difference=4
[28712/100000] reference-disagreement tspl-divergence-protocol-body len=257 artifacts=48 advent-overaccept=32 advent-underaccept=15 compiler-timeout=6 reference-disagreement=1798 same=26857 tree-difference=4
[28721/100000] reference-disagreement wide:trailing-closure:raw:phase4-import:import-kind len=38 artifacts=48 advent-overaccept=32 advent-underaccept=15 compiler-timeout=6 reference-disagreement=1799 same=26865 tree-difference=4
[28724/100000] reference-disagreement wide:trailing-closure:block-comment+block-comment:translated:testAsync16#1 len=56 artifacts=48 advent-overaccept=32 advent-underaccept=15 compiler-timeout=6 reference-disagreement=1800 same=26867 tree-difference=4
[28750/100000] same ifconfig-boundary len=50 artifacts=48 advent-overaccept=32 advent-underaccept=15 compiler-timeout=6 reference-disagreement=1800 same=26893 tree-difference=4
[28774/100000] reference-disagreement keypath-component-matrix len=33 artifacts=48 advent-overaccept=32 advent-underaccept=15 compiler-timeout=6 reference-disagreement=1801 same=26916 tree-difference=4
[28778/100000] reference-disagreement wide:trailing-closure:space:real:Declarations:2404 len=424 artifacts=48 advent-overaccept=32 advent-underaccept=15 compiler-timeout=6 reference-disagreement=1802 same=26919 tree-difference=4
[28807/100000] reference-disagreement tspl-divergence-accessor-commitment len=78 artifacts=48 advent-overaccept=32 advent-underaccept=15 compiler-timeout=6 reference-disagreement=1803 same=26947 tree-difference=4
[28810/100000] reference-disagreement tspl-divergence-accessor-commitment len=49 artifacts=48 advent-overaccept=32 advent-underaccept=15 compiler-timeout=6 reference-disagreement=1804 same=26949 tree-difference=4
[28814/100000] reference-disagreement attribute-ifconfig-elseif-list len=125 artifacts=48 advent-overaccept=32 advent-underaccept=15 compiler-timeout=6 reference-disagreement=1805 same=26952 tree-difference=4
[28818/100000] reference-disagreement wide:before-statement:line-comment+newline:attribute:testSendable#1 len=92 artifacts=48 advent-overaccept=32 advent-underaccept=15 compiler-timeout=6 reference-disagreement=1806 same=26955 tree-difference=4
[28846/100000] reference-disagreement wide:trailing-closure:raw:translated:testTypeExpr25b#1+real:SyntaxBaseNodes:946 len=88 artifacts=48 advent-overaccept=32 advent-underaccept=15 compiler-timeout=6 reference-disagreement=1807 same=26982 tree-difference=4
[28866/100000] reference-disagreement keypath-boundary len=36 artifacts=48 advent-overaccept=32 advent-underaccept=15 compiler-timeout=6 reference-disagreement=1808 same=27001 tree-difference=4
[28890/100000] reference-disagreement wide:closure:line-comment:real:MissingNodesError:253 len=287 artifacts=48 advent-overaccept=32 advent-underaccept=15 compiler-timeout=6 reference-disagreement=1809 same=27024 tree-difference=4
[28908/100000] reference-disagreement tspl-divergence-protocol-body len=190 artifacts=48 advent-overaccept=32 advent-underaccept=15 compiler-timeout=6 reference-disagreement=1810 same=27041 tree-difference=4
[28918/100000] reference-disagreement wide:closure:raw:phase4-precedence:pg-lower len=73 artifacts=48 advent-overaccept=32 advent-underaccept=15 compiler-timeout=6 reference-disagreement=1811 same=27050 tree-difference=4
[28919/100000] reference-disagreement tspl-divergence-protocol-body len=214 artifacts=48 advent-overaccept=32 advent-underaccept=15 compiler-timeout=6 reference-disagreement=1812 same=27050 tree-difference=4
[28928/100000] reference-disagreement attribute-ifconfig-elseif-list len=112 artifacts=48 advent-overaccept=32 advent-underaccept=15 compiler-timeout=6 reference-disagreement=1813 same=27058 tree-difference=4
[29000/100000] same tspl-divergence-accessor-commitment len=103 artifacts=48 advent-overaccept=32 advent-underaccept=15 compiler-timeout=6 reference-disagreement=1813 same=27130 tree-difference=4
[29004/100000] reference-disagreement attribute-ifconfig-elseif-list len=112 artifacts=48 advent-overaccept=32 advent-underaccept=15 compiler-timeout=6 reference-disagreement=1814 same=27133 tree-difference=4
[29052/100000] reference-disagreement wide:func-body:newline:real:Expressions:2820 len=555 artifacts=48 advent-overaccept=32 advent-underaccept=15 compiler-timeout=6 reference-disagreement=1815 same=27180 tree-difference=4
[29062/100000] reference-disagreement wide:func-body:raw:translated:testEffectfulProperties14#1+real:SyntaxExtensions:72 len=326 artifacts=48 advent-overaccept=32 advent-underaccept=15 compiler-timeout=6 reference-disagreement=1816 same=27189 tree-difference=4
[29095/100000] reference-disagreement wide:func-body:glue+block-comment:real:ResultBuilders:384 len=149 artifacts=48 advent-overaccept=32 advent-underaccept=15 compiler-timeout=6 reference-disagreement=1817 same=27221 tree-difference=4
[29115/100000] reference-disagreement attribute-ifconfig-elseif-list len=113 artifacts=48 advent-overaccept=32 advent-underaccept=15 compiler-timeout=6 reference-disagreement=1818 same=27240 tree-difference=4
[29142/100000] reference-disagreement seed-corpus-structural-splice:preconcurrency-import len=94 artifacts=48 advent-overaccept=32 advent-underaccept=15 compiler-timeout=6 reference-disagreement=1819 same=27266 tree-difference=4
[29179/100000] reference-disagreement binding-pattern len=458 artifacts=48 advent-overaccept=32 advent-underaccept=15 compiler-timeout=6 reference-disagreement=1820 same=27302 tree-difference=4
[29200/100000] advent-overaccept wide:after-statement:newline:declaration:testUsing#11+translated:testEnum38#1 len=93 artifacts=49 advent-overaccept=33 advent-underaccept=15 compiler-timeout=6 reference-disagreement=1820 same=27322 tree-difference=4
[29211/100000] reference-disagreement tspl-divergence-accessor-commitment len=78 artifacts=49 advent-overaccept=33 advent-underaccept=15 compiler-timeout=6 reference-disagreement=1821 same=27332 tree-difference=4
[29218/100000] reference-disagreement wide:struct-member:raw:real:SyntaxEditUtils:70+phase4-decl:arrow-throws len=770 artifacts=49 advent-overaccept=33 advent-underaccept=15 compiler-timeout=6 reference-disagreement=1822 same=27338 tree-difference=4
[29226/100000] reference-disagreement wide:closure:block-comment+keyword:real:ResultBuilders:297 len=204 artifacts=49 advent-overaccept=33 advent-underaccept=15 compiler-timeout=6 reference-disagreement=1823 same=27345 tree-difference=4
[29232/100000] reference-disagreement wide:func-body:newline:real:SyntaxEditUtils:70+real:Syntax:348 len=873 artifacts=49 advent-overaccept=33 advent-underaccept=15 compiler-timeout=6 reference-disagreement=1824 same=27350 tree-difference=4
[29233/100000] reference-disagreement wide:func-body:raw:real:SyntaxTraits:842 len=59 artifacts=49 advent-overaccept=33 advent-underaccept=15 compiler-timeout=6 reference-disagreement=1825 same=27350 tree-difference=4
[29235/100000] reference-disagreement wide:trailing-closure:raw:real:TokenSpecSet:768+reject:testCoroutineAccessors#2 len=674 artifacts=49 advent-overaccept=33 advent-underaccept=15 compiler-timeout=6 reference-disagreement=1826 same=27351 tree-difference=4
[29250/100000] same macro-attribute-directive-boundary len=76 artifacts=49 advent-overaccept=33 advent-underaccept=15 compiler-timeout=6 reference-disagreement=1826 same=27366 tree-difference=4
[29258/100000] reference-disagreement wide:func-body:raw:real:Lexer:18 len=37 artifacts=49 advent-overaccept=33 advent-underaccept=15 compiler-timeout=6 reference-disagreement=1827 same=27373 tree-difference=4
[29260/100000] reference-disagreement wide:closure:raw:translated:testOperators18#1 len=75 artifacts=49 advent-overaccept=33 advent-underaccept=15 compiler-timeout=6 reference-disagreement=1828 same=27374 tree-difference=4
[29272/100000] reference-disagreement keypath-component-matrix len=37 artifacts=49 advent-overaccept=33 advent-underaccept=15 compiler-timeout=6 reference-disagreement=1829 same=27385 tree-difference=4
[29274/100000] reference-disagreement wide:trailing-closure:raw:real:ResultBuilders:98+real:LayoutNodes+Parsable:111 len=295 artifacts=49 advent-overaccept=33 advent-underaccept=15 compiler-timeout=6 reference-disagreement=1830 same=27386 tree-difference=4
[29276/100000] reference-disagreement wide:func-body:raw:real:BuildableNodes:406 len=1258 artifacts=49 advent-overaccept=33 advent-underaccept=15 compiler-timeout=6 reference-disagreement=1831 same=27387 tree-difference=4
[29278/100000] reference-disagreement attribute-ifconfig-elseif-list len=137 artifacts=49 advent-overaccept=33 advent-underaccept=15 compiler-timeout=6 reference-disagreement=1832 same=27388 tree-difference=4
[29305/100000] reference-disagreement wide:closure:newline:real:SyntaxSynthesis:19 len=212 artifacts=49 advent-overaccept=33 advent-underaccept=15 compiler-timeout=6 reference-disagreement=1833 same=27414 tree-difference=4
[29316/100000] reference-disagreement member-list-wide-boundary len=125 artifacts=49 advent-overaccept=33 advent-underaccept=15 compiler-timeout=6 reference-disagreement=1834 same=27424 tree-difference=4
[29331/100000] reference-disagreement wide:struct-member:newline:real:SyntaxTraits:828 len=66 artifacts=49 advent-overaccept=33 advent-underaccept=15 compiler-timeout=6 reference-disagreement=1835 same=27438 tree-difference=4
[29338/100000] reference-disagreement wide:ifconfig:splice:declaration:testParseDynamicReplacement#4 len=89 artifacts=49 advent-overaccept=33 advent-underaccept=15 compiler-timeout=6 reference-disagreement=1836 same=27444 tree-difference=4
[29341/100000] reference-disagreement wide:closure:raw:real:ParserDiagnosticMessages:505 len=328 artifacts=49 advent-overaccept=33 advent-underaccept=15 compiler-timeout=6 reference-disagreement=1837 same=27446 tree-difference=4
[29350/100000] reference-disagreement declaration-modifier-stack len=34 artifacts=49 advent-overaccept=33 advent-underaccept=15 compiler-timeout=6 reference-disagreement=1838 same=27454 tree-difference=4
[29352/100000] reference-disagreement keypath-component-matrix len=52 artifacts=49 advent-overaccept=33 advent-underaccept=15 compiler-timeout=6 reference-disagreement=1839 same=27455 tree-difference=4
[29360/100000] reference-disagreement attribute-ifconfig-elseif-list len=115 artifacts=49 advent-overaccept=33 advent-underaccept=15 compiler-timeout=6 reference-disagreement=1840 same=27462 tree-difference=4
[29368/100000] reference-disagreement wide:after-statement:delete+newline+glue:declaration:testCoroutineAccessors#1 len=85 artifacts=49 advent-overaccept=33 advent-underaccept=15 compiler-timeout=6 reference-disagreement=1841 same=27469 tree-difference=4
[29398/100000] reference-disagreement wide:struct-member:line-comment:phase4-string:multiline-indent+real:PackageDependency:132 len=644 artifacts=49 advent-overaccept=33 advent-underaccept=15 compiler-timeout=6 reference-disagreement=1842 same=27498 tree-difference=4
[29436/100000] reference-disagreement member-list-wide-boundary len=104 artifacts=49 advent-overaccept=33 advent-underaccept=15 compiler-timeout=6 reference-disagreement=1843 same=27535 tree-difference=4
[29442/100000] reference-disagreement wide:closure:raw:real:ParserDiagnosticMessages:279 len=327 artifacts=49 advent-overaccept=33 advent-underaccept=15 compiler-timeout=6 reference-disagreement=1844 same=27540 tree-difference=4
[29500/100000] same binding-pattern len=489 artifacts=49 advent-overaccept=33 advent-underaccept=15 compiler-timeout=6 reference-disagreement=1844 same=27598 tree-difference=4
[29502/100000] reference-disagreement wide:extension-member:newline+line-comment+block-comment:real:PackageDependency:85 len=224 artifacts=49 advent-overaccept=33 advent-underaccept=15 compiler-timeout=6 reference-disagreement=1845 same=27599 tree-difference=4
[29503/100000] reference-disagreement tspl-divergence-protocol-body len=132 artifacts=49 advent-overaccept=33 advent-underaccept=15 compiler-timeout=6 reference-disagreement=1846 same=27599 tree-difference=4
[29506/100000] reference-disagreement wide:extension-member:raw:real:ResultBuilders:362+real:SyntaxCollections:907 len=687 artifacts=49 advent-overaccept=33 advent-underaccept=15 compiler-timeout=6 reference-disagreement=1847 same=27601 tree-difference=4
[29528/100000] reference-disagreement wide:trailing-closure:newline:real:PackageDependency:79 len=170 artifacts=49 advent-overaccept=33 advent-underaccept=15 compiler-timeout=6 reference-disagreement=1848 same=27622 tree-difference=4
[29531/100000] reference-disagreement tspl-divergence-protocol-body len=124 artifacts=49 advent-overaccept=33 advent-underaccept=15 compiler-timeout=6 reference-disagreement=1849 same=27624 tree-difference=4
[29603/100000] reference-disagreement wide:closure:glue:phase4-import:import-dotted len=34 artifacts=49 advent-overaccept=33 advent-underaccept=15 compiler-timeout=6 reference-disagreement=1850 same=27695 tree-difference=4
[29617/100000] reference-disagreement wide:trailing-closure:block-comment:translated:testSubscripting9#1+real:SyntaxComparison:24 len=196 artifacts=49 advent-overaccept=33 advent-underaccept=15 compiler-timeout=6 reference-disagreement=1851 same=27708 tree-difference=4
[29622/100000] reference-disagreement wide:closure:raw:translated:testDeprecatedWhere10#1 len=126 artifacts=49 advent-overaccept=33 advent-underaccept=15 compiler-timeout=6 reference-disagreement=1852 same=27712 tree-difference=4
[29652/100000] reference-disagreement attribute-ifconfig-elseif-list len=108 artifacts=49 advent-overaccept=33 advent-underaccept=15 compiler-timeout=6 reference-disagreement=1853 same=27741 tree-difference=4
[29656/100000] reference-disagreement attribute-ifconfig-elseif-list len=110 artifacts=49 advent-overaccept=33 advent-underaccept=15 compiler-timeout=6 reference-disagreement=1854 same=27744 tree-difference=4
[29671/100000] reference-disagreement tspl-divergence-protocol-body len=171 artifacts=49 advent-overaccept=33 advent-underaccept=15 compiler-timeout=6 reference-disagreement=1855 same=27758 tree-difference=4
[29678/100000] reference-disagreement attribute-boundary len=39 artifacts=49 advent-overaccept=33 advent-underaccept=15 compiler-timeout=6 reference-disagreement=1856 same=27764 tree-difference=4
[29684/100000] reference-disagreement wide:struct-member:raw:real:SyntaxClassifier:45 len=582 artifacts=49 advent-overaccept=33 advent-underaccept=15 compiler-timeout=6 reference-disagreement=1857 same=27769 tree-difference=4
[29703/100000] reference-disagreement tspl-divergence-accessor-commitment len=49 artifacts=49 advent-overaccept=33 advent-underaccept=15 compiler-timeout=6 reference-disagreement=1858 same=27787 tree-difference=4
[29724/100000] reference-disagreement binding-pattern len=458 artifacts=49 advent-overaccept=33 advent-underaccept=15 compiler-timeout=6 reference-disagreement=1859 same=27807 tree-difference=4
[29731/100000] reference-disagreement wide:func-body:line-comment:declaration:testCoroutineAccessors#1 len=93 artifacts=49 advent-overaccept=33 advent-underaccept=15 compiler-timeout=6 reference-disagreement=1860 same=27813 tree-difference=4
[29738/100000] advent-overaccept wide:after-statement:raw:type:testLifetimeSpecifier#3 len=66 artifacts=49 advent-overaccept=34 advent-underaccept=15 compiler-timeout=6 reference-disagreement=1860 same=27819 tree-difference=4
[29750/100000] same try-boundary len=23 artifacts=49 advent-overaccept=34 advent-underaccept=15 compiler-timeout=6 reference-disagreement=1860 same=27831 tree-difference=4
[29752/100000] reference-disagreement wide:func-body:duplicate:declaration:testAttributedMacroExpansionDeclaration#2 len=51 artifacts=49 advent-overaccept=34 advent-underaccept=15 compiler-timeout=6 reference-disagreement=1861 same=27832 tree-difference=4
[29754/100000] reference-disagreement tspl-divergence-accessor-commitment len=49 artifacts=49 advent-overaccept=34 advent-underaccept=15 compiler-timeout=6 reference-disagreement=1862 same=27833 tree-difference=4
[29757/100000] reference-disagreement grammarish-member-list len=209 artifacts=49 advent-overaccept=34 advent-underaccept=15 compiler-timeout=6 reference-disagreement=1863 same=27835 tree-difference=4
[29763/100000] reference-disagreement tspl-divergence-protocol-body len=92 artifacts=49 advent-overaccept=34 advent-underaccept=15 compiler-timeout=6 reference-disagreement=1864 same=27840 tree-difference=4
[29775/100000] reference-disagreement wide:struct-member:newline+keyword+newline:real:SourceEdit:112 len=450 artifacts=49 advent-overaccept=34 advent-underaccept=15 compiler-timeout=6 reference-disagreement=1865 same=27851 tree-difference=4
[29778/100000] reference-disagreement wide:func-body:space+glue+keyword:real:AbsolutePosition:15 len=370 artifacts=49 advent-overaccept=34 advent-underaccept=15 compiler-timeout=6 reference-disagreement=1866 same=27853 tree-difference=4
[29784/100000] reference-disagreement attribute-ifconfig-elseif-list len=104 artifacts=49 advent-overaccept=34 advent-underaccept=15 compiler-timeout=6 reference-disagreement=1867 same=27858 tree-difference=4
[29789/100000] reference-disagreement tspl-divergence-accessor-commitment len=78 artifacts=49 advent-overaccept=34 advent-underaccept=15 compiler-timeout=6 reference-disagreement=1868 same=27862 tree-difference=4
[29822/100000] reference-disagreement declaration-modifier-stack len=34 artifacts=49 advent-overaccept=34 advent-underaccept=15 compiler-timeout=6 reference-disagreement=1869 same=27894 tree-difference=4
[29827/100000] reference-disagreement wide:func-body:newline:real:ValidatingSyntaxNodes:40 len=971 artifacts=49 advent-overaccept=34 advent-underaccept=15 compiler-timeout=6 reference-disagreement=1870 same=27898 tree-difference=4
[29845/100000] reference-disagreement wide:trailing-closure:newline:real:ParserDiagnosticMessages:770 len=387 artifacts=49 advent-overaccept=34 advent-underaccept=15 compiler-timeout=6 reference-disagreement=1871 same=27915 tree-difference=4
[29849/100000] reference-disagreement statement-list len=557 artifacts=49 advent-overaccept=34 advent-underaccept=15 compiler-timeout=6 reference-disagreement=1872 same=27918 tree-difference=4
[29866/100000] reference-disagreement wide:closure:raw:translated:testModuleSelectorAttrs#1 len=102 artifacts=49 advent-overaccept=34 advent-underaccept=15 compiler-timeout=6 reference-disagreement=1873 same=27934 tree-difference=4
[29873/100000] reference-disagreement wide:trailing-closure:raw:real:ResultBuilders:427+real:JSON:14 len=549 artifacts=49 advent-overaccept=34 advent-underaccept=15 compiler-timeout=6 reference-disagreement=1874 same=27940 tree-difference=4
[29883/100000] reference-disagreement grammarish-member-list len=219 artifacts=49 advent-overaccept=34 advent-underaccept=15 compiler-timeout=6 reference-disagreement=1875 same=27949 tree-difference=4
[29893/100000] reference-disagreement wide:closure:newline+line-comment+newline:real:SyntaxTraits:818 len=88 artifacts=49 advent-overaccept=34 advent-underaccept=15 compiler-timeout=6 reference-disagreement=1876 same=27958 tree-difference=4
[29895/100000] reference-disagreement grammarish-member-list len=392 artifacts=49 advent-overaccept=34 advent-underaccept=15 compiler-timeout=6 reference-disagreement=1877 same=27959 tree-difference=4
[29899/100000] reference-disagreement wide:closure:raw:real:Expressions:1606 len=432 artifacts=49 advent-overaccept=34 advent-underaccept=15 compiler-timeout=6 reference-disagreement=1878 same=27962 tree-difference=4
[29905/100000] reference-disagreement wide:trailing-closure:raw:translated:testSwitch14#1+phase3-statement:array-type len=64 artifacts=49 advent-overaccept=34 advent-underaccept=15 compiler-timeout=6 reference-disagreement=1879 same=27967 tree-difference=4
[29926/100000] advent-overaccept wide:struct-member:swap+newline:translated:testSubscripting20#1 len=109 artifacts=50 advent-overaccept=35 advent-underaccept=15 compiler-timeout=6 reference-disagreement=1879 same=27987 tree-difference=4
[29951/100000] reference-disagreement binding-pattern len=458 artifacts=50 advent-overaccept=35 advent-underaccept=15 compiler-timeout=6 reference-disagreement=1880 same=28011 tree-difference=4
[29956/100000] reference-disagreement tspl-divergence-accessor-commitment len=78 artifacts=50 advent-overaccept=35 advent-underaccept=15 compiler-timeout=6 reference-disagreement=1881 same=28015 tree-difference=4
[29963/100000] advent-overaccept wide:before-statement:duplicate:type:testInverseTypesInParameter#4 len=59 artifacts=51 advent-overaccept=36 advent-underaccept=15 compiler-timeout=6 reference-disagreement=1881 same=28021 tree-difference=4
[30000/100000] same frontier:protocol-accessor-shape len=117 artifacts=51 advent-overaccept=36 advent-underaccept=15 compiler-timeout=6 reference-disagreement=1881 same=28058 tree-difference=4
[30002/100000] reference-disagreement grammarish-member-list len=304 artifacts=51 advent-overaccept=36 advent-underaccept=15 compiler-timeout=6 reference-disagreement=1882 same=28059 tree-difference=4
[30010/100000] reference-disagreement tspl-divergence-accessor-commitment len=49 artifacts=51 advent-overaccept=36 advent-underaccept=15 compiler-timeout=6 reference-disagreement=1883 same=28066 tree-difference=4
[30018/100000] reference-disagreement wide:func-body:space+newline+block-comment:real:ResultBuilders:375 len=200 artifacts=51 advent-overaccept=36 advent-underaccept=15 compiler-timeout=6 reference-disagreement=1884 same=28073 tree-difference=4
[30024/100000] reference-disagreement wide:trailing-closure:line-comment:real:PackageDependency:132 len=609 artifacts=51 advent-overaccept=36 advent-underaccept=15 compiler-timeout=6 reference-disagreement=1885 same=28078 tree-difference=4
[30069/100000] reference-disagreement wide:trailing-closure:splice:real:SyntaxClassifier:32 len=533 artifacts=51 advent-overaccept=36 advent-underaccept=15 compiler-timeout=6 reference-disagreement=1886 same=28122 tree-difference=4
[30074/100000] reference-disagreement attribute-ifconfig-elseif-list len=140 artifacts=51 advent-overaccept=36 advent-underaccept=15 compiler-timeout=6 reference-disagreement=1887 same=28126 tree-difference=4
[30091/100000] reference-disagreement func-body len=459 artifacts=51 advent-overaccept=36 advent-underaccept=15 compiler-timeout=6 reference-disagreement=1888 same=28142 tree-difference=4
[30092/100000] reference-disagreement wide:trailing-closure:line-comment+space+newline:real:MacroSystem:498+real:SyntaxSynthesis:19 len=828 artifacts=51 advent-overaccept=36 advent-underaccept=15 compiler-timeout=6 reference-disagreement=1889 same=28142 tree-difference=4
[30098/100000] reference-disagreement wide:extension-member:keyword+keyword:translated:testSwitch80#1+real:Syntax:367 len=741 artifacts=51 advent-overaccept=36 advent-underaccept=15 compiler-timeout=6 reference-disagreement=1890 same=28147 tree-difference=4
[30101/100000] reference-disagreement member-list-wide-boundary len=205 artifacts=51 advent-overaccept=36 advent-underaccept=15 compiler-timeout=6 reference-disagreement=1891 same=28149 tree-difference=4
[30131/100000] reference-disagreement member-list-wide-boundary len=368 artifacts=51 advent-overaccept=36 advent-underaccept=15 compiler-timeout=6 reference-disagreement=1892 same=28178 tree-difference=4
[30132/100000] reference-disagreement wide:struct-member:splice:real:SyntaxTraits:47 len=655 artifacts=51 advent-overaccept=36 advent-underaccept=15 compiler-timeout=6 reference-disagreement=1893 same=28178 tree-difference=4
[30148/100000] reference-disagreement wide:extension-member:glue+line-comment:real:LayoutNodes+Parsable:103 len=212 artifacts=51 advent-overaccept=36 advent-underaccept=15 compiler-timeout=6 reference-disagreement=1894 same=28193 tree-difference=4
[30196/100000] reference-disagreement wide:func-body:block-comment:real:SyntaxExpressibleByStringInterpolationConformances:205 len=84 artifacts=51 advent-overaccept=36 advent-underaccept=15 compiler-timeout=6 reference-disagreement=1895 same=28240 tree-difference=4
[30199/100000] reference-disagreement wide:func-body:line-comment:translated:testInitDeinit18#1 len=100 artifacts=51 advent-overaccept=36 advent-underaccept=15 compiler-timeout=6 reference-disagreement=1896 same=28242 tree-difference=4
[30211/100000] reference-disagreement wide:func-body:space:declaration:testReasyncFunctions#1+real:Lexer:32 len=302 artifacts=51 advent-overaccept=36 advent-underaccept=15 compiler-timeout=6 reference-disagreement=1897 same=28253 tree-difference=4
[30241/100000] reference-disagreement member-list-wide-boundary len=165 artifacts=51 advent-overaccept=36 advent-underaccept=15 compiler-timeout=6 reference-disagreement=1898 same=28282 tree-difference=4
[30250/100000] same wide:trailing-closure:glue:translated:testEnum59#1 len=62 artifacts=51 advent-overaccept=36 advent-underaccept=15 compiler-timeout=6 reference-disagreement=1898 same=28291 tree-difference=4
[30256/100000] advent-underaccept wide:closure:block-comment:translated:testForwardSlashRegexSkipping37#1 len=52 artifacts=52 advent-overaccept=36 advent-underaccept=16 compiler-timeout=6 reference-disagreement=1898 same=28296 tree-difference=4
[30263/100000] reference-disagreement wide:interpolation:duplicate:translated:testRegexParseError20#1 len=33 artifacts=52 advent-overaccept=36 advent-underaccept=16 compiler-timeout=6 reference-disagreement=1899 same=28302 tree-difference=4
[30283/100000] reference-disagreement binding-pattern len=458 artifacts=52 advent-overaccept=36 advent-underaccept=16 compiler-timeout=6 reference-disagreement=1900 same=28321 tree-difference=4
[30294/100000] reference-disagreement cast-try-operator-cluster len=24 artifacts=52 advent-overaccept=36 advent-underaccept=16 compiler-timeout=6 reference-disagreement=1901 same=28331 tree-difference=4
[30298/100000] reference-disagreement wide:closure:raw:real:SyntaxTraits:664+translated:testTypeExpr15#1 len=826 artifacts=52 advent-overaccept=36 advent-underaccept=16 compiler-timeout=6 reference-disagreement=1902 same=28334 tree-difference=4
[30323/100000] reference-disagreement attribute-ifconfig-elseif-list len=109 artifacts=52 advent-overaccept=36 advent-underaccept=16 compiler-timeout=6 reference-disagreement=1903 same=28358 tree-difference=4
[30325/100000] reference-disagreement wide:after-statement:glue:declaration:testModifiedParameter#7 len=68 artifacts=52 advent-overaccept=36 advent-underaccept=16 compiler-timeout=6 reference-disagreement=1904 same=28359 tree-difference=4
[30413/100000] reference-disagreement tspl-divergence-accessor-commitment len=49 artifacts=52 advent-overaccept=36 advent-underaccept=16 compiler-timeout=6 reference-disagreement=1905 same=28446 tree-difference=4
[30428/100000] reference-disagreement grammarish-member-list len=320 artifacts=52 advent-overaccept=36 advent-underaccept=16 compiler-timeout=6 reference-disagreement=1906 same=28460 tree-difference=4
[30455/100000] reference-disagreement wide:struct-member:raw:translated:testOperatorDecl5#1 len=42 artifacts=52 advent-overaccept=36 advent-underaccept=16 compiler-timeout=6 reference-disagreement=1907 same=28486 tree-difference=4
[30465/100000] reference-disagreement tspl-divergence-protocol-body len=98 artifacts=52 advent-overaccept=36 advent-underaccept=16 compiler-timeout=6 reference-disagreement=1908 same=28495 tree-difference=4
[30469/100000] reference-disagreement member-list-wide-boundary len=220 artifacts=52 advent-overaccept=36 advent-underaccept=16 compiler-timeout=6 reference-disagreement=1909 same=28498 tree-difference=4
[30471/100000] reference-disagreement keypath-boundary len=36 artifacts=52 advent-overaccept=36 advent-underaccept=16 compiler-timeout=6 reference-disagreement=1910 same=28499 tree-difference=4
[30485/100000] reference-disagreement tspl-divergence-protocol-body len=112 artifacts=52 advent-overaccept=36 advent-underaccept=16 compiler-timeout=6 reference-disagreement=1911 same=28512 tree-difference=4
[30500/100000] same wide:before-statement:newline+splice+keyword:translated:testInvalid7#1 len=32 artifacts=52 advent-overaccept=36 advent-underaccept=16 compiler-timeout=6 reference-disagreement=1911 same=28527 tree-difference=4
[30502/100000] reference-disagreement wide:closure:newline+space:translated:testGuardTopLevel3#1+translated:testOrinalDefinedInAttr12#1 len=109 artifacts=52 advent-overaccept=36 advent-underaccept=16 compiler-timeout=6 reference-disagreement=1912 same=28528 tree-difference=4
[30515/100000] reference-disagreement attribute-ifconfig-elseif-list len=136 artifacts=52 advent-overaccept=36 advent-underaccept=16 compiler-timeout=6 reference-disagreement=1913 same=28540 tree-difference=4
[30545/100000] reference-disagreement grammarish-member-list len=400 artifacts=52 advent-overaccept=36 advent-underaccept=16 compiler-timeout=6 reference-disagreement=1914 same=28569 tree-difference=4
[30576/100000] reference-disagreement cast-try-operator-cluster len=24 artifacts=52 advent-overaccept=36 advent-underaccept=16 compiler-timeout=6 reference-disagreement=1915 same=28599 tree-difference=4
[30613/100000] reference-disagreement wide:trailing-closure:raw:real:Syntax+StringInterpolation:287 len=54 artifacts=52 advent-overaccept=36 advent-underaccept=16 compiler-timeout=6 reference-disagreement=1916 same=28635 tree-difference=4
[30615/100000] reference-disagreement wide:extension-member:line-comment:real:ResultBuilders:167 len=226 artifacts=52 advent-overaccept=36 advent-underaccept=16 compiler-timeout=6 reference-disagreement=1917 same=28636 tree-difference=4
[30689/100000] reference-disagreement attribute-ifconfig-elseif-list len=119 artifacts=52 advent-overaccept=36 advent-underaccept=16 compiler-timeout=6 reference-disagreement=1918 same=28709 tree-difference=4
[30748/100000] reference-disagreement wide:ifconfig:raw:expression:testKeyPathMethodAndInitializers#18 len=46 artifacts=52 advent-overaccept=36 advent-underaccept=16 compiler-timeout=6 reference-disagreement=1919 same=28767 tree-difference=4
[30750/100000] same frontier:interpolation-delimiter len=346 artifacts=52 advent-overaccept=36 advent-underaccept=16 compiler-timeout=6 reference-disagreement=1919 same=28769 tree-difference=4
[30772/100000] reference-disagreement grammarish-member-list len=276 artifacts=52 advent-overaccept=36 advent-underaccept=16 compiler-timeout=6 reference-disagreement=1920 same=28790 tree-difference=4
[30870/100000] tree-difference wide:func-body:duplicate+newline+keyword:phase4-pattern:case-enum-assoc-optional+translated:testTrailingClosures16#1 len=284 artifacts=53 advent-overaccept=36 advent-underaccept=16 compiler-timeout=6 reference-disagreement=1920 same=28887 tree-difference=5
[30882/100000] reference-disagreement wide:closure:raw:real:Parser:449 len=1094 artifacts=53 advent-overaccept=36 advent-underaccept=16 compiler-timeout=6 reference-disagreement=1921 same=28898 tree-difference=5
[30897/100000] reference-disagreement wide:closure:glue:real:LoopProgressCondition:45 len=665 artifacts=53 advent-overaccept=36 advent-underaccept=16 compiler-timeout=6 reference-disagreement=1922 same=28912 tree-difference=5
[30902/100000] reference-disagreement wide:interpolation:raw:translated:testForwardSlashRegex183#1 len=20 artifacts=53 advent-overaccept=36 advent-underaccept=16 compiler-timeout=6 reference-disagreement=1923 same=28916 tree-difference=5
[30929/100000] reference-disagreement wide:trailing-closure:block-comment:real:SyntaxExpressibleByStringInterpolationConformances:64 len=168 artifacts=53 advent-overaccept=36 advent-underaccept=16 compiler-timeout=6 reference-disagreement=1924 same=28942 tree-difference=5
[30930/100000] reference-disagreement wide:extension-member:space+duplicate+line-comment:translated:testOriginalDefinedInAttr9#1+translated:testOperatorDecl18#1 len=259 artifacts=53 advent-overaccept=36 advent-underaccept=16 compiler-timeout=6 reference-disagreement=1925 same=28942 tree-difference=5
[30948/100000] reference-disagreement wide:func-body:raw:real:ConvenienceInitializers:219+phase2-postfix:mixed-postfix len=230 artifacts=53 advent-overaccept=36 advent-underaccept=16 compiler-timeout=6 reference-disagreement=1926 same=28959 tree-difference=5
[30956/100000] reference-disagreement wide:extension-member:space+line-comment:translated:testDeprecatedWhere3#1 len=331 artifacts=53 advent-overaccept=36 advent-underaccept=16 compiler-timeout=6 reference-disagreement=1927 same=28966 tree-difference=5
[30962/100000] reference-disagreement wide:before-statement:newline+keyword:phase4-keypath:kp-force len=47 artifacts=53 advent-overaccept=36 advent-underaccept=16 compiler-timeout=6 reference-disagreement=1928 same=28971 tree-difference=5
[30981/100000] reference-disagreement wide:before-statement:raw:declaration:testModifiedParameter#1 len=53 artifacts=53 advent-overaccept=36 advent-underaccept=16 compiler-timeout=6 reference-disagreement=1929 same=28989 tree-difference=5
[30990/100000] reference-disagreement wide:trailing-closure:newline+newline:phase4-import:if-case+real:IdentifiableSyntax:46 len=148 artifacts=53 advent-overaccept=36 advent-underaccept=16 compiler-timeout=6 reference-disagreement=1930 same=28997 tree-difference=5
[31000/100000] same attribute-ifconfig-elseif-list len=120 artifacts=53 advent-overaccept=36 advent-underaccept=16 compiler-timeout=6 reference-disagreement=1930 same=29007 tree-difference=5
[31012/100000] reference-disagreement attribute-ifconfig-elseif-list len=140 artifacts=53 advent-overaccept=36 advent-underaccept=16 compiler-timeout=6 reference-disagreement=1931 same=29018 tree-difference=5
[31034/100000] reference-disagreement seed-corpus-wrapped:declaration-modifier-stack len=46 artifacts=53 advent-overaccept=36 advent-underaccept=16 compiler-timeout=6 reference-disagreement=1932 same=29039 tree-difference=5
[31036/100000] reference-disagreement tspl-divergence-protocol-body len=164 artifacts=53 advent-overaccept=36 advent-underaccept=16 compiler-timeout=6 reference-disagreement=1933 same=29040 tree-difference=5
[31056/100000] reference-disagreement wide:func-body:line-comment+line-comment:declaration:testAttributedMacroExpansionDeclaration#2 len=56 artifacts=53 advent-overaccept=36 advent-underaccept=16 compiler-timeout=6 reference-disagreement=1934 same=29059 tree-difference=5
[31077/100000] reference-disagreement wide:func-body:newline+glue:real:EditorPlaceholder:13 len=358 artifacts=53 advent-overaccept=36 advent-underaccept=16 compiler-timeout=6 reference-disagreement=1935 same=29079 tree-difference=5
[31090/100000] reference-disagreement wide:trailing-closure:raw:translated:testOptionalChainLvalues1#1+expression:testKeyPathMethodAndInitializers#18 len=229 artifacts=53 advent-overaccept=36 advent-underaccept=16 compiler-timeout=6 reference-disagreement=1936 same=29091 tree-difference=5
[31095/100000] reference-disagreement keypath-component-matrix len=40 artifacts=53 advent-overaccept=36 advent-underaccept=16 compiler-timeout=6 reference-disagreement=1937 same=29095 tree-difference=5
[31098/100000] reference-disagreement declaration-modifier-stack len=34 artifacts=53 advent-overaccept=36 advent-underaccept=16 compiler-timeout=6 reference-disagreement=1938 same=29097 tree-difference=5
[31122/100000] reference-disagreement tspl-divergence-protocol-body len=207 artifacts=53 advent-overaccept=36 advent-underaccept=16 compiler-timeout=6 reference-disagreement=1939 same=29120 tree-difference=5
[31141/100000] reference-disagreement wide:extension-member:raw:real:Lookahead:85 len=685 artifacts=53 advent-overaccept=36 advent-underaccept=16 compiler-timeout=6 reference-disagreement=1940 same=29138 tree-difference=5
[31142/100000] reference-disagreement grammarish-member-list len=145 artifacts=53 advent-overaccept=36 advent-underaccept=16 compiler-timeout=6 reference-disagreement=1941 same=29138 tree-difference=5
[31146/100000] reference-disagreement wide:closure:swap:real:FixItApplier:146 len=453 artifacts=53 advent-overaccept=36 advent-underaccept=16 compiler-timeout=6 reference-disagreement=1942 same=29141 tree-difference=5
[31147/100000] reference-disagreement wide:func-body:raw:translated:testSwitch76#1 len=93 artifacts=53 advent-overaccept=36 advent-underaccept=16 compiler-timeout=6 reference-disagreement=1943 same=29141 tree-difference=5
[31150/100000] reference-disagreement tspl-divergence-protocol-body len=171 artifacts=53 advent-overaccept=36 advent-underaccept=16 compiler-timeout=6 reference-disagreement=1944 same=29143 tree-difference=5
[31169/100000] reference-disagreement wide:before-statement:keyword:declaration:testImports#4 len=81 artifacts=53 advent-overaccept=36 advent-underaccept=16 compiler-timeout=6 reference-disagreement=1945 same=29161 tree-difference=5
[31238/100000] reference-disagreement cast-try-operator-cluster len=24 artifacts=53 advent-overaccept=36 advent-underaccept=16 compiler-timeout=6 reference-disagreement=1946 same=29229 tree-difference=5
[31249/100000] reference-disagreement wide:extension-member:line-comment:real:SyntaxTraits:816 len=88 artifacts=53 advent-overaccept=36 advent-underaccept=16 compiler-timeout=6 reference-disagreement=1947 same=29239 tree-difference=5
[31250/100000] same seed-corpus-mutated:cast-try-operator-cluster len=49 artifacts=53 advent-overaccept=36 advent-underaccept=16 compiler-timeout=6 reference-disagreement=1947 same=29240 tree-difference=5
[31268/100000] reference-disagreement attribute-ifconfig-elseif-list len=129 artifacts=53 advent-overaccept=36 advent-underaccept=16 compiler-timeout=6 reference-disagreement=1948 same=29257 tree-difference=5
[31284/100000] reference-disagreement wide:trailing-closure:space:real:SwiftSyntaxCompatibility:259 len=231 artifacts=53 advent-overaccept=36 advent-underaccept=16 compiler-timeout=6 reference-disagreement=1949 same=29272 tree-difference=5
[31301/100000] reference-disagreement member-list-wide-boundary len=195 artifacts=53 advent-overaccept=36 advent-underaccept=16 compiler-timeout=6 reference-disagreement=1950 same=29288 tree-difference=5
[31317/100000] reference-disagreement tspl-divergence-protocol-body len=195 artifacts=53 advent-overaccept=36 advent-underaccept=16 compiler-timeout=6 reference-disagreement=1951 same=29303 tree-difference=5
[31349/100000] reference-disagreement attribute-ifconfig-elseif-list len=122 artifacts=53 advent-overaccept=36 advent-underaccept=16 compiler-timeout=6 reference-disagreement=1952 same=29334 tree-difference=5
[31375/100000] advent-overaccept wide:after-statement:delete+glue+newline:reject:testAsync4#1 len=49 artifacts=54 advent-overaccept=37 advent-underaccept=16 compiler-timeout=6 reference-disagreement=1952 same=29359 tree-difference=5
[31384/100000] reference-disagreement attribute-ifconfig-elseif-list len=114 artifacts=54 advent-overaccept=37 advent-underaccept=16 compiler-timeout=6 reference-disagreement=1953 same=29367 tree-difference=5
[31391/100000] reference-disagreement wide:closure:splice:attribute:testABIAttribute#8 len=103 artifacts=54 advent-overaccept=37 advent-underaccept=16 compiler-timeout=6 reference-disagreement=1954 same=29373 tree-difference=5
[31413/100000] reference-disagreement wide:func-body:space+glue:real:FixIt:22 len=213 artifacts=54 advent-overaccept=37 advent-underaccept=16 compiler-timeout=6 reference-disagreement=1955 same=29394 tree-difference=5
[31422/100000] reference-disagreement tspl-divergence-protocol-body len=219 artifacts=54 advent-overaccept=37 advent-underaccept=16 compiler-timeout=6 reference-disagreement=1956 same=29402 tree-difference=5
[31450/100000] reference-disagreement declaration-modifier-stack len=34 artifacts=54 advent-overaccept=37 advent-underaccept=16 compiler-timeout=6 reference-disagreement=1957 same=29429 tree-difference=5
[31460/100000] advent-overaccept wide:top:block-comment+newline:real:StandardIOMessageConnection:29 len=44 artifacts=55 advent-overaccept=38 advent-underaccept=16 compiler-timeout=6 reference-disagreement=1957 same=29438 tree-difference=5
[31474/100000] reference-disagreement attribute-ifconfig-elseif-list len=122 artifacts=55 advent-overaccept=38 advent-underaccept=16 compiler-timeout=6 reference-disagreement=1958 same=29451 tree-difference=5
[31477/100000] reference-disagreement tspl-divergence-accessor-commitment len=49 artifacts=55 advent-overaccept=38 advent-underaccept=16 compiler-timeout=6 reference-disagreement=1959 same=29453 tree-difference=5
[31484/100000] reference-disagreement wide:trailing-closure:raw:real:Declarations:2404+translated:testForwardSlashRegex134#1 len=433 artifacts=55 advent-overaccept=38 advent-underaccept=16 compiler-timeout=6 reference-disagreement=1960 same=29459 tree-difference=5
[31500/100000] same import-attribute-boundary len=85 artifacts=55 advent-overaccept=38 advent-underaccept=16 compiler-timeout=6 reference-disagreement=1960 same=29475 tree-difference=5
[31516/100000] advent-overaccept wide:trailing-closure:block-comment+space+block-comment:translated:testForwardSlashRegex167#1+expression:testUnsafeExpr#5 len=56 artifacts=56 advent-overaccept=39 advent-underaccept=16 compiler-timeout=6 reference-disagreement=1960 same=29490 tree-difference=5
[31542/100000] reference-disagreement cast-try-operator-cluster len=24 artifacts=56 advent-overaccept=39 advent-underaccept=16 compiler-timeout=6 reference-disagreement=1961 same=29515 tree-difference=5
[31557/100000] reference-disagreement wide:func-body:raw:real:Indenter:19 len=608 artifacts=56 advent-overaccept=39 advent-underaccept=16 compiler-timeout=6 reference-disagreement=1962 same=29529 tree-difference=5
[31613/100000] reference-disagreement member-list-wide-boundary len=230 artifacts=56 advent-overaccept=39 advent-underaccept=16 compiler-timeout=6 reference-disagreement=1963 same=29584 tree-difference=5
[31644/100000] reference-disagreement wide:interpolation:block-comment+block-comment:expression:testKeypathExpressionWithSugaredRoot#2 len=32 artifacts=56 advent-overaccept=39 advent-underaccept=16 compiler-timeout=6 reference-disagreement=1964 same=29614 tree-difference=5
[31662/100000] reference-disagreement wide:func-body:block-comment:attribute:testDocumentationAttribute#4 len=104 artifacts=56 advent-overaccept=39 advent-underaccept=16 compiler-timeout=6 reference-disagreement=1965 same=29631 tree-difference=5
[31696/100000] reference-disagreement tspl-divergence-accessor-commitment len=78 artifacts=56 advent-overaccept=39 advent-underaccept=16 compiler-timeout=6 reference-disagreement=1966 same=29664 tree-difference=5
[31704/100000] reference-disagreement wide:func-body:raw:declaration:testInitializerWithReturnType#2 len=36 artifacts=56 advent-overaccept=39 advent-underaccept=16 compiler-timeout=6 reference-disagreement=1967 same=29671 tree-difference=5
[31721/100000] reference-disagreement wide:func-body:glue+keyword+newline:real:ExpressionMacro:20 len=353 artifacts=56 advent-overaccept=39 advent-underaccept=16 compiler-timeout=6 reference-disagreement=1968 same=29687 tree-difference=5
[31734/100000] reference-disagreement attribute-ifconfig-elseif-list len=133 artifacts=56 advent-overaccept=39 advent-underaccept=16 compiler-timeout=6 reference-disagreement=1969 same=29699 tree-difference=5
[31739/100000] reference-disagreement wide:closure:space:real:DeclarationMacro:36 len=196 artifacts=56 advent-overaccept=39 advent-underaccept=16 compiler-timeout=6 reference-disagreement=1970 same=29703 tree-difference=5
[31748/100000] reference-disagreement wide:extension-member:raw:real:AddSeparatorsToIntegerLiteral:63 len=394 artifacts=56 advent-overaccept=39 advent-underaccept=16 compiler-timeout=6 reference-disagreement=1971 same=29711 tree-difference=5
[31750/100000] same macro-pound-boundary len=47 artifacts=56 advent-overaccept=39 advent-underaccept=16 compiler-timeout=6 reference-disagreement=1971 same=29713 tree-difference=5
[31751/100000] reference-disagreement wide:trailing-closure:splice+space:real:MissingNodeInitializers:68 len=380 artifacts=56 advent-overaccept=39 advent-underaccept=16 compiler-timeout=6 reference-disagreement=1972 same=29713 tree-difference=5
[31760/100000] reference-disagreement tspl-divergence-protocol-body len=242 artifacts=56 advent-overaccept=39 advent-underaccept=16 compiler-timeout=6 reference-disagreement=1973 same=29721 tree-difference=5
[31815/100000] reference-disagreement wide:extension-member:block-comment+newline+glue:real:ValidatingSyntaxNodes:40+translated:testUnknownPlatform6#1 len=1070 artifacts=56 advent-overaccept=39 advent-underaccept=16 compiler-timeout=6 reference-disagreement=1974 same=29775 tree-difference=5
[31817/100000] reference-disagreement member-list-wide-boundary len=113 artifacts=56 advent-overaccept=39 advent-underaccept=16 compiler-timeout=6 reference-disagreement=1975 same=29776 tree-difference=5
[31834/100000] reference-disagreement tspl-divergence-protocol-body len=138 artifacts=56 advent-overaccept=39 advent-underaccept=16 compiler-timeout=6 reference-disagreement=1976 same=29792 tree-difference=5
[31872/100000] reference-disagreement wide:before-statement:raw:translated:testDeprecatedWhere5#1 len=284 artifacts=56 advent-overaccept=39 advent-underaccept=16 compiler-timeout=6 reference-disagreement=1977 same=29829 tree-difference=5
[31882/100000] reference-disagreement grammarish-member-list len=209 artifacts=56 advent-overaccept=39 advent-underaccept=16 compiler-timeout=6 reference-disagreement=1978 same=29838 tree-difference=5
[31911/100000] reference-disagreement wide:struct-member:swap:declaration:testAsyncLetInLocalContext#1+reject:testDiscard#1 len=77 artifacts=56 advent-overaccept=39 advent-underaccept=16 compiler-timeout=6 reference-disagreement=1979 same=29866 tree-difference=5
[31929/100000] reference-disagreement wide:struct-member:glue+newline:phase3-type:extension-empty len=30 artifacts=56 advent-overaccept=39 advent-underaccept=16 compiler-timeout=6 reference-disagreement=1980 same=29883 tree-difference=5
[31945/100000] reference-disagreement wide:closure:block-comment+newline:real:Cursor:40 len=293 artifacts=56 advent-overaccept=39 advent-underaccept=16 compiler-timeout=6 reference-disagreement=1981 same=29898 tree-difference=5
[31951/100000] reference-disagreement wide:before-statement:raw:translated:testSwitch66#1 len=59 artifacts=56 advent-overaccept=39 advent-underaccept=16 compiler-timeout=6 reference-disagreement=1982 same=29903 tree-difference=5
[31961/100000] reference-disagreement wide:struct-member:glue:real:SyntaxTraits:682 len=119 artifacts=56 advent-overaccept=39 advent-underaccept=16 compiler-timeout=6 reference-disagreement=1983 same=29912 tree-difference=5
[31991/100000] reference-disagreement tspl-divergence-accessor-commitment len=78 artifacts=56 advent-overaccept=39 advent-underaccept=16 compiler-timeout=6 reference-disagreement=1984 same=29941 tree-difference=5
[32000/100000] same wide:func-body:splice+keyword+duplicate:real:SyntaxExpressibleByStringInterpolationConformances:184 len=77 artifacts=56 advent-overaccept=39 advent-underaccept=16 compiler-timeout=6 reference-disagreement=1984 same=29950 tree-difference=5
[32038/100000] reference-disagreement wide:struct-member:space:real:SyntaxTraits:764 len=121 artifacts=56 advent-overaccept=39 advent-underaccept=16 compiler-timeout=6 reference-disagreement=1985 same=29987 tree-difference=5
[32041/100000] reference-disagreement wide:top:block-comment:expression:testTrySwitch2#1+translated:testErrors4#1 len=218 artifacts=56 advent-overaccept=39 advent-underaccept=16 compiler-timeout=6 reference-disagreement=1986 same=29989 tree-difference=5
[32046/100000] reference-disagreement wide:func-body:raw:declaration:testAttributedMacroExpansionDeclaration#1+translated:testRecovery13#1 len=261 artifacts=56 advent-overaccept=39 advent-underaccept=16 compiler-timeout=6 reference-disagreement=1987 same=29993 tree-difference=5
[32072/100000] reference-disagreement declaration-modifier-stack len=34 artifacts=56 advent-overaccept=39 advent-underaccept=16 compiler-timeout=6 reference-disagreement=1988 same=30018 tree-difference=5
[32075/100000] reference-disagreement wide:closure:newline:real:SyntaxCollections:372 len=545 artifacts=56 advent-overaccept=39 advent-underaccept=16 compiler-timeout=6 reference-disagreement=1989 same=30020 tree-difference=5
[32117/100000] reference-disagreement wide:trailing-closure:raw:real:SyntaxTraits:766 len=61 artifacts=56 advent-overaccept=39 advent-underaccept=16 compiler-timeout=6 reference-disagreement=1990 same=30061 tree-difference=5
[32131/100000] reference-disagreement wide:func-body:space+newline+line-comment:phase4-import:import-dotted len=35 artifacts=56 advent-overaccept=39 advent-underaccept=16 compiler-timeout=6 reference-disagreement=1991 same=30074 tree-difference=5
[32159/100000] reference-disagreement keypath-component-matrix len=41 artifacts=56 advent-overaccept=39 advent-underaccept=16 compiler-timeout=6 reference-disagreement=1992 same=30101 tree-difference=5
[32168/100000] reference-disagreement wide:extension-member:newline+newline:real:Syntax+StringInterpolation:290 len=67 artifacts=56 advent-overaccept=39 advent-underaccept=16 compiler-timeout=6 reference-disagreement=1993 same=30109 tree-difference=5
[32169/100000] reference-disagreement wide:extension-member:raw:real:ResultBuilders:654 len=184 artifacts=56 advent-overaccept=39 advent-underaccept=16 compiler-timeout=6 reference-disagreement=1994 same=30109 tree-difference=5
[32188/100000] reference-disagreement wide:struct-member:raw:real:ParserDiagnosticMessages:48 len=355 artifacts=56 advent-overaccept=39 advent-underaccept=16 compiler-timeout=6 reference-disagreement=1995 same=30127 tree-difference=5
[32200/100000] reference-disagreement attribute-ifconfig-elseif-list len=118 artifacts=56 advent-overaccept=39 advent-underaccept=16 compiler-timeout=6 reference-disagreement=1996 same=30138 tree-difference=5
[32237/100000] reference-disagreement wide:closure:newline+block-comment:real:ResultBuilderExtensions:107 len=385 artifacts=56 advent-overaccept=39 advent-underaccept=16 compiler-timeout=6 reference-disagreement=1997 same=30174 tree-difference=5
[32241/100000] reference-disagreement binding-pattern len=458 artifacts=56 advent-overaccept=39 advent-underaccept=16 compiler-timeout=6 reference-disagreement=1998 same=30177 tree-difference=5
[32245/100000] reference-disagreement wide:func-body:glue:real:DeclarationMacro:20 len=710 artifacts=56 advent-overaccept=39 advent-underaccept=16 compiler-timeout=6 reference-disagreement=1999 same=30180 tree-difference=5
[32250/100000] same seed-corpus-raw:optional-cast-coalesce len=41 artifacts=56 advent-overaccept=39 advent-underaccept=16 compiler-timeout=6 reference-disagreement=1999 same=30185 tree-difference=5
[32272/100000] reference-disagreement tspl-divergence-protocol-body len=234 artifacts=56 advent-overaccept=39 advent-underaccept=16 compiler-timeout=6 reference-disagreement=2000 same=30206 tree-difference=5
[32284/100000] reference-disagreement wide:struct-member:raw:real:SyntaxTraits:297 len=405 artifacts=56 advent-overaccept=39 advent-underaccept=16 compiler-timeout=6 reference-disagreement=2001 same=30217 tree-difference=5
[32289/100000] reference-disagreement wide:closure:raw:statement:testYield#4+real:MacroExpansionDiagnosticMessages:81 len=325 artifacts=56 advent-overaccept=39 advent-underaccept=16 compiler-timeout=6 reference-disagreement=2002 same=30221 tree-difference=5
[32338/100000] reference-disagreement wide:func-body:newline+space+space:real:SyntaxExpressibleByStringInterpolationConformances:253 len=177 artifacts=56 advent-overaccept=39 advent-underaccept=16 compiler-timeout=6 reference-disagreement=2003 same=30269 tree-difference=5
[32348/100000] reference-disagreement wide:trailing-closure:raw:phase3-type:extension-func len=36 artifacts=56 advent-overaccept=39 advent-underaccept=16 compiler-timeout=6 reference-disagreement=2004 same=30278 tree-difference=5
[32353/100000] reference-disagreement seed-corpus-wrapped:extension-optional-type len=42 artifacts=56 advent-overaccept=39 advent-underaccept=16 compiler-timeout=6 reference-disagreement=2005 same=30282 tree-difference=5
[32371/100000] reference-disagreement wide:extension-member:line-comment:real:SyntaxTraits:776 len=71 artifacts=56 advent-overaccept=39 advent-underaccept=16 compiler-timeout=6 reference-disagreement=2006 same=30299 tree-difference=5
[32372/100000] reference-disagreement wide:closure:raw:real:SyntaxExpressibleByStringInterpolationConformances:151 len=98 artifacts=56 advent-overaccept=39 advent-underaccept=16 compiler-timeout=6 reference-disagreement=2007 same=30299 tree-difference=5
[32427/100000] reference-disagreement wide:trailing-closure:newline+space+newline:type:testInverseTypes#2 len=27 artifacts=56 advent-overaccept=39 advent-underaccept=16 compiler-timeout=6 reference-disagreement=2008 same=30353 tree-difference=5
[32443/100000] reference-disagreement wide:trailing-closure:raw:attribute:testABIAttribute#3+real:StandardIOMessageConnection:26 len=62 artifacts=56 advent-overaccept=39 advent-underaccept=16 compiler-timeout=6 reference-disagreement=2009 same=30368 tree-difference=5
[32448/100000] reference-disagreement wide:extension-member:delete+newline:real:SyntaxClassifier:45 len=578 artifacts=56 advent-overaccept=39 advent-underaccept=16 compiler-timeout=6 reference-disagreement=2010 same=30372 tree-difference=5
[32488/100000] reference-disagreement wide:after-statement:newline+duplicate:translated:testSemicolon4#1 len=109 artifacts=56 advent-overaccept=39 advent-underaccept=16 com