wide corpus: 4594 entries, 50% of inputs
frontier lanes: 20% of inputs
interesting corpus: 0 entries, 0% of inputs
run: /Users/janwillem/Developer/Xcode/ApusApus/SwiftSyntaxFuzzer/runs/worker-3/2026-10-07T08-39-21Z
seed: 8709271340518908346
iterations: 100000
probe mode: persistent
seed corpus: /Users/janwillem/Developer/Xcode/ApusApus/SwiftSyntaxFuzzer/seeds/known-problems.txt (63 entries)
artifact cap: 10000 files, 1024 MB
artifact statuses: advent-no-generated-tree,advent-overaccept,advent-underaccept,crash,invalid-probe-output,probe-error,residual-ambiguity,timeout,tree-difference
artifact cap per status: 500
artifact dedupe: signal
interesting passes: /Users/janwillem/Developer/Xcode/ApusApus/SwiftSyntaxFuzzer/runs/worker-3/2026-10-07T08-39-21Z/interesting.jsonl (cap 2000)
[1/100000] same wide:extension-member:delete+delete+keyword:statement:testDiscard#3+phase4-coroutine:coroutine-read len=79 artifacts=0 same=1
[19/100000] reference-disagreement tspl-divergence-protocol-body len=123 artifacts=0 reference-disagreement=1 same=18
[22/100000] reference-disagreement wide:extension-member:raw:real:Loggers:11 len=631 artifacts=0 reference-disagreement=2 same=20
[108/100000] reference-disagreement member-list-wide-boundary len=234 artifacts=0 reference-disagreement=3 same=105
[116/100000] reference-disagreement wide:interpolation:block-comment:translated:testGenericDisambiguation6a#1 len=25 artifacts=0 reference-disagreement=4 same=112
[124/100000] reference-disagreement wide:func-body:raw:translated:testOperatorDecl11b#1 len=35 artifacts=0 reference-disagreement=5 same=119
[148/100000] reference-disagreement keypath-component-matrix len=36 artifacts=0 reference-disagreement=6 same=142
[149/100000] reference-disagreement wide:func-body:raw:real:SwiftVersion:13 len=159 artifacts=0 reference-disagreement=7 same=142
[189/100000] reference-disagreement wide:extension-member:glue:real:SyntaxExpressibleByStringInterpolationConformances:151+translated:testInitDeinit21#1 len=138 artifacts=0 reference-disagreement=8 same=181
[190/100000] reference-disagreement attribute-ifconfig-elseif-list len=132 artifacts=0 reference-disagreement=9 same=181
[216/100000] reference-disagreement binding-pattern len=458 artifacts=0 reference-disagreement=10 same=206
[219/100000] reference-disagreement wide:trailing-closure:keyword:real:GroupedDiagnostics:275+real:Parser:530 len=1560 artifacts=0 reference-disagreement=11 same=208
[233/100000] reference-disagreement wide:trailing-closure:raw:real:ExpressionMacro:20+type:testClosureSignatures#2 len=374 artifacts=0 reference-disagreement=12 same=221
[236/100000] reference-disagreement member-list-wide-boundary len=465 artifacts=0 reference-disagreement=13 same=223
[250/100000] same nested-ifconfig-boundary len=158 artifacts=0 reference-disagreement=13 same=237
[266/100000] reference-disagreement keypath-boundary len=36 artifacts=0 reference-disagreement=14 same=252
[284/100000] reference-disagreement cast-try-operator-cluster len=24 artifacts=0 reference-disagreement=15 same=269
[318/100000] reference-disagreement declaration-modifier-stack len=34 artifacts=0 reference-disagreement=16 same=302
[340/100000] reference-disagreement wide:closure:newline:real:JSONDecoding:405 len=756 artifacts=0 reference-disagreement=17 same=323
[344/100000] reference-disagreement wide:trailing-closure:line-comment:real:LibraryPluginProvider:185 len=171 artifacts=0 reference-disagreement=18 same=326
[358/100000] reference-disagreement wide:closure:raw:translated:testOperators4#1 len=197 artifacts=0 reference-disagreement=19 same=339
[380/100000] reference-disagreement wide:struct-member:newline+glue:real:SyntaxExpressibleByStringInterpolationConformances:22 len=92 artifacts=0 reference-disagreement=20 same=360
[423/100000] reference-disagreement wide:struct-member:raw:translated:testModuleSelectorCorrectCode#2 len=61 artifacts=0 reference-disagreement=21 same=402
[427/100000] reference-disagreement keypath-boundary len=33 artifacts=0 reference-disagreement=22 same=405
[440/100000] reference-disagreement wide:trailing-closure:duplicate:real:SyntaxCollections:676 len=517 artifacts=0 reference-disagreement=23 same=417
[447/100000] reference-disagreement keypath-boundary len=38 artifacts=0 reference-disagreement=24 same=423
[455/100000] reference-disagreement wide:func-body:splice+space:real:SyntaxTraits:698 len=81 artifacts=0 reference-disagreement=25 same=430
[479/100000] reference-disagreement wide:func-body:glue:declaration:testPrecedenceGroup#2 len=109 artifacts=0 reference-disagreement=26 same=453
[486/100000] reference-disagreement wide:func-body:raw:real:Syntax+StringInterpolation:263 len=171 artifacts=0 reference-disagreement=27 same=459
[496/100000] reference-disagreement wide:extension-member:block-comment:real:SyntaxUtils:35+declaration:testBorrowingConsumingParameterSpecifiers#13 len=369 artifacts=0 reference-disagreement=28 same=468
[500/100000] same frontier:protocol-accessor-shape len=117 artifacts=0 reference-disagreement=28 same=472
[508/100000] reference-disagreement seed-corpus-wrapped:preconcurrency-import len=49 artifacts=0 reference-disagreement=29 same=479
[523/100000] reference-disagreement wide:extension-member:glue+newline+newline:real:SyntaxExpressibleByStringInterpolationConformances:67 len=110 artifacts=0 reference-disagreement=30 same=493
[546/100000] advent-overaccept wide:before-statement:splice+newline:real:BasicMacroExpansionContext:109 len=284 artifacts=1 advent-overaccept=1 reference-disagreement=30 same=515
[571/100000] reference-disagreement wide:trailing-closure:duplicate+line-comment:real:SwiftParserCompatibility:22 len=309 artifacts=1 advent-overaccept=1 reference-disagreement=31 same=539
[597/100000] reference-disagreement keypath-boundary len=44 artifacts=1 advent-overaccept=1 reference-disagreement=32 same=564
[636/100000] reference-disagreement cast-try-operator-cluster len=24 artifacts=1 advent-overaccept=1 reference-disagreement=33 same=602
[639/100000] reference-disagreement wide:func-body:newline:real:SyntaxTraits:589 len=761 artifacts=1 advent-overaccept=1 reference-disagreement=34 same=604
[649/100000] reference-disagreement tspl-divergence-protocol-body len=197 artifacts=1 advent-overaccept=1 reference-disagreement=35 same=613
[660/100000] reference-disagreement wide:trailing-closure:raw:reject:testAvailabilityQueryUnavailability23#1 len=40 artifacts=1 advent-overaccept=1 reference-disagreement=36 same=623
[669/100000] reference-disagreement wide:func-body:glue:translated:testAsync16#1 len=49 artifacts=1 advent-overaccept=1 reference-disagreement=37 same=631
[705/100000] reference-disagreement keypath-boundary len=38 artifacts=1 advent-overaccept=1 reference-disagreement=38 same=666
[730/100000] reference-disagreement wide:struct-member:newline+splice+block-comment:real:SyntaxExpressibleByStringInterpolationConformances:205 len=85 artifacts=1 advent-overaccept=1 reference-disagreement=39 same=690
[738/100000] reference-disagreement wide:struct-member:delete+newline:declaration:testBorrowingConsumingParameterSpecifiers#12 len=81 artifacts=1 advent-overaccept=1 reference-disagreement=40 same=697
[750/100000] reference-disagreement wide:struct-member:space:real:SyntaxTraits:844 len=66 artifacts=1 advent-overaccept=1 reference-disagreement=41 same=708
[751/100000] reference-disagreement attribute-ifconfig-elseif-list len=133 artifacts=1 advent-overaccept=1 reference-disagreement=42 same=708
[783/100000] reference-disagreement wide:closure:splice+keyword:real:AbstractSourceLocation:22 len=795 artifacts=1 advent-overaccept=1 reference-disagreement=43 same=739
[784/100000] reference-disagreement declaration-modifier-stack len=34 artifacts=1 advent-overaccept=1 reference-disagreement=44 same=739
[793/100000] reference-disagreement tspl-divergence-accessor-commitment len=49 artifacts=1 advent-overaccept=1 reference-disagreement=45 same=747
[797/100000] reference-disagreement tspl-divergence-protocol-body len=136 artifacts=1 advent-overaccept=1 reference-disagreement=46 same=750
[801/100000] reference-disagreement grammarish-member-list len=110 artifacts=1 advent-overaccept=1 reference-disagreement=47 same=753
[803/100000] reference-disagreement wide:trailing-closure:glue:real:SyntaxUtils:71+translated:testRawString9#1 len=194 artifacts=1 advent-overaccept=1 reference-disagreement=48 same=754
[807/100000] reference-disagreement wide:struct-member:raw:real:Oracle:43 len=89 artifacts=1 advent-overaccept=1 reference-disagreement=49 same=757
[821/100000] reference-disagreement wide:closure:newline:real:Note:22 len=209 artifacts=1 advent-overaccept=1 reference-disagreement=50 same=770
[823/100000] reference-disagreement wide:func-body:raw:attribute:testSpiAttributeWithUnderscore#2 len=35 artifacts=1 advent-overaccept=1 reference-disagreement=51 same=771
[857/100000] reference-disagreement wide:closure:newline+swap:real:IsValidIdentifier:41+translated:testForwardSlashRegexSkipping10#1 len=1065 artifacts=1 advent-overaccept=1 reference-disagreement=52 same=804
[926/100000] reference-disagreement attribute-ifconfig-elseif-list len=114 artifacts=1 advent-overaccept=1 reference-disagreement=53 same=872
[941/100000] advent-overaccept wide:trailing-closure:glue+line-comment:reject:testRecovery144#1 len=32 artifacts=2 advent-overaccept=2 reference-disagreement=53 same=886
[959/100000] reference-disagreement cast-try-operator-cluster len=24 artifacts=2 advent-overaccept=2 reference-disagreement=54 same=903
[971/100000] reference-disagreement wide:closure:newline:translated:testEffectfulProperties9#1 len=141 artifacts=2 advent-overaccept=2 reference-disagreement=55 same=914
[992/100000] reference-disagreement wide:closure:splice:real:FixIt:22+translated:testOperators24#1 len=288 artifacts=2 advent-overaccept=2 reference-disagreement=56 same=934
[1000/100000] same seed-corpus-wrapped:attribute-in-ifconfig len=76 artifacts=2 advent-overaccept=2 reference-disagreement=56 same=942
[1009/100000] reference-disagreement keypath-component-matrix len=44 artifacts=2 advent-overaccept=2 reference-disagreement=57 same=950
[1033/100000] advent-overaccept wide:after-statement:glue+block-comment:real:MissingNodesError:187 len=382 artifacts=3 advent-overaccept=3 reference-disagreement=57 same=973
[1070/100000] reference-disagreement wide:closure:space+block-comment+line-comment:real:SyntaxTraits:614 len=447 artifacts=3 advent-overaccept=3 reference-disagreement=58 same=1009
[1073/100000] reference-disagreement tspl-divergence-protocol-body len=179 artifacts=3 advent-overaccept=3 reference-disagreement=59 same=1011
[1089/100000] reference-disagreement wide:ifconfig:glue:expression:testClosureParameterWithModifier#1 len=40 artifacts=3 advent-overaccept=3 reference-disagreement=60 same=1026
[1118/100000] reference-disagreement wide:closure:line-comment+block-comment:real:Syntax+StringInterpolation:289 len=80 artifacts=3 advent-overaccept=3 reference-disagreement=61 same=1054
[1122/100000] reference-disagreement tspl-divergence-protocol-body len=147 artifacts=3 advent-overaccept=3 reference-disagreement=62 same=1057
[1132/100000] reference-disagreement wide:struct-member:space:declaration:testImports#3 len=58 artifacts=3 advent-overaccept=3 reference-disagreement=63 same=1066
[1135/100000] reference-disagreement nested-ifconfig-boundary len=113 artifacts=3 advent-overaccept=3 reference-disagreement=64 same=1068
[1138/100000] reference-disagreement wide:trailing-closure:newline:real:BuildableNodes:1251 len=1289 artifacts=3 advent-overaccept=3 reference-disagreement=65 same=1070
[1153/100000] reference-disagreement wide:trailing-closure:swap:attribute:testEffects#1 len=60 artifacts=3 advent-overaccept=3 reference-disagreement=66 same=1084
[1162/100000] reference-disagreement member-list-wide-boundary len=287 artifacts=3 advent-overaccept=3 reference-disagreement=67 same=1092
[1182/100000] reference-disagreement wide:func-body:raw:translated:testOperatorDecl11d#1 len=35 artifacts=3 advent-overaccept=3 reference-disagreement=68 same=1111
[1230/100000] reference-disagreement wide:func-body:delete+line-comment:real:LocationMarkers:22 len=207 artifacts=3 advent-overaccept=3 reference-disagreement=69 same=1158
[1242/100000] reference-disagreement wide:trailing-closure:keyword:real:RefactoringProvider:33+attribute:testMacroRoleNames#3 len=830 artifacts=3 advent-overaccept=3 reference-disagreement=70 same=1169
[1250/100000] reference-disagreement wide:trailing-closure:space:expression:testClosureWithExternalParameterName#2 len=34 artifacts=3 advent-overaccept=3 reference-disagreement=71 same=1176
[1274/100000] reference-disagreement ifconfig-member-context-boundary len=71 artifacts=3 advent-overaccept=3 reference-disagreement=72 same=1199
[1305/100000] reference-disagreement member-list-wide-boundary len=379 artifacts=3 advent-overaccept=3 reference-disagreement=73 same=1229
[1306/100000] reference-disagreement wide:func-body:block-comment:translated:testMatchingPatterns29#1+translated:testSwitch33#1 len=329 artifacts=3 advent-overaccept=3 reference-disagreement=74 same=1229
[1314/100000] reference-disagreement wide:closure:raw:translated:testEnum72#1 len=82 artifacts=3 advent-overaccept=3 reference-disagreement=75 same=1236
[1365/100000] reference-disagreement tspl-divergence-protocol-body len=211 artifacts=3 advent-overaccept=3 reference-disagreement=76 same=1286
[1366/100000] reference-disagreement tspl-divergence-protocol-body len=155 artifacts=3 advent-overaccept=3 reference-disagreement=77 same=1286
[1405/100000] reference-disagreement wide:trailing-closure:raw:real:ResultBuilders:719 len=177 artifacts=3 advent-overaccept=3 reference-disagreement=78 same=1324
[1441/100000] reference-disagreement wide:func-body:raw:real:SyntaxExpressibleByStringInterpolationConformances:226 len=165 artifacts=3 advent-overaccept=3 reference-disagreement=79 same=1359
[1447/100000] reference-disagreement wide:closure:raw:real:IndentationUtils:64 len=462 artifacts=3 advent-overaccept=3 reference-disagreement=80 same=1364
[1453/100000] reference-disagreement tspl-divergence-protocol-body len=200 artifacts=3 advent-overaccept=3 reference-disagreement=81 same=1369
[1466/100000] reference-disagreement wide:struct-member:block-comment:translated:testInvalid33#1 len=76 artifacts=3 advent-overaccept=3 reference-disagreement=82 same=1381
[1500/100000] same frontier:condition-trailing-closure-scope len=467 artifacts=3 advent-overaccept=3 reference-disagreement=82 same=1415
[1503/100000] reference-disagreement keypath-boundary len=37 artifacts=3 advent-overaccept=3 reference-disagreement=83 same=1417
[1512/100000] reference-disagreement statement-list len=621 artifacts=3 advent-overaccept=3 reference-disagreement=84 same=1425
[1515/100000] reference-disagreement attribute-ifconfig-elseif-list len=126 artifacts=3 advent-overaccept=3 reference-disagreement=85 same=1427
[1525/100000] reference-disagreement wide:extension-member:raw:translated:testEnum42#1+real:SyntaxTraits:740 len=233 artifacts=3 advent-overaccept=3 reference-disagreement=86 same=1436
[1528/100000] reference-disagreement tspl-divergence-protocol-body len=155 artifacts=3 advent-overaccept=3 reference-disagreement=87 same=1438
[1540/100000] reference-disagreement expr-let len=24 artifacts=3 advent-overaccept=3 reference-disagreement=88 same=1449
[1586/100000] reference-disagreement keypath-component-matrix len=48 artifacts=3 advent-overaccept=3 reference-disagreement=89 same=1494
[1600/100000] reference-disagreement wide:extension-member:newline+block-comment:translated:testOperatorDecl5#1 len=50 artifacts=3 advent-overaccept=3 reference-disagreement=90 same=1507
[1601/100000] reference-disagreement wide:closure:raw:real:Syntax+StringInterpolation:472+real:RegexLiteralLexer:339 len=411 artifacts=3 advent-overaccept=3 reference-disagreement=91 same=1507
[1612/100000] reference-disagreement member-list-wide-boundary len=151 artifacts=3 advent-overaccept=3 reference-disagreement=92 same=1517
[1648/100000] reference-disagreement wide:trailing-closure:raw:expression:testBorrowExpression#4 len=37 artifacts=3 advent-overaccept=3 reference-disagreement=93 same=1552
[1702/100000] reference-disagreement wide:closure:space+line-comment:real:SyntaxCollections:251 len=495 artifacts=3 advent-overaccept=3 reference-disagreement=94 same=1605
[1705/100000] reference-disagreement wide:trailing-closure:block-comment:real:SyntaxComparison:28 len=691 artifacts=3 advent-overaccept=3 reference-disagreement=95 same=1607
[1744/100000] reference-disagreement wide:closure:raw:real:ResultBuilders:76 len=217 artifacts=3 advent-overaccept=3 reference-disagreement=96 same=1645
[1745/100000] reference-disagreement grammarish-member-list len=110 artifacts=3 advent-overaccept=3 reference-disagreement=97 same=1645
[1750/100000] same wide:extension-member:glue:translated:testOperators32#1 len=34 artifacts=3 advent-overaccept=3 reference-disagreement=97 same=1650
[1757/100000] reference-disagreement wide:top:raw:statement:testTypedThrows#1 len=40 artifacts=3 advent-overaccept=3 reference-disagreement=98 same=1656
[1760/100000] reference-disagreement wide:closure:raw:real:TokenSpec:197 len=984 artifacts=3 advent-overaccept=3 reference-disagreement=99 same=1658
[1762/100000] reference-disagreement cast-try-operator-cluster len=24 artifacts=3 advent-overaccept=3 reference-disagreement=100 same=1659
[1763/100000] reference-disagreement wide:trailing-closure:newline:real:SwiftSyntaxCompatibility:460 len=56 artifacts=3 advent-overaccept=3 reference-disagreement=101 same=1659
[1772/100000] reference-disagreement wide:closure:keyword+splice+keyword:translated:testSwitch20#1 len=68 artifacts=3 advent-overaccept=3 reference-disagreement=102 same=1667
[1795/100000] reference-disagreement tspl-divergence-protocol-body len=168 artifacts=3 advent-overaccept=3 reference-disagreement=103 same=1689
[1827/100000] reference-disagreement statement-list len=567 artifacts=3 advent-overaccept=3 reference-disagreement=104 same=1720
[1858/100000] reference-disagreement wide:trailing-closure:raw:real:SyntaxProtocol+Initializer:84 len=545 artifacts=3 advent-overaccept=3 reference-disagreement=105 same=1750
[1871/100000] reference-disagreement wide:before-statement:duplicate+glue+newline:phase4-string:raw-quote len=44 artifacts=3 advent-overaccept=3 reference-disagreement=106 same=1762
[1887/100000] reference-disagreement tspl-divergence-protocol-body len=98 artifacts=3 advent-overaccept=3 reference-disagreement=107 same=1777
[1909/100000] reference-disagreement attribute-ifconfig-elseif-list len=116 artifacts=3 advent-overaccept=3 reference-disagreement=108 same=1798
[1914/100000] reference-disagreement wide:trailing-closure:block-comment:translated:testInitDeinit18#1 len=92 artifacts=3 advent-overaccept=3 reference-disagreement=109 same=1802
[1916/100000] reference-disagreement binding-pattern len=458 artifacts=3 advent-overaccept=3 reference-disagreement=110 same=1803
[1931/100000] reference-disagreement wide:extension-member:raw:real:IdentifiableSyntax:20 len=75 artifacts=3 advent-overaccept=3 reference-disagreement=111 same=1817
[1939/100000] reference-disagreement wide:before-statement:delete+newline:translated:testTypeExpr29#1 len=82 artifacts=3 advent-overaccept=3 reference-disagreement=112 same=1824
[1948/100000] reference-disagreement wide:extension-member:newline:real:SyntaxTraits:806 len=65 artifacts=3 advent-overaccept=3 reference-disagreement=113 same=1832
[1954/100000] reference-disagreement grammarish-member-list len=245 artifacts=3 advent-overaccept=3 reference-disagreement=114 same=1837
[1956/100000] reference-disagreement wide:func-body:raw:real:CallLikeSyntax:27+translated:testForwardSlashRegexSkipping4#1 len=117 artifacts=3 advent-overaccept=3 reference-disagreement=115 same=1838
[1982/100000] reference-disagreement attribute-ifconfig-elseif-list len=129 artifacts=3 advent-overaccept=3 reference-disagreement=116 same=1863
[2000/100000] same interpolation-boundary len=79 artifacts=3 advent-overaccept=3 reference-disagreement=116 same=1881
[2013/100000] reference-disagreement wide:struct-member:space:translated:testDiagnoseAvailability9#1+declaration:testModifiedParameter#2 len=128 artifacts=3 advent-overaccept=3 reference-disagreement=117 same=1893
[2014/100000] reference-disagreement cast-try-operator-cluster len=24 artifacts=3 advent-overaccept=3 reference-disagreement=118 same=1893
[2019/100000] reference-disagreement wide:func-body:raw:real:SyntaxEditUtils:22 len=156 artifacts=3 advent-overaccept=3 reference-disagreement=119 same=1897
[2032/100000] reference-disagreement attribute-ifconfig-elseif-list len=100 artifacts=3 advent-overaccept=3 reference-disagreement=120 same=1909
[2037/100000] reference-disagreement wide:closure:raw:declaration:testCoroutineAccessors#1 len=93 artifacts=3 advent-overaccept=3 reference-disagreement=121 same=1913
[2046/100000] reference-disagreement tspl-divergence-protocol-body len=114 artifacts=3 advent-overaccept=3 reference-disagreement=122 same=1921
[2058/100000] reference-disagreement cast-try-operator-cluster len=24 artifacts=3 advent-overaccept=3 reference-disagreement=123 same=1932
[2066/100000] reference-disagreement wide:trailing-closure:delete:real:SwiftSyntaxCompatibility:247+translated:testOperators33#1 len=156 artifacts=3 advent-overaccept=3 reference-disagreement=124 same=1939
[2071/100000] reference-disagreement attribute-boundary len=37 artifacts=3 advent-overaccept=3 reference-disagreement=125 same=1943
[2075/100000] reference-disagreement wide:trailing-closure:raw:real:SyntaxNodeWithBody:101 len=59 artifacts=3 advent-overaccept=3 reference-disagreement=126 same=1946
[2080/100000] reference-disagreement tspl-divergence-accessor-commitment len=49 artifacts=3 advent-overaccept=3 reference-disagreement=127 same=1950
[2100/100000] reference-disagreement tspl-divergence-protocol-body len=168 artifacts=3 advent-overaccept=3 reference-disagreement=128 same=1969
[2116/100000] reference-disagreement wide:trailing-closure:glue:real:RenamedChildrenBuilderCompatibility:522 len=1030 artifacts=3 advent-overaccept=3 reference-disagreement=129 same=1984
[2118/100000] reference-disagreement wide:ifconfig:space+newline+glue:translated:testObjcEnum8#1 len=167 artifacts=3 advent-overaccept=3 reference-disagreement=130 same=1985
[2129/100000] reference-disagreement wide:struct-member:raw:real:SyntaxTraits:788 len=85 artifacts=3 advent-overaccept=3 reference-disagreement=131 same=1995
[2147/100000] reference-disagreement wide:struct-member:raw:phase4-precedence:pg-higher len=68 artifacts=3 advent-overaccept=3 reference-disagreement=132 same=2012
[2148/100000] reference-disagreement wide:extension-member:raw:translated:testModuleSelectorExpr#8 len=71 artifacts=3 advent-overaccept=3 reference-disagreement=133 same=2012
[2166/100000] reference-disagreement wide:func-body:delete+glue+delete:attribute:testSemanticsAttribute#1 len=210 artifacts=3 advent-overaccept=3 reference-disagreement=134 same=2029
[2186/100000] reference-disagreement wide:top:raw:translated:testSwitch63#1 len=53 artifacts=3 advent-overaccept=3 reference-disagreement=135 same=2048
[2189/100000] reference-disagreement wide:func-body:raw:real:TriviaPieces:24+declaration:testParseIsolatedConformances#2 len=1260 artifacts=3 advent-overaccept=3 reference-disagreement=136 same=2050
[2196/100000] reference-disagreement wide:after-statement:line-comment+glue:translated:testInitDeinit5a#1 len=67 artifacts=3 advent-overaccept=3 reference-disagreement=137 same=2056
[2210/100000] reference-disagreement tspl-divergence-protocol-body len=173 artifacts=3 advent-overaccept=3 reference-disagreement=138 same=2069
[2236/100000] reference-disagreement wide:trailing-closure:block-comment+space:translated:testEnum64#1+real:ResultBuilders:427 len=393 artifacts=3 advent-overaccept=3 reference-disagreement=139 same=2094
[2250/100000] same frontier:statement-member-context len=93 artifacts=3 advent-overaccept=3 reference-disagreement=139 same=2108
[2305/100000] reference-disagreement nested-ifconfig-boundary len=163 artifacts=3 advent-overaccept=3 reference-disagreement=140 same=2162
[2310/100000] reference-disagreement tspl-divergence-protocol-body len=238 artifacts=3 advent-overaccept=3 reference-disagreement=141 same=2166
[2318/100000] reference-disagreement wide:interpolation:glue+space:expression:testClosureWithExternalParameterName#2 len=35 artifacts=3 advent-overaccept=3 reference-disagreement=142 same=2173
[2341/100000] reference-disagreement statement-list len=600 artifacts=3 advent-overaccept=3 reference-disagreement=143 same=2195
[2346/100000] reference-disagreement keypath-boundary len=37 artifacts=3 advent-overaccept=3 reference-disagreement=144 same=2199
[2351/100000] reference-disagreement member-list-wide-boundary len=285 artifacts=3 advent-overaccept=3 reference-disagreement=145 same=2203
[2369/100000] reference-disagreement wide:extension-member:line-comment+keyword:real:Macro+Format:25 len=111 artifacts=3 advent-overaccept=3 reference-disagreement=146 same=2220
[2373/100000] reference-disagreement wide:ifconfig:keyword+glue:translated:testSwitch79#1 len=77 artifacts=3 advent-overaccept=3 reference-disagreement=147 same=2223
[2376/100000] reference-disagreement wide:interpolation:block-comment+block-comment:translated:testGenericDisambiguation16#1 len=36 artifacts=3 advent-overaccept=3 reference-disagreement=148 same=2225
[2401/100000] reference-disagreement wide:extension-member:raw:real:WithTrailingCommaSyntax+EnsuringTrailingComma:19 len=223 artifacts=3 advent-overaccept=3 reference-disagreement=149 same=2249
[2417/100000] reference-disagreement wide:func-body:block-comment+splice+block-comment:real:SyntaxEnum:1190 len=363 artifacts=3 advent-overaccept=3 reference-disagreement=150 same=2264
[2431/100000] reference-disagreement wide:after-statement:raw:declaration:testOperators#2 len=292 artifacts=3 advent-overaccept=3 reference-disagreement=151 same=2277
[2477/100000] reference-disagreement tspl-divergence-accessor-commitment len=49 artifacts=3 advent-overaccept=3 reference-disagreement=152 same=2322
[2487/100000] reference-disagreement wide:func-body:newline+newline:real:MacroExpansionContext:116 len=560 artifacts=3 advent-overaccept=3 reference-disagreement=153 same=2331
[2493/100000] reference-disagreement statement-list len=519 artifacts=3 advent-overaccept=3 reference-disagreement=154 same=2336
[2495/100000] reference-disagreement wide:closure:raw:translated:testMatchingPatterns17#1+translated:testDiagnosticMissingFuncKeyword3#1 len=370 artifacts=3 advent-overaccept=3 reference-disagreement=155 same=2337
[2500/100000] same frontier:generic-member-type-shape len=273 artifacts=3 advent-overaccept=3 reference-disagreement=155 same=2342
[2513/100000] reference-disagreement wide:struct-member:block-comment:real:ConvenienceInitializers:40 len=171 artifacts=3 advent-overaccept=3 reference-disagreement=156 same=2354
[2517/100000] reference-disagreement wide:struct-member:glue:real:ExpressionInterpretedAsVersionTuple:19 len=1187 artifacts=3 advent-overaccept=3 reference-disagreement=157 same=2357
[2518/100000] reference-disagreement wide:func-body:space:real:WithTrailingCommaSyntax+EnsuringTrailingComma:19 len=221 artifacts=3 advent-overaccept=3 reference-disagreement=158 same=2357
[2527/100000] reference-disagreement tspl-divergence-protocol-body len=203 artifacts=3 advent-overaccept=3 reference-disagreement=159 same=2365
[2532/100000] reference-disagreement binding-pattern len=458 artifacts=3 advent-overaccept=3 reference-disagreement=160 same=2369
[2542/100000] reference-disagreement wide:top:newline:reject:testAvailabilityQueryUnavailability23#1 len=31 artifacts=3 advent-overaccept=3 reference-disagreement=161 same=2378
[2566/100000] reference-disagreement wide:struct-member:newline:real:SyntaxExpressibleByStringInterpolationConformances:25 len=93 artifacts=3 advent-overaccept=3 reference-disagreement=162 same=2401
[2571/100000] reference-disagreement wide:struct-member:newline+newline:translated:testObjcEnum4#1+translated:testInitDeinit22#1 len=205 artifacts=3 advent-overaccept=3 reference-disagreement=163 same=2405
[2580/100000] reference-disagreement tspl-divergence-protocol-body len=135 artifacts=3 advent-overaccept=3 reference-disagreement=164 same=2413
[2646/100000] reference-disagreement declaration-modifier-stack len=34 artifacts=3 advent-overaccept=3 reference-disagreement=165 same=2478
[2660/100000] reference-disagreement wide:before-statement:line-comment:real:SwiftSyntaxCompatibility:259+attribute:testABIAttribute#8 len=327 artifacts=3 advent-overaccept=3 reference-disagreement=166 same=2491
[2692/100000] reference-disagreement wide:trailing-closure:raw:real:ResultBuilders:336 len=189 artifacts=3 advent-overaccept=3 reference-disagreement=167 same=2522
[2722/100000] reference-disagreement func-body len=458 artifacts=3 advent-overaccept=3 reference-disagreement=168 same=2551
[2727/100000] reference-disagreement wide:trailing-closure:glue+glue:real:DeclSyntaxParseable:53 len=64 artifacts=3 advent-overaccept=3 reference-disagreement=169 same=2555
[2737/100000] reference-disagreement wide:trailing-closure:swap:real:ResultBuilders:441 len=219 artifacts=3 advent-overaccept=3 reference-disagreement=170 same=2564
[2742/100000] reference-disagreement wide:func-body:line-comment:real:LayoutNodes+Parsable:207 len=190 artifacts=3 advent-overaccept=3 reference-disagreement=171 same=2568
[2746/100000] reference-disagreement tspl-divergence-accessor-commitment len=49 artifacts=3 advent-overaccept=3 reference-disagreement=172 same=2571
[2750/100000] same wide:struct-member:raw:translated:testGenericDisambiguation6d#1 len=28 artifacts=3 advent-overaccept=3 reference-disagreement=172 same=2575
[2755/100000] reference-disagreement wide:closure:raw:real:JSONDecoding:179 len=487 artifacts=3 advent-overaccept=3 reference-disagreement=173 same=2579
[2757/100000] reference-disagreement wide:closure:line-comment:real:LayoutNodes+Parsable:151 len=197 artifacts=3 advent-overaccept=3 reference-disagreement=174 same=2580
[2807/100000] reference-disagreement wide:func-body:raw:real:WarningControlRegions:210+translated:testTypeExpr11#1 len=782 artifacts=3 advent-overaccept=3 reference-disagreement=175 same=2629
[2849/100000] reference-disagreement keypath-boundary len=38 artifacts=3 advent-overaccept=3 reference-disagreement=176 same=2670
[2868/100000] reference-disagreement wide:closure:glue:real:Operator:38 len=482 artifacts=3 advent-overaccept=3 reference-disagreement=177 same=2688
[2878/100000] reference-disagreement wide:func-body:raw:real:MemoryLayout:14+real:SyntaxTraits:786 len=914 artifacts=3 advent-overaccept=3 reference-disagreement=178 same=2697
[2904/100000] reference-disagreement attribute-ifconfig-elseif-list len=123 artifacts=3 advent-overaccept=3 reference-disagreement=179 same=2722
[2951/100000] reference-disagreement wide:extension-member:raw:attribute:testABIAttribute#16 len=103 artifacts=3 advent-overaccept=3 reference-disagreement=180 same=2768
[2969/100000] reference-disagreement wide:closure:raw:real:AddPackageTarget:137+type:testInverseTypesInParameter#1 len=539 artifacts=3 advent-overaccept=3 reference-disagreement=181 same=2785
[2971/100000] reference-disagreement declaration-modifier-stack len=34 artifacts=3 advent-overaccept=3 reference-disagreement=182 same=2786
[2973/100000] reference-disagreement wide:extension-member:block-comment+keyword:real:RegexLiteralLexer:325 len=280 artifacts=3 advent-overaccept=3 reference-disagreement=183 same=2787
[3000/100000] same wide:ifconfig:block-comment:translated:testSubscripting4#1 len=156 artifacts=3 advent-overaccept=3 reference-disagreement=183 same=2814
[3007/100000] reference-disagreement wide:top:delete:real:String+TrimmingTrailingWhitespace:13 len=241 artifacts=3 advent-overaccept=3 reference-disagreement=184 same=2820
[3014/100000] reference-disagreement wide:ifconfig:raw:real:ResultBuilders:232+translated:testOperatorDeclDesignatedTypes10#1 len=241 artifacts=3 advent-overaccept=3 reference-disagreement=185 same=2826
[3027/100000] reference-disagreement seed-corpus-wrapped:preconcurrency-import len=85 artifacts=3 advent-overaccept=3 reference-disagreement=186 same=2838
[3028/100000] reference-disagreement attribute-ifconfig-elseif-list len=127 artifacts=3 advent-overaccept=3 reference-disagreement=187 same=2838
[3039/100000] reference-disagreement wide:extension-member:duplicate:real:GenerateSwiftSyntaxAST:28 len=315 artifacts=3 advent-overaccept=3 reference-disagreement=188 same=2848
[3044/100000] reference-disagreement wide:after-statement:raw:translated:testOperatorDecl17#1+translated:testForwardSlashRegex78#1 len=115 artifacts=3 advent-overaccept=3 reference-disagreement=189 same=2852
[3054/100000] reference-disagreement wide:extension-member:space+glue:real:DeclSyntaxParseable:48+translated:testTypealias2b#1 len=115 artifacts=3 advent-overaccept=3 reference-disagreement=190 same=2861
[3061/100000] reference-disagreement wide:trailing-closure:newline+newline:translated:testInitDeinit14#1 len=139 artifacts=3 advent-overaccept=3 reference-disagreement=191 same=2867
[3062/100000] reference-disagreement attribute-ifconfig-elseif-list len=129 artifacts=3 advent-overaccept=3 reference-disagreement=192 same=2867
[3076/100000] reference-disagreement wide:before-statement:raw:reject:testChainedOptionalUnwrapsAfterSubscript#1 len=29 artifacts=3 advent-overaccept=3 reference-disagreement=193 same=2880
[3081/100000] reference-disagreement wide:closure:raw:real:ScopeImplementations:376 len=179 artifacts=3 advent-overaccept=3 reference-disagreement=194 same=2884
[3099/100000] reference-disagreement wide:before-statement:block-comment:translated:testSwitch33#1 len=125 artifacts=3 advent-overaccept=3 reference-disagreement=195 same=2901
[3101/100000] reference-disagreement seed-corpus-wrapped:preconcurrency-import len=66 artifacts=3 advent-overaccept=3 reference-disagreement=196 same=2902
[3121/100000] reference-disagreement wide:closure:raw:real:BuildConfiguration:28 len=356 artifacts=3 advent-overaccept=3 reference-disagreement=197 same=2921
[3134/100000] reference-disagreement member-list-wide-boundary len=125 artifacts=3 advent-overaccept=3 reference-disagreement=198 same=2933
[3171/100000] reference-disagreement wide:extension-member:space+block-comment:phase2-postfix:call-labelled+real:Statements:19 len=661 artifacts=3 advent-overaccept=3 reference-disagreement=199 same=2969
[3215/100000] reference-disagreement wide:trailing-closure:raw:real:MemberMacro:63 len=303 artifacts=3 advent-overaccept=3 reference-disagreement=200 same=3012
[3243/100000] reference-disagreement cast-try-operator-cluster len=24 artifacts=3 advent-overaccept=3 reference-disagreement=201 same=3039
[3248/100000] reference-disagreement wide:extension-member:space:real:BuildableNodes:110 len=1063 artifacts=3 advent-overaccept=3 reference-disagreement=202 same=3043
[3250/100000] same wide:interpolation:space+duplicate:translated:testForwardSlashRegexSkipping28#1 len=36 artifacts=3 advent-overaccept=3 reference-disagreement=202 same=3045
[3263/100000] reference-disagreement wide:extension-member:newline+space:real:SyntaxTraits:578 len=458 artifacts=3 advent-overaccept=3 reference-disagreement=203 same=3057
[3269/100000] reference-disagreement wide:trailing-closure:newline+glue:statement:testTypedThrows#3 len=38 artifacts=3 advent-overaccept=3 reference-disagreement=204 same=3062
[3294/100000] reference-disagreement wide:func-body:raw:real:ResultBuilders:258 len=241 artifacts=3 advent-overaccept=3 reference-disagreement=205 same=3086
[3316/100000] reference-disagreement wide:closure:space:translated:testForwardSlashRegex75#1+real:SyntaxTraits:838 len=105 artifacts=3 advent-overaccept=3 reference-disagreement=206 same=3107
[3340/100000] reference-disagreement wide:trailing-closure:space:attribute:testExpose#3 len=38 artifacts=3 advent-overaccept=3 reference-disagreement=207 same=3130
[3341/100000] reference-disagreement statement-list len=562 artifacts=3 advent-overaccept=3 reference-disagreement=208 same=3130
[3352/100000] reference-disagreement wide:extension-member:newline+splice+newline:reject:testMacroRoleNames#1 len=69 artifacts=3 advent-overaccept=3 reference-disagreement=209 same=3140
[3363/100000] reference-disagreement wide:trailing-closure:block-comment:real:Convenience:13 len=1062 artifacts=3 advent-overaccept=3 reference-disagreement=210 same=3150
[3388/100000] reference-disagreement wide:trailing-closure:block-comment:real:AbstractSourceLocation:22 len=813 artifacts=3 advent-overaccept=3 reference-disagreement=211 same=3174
[3411/100000] reference-disagreement tspl-divergence-protocol-body len=128 artifacts=3 advent-overaccept=3 reference-disagreement=212 same=3196
[3425/100000] reference-disagreement wide:after-statement:raw:translated:testPatternWithoutVariablesScript1#1+translated:testTypeExpr5#1 len=52 artifacts=3 advent-overaccept=3 reference-disagreement=213 same=3209
[3433/100000] reference-disagreement member-list-wide-boundary len=198 artifacts=3 advent-overaccept=3 reference-disagreement=214 same=3216
[3453/100000] reference-disagreement wide:trailing-closure:delete+glue+block-comment:translated:testModuleSelectorCorrectCode#5 len=76 artifacts=3 advent-overaccept=3 reference-disagreement=215 same=3235
[3456/100000] advent-underaccept wide:struct-member:splice+newline+block-comment:translated:testForwardSlashRegexSkipping25#1+phase4-pattern:if-case-qualified-assoc-optional len=100 artifacts=4 advent-overaccept=3 advent-underaccept=1 reference-disagreement=215 same=3237
[3459/100000] reference-disagreement tspl-divergence-protocol-body len=268 artifacts=4 advent-overaccept=3 advent-underaccept=1 reference-disagreement=216 same=3239
[3462/100000] reference-disagreement tspl-divergence-accessor-commitment len=49 artifacts=4 advent-overaccept=3 advent-underaccept=1 reference-disagreement=217 same=3241
[3497/100000] reference-disagreement tspl-divergence-protocol-body len=132 artifacts=4 advent-overaccept=3 advent-underaccept=1 reference-disagreement=218 same=3275
[3500/100000] same collection-type-boundary len=94 artifacts=4 advent-overaccept=3 advent-underaccept=1 reference-disagreement=218 same=3278
[3514/100000] reference-disagreement wide:before-statement:newline+line-comment+space:translated:testDeprecatedWhere4#1 len=454 artifacts=4 advent-overaccept=3 advent-underaccept=1 reference-disagreement=219 same=3291
[3520/100000] reference-disagreement tspl-divergence-protocol-body len=230 artifacts=4 advent-overaccept=3 advent-underaccept=1 reference-disagreement=220 same=3296
[3527/100000] reference-disagreement wide:closure:space+splice:real:CollectionNodes+Parsable:84 len=602 artifacts=4 advent-overaccept=3 advent-underaccept=1 reference-disagreement=221 same=3302
[3542/100000] reference-disagreement cast-try-operator-cluster len=24 artifacts=4 advent-overaccept=3 advent-underaccept=1 reference-disagreement=222 same=3316
[3543/100000] advent-underaccept wide:before-statement:splice+newline:translated:testOperators13#1 len=56 artifacts=5 advent-overaccept=3 advent-underaccept=2 reference-disagreement=222 same=3316
[3558/100000] advent-overaccept wide:closure:duplicate+newline:translated:testRegexParseError2#1 len=34 artifacts=6 advent-overaccept=4 advent-underaccept=2 reference-disagreement=222 same=3330
[3565/100000] reference-disagreement attribute-ifconfig-elseif-list len=116 artifacts=6 advent-overaccept=4 advent-underaccept=2 reference-disagreement=223 same=3336
[3573/100000] reference-disagreement wide:after-statement:line-comment:real:BuildableNodes:1557+reject:testRecovery28#1 len=1299 artifacts=6 advent-overaccept=4 advent-underaccept=2 reference-disagreement=224 same=3343
[3586/100000] reference-disagreement tspl-divergence-protocol-body len=123 artifacts=6 advent-overaccept=4 advent-underaccept=2 reference-disagreement=225 same=3355
[3593/100000] reference-disagreement wide:func-body:line-comment+newline+newline:real:SyntaxExpressibleByStringInterpolationConformances:118+expression:testKeypathExpression#7 len=185 artifacts=6 advent-overaccept=4 advent-underaccept=2 reference-disagreement=226 same=3361
[3599/100000] reference-disagreement keypath-component-matrix len=46 artifacts=6 advent-overaccept=4 advent-underaccept=2 reference-disagreement=227 same=3366
[3630/100000] reference-disagreement statement-list len=577 artifacts=6 advent-overaccept=4 advent-underaccept=2 reference-disagreement=228 same=3396
[3639/100000] reference-disagreement tspl-divergence-protocol-body len=193 artifacts=6 advent-overaccept=4 advent-underaccept=2 reference-disagreement=229 same=3404
[3651/100000] reference-disagreement wide:closure:block-comment:real:ResultBuilders:506 len=223 artifacts=6 advent-overaccept=4 advent-underaccept=2 reference-disagreement=230 same=3415
[3675/100000] reference-disagreement statement-list len=584 artifacts=6 advent-overaccept=4 advent-underaccept=2 reference-disagreement=231 same=3438
[3700/100000] reference-disagreement wide:closure:raw:translated:testSwitch65#1 len=40 artifacts=6 advent-overaccept=4 advent-underaccept=2 reference-disagreement=232 same=3462
[3710/100000] reference-disagreement wide:trailing-closure:raw:translated:testOriginalDefinedInAttr8#1 len=160 artifacts=6 advent-overaccept=4 advent-underaccept=2 reference-disagreement=233 same=3471
[3717/100000] reference-disagreement seed-corpus-structural-splice:declaration-modifier-stack len=85 artifacts=6 advent-overaccept=4 advent-underaccept=2 reference-disagreement=234 same=3477
[3750/100000] same type-let len=37 artifacts=6 advent-overaccept=4 advent-underaccept=2 reference-disagreement=234 same=3510
[3755/100000] reference-disagreement keypath-boundary len=33 artifacts=6 advent-overaccept=4 advent-underaccept=2 reference-disagreement=235 same=3514
[3794/100000] reference-disagreement nested-ifconfig-boundary len=163 artifacts=6 advent-overaccept=4 advent-underaccept=2 reference-disagreement=236 same=3552
[3796/100000] reference-disagreement member-list-wide-boundary len=262 artifacts=6 advent-overaccept=4 advent-underaccept=2 reference-disagreement=237 same=3553
[3833/100000] reference-disagreement grammarish-member-list len=284 artifacts=6 advent-overaccept=4 advent-underaccept=2 reference-disagreement=238 same=3589
[3869/100000] reference-disagreement wide:extension-member:raw:type:testConvention#1+declaration:testModifiedParameter#3 len=573 artifacts=6 advent-overaccept=4 advent-underaccept=2 reference-disagreement=239 same=3624
[3897/100000] reference-disagreement tspl-divergence-protocol-body len=263 artifacts=6 advent-overaccept=4 advent-underaccept=2 reference-disagreement=240 same=3651
[3898/100000] reference-disagreement wide:extension-member:line-comment+newline+duplicate:translated:testOperators20#1 len=65 artifacts=6 advent-overaccept=4 advent-underaccept=2 reference-disagreement=241 same=3651
[3912/100000] reference-disagreement seed-corpus-wrapped:extension-optional-type len=51 artifacts=6 advent-overaccept=4 advent-underaccept=2 reference-disagreement=242 same=3664
[3918/100000] reference-disagreement tspl-divergence-protocol-body len=160 artifacts=6 advent-overaccept=4 advent-underaccept=2 reference-disagreement=243 same=3669
[3936/100000] reference-disagreement wide:trailing-closure:glue+glue:real:SyntaxTraits:776 len=54 artifacts=6 advent-overaccept=4 advent-underaccept=2 reference-disagreement=244 same=3686
[3988/100000] reference-disagreement wide:closure:raw:real:SyntaxNodeWithBody:34 len=244 artifacts=6 advent-overaccept=4 advent-underaccept=2 reference-disagreement=245 same=3737
[4000/100000] reference-disagreement wide:closure:duplicate+delete:translated:testOptionalLvalues13#1 len=54 artifacts=6 advent-overaccept=4 advent-underaccept=2 reference-disagreement=246 same=3748
[4002/100000] reference-disagreement wide:after-statement:raw:translated:testOperatorDeclDesignatedTypes11#1+translated:testForwardSlashRegex93#1 len=77 artifacts=6 advent-overaccept=4 advent-underaccept=2 reference-disagreement=247 same=3749
[4003/100000] reference-disagreement grammarish-member-list len=177 artifacts=6 advent-overaccept=4 advent-underaccept=2 reference-disagreement=248 same=3749
[4005/100000] reference-disagreement func-body len=458 artifacts=6 advent-overaccept=4 advent-underaccept=2 reference-disagreement=249 same=3750
[4015/100000] reference-disagreement member-list-wide-boundary len=305 artifacts=6 advent-overaccept=4 advent-underaccept=2 reference-disagreement=250 same=3759
[4035/100000] reference-disagreement wide:before-statement:newline+line-comment:translated:testSwitch46#1 len=113 artifacts=6 advent-overaccept=4 advent-underaccept=2 reference-disagreement=251 same=3778
[4039/100000] reference-disagreement wide:closure:raw:real:SyntaxBaseNodes:23+translated:testOptionalLvalues12#1 len=100 artifacts=6 advent-overaccept=4 advent-underaccept=2 reference-disagreement=252 same=3781
[4048/100000] reference-disagreement wide:top:block-comment+duplicate:real:TokenSyntax:211 len=429 artifacts=6 advent-overaccept=4 advent-underaccept=2 reference-disagreement=253 same=3789
[4050/100000] reference-disagreement wide:closure:block-comment+space:real:Macro:22 len=230 artifacts=6 advent-overaccept=4 advent-underaccept=2 reference-disagreement=254 same=3790
[4057/100000] reference-disagreement wide:func-body:raw:real:SyntaxTraits:808 len=65 artifacts=6 advent-overaccept=4 advent-underaccept=2 reference-disagreement=255 same=3796
[4067/100000] reference-disagreement wide:ifconfig:raw:translated:testOperatorDeclDesignatedTypes6#1+phase3-branch:switch-case len=232 artifacts=6 advent-overaccept=4 advent-underaccept=2 reference-disagreement=256 same=3805
[4099/100000] reference-disagreement wide:closure:raw:real:ParserDiagnosticMessages:26 len=110 artifacts=6 advent-overaccept=4 advent-underaccept=2 reference-disagreement=257 same=3836
[4119/100000] reference-disagreement wide:ifconfig:raw:declaration:testInitializerWithReturnType#2 len=35 artifacts=6 advent-overaccept=4 advent-underaccept=2 reference-disagreement=258 same=3855
[4130/100000] reference-disagreement declaration-modifier-stack len=34 artifacts=6 advent-overaccept=4 advent-underaccept=2 reference-disagreement=259 same=3865
[4214/100000] reference-disagreement wide:func-body:space:real:ExpressionMacro:20 len=357 artifacts=6 advent-overaccept=4 advent-underaccept=2 reference-disagreement=260 same=3948
[4233/100000] reference-disagreement wide:closure:block-comment+block-comment+newline:real:SyntaxTraits:36 len=410 artifacts=6 advent-overaccept=4 advent-underaccept=2 reference-disagreement=261 same=3966
[4234/100000] reference-disagreement wide:closure:raw:real:ResultBuilders:450 len=138 artifacts=6 advent-overaccept=4 advent-underaccept=2 reference-disagreement=262 same=3966
[4250/100000] same binding-pattern len=474 artifacts=6 advent-overaccept=4 advent-underaccept=2 reference-disagreement=262 same=3982
[4254/100000] reference-disagreement wide:func-body:space+line-comment+newline:real:SyntaxTraits:772 len=85 artifacts=6 advent-overaccept=4 advent-underaccept=2 reference-disagreement=263 same=3985
[4256/100000] reference-disagreement keypath-component-matrix len=36 artifacts=6 advent-overaccept=4 advent-underaccept=2 reference-disagreement=264 same=3986
[4258/100000] reference-disagreement wide:trailing-closure:glue+space:translated:testSwitch59#1+real:SyntaxEditUtils:424 len=446 artifacts=6 advent-overaccept=4 advent-underaccept=2 reference-disagreement=265 same=3987
[4313/100000] reference-disagreement wide:top:block-comment:translated:testInitDeinit4#1 len=75 artifacts=6 advent-overaccept=4 advent-underaccept=2 reference-disagreement=266 same=4041
[4321/100000] reference-disagreement keypath-boundary len=36 artifacts=6 advent-overaccept=4 advent-underaccept=2 reference-disagreement=267 same=4048
[4328/100000] reference-disagreement attribute-ifconfig-elseif-list len=119 artifacts=6 advent-overaccept=4 advent-underaccept=2 reference-disagreement=268 same=4054
[4337/100000] reference-disagreement seed-corpus-structural-splice:extension-optional-type len=163 artifacts=6 advent-overaccept=4 advent-underaccept=2 reference-disagreement=269 same=4062
[4340/100000] advent-underaccept wide:top:block-comment:translated:testForwardSlashRegex127#1+real:Expressions:2820 len=571 artifacts=7 advent-overaccept=4 advent-underaccept=3 reference-disagreement=269 same=4064
[4344/100000] reference-disagreement grammarish-member-list len=147 artifacts=7 advent-overaccept=4 advent-underaccept=3 reference-disagreement=270 same=4067
[4360/100000] reference-disagreement wide:func-body:newline+glue:real:SyntaxTraits:818+translated:testForwardSlashRegexSkipping39#1 len=98 artifacts=7 advent-overaccept=4 advent-underaccept=3 reference-disagreement=271 same=4082
[4365/100000] reference-disagreement wide:trailing-closure:raw:real:DeclSyntaxParseable:53+real:DeclSyntaxParseable:44 len=114 artifacts=7 advent-overaccept=4 advent-underaccept=3 reference-disagreement=272 same=4086
[4449/100000] reference-disagreement wide:trailing-closure:raw:real:Expressions:1547 len=530 artifacts=7 advent-overaccept=4 advent-underaccept=3 reference-disagreement=273 same=4169
[4457/100000] reference-disagreement wide:struct-member:newline+block-comment+newline:real:ParserDiagnosticMessages:30 len=294 artifacts=7 advent-overaccept=4 advent-underaccept=3 reference-disagreement=274 same=4176
[4467/100000] reference-disagreement wide:trailing-closure:raw:real:SyntaxNodeWithBody:34 len=231 artifacts=7 advent-overaccept=4 advent-underaccept=3 reference-disagreement=275 same=4185
[4472/100000] reference-disagreement tspl-divergence-accessor-commitment len=78 artifacts=7 advent-overaccept=4 advent-underaccept=3 reference-disagreement=276 same=4189
[4495/100000] reference-disagreement wide:trailing-closure:raw:translated:testInitDeinit18#1+translated:testIfconfigExpr19#1 len=150 artifacts=7 advent-overaccept=4 advent-underaccept=3 reference-disagreement=277 same=4211
[4500/100000] same statement-control-boundary len=533 artifacts=7 advent-overaccept=4 advent-underaccept=3 reference-disagreement=277 same=4216
[4519/100000] reference-disagreement wide:trailing-closure:splice+newline:declaration:testVariableDeclarations#11 len=60 artifacts=7 advent-overaccept=4 advent-underaccept=3 reference-disagreement=278 same=4234
[4543/100000] reference-disagreement attribute-ifconfig-elseif-list len=112 artifacts=7 advent-overaccept=4 advent-underaccept=3 reference-disagreement=279 same=4257
[4551/100000] reference-disagreement wide:struct-member:keyword+space+line-comment:translated:testDeprecatedWhere5#1 len=292 artifacts=7 advent-overaccept=4 advent-underaccept=3 reference-disagreement=280 same=4264
[4552/100000] reference-disagreement wide:top:space+glue+line-comment:reject:testKeypathExpression#3 len=28 artifacts=7 advent-overaccept=4 advent-underaccept=3 reference-disagreement=281 same=4264
[4585/100000] reference-disagreement wide:func-body:newline+block-comment:declaration:testParseSpecializeAttribute#1+real:Message:19 len=2062 artifacts=7 advent-overaccept=4 advent-underaccept=3 reference-disagreement=282 same=4296
[4590/100000] reference-disagreement wide:func-body:glue+newline+newline:attribute:testABIAttribute#13 len=99 artifacts=7 advent-overaccept=4 advent-underaccept=3 reference-disagreement=283 same=4300
[4607/100000] reference-disagreement binding-pattern len=458 artifacts=7 advent-overaccept=4 advent-underaccept=3 reference-disagreement=284 same=4316
[4659/100000] reference-disagreement wide:trailing-closure:block-comment:real:ScopeImplementations:64+real:SyntaxTraits:838 len=824 artifacts=7 advent-overaccept=4 advent-underaccept=3 reference-disagreement=285 same=4367
[4674/100000] reference-disagreement wide:trailing-closure:raw:real:IdentifiableSyntax:34 len=119 artifacts=7 advent-overaccept=4 advent-underaccept=3 reference-disagreement=286 same=4381
[4688/100000] reference-disagreement wide:closure:newline:real:SyntaxTraits:814 len=81 artifacts=7 advent-overaccept=4 advent-underaccept=3 reference-disagreement=287 same=4394
[4695/100000] reference-disagreement keypath-boundary len=38 artifacts=7 advent-overaccept=4 advent-underaccept=3 reference-disagreement=288 same=4400
[4721/100000] reference-disagreement wide:struct-member:raw:declaration:testModifiedParameter#2 len=56 artifacts=7 advent-overaccept=4 advent-underaccept=3 reference-disagreement=289 same=4425
[4745/100000] reference-disagreement keypath-component-matrix len=36 artifacts=7 advent-overaccept=4 advent-underaccept=3 reference-disagreement=290 same=4448
[4750/100000] same generic-decl len=46 artifacts=7 advent-overaccept=4 advent-underaccept=3 reference-disagreement=290 same=4453
[4761/100000] reference-disagreement keypath-component-matrix len=52 artifacts=7 advent-overaccept=4 advent-underaccept=3 reference-disagreement=291 same=4463
[4764/100000] reference-disagreement wide:func-body:line-comment:real:RenamedChildrenBuilderCompatibility:547+phase3-branch:if-simple len=1069 artifacts=7 advent-overaccept=4 advent-underaccept=3 reference-disagreement=292 same=4465
[4774/100000] reference-disagreement wide:trailing-closure:line-comment+keyword:declaration:testReturnVariableNamedAsync#1 len=161 artifacts=7 advent-overaccept=4 advent-underaccept=3 reference-disagreement=293 same=4474
[4776/100000] reference-disagreement wide:trailing-closure:raw:real:Macro:15 len=229 artifacts=7 advent-overaccept=4 advent-underaccept=3 reference-disagreement=294 same=4475
[4789/100000] reference-disagreement wide:trailing-closure:raw:real:SourceLength:61+real:DeclSyntaxParseable:56 len=1028 artifacts=7 advent-overaccept=4 advent-underaccept=3 reference-disagreement=295 same=4487
[4801/100000] reference-disagreement func-body len=458 artifacts=7 advent-overaccept=4 advent-underaccept=3 reference-disagreement=296 same=4498
[4809/100000] reference-disagreement wide:before-statement:space+keyword+newline:translated:testAsync16#1 len=40 artifacts=7 advent-overaccept=4 advent-underaccept=3 reference-disagreement=297 same=4505
[4818/100000] reference-disagreement nested-ifconfig-boundary len=163 artifacts=7 advent-overaccept=4 advent-underaccept=3 reference-disagreement=298 same=4513
[4842/100000] reference-disagreement tspl-divergence-protocol-body len=271 artifacts=7 advent-overaccept=4 advent-underaccept=3 reference-disagreement=299 same=4536
[4855/100000] reference-disagreement wide:closure:line-comment+newline+newline:translated:testEffectfulProperties8#1 len=126 artifacts=7 advent-overaccept=4 advent-underaccept=3 reference-disagreement=300 same=4548
[4859/100000] reference-disagreement nested-template len=85 artifacts=7 advent-overaccept=4 advent-underaccept=3 reference-disagreement=301 same=4551
[4868/100000] reference-disagreement wide:ifconfig:line-comment:expression:testClosureParameterWithModifier#1 len=47 artifacts=7 advent-overaccept=4 advent-underaccept=3 reference-disagreement=302 same=4559
[4873/100000] reference-disagreement wide:struct-member:raw:real:LayoutNodes+Parsable:151 len=185 artifacts=7 advent-overaccept=4 advent-underaccept=3 reference-disagreement=303 same=4563
[4940/100000] reference-disagreement wide:func-body:newline+newline+line-comment:real:InferIndentation:127 len=119 artifacts=7 advent-overaccept=4 advent-underaccept=3 reference-disagreement=304 same=4629
[4950/100000] reference-disagreement wide:closure:line-comment+newline:real:SyntaxEditUtils:270 len=463 artifacts=7 advent-overaccept=4 advent-underaccept=3 reference-disagreement=305 same=4638
[4958/100000] reference-disagreement wide:trailing-closure:raw:real:ParserDiagnosticMessages:461+real:LayoutNodes+Parsable:22 len=857 artifacts=7 advent-overaccept=4 advent-underaccept=3 reference-disagreement=306 same=4645
[4990/100000] reference-disagreement wide:trailing-closure:keyword+keyword:real:StringExtensions:38 len=462 artifacts=7 advent-overaccept=4 advent-underaccept=3 reference-disagreement=307 same=4676
[4995/100000] reference-disagreement wide:func-body:glue+keyword:real:LexerDiagnosticMessages:26 len=105 artifacts=7 advent-overaccept=4 advent-underaccept=3 reference-disagreement=308 same=4680
[4996/100000] reference-disagreement wide:struct-member:raw:translated:testOrinalDefinedInAttr12#1 len=92 artifacts=7 advent-overaccept=4 advent-underaccept=3 reference-disagreement=309 same=4680
[5000/100000] same attribute-boundary len=58 artifacts=7 advent-overaccept=4 advent-underaccept=3 reference-disagreement=309 same=4684
[5011/100000] reference-disagreement wide:func-body:glue+glue+newline:real:SyntaxCollections:2086 len=472 artifacts=7 advent-overaccept=4 advent-underaccept=3 reference-disagreement=310 same=4694
[5040/100000] reference-disagreement wide:func-body:raw:real:SyntaxTraits:790 len=133 artifacts=7 advent-overaccept=4 advent-underaccept=3 reference-disagreement=311 same=4722
[5043/100000] reference-disagreement wide:after-statement:raw:translated:testModuleSelectorExpr#9 len=73 artifacts=7 advent-overaccept=4 advent-underaccept=3 reference-disagreement=312 same=4724
[5057/100000] reference-disagreement keypath-boundary len=36 artifacts=7 advent-overaccept=4 advent-underaccept=3 reference-disagreement=313 same=4737
[5063/100000] reference-disagreement tspl-divergence-protocol-body len=173 artifacts=7 advent-overaccept=4 advent-underaccept=3 reference-disagreement=314 same=4742
[5107/100000] reference-disagreement wide:func-body:space:real:MigrateToNewIfLetSyntax:41 len=1473 artifacts=7 advent-overaccept=4 advent-underaccept=3 reference-disagreement=315 same=4785
[5133/100000] reference-disagreement wide:func-body:block-comment:statement:testTypedThrows#1 len=61 artifacts=7 advent-overaccept=4 advent-underaccept=3 reference-disagreement=316 same=4810
[5153/100000] reference-disagreement wide:trailing-closure:raw:attribute:testSpiAttributeWithoutParameter#1 len=29 artifacts=7 advent-overaccept=4 advent-underaccept=3 reference-disagreement=317 same=4829
[5169/100000] reference-disagreement wide:ifconfig:newline+newline+line-comment:phase4-coroutine:op-designated len=66 artifacts=7 advent-overaccept=4 advent-underaccept=3 reference-disagreement=318 same=4844
[5174/100000] reference-disagreement keypath-boundary len=37 artifacts=7 advent-overaccept=4 advent-underaccept=3 reference-disagreement=319 same=4848
[5193/100000] reference-disagreement wide:closure:space+splice+line-comment:real:Operator:38 len=479 artifacts=7 advent-overaccept=4 advent-underaccept=3 reference-disagreement=320 same=4866
[5240/100000] reference-disagreement wide:func-body:newline+newline:real:SyntaxExpressibleByStringInterpolationConformances:181 len=174 artifacts=7 advent-overaccept=4 advent-underaccept=3 reference-disagreement=321 same=4912
[5246/100000] reference-disagreement tspl-divergence-accessor-commitment len=78 artifacts=7 advent-overaccept=4 advent-underaccept=3 reference-disagreement=322 same=4917
[5249/100000] reference-disagreement wide:closure:raw:real:Loggers:11 len=634 artifacts=7 advent-overaccept=4 advent-underaccept=3 reference-disagreement=323 same=4919
[5250/100000] same wide:func-body:space:reject:testArrayExprWithNoCommas#2 len=34 artifacts=7 advent-overaccept=4 advent-underaccept=3 reference-disagreement=323 same=4920
[5254/100000] reference-disagreement wide:extension-member:splice+space:declaration:testConstAsArgumentLabel#3 len=55 artifacts=7 advent-overaccept=4 advent-underaccept=3 reference-disagreement=324 same=4923
[5260/100000] reference-disagreement tspl-divergence-protocol-body len=141 artifacts=7 advent-overaccept=4 advent-underaccept=3 reference-disagreement=325 same=4928
[5263/100000] reference-disagreement keypath-component-matrix len=34 artifacts=7 advent-overaccept=4 advent-underaccept=3 reference-disagreement=326 same=4930
[5264/100000] reference-disagreement wide:func-body:block-comment+glue+line-comment:translated:testCompositionTypeExpr#5+real:LibraryPluginProvider:148 len=688 artifacts=7 advent-overaccept=4 advent-underaccept=3 reference-disagreement=327 same=4930
[5294/100000] reference-disagreement statement-list len=601 artifacts=7 advent-overaccept=4 advent-underaccept=3 reference-disagreement=328 same=4959
[5320/100000] reference-disagreement attribute-ifconfig-elseif-list len=110 artifacts=7 advent-overaccept=4 advent-underaccept=3 reference-disagreement=329 same=4984
[5321/100000] reference-disagreement wide:extension-member:raw:real:BasicMacroExpansionContext:109 len=285 artifacts=7 advent-overaccept=4 advent-underaccept=3 reference-disagreement=330 same=4984
[5333/100000] reference-disagreement grammarish-member-list len=407 artifacts=7 advent-overaccept=4 advent-underaccept=3 reference-disagreement=331 same=4995
[5337/100000] reference-disagreement wide:struct-member:space+block-comment:real:SyntaxClassifier:45 len=588 artifacts=7 advent-overaccept=4 advent-underaccept=3 reference-disagreement=332 same=4998
[5342/100000] reference-disagreement wide:extension-member:raw:real:SyntaxTraits:181 len=728 artifacts=7 advent-overaccept=4 advent-underaccept=3 reference-disagreement=333 same=5002
[5362/100000] reference-disagreement wide:closure:newline:declaration:testAttributedMacroExpansionDeclaration#8+real:ExpandEditorPlaceholder:389 len=679 artifacts=7 advent-overaccept=4 advent-underaccept=3 reference-disagreement=334 same=5021
[5363/100000] reference-disagreement binding-pattern len=458 artifacts=7 advent-overaccept=4 advent-underaccept=3 reference-disagreement=335 same=5021
[5385/100000] reference-disagreement wide:extension-member:glue+keyword:real:SyntaxTraits:258 len=446 artifacts=7 advent-overaccept=4 advent-underaccept=3 reference-disagreement=336 same=5042
[5392/100000] reference-disagreement wide:ifconfig:line-comment:translated:testSubscripting17#1 len=62 artifacts=7 advent-overaccept=4 advent-underaccept=3 reference-disagreement=337 same=5048
[5395/100000] reference-disagreement grammarish-member-list len=209 artifacts=7 advent-overaccept=4 advent-underaccept=3 reference-disagreement=338 same=5050
[5423/100000] reference-disagreement wide:func-body:newline+space+delete:real:SyntaxTraits:181 len=720 artifacts=7 advent-overaccept=4 advent-underaccept=3 reference-disagreement=339 same=5077
[5471/100000] reference-disagreement wide:closure:line-comment:translated:testOperatorDecl5#1+real:ResultBuilders:654 len=220 artifacts=7 advent-overaccept=4 advent-underaccept=3 reference-disagreement=340 same=5124
[5479/100000] reference-disagreement declaration-modifier-stack len=34 artifacts=7 advent-overaccept=4 advent-underaccept=3 reference-disagreement=341 same=5131
[5485/100000] reference-disagreement wide:trailing-closure:space+newline:real:Message:38 len=381 artifacts=7 advent-overaccept=4 advent-underaccept=3 reference-disagreement=342 same=5136
[5500/100000] same macro-pound-boundary len=25 artifacts=7 advent-overaccept=4 advent-underaccept=3 reference-disagreement=342 same=5151
[5539/100000] reference-disagreement wide:extension-member:line-comment:real:SyntaxTraits:776 len=71 artifacts=7 advent-overaccept=4 advent-underaccept=3 reference-disagreement=343 same=5189
[5548/100000] reference-disagreement wide:before-statement:duplicate+line-comment:real:SyntaxCollections:1360 len=532 artifacts=7 advent-overaccept=4 advent-underaccept=3 reference-disagreement=344 same=5197
[5560/100000] reference-disagreement wide:struct-member:newline+space:real:Statements:531 len=734 artifacts=7 advent-overaccept=4 advent-underaccept=3 reference-disagreement=345 same=5208
[5570/100000] reference-disagreement wide:trailing-closure:raw:attribute:testABIAttribute#3 len=31 artifacts=7 advent-overaccept=4 advent-underaccept=3 reference-disagreement=346 same=5217
[5593/100000] reference-disagreement grammarish-member-list len=297 artifacts=7 advent-overaccept=4 advent-underaccept=3 reference-disagreement=347 same=5239
[5595/100000] reference-disagreement wide:func-body:line-comment:real:SwiftSyntaxCompatibility:259 len=243 artifacts=7 advent-overaccept=4 advent-underaccept=3 reference-disagreement=348 same=5240
[5623/100000] reference-disagreement wide:trailing-closure:raw:real:Syntax+StringInterpolation:354 len=684 artifacts=7 advent-overaccept=4 advent-underaccept=3 reference-disagreement=349 same=5267
[5657/100000] reference-disagreement wide:extension-member:block-comment:real:IdentifiableSyntax:34 len=138 artifacts=7 advent-overaccept=4 advent-underaccept=3 reference-disagreement=350 same=5300
[5671/100000] reference-disagreement statement-list len=623 artifacts=7 advent-overaccept=4 advent-underaccept=3 reference-disagreement=351 same=5313
[5697/100000] reference-disagreement tspl-divergence-accessor-commitment len=49 artifacts=7 advent-overaccept=4 advent-underaccept=3 reference-disagreement=352 same=5338
[5714/100000] reference-disagreement grammarish-member-list len=372 artifacts=7 advent-overaccept=4 advent-underaccept=3 reference-disagreement=353 same=5354
[5720/100000] reference-disagreement wide:extension-member:block-comment+newline:real:CompilerPluginMessageHandler:287 len=265 artifacts=7 advent-overaccept=4 advent-underaccept=3 reference-disagreement=354 same=5359
[5726/100000] reference-disagreement wide:closure:glue+keyword:declaration:testProtocolParsing#3 len=150 artifacts=7 advent-overaccept=4 advent-underaccept=3 reference-disagreement=355 same=5364
[5733/100000] reference-disagreement binding-pattern len=458 artifacts=7 advent-overaccept=4 advent-underaccept=3 reference-disagreement=356 same=5370
[5750/100000] same wide:extension-member:keyword+keyword+keyword:real:IncrementalParseTestUtils:177 len=35 artifacts=7 advent-overaccept=4 advent-underaccept=3 reference-disagreement=356 same=5387
[5756/100000] reference-disagreement wide:struct-member:splice:real:IncrementalParseTransition:420 len=170 artifacts=7 advent-overaccept=4 advent-underaccept=3 reference-disagreement=357 same=5392
[5762/100000] reference-disagreement wide:trailing-closure:delete+block-comment:real:Note:30 len=165 artifacts=7 advent-overaccept=4 advent-underaccept=3 reference-disagreement=358 same=5397
[5810/100000] reference-disagreement keypath-component-matrix len=40 artifacts=7 advent-overaccept=4 advent-underaccept=3 reference-disagreement=359 same=5444
[5829/100000] reference-disagreement seed-corpus-structural-splice:operator-question-assignment len=148 artifacts=7 advent-overaccept=4 advent-underaccept=3 reference-disagreement=360 same=5462
[5845/100000] reference-disagreement attribute-ifconfig-elseif-list len=129 artifacts=7 advent-overaccept=4 advent-underaccept=3 reference-disagreement=361 same=5477
[5860/100000] reference-disagreement wide:func-body:newline:real:Expressions:1853 len=675 artifacts=7 advent-overaccept=4 advent-underaccept=3 reference-disagreement=362 same=5491
[5878/100000] reference-disagreement wide:closure:raw:translated:testRegexParseError2#1+attribute:testABIAttribute#7 len=98 artifacts=7 advent-overaccept=4 advent-underaccept=3 reference-disagreement=363 same=5508
[5896/100000] reference-disagreement wide:ifconfig:raw:type:testClosureSignatures#3 len=89 artifacts=7 advent-overaccept=4 advent-underaccept=3 reference-disagreement=364 same=5525
[5901/100000] reference-disagreement wide:struct-member:raw:real:PackageTarget:131+phase3-branch:if-else len=533 artifacts=7 advent-overaccept=4 advent-underaccept=3 reference-disagreement=365 same=5529
[5906/100000] reference-disagreement wide:func-body:space:real:IndentationUtils:21 len=288 artifacts=7 advent-overaccept=4 advent-underaccept=3 reference-disagreement=366 same=5533
[5947/100000] reference-disagreement wide:trailing-closure:newline+line-comment+newline:real:SyntaxTraits:571+real:LayoutNodes+Parsable:22 len=234 artifacts=7 advent-overaccept=4 advent-underaccept=3 reference-disagreement=367 same=5573
[5975/100000] reference-disagreement wide:ifconfig:glue+space:type:testNonisolatedSpecifier#14 len=36 artifacts=7 advent-overaccept=4 advent-underaccept=3 reference-disagreement=368 same=5600
[5986/100000] reference-disagreement wide:struct-member:line-comment+space:real:RenamedChildrenBuilderCompatibility:858+real:ConvenienceInitializers:187 len=1209 artifacts=7 advent-overaccept=4 advent-underaccept=3 reference-disagreement=369 same=5610
[6000/100000] same contextual-keyword-boundary len=39 artifacts=7 advent-overaccept=4 advent-underaccept=3 reference-disagreement=369 same=5624
[6027/100000] reference-disagreement wide:func-body:raw:real:ConvenienceInitializers:176 len=210 artifacts=7 advent-overaccept=4 advent-underaccept=3 reference-disagreement=370 same=5650
[6048/100000] advent-overaccept wide:before-statement:newline+swap:type:testInverseTypes#2 len=36 artifacts=8 advent-overaccept=5 advent-underaccept=3 reference-disagreement=370 same=5670
[6065/100000] reference-disagreement wide:ifconfig:raw:translated:testDeprecatedWhere3#1 len=320 artifacts=8 advent-overaccept=5 advent-underaccept=3 reference-disagreement=371 same=5686
[6087/100000] reference-disagreement wide:trailing-closure:raw:translated:testOptionalLvalues5#1+translated:testForwardSlashRegexSkippingAllowed12#1 len=219 artifacts=8 advent-overaccept=5 advent-underaccept=3 reference-disagreement=372 same=5707
[6091/100000] reference-disagreement attribute-ifconfig-elseif-list len=125 artifacts=8 advent-overaccept=5 advent-underaccept=3 reference-disagreement=373 same=5710
[6092/100000] reference-disagreement wide:top:newline:translated:testBorrowingContextualParsing#5 len=45 artifacts=8 advent-overaccept=5 advent-underaccept=3 reference-disagreement=374 same=5710
[6093/100000] reference-disagreement keypath-component-matrix len=45 artifacts=8 advent-overaccept=5 advent-underaccept=3 reference-disagreement=375 same=5710
[6107/100000] reference-disagreement tspl-divergence-accessor-commitment len=49 artifacts=8 advent-overaccept=5 advent-underaccept=3 reference-disagreement=376 same=5723
[6144/100000] reference-disagreement keypath-boundary len=38 artifacts=8 advent-overaccept=5 advent-underaccept=3 reference-disagreement=377 same=5759
[6185/100000] reference-disagreement grammarish-member-list len=90 artifacts=8 advent-overaccept=5 advent-underaccept=3 reference-disagreement=378 same=5799
[6197/100000] reference-disagreement wide:func-body:newline+keyword:real:UnicodeScalarExtensions:264 len=256 artifacts=8 advent-overaccept=5 advent-underaccept=3 reference-disagreement=379 same=5810
[6222/100000] reference-disagreement wide:trailing-closure:raw:declaration:testAnyAsParameterLabel#1+attribute:testExpose#4 len=81 artifacts=8 advent-overaccept=5 advent-underaccept=3 reference-disagreement=380 same=5834
[6228/100000] reference-disagreement wide:before-statement:block-comment:translated:testInitDeinit16#1 len=76 artifacts=8 advent-overaccept=5 advent-underaccept=3 reference-disagreement=381 same=5839
[6247/100000] reference-disagreement wide:closure:space+keyword:real:SyntaxBaseNodes:325 len=69 artifacts=8 advent-overaccept=5 advent-underaccept=3 reference-disagreement=382 same=5857
[6249/100000] reference-disagreement member-list-wide-boundary len=460 artifacts=8 advent-overaccept=5 advent-underaccept=3 reference-disagreement=383 same=5858
[6250/100000] same wide:func-body:splice:real:Syntax+StringInterpolation:526 len=69 artifacts=8 advent-overaccept=5 advent-underaccept=3 reference-disagreement=383 same=5859
[6259/100000] reference-disagreement wide:closure:newline:real:ResultBuilders:349 len=203 artifacts=8 advent-overaccept=5 advent-underaccept=3 reference-disagreement=384 same=5867
[6269/100000] reference-disagreement tspl-divergence-protocol-body len=250 artifacts=8 advent-overaccept=5 advent-underaccept=3 reference-disagreement=385 same=5876
[6284/100000] reference-disagreement wide:trailing-closure:newline+newline:real:SyntaxEnum:1225 len=687 artifacts=8 advent-overaccept=5 advent-underaccept=3 reference-disagreement=386 same=5890
[6325/100000] reference-disagreement wide:closure:space+glue+keyword:real:ResultBuilders:51 len=378 artifacts=8 advent-overaccept=5 advent-underaccept=3 reference-disagreement=387 same=5930
[6333/100000] reference-disagreement member-list-wide-boundary len=111 artifacts=8 advent-overaccept=5 advent-underaccept=3 reference-disagreement=388 same=5937
[6339/100000] reference-disagreement binding-pattern len=458 artifacts=8 advent-overaccept=5 advent-underaccept=3 reference-disagreement=389 same=5942
[6353/100000] advent-overaccept wide:ifconfig:newline:reject:testOperatorDecl1b#1 len=38 artifacts=9 advent-overaccept=6 advent-underaccept=3 reference-disagreement=389 same=5955
[6385/100000] reference-disagreement wide:trailing-closure:glue+block-comment:translated:testForwardSlashRegex1#1+translated:testDiagnoseAvailability14#1 len=126 artifacts=9 advent-overaccept=6 advent-underaccept=3 reference-disagreement=390 same=5986
[6398/100000] reference-disagreement cast-try-operator-cluster len=24 artifacts=9 advent-overaccept=6 advent-underaccept=3 reference-disagreement=391 same=5998
[6424/100000] reference-disagreement tspl-divergence-accessor-commitment len=49 artifacts=9 advent-overaccept=6 advent-underaccept=3 reference-disagreement=392 same=6023
[6436/100000] reference-disagreement wide:ifconfig:glue+splice+block-comment:translated:testDiagnoseAvailability7#1 len=114 artifacts=9 advent-overaccept=6 advent-underaccept=3 reference-disagreement=393 same=6034
[6475/100000] reference-disagreement wide:trailing-closure:raw:translated:testConsumeVariableNameInCast#1+real:SyntaxTraits:329 len=503 artifacts=9 advent-overaccept=6 advent-underaccept=3 reference-disagreement=394 same=6072
[6484/100000] reference-disagreement wide:extension-member:newline:real:SyntaxNodeWithBody:210 len=76 artifacts=9 advent-overaccept=6 advent-underaccept=3 reference-disagreement=395 same=6080
[6499/100000] reference-disagreement member-list-wide-boundary len=246 artifacts=9 advent-overaccept=6 advent-underaccept=3 reference-disagreement=396 same=6094
[6500/100000] same regex-slash-operator-boundary len=47 artifacts=9 advent-overaccept=6 advent-underaccept=3 reference-disagreement=396 same=6095
[6515/100000] reference-disagreement wide:extension-member:line-comment:declaration:testOpenVarInCodeBlockItemList#1 len=59 artifacts=9 advent-overaccept=6 advent-underaccept=3 reference-disagreement=397 same=6109
[6535/100000] reference-disagreement member-list-wide-boundary len=202 artifacts=9 advent-overaccept=6 advent-underaccept=3 reference-disagreement=398 same=6128
[6540/100000] reference-disagreement attribute-ifconfig-elseif-list len=140 artifacts=9 advent-overaccept=6 advent-underaccept=3 reference-disagreement=399 same=6132
[6541/100000] reference-disagreement wide:top:keyword:translated:testEnum14#1 len=69 artifacts=9 advent-overaccept=6 advent-underaccept=3 reference-disagreement=400 same=6132
[6542/100000] reference-disagreement declaration-modifier-stack len=34 artifacts=9 advent-overaccept=6 advent-underaccept=3 reference-disagreement=401 same=6132
[6555/100000] reference-disagreement attribute-ifconfig-elseif-list len=117 artifacts=9 advent-overaccept=6 advent-underaccept=3 reference-disagreement=402 same=6144
[6565/100000] reference-disagreement wide:extension-member:raw:real:RegexLiteralLexer:348 len=563 artifacts=9 advent-overaccept=6 advent-underaccept=3 reference-disagreement=403 same=6153
[6569/100000] advent-underaccept wide:ifconfig:keyword:attribute:testNonSendable#1 len=64 artifacts=10 advent-overaccept=6 advent-underaccept=4 reference-disagreement=403 same=6156
[6580/100000] reference-disagreement tspl-divergence-protocol-body len=105 artifacts=10 advent-overaccept=6 advent-underaccept=4 reference-disagreement=404 same=6166
[6590/100000] reference-disagreement wide:func-body:line-comment:real:Macro:15 len=242 artifacts=10 advent-overaccept=6 advent-underaccept=4 reference-disagreement=405 same=6175
[6602/100000] reference-disagreement wide:trailing-closure:glue:real:SyntaxNodeWithBody:42+real:RawSyntax:444 len=1241 artifacts=10 advent-overaccept=6 advent-underaccept=4 reference-disagreement=406 same=6186
[6624/100000] reference-disagreement wide:before-statement:raw:attribute:testABIAttribute#8+real:MissingNodesError:187 len=459 artifacts=10 advent-overaccept=6 advent-underaccept=4 reference-disagreement=407 same=6207
[6647/100000] reference-disagreement wide:top:newline+duplicate:real:VersionTuple:60 len=212 artifacts=10 advent-overaccept=6 advent-underaccept=4 reference-disagreement=408 same=6229
[6649/100000] reference-disagreement wide:struct-member:splice+glue+splice:real:ParserDiagnosticMessages:67 len=206 artifacts=10 advent-overaccept=6 advent-underaccept=4 reference-disagreement=409 same=6230
[6652/100000] reference-disagreement wide:closure:raw:real:SyntaxExtensions:207 len=168 artifacts=10 advent-overaccept=6 advent-underaccept=4 reference-disagreement=410 same=6232
[6660/100000] reference-disagreement grammarish-member-list len=201 artifacts=10 advent-overaccept=6 advent-underaccept=4 reference-disagreement=411 same=6239
[6672/100000] reference-disagreement statement-list len=522 artifacts=10 advent-overaccept=6 advent-underaccept=4 reference-disagreement=412 same=6250
[6675/100000] reference-disagreement tspl-divergence-protocol-body len=145 artifacts=10 advent-overaccept=6 advent-underaccept=4 reference-disagreement=413 same=6252
[6731/100000] reference-disagreement wide:closure:newline+glue:real:BuildableNodes:914 len=866 artifacts=10 advent-overaccept=6 advent-underaccept=4 reference-disagreement=414 same=6307
[6733/100000] reference-disagreement keypath-component-matrix len=36 artifacts=10 advent-overaccept=6 advent-underaccept=4 reference-disagreement=415 same=6308
[6737/100000] reference-disagreement member-list-wide-boundary len=292 artifacts=10 advent-overaccept=6 advent-underaccept=4 reference-disagreement=416 same=6311
[6750/100000] same wide:func-body:line-comment+newline:reject:testNewlineInInterpolationOfSingleLineString#1 len=43 artifacts=10 advent-overaccept=6 advent-underaccept=4 reference-disagreement=416 same=6324
[6768/100000] reference-disagreement wide:closure:line-comment:real:SyntaxTraits:810+type:testNonisolatedSpecifier#11 len=124 artifacts=10 advent-overaccept=6 advent-underaccept=4 reference-disagreement=417 same=6341
[6772/100000] reference-disagreement wide:trailing-closure:raw:translated:testOptionalChainLvalues4#1 len=47 artifacts=10 advent-overaccept=6 advent-underaccept=4 reference-disagreement=418 same=6344
[6774/100000] reference-disagreement nested-ifconfig-boundary len=163 artifacts=10 advent-overaccept=6 advent-underaccept=4 reference-disagreement=419 same=6345
[6777/100000] reference-disagreement attribute-boundary len=32 artifacts=10 advent-overaccept=6 advent-underaccept=4 reference-disagreement=420 same=6347
[6783/100000] reference-disagreement member-list-wide-boundary len=292 artifacts=10 advent-overaccept=6 advent-underaccept=4 reference-disagreement=421 same=6352
[6796/100000] reference-disagreement statement-list len=566 artifacts=10 advent-overaccept=6 advent-underaccept=4 reference-disagreement=422 same=6364
[6820/100000] reference-disagreement tspl-divergence-protocol-body len=102 artifacts=10 advent-overaccept=6 advent-underaccept=4 reference-disagreement=423 same=6387
[6829/100000] reference-disagreement wide:closure:newline+newline+newline:real:SyntaxTraits:858 len=98 artifacts=10 advent-overaccept=6 advent-underaccept=4 reference-disagreement=424 same=6395
[6841/100000] reference-disagreement wide:func-body:newline:real:SyntaxText:225 len=863 artifacts=10 advent-overaccept=6 advent-underaccept=4 reference-disagreement=425 same=6406
[6876/100000] reference-disagreement wide:top:block-comment:real:SyntaxExpressibleByStringInterpolationConformances:142+declaration:testReasyncFunctions#1 len=218 artifacts=10 advent-overaccept=6 advent-underaccept=4 reference-disagreement=426 same=6440
[6883/100000] reference-disagreement wide:struct-member:raw:real:SyntaxEditUtils:444 len=320 artifacts=10 advent-overaccept=6 advent-underaccept=4 reference-disagreement=427 same=6446
[6898/100000] reference-disagreement grammarish-member-list len=110 artifacts=10 advent-overaccept=6 advent-underaccept=4 reference-disagreement=428 same=6460
[6911/100000] advent-overaccept wide:closure:raw:type:testLifetimeSpecifier#5 len=53 artifacts=11 advent-overaccept=7 advent-underaccept=4 reference-disagreement=428 same=6472
[6921/100000] reference-disagreement tspl-divergence-protocol-body len=122 artifacts=11 advent-overaccept=7 advent-underaccept=4 reference-disagreement=429 same=6481
[6922/100000] reference-disagreement wide:func-body:glue+newline:real:Macro+Format:14 len=419 artifacts=11 advent-overaccept=7 advent-underaccept=4 reference-disagreement=430 same=6481
[6937/100000] reference-disagreement wide:closure:space:real:SyntaxNodeWithBody:214+real:ValidatingSyntaxNodes:23 len=742 artifacts=11 advent-overaccept=7 advent-underaccept=4 reference-disagreement=431 same=6495
[6962/100000] reference-disagreement wide:trailing-closure:raw:translated:testOperatorDecl18#1 len=83 artifacts=11 advent-overaccept=7 advent-underaccept=4 reference-disagreement=432 same=6519
[6970/100000] reference-disagreement wide:extension-member:splice:real:SyntaxBaseNodes:797 len=711 artifacts=11 advent-overaccept=7 advent-underaccept=4 reference-disagreement=433 same=6526
[6977/100000] reference-disagreement wide:func-body:space+glue:translated:testInitDeinit28#1 len=60 artifacts=11 advent-overaccept=7 advent-underaccept=4 reference-disagreement=434 same=6532
[7000/100000] same frontier:generic-member-type-shape len=275 artifacts=11 advent-overaccept=7 advent-underaccept=4 reference-disagreement=434 same=6555
[7037/100000] reference-disagreement wide:trailing-closure:space+line-comment+line-comment:real:SyntaxTraits:808 len=71 artifacts=11 advent-overaccept=7 advent-underaccept=4 reference-disagreement=435 same=6591
[7068/100000] reference-disagreement wide:closure:glue:real:SyntaxClassifier:45 len=583 artifacts=11 advent-overaccept=7 advent-underaccept=4 reference-disagreement=436 same=6621
[7088/100000] reference-disagreement wide:after-statement:space+newline+duplicate:phase4-accessor:accessor-throws len=63 artifacts=11 advent-overaccept=7 advent-underaccept=4 reference-disagreement=437 same=6640
[7091/100000] reference-disagreement wide:top:line-comment+block-comment:translated:testOptionalLvalues10#1+attribute:testMacroRoleNames#9 len=87 artifacts=11 advent-overaccept=7 advent-underaccept=4 reference-disagreement=438 same=6642
[7107/100000] reference-disagreement wide:struct-member:raw:real:SyntaxTraits:836 len=120 artifacts=11 advent-overaccept=7 advent-underaccept=4 reference-disagreement=439 same=6657
[7118/100000] reference-disagreement attribute-ifconfig-elseif-list len=140 artifacts=11 advent-overaccept=7 advent-underaccept=4 reference-disagreement=440 same=6667
[7120/100000] reference-disagreement wide:after-statement:raw:attribute:testABIAttribute#4 len=96 artifacts=11 advent-overaccept=7 advent-underaccept=4 reference-disagreement=441 same=6668
[7139/100000] reference-disagreement member-list-wide-boundary len=143 artifacts=11 advent-overaccept=7 advent-underaccept=4 reference-disagreement=442 same=6686
[7141/100000] reference-disagreement wide:struct-member:raw:real:SyntaxTraits:768 len=75 artifacts=11 advent-overaccept=7 advent-underaccept=4 reference-disagreement=443 same=6687
[7144/100000] reference-disagreement wide:closure:raw:real:TokenSequence:131 len=253 artifacts=11 advent-overaccept=7 advent-underaccept=4 reference-disagreement=444 same=6689
[7168/100000] reference-disagreement wide:trailing-closure:newline+space:real:ResultBuilders:29 len=181 artifacts=11 advent-overaccept=7 advent-underaccept=4 reference-disagreement=445 same=6712
[7178/100000] reference-disagreement wide:closure:glue+newline:real:UnicodeScalarExtensions:264+real:SwiftSyntaxCompatibility:883 len=428 artifacts=11 advent-overaccept=7 advent-underaccept=4 reference-disagreement=446 same=6721
[7181/100000] reference-disagreement keypath-boundary len=33 artifacts=11 advent-overaccept=7 advent-underaccept=4 reference-disagreement=447 same=6723
[7188/100000] reference-disagreement attribute-ifconfig-elseif-list len=111 artifacts=11 advent-overaccept=7 advent-underaccept=4 reference-disagreement=448 same=6729
[7211/100000] reference-disagreement wide:extension-member:newline+block-comment:translated:testOperatorDeclDesignatedTypes16#1 len=66 artifacts=11 advent-overaccept=7 advent-underaccept=4 reference-disagreement=449 same=6751
[7212/100000] reference-disagreement tspl-divergence-protocol-body len=176 artifacts=11 advent-overaccept=7 advent-underaccept=4 reference-disagreement=450 same=6751
[7215/100000] reference-disagreement wide:trailing-closure:raw:real:ConvenienceInitializers:132 len=168 artifacts=11 advent-overaccept=7 advent-underaccept=4 reference-disagreement=451 same=6753
[7238/100000] reference-disagreement wide:func-body:raw:real:Syntax+StringInterpolation:283 len=61 artifacts=11 advent-overaccept=7 advent-underaccept=4 reference-disagreement=452 same=6775
[7247/100000] reference-disagreement binding-pattern len=458 artifacts=11 advent-overaccept=7 advent-underaccept=4 reference-disagreement=453 same=6783
[7250/100000] same tspl-divergence-type-shape len=87 artifacts=11 advent-overaccept=7 advent-underaccept=4 reference-disagreement=453 same=6786
[7267/100000] reference-disagreement wide:top:space+space+newline:real:BuildConfiguration:40+translated:testRecovery27#1 len=416 artifacts=11 advent-overaccept=7 advent-underaccept=4 reference-disagreement=454 same=6802
[7278/100000] reference-disagreement wide:struct-member:raw:real:WarningControlRegionBuilder:91+real:ParserDiagnosticMessages:399 len=494 artifacts=11 advent-overaccept=7 advent-underaccept=4 reference-disagreement=455 same=6812
[7290/100000] reference-disagreement attribute-ifconfig-elseif-list len=108 artifacts=11 advent-overaccept=7 advent-underaccept=4 reference-disagreement=456 same=6823
[7315/100000] reference-disagreement wide:closure:line-comment:real:DeclSyntaxParseable:46 len=80 artifacts=11 advent-overaccept=7 advent-underaccept=4 reference-disagreement=457 same=6847
[7320/100000] reference-disagreement wide:closure:raw:translated:testOperators25#1+real:SyntaxNodeWithBody:210 len=96 artifacts=11 advent-overaccept=7 advent-underaccept=4 reference-disagreement=458 same=6851
[7329/100000] reference-disagreement wide:extension-member:raw:real:PackageTarget:161 len=141 artifacts=11 advent-overaccept=7 advent-underaccept=4 reference-disagreement=459 same=6859
[7331/100000] reference-disagreement wide:func-body:raw:real:SyntaxEditUtils:70 len=741 artifacts=11 advent-overaccept=7 advent-underaccept=4 reference-disagreement=460 same=6860
[7353/100000] reference-disagreement binding-pattern len=458 artifacts=11 advent-overaccept=7 advent-underaccept=4 reference-disagreement=461 same=6881
[7354/100000] reference-disagreement attribute-ifconfig-elseif-list len=130 artifacts=11 advent-overaccept=7 advent-underaccept=4 reference-disagreement=462 same=6881
[7356/100000] reference-disagreement wide:func-body:newline:real:ResultBuilders:741 len=136 artifacts=11 advent-overaccept=7 advent-underaccept=4 reference-disagreement=463 same=6882
[7374/100000] reference-disagreement wide:closure:block-comment:real:ResultBuilderExtensions:107 len=384 artifacts=11 advent-overaccept=7 advent-underaccept=4 reference-disagreement=464 same=6899
[7377/100000] reference-disagreement wide:after-statement:duplicate+keyword:real:SyntaxTraits:417 len=128 artifacts=11 advent-overaccept=7 advent-underaccept=4 reference-disagreement=465 same=6901
[7388/100000] reference-disagreement wide:top:space+duplicate:translated:testTupleTypeExpr#14+real:CallReturnForest:21 len=385 artifacts=11 advent-overaccept=7 advent-underaccept=4 reference-disagreement=466 same=6911
[7419/100000] reference-disagreement cast-try-operator-cluster len=24 artifacts=11 advent-overaccept=7 advent-underaccept=4 reference-disagreement=467 same=6941
[7448/100000] reference-disagreement tspl-divergence-protocol-body len=233 artifacts=11 advent-overaccept=7 advent-underaccept=4 reference-disagreement=468 same=6969
[7451/100000] reference-disagreement wide:trailing-closure:swap+newline+keyword:real:LayoutNodes+Parsable:26 len=801 artifacts=11 advent-overaccept=7 advent-underaccept=4 reference-disagreement=469 same=6971
[7455/100000] reference-disagreement wide:trailing-closure:raw:real:DeclSyntaxParseable:57 len=67 artifacts=11 advent-overaccept=7 advent-underaccept=4 reference-disagreement=470 same=6974
[7460/100000] reference-disagreement tspl-divergence-protocol-body len=136 artifacts=11 advent-overaccept=7 advent-underaccept=4 reference-disagreement=471 same=6978
[7464/100000] reference-disagreement attribute-ifconfig-elseif-list len=123 artifacts=11 advent-overaccept=7 advent-underaccept=4 reference-disagreement=472 same=6981
[7468/100000] reference-disagreement wide:func-body:raw:real:SyntaxExpressibleByStringInterpolationConformances:55+real:SwiftSyntaxCompatibility:801 len=498 artifacts=11 advent-overaccept=7 advent-underaccept=4 reference-disagreement=473 same=6984
[7474/100000] reference-disagreement attribute-ifconfig-elseif-list len=127 artifacts=11 advent-overaccept=7 advent-underaccept=4 reference-disagreement=474 same=6989
[7476/100000] reference-disagreement wide:struct-member:delete:real:SyntaxEditUtils:55 len=425 artifacts=11 advent-overaccept=7 advent-underaccept=4 reference-disagreement=475 same=6990
[7493/100000] reference-disagreement wide:func-body:line-comment+space:translated:testInitDeinit19#1 len=71 artifacts=11 advent-overaccept=7 advent-underaccept=4 reference-disagreement=476 same=7006
[7500/100000] same frontier:generic-member-type-shape len=295 artifacts=11 advent-overaccept=7 advent-underaccept=4 reference-disagreement=476 same=7013
[7511/100000] reference-disagreement tspl-divergence-protocol-body len=198 artifacts=11 advent-overaccept=7 advent-underaccept=4 reference-disagreement=477 same=7023
[7515/100000] reference-disagreement tspl-divergence-protocol-body len=131 artifacts=11 advent-overaccept=7 advent-underaccept=4 reference-disagreement=478 same=7026
[7551/100000] reference-disagreement wide:closure:line-comment+glue:real:ResultBuilders:553 len=155 artifacts=11 advent-overaccept=7 advent-underaccept=4 reference-disagreement=479 same=7061
[7592/100000] reference-disagreement binding-pattern len=458 artifacts=11 advent-overaccept=7 advent-underaccept=4 reference-disagreement=480 same=7101
[7598/100000] reference-disagreement wide:struct-member:newline:real:PluginMessageCompatibility:14 len=646 artifacts=11 advent-overaccept=7 advent-underaccept=4 reference-disagreement=481 same=7106
[7603/100000] reference-disagreement wide:top:raw:translated:testOperatorDeclDesignatedTypes19#1 len=43 artifacts=11 advent-overaccept=7 advent-underaccept=4 reference-disagreement=482 same=7110
[7620/100000] reference-disagreement keypath-boundary len=33 artifacts=11 advent-overaccept=7 advent-underaccept=4 reference-disagreement=483 same=7126
[7628/100000] reference-disagreement attribute-ifconfig-elseif-list len=126 artifacts=11 advent-overaccept=7 advent-underaccept=4 reference-disagreement=484 same=7133
[7653/100000] reference-disagreement declaration-modifier-stack len=34 artifacts=11 advent-overaccept=7 advent-underaccept=4 reference-disagreement=485 same=7157
[7659/100000] reference-disagreement wide:struct-member:raw:attribute:testABIAttribute#8 len=97 artifacts=11 advent-overaccept=7 advent-underaccept=4 reference-disagreement=486 same=7162
[7662/100000] reference-disagreement wide:trailing-closure:space+glue+glue:real:CustomTraits:68 len=173 artifacts=11 advent-overaccept=7 advent-underaccept=4 reference-disagreement=487 same=7164
[7718/100000] reference-disagreement keypath-component-matrix len=37 artifacts=11 advent-overaccept=7 advent-underaccept=4 reference-disagreement=488 same=7219
[7741/100000] reference-disagreement wide:extension-member:raw:real:Oracle:43 len=92 artifacts=11 advent-overaccept=7 advent-underaccept=4 reference-disagreement=489 same=7241
[7744/100000] reference-disagreement wide:ifconfig:raw:translated:testModuleSelectorAttrs#1 len=95 artifacts=11 advent-overaccept=7 advent-underaccept=4 reference-disagreement=490 same=7243
[7747/100000] reference-disagreement wide:after-statement:raw:translated:testSwitch21#1 len=56 artifacts=11 advent-overaccept=7 advent-underaccept=4 reference-disagreement=491 same=7245
[7748/100000] reference-disagreement wide:struct-member:raw:translated:testSemicolon8#1 len=29 artifacts=11 advent-overaccept=7 advent-underaccept=4 reference-disagreement=492 same=7245
[7750/100000] same try-boundary len=27 artifacts=11 advent-overaccept=7 advent-underaccept=4 reference-disagreement=492 same=7247
[7772/100000] reference-disagreement wide:extension-member:raw:real:SyntaxTraits:722+phase4-ifconfig:regex-extended len=93 artifacts=11 advent-overaccept=7 advent-underaccept=4 reference-disagreement=493 same=7268
[7791/100000] advent-overaccept wide:ifconfig:block-comment+keyword+newline:translated:testDiagnoseAvailability11#1 len=132 artifacts=12 advent-overaccept=8 advent-underaccept=4 reference-disagreement=493 same=7286
[7798/100000] reference-disagreement member-list-wide-boundary len=249 artifacts=12 advent-overaccept=8 advent-underaccept=4 reference-disagreement=494 same=7292
[7826/100000] reference-disagreement cast-try-operator-cluster len=24 artifacts=12 advent-overaccept=8 advent-underaccept=4 reference-disagreement=495 same=7319
[7856/100000] reference-disagreement wide:trailing-closure:block-comment:real:IdentifiableSyntax:58 len=120 artifacts=12 advent-overaccept=8 advent-underaccept=4 reference-disagreement=496 same=7348
[7866/100000] reference-disagreement wide:func-body:line-comment+glue+glue:real:SyntaxBaseNodes:797 len=708 artifacts=12 advent-overaccept=8 advent-underaccept=4 reference-disagreement=497 same=7357
[7910/100000] reference-disagreement attribute-ifconfig-elseif-list len=112 artifacts=12 advent-overaccept=8 advent-underaccept=4 reference-disagreement=498 same=7400
[7916/100000] reference-disagreement binding-pattern len=458 artifacts=12 advent-overaccept=8 advent-underaccept=4 reference-disagreement=499 same=7405
[7922/100000] reference-disagreement keypath-boundary len=33 artifacts=12 advent-overaccept=8 advent-underaccept=4 reference-disagreement=500 same=7410
[7960/100000] reference-disagreement wide:extension-member:keyword:type:testTypedThrows#2+attribute:testABIAttribute#13 len=142 artifacts=12 advent-overaccept=8 advent-underaccept=4 reference-disagreement=501 same=7447
[7964/100000] reference-disagreement wide:struct-member:raw:real:SwiftParserCompatibility:22 len=301 artifacts=12 advent-overaccept=8 advent-underaccept=4 reference-disagreement=502 same=7450
[7978/100000] reference-disagreement wide:struct-member:newline:real:SyntaxTraits:836 len=120 artifacts=12 advent-overaccept=8 advent-underaccept=4 reference-disagreement=503 same=7463
[7990/100000] reference-disagreement tspl-divergence-protocol-body len=100 artifacts=12 advent-overaccept=8 advent-underaccept=4 reference-disagreement=504 same=7474
[8000/100000] same wide:trailing-closure:block-comment+space:expression:testStringLiterals#7 len=62 artifacts=12 advent-overaccept=8 advent-underaccept=4 reference-disagreement=504 same=7484
[8010/100000] reference-disagreement wide:func-body:newline:real:SwiftSyntaxCompatibility:425+attribute:testSpecializeAttribute#3 len=128 artifacts=12 advent-overaccept=8 advent-underaccept=4 reference-disagreement=505 same=7493
[8019/100000] reference-disagreement wide:extension-member:newline:real:Declarations:19 len=584 artifacts=12 advent-overaccept=8 advent-underaccept=4 reference-disagreement=506 same=7501
[8024/100000] reference-disagreement wide:after-statement:raw:phase4-macro:borrow len=47 artifacts=12 advent-overaccept=8 advent-underaccept=4 reference-disagreement=507 same=7505
[8028/100000] reference-disagreement tspl-divergence-protocol-body len=142 artifacts=12 advent-overaccept=8 advent-underaccept=4 reference-disagreement=508 same=7508
[8035/100000] reference-disagreement wide:after-statement:block-comment+duplicate+newline:translated:testInvalid39#1+declaration:testVariableDeclarations#10 len=160 artifacts=12 advent-overaccept=8 advent-underaccept=4 reference-disagreement=509 same=7514
[8041/100000] advent-overaccept wide:before-statement:glue+block-comment:declaration:testUsing#2 len=40 artifacts=13 advent-overaccept=9 advent-underaccept=4 reference-disagreement=509 same=7519
[8043/100000] reference-disagreement wide:closure:space:expression:testConsumeExpression#4+real:SyntaxNodeWithBody:97 len=103 artifacts=13 advent-overaccept=9 advent-underaccept=4 reference-disagreement=510 same=7520
[8053/100000] reference-disagreement wide:after-statement:newline:declaration:testDeinitializers#1 len=27 artifacts=13 advent-overaccept=9 advent-underaccept=4 reference-disagreement=511 same=7529
[8056/100000] reference-disagreement wide:closure:newline+line-comment:real:SyntaxTraits:808 len=77 artifacts=13 advent-overaccept=9 advent-underaccept=4 reference-disagreement=512 same=7531
[8085/100000] reference-disagreement wide:closure:newline+block-comment:declaration:testParseDynamicReplacement#4+translated:testMetatypeObjectConversion1#1 len=125 artifacts=13 advent-overaccept=9 advent-underaccept=4 reference-disagreement=513 same=7559
[8111/100000] reference-disagreement binding-pattern len=458 artifacts=13 advent-overaccept=9 advent-underaccept=4 reference-disagreement=514 same=7584
[8120/100000] reference-disagreement wide:trailing-closure:raw:translated:testIfconfigExpr24#1+real:ConvenienceInitializers:86 len=122 artifacts=13 advent-overaccept=9 advent-underaccept=4 reference-disagreement=515 same=7592
[8139/100000] reference-disagreement keypath-component-matrix len=37 artifacts=13 advent-overaccept=9 advent-underaccept=4 reference-disagreement=516 same=7610
[8146/100000] reference-disagreement cast-try-operator-cluster len=24 artifacts=13 advent-overaccept=9 advent-underaccept=4 reference-disagreement=517 same=7616
[8178/100000] reference-disagreement wide:extension-member:keyword:real:SyntaxEditUtils:70+translated:testAlwaysEmitConformanceMetadataAttr#1 len=787 artifacts=13 advent-overaccept=9 advent-underaccept=4 reference-disagreement=518 same=7647
[8193/100000] reference-disagreement wide:closure:raw:translated:testSwitch79#1 len=86 artifacts=13 advent-overaccept=9 advent-underaccept=4 reference-disagreement=519 same=7661
[8231/100000] advent-overaccept wide:ifconfig:duplicate+newline:real:Syntax+Assertions:38 len=139 artifacts=14 advent-overaccept=10 advent-underaccept=4 reference-disagreement=519 same=7698
[8241/100000] reference-disagreement wide:top:line-comment:translated:testSwitch44#1 len=69 artifacts=14 advent-overaccept=10 advent-underaccept=4 reference-disagreement=520 same=7707
[8250/100000] same statement-control-boundary len=482 artifacts=14 advent-overaccept=10 advent-underaccept=4 reference-disagreement=520 same=7716
[8269/100000] reference-disagreement wide:struct-member:raw:real:Cursor:19 len=379 artifacts=14 advent-overaccept=10 advent-underaccept=4 reference-disagreement=521 same=7734
[8273/100000] reference-disagreement wide:trailing-closure:glue:translated:testForwardSlashRegex127#1+real:SyntaxTraits:760 len=101 artifacts=14 advent-overaccept=10 advent-underaccept=4 reference-disagreement=522 same=7737
[8290/100000] reference-disagreement wide:struct-member:raw:real:SyntaxExpressibleByStringInterpolationConformances:124 len=79 artifacts=14 advent-overaccept=10 advent-underaccept=4 reference-disagreement=523 same=7753
[8297/100000] reference-disagreement wide:struct-member:newline:real:ParserDiagnosticMessages:67 len=209 artifacts=14 advent-overaccept=10 advent-underaccept=4 reference-disagreement=524 same=7759
[8310/100000] reference-disagreement keypath-component-matrix len=40 artifacts=14 advent-overaccept=10 advent-underaccept=4 reference-disagreement=525 same=7771
[8320/100000] reference-disagreement attribute-boundary len=54 artifacts=14 advent-overaccept=10 advent-underaccept=4 reference-disagreement=526 same=7780
[8321/100000] reference-disagreement wide:trailing-closure:line-comment:attribute:testTransposeAttribute#2+translated:testSwitch42#1 len=164 artifacts=14 advent-overaccept=10 advent-underaccept=4 reference-disagreement=527 same=7780
[8327/100000] reference-disagreement member-list-wide-boundary len=536 artifacts=14 advent-overaccept=10 advent-underaccept=4 reference-disagreement=528 same=7785
[8333/100000] reference-disagreement statement-list len=590 artifacts=14 advent-overaccept=10 advent-underaccept=4 reference-disagreement=529 same=7790
[8345/100000] reference-disagreement attribute-ifconfig-elseif-list len=104 artifacts=14 advent-overaccept=10 advent-underaccept=4 reference-disagreement=530 same=7801
[8355/100000] reference-disagreement wide:struct-member:raw:translated:testRecovery11#1+real:SyntaxExpressibleByStringInterpolationConformances:157 len=145 artifacts=14 advent-overaccept=10 advent-underaccept=4 reference-disagreement=531 same=7810
[8392/100000] reference-disagreement attribute-boundary len=52 artifacts=14 advent-overaccept=10 advent-underaccept=4 reference-disagreement=532 same=7846
[8395/100000] reference-disagreement member-list-wide-boundary len=180 artifacts=14 advent-overaccept=10 advent-underaccept=4 reference-disagreement=533 same=7848
[8398/100000] reference-disagreement wide:top:raw:phase3-function:func-async-throws+expression:testClosureLiterals#2 len=81 artifacts=14 advent-overaccept=10 advent-underaccept=4 reference-disagreement=534 same=7850
[8399/100000] reference-disagreement wide:trailing-closure:swap+delete+glue:translated:testInitDeinit7#1 len=49 artifacts=14 advent-overaccept=10 advent-underaccept=4 reference-disagreement=535 same=7850
[8401/100000] reference-disagreement member-list-wide-boundary len=156 artifacts=14 advent-overaccept=10 advent-underaccept=4 reference-disagreement=536 same=7851
[8406/100000] reference-disagreement tspl-divergence-protocol-body len=230 artifacts=14 advent-overaccept=10 advent-underaccept=4 reference-disagreement=537 same=7855
[8417/100000] reference-disagreement tspl-divergence-protocol-body len=145 artifacts=14 advent-overaccept=10 advent-underaccept=4 reference-disagreement=538 same=7865
[8441/100000] reference-disagreement declaration-modifier-stack len=34 artifacts=14 advent-overaccept=10 advent-underaccept=4 reference-disagreement=539 same=7888
[8448/100000] reference-disagreement tspl-divergence-accessor-commitment len=78 artifacts=14 advent-overaccept=10 advent-underaccept=4 reference-disagreement=540 same=7894
[8456/100000] reference-disagreement wide:trailing-closure:space:real:GrammarNode:294 len=204 artifacts=14 advent-overaccept=10 advent-underaccept=4 reference-disagreement=541 same=7901
[8470/100000] reference-disagreement wide:closure:block-comment+keyword:real:SyntaxTraits:852 len=69 artifacts=14 advent-overaccept=10 advent-underaccept=4 reference-disagreement=542 same=7914
[8477/100000] reference-disagreement tspl-divergence-protocol-body len=94 artifacts=14 advent-overaccept=10 advent-underaccept=4 reference-disagreement=543 same=7920
[8482/100000] reference-disagreement grammarish-member-list len=228 artifacts=14 advent-overaccept=10 advent-underaccept=4 reference-disagreement=544 same=7924
[8488/100000] reference-disagreement wide:closure:raw:translated:testInitDeinit12#1 len=48 artifacts=14 advent-overaccept=10 advent-underaccept=4 reference-disagreement=545 same=7929
[8493/100000] reference-disagreement cast-try-operator-cluster len=24 artifacts=14 advent-overaccept=10 advent-underaccept=4 reference-disagreement=546 same=7933
[8497/100000] reference-disagreement wide:func-body:raw:real:LibraryPluginProvider:162+phase2-infix:long-chain len=292 artifacts=14 advent-overaccept=10 advent-underaccept=4 reference-disagreement=547 same=7936
[8500/100000] same closure-result-boundary len=75 artifacts=14 advent-overaccept=10 advent-underaccept=4 reference-disagreement=547 same=7939
[8502/100000] reference-disagreement attribute-boundary len=37 artifacts=14 advent-overaccept=10 advent-underaccept=4 reference-disagreement=548 same=7940
[8505/100000] reference-disagreement wide:extension-member:block-comment+glue+line-comment:translated:testOperatorDeclDesignatedTypes7#1 len=93 artifacts=14 advent-overaccept=10 advent-underaccept=4 reference-disagreement=549 same=7942
[8513/100000] reference-disagreement attribute-ifconfig-elseif-list len=134 artifacts=14 advent-overaccept=10 advent-underaccept=4 reference-disagreement=550 same=7949
[8520/100000] reference-disagreement wide:func-body:keyword:real:ApusTerminals:83+real:Trivia:203 len=355 artifacts=14 advent-overaccept=10 advent-underaccept=4 reference-disagreement=551 same=7955
[8544/100000] reference-disagreement wide:func-body:glue+keyword:real:CollectionNodes+Parsable:102 len=532 artifacts=14 advent-overaccept=10 advent-underaccept=4 reference-disagreement=552 same=7978
[8580/100000] reference-disagreement grammarish-member-list len=184 artifacts=14 advent-overaccept=10 advent-underaccept=4 reference-disagreement=553 same=8013
[8589/100000] reference-disagreement seed-corpus-structural-splice:preconcurrency-import len=94 artifacts=14 advent-overaccept=10 advent-underaccept=4 reference-disagreement=554 same=8021
[8595/100000] reference-disagreement tspl-divergence-protocol-body len=164 artifacts=14 advent-overaccept=10 advent-underaccept=4 reference-disagreement=555 same=8026
[8638/100000] reference-disagreement wide:closure:raw:real:ResultBuilders:215+translated:testDiagnoseAvailability10#1 len=223 artifacts=14 advent-overaccept=10 advent-underaccept=4 reference-disagreement=556 same=8068
[8640/100000] reference-disagreement wide:extension-member:raw:translated:testRecovery13#1 len=235 artifacts=14 advent-overaccept=10 advent-underaccept=4 reference-disagreement=557 same=8069
[8645/100000] reference-disagreement wide:trailing-closure:raw:translated:testTry9#1+real:ParserDiagnosticMessages:570 len=574 artifacts=14 advent-overaccept=10 advent-underaccept=4 reference-disagreement=558 same=8073
[8646/100000] reference-disagreement wide:trailing-closure:newline+block-comment:attribute:testSilgenName#3 len=51 artifacts=14 advent-overaccept=10 advent-underaccept=4 reference-disagreement=559 same=8073
[8664/100000] reference-disagreement member-list-wide-boundary len=140 artifacts=14 advent-overaccept=10 advent-underaccept=4 reference-disagreement=560 same=8090
[8675/100000] reference-disagreement grammarish-member-list len=190 artifacts=14 advent-overaccept=10 advent-underaccept=4 reference-disagreement=561 same=8100
[8691/100000] reference-disagreement attribute-ifconfig-elseif-list len=114 artifacts=14 advent-overaccept=10 advent-underaccept=4 reference-disagreement=562 same=8115
[8724/100000] reference-disagreement wide:extension-member:newline:real:AddPackageTarget:137 len=494 artifacts=14 advent-overaccept=10 advent-underaccept=4 reference-disagreement=563 same=8147
[8726/100000] reference-disagreement grammarish-member-list len=435 artifacts=14 advent-overaccept=10 advent-underaccept=4 reference-disagreement=564 same=8148
[8732/100000] reference-disagreement keypath-component-matrix len=41 artifacts=14 advent-overaccept=10 advent-underaccept=4 reference-disagreement=565 same=8153
[8739/100000] reference-disagreement tspl-divergence-protocol-body len=164 artifacts=14 advent-overaccept=10 advent-underaccept=4 reference-disagreement=566 same=8159
[8750/100000] same wide:top:glue:phase4-closure:capture-empty len=21 artifacts=14 advent-overaccept=10 advent-underaccept=4 reference-disagreement=566 same=8170
[8774/100000] reference-disagreement wide:struct-member:glue+newline:real:LayoutNodes+Parsable:22+real:SyntaxTraits:517 len=863 artifacts=14 advent-overaccept=10 advent-underaccept=4 reference-disagreement=567 same=8193
[8806/100000] reference-disagreement wide:func-body:glue+splice:expression:testKeyPathMethodAndInitializers#19 len=68 artifacts=14 advent-overaccept=10 advent-underaccept=4 reference-disagreement=568 same=8224
[8809/100000] reference-disagreement member-list-wide-boundary len=197 artifacts=14 advent-overaccept=10 advent-underaccept=4 reference-disagreement=569 same=8226
[8811/100000] reference-disagreement wide:extension-member:newline+newline:real:BuildableNodes:406 len=1258 artifacts=14 advent-overaccept=10 advent-underaccept=4 reference-disagreement=570 same=8227
[8850/100000] tree-difference wide:func-body:newline+block-comment:translated:testTypeExpr25q#1 len=66 artifacts=15 advent-overaccept=10 advent-underaccept=4 reference-disagreement=570 same=8265 tree-difference=1
[8871/100000] reference-disagreement wide:trailing-closure:duplicate+glue:real:AssertEqualWithDiff:36 len=123 artifacts=15 advent-overaccept=10 advent-underaccept=4 reference-disagreement=571 same=8285 tree-difference=1
[8874/100000] reference-disagreement wide:trailing-closure:glue:real:ManifestSyntaxRepresentable:17+real:ANSIDiagnosticDecorator:13 len=1319 artifacts=15 advent-overaccept=10 advent-underaccept=4 reference-disagreement=572 same=8287 tree-difference=1
[8880/100000] reference-disagreement grammarish-member-list len=241 artifacts=15 advent-overaccept=10 advent-underaccept=4 reference-disagreement=573 same=8292 tree-difference=1
[8911/100000] reference-disagreement wide:func-body:raw:real:IdentifiableSyntax:52 len=117 artifacts=15 advent-overaccept=10 advent-underaccept=4 reference-disagreement=574 same=8322 tree-difference=1
[8930/100000] reference-disagreement wide:top:newline+keyword+glue:real:Syntax+StringInterpolation:469 len=40 artifacts=15 advent-overaccept=10 advent-underaccept=4 reference-disagreement=575 same=8340 tree-difference=1
[8945/100000] reference-disagreement wide:trailing-closure:glue+delete:real:Assertions:187 len=1157 artifacts=15 advent-overaccept=10 advent-underaccept=4 reference-disagreement=576 same=8354 tree-difference=1
[8947/100000] reference-disagreement wide:extension-member:splice:real:TokenSequence:131 len=249 artifacts=15 advent-overaccept=10 advent-underaccept=4 reference-disagreement=577 same=8355 tree-difference=1
[8959/100000] advent-overaccept wide:before-statement:splice:declaration:testTypealias#3 len=67 artifacts=16 advent-overaccept=11 advent-underaccept=4 reference-disagreement=577 same=8366 tree-difference=1
[8961/100000] reference-disagreement wide:top:raw:phase4-macro:borrow len=29 artifacts=16 advent-overaccept=11 advent-underaccept=4 reference-disagreement=578 same=8367 tree-difference=1
[8968/100000] reference-disagreement keypath-component-matrix len=41 artifacts=16 advent-overaccept=11 advent-underaccept=4 reference-disagreement=579 same=8373 tree-difference=1
[8987/100000] reference-disagreement wide:closure:raw:translated:testTry1#1 len=257 artifacts=16 advent-overaccept=11 advent-underaccept=4 reference-disagreement=580 same=8391 tree-difference=1
[8998/100000] reference-disagreement wide:extension-member:glue+duplicate:real:SourceLocation:688 len=361 artifacts=16 advent-overaccept=11 advent-underaccept=4 reference-disagreement=581 same=8401 tree-difference=1
[9000/100000] same subscript-call-boundary len=53 artifacts=16 advent-overaccept=11 advent-underaccept=4 reference-disagreement=581 same=8403 tree-difference=1
[9001/100000] reference-disagreement wide:top:line-comment:real:SyntaxExpressibleByStringInterpolationConformances:115+translated:testOperatorDeclDesignatedTypes14#1 len=133 artifacts=16 advent-overaccept=11 advent-underaccept=4 reference-disagreement=582 same=8403 tree-difference=1
[9007/100000] reference-disagreement wide:func-body:glue+glue:real:BuildableNodes:1251 len=1296 artifacts=16 advent-overaccept=11 advent-underaccept=4 reference-disagreement=583 same=8408 tree-difference=1
[9014/100000] reference-disagreement wide:top:newline:expression:testKeyPathMethodAndInitializers#8 len=14 artifacts=16 advent-overaccept=11 advent-underaccept=4 reference-disagreement=584 same=8414 tree-difference=1
[9029/100000] reference-disagreement wide:closure:line-comment:real:SyntaxTraits:858 len=102 artifacts=16 advent-overaccept=11 advent-underaccept=4 reference-disagreement=585 same=8428 tree-difference=1
[9036/100000] reference-disagreement wide:before-statement:duplicate:real:SwiftSyntaxCompatibility:813 len=225 artifacts=16 advent-overaccept=11 advent-underaccept=4 reference-disagreement=586 same=8434 tree-difference=1
[9075/100000] reference-disagreement grammarish-member-list len=154 artifacts=16 advent-overaccept=11 advent-underaccept=4 reference-disagreement=587 same=8472 tree-difference=1
[9081/100000] reference-disagreement cast-try-operator-cluster len=24 artifacts=16 advent-overaccept=11 advent-underaccept=4 reference-disagreement=588 same=8477 tree-difference=1
[9094/100000] reference-disagreement wide:extension-member:space+line-comment+line-comment:declaration:testIssue1025#2+real:SyntaxLiteralUtils:15 len=193 artifacts=16 advent-overaccept=11 advent-underaccept=4 reference-disagreement=589 same=8489 tree-difference=1
[9125/100000] reference-disagreement wide:struct-member:raw:real:SourceEdit:112 len=444 artifacts=16 advent-overaccept=11 advent-underaccept=4 reference-disagreement=590 same=8519 tree-difference=1
[9130/100000] reference-disagreement wide:closure:delete:expression:testKeyPathMethodAndInitializers#10 len=67 artifacts=16 advent-overaccept=11 advent-underaccept=4 reference-disagreement=591 same=8523 tree-difference=1
[9142/100000] reference-disagreement wide:ifconfig:raw:attribute:testAttributeMainActorClosure#1 len=38 artifacts=16 advent-overaccept=11 advent-underaccept=4 reference-disagreement=592 same=8534 tree-difference=1
[9145/100000] reference-disagreement wide:func-body:keyword+delete:declaration:testParseIsolatedConformances#3 len=61 artifacts=16 advent-overaccept=11 advent-underaccept=4 reference-disagreement=593 same=8536 tree-difference=1
[9151/100000] reference-disagreement tspl-divergence-protocol-body len=108 artifacts=16 advent-overaccept=11 advent-underaccept=4 reference-disagreement=594 same=8541 tree-difference=1
[9170/100000] reference-disagreement keypath-boundary len=40 artifacts=16 advent-overaccept=11 advent-underaccept=4 reference-disagreement=595 same=8559 tree-difference=1
[9193/100000] reference-disagreement wide:after-statement:block-comment+newline+space:attribute:testExpose#2 len=58 artifacts=16 advent-overaccept=11 advent-underaccept=4 reference-disagreement=596 same=8581 tree-difference=1
[9219/100000] reference-disagreement declaration-modifier-stack len=34 artifacts=16 advent-overaccept=11 advent-underaccept=4 reference-disagreement=597 same=8606 tree-difference=1
[9225/100000] reference-disagreement attribute-ifconfig-elseif-list len=113 artifacts=16 advent-overaccept=11 advent-underaccept=4 reference-disagreement=598 same=8611 tree-difference=1
[9250/100000] same wide:extension-member:newline+glue+duplicate:reject:testModuleSelectorIllFormedModuleNames#5+real:IsValidIdentifier:98 len=985 artifacts=16 advent-overaccept=11 advent-underaccept=4 reference-disagreement=598 same=8636 tree-difference=1
[9296/100000] reference-disagreement keypath-boundary len=38 artifacts=16 advent-overaccept=11 advent-underaccept=4 reference-disagreement=599 same=8681 tree-difference=1
[9299/100000] reference-disagreement wide:func-body:raw:real:BasicMacroExpansionContext:141 len=302 artifacts=16 advent-overaccept=11 advent-underaccept=4 reference-disagreement=600 same=8683 tree-difference=1
[9305/100000] reference-disagreement tspl-divergence-accessor-commitment len=49 artifacts=16 advent-overaccept=11 advent-underaccept=4 reference-disagreement=601 same=8688 tree-difference=1
[9313/100000] reference-disagreement tspl-divergence-protocol-body len=135 artifacts=16 advent-overaccept=11 advent-underaccept=4 reference-disagreement=602 same=8695 tree-difference=1
[9318/100000] reference-disagreement attribute-ifconfig-elseif-list len=116 artifacts=16 advent-overaccept=11 advent-underaccept=4 reference-disagreement=603 same=8699 tree-difference=1
[9319/100000] reference-disagreement member-list-wide-boundary len=387 artifacts=16 advent-overaccept=11 advent-underaccept=4 reference-disagreement=604 same=8699 tree-difference=1
[9334/100000] reference-disagreement wide:extension-member:newline+space:attribute:testUnavailableFromAsync#3 len=70 artifacts=16 advent-overaccept=11 advent-underaccept=4 reference-disagreement=605 same=8713 tree-difference=1
[9389/100000] reference-disagreement wide:func-body:block-comment+newline:attribute:testDerivativeAttribute#1 len=212 artifacts=16 advent-overaccept=11 advent-underaccept=4 reference-disagreement=606 same=8767 tree-difference=1
[9398/100000] reference-disagreement wide:func-body:raw:real:ResultBuilders:414 len=199 artifacts=16 advent-overaccept=11 advent-underaccept=4 reference-disagreement=607 same=8775 tree-difference=1
[9410/100000] reference-disagreement wide:closure:raw:real:SyntaxProtocol:710 len=75 artifacts=16 advent-overaccept=11 advent-underaccept=4 reference-disagreement=608 same=8786 tree-difference=1
[9447/100000] reference-disagreement wide:extension-member:raw:phase4-type:optional-generic+real:ParseDiagnosticsGenerator:59 len=608 artifacts=16 advent-overaccept=11 advent-underaccept=4 reference-disagreement=609 same=8822 tree-difference=1
[9453/100000] reference-disagreement tspl-divergence-protocol-body len=268 artifacts=16 advent-overaccept=11 advent-underaccept=4 reference-disagreement=610 same=8827 tree-difference=1
[9462/100000] reference-disagreement wide:extension-member:keyword+line-comment:real:ResultBuilders:29 len=188 artifacts=16 advent-overaccept=11 advent-underaccept=4 reference-disagreement=611 same=8835 tree-difference=1
[9465/100000] advent-overaccept wide:after-statement:splice:real:JSONDecoding:437 len=302 artifacts=17 advent-overaccept=12 advent-underaccept=4 reference-disagreement=611 same=8837 tree-difference=1
[9478/100000] reference-disagreement wide:closure:space+glue+newline:translated:testRegexLikeOperator#1 len=41 artifacts=17 advent-overaccept=12 advent-underaccept=4 reference-disagreement=612 same=8849 tree-difference=1
[9479/100000] reference-disagreement wide:struct-member:raw:real:SyntaxExpressibleByStringInterpolationConformances:151 len=92 artifacts=17 advent-overaccept=12 advent-underaccept=4 reference-disagreement=613 same=8849 tree-difference=1
[9485/100000] reference-disagreement binding-pattern len=458 artifacts=17 advent-overaccept=12 advent-underaccept=4 reference-disagreement=614 same=8854 tree-difference=1
[9495/100000] reference-disagreement tspl-divergence-protocol-body len=111 artifacts=17 advent-overaccept=12 advent-underaccept=4 reference-disagreement=615 same=8863 tree-difference=1
[9500/100000] same nested-template len=88 artifacts=17 advent-overaccept=12 advent-underaccept=4 reference-disagreement=615 same=8868 tree-difference=1
[9534/100000] reference-disagreement grammarish-member-list len=304 artifacts=17 advent-overaccept=12 advent-underaccept=4 reference-disagreement=616 same=8901 tree-difference=1
[9540/100000] reference-disagreement wide:extension-member:newline:phase4-precedence:pg-multi len=75 artifacts=17 advent-overaccept=12 advent-underaccept=4 reference-disagreement=617 same=8906 tree-difference=1
[9606/100000] reference-disagreement wide:after-statement:newline:reject:testForwardSlashRegex142#1 len=28 artifacts=17 advent-overaccept=12 advent-underaccept=4 reference-disagreement=618 same=8971 tree-difference=1
[9646/100000] reference-disagreement wide:closure:raw:real:MemberAttributeMacro:21 len=811 artifacts=17 advent-overaccept=12 advent-underaccept=4 reference-disagreement=619 same=9010 tree-difference=1
[9681/100000] reference-disagreement wide:top:raw:expression:testKeyPathMethodAndInitializers#1 len=13 artifacts=17 advent-overaccept=12 advent-underaccept=4 reference-disagreement=620 same=9044 tree-difference=1
[9701/100000] reference-disagreement wide:closure:block-comment+newline:real:ResultBuilders:332 len=143 artifacts=17 advent-overaccept=12 advent-underaccept=4 reference-disagreement=621 same=9063 tree-difference=1
[9702/100000] reference-disagreement attribute-ifconfig-elseif-list len=128 artifacts=17 advent-overaccept=12 advent-underaccept=4 reference-disagreement=622 same=9063 tree-difference=1
[9712/100000] reference-disagreement wide:closure:line-comment+space+block-comment:expression:testKeyPathMethodAndInitializers#10 len=86 artifacts=17 advent-overaccept=12 advent-underaccept=4 reference-disagreement=623 same=9072 tree-difference=1
[9720/100000] reference-disagreement wide:trailing-closure:line-comment+newline+line-comment:real:NominalTypeDeclSyntax:16 len=326 artifacts=17 advent-overaccept=12 advent-underaccept=4 reference-disagreement=624 same=9079 tree-difference=1
[9750/100000] same wide:extension-member:delete:real:SyntaxComparison:24 len=115 artifacts=17 advent-overaccept=12 advent-underaccept=4 reference-disagreement=624 same=9109 tree-difference=1
[9757/100000] reference-disagreement nested-ifconfig-boundary len=163 artifacts=17 advent-overaccept=12 advent-underaccept=4 reference-disagreement=625 same=9115 tree-difference=1
[9784/100000] reference-disagreement wide:extension-member:raw:real:SyntaxBaseNodes:139 len=690 artifacts=17 advent-overaccept=12 advent-underaccept=4 reference-disagreement=626 same=9141 tree-difference=1
[9803/100000] reference-disagreement grammarish-member-list len=286 artifacts=17 advent-overaccept=12 advent-underaccept=4 reference-disagreement=627 same=9159 tree-difference=1
[9818/100000] reference-disagreement binding-pattern len=458 artifacts=17 advent-overaccept=12 advent-underaccept=4 reference-disagreement=628 same=9173 tree-difference=1
[9835/100000] reference-disagreement wide:closure:raw:real:BuildableNodes:379 len=1053 artifacts=17 advent-overaccept=12 advent-underaccept=4 reference-disagreement=629 same=9189 tree-difference=1
[9864/100000] reference-disagreement keypath-boundary len=40 artifacts=17 advent-overaccept=12 advent-underaccept=4 reference-disagreement=630 same=9217 tree-difference=1
[9873/100000] reference-disagreement attribute-ifconfig-elseif-list len=133 artifacts=17 advent-overaccept=12 advent-underaccept=4 reference-disagreement=631 same=9225 tree-difference=1
[9875/100000] reference-disagreement keypath-component-matrix len=40 artifacts=17 advent-overaccept=12 advent-underaccept=4 reference-disagreement=632 same=9226 tree-difference=1
[9914/100000] reference-disagreement attribute-ifconfig-elseif-list len=129 artifacts=17 advent-overaccept=12 advent-underaccept=4 reference-disagreement=633 same=9264 tree-difference=1
[9916/100000] reference-disagreement binding-pattern len=458 artifacts=17 advent-overaccept=12 advent-underaccept=4 reference-disagreement=634 same=9265 tree-difference=1
[9918/100000] reference-disagreement tspl-divergence-accessor-commitment len=49 artifacts=17 advent-overaccept=12 advent-underaccept=4 reference-disagreement=635 same=9266 tree-difference=1
[9919/100000] reference-disagreement wide:extension-member:newline+line-comment:real:SyntaxExpressibleByStringInterpolationConformances:106 len=98 artifacts=17 advent-overaccept=12 advent-underaccept=4 reference-disagreement=636 same=9266 tree-difference=1
[9930/100000] reference-disagreement tspl-divergence-accessor-commitment len=78 artifacts=17 advent-overaccept=12 advent-underaccept=4 reference-disagreement=637 same=9276 tree-difference=1
[9939/100000] reference-disagreement attribute-boundary len=41 artifacts=17 advent-overaccept=12 advent-underaccept=4 reference-disagreement=638 same=9284 tree-difference=1
[9941/100000] reference-disagreement wide:func-body:newline+newline:translated:testModuleSelectorExpr#5+translated:testPatternWithoutVariables6#1 len=128 artifacts=17 advent-overaccept=12 advent-underaccept=4 reference-disagreement=639 same=9285 tree-difference=1
[9943/100000] reference-disagreement wide:top:line-comment:translated:testTypeExpr5#1 len=34 artifacts=17 advent-overaccept=12 advent-underaccept=4 reference-disagreement=640 same=9286 tree-difference=1
[9954/100000] reference-disagreement wide:extension-member:duplicate+newline:real:SwiftSyntaxCompatibility:460 len=73 artifacts=17 advent-overaccept=12 advent-underaccept=4 reference-disagreement=641 same=9296 tree-difference=1
[9959/100000] reference-disagreement wide:closure:space:phase4-closure:trailing-with-args+real:BuildableNodes:1503 len=1067 artifacts=17 advent-overaccept=12 advent-underaccept=4 reference-disagreement=642 same=9300 tree-difference=1
[9967/100000] reference-disagreement wide:trailing-closure:line-comment:phase3-modifier:open-class+translated:testForwardSlashRegex84#1 len=49 artifacts=17 advent-overaccept=12 advent-underaccept=4 reference-disagreement=643 same=9307 tree-difference=1
[9985/100000] reference-disagreement wide:top:newline+space:translated:testForwardSlashRegex134#1+translated:testSwitch44#1 len=74 artifacts=17 advent-overaccept=12 advent-underaccept=4 reference-disagreement=644 same=9324 tree-difference=1
[10000/100000] same wide:extension-member:duplicate+splice+newline:translated:testAvailabilityQuery31#1+phase4-keypath:kp-mixed len=94 artifacts=17 advent-overaccept=12 advent-underaccept=4 reference-disagreement=644 same=9339 tree-difference=1
[10048/100000] reference-disagreement wide:func-body:raw:translated:testOriginalDefinedInAttr3#1 len=95 artifacts=17 advent-overaccept=12 advent-underaccept=4 reference-disagreement=645 same=9386 tree-difference=1
[10052/100000] reference-disagreement wide:func-body:raw:real:ExpandEditorPlaceholder:474 len=709 artifacts=17 advent-overaccept=12 advent-underaccept=4 reference-disagreement=646 same=9389 tree-difference=1
[10053/100000] reference-disagreement wide:trailing-closure:glue+splice+space:real:SyntaxTraits:120+declaration:testParsePoundError#1 len=700 artifacts=17 advent-overaccept=12 advent-underaccept=4 reference-disagreement=647 same=9389 tree-difference=1
[10060/100000] reference-disagreement wide:func-body:newline+glue:reject:testCoroutineAccessors#1+real:ResultBuilders:306 len=184 artifacts=17 advent-overaccept=12 advent-underaccept=4 reference-disagreement=648 same=9395 tree-difference=1
[10068/100000] reference-disagreement wide:closure:line-comment:real:Trivia:203 len=262 artifacts=17 advent-overaccept=12 advent-underaccept=4 reference-disagreement=649 same=9402 tree-difference=1
[10107/100000] reference-disagreement tspl-divergence-protocol-body len=179 artifacts=17 advent-overaccept=12 advent-underaccept=4 reference-disagreement=650 same=9440 tree-difference=1
[10110/100000] reference-disagreement wide:extension-member:raw:translated:testForwardSlashRegex8#1 len=88 artifacts=17 advent-overaccept=12 advent-underaccept=4 reference-disagreement=651 same=9442 tree-difference=1
[10111/100000] reference-disagreement attribute-ifconfig-elseif-list len=116 artifacts=17 advent-overaccept=12 advent-underaccept=4 reference-disagreement=652 same=9442 tree-difference=1
[10115/100000] reference-disagreement grammarish-member-list len=215 artifacts=17 advent-overaccept=12 advent-underaccept=4 reference-disagreement=653 same=9445 tree-difference=1
[10146/100000] reference-disagreement wide:closure:line-comment:real:Parser:848 len=618 artifacts=17 advent-overaccept=12 advent-underaccept=4 reference-disagreement=654 same=9475 tree-difference=1
[10191/100000] reference-disagreement tspl-divergence-protocol-body len=217 artifacts=17 advent-overaccept=12 advent-underaccept=4 reference-disagreement=655 same=9519 tree-difference=1
[10206/100000] reference-disagreement cast-try-operator-cluster len=24 artifacts=17 advent-overaccept=12 advent-underaccept=4 reference-disagreement=656 same=9533 tree-difference=1
[10214/100000] reference-disagreement seed-corpus-wrapped:preconcurrency-import len=50 artifacts=17 advent-overaccept=12 advent-underaccept=4 reference-disagreement=657 same=9540 tree-difference=1
[10250/100000] same wide:after-statement:keyword+newline:real:MacroSystem:133 len=52 artifacts=17 advent-overaccept=12 advent-underaccept=4 reference-disagreement=657 same=9576 tree-difference=1
[10268/100000] reference-disagreement cast-try-operator-cluster len=24 artifacts=17 advent-overaccept=12 advent-underaccept=4 reference-disagreement=658 same=9593 tree-difference=1
[10312/100000] reference-disagreement wide:trailing-closure:splice:translated:testEnum36#1 len=117 artifacts=17 advent-overaccept=12 advent-underaccept=4 reference-disagreement=659 same=9636 tree-difference=1
[10384/100000] reference-disagreement wide:func-body:raw:real:SyntaxCollections:990 len=502 artifacts=17 advent-overaccept=12 advent-underaccept=4 reference-disagreement=660 same=9707 tree-difference=1
[10419/100000] reference-disagreement wide:struct-member:newline+newline:real:IntegerLiteralUtilities:19 len=821 artifacts=17 advent-overaccept=12 advent-underaccept=4 reference-disagreement=661 same=9741 tree-difference=1
[10432/100000] reference-disagreement binding-pattern len=458 artifacts=17 advent-overaccept=12 advent-underaccept=4 reference-disagreement=662 same=9753 tree-difference=1
[10457/100000] reference-disagreement wide:closure:raw:translated:testDeprecatedWhere3#1 len=327 artifacts=17 advent-overaccept=12 advent-underaccept=4 reference-disagreement=663 same=9777 tree-difference=1
[10459/100000] reference-disagreement wide:extension-member:raw:real:LexerDiagnosticMessages:30 len=295 artifacts=17 advent-overaccept=12 advent-underaccept=4 reference-disagreement=664 same=9778 tree-difference=1
[10460/100000] reference-disagreement wide:closure:raw:real:PackageTarget:131 len=500 artifacts=17 advent-overaccept=12 advent-underaccept=4 reference-disagreement=665 same=9778 tree-difference=1
[10479/100000] reference-disagreement tspl-divergence-protocol-body len=167 artifacts=17 advent-overaccept=12 advent-underaccept=4 reference-disagreement=666 same=9796 tree-difference=1
[10486/100000] tree-difference wide:interpolation:delete:translated:testForwardSlashRegex43#1 len=23 artifacts=18 advent-overaccept=12 advent-underaccept=4 reference-disagreement=666 same=9802 tree-difference=2
[10500/100000] same wide:trailing-closure:duplicate+duplicate+newline:phase4-precedence:pg-multi len=68 artifacts=18 advent-overaccept=12 advent-underaccept=4 reference-disagreement=666 same=9816 tree-difference=2
[10513/100000] reference-disagreement wide:after-statement:raw:translated:testSwitch11#1 len=87 artifacts=18 advent-overaccept=12 advent-underaccept=4 reference-disagreement=667 same=9828 tree-difference=2
[10518/100000] reference-disagreement wide:func-body:block-comment+line-comment:translated:testSubscripting17#1 len=68 artifacts=18 advent-overaccept=12 advent-underaccept=4 reference-disagreement=668 same=9832 tree-difference=2
[10537/100000] reference-disagreement tspl-divergence-protocol-body len=112 artifacts=18 advent-overaccept=12 advent-underaccept=4 reference-disagreement=669 same=9850 tree-difference=2
[10568/100000] reference-disagreement wide:func-body:raw:real:BasicMacroExpansionContext:109 len=282 artifacts=18 advent-overaccept=12 advent-underaccept=4 reference-disagreement=670 same=9880 tree-difference=2
[10578/100000] reference-disagreement tspl-divergence-protocol-body len=216 artifacts=18 advent-overaccept=12 advent-underaccept=4 reference-disagreement=671 same=9889 tree-difference=2
[10591/100000] reference-disagreement wide:struct-member:newline:real:ResultBuilders:89 len=184 artifacts=18 advent-overaccept=12 advent-underaccept=4 reference-disagreement=672 same=9901 tree-difference=2
[10607/100000] reference-disagreement wide:trailing-closure:splice+newline:translated:testEnum54#1 len=71 artifacts=18 advent-overaccept=12 advent-underaccept=4 reference-disagreement=673 same=9916 tree-difference=2
[10647/100000] reference-disagreement attribute-boundary len=45 artifacts=18 advent-overaccept=12 advent-underaccept=4 reference-disagreement=674 same=9955 tree-difference=2
[10651/100000] reference-disagreement wide:closure:newline+line-comment:real:BuildableNodes:292 len=1072 artifacts=18 advent-overaccept=12 advent-underaccept=4 reference-disagreement=675 same=9958 tree-difference=2
[10694/100000] reference-disagreement attribute-ifconfig-elseif-list len=136 artifacts=18 advent-overaccept=12 advent-underaccept=4 reference-disagreement=676 same=10000 tree-difference=2
[10708/100000] reference-disagreement wide:closure:raw:real:RawSyntax:925 len=418 artifacts=18 advent-overaccept=12 advent-underaccept=4 reference-disagreement=677 same=10013 tree-difference=2
[10750/100000] same frontier:parser-mode-scope len=58 artifacts=18 advent-overaccept=12 advent-underaccept=4 reference-disagreement=677 same=10055 tree-difference=2
[10755/100000] reference-disagreement wide:struct-member:newline:translated:testTrailingClosures8#1+real:SyntaxExpressibleByStringInterpolationConformances:28 len=216 artifacts=18 advent-overaccept=12 advent-underaccept=4 reference-disagreement=678 same=10059 tree-difference=2
[10774/100000] reference-disagreement wide:extension-member:newline:real:Syntax+StringInterpolation:286 len=66 artifacts=18 advent-overaccept=12 advent-underaccept=4 reference-disagreement=679 same=10077 tree-difference=2
[10787/100000] reference-disagreement wide:closure:raw:real:SourceEdit:112 len=450 artifacts=18 advent-overaccept=12 advent-underaccept=4 reference-disagreement=680 same=10089 tree-difference=2
[10834/100000] reference-disagreement func-body len=458 artifacts=18 advent-overaccept=12 advent-underaccept=4 reference-disagreement=681 same=10135 tree-difference=2
[10851/100000] advent-underaccept wide:top:space+newline+delete:real:ApusTerminals:83 len=102 artifacts=19 advent-overaccept=12 advent-underaccept=5 reference-disagreement=681 same=10151 tree-difference=2
[10859/100000] reference-disagreement wide:struct-member:swap:translated:testDiagnoseDynamicReplacement1#1 len=54 artifacts=19 advent-overaccept=12 advent-underaccept=5 reference-disagreement=682 same=10158 tree-difference=2
[10861/100000] reference-disagreement wide:closure:raw:real:SyntaxParsable+ExpressibleByStringInterpolation:50 len=262 artifacts=19 advent-overaccept=12 advent-underaccept=5 reference-disagreement=683 same=10159 tree-difference=2
[10862/100000] reference-disagreement wide:ifconfig:line-comment:translated:testForwardSlashRegex42#1+translated:testOperatorDeclDesignatedTypes14#1 len=95 artifacts=19 advent-overaccept=12 advent-underaccept=5 reference-disagreement=684 same=10159 tree-difference=2
[10871/100000] reference-disagreement wide:trailing-closure:raw:real:SyntaxCollections:1139 len=499 artifacts=19 advent-overaccept=12 advent-underaccept=5 reference-disagreement=685 same=10167 tree-difference=2
[10880/100000] reference-disagreement attribute-ifconfig-elseif-list len=114 artifacts=19 advent-overaccept=12 advent-underaccept=5 reference-disagreement=686 same=10175 tree-difference=2
[10881/100000] reference-disagreement wide:func-body:keyword:declaration:testImports#4 len=73 artifacts=19 advent-overaccept=12 advent-underaccept=5 reference-disagreement=687 same=10175 tree-difference=2
[10886/100000] reference-disagreement wide:trailing-closure:block-comment+block-comment:translated:testMatchingPatterns1#1 len=40 artifacts=19 advent-overaccept=12 advent-underaccept=5 reference-disagreement=688 same=10179 tree-difference=2
[10917/100000] reference-disagreement grammarish-member-list len=389 artifacts=19 advent-overaccept=12 advent-underaccept=5 reference-disagreement=689 same=10209 tree-difference=2
[10924/100000] reference-disagreement wide:func-body:duplicate:real:ResultBuilders:89+translated:testOptional4#1 len=220 artifacts=19 advent-overaccept=12 advent-underaccept=5 reference-disagreement=690 same=10215 tree-difference=2
[10936/100000] reference-disagreement wide:trailing-closure:glue+newline:real:LocationMarkers:22 len=201 artifacts=19 advent-overaccept=12 advent-underaccept=5 reference-disagreement=691 same=10226 tree-difference=2
[10937/100000] reference-disagreement nested-ifconfig-boundary len=113 artifacts=19 advent-overaccept=12 advent-underaccept=5 reference-disagreement=692 same=10226 tree-difference=2
[10959/100000] reference-disagreement wide:struct-member:raw:real:SyntaxBaseNodes:1346 len=687 artifacts=19 advent-overaccept=12 advent-underaccept=5 reference-disagreement=693 same=10247 tree-difference=2
[10961/100000] reference-disagreement wide:trailing-closure:raw:real:ResultBuilders:128 len=192 artifacts=19 advent-overaccept=12 advent-underaccept=5 reference-disagreement=694 same=10248 tree-difference=2
[10970/100000] reference-disagreement tspl-divergence-accessor-commitment len=78 artifacts=19 advent-overaccept=12 advent-underaccept=5 reference-disagreement=695 same=10256 tree-difference=2
[10985/100000] reference-disagreement grammarish-member-list len=110 artifacts=19 advent-overaccept=12 advent-underaccept=5 reference-disagreement=696 same=10270 tree-difference=2
[10996/100000] reference-disagreement member-list-wide-boundary len=239 artifacts=19 advent-overaccept=12 advent-underaccept=5 reference-disagreement=697 same=10280 tree-difference=2
[11000/100000] same cast-boundary len=31 artifacts=19 advent-overaccept=12 advent-underaccept=5 reference-disagreement=697 same=10284 tree-difference=2
[11038/100000] reference-disagreement keypath-component-matrix len=40 artifacts=19 advent-overaccept=12 advent-underaccept=5 reference-disagreement=698 same=10321 tree-difference=2
[11044/100000] reference-disagreement grammarish-member-list len=339 artifacts=19 advent-overaccept=12 advent-underaccept=5 reference-disagreement=699 same=10326 tree-difference=2
[11050/100000] reference-disagreement wide:trailing-closure:block-comment:real:ResultBuilders:680+real:MissingNodesError:235 len=643 artifacts=19 advent-overaccept=12 advent-underaccept=5 reference-disagreement=700 same=10331 tree-difference=2
[11064/100000] reference-disagreement keypath-boundary len=37 artifacts=19 advent-overaccept=12 advent-underaccept=5 reference-disagreement=701 same=10344 tree-difference=2
[11109/100000] reference-disagreement wide:trailing-closure:raw:translated:testRecovery6#1+real:SyntaxCollections:761 len=510 artifacts=19 advent-overaccept=12 advent-underaccept=5 reference-disagreement=702 same=10388 tree-difference=2
[11112/100000] reference-disagreement tspl-divergence-protocol-body len=195 artifacts=19 advent-overaccept=12 advent-underaccept=5 reference-disagreement=703 same=10390 tree-difference=2
[11119/100000] reference-disagreement wide:func-body:line-comment:real:RegexLiteralLexer:348 len=566 artifacts=19 advent-overaccept=12 advent-underaccept=5 reference-disagreement=704 same=10396 tree-difference=2
[11122/100000] reference-disagreement binding-pattern len=458 artifacts=19 advent-overaccept=12 advent-underaccept=5 reference-disagreement=705 same=10398 tree-difference=2
[11125/100000] reference-disagreement wide:after-statement:duplicate+splice:translated:testLet#1 len=79 artifacts=19 advent-overaccept=12 advent-underaccept=5 reference-disagreement=706 same=10400 tree-difference=2
[11129/100000] reference-disagreement tspl-divergence-protocol-body len=229 artifacts=19 advent-overaccept=12 advent-underaccept=5 reference-disagreement=707 same=10403 tree-difference=2
[11139/100000] reference-disagreement wide:closure:line-comment+block-comment+newline:real:SyntaxExpressibleByStringInterpolationConformances:211+translated:testMatchingPatterns12#1 len=643 artifacts=19 advent-overaccept=12 advent-underaccept=5 reference-disagreement=708 same=10412 tree-difference=2
[11146/100000] reference-disagreement wide:extension-member:raw:translated:testOperators4#1 len=194 artifacts=19 advent-overaccept=12 advent-underaccept=5 reference-disagreement=709 same=10418 tree-difference=2
[11147/100000] reference-disagreement attribute-ifconfig-elseif-list len=137 artifacts=19 advent-overaccept=12 advent-underaccept=5 reference-disagreement=710 same=10418 tree-difference=2
[11154/100000] reference-disagreement tspl-divergence-protocol-body len=89 artifacts=19 advent-overaccept=12 advent-underaccept=5 reference-disagreement=711 same=10424 tree-difference=2
[11180/100000] reference-disagreement grammarish-member-list len=314 artifacts=19 advent-overaccept=12 advent-underaccept=5 reference-disagreement=712 same=10449 tree-difference=2
[11198/100000] reference-disagreement wide:func-body:line-comment+line-comment+block-comment:real:SyntaxTraits:782+real:ConvenienceInitializers:40 len=323 artifacts=19 advent-overaccept=12 advent-underaccept=5 reference-disagreement=713 same=10466 tree-difference=2
[11199/100000] reference-disagreement func-body len=458 artifacts=19 advent-overaccept=12 advent-underaccept=5 reference-disagreement=714 same=10466 tree-difference=2
[11207/100000] reference-disagreement keypath-component-matrix len=38 artifacts=19 advent-overaccept=12 advent-underaccept=5 reference-disagreement=715 same=10473 tree-difference=2
[11250/100000] same wide:ifconfig:glue+delete:real:ConvenienceInitializers:397 len=796 artifacts=19 advent-overaccept=12 advent-underaccept=5 reference-disagreement=715 same=10516 tree-difference=2
[11258/100000] reference-disagreement wide:func-body:raw:real:ResultBuilders:72 len=142 artifacts=19 advent-overaccept=12 advent-underaccept=5 reference-disagreement=716 same=10523 tree-difference=2
[11277/100000] reference-disagreement wide:struct-member:block-comment:real:ChildNameForDiagnostics:385 len=207 artifacts=19 advent-overaccept=12 advent-underaccept=5 reference-disagreement=717 same=10541 tree-difference=2
[11294/100000] reference-disagreement cast-try-operator-cluster len=24 artifacts=19 advent-overaccept=12 advent-underaccept=5 reference-disagreement=718 same=10557 tree-difference=2
[11297/100000] reference-disagreement cast-try-operator-cluster len=24 artifacts=19 advent-overaccept=12 advent-underaccept=5 reference-disagreement=719 same=10559 tree-difference=2
[11325/100000] reference-disagreement wide:closure:keyword+keyword:real:SyntaxExpressibleByStringInterpolationConformances:43 len=95 artifacts=19 advent-overaccept=12 advent-underaccept=5 reference-disagreement=720 same=10586 tree-difference=2
[11334/100000] reference-disagreement wide:struct-member:raw:real:SyntaxTraits:856 len=79 artifacts=19 advent-overaccept=12 advent-underaccept=5 reference-disagreement=721 same=10594 tree-difference=2
[11371/100000] reference-disagreement tspl-divergence-protocol-body len=207 artifacts=19 advent-overaccept=12 advent-underaccept=5 reference-disagreement=722 same=10630 tree-difference=2
[11376/100000] reference-disagreement wide:ifconfig:newline+newline:translated:testOperatorDeclDesignatedTypes6#1 len=181 artifacts=19 advent-overaccept=12 advent-underaccept=5 reference-disagreement=723 same=10634 tree-difference=2
[11380/100000] reference-disagreement wide:closure:space+glue+keyword:real:MacroExpansionDiagnosticMessages:19 len=78 artifacts=19 advent-overaccept=12 advent-underaccept=5 reference-disagreement=724 same=10637 tree-difference=2
[11383/100000] reference-disagreement wide:trailing-closure:swap+line-comment:real:Trivia:219 len=450 artifacts=19 advent-overaccept=12 advent-underaccept=5 reference-disagreement=725 same=10639 tree-difference=2
[11388/100000] reference-disagreement keypath-component-matrix len=41 artifacts=19 advent-overaccept=12 advent-underaccept=5 reference-disagreement=726 same=10643 tree-difference=2
[11427/100000] reference-disagreement tspl-divergence-protocol-body len=142 artifacts=19 advent-overaccept=12 advent-underaccept=5 reference-disagreement=727 same=10681 tree-difference=2
[11430/100000] reference-disagreement statement-list len=534 artifacts=19 advent-overaccept=12 advent-underaccept=5 reference-disagreement=728 same=10683 tree-difference=2
[11490/100000] reference-disagreement wide:struct-member:raw:real:IdentifiableSyntax:20 len=72 artifacts=19 advent-overaccept=12 advent-underaccept=5 reference-disagreement=729 same=10742 tree-difference=2
[11500/100000] same frontier:parser-mode-scope len=58 artifacts=19 advent-overaccept=12 advent-underaccept=5 reference-disagreement=729 same=10752 tree-difference=2
[11546/100000] reference-disagreement wide:struct-member:space+newline+newline:real:SyntaxExpressibleByStringInterpolationConformances:142 len=80 artifacts=19 advent-overaccept=12 advent-underaccept=5 reference-disagreement=730 same=10797 tree-difference=2
[11595/100000] reference-disagreement wide:struct-member:newline+splice+newline:phase4-precedence:pg-two-names len=63 artifacts=19 advent-overaccept=12 advent-underaccept=5 reference-disagreement=731 same=10845 tree-difference=2
[11597/100000] reference-disagreement declaration-modifier-stack len=34 artifacts=19 advent-overaccept=12 advent-underaccept=5 reference-disagreement=732 same=10846 tree-difference=2
[11657/100000] reference-disagreement wide:func-body:raw:real:BuildableNodes:1441 len=989 artifacts=19 advent-overaccept=12 advent-underaccept=5 reference-disagreement=733 same=10905 tree-difference=2
[11659/100000] reference-disagreement wide:trailing-closure:raw:declaration:testParsePoundError#1 len=39 artifacts=19 advent-overaccept=12 advent-underaccept=5 reference-disagreement=734 same=10906 tree-difference=2
[11726/100000] reference-disagreement nested-ifconfig-boundary len=163 artifacts=19 advent-overaccept=12 advent-underaccept=5 reference-disagreement=735 same=10972 tree-difference=2
[11733/100000] reference-disagreement wide:struct-member:raw:real:Syntax+StringInterpolation:276+real:FixItApplier:139 len=411 artifacts=19 advent-overaccept=12 advent-underaccept=5 reference-disagreement=736 same=10978 tree-difference=2
[11747/100000] reference-disagreement declaration-modifier-stack len=34 artifacts=19 advent-overaccept=12 advent-underaccept=5 reference-disagreement=737 same=10991 tree-difference=2
[11749/100000] reference-disagreement declaration-modifier-stack len=34 artifacts=19 advent-overaccept=12 advent-underaccept=5 reference-disagreement=738 same=10992 tree-difference=2
[11750/100000] same generic-where len=93 artifacts=19 advent-overaccept=12 advent-underaccept=5 reference-disagreement=738 same=10993 tree-difference=2
[11766/100000] reference-disagreement tspl-divergence-accessor-commitment len=49 artifacts=19 advent-overaccept=12 advent-underaccept=5 reference-disagreement=739 same=11008 tree-difference=2
[11777/100000] reference-disagreement wide:trailing-closure:line-comment+newline:real:SyntaxCollections:934 len=513 artifacts=19 advent-overaccept=12 advent-underaccept=5 reference-disagreement=740 same=11018 tree-difference=2
[11781/100000] reference-disagreement tspl-divergence-protocol-body len=90 artifacts=19 advent-overaccept=12 advent-underaccept=5 reference-disagreement=741 same=11021 tree-difference=2
[11809/100000] reference-disagreement wide:after-statement:raw:expression:testBorrowExpression#4 len=46 artifacts=19 advent-overaccept=12 advent-underaccept=5 reference-disagreement=742 same=11048 tree-difference=2
[11821/100000] reference-disagreement wide:struct-member:raw:real:MacroReplacement:86+declaration:testSuppressedImplicitConformance#7 len=757 artifacts=19 advent-overaccept=12 advent-underaccept=5 reference-disagreement=743 same=11059 tree-difference=2
[11826/100000] reference-disagreement binding-pattern len=458 artifacts=19 advent-overaccept=12 advent-underaccept=5 reference-disagreement=744 same=11063 tree-difference=2
[11831/100000] reference-disagreement tspl-divergence-accessor-commitment len=49 artifacts=19 advent-overaccept=12 advent-underaccept=5 reference-disagreement=745 same=11067 tree-difference=2
[11856/100000] reference-disagreement tspl-divergence-protocol-body len=204 artifacts=19 advent-overaccept=12 advent-underaccept=5 reference-disagreement=746 same=11091 tree-difference=2
[11876/100000] reference-disagreement wide:struct-member:glue+newline:real:SyntaxTraits:756+declaration:testVarDeclTuple2#1 len=119 artifacts=19 advent-overaccept=12 advent-underaccept=5 reference-disagreement=747 same=11110 tree-difference=2
[11880/100000] reference-disagreement wide:func-body:newline:real:RegexLiteralLexer:339 len=330 artifacts=19 advent-overaccept=12 advent-underaccept=5 reference-disagreement=748 same=11113 tree-difference=2
[11888/100000] reference-disagreement binding-pattern len=458 artifacts=19 advent-overaccept=12 advent-underaccept=5 reference-disagreement=749 same=11120 tree-difference=2
[11914/100000] reference-disagreement wide:struct-member:raw:translated:testOriginalDefinedInAttr7#1 len=117 artifacts=19 advent-overaccept=12 advent-underaccept=5 reference-disagreement=750 same=11145 tree-difference=2
[11919/100000] reference-disagreement wide:closure:newline:translated:testOriginalDefinedInAttr11#1 len=137 artifacts=19 advent-overaccept=12 advent-underaccept=5 reference-disagreement=751 same=11149 tree-difference=2
[11938/100000] reference-disagreement wide:extension-member:block-comment:real:SyntaxTraits:722 len=82 artifacts=19 advent-overaccept=12 advent-underaccept=5 reference-disagreement=752 same=11167 tree-difference=2
[11943/100000] reference-disagreement wide:closure:raw:real:DeclSyntaxParseable:58+real:WarningControlRegions:318 len=790 artifacts=19 advent-overaccept=12 advent-underaccept=5 reference-disagreement=753 same=11171 tree-difference=2
[11946/100000] reference-disagreement wide:closure:raw:real:ResultBuilders:476+phase4-misc:consuming-param len=170 artifacts=19 advent-overaccept=12 advent-underaccept=5 reference-disagreement=754 same=11173 tree-difference=2
[11954/100000] reference-disagreement attribute-ifconfig-elseif-list len=125 artifacts=19 advent-overaccept=12 advent-underaccept=5 reference-disagreement=755 same=11180 tree-difference=2
[11965/100000] reference-disagreement wide:before-statement:raw:translated:testOperatorDeclDesignatedTypes14#1 len=76 artifacts=19 advent-overaccept=12 advent-underaccept=5 reference-disagreement=756 same=11190 tree-difference=2
[11972/100000] reference-disagreement wide:func-body:raw:real:MissingNodesError:235 len=461 artifacts=19 advent-overaccept=12 advent-underaccept=5 reference-disagreement=757 same=11196 tree-difference=2
[11973/100000] reference-disagreement wide:func-body:splice:translated:testTypeExpr8#1+real:FixIt:103 len=941 artifacts=19 advent-overaccept=12 advent-underaccept=5 reference-disagreement=758 same=11196 tree-difference=2
[11994/100000] reference-disagreement attribute-ifconfig-elseif-list len=115 artifacts=19 advent-overaccept=12 advent-underaccept=5 reference-disagreement=759 same=11216 tree-difference=2
[12000/100000] same frontier:interpolation-delimiter len=339 artifacts=19 advent-overaccept=12 advent-underaccept=5 reference-disagreement=759 same=11222 tree-difference=2
[12001/100000] reference-disagreement wide:trailing-closure:space+newline:translated:testSemicolon8#1 len=24 artifacts=19 advent-overaccept=12 advent-underaccept=5 reference-disagreement=760 same=11222 tree-difference=2
[12024/100000] reference-disagreement wide:struct-member:raw:phase4-misc:avail-cond+real:SyntaxTraits:716 len=124 artifacts=19 advent-overaccept=12 advent-underaccept=5 reference-disagreement=761 same=11244 tree-difference=2
[12026/100000] reference-disagreement tspl-divergence-protocol-body len=131 artifacts=19 advent-overaccept=12 advent-underaccept=5 reference-disagreement=762 same=11245 tree-difference=2
[12033/100000] reference-disagreement attribute-ifconfig-elseif-list len=133 artifacts=19 advent-overaccept=12 advent-underaccept=5 reference-disagreement=763 same=11251 tree-difference=2
[12040/100000] reference-disagreement wide:trailing-closure:keyword:real:LexerDiagnosticMessages:23 len=62 artifacts=19 advent-overaccept=12 advent-underaccept=5 reference-disagreement=764 same=11257 tree-difference=2
[12043/100000] reference-disagreement keypath-component-matrix len=41 artifacts=19 advent-overaccept=12 advent-underaccept=5 reference-disagreement=765 same=11259 tree-difference=2
[12057/100000] reference-disagreement wide:trailing-closure:duplicate:phase3-modifier:mutating-func len=51 artifacts=19 advent-overaccept=12 advent-underaccept=5 reference-disagreement=766 same=11272 tree-difference=2
[12085/100000] reference-disagreement tspl-divergence-protocol-body len=171 artifacts=19 advent-overaccept=12 advent-underaccept=5 reference-disagreement=767 same=11299 tree-difference=2
[12116/100000] reference-disagreement keypath-boundary len=37 artifacts=19 advent-overaccept=12 advent-underaccept=5 reference-disagreement=768 same=11329 tree-difference=2
[12195/100000] reference-disagreement wide:top:newline+newline:translated:testDollarIdentifier8#1 len=663 artifacts=19 advent-overaccept=12 advent-underaccept=5 reference-disagreement=769 same=11407 tree-difference=2
[12205/100000] reference-disagreement wide:struct-member:newline:real:OperatorTable:126 len=750 artifacts=19 advent-overaccept=12 advent-underaccept=5 reference-disagreement=770 same=11416 tree-difference=2
[12219/100000] reference-disagreement attribute-ifconfig-elseif-list len=110 artifacts=19 advent-overaccept=12 advent-underaccept=5 reference-disagreement=771 same=11429 tree-difference=2
[12250/100000] same closure-label len=61 artifacts=19 advent-overaccept=12 advent-underaccept=5 reference-disagreement=771 same=11460 tree-difference=2
[12284/100000] reference-disagreement wide:trailing-closure:line-comment:real:SwiftSyntaxCompatibility:188 len=134 artifacts=19 advent-overaccept=12 advent-underaccept=5 reference-disagreement=772 same=11493 tree-difference=2
[12310/100000] reference-disagreement wide:closure:newline:phase3-modifier:private-set+real:MacroSystem:623 len=862 artifacts=19 advent-overaccept=12 advent-underaccept=5 reference-disagreement=773 same=11518 tree-difference=2
[12314/100000] reference-disagreement wide:struct-member:raw:reject:testCoroutineAccessors#2 len=89 artifacts=19 advent-overaccept=12 advent-underaccept=5 reference-disagreement=774 same=11521 tree-difference=2
[12321/100000] reference-disagreement attribute-boundary len=37 artifacts=19 advent-overaccept=12 advent-underaccept=5 reference-disagreement=775 same=11527 tree-difference=2
[12341/100000] reference-disagreement wide:func-body:line-comment:real:SwiftSyntaxCompatibility:188 len=141 artifacts=19 advent-overaccept=12 advent-underaccept=5 reference-disagreement=776 same=11546 tree-difference=2
[12342/100000] reference-disagreement grammarish-member-list len=111 artifacts=19 advent-overaccept=12 advent-underaccept=5 reference-disagreement=777 same=11546 tree-difference=2
[12344/100000] reference-disagreement wide:struct-member:glue+glue:attribute:testDifferentiableAttribute#1 len=130 artifacts=19 advent-overaccept=12 advent-underaccept=5 reference-disagreement=778 same=11547 tree-difference=2
[12372/100000] reference-disagreement wide:struct-member:space+glue:real:Trivia:110 len=581 artifacts=19 advent-overaccept=12 advent-underaccept=5 reference-disagreement=779 same=11574 tree-difference=2
[12375/100000] reference-disagreement wide:struct-member:glue:translated:testOperatorDeclDesignatedTypes14#1 len=74 artifacts=19 advent-overaccept=12 advent-underaccept=5 reference-disagreement=780 same=11576 tree-difference=2
[12398/100000] reference-disagreement attribute-ifconfig-elseif-list len=122 artifacts=19 advent-overaccept=12 advent-underaccept=5 reference-disagreement=781 same=11598 tree-difference=2
[12419/100000] reference-disagreement grammarish-member-list len=154 artifacts=19 advent-overaccept=12 advent-underaccept=5 reference-disagreement=782 same=11618 tree-difference=2
[12421/100000] reference-disagreement wide:struct-member:delete+newline+space:real:SyntaxUtils:79 len=912 artifacts=19 advent-overaccept=12 advent-underaccept=5 reference-disagreement=783 same=11619 tree-difference=2
[12424/100000] reference-disagreement declaration-modifier-stack len=34 artifacts=19 advent-overaccept=12 advent-underaccept=5 reference-disagreement=784 same=11621 tree-difference=2
[12473/100000] reference-disagreement wide:extension-member:newline+block-comment+newline:real:SyntaxEditUtils:270 len=460 artifacts=19 advent-overaccept=12 advent-underaccept=5 reference-disagreement=785 same=11669 tree-difference=2
[12476/100000] reference-disagreement wide:func-body:line-comment:real:PackageTarget:161 len=144 artifacts=19 advent-overaccept=12 advent-underaccept=5 reference-disagreement=786 same=11671 tree-difference=2
[12484/100000] reference-disagreement wide:struct-member:raw:real:ResultBuilders:76 len=211 artifacts=19 advent-overaccept=12 advent-underaccept=5 reference-disagreement=787 same=11678 tree-difference=2
[12494/100000] reference-disagreement wide:trailing-closure:glue+block-comment:real:ResultBuilders:180+real:Trivia:210 len=449 artifacts=19 advent-overaccept=12 advent-underaccept=5 reference-disagreement=788 same=11687 tree-difference=2
[12500/100000] same wide:struct-member:newline+duplicate+space:real:Names:19+reject:testCoroutineAccessors#1 len=1011 artifacts=19 advent-overaccept=12 advent-underaccept=5 reference-disagreement=788 same=11693 tree-difference=2
[12515/100000] reference-disagreement wide:closure:block-comment:phase3-modifier:private-let len=44 artifacts=19 advent-overaccept=12 advent-underaccept=5 reference-disagreement=789 same=11707 tree-difference=2
[12547/100000] reference-disagreement wide:func-body:raw:real:ResultBuilders:280+expression:testClosureParameterWithAttribute#2 len=156 artifacts=19 advent-overaccept=12 advent-underaccept=5 reference-disagreement=790 same=11738 tree-difference=2
[12548/100000] advent-overaccept wide:func-body:newline:translated:testOperatorDeclDesignatedTypes19#1 len=59 artifacts=20 advent-overaccept=13 advent-underaccept=5 reference-disagreement=790 same=11738 tree-difference=2
[12555/100000] reference-disagreement wide:closure:duplicate:phase4-keypath:kp-rootless len=39 artifacts=20 advent-overaccept=13 advent-underaccept=5 reference-disagreement=791 same=11744 tree-difference=2
[12563/100000] reference-disagreement binding-pattern len=458 artifacts=20 advent-overaccept=13 advent-underaccept=5 reference-disagreement=792 same=11751 tree-difference=2
[12589/100000] reference-disagreement tspl-divergence-protocol-body len=235 artifacts=20 advent-overaccept=13 advent-underaccept=5 reference-disagreement=793 same=11776 tree-difference=2
[12593/100000] reference-disagreement tspl-divergence-protocol-body len=226 artifacts=20 advent-overaccept=13 advent-underaccept=5 reference-disagreement=794 same=11779 tree-difference=2
[12611/100000] reference-disagreement wide:after-statement:raw:translated:testOperatorDeclDesignatedTypes14#1 len=76 artifacts=20 advent-overaccept=13 advent-underaccept=5 reference-disagreement=795 same=11796 tree-difference=2
[12622/100000] reference-disagreement wide:struct-member:raw:phase3-branch:switch-default+translated:testModuleSelectorIncorrectRuntimeBaseAttr#1 len=116 artifacts=20 advent-overaccept=13 advent-underaccept=5 reference-disagreement=796 same=11806 tree-difference=2
[12663/100000] reference-disagreement wide:trailing-closure:block-comment+block-comment:translated:testForwardSlashRegex8#1 len=92 artifacts=20 advent-overaccept=13 advent-underaccept=5 reference-disagreement=797 same=11846 tree-difference=2
[12708/100000] reference-disagreement wide:struct-member:block-comment+newline:declaration:testParseSpecializeAttribute#1 len=1869 artifacts=20 advent-overaccept=13 advent-underaccept=5 reference-disagreement=798 same=11890 tree-difference=2
[12738/100000] reference-disagreement tspl-divergence-protocol-body len=272 artifacts=20 advent-overaccept=13 advent-underaccept=5 reference-disagreement=799 same=11919 tree-difference=2
[12742/100000] reference-disagreement wide:func-body:raw:real:RenamedChildrenBuilderCompatibility:1043+translated:testMultilineString5#1 len=1206 artifacts=20 advent-overaccept=13 advent-underaccept=5 reference-disagreement=800 same=11922 tree-difference=2
[12746/100000] reference-disagreement wide:trailing-closure:raw:real:Syntax+StringInterpolation:289 len=56 artifacts=20 advent-overaccept=13 advent-underaccept=5 reference-disagreement=801 same=11925 tree-difference=2
[12750/100000] same frontier:statement-member-context len=93 artifacts=20 advent-overaccept=13 advent-underaccept=5 reference-disagreement=801 same=11929 tree-difference=2
[12759/100000] reference-disagreement member-list-wide-boundary len=117 artifacts=20 advent-overaccept=13 advent-underaccept=5 reference-disagreement=802 same=11937 tree-difference=2
[12769/100000] reference-disagreement wide:closure:splice:real:ResultBuilders:423 len=109 artifacts=20 advent-overaccept=13 advent-underaccept=5 reference-disagreement=803 same=11946 tree-difference=2
[12803/100000] reference-disagreement declaration-modifier-stack len=34 artifacts=20 advent-overaccept=13 advent-underaccept=5 reference-disagreement=804 same=11979 tree-difference=2
[12829/100000] reference-disagreement member-list-wide-boundary len=199 artifacts=20 advent-overaccept=13 advent-underaccept=5 reference-disagreement=805 same=12004 tree-difference=2
[12836/100000] reference-disagreement wide:closure:delete+newline:real:ScopeImplementations:16 len=582 artifacts=20 advent-overaccept=13 advent-underaccept=5 reference-disagreement=806 same=12010 tree-difference=2
[12863/100000] reference-disagreement wide:extension-member:raw:real:LayoutNodes+Parsable:207 len=187 artifacts=20 advent-overaccept=13 advent-underaccept=5 reference-disagreement=807 same=12036 tree-difference=2
[12931/100000] reference-disagreement grammarish-member-list len=214 artifacts=20 advent-overaccept=13 advent-underaccept=5 reference-disagreement=808 same=12103 tree-difference=2
[12937/100000] advent-overaccept wide:extension-member:keyword:declaration:testUsing#1 len=30 artifacts=21 advent-overaccept=14 advent-underaccept=5 reference-disagreement=808 same=12108 tree-difference=2
[12945/100000] reference-disagreement grammarish-member-list len=296 artifacts=21 advent-overaccept=14 advent-underaccept=5 reference-disagreement=809 same=12115 tree-difference=2
[12948/100000] reference-disagreement wide:trailing-closure:delete+glue:real:LongTestsDisabled:19+translated:testSubscripting19#1 len=264 artifacts=21 advent-overaccept=14 advent-underaccept=5 reference-disagreement=810 same=12117 tree-difference=2
[12954/100000] reference-disagreement grammarish-member-list len=396 artifacts=21 advent-overaccept=14 advent-underaccept=5 reference-disagreement=811 same=12122 tree-difference=2
[12955/100000] reference-disagreement tspl-divergence-protocol-body len=220 artifacts=21 advent-overaccept=14 advent-underaccept=5 reference-disagreement=812 same=12122 tree-difference=2
[13000/100000] same frontier:interpolation-delimiter len=354 artifacts=21 advent-overaccept=14 advent-underaccept=5 reference-disagreement=812 same=12167 tree-difference=2
[13002/100000] reference-disagreement wide:trailing-closure:duplicate:translated:testInvalid16a#1 len=52 artifacts=21 advent-overaccept=14 advent-underaccept=5 reference-disagreement=813 same=12168 tree-difference=2
[13006/100000] reference-disagreement wide:struct-member:newline:phase3-function:func-default+real:ResultBuilders:531 len=245 artifacts=21 advent-overaccept=14 advent-underaccept=5 reference-disagreement=814 same=12171 tree-difference=2
[13009/100000] reference-disagreement wide:extension-member:glue+newline+glue:translated:testOperators5#1+real:SwiftSyntaxCompatibility:247 len=191 artifacts=21 advent-overaccept=14 advent-underaccept=5 reference-disagreement=815 same=12173 tree-difference=2
[13028/100000] reference-disagreement attribute-ifconfig-elseif-list len=126 artifacts=21 advent-overaccept=14 advent-underaccept=5 reference-disagreement=816 same=12191 tree-difference=2
[13030/100000] reference-disagreement ifconfig-member-context-boundary len=71 artifacts=21 advent-overaccept=14 advent-underaccept=5 reference-disagreement=817 same=12192 tree-difference=2
[13046/100000] reference-disagreement tspl-divergence-protocol-body len=163 artifacts=21 advent-overaccept=14 advent-underaccept=5 reference-disagreement=818 same=12207 tree-difference=2
[13052/100000] reference-disagreement tspl-divergence-protocol-body len=283 artifacts=21 advent-overaccept=14 advent-underaccept=5 reference-disagreement=819 same=12212 tree-difference=2
[13069/100000] reference-disagreement attribute-ifconfig-elseif-list len=123 artifacts=21 advent-overaccept=14 advent-underaccept=5 reference-disagreement=820 same=12228 tree-difference=2
[13088/100000] reference-disagreement wide:struct-member:raw:real:SyntaxNodeWithBody:74 len=512 artifacts=21 advent-overaccept=14 advent-underaccept=5 reference-disagreement=821 same=12246 tree-difference=2
[13101/100000] reference-disagreement wide:trailing-closure:raw:real:SyntaxCollections:1732 len=487 artifacts=21 advent-overaccept=14 advent-underaccept=5 reference-disagreement=822 same=12258 tree-difference=2
[13102/100000] reference-disagreement attribute-boundary len=32 artifacts=21 advent-overaccept=14 advent-underaccept=5 reference-disagreement=823 same=12258 tree-difference=2
[13120/100000] reference-disagreement wide:closure:space+glue:real:DeclarationMacro:36 len=195 artifacts=21 advent-overaccept=14 advent-underaccept=5 reference-disagreement=824 same=12275 tree-difference=2
[13139/100000] reference-disagreement wide:before-statement:raw:translated:testSwitch46#1+translated:testMultilineString27#1 len=140 artifacts=21 advent-overaccept=14 advent-underaccept=5 reference-disagreement=825 same=12293 tree-difference=2
[13145/100000] advent-overaccept wide:func-body:raw:real:ResultBuilders:454+declaration:testUsing#3 len=208 artifacts=22 advent-overaccept=15 advent-underaccept=5 reference-disagreement=825 same=12298 tree-difference=2
[13155/100000] reference-disagreement keypath-boundary len=38 artifacts=22 advent-overaccept=15 advent-underaccept=5 reference-disagreement=826 same=12307 tree-difference=2
[13182/100000] reference-disagreement cast-try-operator-cluster len=24 artifacts=22 advent-overaccept=15 advent-underaccept=5 reference-disagreement=827 same=12333 tree-difference=2
[13200/100000] reference-disagreement member-list-wide-boundary len=457 artifacts=22 advent-overaccept=15 advent-underaccept=5 reference-disagreement=828 same=12350 tree-difference=2
[13212/100000] reference-disagreement wide:extension-member:splice:translated:testSwitch65#1+real:SyntaxTraits:796 len=76 artifacts=22 advent-overaccept=15 advent-underaccept=5 reference-disagreement=829 same=12361 tree-difference=2
[13229/100000] reference-disagreement wide:trailing-closure:raw:real:ResultBuilders:633 len=186 artifacts=22 advent-overaccept=15 advent-underaccept=5 reference-disagreement=830 same=12377 tree-difference=2
[13250/100000] same wide:ifconfig:delete+splice+newline:translated:testModuleSelectorWhitespace#1 len=29 artifacts=22 advent-overaccept=15 advent-underaccept=5 reference-disagreement=830 same=12398 tree-difference=2
[13295/100000] reference-disagreement wide:func-body:space+block-comment+glue:real:SyntaxTraits:854+expression:testAdjacentRawStringLiterals#1 len=176 artifacts=22 advent-overaccept=15 advent-underaccept=5 reference-disagreement=831 same=12442 tree-difference=2
[13310/100000] reference-disagreement wide:trailing-closure:line-comment:real:RawSyntax:947 len=228 artifacts=22 advent-overaccept=15 advent-underaccept=5 reference-disagreement=832 same=12456 tree-difference=2
[13317/100000] reference-disagreement tspl-divergence-protocol-body len=198 artifacts=22 advent-overaccept=15 advent-underaccept=5 reference-disagreement=833 same=12462 tree-difference=2
[13322/100000] reference-disagreement grammarish-member-list len=197 artifacts=22 advent-overaccept=15 advent-underaccept=5 reference-disagreement=834 same=12466 tree-difference=2
[13348/100000] reference-disagreement wide:extension-member:raw:real:SyntaxExpressibleByStringInterpolationConformances:88 len=94 artifacts=22 advent-overaccept=15 advent-underaccept=5 reference-disagreement=835 same=12491 tree-difference=2
[13363/100000] reference-disagreement wide:ifconfig:glue:translated:testModuleSelectorAttrs#1+translated:testAvailabilityQueryUnavailability16#1 len=137 artifacts=22 advent-overaccept=15 advent-underaccept=5 reference-disagreement=836 same=12505 tree-difference=2
[13370/100000] reference-disagreement wide:ifconfig:raw:translated:testOperatorDecl3#1+real:MacroReplacement:59 len=846 artifacts=22 advent-overaccept=15 advent-underaccept=5 reference-disagreement=837 same=12511 tree-difference=2
[13373/100000] reference-disagreement tspl-divergence-protocol-body len=150 artifacts=22 advent-overaccept=15 advent-underaccept=5 reference-disagreement=838 same=12513 tree-difference=2
[13374/100000] reference-disagreement tspl-divergence-protocol-body len=225 artifacts=22 advent-overaccept=15 advent-underaccept=5 reference-disagreement=839 same=12513 tree-difference=2
[13398/100000] reference-disagreement grammarish-member-list len=175 artifacts=22 advent-overaccept=15 advent-underaccept=5 reference-disagreement=840 same=12536 tree-difference=2
[13413/100000] reference-disagreement wide:func-body:newline:real:ExtensionMacro:21 len=1078 artifacts=22 advent-overaccept=15 advent-underaccept=5 reference-disagreement=841 same=12550 tree-difference=2
[13419/100000] reference-disagreement tspl-divergence-protocol-body len=103 artifacts=22 advent-overaccept=15 advent-underaccept=5 reference-disagreement=842 same=12555 tree-difference=2
[13458/100000] reference-disagreement wide:closure:line-comment:real:BasicFormat:664+real:ConvenienceInitializers:237 len=860 artifacts=22 advent-overaccept=15 advent-underaccept=5 reference-disagreement=843 same=12593 tree-difference=2
[13466/100000] reference-disagreement keypath-boundary len=36 artifacts=22 advent-overaccept=15 advent-underaccept=5 reference-disagreement=844 same=12600 tree-difference=2
[13500/100000] same wide:after-statement:glue+block-comment:translated:testMultilineString4#1 len=51 artifacts=22 advent-overaccept=15 advent-underaccept=5 reference-disagreement=844 same=12634 tree-difference=2
[13515/100000] reference-disagreement wide:trailing-closure:space:translated:testForwardSlashRegex15#1+real:ResultBuilders:293 len=139 artifacts=22 advent-overaccept=15 advent-underaccept=5 reference-disagreement=845 same=12648 tree-difference=2
[13530/100000] reference-disagreement wide:extension-member:splice:real:Syntax+StringInterpolation:472 len=94 artifacts=22 advent-overaccept=15 advent-underaccept=5 reference-disagreement=846 same=12662 tree-difference=2
[13554/100000] reference-disagreement wide:func-body:newline:real:LexerDiagnosticMessages:30 len=293 artifacts=22 advent-overaccept=15 advent-underaccept=5 reference-disagreement=847 same=12685 tree-difference=2
[13573/100000] reference-disagreement wide:trailing-closure:line-comment:real:SyntaxBaseNodes:1346 len=686 artifacts=22 advent-overaccept=15 advent-underaccept=5 reference-disagreement=848 same=12703 tree-difference=2
[13591/100000] reference-disagreement wide:top:line-comment:real:LayoutNodes+Parsable:103+translated:testForwardSlashRegex94#1 len=211 artifacts=22 advent-overaccept=15 advent-underaccept=5 reference-disagreement=849 same=12720 tree-difference=2
[13593/100000] reference-disagreement tspl-divergence-protocol-body len=143 artifacts=22 advent-overaccept=15 advent-underaccept=5 reference-disagreement=850 same=12721 tree-difference=2
[13604/100000] reference-disagreement wide:func-body:keyword+block-comment:real:SyntaxExpressibleByStringInterpolationConformances:91 len=153 artifacts=22 advent-overaccept=15 advent-underaccept=5 reference-disagreement=851 same=12731 tree-difference=2
[13608/100000] reference-disagreement tspl-divergence-protocol-body len=76 artifacts=22 advent-overaccept=15 advent-underaccept=5 reference-disagreement=852 same=12734 tree-difference=2
[13624/100000] reference-disagreement binding-pattern len=458 artifacts=22 advent-overaccept=15 advent-underaccept=5 reference-disagreement=853 same=12749 tree-difference=2
[13653/100000] reference-disagreement statement-list len=584 artifacts=22 advent-overaccept=15 advent-underaccept=5 reference-disagreement=854 same=12777 tree-difference=2
[13662/100000] reference-disagreement statement-list len=526 artifacts=22 advent-overaccept=15 advent-underaccept=5 reference-disagreement=855 same=12785 tree-difference=2
[13693/100000] reference-disagreement binding-pattern len=458 artifacts=22 advent-overaccept=15 advent-underaccept=5 reference-disagreement=856 same=12815 tree-difference=2
[13704/100000] reference-disagreement wide:closure:space+glue:translated:testOriginalDefinedInAttr7#2+phase3-type:struct-inherit len=150 artifacts=22 advent-overaccept=15 advent-underaccept=5 reference-disagreement=857 same=12825 tree-difference=2
[13724/100000] reference-disagreement wide:func-body:block-comment:real:ResultBuilders:463 len=171 artifacts=22 advent-overaccept=15 advent-underaccept=5 reference-disagreement=858 same=12844 tree-difference=2
[13750/100000] same wide:closure:glue+newline:translated:testForwardSlashRegex2#1 len=60 artifacts=22 advent-overaccept=15 advent-underaccept=5 reference-disagreement=858 same=12870 tree-difference=2
[13753/100000] reference-disagreement wide:trailing-closure:newline:real:SyntaxCollections:826 len=491 artifacts=22 advent-overaccept=15 advent-underaccept=5 reference-disagreement=859 same=12872 tree-difference=2
[13757/100000] reference-disagreement tspl-divergence-protocol-body len=145 artifacts=22 advent-overaccept=15 advent-underaccept=5 reference-disagreement=860 same=12875 tree-difference=2
[13772/100000] reference-disagreement member-list-wide-boundary len=505 artifacts=22 advent-overaccept=15 advent-underaccept=5 reference-disagreement=861 same=12889 tree-difference=2
[13816/100000] reference-disagreement wide:struct-member:newline+newline:real:TriviaPieces:251 len=53 artifacts=22 advent-overaccept=15 advent-underaccept=5 reference-disagreement=862 same=12932 tree-difference=2
[13818/100000] reference-disagreement ifconfig-member-context-boundary len=71 artifacts=22 advent-overaccept=15 advent-underaccept=5 reference-disagreement=863 same=12933 tree-difference=2
[13827/100000] reference-disagreement tspl-divergence-protocol-body len=170 artifacts=22 advent-overaccept=15 advent-underaccept=5 reference-disagreement=864 same=12941 tree-difference=2
[13854/100000] reference-disagreement wide:after-statement:newline+splice:attribute:testImplementsAttribute#1 len=323 artifacts=22 advent-overaccept=15 advent-underaccept=5 reference-disagreement=865 same=12967 tree-difference=2
[13882/100000] reference-disagreement wide:struct-member:raw:real:SyntaxExpressibleByStringInterpolationConformances:160 len=97 artifacts=22 advent-overaccept=15 advent-underaccept=5 reference-disagreement=866 same=12994 tree-difference=2
[13909/100000] reference-disagreement wide:extension-member:glue+newline:real:SyntaxTraits:517 len=763 artifacts=22 advent-overaccept=15 advent-underaccept=5 reference-disagreement=867 same=13020 tree-difference=2
[13939/100000] reference-disagreement wide:extension-member:newline:real:IsValidIdentifier:41 len=1036 artifacts=22 advent-overaccept=15 advent-underaccept=5 reference-disagreement=868 same=13049 tree-difference=2
[13943/100000] reference-disagreement statement-list len=590 artifacts=22 advent-overaccept=15 advent-underaccept=5 reference-disagreement=869 same=13052 tree-difference=2
[13996/100000] reference-disagreement wide:ifconfig:glue+newline:translated:testSwitch41#1+translated:testDiagnoseAvailability12#1 len=780 artifacts=22 advent-overaccept=15 advent-underaccept=5 reference-disagreement=870 same=13104 tree-difference=2
[14000/100000] same wide:before-statement:block-comment+swap+space:translated:testEnumElementPatternSwift43#1+translated:testTypeExpr15#1 len=391 artifacts=22 advent-overaccept=15 advent-underaccept=5 reference-disagreement=870 same=13108 tree-difference=2
[14003/100000] advent-overaccept wide:trailing-closure:keyword+block-comment+delete:translated:testTypeExpr8#2 len=27 artifacts=23 advent-overaccept=16 advent-underaccept=5 reference-disagreement=870 same=13110 tree-difference=2
[14033/100000] reference-disagreement grammarish-member-list len=212 artifacts=23 advent-overaccept=16 advent-underaccept=5 reference-disagreement=871 same=13139 tree-difference=2
[14036/100000] reference-disagreement wide:closure:glue:real:ScopeImplementations:366 len=176 artifacts=23 advent-overaccept=16 advent-underaccept=5 reference-disagreement=872 same=13141 tree-difference=2
[14048/100000] reference-disagreement wide:func-body:block-comment+newline:real:CompilerPluginMessageHandler:144 len=542 artifacts=23 advent-overaccept=16 advent-underaccept=5 reference-disagreement=873 same=13152 tree-difference=2
[14113/100000] reference-disagreement wide:trailing-closure:raw:real:ParserDiagnosticMessages:581 len=186 artifacts=23 advent-overaccept=16 advent-underaccept=5 reference-disagreement=874 same=13216 tree-difference=2
[14122/100000] reference-disagreement wide:func-body:raw:real:SyntaxEditUtils:55 len=430 artifacts=23 advent-overaccept=16 advent-underaccept=5 reference-disagreement=875 same=13224 tree-difference=2
[14123/100000] reference-disagreement declaration-modifier-stack len=34 artifacts=23 advent-overaccept=16 advent-underaccept=5 reference-disagreement=876 same=13224 tree-difference=2
[14133/100000] reference-disagreement tspl-divergence-protocol-body len=270 artifacts=23 advent-overaccept=16 advent-underaccept=5 reference-disagreement=877 same=13233 tree-difference=2
[14149/100000] reference-disagreement wide:func-body:newline+newline:real:Syntax+StringInterpolation:283 len=62 artifacts=23 advent-overaccept=16 advent-underaccept=5 reference-disagreement=878 same=13248 tree-difference=2
[14175/100000] reference-disagreement wide:closure:newline:real:PackageDependency:85 len=215 artifacts=23 advent-overaccept=16 advent-underaccept=5 reference-disagreement=879 same=13273 tree-difference=2
[14189/100000] advent-overaccept wide:trailing-closure:block-comment+splice:real:SyntaxClassifier:32 len=539 artifacts=24 advent-overaccept=17 advent-underaccept=5 reference-disagreement=879 same=13286 tree-difference=2
[14194/100000] reference-disagreement tspl-divergence-protocol-body len=76 artifacts=24 advent-overaccept=17 advent-underaccept=5 reference-disagreement=880 same=13290 tree-difference=2
[14207/100000] reference-disagreement wide:trailing-closure:raw:real:ConvenienceInitializers:194+translated:testGuardTopLevel2#1 len=1054 artifacts=24 advent-overaccept=17 advent-underaccept=5 reference-disagreement=881 same=13302 tree-difference=2
[14218/100000] reference-disagreement wide:func-body:newline:translated:testTrailingClosures12#1+real:BasicFormat:664 len=467 artifacts=24 advent-overaccept=17 advent-underaccept=5 reference-disagreement=882 same=13312 tree-difference=2
[14222/100000] reference-disagreement wide:ifconfig:raw:translated:testEffectfulProperties5#1 len=116 artifacts=24 advent-overaccept=17 advent-underaccept=5 reference-disagreement=883 same=13315 tree-difference=2
[14233/100000] reference-disagreement statement-list len=682 artifacts=24 advent-overaccept=17 advent-underaccept=5 reference-disagreement=884 same=13325 tree-difference=2
[14250/100000] same frontier:interpolation-delimiter len=346 artifacts=24 advent-overaccept=17 advent-underaccept=5 reference-disagreement=884 same=13342 tree-difference=2
[14264/100000] reference-disagreement wide:before-statement:raw:declaration:testConstAsArgumentLabel#3 len=51 artifacts=24 advent-overaccept=17 advent-underaccept=5 reference-disagreement=885 same=13355 tree-difference=2
[14288/100000] reference-disagreement declaration-modifier-stack len=34 artifacts=24 advent-overaccept=17 advent-underaccept=5 reference-disagreement=886 same=13378 tree-difference=2
[14301/100000] advent-underaccept wide:closure:line-comment+block-comment+delete:translated:testForwardSlashRegexSkipping26#1 len=56 artifacts=25 advent-overaccept=17 advent-underaccept=6 reference-disagreement=886 same=13390 tree-difference=2
[14316/100000] reference-disagreement wide:top:keyword+swap+keyword:phase4-macro:macro-noargs+reject:testLiteralWithTrailingClosure#5 len=43 artifacts=25 advent-overaccept=17 advent-underaccept=6 reference-disagreement=887 same=13404 tree-difference=2
[14336/100000] reference-disagreement wide:extension-member:newline+swap+line-comment:translated:testOptional3b#1+declaration:testReasyncFunctions#1 len=193 artifacts=25 advent-overaccept=17 advent-underaccept=6 reference-disagreement=888 same=13423 tree-difference=2
[14340/100000] reference-disagreement member-list-wide-boundary len=143 artifacts=25 advent-overaccept=17 advent-underaccept=6 reference-disagreement=889 same=13426 tree-difference=2
[14348/100000] reference-disagreement wide:before-statement:block-comment+glue:translated:testPatternWithoutVariables5#1 len=473 artifacts=25 advent-overaccept=17 advent-underaccept=6 reference-disagreement=890 same=13433 tree-difference=2
[14351/100000] reference-disagreement wide:trailing-closure:newline:real:PluginMessages:56 len=765 artifacts=25 advent-overaccept=17 advent-underaccept=6 reference-disagreement=891 same=13435 tree-difference=2
[14356/100000] reference-disagreement wide:ifconfig:raw:translated:testInitDeinit4#1+translated:testTypeExpr25f#1 len=114 artifacts=25 advent-overaccept=17 advent-underaccept=6 reference-disagreement=892 same=13439 tree-difference=2
[14359/100000] reference-disagreement attribute-boundary len=45 artifacts=25 advent-overaccept=17 advent-underaccept=6 reference-disagreement=893 same=13441 tree-difference=2
[14413/100000] reference-disagreement wide:trailing-closure:raw:translated:testInvalid40#1+real:ParserDiagnosticMessages:675 len=612 artifacts=25 advent-overaccept=17 advent-underaccept=6 reference-disagreement=894 same=13494 tree-difference=2
[14416/100000] reference-disagreement wide:struct-member:raw:real:SyntaxExpressibleByStringInterpolationConformances:235+real:SyntaxExpressibleByStringInterpolationConformances:100 len=332 artifacts=25 advent-overaccept=17 advent-underaccept=6 reference-disagreement=895 same=13496 tree-difference=2
[14418/100000] reference-disagreement attribute-ifconfig-elseif-list len=115 artifacts=25 advent-overaccept=17 advent-underaccept=6 reference-disagreement=896 same=13497 tree-difference=2
[14449/100000] reference-disagreement attribute-ifconfig-elseif-list len=118 artifacts=25 advent-overaccept=17 advent-underaccept=6 reference-disagreement=897 same=13527 tree-difference=2
[14456/100000] reference-disagreement grammarish-member-list len=180 artifacts=25 advent-overaccept=17 advent-underaccept=6 reference-disagreement=898 same=13533 tree-difference=2
[14462/100000] reference-disagreement wide:func-body:raw:real:BuildableNodes:211+real:LookupResult:124 len=1244 artifacts=25 advent-overaccept=17 advent-underaccept=6 reference-disagreement=899 same=13538 tree-difference=2
[14472/100000] reference-disagreement wide:struct-member:line-comment+newline+space:real:MacroSystem:1555 len=453 artifacts=25 advent-overaccept=17 advent-underaccept=6 reference-disagreement=900 same=13547 tree-difference=2
[14481/100000] reference-disagreement wide:trailing-closure:space:phase4-coroutine:op-designated len=54 artifacts=25 advent-overaccept=17 advent-underaccept=6 reference-disagreement=901 same=13555 tree-difference=2
[14500/100000] same import-attribute-boundary len=29 artifacts=25 advent-overaccept=17 advent-underaccept=6 reference-disagreement=901 same=13574 tree-difference=2
[14525/100000] reference-disagreement wide:before-statement:raw:translated:testAsyncSyntax1#1+translated:testOperatorDeclDesignatedTypes16#1 len=128 artifacts=25 advent-overaccept=17 advent-underaccept=6 reference-disagreement=902 same=13598 tree-difference=2
[14553/100000] reference-disagreement wide:closure:raw:real:Parameters:37 len=88 artifacts=25 advent-overaccept=17 advent-underaccept=6 reference-disagreement=903 same=13625 tree-difference=2
[14572/100000] reference-disagreement wide:func-body:raw:translated:testTupleTypeExpr#8+real:Syntax+Assertions:38 len=152 artifacts=25 advent-overaccept=17 advent-underaccept=6 reference-disagreement=904 same=13643 tree-difference=2
[14578/100000] reference-disagreement tspl-divergence-protocol-body len=276 artifacts=25 advent-overaccept=17 advent-underaccept=6 reference-disagreement=905 same=13648 tree-difference=2
[14598/100000] reference-disagreement wide:before-statement:raw:translated:testEffectfulProperties9#1 len=137 artifacts=25 advent-overaccept=17 advent-underaccept=6 reference-disagreement=906 same=13667 tree-difference=2
[14639/100000] reference-disagreement wide:struct-member:raw:real:DeclSyntaxParseable:49 len=64 artifacts=25 advent-overaccept=17 advent-underaccept=6 reference-disagreement=907 same=13707 tree-difference=2
[14658/100000] reference-disagreement wide:trailing-closure:newline+newline+newline:real:BasicMacroExpansionContext:109+type:testNonisolatedSpecifier#10 len=354 artifacts=25 advent-overaccept=17 advent-underaccept=6 reference-disagreement=908 same=13725 tree-difference=2
[14663/100000] reference-disagreement binding-pattern len=458 artifacts=25 advent-overaccept=17 advent-underaccept=6 reference-disagreement=909 same=13729 tree-difference=2
[14671/100000] reference-disagreement attribute-ifconfig-elseif-list len=122 artifacts=25 advent-overaccept=17 advent-underaccept=6 reference-disagreement=910 same=13736 tree-difference=2
[14679/100000] reference-disagreement wide:closure:splice+glue:real:EditorPlaceholder:70 len=54 artifacts=25 advent-overaccept=17 advent-underaccept=6 reference-disagreement=911 same=13743 tree-difference=2
[14689/100000] reference-disagreement wide:closure:splice+duplicate:real:Attributes:362 len=926 artifacts=25 advent-overaccept=17 advent-underaccept=6 reference-disagreement=912 same=13752 tree-difference=2
[14714/100000] reference-disagreement tspl-divergence-protocol-body len=204 artifacts=25 advent-overaccept=17 advent-underaccept=6 reference-disagreement=913 same=13776 tree-difference=2
[14728/100000] reference-disagreement wide:func-body:raw:real:Parser:530+real:SyntaxProtocol:172 len=1716 artifacts=25 advent-overaccept=17 advent-underaccept=6 reference-disagreement=914 same=13789 tree-difference=2
[14750/100000] same wide:closure:raw:reject:testRecovery92#1 len=63 artifacts=25 advent-overaccept=17 advent-underaccept=6 reference-disagreement=914 same=13811 tree-difference=2
[14764/100000] advent-underaccept wide:before-statement:delete+newline:real:Expressions:1853 len=672 artifacts=26 advent-overaccept=17 advent-underaccept=7 reference-disagreement=914 same=13824 tree-difference=2
[14767/100000] reference-disagreement wide:trailing-closure:glue:real:ResultBuilders:599 len=225 artifacts=26 advent-overaccept=17 advent-underaccept=7 reference-disagreement=915 same=13826 tree-difference=2
[14776/100000] reference-disagreement wide:trailing-closure:glue:phase3-function:func-two-params+real:SyntaxExpressibleByStringInterpolationConformances:94 len=106 artifacts=26 advent-overaccept=17 advent-underaccept=7 reference-disagreement=916 same=13834 tree-difference=2
[14786/100000] reference-disagreement cast-try-operator-cluster len=24 artifacts=26 advent-overaccept=17 advent-underaccept=7 reference-disagreement=917 same=13843 tree-difference=2
[14792/100000] reference-disagreement tspl-divergence-protocol-body len=196 artifacts=26 advent-overaccept=17 advent-underaccept=7 reference-disagreement=918 same=13848 tree-difference=2
[14815/100000] reference-disagreement attribute-boundary len=43 artifacts=26 advent-overaccept=17 advent-underaccept=7 reference-disagreement=919 same=13870 tree-difference=2
[14823/100000] reference-disagreement grammarish-member-list len=400 artifacts=26 advent-overaccept=17 advent-underaccept=7 reference-disagreement=920 same=13877 tree-difference=2
[14832/100000] reference-disagreement attribute-boundary len=37 artifacts=26 advent-overaccept=17 advent-underaccept=7 reference-disagreement=921 same=13885 tree-difference=2
[14841/100000] reference-disagreement member-list-wide-boundary len=464 artifacts=26 advent-overaccept=17 advent-underaccept=7 reference-disagreement=922 same=13893 tree-difference=2
[14842/100000] reference-disagreement binding-pattern len=458 artifacts=26 advent-overaccept=17 advent-underaccept=7 reference-disagreement=923 same=13893 tree-difference=2
[14854/100000] reference-disagreement member-list-wide-boundary len=255 artifacts=26 advent-overaccept=17 advent-underaccept=7 reference-disagreement=924 same=13904 tree-difference=2
[14865/100000] reference-disagreement tspl-divergence-accessor-commitment len=78 artifacts=26 advent-overaccept=17 advent-underaccept=7 reference-disagreement=925 same=13914 tree-difference=2
[14867/100000] reference-disagreement tspl-divergence-protocol-body len=90 artifacts=26 advent-overaccept=17 advent-underaccept=7 reference-disagreement=926 same=13915 tree-difference=2
[14904/100000] reference-disagreement tspl-divergence-protocol-body len=130 artifacts=26 advent-overaccept=17 advent-underaccept=7 reference-disagreement=927 same=13951 tree-difference=2
[14916/100000] reference-disagreement nested-ifconfig-boundary len=163 artifacts=26 advent-overaccept=17 advent-underaccept=7 reference-disagreement=928 same=13962 tree-difference=2
[14926/100000] reference-disagreement tspl-divergence-accessor-commitment len=49 artifacts=26 advent-overaccept=17 advent-underaccept=7 reference-disagreement=929 same=13971 tree-difference=2
[14928/100000] reference-disagreement cast-try-operator-cluster len=24 artifacts=26 advent-overaccept=17 advent-underaccept=7 reference-disagreement=930 same=13972 tree-difference=2
[14935/100000] reference-disagreement member-list-wide-boundary len=294 artifacts=26 advent-overaccept=17 advent-underaccept=7 reference-disagreement=931 same=13978 tree-difference=2
[14938/100000] reference-disagreement wide:trailing-closure:space:real:StandardIOMessageConnection:29 len=44 artifacts=26 advent-overaccept=17 advent-underaccept=7 reference-disagreement=932 same=13980 tree-difference=2
[14951/100000] reference-disagreement wide:trailing-closure:raw:translated:testDiagnosticMissingFuncKeyword3#1 len=26 artifacts=26 advent-overaccept=17 advent-underaccept=7 reference-disagreement=933 same=13992 tree-difference=2
[14956/100000] reference-disagreement tspl-divergence-protocol-body len=103 artifacts=26 advent-overaccept=17 advent-underaccept=7 reference-disagreement=934 same=13996 tree-difference=2
[14979/100000] reference-disagreement tspl-divergence-protocol-body len=141 artifacts=26 advent-overaccept=17 advent-underaccept=7 reference-disagreement=935 same=14018 tree-difference=2
[14984/100000] reference-disagreement declaration-modifier-stack len=34 artifacts=26 advent-overaccept=17 advent-underaccept=7 reference-disagreement=936 same=14022 tree-difference=2
[15000/100000] same frontier:protocol-accessor-shape len=112 artifacts=26 advent-overaccept=17 advent-underaccept=7 reference-disagreement=936 same=14038 tree-difference=2
[15005/100000] reference-disagreement wide:trailing-closure:block-comment+newline+block-comment:real:SyntaxTraits:643 len=240 artifacts=26 advent-overaccept=17 advent-underaccept=7 reference-disagreement=937 same=14042 tree-difference=2
[15022/100000] reference-disagreement wide:func-body:duplicate+keyword+duplicate:translated:testAsync14#1+real:WarningControlRegions:18 len=508 artifacts=26 advent-overaccept=17 advent-underaccept=7 reference-disagreement=938 same=14058 tree-difference=2
[15085/100000] reference-disagreement wide:struct-member:raw:real:BuildableNodes:1530 len=1060 artifacts=26 advent-overaccept=17 advent-underaccept=7 reference-disagreement=939 same=14120 tree-difference=2
[15187/100000] reference-disagreement tspl-divergence-accessor-commitment len=49 artifacts=26 advent-overaccept=17 advent-underaccept=7 reference-disagreement=940 same=14221 tree-difference=2
[15190/100000] reference-disagreement wide:closure:raw:real:PackageDependency:69 len=348 artifacts=26 advent-overaccept=17 advent-underaccept=7 reference-disagreement=941 same=14223 tree-difference=2
[15201/100000] reference-disagreement wide:trailing-closure:block-comment+newline+block-comment:phase3-modifier:public-func len=41 artifacts=26 advent-overaccept=17 advent-underaccept=7 reference-disagreement=942 same=14233 tree-difference=2
[15202/100000] reference-disagreement declaration-modifier-stack len=34 artifacts=26 advent-overaccept=17 advent-underaccept=7 reference-disagreement=943 same=14233 tree-difference=2
[15207/100000] reference-disagreement wide:struct-member:space+newline:real:LayoutNodes+Parsable:207 len=181 artifacts=26 advent-overaccept=17 advent-underaccept=7 reference-disagreement=944 same=14237 tree-difference=2
[15241/100000] reference-disagreement wide:closure:splice:real:ParserDiagnosticMessages:298+real:Trivia+commentValue:128 len=947 artifacts=26 advent-overaccept=17 advent-underaccept=7 reference-disagreement=945 same=14270 tree-difference=2
[15250/100000] same wide:closure:splice+delete:translated:testForwardSlashRegex76#1 len=36 artifacts=26 advent-overaccept=17 advent-underaccept=7 reference-disagreement=945 same=14279 tree-difference=2
[15275/100000] reference-disagreement declaration-modifier-stack len=34 artifacts=26 advent-overaccept=17 advent-underaccept=7 reference-disagreement=946 same=14303 tree-difference=2
[15318/100000] reference-disagreement wide:struct-member:keyword+delete:attribute:testSemanticsAttribute#1 len=223 artifacts=26 advent-overaccept=17 advent-underaccept=7 reference-disagreement=947 same=14345 tree-difference=2
[15329/100000] reference-disagreement wide:func-body:raw:real:Expressions:2114 len=294 artifacts=26 advent-overaccept=17 advent-underaccept=7 reference-disagreement=948 same=14355 tree-difference=2
[15341/100000] reference-disagreement wide:struct-member:line-comment+splice:real:ManifestSyntaxRepresentable:41 len=161 artifacts=26 advent-overaccept=17 advent-underaccept=7 reference-disagreement=949 same=14366 tree-difference=2
[15344/100000] reference-disagreement attribute-ifconfig-elseif-list len=129 artifacts=26 advent-overaccept=17 advent-underaccept=7 reference-disagreement=950 same=14368 tree-difference=2
[15353/100000] reference-disagreement seed-corpus-structural-splice:preconcurrency-import len=96 artifacts=26 advent-overaccept=17 advent-underaccept=7 reference-disagreement=951 same=14376 tree-difference=2
[15358/100000] reference-disagreement statement-list len=564 artifacts=26 advent-overaccept=17 advent-underaccept=7 reference-disagreement=952 same=14380 tree-difference=2
[15362/100000] reference-disagreement tspl-divergence-accessor-commitment len=78 artifacts=26 advent-overaccept=17 advent-underaccept=7 reference-disagreement=953 same=14383 tree-difference=2
[15369/100000] reference-disagreement wide:struct-member:raw:phase4-precedence:pg-assoc-none len=57 artifacts=26 advent-overaccept=17 advent-underaccept=7 reference-disagreement=954 same=14389 tree-difference=2
[15380/100000] reference-disagreement wide:closure:raw:real:SyntaxEditUtils:270 len=457 artifacts=26 advent-overaccept=17 advent-underaccept=7 reference-disagreement=955 same=14399 tree-difference=2
[15393/100000] reference-disagreement wide:top:keyword+delete:translated:testSwitch46#1 len=88 artifacts=26 advent-overaccept=17 advent-underaccept=7 reference-disagreement=956 same=14411 tree-difference=2
[15472/100000] reference-disagreement wide:func-body:space:real:BuildableNodes:110 len=1060 artifacts=26 advent-overaccept=17 advent-underaccept=7 reference-disagreement=957 same=14489 tree-difference=2
[15480/100000] reference-disagreement wide:trailing-closure:glue+newline:translated:testOperators18#1 len=62 artifacts=26 advent-overaccept=17 advent-underaccept=7 reference-disagreement=958 same=14496 tree-difference=2
[15483/100000] reference-disagreement attribute-ifconfig-elseif-list len=116 artifacts=26 advent-overaccept=17 advent-underaccept=7 reference-disagreement=959 same=14498 tree-difference=2
[15489/100000] reference-disagreement wide:closure:splice:real:Declarations:19 len=593 artifacts=26 advent-overaccept=17 advent-underaccept=7 reference-disagreement=960 same=14503 tree-difference=2
[15493/100000] reference-disagreement wide:closure:raw:real:LocationMarkers:32 len=349 artifacts=26 advent-overaccept=17 advent-underaccept=7 reference-disagreement=961 same=14506 tree-difference=2
[15500/100000] same pattern-switch len=107 artifacts=26 advent-overaccept=17 advent-underaccept=7 reference-disagreement=961 same=14513 tree-difference=2
[15505/100000] reference-disagreement wide:trailing-closure:glue:real:ExpandEditorPlaceholder:506 len=50 artifacts=26 advent-overaccept=17 advent-underaccept=7 reference-disagreement=962 same=14517 tree-difference=2
[15508/100000] reference-disagreement wide:func-body:raw:real:NominalTypeDeclSyntax:16 len=320 artifacts=26 advent-overaccept=17 advent-underaccept=7 reference-disagreement=963 same=14519 tree-difference=2
[15509/100000] reference-disagreement wide:func-body:raw:real:ParserDiagnosticMessages:279 len=321 artifacts=26 advent-overaccept=17 advent-underaccept=7 reference-disagreement=964 same=14519 tree-difference=2
[15533/100000] reference-disagreement wide:trailing-closure:newline+space:real:SourceLocation:484 len=573 artifacts=26 advent-overaccept=17 advent-underaccept=7 reference-disagreement=965 same=14542 tree-difference=2
[15553/100000] reference-disagreement wide:func-body:newline:real:SyntaxExtensions:217 len=436 artifacts=26 advent-overaccept=17 advent-underaccept=7 reference-disagreement=966 same=14561 tree-difference=2
[15567/100000] reference-disagreement declaration-modifier-stack len=34 artifacts=26 advent-overaccept=17 advent-underaccept=7 reference-disagreement=967 same=14574 tree-difference=2
[15579/100000] reference-disagreement wide:before-statement:glue:translated:testInitDeinit28#1 len=62 artifacts=26 advent-overaccept=17 advent-underaccept=7 reference-disagreement=968 same=14585 tree-difference=2
[15609/100000] reference-disagreement grammarish-member-list len=361 artifacts=26 advent-overaccept=17 advent-underaccept=7 reference-disagreement=969 same=14614 tree-difference=2
[15634/100000] reference-disagreement attribute-ifconfig-elseif-list len=125 artifacts=26 advent-overaccept=17 advent-underaccept=7 reference-disagreement=970 same=14638 tree-difference=2
[15639/100000] reference-disagreement wide:struct-member:space:real:SwiftVersion:13 len=160 artifacts=26 advent-overaccept=17 advent-underaccept=7 reference-disagreement=971 same=14642 tree-difference=2
[15678/100000] reference-disagreement wide:ifconfig:newline+duplicate:real:LayoutNodes+Parsable:119 len=213 artifacts=26 advent-overaccept=17 advent-underaccept=7 reference-disagreement=972 same=14680 tree-difference=2
[15680/100000] reference-disagreement grammarish-member-list len=360 artifacts=26 advent-overaccept=17 advent-underaccept=7 reference-disagreement=973 same=14681 tree-difference=2
[15687/100000] reference-disagreement grammarish-member-list len=235 artifacts=26 advent-overaccept=17 advent-underaccept=7 reference-disagreement=974 same=14687 tree-difference=2
[15697/100000] reference-disagreement wide:closure:newline+glue:translated:testForwardSlashRegex8#1 len=90 artifacts=26 advent-overaccept=17 advent-underaccept=7 reference-disagreement=975 same=14696 tree-difference=2
[15724/100000] reference-disagreement binding-pattern len=458 artifacts=26 advent-overaccept=17 advent-underaccept=7 reference-disagreement=976 same=14722 tree-difference=2
[15740/100000] reference-disagreement wide:trailing-closure:raw:declaration:testPublicClass#1 len=40 artifacts=26 advent-overaccept=17 advent-underaccept=7 reference-disagreement=977 same=14737 tree-difference=2
[15750/100000] same frontier:parser-mode-scope len=58 artifacts=26 advent-overaccept=17 advent-underaccept=7 reference-disagreement=977 same=14747 tree-difference=2
[15772/100000] reference-disagreement wide:struct-member:line-comment+newline:real:GrammarNode:62+real:Names:19 len=1257 artifacts=26 advent-overaccept=17 advent-underaccept=7 reference-disagreement=978 same=14768 tree-difference=2
[15804/100000] reference-disagreement wide:extension-member:raw:real:LayoutNodes+Parsable:111 len=200 artifacts=26 advent-overaccept=17 advent-underaccept=7 reference-disagreement=979 same=14799 tree-difference=2
[15814/100000] reference-disagreement tspl-divergence-protocol-body len=216 artifacts=26 advent-overaccept=17 advent-underaccept=7 reference-disagreement=980 same=14808 tree-difference=2
[15839/100000] reference-disagreement wide:trailing-closure:block-comment+newline+block-comment:real:BuildableNodes:1301 len=1068 artifacts=26 advent-overaccept=17 advent-underaccept=7 reference-disagreement=981 same=14832 tree-difference=2
[15887/100000] reference-disagreement member-list-wide-boundary len=391 artifacts=26 advent-overaccept=17 advent-underaccept=7 reference-disagreement=982 same=14879 tree-difference=2
[15896/100000] reference-disagreement wide:func-body:block-comment:translated:testMatchingPatterns5#1+real:ResultBuilders:163 len=185 artifacts=26 advent-overaccept=17 advent-underaccept=7 reference-disagreement=983 same=14887 tree-difference=2
[15900/100000] reference-disagreement member-list-wide-boundary len=273 artifacts=26 advent-overaccept=17 advent-underaccept=7 reference-disagreement=984 same=14890 tree-difference=2
[15903/100000] reference-disagreement wide:extension-member:duplicate+swap:declaration:testCoroutineAccessors#2 len=161 artifacts=26 advent-overaccept=17 advent-underaccept=7 reference-disagreement=985 same=14892 tree-difference=2
[15933/100000] reference-disagreement wide:trailing-closure:raw:real:SyntaxBaseNodes:1183 len=75 artifacts=26 advent-overaccept=17 advent-underaccept=7 reference-disagreement=986 same=14921 tree-difference=2
[15937/100000] reference-disagreement grammarish-member-list len=293 artifacts=26 advent-overaccept=17 advent-underaccept=7 reference-disagreement=987 same=14924 tree-difference=2
[15953/100000] reference-disagreement declaration-modifier-stack len=34 artifacts=26 advent-overaccept=17 advent-underaccept=7 reference-disagreement=988 same=14939 tree-difference=2
[15957/100000] reference-disagreement wide:ifconfig:line-comment+block-comment+duplicate:translated:testEnum71#1+phase4-macro:borrow len=117 artifacts=26 advent-overaccept=17 advent-underaccept=7 reference-disagreement=989 same=14942 tree-difference=2
[15969/100000] reference-disagreement member-list-wide-boundary len=371 artifacts=26 advent-overaccept=17 advent-underaccept=7 reference-disagreement=990 same=14953 tree-difference=2
[15998/100000] reference-disagreement wide:trailing-closure:raw:real:SourcePresence:17 len=222 artifacts=26 advent-overaccept=17 advent-underaccept=7 reference-disagreement=991 same=14981 tree-difference=2
[16000/100000] same trailing-closure-boundary len=108 artifacts=26 advent-overaccept=17 advent-underaccept=7 reference-disagreement=991 same=14983 tree-difference=2
[16004/100000] reference-disagreement wide:func-body:splice+line-comment+splice:declaration:testVariableDeclarations#9 len=134 artifacts=26 advent-overaccept=17 advent-underaccept=7 reference-disagreement=992 same=14986 tree-difference=2
[16006/100000] reference-disagreement tspl-divergence-protocol-body len=123 artifacts=26 advent-overaccept=17 advent-underaccept=7 reference-disagreement=993 same=14987 tree-difference=2
[16013/100000] reference-disagreement attribute-ifconfig-elseif-list len=140 artifacts=26 advent-overaccept=17 advent-underaccept=7 reference-disagreement=994 same=14993 tree-difference=2
[16015/100000] reference-disagreement declaration-modifier-stack len=34 artifacts=26 advent-overaccept=17 advent-underaccept=7 reference-disagreement=995 same=14994 tree-difference=2
[16017/100000] advent-overaccept wide:trailing-closure:block-comment:translated:testForwardSlashRegexSkipping32#1 len=34 artifacts=27 advent-overaccept=18 advent-underaccept=7 reference-disagreement=995 same=14995 tree-difference=2
[16018/100000] reference-disagreement wide:trailing-closure:splice:real:ResultBuilderExtensions:117 len=348 artifacts=27 advent-overaccept=18 advent-underaccept=7 reference-disagreement=996 same=14995 tree-difference=2
[16025/100000] reference-disagreement wide:func-body:block-comment:real:ResultBuilderExtensions:97 len=395 artifacts=27 advent-overaccept=18 advent-underaccept=7 reference-disagreement=997 same=15001 tree-difference=2
[16040/100000] reference-disagreement wide:trailing-closure:raw:real:SyntaxNodeWithBody:51 len=766 artifacts=27 advent-overaccept=18 advent-underaccept=7 reference-disagreement=998 same=15015 tree-difference=2
[16050/100000] reference-disagreement wide:closure:keyword:real:SyntaxCollections:705 len=497 artifacts=27 advent-overaccept=18 advent-underaccept=7 reference-disagreement=999 same=15024 tree-difference=2
[16069/100000] reference-disagreement wide:closure:newline:attribute:testABIAttribute#12 len=48 artifacts=27 advent-overaccept=18 advent-underaccept=7 reference-disagreement=1000 same=15042 tree-difference=2
[16072/100000] reference-disagreement wide:extension-member:glue+glue+newline:real:ValidatingSyntaxNodes:40 len=973 artifacts=27 advent-overaccept=18 advent-underaccept=7 reference-disagreement=1001 same=15044 tree-difference=2
[16108/100000] reference-disagreement grammarish-member-list len=144 artifacts=27 advent-overaccept=18 advent-underaccept=7 reference-disagreement=1002 same=15079 tree-difference=2
[16132/100000] reference-disagreement wide:extension-member:line-comment:real:ResultBuilders:180 len=208 artifacts=27 advent-overaccept=18 advent-underaccept=7 reference-disagreement=1003 same=15102 tree-difference=2
[16160/100000] reference-disagreement wide:extension-member:raw:real:SyntaxText:198 len=1241 artifacts=27 advent-overaccept=18 advent-underaccept=7 reference-disagreement=1004 same=15129 tree-difference=2
[16167/100000] reference-disagreement tspl-divergence-accessor-commitment len=78 artifacts=27 advent-overaccept=18 advent-underaccept=7 reference-disagreement=1005 same=15135 tree-difference=2
[16178/100000] reference-disagreement ifconfig-member-context-boundary len=77 artifacts=27 advent-overaccept=18 advent-underaccept=7 reference-disagreement=1006 same=15145 tree-difference=2
[16185/100000] reference-disagreement tspl-divergence-accessor-commitment len=78 artifacts=27 advent-overaccept=18 advent-underaccept=7 reference-disagreement=1007 same=15151 tree-difference=2
[16202/100000] reference-disagreement member-list-wide-boundary len=129 artifacts=27 advent-overaccept=18 advent-underaccept=7 reference-disagreement=1008 same=15167 tree-difference=2
[16250/100000] same statement-control-boundary len=533 artifacts=27 advent-overaccept=18 advent-underaccept=7 reference-disagreement=1008 same=15215 tree-difference=2
[16255/100000] reference-disagreement wide:closure:block-comment:real:SyntaxCollections:251 len=493 artifacts=27 advent-overaccept=18 advent-underaccept=7 reference-disagreement=1009 same=15219 tree-difference=2
[16258/100000] reference-disagreement tspl-divergence-protocol-body len=236 artifacts=27 advent-overaccept=18 advent-underaccept=7 reference-disagreement=1010 same=15221 tree-difference=2
[16269/100000] reference-disagreement wide:closure:keyword+newline:real:SyntaxTraits:784 len=59 artifacts=27 advent-overaccept=18 advent-underaccept=7 reference-disagreement=1011 same=15231 tree-difference=2
[16272/100000] reference-disagreement wide:trailing-closure:line-comment+glue:real:Diagnostic:97 len=301 artifacts=27 advent-overaccept=18 advent-underaccept=7 reference-disagreement=1012 same=15233 tree-difference=2
[16305/100000] reference-disagreement wide:closure:space:real:RawSyntaxNodesEF:17 len=90 artifacts=27 advent-overaccept=18 advent-underaccept=7 reference-disagreement=1013 same=15265 tree-difference=2
[16316/100000] reference-disagreement tspl-divergence-protocol-body len=136 artifacts=27 advent-overaccept=18 advent-underaccept=7 reference-disagreement=1014 same=15275 tree-difference=2
[16319/100000] reference-disagreement tspl-divergence-protocol-body len=162 artifacts=27 advent-overaccept=18 advent-underaccept=7 reference-disagreement=1015 same=15277 tree-difference=2
[16336/100000] reference-disagreement member-list-wide-boundary len=244 artifacts=27 advent-overaccept=18 advent-underaccept=7 reference-disagreement=1016 same=15293 tree-difference=2
[16354/100000] reference-disagreement wide:trailing-closure:line-comment:real:SyntaxTraits:460 len=420 artifacts=27 advent-overaccept=18 advent-underaccept=7 reference-disagreement=1017 same=15310 tree-difference=2
[16357/100000] reference-disagreement wide:extension-member:raw:real:RawSyntax:367 len=657 artifacts=27 advent-overaccept=18 advent-underaccept=7 reference-disagreement=1018 same=15312 tree-difference=2
[16365/100000] reference-disagreement wide:func-body:glue:real:Parameters:56 len=86 artifacts=27 advent-overaccept=18 advent-underaccept=7 reference-disagreement=1019 same=15319 tree-difference=2
[16370/100000] reference-disagreement wide:extension-member:block-comment:real:ResultBuilders:493 len=201 artifacts=27 advent-overaccept=18 advent-underaccept=7 reference-disagreement=1020 same=15323 tree-difference=2
[16402/100000] reference-disagreement wide:func-body:raw:translated:testForwardSlashRegex1#1 len=72 artifacts=27 advent-overaccept=18 advent-underaccept=7 reference-disagreement=1021 same=15354 tree-difference=2
[16405/100000] reference-disagreement attribute-ifconfig-elseif-list len=136 artifacts=27 advent-overaccept=18 advent-underaccept=7 reference-disagreement=1022 same=15356 tree-difference=2
[16413/100000] reference-disagreement wide:trailing-closure:raw:translated:testInvalid39#1 len=37 artifacts=27 advent-overaccept=18 advent-underaccept=7 reference-disagreement=1023 same=15363 tree-difference=2
[16434/100000] reference-disagreement seed-corpus-wrapped:preconcurrency-import len=50 artifacts=27 advent-overaccept=18 advent-underaccept=7 reference-disagreement=1024 same=15383 tree-difference=2
[16452/100000] advent-overaccept wide:closure:swap:real:CustomTraits:24 len=182 artifacts=28 advent-overaccept=19 advent-underaccept=7 reference-disagreement=1024 same=15400 tree-difference=2
[16458/100000] reference-disagreement wide:trailing-closure:newline:attribute:testSpiAttributeWithoutParameter#1 len=30 artifacts=28 advent-overaccept=19 advent-underaccept=7 reference-disagreement=1025 same=15405 tree-difference=2
[16466/100000] reference-disagreement attribute-ifconfig-elseif-list len=144 artifacts=28 advent-overaccept=19 advent-underaccept=7 reference-disagreement=1026 same=15412 tree-difference=2
[16482/100000] reference-disagreement attribute-ifconfig-elseif-list len=104 artifacts=28 advent-overaccept=19 advent-underaccept=7 reference-disagreement=1027 same=15427 tree-difference=2
[16486/100000] reference-disagreement wide:ifconfig:splice+keyword:real:SyntaxTraits:842 len=57 artifacts=28 advent-overaccept=19 advent-underaccept=7 reference-disagreement=1028 same=15430 tree-difference=2
[16489/100000] reference-disagreement wide:after-statement:raw:translated:testSwitch76#1 len=95 artifacts=28 advent-overaccept=19 advent-underaccept=7 reference-disagreement=1029 same=15432 tree-difference=2
[16497/100000] reference-disagreement wide:extension-member:splice+duplicate+splice:phase4-string:raw-simple len=51 artifacts=28 advent-overaccept=19 advent-underaccept=7 reference-disagreement=1030 same=15439 tree-difference=2
[16500/100000] same wide:interpolation:keyword:reject:testTypedThrowsPlacedAfterArrow#1+real:Message:38 len=418 artifacts=28 advent-overaccept=19 advent-underaccept=7 reference-disagreement=1030 same=15442 tree-difference=2
[16519/100000] reference-disagreement wide:after-statement:raw:translated:testSubscripting19#1 len=104 artifacts=28 advent-overaccept=19 advent-underaccept=7 reference-disagreement=1031 same=15460 tree-difference=2
[16534/100000] advent-overaccept wide:after-statement:line-comment+block-comment:reject:testConflictMarkers15#1 len=100 artifacts=29 advent-overaccept=20 advent-underaccept=7 reference-disagreement=1031 same=15474 tree-difference=2
[16550/100000] reference-disagreement wide:func-body:splice+space+delete:real:ApusTerminals:101+real:ActiveSyntaxRewriter:433 len=706 artifacts=29 advent-overaccept=20 advent-underaccept=7 reference-disagreement=1032 same=15489 tree-difference=2
[16558/100000] reference-disagreement member-list-wide-boundary len=319 artifacts=29 advent-overaccept=20 advent-underaccept=7 reference-disagreement=1033 same=15496 tree-difference=2
[16570/100000] reference-disagreement wide:trailing-closure:glue:reject:testKeyPathMethodAndInitializers#3 len=27 artifacts=29 advent-overaccept=20 advent-underaccept=7 reference-disagreement=1034 same=15507 tree-difference=2
[16609/100000] reference-disagreement grammarish-member-list len=246 artifacts=29 advent-overaccept=20 advent-underaccept=7 reference-disagreement=1035 same=15545 tree-difference=2
[16620/100000] reference-disagreement wide:func-body:line-comment:real:SyntaxTraits:740 len=105 artifacts=29 advent-overaccept=20 advent-underaccept=7 reference-disagreement=1036 same=15555 tree-difference=2
[16630/100000] reference-disagreement wide:func-body:newline+glue:phase3-modifier:public-struct len=34 artifacts=29 advent-overaccept=20 advent-underaccept=7 reference-disagreement=1037 same=15564 tree-difference=2
[16674/100000] reference-disagreement wide:trailing-closure:space+glue:real:StringExtensions:38 len=469 artifacts=29 advent-overaccept=20 advent-underaccept=7 reference-disagreement=1038 same=15607 tree-difference=2
[16693/100000] reference-disagreement wide:trailing-closure:keyword+newline:real:SyntaxUtils:25 len=269 artifacts=29 advent-overaccept=20 advent-underaccept=7 reference-disagreement=1039 same=15625 tree-difference=2
[16716/100000] reference-disagreement wide:struct-member:space+block-comment:real:SyntaxExpressibleByStringInterpolationConformances:160+real:Indenter:19 len=418 artifacts=29 advent-overaccept=20 advent-underaccept=7 reference-disagreement=1040 same=15647 tree-difference=2
[16731/100000] reference-disagreement attribute-ifconfig-elseif-list len=121 artifacts=29 advent-overaccept=20 advent-underaccept=7 reference-disagreement=1041 same=15661 tree-difference=2
[16739/100000] reference-disagreement tspl-divergence-protocol-body len=177 artifacts=29 advent-overaccept=20 advent-underaccept=7 reference-disagreement=1042 same=15668 tree-difference=2
[16750/100000] same protocol-requirement-boundary len=96 artifacts=29 advent-overaccept=20 advent-underaccept=7 reference-disagreement=1042 same=15679 tree-difference=2
[16778/100000] reference-disagreement binding-pattern len=458 artifacts=29 advent-overaccept=20 advent-underaccept=7 reference-disagreement=1043 same=15706 tree-difference=2
[16818/100000] reference-disagreement grammarish-member-list len=128 artifacts=29 advent-overaccept=20 advent-underaccept=7 reference-disagreement=1044 same=15745 tree-difference=2
[16853/100000] reference-disagreement wide:closure:block-comment:real:SyntaxExpressibleByStringInterpolationConformances:142 len=90 artifacts=29 advent-overaccept=20 advent-underaccept=7 reference-disagreement=1045 same=15779 tree-difference=2
[16891/100000] reference-disagreement wide:top:delete+newline:reject:testRecovery35#1 len=4 artifacts=29 advent-overaccept=20 advent-underaccept=7 reference-disagreement=1046 same=15816 tree-difference=2
[16923/100000] reference-disagreement wide:trailing-closure:newline:real:StandardIOMessageConnection:168 len=387 artifacts=29 advent-overaccept=20 advent-underaccept=7 reference-disagreement=1047 same=15847 tree-difference=2
[16948/100000] reference-disagreement member-list-wide-boundary len=302 artifacts=29 advent-overaccept=20 advent-underaccept=7 reference-disagreement=1048 same=15871 tree-difference=2
[16950/100000] reference-disagreement grammarish-member-list len=237 artifacts=29 advent-overaccept=20 advent-underaccept=7 reference-disagreement=1049 same=15872 tree-difference=2
[16974/100000] reference-disagreement wide:trailing-closure:space:real:ResultBuilders:388 len=202 artifacts=29 advent-overaccept=20 advent-underaccept=7 reference-disagreement=1050 same=15895 tree-difference=2
[17000/100000] same try-boundary len=23 artifacts=29 advent-overaccept=20 advent-underaccept=7 reference-disagreement=1050 same=15921 tree-difference=2
[17002/100000] reference-disagreement wide:top:duplicate:real:RefactoringProvider:50 len=565 artifacts=29 advent-overaccept=20 advent-underaccept=7 reference-disagreement=1051 same=15922 tree-difference=2
[17028/100000] reference-disagreement wide:extension-member:newline+line-comment:real:Parameters:56 len=95 artifacts=29 advent-overaccept=20 advent-underaccept=7 reference-disagreement=1052 same=15947 tree-difference=2
[17030/100000] reference-disagreement wide:trailing-closure:raw:real:ValidatingSyntaxNodes:40 len=963 artifacts=29 advent-overaccept=20 advent-underaccept=7 reference-disagreement=1053 same=15948 tree-difference=2
[17032/100000] reference-disagreement wide:func-body:keyword+splice:real:SyntaxExpressibleByStringInterpolationConformances:82 len=175 artifacts=29 advent-overaccept=20 advent-underaccept=7 reference-disagreement=1054 same=15949 tree-difference=2
[17033/100000] reference-disagreement wide:func-body:raw:real:ResultBuilders:566+real:MacroExpansionDiagnosticMessages:19 len=213 artifacts=29 advent-overaccept=20 advent-underaccept=7 reference-disagreement=1055 same=15949 tree-difference=2
[17034/100000] reference-disagreement tspl-divergence-protocol-body len=160 artifacts=29 advent-overaccept=20 advent-underaccept=7 reference-disagreement=1056 same=15949 tree-difference=2
[17041/100000] reference-disagreement wide:closure:line-comment+space:real:RenamedChildrenBuilderCompatibility:547 len=1050 artifacts=29 advent-overaccept=20 advent-underaccept=7 reference-disagreement=1057 same=15955 tree-difference=2
[17042/100000] reference-disagreement wide:closure:newline:real:IdentifiableSyntax:28 len=143 artifacts=29 advent-overaccept=20 advent-underaccept=7 reference-disagreement=1058 same=15955 tree-difference=2
[17046/100000] reference-disagreement wide:struct-member:delete:attribute:testMacroRoleNames#8 len=77 artifacts=29 advent-overaccept=20 advent-underaccept=7 reference-disagreement=1059 same=15958 tree-difference=2
[17054/100000] reference-disagreement attribute-ifconfig-elseif-list len=140 artifacts=29 advent-overaccept=20 advent-underaccept=7 reference-disagreement=1060 same=15965 tree-difference=2
[17057/100000] reference-disagreement attribute-ifconfig-elseif-list len=127 artifacts=29 advent-overaccept=20 advent-underaccept=7 reference-disagreement=1061 same=15967 tree-difference=2
[17058/100000] reference-disagreement tspl-divergence-protocol-body len=249 artifacts=29 advent-overaccept=20 advent-underaccept=7 reference-disagreement=1062 same=15967 tree-difference=2
[17078/100000] reference-disagreement wide:before-statement:glue:declaration:testModifiedParameter#7 len=68 artifacts=29 advent-overaccept=20 advent-underaccept=7 reference-disagreement=1063 same=15986 tree-difference=2
[17126/100000] reference-disagreement attribute-ifconfig-elseif-list len=129 artifacts=29 advent-overaccept=20 advent-underaccept=7 reference-disagreement=1064 same=16033 tree-difference=2
[17138/100000] reference-disagreement attribute-ifconfig-elseif-list len=125 artifacts=29 advent-overaccept=20 advent-underaccept=7 reference-disagreement=1065 same=16044 tree-difference=2
[17141/100000] reference-disagreement declaration-modifier-stack len=34 artifacts=29 advent-overaccept=20 advent-underaccept=7 reference-disagreement=1066 same=16046 tree-difference=2
[17165/100000] reference-disagreement wide:closure:splice+line-comment:real:MacroExpansionDiagnosticMessages:45 len=380 artifacts=29 advent-overaccept=20 advent-underaccept=7 reference-disagreement=1067 same=16069 tree-difference=2
[17176/100000] reference-disagreement grammarish-member-list len=284 artifacts=29 advent-overaccept=20 advent-underaccept=7 reference-disagreement=1068 same=16079 tree-difference=2
[17193/100000] reference-disagreement wide:closure:keyword:real:OperatorError+Diagnostics:56+expression:testTrySwitch2#1 len=899 artifacts=29 advent-overaccept=20 advent-underaccept=7 reference-disagreement=1069 same=16095 tree-difference=2
[17217/100000] reference-disagreement wide:ifconfig:newline+line-comment+space:declaration:testOpenVarInCodeBlockItemList#1 len=56 artifacts=29 advent-overaccept=20 advent-underaccept=7 reference-disagreement=1070 same=16118 tree-difference=2
[17223/100000] reference-disagreement wide:struct-member:raw:declaration:testReasyncFunctions#1 len=161 artifacts=29 advent-overaccept=20 advent-underaccept=7 reference-disagreement=1071 same=16123 tree-difference=2
[17233/100000] reference-disagreement wide:extension-member:raw:real:Names:19 len=937 artifacts=29 advent-overaccept=20 advent-underaccept=7 reference-disagreement=1072 same=16132 tree-difference=2
[17245/100000] reference-disagreement wide:extension-member:space:real:RawSyntax:958 len=361 artifacts=29 advent-overaccept=20 advent-underaccept=7 reference-disagreement=1073 same=16143 tree-difference=2
[17250/100000] same member-keyword len=33 artifacts=29 advent-overaccept=20 advent-underaccept=7 reference-disagreement=1073 same=16148 tree-difference=2
[17283/100000] reference-disagreement declaration-modifier-stack len=34 artifacts=29 advent-overaccept=20 advent-underaccept=7 reference-disagreement=1074 same=16180 tree-difference=2
[17308/100000] reference-disagreement tspl-divergence-protocol-body len=151 artifacts=29 advent-overaccept=20 advent-underaccept=7 reference-disagreement=1075 same=16204 tree-difference=2
[17310/100000] reference-disagreement attribute-ifconfig-elseif-list len=118 artifacts=29 advent-overaccept=20 advent-underaccept=7 reference-disagreement=1076 same=16205 tree-difference=2
[17316/100000] reference-disagreement wide:top:raw:attribute:testSilgenName#1 len=85 artifacts=29 advent-overaccept=20 advent-underaccept=7 reference-disagreement=1077 same=16210 tree-difference=2
[17368/100000] reference-disagreement statement-list len=458 artifacts=29 advent-overaccept=20 advent-underaccept=7 reference-disagreement=1078 same=16261 tree-difference=2
[17387/100000] reference-disagreement ifconfig-member-context-boundary len=72 artifacts=29 advent-overaccept=20 advent-underaccept=7 reference-disagreement=1079 same=16279 tree-difference=2
[17402/100000] reference-disagreement wide:func-body:space+keyword:real:ResultBuilders:219+translated:testGenericDisambiguation14#1 len=244 artifacts=29 advent-overaccept=20 advent-underaccept=7 reference-disagreement=1080 same=16293 tree-difference=2
[17448/100000] reference-disagreement keypath-component-matrix len=49 artifacts=29 advent-overaccept=20 advent-underaccept=7 reference-disagreement=1081 same=16338 tree-difference=2
[17456/100000] reference-disagreement keypath-component-matrix len=44 artifacts=29 advent-overaccept=20 advent-underaccept=7 reference-disagreement=1082 same=16345 tree-difference=2
[17490/100000] reference-disagreement wide:func-body:space:real:OperatorTable+Folding:19 len=219 artifacts=29 advent-overaccept=20 advent-underaccept=7 reference-disagreement=1083 same=16378 tree-difference=2
[17500/100000] reference-disagreement grammarish-member-list len=128 artifacts=29 advent-overaccept=20 advent-underaccept=7 reference-disagreement=1084 same=16387 tree-difference=2
[17504/100000] reference-disagreement wide:trailing-closure:glue+block-comment:real:SyntaxExpressibleByStringInterpolationConformances:67 len=107 artifacts=29 advent-overaccept=20 advent-underaccept=7 reference-disagreement=1085 same=16390 tree-difference=2
[17537/100000] reference-disagreement member-list-wide-boundary len=195 artifacts=29 advent-overaccept=20 advent-underaccept=7 reference-disagreement=1086 same=16422 tree-difference=2
[17544/100000] reference-disagreement wide:func-body:raw:real:ResultBuilders:245 len=226 artifacts=29 advent-overaccept=20 advent-underaccept=7 reference-disagreement=1087 same=16428 tree-difference=2
[17545/100000] reference-disagreement tspl-divergence-protocol-body len=251 artifacts=29 advent-overaccept=20 advent-underaccept=7 reference-disagreement=1088 same=16428 tree-difference=2
[17579/100000] reference-disagreement wide:func-body:newline+keyword+newline:real:ParserDiagnosticMessages:505 len=323 artifacts=29 advent-overaccept=20 advent-underaccept=7 reference-disagreement=1089 same=16461 tree-difference=2
[17630/100000] reference-disagreement wide:top:raw:statement:testSwitch#2 len=37 artifacts=29 advent-overaccept=20 advent-underaccept=7 reference-disagreement=1090 same=16511 tree-difference=2
[17650/100000] reference-disagreement grammarish-member-list len=248 artifacts=29 advent-overaccept=20 advent-underaccept=7 reference-disagreement=1091 same=16530 tree-difference=2
[17697/100000] reference-disagreement wide:func-body:raw:translated:testInvalidStringInterpolationProtocol5#1+real:DeclSyntaxParseable:52 len=309 artifacts=29 advent-overaccept=20 advent-underaccept=7 reference-disagreement=1092 same=16576 tree-difference=2
[17701/100000] reference-disagreement wide:func-body:raw:real:ScopeImplementations:208 len=462 artifacts=29 advent-overaccept=20 advent-underaccept=7 reference-disagreement=1093 same=16579 tree-difference=2
[17717/100000] reference-disagreement grammarish-member-list len=419 artifacts=29 advent-overaccept=20 advent-underaccept=7 reference-disagreement=1094 same=16594 tree-difference=2
[17723/100000] reference-disagreement wide:trailing-closure:raw:real:CollectionNodes+Parsable:63 len=855 artifacts=29 advent-overaccept=20 advent-underaccept=7 reference-disagreement=1095 same=16599 tree-difference=2
[17739/100000] reference-disagreement wide:struct-member:block-comment:real:SyntaxTraits:786 len=90 artifacts=29 advent-overaccept=20 advent-underaccept=7 reference-disagreement=1096 same=16614 tree-difference=2
[17750/100000] same wide:ifconfig:raw:translated:testRegexParseError13#1 len=30 artifacts=29 advent-overaccept=20 advent-underaccept=7 reference-disagreement=1096 same=16625 tree-difference=2
[17802/100000] reference-disagreement member-list-wide-boundary len=383 artifacts=29 advent-overaccept=20 advent-underaccept=7 reference-disagreement=1097 same=16676 tree-difference=2
[17804/100000] reference-disagreement wide:closure:space:real:SyntaxTraits:808 len=72 artifacts=29 advent-overaccept=20 advent-underaccept=7 reference-disagreement=1098 same=16677 tree-difference=2
[17806/100000] reference-disagreement wide:top:keyword:translated:testTypeExpr5#1 len=29 artifacts=29 advent-overaccept=20 advent-underaccept=7 reference-disagreement=1099 same=16678 tree-difference=2
[17808/100000] reference-disagreement wide:trailing-closure:block-comment+block-comment+glue:real:SyntaxExpressibleByStringInterpolationConformances:139 len=80 artifacts=29 advent-overaccept=20 advent-underaccept=7 reference-disagreement=1100 same=16679 tree-difference=2
[17822/100000] reference-disagreement attribute-boundary len=99 artifacts=29 advent-overaccept=20 advent-underaccept=7 reference-disagreement=1101 same=16692 tree-difference=2
[17835/100000] reference-disagreement attribute-ifconfig-elseif-list len=122 artifacts=29 advent-overaccept=20 advent-underaccept=7 reference-disagreement=1102 same=16704 tree-difference=2
[17854/100000] reference-disagreement wide:trailing-closure:line-comment+newline:real:LayoutNodes+Parsable:151+declaration:testInitAccessor#1 len=254 artifacts=29 advent-overaccept=20 advent-underaccept=7 reference-disagreement=1103 same=16722 tree-difference=2
[17877/100000] reference-disagreement wide:closure:raw:translated:testOperatorDecl11d#1 len=41 artifacts=29 advent-overaccept=20 advent-underaccept=7 reference-disagreement=1104 same=16744 tree-difference=2
[17878/100000] reference-disagreement member-list-wide-boundary len=107 artifacts=29 advent-overaccept=20 advent-underaccept=7 reference-disagreement=1105 same=16744 tree-difference=2
[17881/100000] reference-disagreement wide:struct-member:raw:translated:testForwardSlashRegexSkipping12#1+real:BuildableNodes:379 len=1074 artifacts=29 advent-overaccept=20 advent-underaccept=7 reference-disagreement=1106 same=16746 tree-difference=2
[17900/100000] reference-disagreement wide:closure:raw:real:SyntaxEnum:920 len=1192 artifacts=29 advent-overaccept=20 advent-underaccept=7 reference-disagreement=1107 same=16764 tree-difference=2
[17922/100000] advent-overaccept wide:struct-member:space:phase4-loop:deinit-body+phase4-coroutine:op-trailing-comma len=84 artifacts=30 advent-overaccept=21 advent-underaccept=7 reference-disagreement=1107 same=16785 tree-difference=2
[17928/100000] reference-disagreement wide:func-body:raw:real:ResultBuilders:663 len=140 artifacts=30 advent-overaccept=21 advent-underaccept=7 reference-disagreement=1108 same=16790 tree-difference=2
[17933/100000] reference-disagreement wide:func-body:raw:real:MacroSystem:1567 len=191 artifacts=30 advent-overaccept=21 advent-underaccept=7 reference-disagreement=1109 same=16794 tree-difference=2
[17947/100000] reference-disagreement keypath-boundary len=38 artifacts=30 advent-overaccept=21 advent-underaccept=7 reference-disagreement=1110 same=16807 tree-difference=2
[17954/100000] reference-disagreement cast-try-operator-cluster len=24 artifacts=30 advent-overaccept=21 advent-underaccept=7 reference-disagreement=1111 same=16813 tree-difference=2
[18000/100000] same wide:top:newline+swap+keyword:translated:testOptionalLvalues1#1 len=169 artifacts=30 advent-overaccept=21 advent-underaccept=7 reference-disagreement=1111 same=16859 tree-difference=2
[18070/100000] reference-disagreement tspl-divergence-protocol-body len=112 artifacts=30 advent-overaccept=21 advent-underaccept=7 reference-disagreement=1112 same=16928 tree-difference=2
[18081/100000] reference-disagreement wide:before-statement:block-comment:translated:testOperatorDecl11b#1 len=46 artifacts=30 advent-overaccept=21 advent-underaccept=7 reference-disagreement=1113 same=16938 tree-difference=2
[18092/100000] reference-disagreement wide:func-body:splice+space+delete:real:IndentationUtils:21 len=275 artifacts=30 advent-overaccept=21 advent-underaccept=7 reference-disagreement=1114 same=16948 tree-difference=2
[18120/100000] reference-disagreement keypath-boundary len=38 artifacts=30 advent-overaccept=21 advent-underaccept=7 reference-disagreement=1115 same=16975 tree-difference=2
[18147/100000] reference-disagreement wide:trailing-closure:raw:real:ResultBuilders:193+real:SyntaxCollections:305 len=659 artifacts=30 advent-overaccept=21 advent-underaccept=7 reference-disagreement=1116 same=17001 tree-difference=2
[18167/100000] reference-disagreement wide:closure:newline+newline:real:ResultBuilders:297 len=210 artifacts=30 advent-overaccept=21 advent-underaccept=7 reference-disagreement=1117 same=17020 tree-difference=2
[18185/100000] advent-underaccept wide:closure:line-comment+splice+block-comment:translated:testForwardSlashRegexSkipping37#1 len=54 artifacts=31 advent-overaccept=21 advent-underaccept=8 reference-disagreement=1117 same=17037 tree-difference=2
[18188/100000] reference-disagreement wide:trailing-closure:space:real:ResultBuilders:467 len=235 artifacts=31 advent-overaccept=21 advent-underaccept=8 reference-disagreement=1118 same=17039 tree-difference=2
[18211/100000] reference-disagreement wide:struct-member:newline+line-comment:real:RawSyntax:925 len=418 artifacts=31 advent-overaccept=21 advent-underaccept=8 reference-disagreement=1119 same=17061 tree-difference=2
[18213/100000] reference-disagreement wide:trailing-closure:glue+splice:translated:testAvailabilityQuery19#1+real:ResultBuilders:502 len=166 artifacts=31 advent-overaccept=21 advent-underaccept=8 reference-disagreement=1120 same=17062 tree-difference=2
[18216/100000] reference-disagreement wide:closure:raw:declaration:testReasyncFunctions#1+real:SyntaxTraits:834 len=303 artifacts=31 advent-overaccept=21 advent-underaccept=8 reference-disagreement=1121 same=17064 tree-difference=2
[18221/100000] reference-disagreement wide:func-body:newline:attribute:testSpiAttributeWithUnderscore#2+translated:testForwardSlashRegexSkipping56#1 len=65 artifacts=31 advent-overaccept=21 advent-underaccept=8 reference-disagreement=1122 same=17068 tree-difference=2
[18247/100000] reference-disagreement cast-try-operator-cluster len=24 artifacts=31 advent-overaccept=21 advent-underaccept=8 reference-disagreement=1123 same=17093 tree-difference=2
[18250/100000] same wide:after-statement:raw:translated:testTry32#1 len=194 artifacts=31 advent-overaccept=21 advent-underaccept=8 reference-disagreement=1123 same=17096 tree-difference=2
[18257/100000] reference-disagreement wide:closure:raw:real:RawSyntaxArena:245 len=403 artifacts=31 advent-overaccept=21 advent-underaccept=8 reference-disagreement=1124 same=17102 tree-difference=2
[18281/100000] reference-disagreement statement-list len=608 artifacts=31 advent-overaccept=21 advent-underaccept=8 reference-disagreement=1125 same=17125 tree-difference=2
[18315/100000] advent-overaccept wide:trailing-closure:line-comment+keyword+keyword:expression:testClosureParameterWithAttribute#3 len=95 artifacts=32 advent-overaccept=22 advent-underaccept=8 reference-disagreement=1125 same=17158 tree-difference=2
[18318/100000] reference-disagreement wide:top:duplicate:real:MacroSystem:1567+type:testGenericTypeWithTrivia#1 len=241 artifacts=32 advent-overaccept=22 advent-underaccept=8 reference-disagreement=1126 same=17160 tree-difference=2
[18345/100000] reference-disagreement wide:trailing-closure:raw:declaration:testOperators#2+real:ParserDiagnosticMessages:23 len=336 artifacts=32 advent-overaccept=22 advent-underaccept=8 reference-disagreement=1127 same=17186 tree-difference=2
[18361/100000] reference-disagreement statement-list len=567 artifacts=32 advent-overaccept=22 advent-underaccept=8 reference-disagreement=1128 same=17201 tree-difference=2
[18377/100000] reference-disagreement wide:closure:splice:declaration:testAccessors#1+reject:testMatchingPatterns36#1 len=183 artifacts=32 advent-overaccept=22 advent-underaccept=8 reference-disagreement=1129 same=17216 tree-difference=2
[18396/100000] reference-disagreement attribute-ifconfig-elseif-list len=122 artifacts=32 advent-overaccept=22 advent-underaccept=8 reference-disagreement=1130 same=17234 tree-difference=2
[18417/100000] reference-disagreement wide:closure:raw:real:Syntax:367+real:GrammarNode:294 len=829 artifacts=32 advent-overaccept=22 advent-underaccept=8 reference-disagreement=1131 same=17254 tree-difference=2
[18440/100000] reference-disagreement wide:trailing-closure:newline+line-comment+keyword:real:CompilerPluginMessageHandler:41 len=561 artifacts=32 advent-overaccept=22 advent-underaccept=8 reference-disagreement=1132 same=17276 tree-difference=2
[18482/100000] reference-disagreement wide:extension-member:raw:real:MissingNodeInitializers:34 len=153 artifacts=32 advent-overaccept=22 advent-underaccept=8 reference-disagreement=1133 same=17317 tree-difference=2
[18488/100000] reference-disagreement keypath-component-matrix len=48 artifacts=32 advent-overaccept=22 advent-underaccept=8 reference-disagreement=1134 same=17322 tree-difference=2
[18500/100000] same interpolation-boundary len=79 artifacts=32 advent-overaccept=22 advent-underaccept=8 reference-disagreement=1134 same=17334 tree-difference=2
[18501/100000] reference-disagreement statement-list len=521 artifacts=32 advent-overaccept=22 advent-underaccept=8 reference-disagreement=1135 same=17334 tree-difference=2
[18522/100000] reference-disagreement wide:func-body:splice+newline:real:Expressions:1877+real:Expressions:2835 len=737 artifacts=32 advent-overaccept=22 advent-underaccept=8 reference-disagreement=1136 same=17354 tree-difference=2
[18536/100000] reference-disagreement cast-try-operator-cluster len=24 artifacts=32 advent-overaccept=22 advent-underaccept=8 reference-disagreement=1137 same=17367 tree-difference=2
[18544/100000] reference-disagreement wide:closure:raw:real:MissingNodeInitializers:101 len=242 artifacts=32 advent-overaccept=22 advent-underaccept=8 reference-disagreement=1138 same=17374 tree-difference=2
[18547/100000] reference-disagreement wide:trailing-closure:splice+space:real:FormatRawStringLiteral:72 len=429 artifacts=32 advent-overaccept=22 advent-underaccept=8 reference-disagreement=1139 same=17376 tree-difference=2
[18553/100000] advent-underaccept wide:top:delete+newline:real:MissingNodeInitializers:83+real:Oracle:54 len=423 artifacts=33 advent-overaccept=22 advent-underaccept=9 reference-disagreement=1139 same=17381 tree-difference=2
[18554/100000] reference-disagreement keypath-boundary len=33 artifacts=33 advent-overaccept=22 advent-underaccept=9 reference-disagreement=1140 same=17381 tree-difference=2
[18586/100000] reference-disagreement wide:func-body:raw:real:ResultBuilders:232 len=202 artifacts=33 advent-overaccept=22 advent-underaccept=9 reference-disagreement=1141 same=17412 tree-difference=2
[18606/100000] reference-disagreement wide:extension-member:raw:real:SyntaxTraits:742 len=93 artifacts=33 advent-overaccept=22 advent-underaccept=9 reference-disagreement=1142 same=17431 tree-difference=2
[18616/100000] reference-disagreement wide:closure:raw:real:WithTrailingCommaSyntax+EnsuringTrailingComma:19 len=226 artifacts=33 advent-overaccept=22 advent-underaccept=9 reference-disagreement=1143 same=17440 tree-difference=2
[18619/100000] reference-disagreement wide:extension-member:raw:translated:testOperatorDeclDesignatedTypes17#1 len=106 artifacts=33 advent-overaccept=22 advent-underaccept=9 reference-disagreement=1144 same=17442 tree-difference=2
[18686/100000] reference-disagreement attribute-ifconfig-elseif-list len=116 artifacts=33 advent-overaccept=22 advent-underaccept=9 reference-disagreement=1145 same=17508 tree-difference=2
[18713/100000] reference-disagreement attribute-ifconfig-elseif-list len=121 artifacts=33 advent-overaccept=22 advent-underaccept=9 reference-disagreement=1146 same=17534 tree-difference=2
[18750/100000] reference-disagreement wide:extension-member:newline:real:SyntaxTraits:258+real:RawSyntaxArena:245 len=859 artifacts=33 advent-overaccept=22 advent-underaccept=9 reference-disagreement=1147 same=17570 tree-difference=2
[18766/100000] reference-disagreement wide:func-body:block-comment+block-comment:real:SyntaxTraits:535 len=143 artifacts=33 advent-overaccept=22 advent-underaccept=9 reference-disagreement=1148 same=17585 tree-difference=2
[18784/100000] reference-disagreement binding-pattern len=458 artifacts=33 advent-overaccept=22 advent-underaccept=9 reference-disagreement=1149 same=17602 tree-difference=2
[18797/100000] reference-disagreement wide:closure:splice+newline+splice:type:testNonisolatedSpecifier#14 len=44 artifacts=33 advent-overaccept=22 advent-underaccept=9 reference-disagreement=1150 same=17614 tree-difference=2
[18801/100000] reference-disagreement wide:func-body:splice+line-comment:translated:testTry8#1 len=109 artifacts=33 advent-overaccept=22 advent-underaccept=9 reference-disagreement=1151 same=17617 tree-difference=2
[18808/100000] reference-disagreement wide:extension-member:raw:real:SyntaxUtils:19 len=113 artifacts=33 advent-overaccept=22 advent-underaccept=9 reference-disagreement=1152 same=17623 tree-difference=2
[18828/100000] reference-disagreement wide:extension-member:raw:translated:testInitDeinit4#1 len=89 artifacts=33 advent-overaccept=22 advent-underaccept=9 reference-disagreement=1153 same=17642 tree-difference=2
[18832/100000] reference-disagreement wide:closure:raw:real:LayoutNodes+Parsable:63+attribute:testIsolatedTypeAttribute#4 len=252 artifacts=33 advent-overaccept=22 advent-underaccept=9 reference-disagreement=1154 same=17645 tree-difference=2
[18834/100000] reference-disagreement keypath-boundary len=38 artifacts=33 advent-overaccept=22 advent-underaccept=9 reference-disagreement=1155 same=17646 tree-difference=2
[18851/100000] advent-overaccept wide:struct-member:glue+splice:declaration:testInitAccessorsWithDefaultValues#1 len=131 artifacts=34 advent-overaccept=23 advent-underaccept=9 reference-disagreement=1155 same=17662 tree-difference=2
[18864/100000] reference-disagreement statement-list len=514 artifacts=34 advent-overaccept=23 advent-underaccept=9 reference-disagreement=1156 same=17674 tree-difference=2
[18870/100000] reference-disagreement tspl-divergence-protocol-body len=103 artifacts=34 advent-overaccept=23 advent-underaccept=9 reference-disagreement=1157 same=17679 tree-difference=2
[18871/100000] reference-disagreement keypath-boundary len=44 artifacts=34 advent-overaccept=23 advent-underaccept=9 reference-disagreement=1158 same=17679 tree-difference=2
[18888/100000] reference-disagreement wide:closure:keyword:phase4-closure:capture-init+real:IsValidIdentifier:98 len=1062 artifacts=34 advent-overaccept=23 advent-underaccept=9 reference-disagreement=1159 same=17695 tree-difference=2
[18896/100000] reference-disagreement attribute-boundary len=39 artifacts=34 advent-overaccept=23 advent-underaccept=9 reference-disagreement=1160 same=17702 tree-difference=2
[18901/100000] reference-disagreement member-list-wide-boundary len=137 artifacts=34 advent-overaccept=23 advent-underaccept=9 reference-disagreement=1161 same=17706 tree-difference=2
[18913/100000] reference-disagreement wide:interpolation:line-comment+delete:translated:testForwardSlashRegexSkipping14#1 len=43 artifacts=34 advent-overaccept=23 advent-underaccept=9 reference-disagreement=1162 same=17717 tree-difference=2
[18915/100000] reference-disagreement wide:func-body:newline:real:MissingNodeInitializers:110 len=232 artifacts=34 advent-overaccept=23 advent-underaccept=9 reference-disagreement=1163 same=17718 tree-difference=2
[18916/100000] reference-disagreement wide:func-body:raw:attribute:testSemanticsAttribute#1 len=231 artifacts=34 advent-overaccept=23 advent-underaccept=9 reference-disagreement=1164 same=17718 tree-difference=2
[18943/100000] reference-disagreement attribute-boundary len=34 artifacts=34 advent-overaccept=23 advent-underaccept=9 reference-disagreement=1165 same=17744 tree-difference=2
[18964/100000] reference-disagreement wide:trailing-closure:newline:real:ArenaAllocatedBuffer:20 len=759 artifacts=34 advent-overaccept=23 advent-underaccept=9 reference-disagreement=1166 same=17764 tree-difference=2
[18994/100000] reference-disagreement grammarish-member-list len=305 artifacts=34 advent-overaccept=23 advent-underaccept=9 reference-disagreement=1167 same=17793 tree-difference=2
[18997/100000] reference-disagreement wide:func-body:block-comment+line-comment+space:real:BuildableNodes:110+translated:testTupleTypeExpr#11 len=1093 artifacts=34 advent-overaccept=23 advent-underaccept=9 reference-disagreement=1168 same=17795 tree-difference=2
[19000/100000] same trailing-closure-boundary len=118 artifacts=34 advent-overaccept=23 advent-underaccept=9 reference-disagreement=1168 same=17798 tree-difference=2
[19007/100000] reference-disagreement wide:struct-member:raw:type:testTrailingCommas#1+real:CallToTrailingClosures:181 len=221 artifacts=34 advent-overaccept=23 advent-underaccept=9 reference-disagreement=1169 same=17804 tree-difference=2
[19009/100000] reference-disagreement wide:trailing-closure:raw:translated:testConflictMarkers2#1+translated:testTry20#1 len=230 artifacts=34 advent-overaccept=23 advent-underaccept=9 reference-disagreement=1170 same=17805 tree-difference=2
[19012/100000] reference-disagreement wide:closure:raw:real:IndentationUtils:64 len=462 artifacts=34 advent-overaccept=23 advent-underaccept=9 reference-disagreement=1171 same=17807 tree-difference=2
[19032/100000] reference-disagreement wide:closure:raw:real:ConvenienceInitializers:76 len=232 artifacts=34 advent-overaccept=23 advent-underaccept=9 reference-disagreement=1172 same=17826 tree-difference=2
[19098/100000] reference-disagreement wide:trailing-closure:block-comment+space:declaration:testBorrowAndMutateAccessors#1 len=192 artifacts=34 advent-overaccept=23 advent-underaccept=9 reference-disagreement=1173 same=17891 tree-difference=2
[19103/100000] reference-disagreement wide:closure:newline+line-comment+block-comment:expression:testStringLiterals#10+real:ParserDiagnosticMessages:307 len=275 artifacts=34 advent-overaccept=23 advent-underaccept=9 reference-disagreement=1174 same=17895 tree-difference=2
[19109/100000] reference-disagreement wide:closure:block-comment:real:SyntaxTraits:258 len=484 artifacts=34 advent-overaccept=23 advent-underaccept=9 reference-disagreement=1175 same=17900 tree-difference=2
[19121/100000] reference-disagreement tspl-divergence-protocol-body len=108 artifacts=34 advent-overaccept=23 advent-underaccept=9 reference-disagreement=1176 same=17911 tree-difference=2
[19151/100000] reference-disagreement wide:func-body:raw:attribute:testABIAttribute#13 len=99 artifacts=34 advent-overaccept=23 advent-underaccept=9 reference-disagreement=1177 same=17940 tree-difference=2
[19161/100000] reference-disagreement wide:func-body:raw:real:SyntaxBaseNodes:325 len=69 artifacts=34 advent-overaccept=23 advent-underaccept=9 reference-disagreement=1178 same=17949 tree-difference=2
[19180/100000] reference-disagreement tspl-divergence-protocol-body len=105 artifacts=34 advent-overaccept=23 advent-underaccept=9 reference-disagreement=1179 same=17967 tree-difference=2
[19199/100000] reference-disagreement wide:extension-member:block-comment+glue+newline:real:TokenSequence:188 len=274 artifacts=34 advent-overaccept=23 advent-underaccept=9 reference-disagreement=1180 same=17985 tree-difference=2
[19242/100000] reference-disagreement wide:struct-member:newline:declaration:testModifiedParameter#3 len=69 artifacts=34 advent-overaccept=23 advent-underaccept=9 reference-disagreement=1181 same=18027 tree-difference=2
[19250/100000] same frontier:generic-member-type-shape len=269 artifacts=34 advent-overaccept=23 advent-underaccept=9 reference-disagreement=1181 same=18035 tree-difference=2
[19251/100000] reference-disagreement wide:trailing-closure:raw:real:SyntaxTraits:764 len=113 artifacts=34 advent-overaccept=23 advent-underaccept=9 reference-disagreement=1182 same=18035 tree-difference=2
[19257/100000] reference-disagreement tspl-divergence-accessor-commitment len=78 artifacts=34 advent-overaccept=23 advent-underaccept=9 reference-disagreement=1183 same=18040 tree-difference=2
[19267/100000] reference-disagreement attribute-ifconfig-elseif-list len=120 artifacts=34 advent-overaccept=23 advent-underaccept=9 reference-disagreement=1184 same=18049 tree-difference=2
[19279/100000] reference-disagreement binding-pattern len=458 artifacts=34 advent-overaccept=23 advent-underaccept=9 reference-disagreement=1185 same=18060 tree-difference=2
[19280/100000] reference-disagreement tspl-divergence-protocol-body len=123 artifacts=34 advent-overaccept=23 advent-underaccept=9 reference-disagreement=1186 same=18060 tree-difference=2
[19317/100000] reference-disagreement tspl-divergence-accessor-commitment len=49 artifacts=34 advent-overaccept=23 advent-underaccept=9 reference-disagreement=1187 same=18096 tree-difference=2
[19326/100000] reference-disagreement keypath-component-matrix len=40 artifacts=34 advent-overaccept=23 advent-underaccept=9 reference-disagreement=1188 same=18104 tree-difference=2
[19351/100000] reference-disagreement wide:struct-member:raw:real:SyntaxTraits:460 len=421 artifacts=34 advent-overaccept=23 advent-underaccept=9 reference-disagreement=1189 same=18128 tree-difference=2
[19369/100000] reference-disagreement wide:func-body:raw:real:Syntax+StringInterpolation:286 len=62 artifacts=34 advent-overaccept=23 advent-underaccept=9 reference-disagreement=1190 same=18145 tree-difference=2
[19394/100000] reference-disagreement wide:ifconfig:space+duplicate+glue:translated:testTypeExpr4#1 len=117 artifacts=34 advent-overaccept=23 advent-underaccept=9 reference-disagreement=1191 same=18169 tree-difference=2
[19407/100000] reference-disagreement wide:trailing-closure:newline:phase4-precedence:pg-assoc-none len=50 artifacts=34 advent-overaccept=23 advent-underaccept=9 reference-disagreement=1192 same=18181 tree-difference=2
[19423/100000] reference-disagreement keypath-boundary len=37 artifacts=34 advent-overaccept=23 advent-underaccept=9 reference-disagreement=1193 same=18196 tree-difference=2
[19424/100000] reference-disagreement wide:func-body:splice:real:ConvenienceInitializers:111 len=642 artifacts=34 advent-overaccept=23 advent-underaccept=9 reference-disagreement=1194 same=18196 tree-difference=2
[19484/100000] reference-disagreement wide:extension-member:raw:real:SyntaxExpressibleByStringInterpolationConformances:205 len=82 artifacts=34 advent-overaccept=23 advent-underaccept=9 reference-disagreement=1195 same=18255 tree-difference=2
[19500/100000] same wide:trailing-closure:keyword+block-comment+delete:phase4-loop:do-two-catch len=74 artifacts=34 advent-overaccept=23 advent-underaccept=9 reference-disagreement=1195 same=18271 tree-difference=2
[19507/100000] reference-disagreement wide:func-body:newline+line-comment:attribute:testABIAttribute#11 len=77 artifacts=34 advent-overaccept=23 advent-underaccept=9 reference-disagreement=1196 same=18277 tree-difference=2
[19516/100000] reference-disagreement tspl-divergence-protocol-body len=220 artifacts=34 advent-overaccept=23 advent-underaccept=9 reference-disagreement=1197 same=18285 tree-difference=2
[19520/100000] reference-disagreement grammarish-member-list len=367 artifacts=34 advent-overaccept=23 advent-underaccept=9 reference-disagreement=1198 same=18288 tree-difference=2
[19524/100000] reference-disagreement wide:struct-member:raw:real:SyntaxTraits:682 len=119 artifacts=34 advent-overaccept=23 advent-underaccept=9 reference-disagreement=1199 same=18291 tree-difference=2
[19549/100000] reference-disagreement tspl-divergence-protocol-body len=170 artifacts=34 advent-overaccept=23 advent-underaccept=9 reference-disagreement=1200 same=18315 tree-difference=2
[19552/100000] reference-disagreement wide:top:raw:declaration:testDeinitializers#2+attribute:testExpose#1 len=34 artifacts=34 advent-overaccept=23 advent-underaccept=9 reference-disagreement=1201 same=18317 tree-difference=2
[19553/100000] advent-overaccept wide:after-statement:block-comment+keyword+line-comment:declaration:testInitializerWithReturnType#1 len=114 artifacts=35 advent-overaccept=24 advent-underaccept=9 reference-disagreement=1201 same=18317 tree-difference=2
[19555/100000] reference-disagreement wide:trailing-closure:splice+space+space:translated:testSwitch73#1 len=109 artifacts=35 advent-overaccept=24 advent-underaccept=9 reference-disagreement=1202 same=18318 tree-difference=2
[19575/100000] reference-disagreement wide:func-body:raw:translated:testMatchingPatterns16#1+real:SyntaxTraits:806 len=98 artifacts=35 advent-overaccept=24 advent-underaccept=9 reference-disagreement=1203 same=18337 tree-difference=2
[19600/100000] reference-disagreement wide:func-body:raw:real:ResultBuilders:557 len=214 artifacts=35 advent-overaccept=24 advent-underaccept=9 reference-disagreement=1204 same=18361 tree-difference=2
[19609/100000] reference-disagreement wide:closure:glue+newline+space:real:SyntaxNodeWithBody:211 len=78 artifacts=35 advent-overaccept=24 advent-underaccept=9 reference-disagreement=1205 same=18369 tree-difference=2
[19618/100000] advent-overaccept wide:ifconfig:block-comment+splice+newline:reject:testTypedThrows#1 len=56 artifacts=36 advent-overaccept=25 advent-underaccept=9 reference-disagreement=1205 same=18377 tree-difference=2
[19620/100000] reference-disagreement member-list-wide-boundary len=375 artifacts=36 advent-overaccept=25 advent-underaccept=9 reference-disagreement=1206 same=18378 tree-difference=2
[19624/100000] reference-disagreement wide:trailing-closure:line-comment:real:RawSyntaxNodesD:17 len=82 artifacts=36 advent-overaccept=25 advent-underaccept=9 reference-disagreement=1207 same=18381 tree-difference=2
[19644/100000] reference-disagreement binding-pattern len=458 artifacts=36 advent-overaccept=25 advent-underaccept=9 reference-disagreement=1208 same=18400 tree-difference=2
[19653/100000] reference-disagreement wide:top:space+newline+block-comment:translated:testSwitch20#1 len=44 artifacts=36 advent-overaccept=25 advent-underaccept=9 reference-disagreement=1209 same=18408 tree-difference=2
[19657/100000] reference-disagreement wide:func-body:block-comment+keyword:real:ApusTerminals:138 len=1169 artifacts=36 advent-overaccept=25 advent-underaccept=9 reference-disagreement=1210 same=18411 tree-difference=2
[19661/100000] reference-disagreement wide:func-body:newline+block-comment:real:LibraryPluginProvider:170 len=705 artifacts=36 advent-overaccept=25 advent-underaccept=9 reference-disagreement=1211 same=18414 tree-difference=2
[19663/100000] advent-overaccept wide:top:keyword+block-comment+space:type:testLifetimeSpecifier#5 len=42 artifacts=37 advent-overaccept=26 advent-underaccept=9 reference-disagreement=1211 same=18415 tree-difference=2
[19665/100000] reference-disagreement wide:trailing-closure:glue:real:SwiftSyntaxCompatibility:252 len=251 artifacts=37 advent-overaccept=26 advent-underaccept=9 reference-disagreement=1212 same=18416 tree-difference=2
[19671/100000] reference-disagreement wide:closure:raw:real:Syntax+StringInterpolation:33 len=854 artifacts=37 advent-overaccept=26 advent-underaccept=9 reference-disagreement=1213 same=18421 tree-difference=2
[19702/100000] reference-disagreement tspl-divergence-protocol-body len=141 artifacts=37 advent-overaccept=26 advent-underaccept=9 reference-disagreement=1214 same=18451 tree-difference=2
[19713/100000] reference-disagreement wide:struct-member:raw:real:Statements:344 len=862 artifacts=37 advent-overaccept=26 advent-underaccept=9 reference-disagreement=1215 same=18461 tree-difference=2
[19750/100000] same wide:after-statement:swap+duplicate:reject:testAccessLevelModifier#11+reject:testTypeWithPlaceholder#2 len=62 artifacts=37 advent-overaccept=26 advent-underaccept=9 reference-disagreement=1215 same=18498 tree-difference=2
[19781/100000] reference-disagreement wide:extension-member:block-comment+newline:real:WarningControlDeclSyntax:55 len=398 artifacts=37 advent-overaccept=26 advent-underaccept=9 reference-disagreement=1216 same=18528 tree-difference=2
[19900/100000] reference-disagreement tspl-divergence-protocol-body len=185 artifacts=37 advent-overaccept=26 advent-underaccept=9 reference-disagreement=1217 same=18646 tree-difference=2
[19911/100000] reference-disagreement tspl-divergence-accessor-commitment len=78 artifacts=37 advent-overaccept=26 advent-underaccept=9 reference-disagreement=1218 same=18656 tree-difference=2
[19927/100000] reference-disagreement grammarish-member-list len=138 artifacts=37 advent-overaccept=26 advent-underaccept=9 reference-disagreement=1219 same=18671 tree-difference=2
[19938/100000] reference-disagreement wide:func-body:splice+newline+space:translated:testMatchingPatterns10#1+real:Macro:15 len=287 artifacts=37 advent-overaccept=26 advent-underaccept=9 reference-disagreement=1220 same=18681 tree-difference=2
[19943/100000] reference-disagreement wide:struct-member:glue+keyword:translated:testForwardSlashRegex8#1 len=90 artifacts=37 advent-overaccept=26 advent-underaccept=9 reference-disagreement=1221 same=18685 tree-difference=2
[19947/100000] reference-disagreement wide:func-body:glue+keyword:attribute:testMacroRoleNames#6 len=74 artifacts=37 advent-overaccept=26 advent-underaccept=9 reference-disagreement=1222 same=18688 tree-difference=2
[19970/100000] reference-disagreement wide:closure:raw:translated:testOperatorDeclDesignatedTypes9#1 len=80 artifacts=37 advent-overaccept=26 advent-underaccept=9 reference-disagreement=1223 same=18710 tree-difference=2
[19978/100000] reference-disagreement wide:func-body:raw:real:ScopeImplementations:733 len=445 artifacts=37 advent-overaccept=26 advent-underaccept=9 reference-disagreement=1224 same=18717 tree-difference=2
[19990/100000] reference-disagreement wide:struct-member:line-comment+block-comment+glue:real:IndentationUtils:33 len=815 artifacts=37 advent-overaccept=26 advent-underaccept=9 reference-disagreement=1225 same=18728 tree-difference=2
[19996/100000] reference-disagreement wide:interpolation:duplicate:declaration:testParsePoundWarning#1 len=44 artifacts=37 advent-overaccept=26 advent-underaccept=9 reference-disagreement=1226 same=18733 tree-difference=2
[20000/100000] same wide:interpolation:keyword+space+delete:declaration:testAnyAsParameterLabel#1 len=54 artifacts=37 advent-overaccept=26 advent-underaccept=9 reference-disagreement=1226 same=18737 tree-difference=2
[20007/100000] reference-disagreement attribute-ifconfig-elseif-list len=134 artifacts=37 advent-overaccept=26 advent-underaccept=9 reference-disagreement=1227 same=18743 tree-difference=2
[20033/100000] reference-disagreement wide:extension-member:newline:translated:testInitDeinit16#1 len=72 artifacts=37 advent-overaccept=26 advent-underaccept=9 reference-disagreement=1228 same=18768 tree-difference=2
[20076/100000] reference-disagreement grammarish-member-list len=263 artifacts=37 advent-overaccept=26 advent-underaccept=9 reference-disagreement=1229 same=18810 tree-difference=2
[20078/100000] reference-disagreement cast-try-operator-cluster len=24 artifacts=37 advent-overaccept=26 advent-underaccept=9 reference-disagreement=1230 same=18811 tree-difference=2
[20087/100000] reference-disagreement keypath-component-matrix len=50 artifacts=37 advent-overaccept=26 advent-underaccept=9 reference-disagreement=1231 same=18819 tree-difference=2
[20109/100000] reference-disagreement wide:struct-member:keyword+space:real:SyntaxTraits:258+real:ResultBuilders:531 len=678 artifacts=37 advent-overaccept=26 advent-underaccept=9 reference-disagreement=1232 same=18840 tree-difference=2
[20119/100000] reference-disagreement binding-pattern len=458 artifacts=37 advent-overaccept=26 advent-underaccept=9 reference-disagreement=1233 same=18849 tree-difference=2
[20136/100000] reference-disagreement wide:trailing-closure:space:real:ConvenienceInitializers:302+real:SyntaxTraits:760 len=443 artifacts=37 advent-overaccept=26 advent-underaccept=9 reference-disagreement=1234 same=18865 tree-difference=2
[20137/100000] reference-disagreement keypath-component-matrix len=33 artifacts=37 advent-overaccept=26 advent-underaccept=9 reference-disagreement=1235 same=18865 tree-difference=2
[20166/100000] reference-disagreement tspl-divergence-protocol-body len=160 artifacts=37 advent-overaccept=26 advent-underaccept=9 reference-disagreement=1236 same=18893 tree-difference=2
[20246/100000] reference-disagreement wide:func-body:newline:real:SyntaxEnum:1225 len=695 artifacts=37 advent-overaccept=26 advent-underaccept=9 reference-disagreement=1237 same=18972 tree-difference=2
[20250/100000] same wide:extension-member:swap:translated:testOperatorDecl11a#1 len=37 artifacts=37 advent-overaccept=26 advent-underaccept=9 reference-disagreement=1237 same=18976 tree-difference=2
[20251/100000] reference-disagreement attribute-ifconfig-elseif-list len=133 artifacts=37 advent-overaccept=26 advent-underaccept=9 reference-disagreement=1238 same=18976 tree-difference=2
[20253/100000] reference-disagreement wide:func-body:block-comment:translated:testIfconfigExpr2#1+real:Parameters:54 len=131 artifacts=37 advent-overaccept=26 advent-underaccept=9 reference-disagreement=1239 same=18977 tree-difference=2
[20256/100000] advent-overaccept wide:after-statement:newline:real:StandardIOMessageConnection:27 len=49 artifacts=38 advent-overaccept=27 advent-underaccept=9 reference-disagreement=1239 same=18979 tree-difference=2
[20268/100000] reference-disagreement wide:func-body:newline:real:Expressions:1619 len=659 artifacts=38 advent-overaccept=27 advent-underaccept=9 reference-disagreement=1240 same=18990 tree-difference=2
[20289/100000] reference-disagreement wide:trailing-closure:raw:real:BasicMacroExpansionContext:109 len=275 artifacts=38 advent-overaccept=27 advent-underaccept=9 reference-disagreement=1241 same=19010 tree-difference=2
[20343/100000] reference-disagreement wide:closure:line-comment:real:ResultBuilders:502 len=152 artifacts=38 advent-overaccept=27 advent-underaccept=9 reference-disagreement=1242 same=19063 tree-difference=2
[20344/100000] reference-disagreement tspl-divergence-accessor-commitment len=49 artifacts=38 advent-overaccept=27 advent-underaccept=9 reference-disagreement=1243 same=19063 tree-difference=2
[20348/100000] reference-disagreement tspl-divergence-protocol-body len=112 artifacts=38 advent-overaccept=27 advent-underaccept=9 reference-disagreement=1244 same=19066 tree-difference=2
[20349/100000] reference-disagreement ifconfig-member-context-boundary len=77 artifacts=38 advent-overaccept=27 advent-underaccept=9 reference-disagreement=1245 same=19066 tree-difference=2
[20392/100000] reference-disagreement attribute-ifconfig-elseif-list len=122 artifacts=38 advent-overaccept=27 advent-underaccept=9 reference-disagreement=1246 same=19108 tree-difference=2
[20402/100000] reference-disagreement wide:func-body:space+block-comment+glue:real:SyntaxHashable:18 len=256 artifacts=38 advent-overaccept=27 advent-underaccept=9 reference-disagreement=1247 same=19117 tree-difference=2
[20419/100000] reference-disagreement wide:closure:raw:real:SyntaxSynthesis:53 len=735 artifacts=38 advent-overaccept=27 advent-underaccept=9 reference-disagreement=1248 same=19133 tree-difference=2
[20423/100000] reference-disagreement statement-list len=706 artifacts=38 advent-overaccept=27 advent-underaccept=9 reference-disagreement=1249 same=19136 tree-difference=2
[20432/100000] reference-disagreement tspl-divergence-protocol-body len=179 artifacts=38 advent-overaccept=27 advent-underaccept=9 reference-disagreement=1250 same=19144 tree-difference=2
[20437/100000] reference-disagreement binding-pattern len=458 artifacts=38 advent-overaccept=27 advent-underaccept=9 reference-disagreement=1251 same=19148 tree-difference=2
[20439/100000] reference-disagreement wide:trailing-closure:raw:real:IndentationUtils:77 len=773 artifacts=38 advent-overaccept=27 advent-underaccept=9 reference-disagreement=1252 same=19149 tree-difference=2
[20459/100000] reference-disagreement tspl-divergence-protocol-body len=262 artifacts=38 advent-overaccept=27 advent-underaccept=9 reference-disagreement=1253 same=19168 tree-difference=2
[20462/100000] reference-disagreement wide:trailing-closure:raw:real:CustomTraits:46 len=181 artifacts=38 advent-overaccept=27 advent-underaccept=9 reference-disagreement=1254 same=19170 tree-difference=2
[20500/100000] same grammarish-member-list len=292 artifacts=38 advent-overaccept=27 advent-underaccept=9 reference-disagreement=1254 same=19208 tree-difference=2
[20513/100000] reference-disagreement wide:struct-member:glue:real:LayoutNodes+Parsable:215 len=191 artifacts=38 advent-overaccept=27 advent-underaccept=9 reference-disagreement=1255 same=19220 tree-difference=2
[20522/100000] advent-overaccept wide:ifconfig:raw:reject:testConflictMarkers12#1+declaration:testPrecedenceGroup#2 len=238 artifacts=39 advent-overaccept=28 advent-underaccept=9 reference-disagreement=1255 same=19228 tree-difference=2
[20548/100000] reference-disagreement wide:extension-member:newline:real:BuildableNodes:319 len=866 artifacts=39 advent-overaccept=28 advent-underaccept=9 reference-disagreement=1256 same=19253 tree-difference=2
[20553/100000] reference-disagreement wide:func-body:glue:real:SyntaxCollections:460 len=502 artifacts=39 advent-overaccept=28 advent-underaccept=9 reference-disagreement=1257 same=19257 tree-difference=2
[20564/100000] reference-disagreement wide:extension-member:line-comment:real:Parser:438 len=188 artifacts=39 advent-overaccept=28 advent-underaccept=9 reference-disagreement=1258 same=19267 tree-difference=2
[20572/100000] reference-disagreement tspl-divergence-protocol-body len=269 artifacts=39 advent-overaccept=28 advent-underaccept=9 reference-disagreement=1259 same=19274 tree-difference=2
[20619/100000] reference-disagreement attribute-ifconfig-elseif-list len=131 artifacts=39 advent-overaccept=28 advent-underaccept=9 reference-disagreement=1260 same=19320 tree-difference=2
[20629/100000] reference-disagreement wide:extension-member:newline+newline:real:MacroExpansion:41+real:SyntaxLiteralUtils:15 len=702 artifacts=39 advent-overaccept=28 advent-underaccept=9 reference-disagreement=1261 same=19329 tree-difference=2
[20640/100000] reference-disagreement tspl-divergence-protocol-body len=201 artifacts=39 advent-overaccept=28 advent-underaccept=9 reference-disagreement=1262 same=19339 tree-difference=2
[20649/100000] reference-disagreement wide:extension-member:raw:real:DeclSyntaxParseable:59 len=71 artifacts=39 advent-overaccept=28 advent-underaccept=9 reference-disagreement=1263 same=19347 tree-difference=2
[20652/100000] reference-disagreement statement-list len=609 artifacts=39 advent-overaccept=28 advent-underaccept=9 reference-disagreement=1264 same=19349 tree-difference=2
[20670/100000] reference-disagreement wide:before-statement:raw:attribute:testDifferentiableAttribute#1 len=133 artifacts=39 advent-overaccept=28 advent-underaccept=9 reference-disagreement=1265 same=19366 tree-difference=2
[20679/100000] reference-disagreement wide:top:block-comment:translated:testInitDeinit20#1 len=65 artifacts=39 advent-overaccept=28 advent-underaccept=9 reference-disagreement=1266 same=19374 tree-difference=2
[20683/100000] reference-disagreement member-list-wide-boundary len=189 artifacts=39 advent-overaccept=28 advent-underaccept=9 reference-disagreement=1267 same=19377 tree-difference=2
[20696/100000] reference-disagreement member-list-wide-boundary len=217 artifacts=39 advent-overaccept=28 advent-underaccept=9 reference-disagreement=1268 same=19389 tree-difference=2
[20704/100000] reference-disagreement wide:trailing-closure:keyword:real:SyntaxTraits:758 len=143 artifacts=39 advent-overaccept=28 advent-underaccept=9 reference-disagreement=1269 same=19396 tree-difference=2
[20714/100000] reference-disagreement wide:before-statement:newline:translated:testSwitch47#1 len=106 artifacts=39 advent-overaccept=28 advent-underaccept=9 reference-disagreement=1270 same=19405 tree-difference=2
[20733/100000] reference-disagreement member-list-wide-boundary len=110 artifacts=39 advent-overaccept=28 advent-underaccept=9 reference-disagreement=1271 same=19423 tree-difference=2
[20738/100000] reference-disagreement wide:func-body:raw:real:SyntaxEnum:1200 len=918 artifacts=39 advent-overaccept=28 advent-underaccept=9 reference-disagreement=1272 same=19427 tree-difference=2
[20747/100000] reference-disagreement wide:struct-member:newline:real:NominalTypeDeclSyntax:22 len=1259 artifacts=39 advent-overaccept=28 advent-underaccept=9 reference-disagreement=1273 same=19435 tree-difference=2
[20750/100000] same attribute-decl len=64 artifacts=39 advent-overaccept=28 advent-underaccept=9 reference-disagreement=1273 same=19438 tree-difference=2
[20770/100000] reference-disagreement tspl-divergence-protocol-body len=185 artifacts=39 advent-overaccept=28 advent-underaccept=9 reference-disagreement=1274 same=19457 tree-difference=2
[20771/100000] reference-disagreement wide:func-body:block-comment+newline+space:pattern:testNonBinding3#1+translated:testDiagnoseAvailability7#1 len=144 artifacts=39 advent-overaccept=28 advent-underaccept=9 reference-disagreement=1275 same=19457 tree-difference=2
[20777/100000] reference-disagreement wide:func-body:swap:reject:testRecovery183#1 len=30 artifacts=39 advent-overaccept=28 advent-underaccept=9 reference-disagreement=1276 same=19462 tree-difference=2
[20792/100000] reference-disagreement wide:func-body:space:real:Syntax+StringInterpolation:283 len=62 artifacts=39 advent-overaccept=28 advent-underaccept=9 reference-disagreement=1277 same=19476 tree-difference=2
[20832/100000] reference-disagreement wide:closure:space:translated:testOperatorDecl20#1 len=70 artifacts=39 advent-overaccept=28 advent-underaccept=9 reference-disagreement=1278 same=19515 tree-difference=2
[20848/100000] reference-disagreement attribute-ifconfig-elseif-list len=111 artifacts=39 advent-overaccept=28 advent-underaccept=9 reference-disagreement=1279 same=19530 tree-difference=2
[20895/100000] reference-disagreement wide:trailing-closure:raw:real:ResultBuilders:557 len=207 artifacts=39 advent-overaccept=28 advent-underaccept=9 reference-disagreement=1280 same=19576 tree-difference=2
[20902/100000] reference-disagreement wide:trailing-closure:raw:real:SyntaxTraits:341 len=406 artifacts=39 advent-overaccept=28 advent-underaccept=9 reference-disagreement=1281 same=19582 tree-difference=2
[20903/100000] reference-disagreement grammarish-member-list len=396 artifacts=39 advent-overaccept=28 advent-underaccept=9 reference-disagreement=1282 same=19582 tree-difference=2
[20919/100000] reference-disagreement wide:closure:newline+glue:real:SyntaxProtocol:35 len=130 artifacts=39 advent-overaccept=28 advent-underaccept=9 reference-disagreement=1283 same=19597 tree-difference=2
[20957/100000] reference-disagreement wide:after-statement:raw:declaration:testModifiedParameter#3 len=70 artifacts=39 advent-overaccept=28 advent-underaccept=9 reference-disagreement=1284 same=19634 tree-difference=2
[20958/100000] reference-disagreement tspl-divergence-protocol-body len=153 artifacts=39 advent-overaccept=28 advent-underaccept=9 reference-disagreement=1285 same=19634 tree-difference=2
[20960/100000] reference-disagreement wide:closure:newline:declaration:testModifiedParameter#1 len=57 artifacts=39 advent-overaccept=28 advent-underaccept=9 reference-disagreement=1286 same=19635 tree-difference=2
[20966/100000] reference-disagreement wide:trailing-closure:raw:real:SwiftSyntaxCompatibility:188 len=128 artifacts=39 advent-overaccept=28 advent-underaccept=9 reference-disagreement=1287 same=19640 tree-difference=2
[20993/100000] reference-disagreement wide:trailing-closure:newline+keyword+space:reject:testKeypathExpression#2 len=34 artifacts=39 advent-overaccept=28 advent-underaccept=9 reference-disagreement=1288 same=19666 tree-difference=2
[21000/100000] same pattern-switch len=107 artifacts=39 advent-overaccept=28 advent-underaccept=9 reference-disagreement=1288 same=19673 tree-difference=2
[21001/100000] advent-overaccept wide:before-statement:glue+newline:reject:testOperatorDecl4#1 len=48 artifacts=40 advent-overaccept=29 advent-underaccept=9 reference-disagreement=1288 same=19673 tree-difference=2
[21010/100000] reference-disagreement keypath-boundary len=38 artifacts=40 advent-overaccept=29 advent-underaccept=9 reference-disagreement=1289 same=19681 tree-difference=2
[21044/100000] reference-disagreement tspl-divergence-protocol-body len=193 artifacts=40 advent-overaccept=29 advent-underaccept=9 reference-disagreement=1290 same=19714 tree-difference=2
[21074/100000] reference-disagreement wide:extension-member:raw:translated:testEffectfulProperties9#1 len=138 artifacts=40 advent-overaccept=29 advent-underaccept=9 reference-disagreement=1291 same=19743 tree-difference=2
[21079/100000] reference-disagreement wide:closure:raw:real:SyntaxExpressibleByStringInterpolationConformances:193 len=91 artifacts=40 advent-overaccept=29 advent-underaccept=9 reference-disagreement=1292 same=19747 tree-difference=2
[21082/100000] reference-disagreement keypath-component-matrix len=38 artifacts=40 advent-overaccept=29 advent-underaccept=9 reference-disagreement=1293 same=19749 tree-difference=2
[21096/100000] reference-disagreement wide:trailing-closure:raw:real:ResultBuilders:193 len=180 artifacts=40 advent-overaccept=29 advent-underaccept=9 reference-disagreement=1294 same=19762 tree-difference=2
[21106/100000] reference-disagreement grammarish-member-list len=110 artifacts=40 advent-overaccept=29 advent-underaccept=9 reference-disagreement=1295 same=19771 tree-difference=2
[21107/100000] reference-disagreement wide:extension-member:newline+line-comment:real:BuildableNodes:319+translated:testSwitch65#1 len=891 artifacts=40 advent-overaccept=29 advent-underaccept=9 reference-disagreement=1296 same=19771 tree-difference=2
[21143/100000] reference-disagreement statement-list len=458 artifacts=40 advent-overaccept=29 advent-underaccept=9 reference-disagreement=1297 same=19806 tree-difference=2
[21146/100000] reference-disagreement binding-pattern len=458 artifacts=40 advent-overaccept=29 advent-underaccept=9 reference-disagreement=1298 same=19808 tree-difference=2
[21148/100000] reference-disagreement attribute-ifconfig-elseif-list len=128 artifacts=40 advent-overaccept=29 advent-underaccept=9 reference-disagreement=1299 same=19809 tree-difference=2
[21161/100000] reference-disagreement wide:struct-member:raw:translated:testForwardSlashRegexSkippingAllowed12#1 len=72 artifacts=40 advent-overaccept=29 advent-underaccept=9 reference-disagreement=1300 same=19821 tree-difference=2
[21174/100000] reference-disagreement wide:func-body:raw:real:Lexer:252 len=704 artifacts=40 advent-overaccept=29 advent-underaccept=9 reference-disagreement=1301 same=19833 tree-difference=2
[21199/100000] reference-disagreement wide:closure:newline+glue:real:Lexer:18 len=43 artifacts=40 advent-overaccept=29 advent-underaccept=9 reference-disagreement=1302 same=19857 tree-difference=2
[21242/100000] reference-disagreement wide:closure:raw:translated:testInvalid33#1 len=77 artifacts=40 advent-overaccept=29 advent-underaccept=9 reference-disagreement=1303 same=19899 tree-difference=2
[21250/100000] same wide:top:newline+line-comment:phase4-closure:closure-body len=22 artifacts=40 advent-overaccept=29 advent-underaccept=9 reference-disagreement=1303 same=19907 tree-difference=2
[21329/100000] reference-disagreement wide:top:keyword:attribute:testDocumentationAttribute#2+real:ConvenienceInitializers:230 len=137 artifacts=40 advent-overaccept=29 advent-underaccept=9 reference-disagreement=1304 same=19985 tree-difference=2
[21384/100000] reference-disagreement wide:trailing-closure:raw:real:WarningControlDeclSyntax:87 len=314 artifacts=40 advent-overaccept=29 advent-underaccept=9 reference-disagreement=1305 same=20039 tree-difference=2
[21392/100000] reference-disagreement attribute-ifconfig-elseif-list len=143 artifacts=40 advent-overaccept=29 advent-underaccept=9 reference-disagreement=1306 same=20046 tree-difference=2
[21403/100000] reference-disagreement attribute-ifconfig-elseif-list len=131 artifacts=40 advent-overaccept=29 advent-underaccept=9 reference-disagreement=1307 same=20056 tree-difference=2
[21405/100000] reference-disagreement wide:trailing-closure:raw:declaration:testClassWithPrivateSet#1 len=86 artifacts=40 advent-overaccept=29 advent-underaccept=9 reference-disagreement=1308 same=20057 tree-difference=2
[21433/100000] reference-disagreement wide:closure:raw:real:Declarations:19 len=593 artifacts=40 advent-overaccept=29 advent-underaccept=9 reference-disagreement=1309 same=20084 tree-difference=2
[21435/100000] reference-disagreement wide:func-body:duplicate+glue:real:ConvenienceInitializers:237 len=461 artifacts=40 advent-overaccept=29 advent-underaccept=9 reference-disagreement=1310 same=20085 tree-difference=2
[21469/100000] reference-disagreement tspl-divergence-protocol-body len=111 artifacts=40 advent-overaccept=29 advent-underaccept=9 reference-disagreement=1311 same=20118 tree-difference=2
[21478/100000] reference-disagreement statement-list len=615 artifacts=40 advent-overaccept=29 advent-underaccept=9 reference-disagreement=1312 same=20126 tree-difference=2
[21494/100000] reference-disagreement ifconfig-member-context-boundary len=77 artifacts=40 advent-overaccept=29 advent-underaccept=9 reference-disagreement=1313 same=20141 tree-difference=2
[21500/100000] same nested-ifconfig-boundary len=158 artifacts=40 advent-overaccept=29 advent-underaccept=9 reference-disagreement=1313 same=20147 tree-difference=2
[21525/100000] reference-disagreement wide:trailing-closure:block-comment+glue:attribute:testObjcImplementationAttribute#1 len=140 artifacts=40 advent-overaccept=29 advent-underaccept=9 reference-disagreement=1314 same=20171 tree-difference=2
[21526/100000] reference-disagreement wide:before-statement:newline:reject:testForwardSlashRegex142#1 len=27 artifacts=40 advent-overaccept=29 advent-underaccept=9 reference-disagreement=1315 same=20171 tree-difference=2
[21529/100000] reference-disagreement wide:func-body:block-comment+block-comment:real:IndentationUtils:21 len=297 artifacts=40 advent-overaccept=29 advent-underaccept=9 reference-disagreement=1316 same=20173 tree-difference=2
[21541/100000] reference-disagreement tspl-divergence-protocol-body len=100 artifacts=40 advent-overaccept=29 advent-underaccept=9 reference-disagreement=1317 same=20184 tree-difference=2
[21557/100000] advent-overaccept wide:trailing-closure:glue+space+glue:type:testInverseTypesInParameter#2 len=43 artifacts=41 advent-overaccept=30 advent-underaccept=9 reference-disagreement=1317 same=20199 tree-difference=2
[21564/100000] reference-disagreement wide:closure:raw:translated:testSwitch12#1+phase4-closure:closure-empty len=71 artifacts=41 advent-overaccept=30 advent-underaccept=9 reference-disagreement=1318 same=20205 tree-difference=2
[21574/100000] reference-disagreement attribute-boundary len=47 artifacts=41 advent-overaccept=30 advent-underaccept=9 reference-disagreement=1319 same=20214 tree-difference=2
[21583/100000] reference-disagreement tspl-divergence-protocol-body len=136 artifacts=41 advent-overaccept=30 advent-underaccept=9 reference-disagreement=1320 same=20222 tree-difference=2
[21590/100000] reference-disagreement statement-list len=672 artifacts=41 advent-overaccept=30 advent-underaccept=9 reference-disagreement=1321 same=20228 tree-difference=2
[21592/100000] reference-disagreement wide:closure:block-comment:real:SyntaxLiteralUtils:15+translated:testTypeExpr11#5 len=156 artifacts=41 advent-overaccept=30 advent-underaccept=9 reference-disagreement=1322 same=20229 tree-difference=2
[21597/100000] reference-disagreement declaration-modifier-stack len=34 artifacts=41 advent-overaccept=30 advent-underaccept=9 reference-disagreement=1323 same=20233 tree-difference=2
[21626/100000] reference-disagreement wide:trailing-closure:splice:real:IndentationUtils:33 len=798 artifacts=41 advent-overaccept=30 advent-underaccept=9 reference-disagreement=1324 same=20261 tree-difference=2
[21639/100000] reference-disagreement member-list-wide-boundary len=238 artifacts=41 advent-overaccept=30 advent-underaccept=9 reference-disagreement=1325 same=20273 tree-difference=2
[21641/100000] reference-disagreement wide:struct-member:newline:real:ConvenienceInitializers:230 len=88 artifacts=41 advent-overaccept=30 advent-underaccept=9 reference-disagreement=1326 same=20274 tree-difference=2
[21667/100000] reference-disagreement wide:func-body:raw:real:SyntaxTraits:850+translated:testGenericDisambiguation3#1 len=145 artifacts=41 advent-overaccept=30 advent-underaccept=9 reference-disagreement=1327 same=20299 tree-difference=2
[21694/100000] reference-disagreement wide:trailing-closure:glue+newline:real:ResultBuilders:689 len=578 artifacts=41 advent-overaccept=30 advent-underaccept=9 reference-disagreement=1328 same=20325 tree-difference=2
[21710/100000] reference-disagreement tspl-divergence-protocol-body len=114 artifacts=41 advent-overaccept=30 advent-underaccept=9 reference-disagreement=1329 same=20340 tree-difference=2
[21750/100000] same wide:trailing-closure:duplicate:real:OperatorTable+Semantics:74 len=405 artifacts=41 advent-overaccept=30 advent-underaccept=9 reference-disagreement=1329 same=20380 tree-difference=2
[21753/100000] reference-disagreement wide:func-body:raw:attribute:testExpose#2 len=49 artifacts=41 advent-overaccept=30 advent-underaccept=9 reference-disagreement=1330 same=20382 tree-difference=2
[21769/100000] reference-disagreement wide:func-body:line-comment+duplicate+delete:real:SyntaxNodeWithBody:98 len=69 artifacts=41 advent-overaccept=30 advent-underaccept=9 reference-disagreement=1331 same=20397 tree-difference=2
[21788/100000] reference-disagreement func-body len=458 artifacts=41 advent-overaccept=30 advent-underaccept=9 reference-disagreement=1332 same=20415 tree-difference=2
[21798/100000] reference-disagreement grammarish-member-list len=322 artifacts=41 advent-overaccept=30 advent-underaccept=9 reference-disagreement=1333 same=20424 tree-difference=2
[21816/100000] reference-disagreement wide:top:delete+space+glue:real:BuildConfiguration:28 len=323 artifacts=41 advent-overaccept=30 advent-underaccept=9 reference-disagreement=1334 same=20441 tree-difference=2
[21822/100000] reference-disagreement wide:trailing-closure:newline:real:IndentationUtils:77 len=774 artifacts=41 advent-overaccept=30 advent-underaccept=9 reference-disagreement=1335 same=20446 tree-difference=2
[21843/100000] reference-disagreement wide:top:raw:translated:testSwitch13#1 len=36 artifacts=41 advent-overaccept=30 advent-underaccept=9 reference-disagreement=1336 same=20466 tree-difference=2
[21882/100000] reference-disagreement wide:trailing-closure:newline:real:DeclSyntaxParseable:60 len=60 artifacts=41 advent-overaccept=30 advent-underaccept=9 reference-disagreement=1337 same=20504 tree-difference=2
[21910/100000] reference-disagreement wide:extension-member:splice+glue:real:SyntaxExpressibleByStringInterpolationConformances:94 len=63 artifacts=41 advent-overaccept=30 advent-underaccept=9 reference-disagreement=1338 same=20531 tree-difference=2
[21949/100000] reference-disagreement wide:trailing-closure:space+newline+space:real:ScopeImplementations:294 len=922 artifacts=41 advent-overaccept=30 advent-underaccept=9 reference-disagreement=1339 same=20569 tree-difference=2
[21959/100000] reference-disagreement wide:struct-member:keyword+newline:real:SyntaxLiteralUtils:21+declaration:testClassParsing#3 len=229 artifacts=41 advent-overaccept=30 advent-underaccept=9 reference-disagreement=1340 same=20578 tree-difference=2
[21984/100000] reference-disagreement wide:func-body:raw:real:StringLiterals:765 len=171 artifacts=41 advent-overaccept=30 advent-underaccept=9 reference-disagreement=1341 same=20602 tree-difference=2
[22000/100000] same wide:trailing-closure:raw:declaration:testWhereClauseWithFunctionType#1 len=80 artifacts=41 advent-overaccept=30 advent-underaccept=9 reference-disagreement=1341 same=20618 tree-difference=2
[22003/100000] reference-disagreement declaration-modifier-stack len=34 artifacts=41 advent-overaccept=30 advent-underaccept=9 reference-disagreement=1342 same=20620 tree-difference=2
[22011/100000] reference-disagreement tspl-divergence-accessor-commitment len=78 artifacts=41 advent-overaccept=30 advent-underaccept=9 reference-disagreement=1343 same=20627 tree-difference=2
[22039/100000] reference-disagreement attribute-ifconfig-elseif-list len=144 artifacts=41 advent-overaccept=30 advent-underaccept=9 reference-disagreement=1344 same=20654 tree-difference=2
[22055/100000] reference-disagreement tspl-divergence-protocol-body len=196 artifacts=41 advent-overaccept=30 advent-underaccept=9 reference-disagreement=1345 same=20669 tree-difference=2
[22074/100000] reference-disagreement member-list-wide-boundary len=265 artifacts=41 advent-overaccept=30 advent-underaccept=9 reference-disagreement=1346 same=20687 tree-difference=2
[22129/100000] reference-disagreement wide:closure:raw:real:SyntaxTraits:684 len=89 artifacts=41 advent-overaccept=30 advent-underaccept=9 reference-disagreement=1347 same=20741 tree-difference=2
[22136/100000] reference-disagreement statement-list len=582 artifacts=41 advent-overaccept=30 advent-underaccept=9 reference-disagreement=1348 same=20747 tree-difference=2
[22153/100000] reference-disagreement wide:trailing-closure:keyword+duplicate:real:ResultBuilders:358 len=126 artifacts=41 advent-overaccept=30 advent-underaccept=9 reference-disagreement=1349 same=20763 tree-difference=2
[22171/100000] reference-disagreement attribute-ifconfig-elseif-list len=108 artifacts=41 advent-overaccept=30 advent-underaccept=9 reference-disagreement=1350 same=20780 tree-difference=2
[22175/100000] reference-disagreement wide:trailing-closure:glue+block-comment:real:SwiftSyntaxCompatibility:486+translated:testForwardSlashRegexSkipping42#1 len=581 artifacts=41 advent-overaccept=30 advent-underaccept=9 reference-disagreement=1351 same=20783 tree-difference=2
[22183/100000] reference-disagreement wide:closure:raw:real:BuildableNodes:319 len=868 artifacts=41 advent-overaccept=30 advent-underaccept=9 reference-disagreement=1352 same=20790 tree-difference=2
[22188/100000] reference-disagreement wide:extension-member:raw:real:Diagnostics:29 len=754 artifacts=41 advent-overaccept=30 advent-underaccept=9 reference-disagreement=1353 same=20794 tree-difference=2
[22202/100000] reference-disagreement tspl-divergence-accessor-commitment len=49 artifacts=41 advent-overaccept=30 advent-underaccept=9 reference-disagreement=1354 same=20807 tree-difference=2
[22206/100000] reference-disagreement wide:extension-member:swap:real:SyntaxExpressibleByStringInterpolationConformances:136+real:ApusTerminals:69 len=269 artifacts=41 advent-overaccept=30 advent-underaccept=9 reference-disagreement=1355 same=20810 tree-difference=2
[22209/100000] reference-disagreement attribute-ifconfig-elseif-list len=125 artifacts=41 advent-overaccept=30 advent-underaccept=9 reference-disagreement=1356 same=20812 tree-difference=2
[22222/100000] reference-disagreement wide:trailing-closure:raw:attribute:testABIAttribute#17 len=44 artifacts=41 advent-overaccept=30 advent-underaccept=9 reference-disagreement=1357 same=20824 tree-difference=2
[22226/100000] reference-disagreement wide:func-body:newline:real:ConvenienceInitializers:93 len=526 artifacts=41 advent-overaccept=30 advent-underaccept=9 reference-disagreement=1358 same=20827 tree-difference=2
[22232/100000] reference-disagreement attribute-ifconfig-elseif-list len=121 artifacts=41 advent-overaccept=30 advent-underaccept=9 reference-disagreement=1359 same=20832 tree-difference=2
[22248/100000] reference-disagreement wide:closure:raw:real:RawSyntaxNodesOP:17 len=92 artifacts=41 advent-overaccept=30 advent-underaccept=9 reference-disagreement=1360 same=20847 tree-difference=2
[22250/100000] same wide:top:space:real:SyntaxProtocol:590 len=436 artifacts=41 advent-overaccept=30 advent-underaccept=9 reference-disagreement=1360 same=20849 tree-difference=2
[22258/100000] reference-disagreement wide:trailing-closure:raw:real:SyntaxTraits:684 len=76 artifacts=41 advent-overaccept=30 advent-underaccept=9 reference-disagreement=1361 same=20856 tree-difference=2
[22270/100000] reference-disagreement attribute-ifconfig-elseif-list len=123 artifacts=41 advent-overaccept=30 advent-underaccept=9 reference-disagreement=1362 same=20867 tree-difference=2
[22293/100000] reference-disagreement wide:closure:block-comment:real:AddPackageTarget:154 len=829 artifacts=41 advent-overaccept=30 advent-underaccept=9 reference-disagreement=1363 same=20889 tree-difference=2
[22309/100000] reference-disagreement wide:func-body:duplicate+space:statement:testHangingYieldArgument#1 len=41 artifacts=41 advent-overaccept=30 advent-underaccept=9 reference-disagreement=1364 same=20904 tree-difference=2
[22335/100000] reference-disagreement wide:top:glue:translated:testDiagnoseAvailability7#1 len=91 artifacts=41 advent-overaccept=30 advent-underaccept=9 reference-disagreement=1365 same=20929 tree-difference=2
[22353/100000] reference-disagreement wide:trailing-closure:newline:declaration:testConstAsArgumentLabel#3 len=43 artifacts=41 advent-overaccept=30 advent-underaccept=9 reference-disagreement=1366 same=20946 tree-difference=2
[22355/100000] reference-disagreement tspl-divergence-accessor-commitment len=78 artifacts=41 advent-overaccept=30 advent-underaccept=9 reference-disagreement=1367 same=20947 tree-difference=2
[22381/100000] reference-disagreement wide:extension-member:newline+newline:translated:testTry39#1+attribute:testABIAttribute#16 len=392 artifacts=41 advent-overaccept=30 advent-underaccept=9 reference-disagreement=1368 same=20972 tree-difference=2
[22409/100000] reference-disagreement wide:struct-member:raw:real:SyntaxTraits:794 len=87 artifacts=41 advent-overaccept=30 advent-underaccept=9 reference-disagreement=1369 same=20999 tree-difference=2
[22429/100000] reference-disagreement tspl-divergence-protocol-body len=131 artifacts=41 advent-overaccept=30 advent-underaccept=9 reference-disagreement=1370 same=21018 tree-difference=2
[22440/100000] reference-disagreement tspl-divergence-accessor-commitment len=78 artifacts=41 advent-overaccept=30 advent-underaccept=9 reference-disagreement=1371 same=21028 tree-difference=2
[22457/100000] reference-disagreement wide:closure:raw:real:SyntaxTraits:704 len=156 artifacts=41 advent-overaccept=30 advent-underaccept=9 reference-disagreement=1372 same=21044 tree-difference=2
[22479/100000] reference-disagreement wide:trailing-closure:space+space:real:Lookahead:165 len=236 artifacts=41 advent-overaccept=30 advent-underaccept=9 reference-disagreement=1373 same=21065 tree-difference=2
[22483/100000] reference-disagreement tspl-divergence-protocol-body len=176 artifacts=41 advent-overaccept=30 advent-underaccept=9 reference-disagreement=1374 same=21068 tree-difference=2
[22500/100000] same closure-result-boundary len=50 artifacts=41 advent-overaccept=30 advent-underaccept=9 reference-disagreement=1374 same=21085 tree-difference=2
[22502/100000] reference-disagreement attribute-ifconfig-elseif-list len=125 artifacts=41 advent-overaccept=30 advent-underaccept=9 reference-disagreement=1375 same=21086 tree-difference=2
[22529/100000] reference-disagreement attribute-ifconfig-elseif-list len=110 artifacts=41 advent-overaccept=30 advent-underaccept=9 reference-disagreement=1376 same=21112 tree-difference=2
[22534/100000] reference-disagreement wide:after-statement:duplicate+glue+splice:translated:testForwardSlashRegex10#1 len=90 artifacts=41 advent-overaccept=30 advent-underaccept=9 reference-disagreement=1377 same=21116 tree-difference=2
[22549/100000] reference-disagreement wide:trailing-closure:raw:real:SyntaxUtils:77 len=73 artifacts=41 advent-overaccept=30 advent-underaccept=9 reference-disagreement=1378 same=21130 tree-difference=2
[22557/100000] reference-disagreement wide:trailing-closure:raw:real:SyntaxCollections:2113 len=495 artifacts=41 advent-overaccept=30 advent-underaccept=9 reference-disagreement=1379 same=21137 tree-difference=2
[22562/100000] reference-disagreement wide:before-statement:block-comment+keyword+newline:reject:testRecovery28#1 len=54 artifacts=41 advent-overaccept=30 advent-underaccept=9 reference-disagreement=1380 same=21141 tree-difference=2
[22565/100000] reference-disagreement wide:closure:newline:translated:testForwardSlashRegexSkipping9#1+real:SyntaxCollections:404 len=519 artifacts=41 advent-overaccept=30 advent-underaccept=9 reference-disagreement=1381 same=21143 tree-difference=2
[22594/100000] reference-disagreement member-list-wide-boundary len=503 artifacts=41 advent-overaccept=30 advent-underaccept=9 reference-disagreement=1382 same=21171 tree-difference=2
[22616/100000] reference-disagreement wide:extension-member:line-comment+line-comment:real:SyntaxExpressibleByStringInterpolationConformances:157 len=112 artifacts=41 advent-overaccept=30 advent-underaccept=9 reference-disagreement=1383 same=21192 tree-difference=2
[22619/100000] reference-disagreement wide:trailing-closure:block-comment:real:LayoutNodes+Parsable:26 len=803 artifacts=41 advent-overaccept=30 advent-underaccept=9 reference-disagreement=1384 same=21194 tree-difference=2
[22653/100000] reference-disagreement wide:trailing-closure:glue+newline+newline:declaration:testAccessors#1 len=47 artifacts=41 advent-overaccept=30 advent-underaccept=9 reference-disagreement=1385 same=21227 tree-difference=2
[22654/100000] reference-disagreement member-list-wide-boundary len=297 artifacts=41 advent-overaccept=30 advent-underaccept=9 reference-disagreement=1386 same=21227 tree-difference=2
[22657/100000] reference-disagreement declaration-modifier-stack len=34 artifacts=41 advent-overaccept=30 advent-underaccept=9 reference-disagreement=1387 same=21229 tree-difference=2
[22669/100000] reference-disagreement grammarish-member-list len=110 artifacts=41 advent-overaccept=30 advent-underaccept=9 reference-disagreement=1388 same=21240 tree-difference=2
[22672/100000] reference-disagreement wide:closure:line-comment:real:ResultBuilders:423 len=136 artifacts=41 advent-overaccept=30 advent-underaccept=9 reference-disagreement=1389 same=21242 tree-difference=2
[22676/100000] reference-disagreement wide:func-body:raw:phase3-modifier:public-func+phase4-loop:while-let len=72 artifacts=41 advent-overaccept=30 advent-underaccept=9 reference-disagreement=1390 same=21245 tree-difference=2
[22678/100000] reference-disagreement wide:trailing-closure:raw:real:BuildableNodes:1177+real:RenamedChildrenBuilderCompatibility:431 len=2235 artifacts=41 advent-overaccept=30 advent-underaccept=9 reference-disagreement=1391 same=21246 tree-difference=2
[22731/100000] reference-disagreement wide:trailing-closure:newline:translated:testResultBuilder2#1+real:DeclSyntaxParseable:49 len=152 artifacts=41 advent-overaccept=30 advent-underaccept=9 reference-disagreement=1392 same=21298 tree-difference=2
[22750/100000] same wide:before-statement:space+keyword+splice:real:SyntaxExpressibleByStringInterpolationConformances:202 len=50 artifacts=41 advent-overaccept=30 advent-underaccept=9 reference-disagreement=1392 same=21317 tree-difference=2
[22754/100000] reference-disagreement declaration-modifier-stack len=34 artifacts=41 advent-overaccept=30 advent-underaccept=9 reference-disagreement=1393 same=21320 tree-difference=2
[22766/100000] reference-disagreement tspl-divergence-protocol-body len=258 artifacts=41 advent-overaccept=30 advent-underaccept=9 reference-disagreement=1394 same=21331 tree-difference=2
[22770/100000] reference-disagreement wide:trailing-closure:raw:translated:testAsync16#1 len=42 artifacts=41 advent-overaccept=30 advent-underaccept=9 reference-disagreement=1395 same=21334 tree-difference=2
[22773/100000] reference-disagreement tspl-divergence-protocol-body len=114 artifacts=41 advent-overaccept=30 advent-underaccept=9 reference-disagreement=1396 same=21336 tree-difference=2
[22785/100000] reference-disagreement wide:func-body:splice+keyword+newline:real:LayoutNodes+Parsable:87+translated:testIdentifiers4#1 len=268 artifacts=41 advent-overaccept=30 advent-underaccept=9 reference-disagreement=1397 same=21347 tree-difference=2
[22792/100000] reference-disagreement wide:struct-member:raw:declaration:testDeinitializers#2 len=22 artifacts=41 advent-overaccept=30 advent-underaccept=9 reference-disagreement=1398 same=21353 tree-difference=2
[22800/100000] reference-disagreement attribute-ifconfig-elseif-list len=119 artifacts=41 advent-overaccept=30 advent-underaccept=9 reference-disagreement=1399 same=21360 tree-difference=2
[22827/100000] reference-disagreement tspl-divergence-accessor-commitment len=78 artifacts=41 advent-overaccept=30 advent-underaccept=9 reference-disagreement=1400 same=21386 tree-difference=2
[22833/100000] reference-disagreement wide:closure:glue:real:SyntaxExpressibleByStringInterpolationConformances:40 len=92 artifacts=41 advent-overaccept=30 advent-underaccept=9 reference-disagreement=1401 same=21391 tree-difference=2
[22835/100000] reference-disagreement statement-list len=542 artifacts=41 advent-overaccept=30 advent-underaccept=9 reference-disagreement=1402 same=21392 tree-difference=2
[22844/100000] reference-disagreement keypath-component-matrix len=38 artifacts=41 advent-overaccept=30 advent-underaccept=9 reference-disagreement=1403 same=21400 tree-difference=2
[22880/100000] reference-disagreement grammarish-member-list len=184 artifacts=41 advent-overaccept=30 advent-underaccept=9 reference-disagreement=1404 same=21435 tree-difference=2
[22922/100000] reference-disagreement tspl-divergence-protocol-body len=171 artifacts=41 advent-overaccept=30 advent-underaccept=9 reference-disagreement=1405 same=21476 tree-difference=2
[22925/100000] reference-disagreement member-list-wide-boundary len=117 artifacts=41 advent-overaccept=30 advent-underaccept=9 reference-disagreement=1406 same=21478 tree-difference=2
[22948/100000] reference-disagreement wide:trailing-closure:raw:translated:testSwitch66#1 len=50 artifacts=41 advent-overaccept=30 advent-underaccept=9 reference-disagreement=1407 same=21500 tree-difference=2
[22959/100000] reference-disagreement wide:func-body:line-comment:real:SyntaxTraits:806 len=67 artifacts=41 advent-overaccept=30 advent-underaccept=9 reference-disagreement=1408 same=21510 tree-difference=2
[22973/100000] reference-disagreement attribute-ifconfig-elseif-list len=132 artifacts=41 advent-overaccept=30 advent-underaccept=9 reference-disagreement=1409 same=21523 tree-difference=2
[22986/100000] reference-disagreement wide:ifconfig:newline+glue+newline:translated:testSubscripting17#1 len=56 artifacts=41 advent-overaccept=30 advent-underaccept=9 reference-disagreement=1410 same=21535 tree-difference=2
[22992/100000] reference-disagreement tspl-divergence-protocol-body len=76 artifacts=41 advent-overaccept=30 advent-underaccept=9 reference-disagreement=1411 same=21540 tree-difference=2
[22997/100000] reference-disagreement wide:closure:raw:real:DeclSyntaxParseable:52 len=72 artifacts=41 advent-overaccept=30 advent-underaccept=9 reference-disagreement=1412 same=21544 tree-difference=2
[23000/100000] same member-keyword len=33 artifacts=41 advent-overaccept=30 advent-underaccept=9 reference-disagreement=1412 same=21547 tree-difference=2
[23019/100000] reference-disagreement wide:trailing-closure:newline:real:BuildableNodes:1177 len=1038 artifacts=41 advent-overaccept=30 advent-underaccept=9 reference-disagreement=1413 same=21565 tree-difference=2
[23030/100000] reference-disagreement grammarish-member-list len=139 artifacts=41 advent-overaccept=30 advent-underaccept=9 reference-disagreement=1414 same=21575 tree-difference=2
[23031/100000] reference-disagreement wide:struct-member:raw:real:SyntaxTraits:784 len=71 artifacts=41 advent-overaccept=30 advent-underaccept=9 reference-disagreement=1415 same=21575 tree-difference=2
[23033/100000] reference-disagreement wide:extension-member:line-comment+duplicate+splice:phase1:let-hex len=50 artifacts=41 advent-overaccept=30 advent-underaccept=9 reference-disagreement=1416 same=21576 tree-difference=2
[23064/100000] reference-disagreement wide:before-statement:line-comment+space+delete:real:SyntaxEnum:920 len=1180 artifacts=41 advent-overaccept=30 advent-underaccept=9 reference-disagreement=1417 same=21606 tree-difference=2
[23086/100000] reference-disagreement wide:closure:raw:real:MacroReplacement:59 len=827 artifacts=41 advent-overaccept=30 advent-underaccept=9 reference-disagreement=1418 same=21627 tree-difference=2
[23127/100000] reference-disagreement wide:trailing-closure:raw:real:BinarySubtreeRepresentation:25 len=344 artifacts=41 advent-overaccept=30 advent-underaccept=9 reference-disagreement=1419 same=21667 tree-difference=2
[23131/100000] reference-disagreement wide:before-statement:glue:translated:testOperatorDeclDesignatedTypes9#1 len=75 artifacts=41 advent-overaccept=30 advent-underaccept=9 reference-disagreement=1420 same=21670 tree-difference=2
[23135/100000] reference-disagreement wide:struct-member:raw:real:ConvenienceInitializers:219 len=212 artifacts=41 advent-overaccept=30 advent-underaccept=9 reference-disagreement=1421 same=21673 tree-difference=2
[23138/100000] reference-disagreement grammarish-member-list len=336 artifacts=41 advent-overaccept=30 advent-underaccept=9 reference-disagreement=1422 same=21675 tree-difference=2
[23148/100000] reference-disagreement wide:trailing-closure:raw:translated:testInvalidStringInterpolationProtocol4#1 len=276 artifacts=41 advent-overaccept=30 advent-underaccept=9 reference-disagreement=1423 same=21684 tree-difference=2
[23179/100000] reference-disagreement wide:closure:newline+line-comment+block-comment:translated:testMatchingPatterns1#1+translated:testAvailabilityQuery35#1 len=120 artifacts=41 advent-overaccept=30 advent-underaccept=9 reference-disagreement=1424 same=21714 tree-difference=2
[23212/100000] reference-disagreement ifconfig-member-context-boundary len=77 artifacts=41 advent-overaccept=30 advent-underaccept=9 reference-disagreement=1425 same=21746 tree-difference=2
[23231/100000] reference-disagreement wide:top:space+line-comment+line-comment:attribute:testImplementsAttribute#1 len=314 artifacts=41 advent-overaccept=30 advent-underaccept=9 reference-disagreement=1426 same=21764 tree-difference=2
[23238/100000] reference-disagreement wide:func-body:space:real:SyntaxTraits:706 len=75 artifacts=41 advent-overaccept=30 advent-underaccept=9 reference-disagreement=1427 same=21770 tree-difference=2
[23245/100000] reference-disagreement wide:trailing-closure:line-comment:real:LayoutNodes+Parsable:215 len=190 artifacts=41 advent-overaccept=30 advent-underaccept=9 reference-disagreement=1428 same=21776 tree-difference=2
[23250/100000] same closure-call len=54 artifacts=41 advent-overaccept=30 advent-underaccept=9 reference-disagreement=1428 same=21781 tree-difference=2
[23253/100000] reference-disagreement grammarish-member-list len=267 artifacts=41 advent-overaccept=30 advent-underaccept=9 reference-disagreement=1429 same=21783 tree-difference=2
[23262/100000] reference-disagreement keypath-component-matrix len=31 artifacts=41 advent-overaccept=30 advent-underaccept=9 reference-disagreement=1430 same=21791 tree-difference=2
[23301/100000] reference-disagreement binding-pattern len=458 artifacts=41 advent-overaccept=30 advent-underaccept=9 reference-disagreement=1431 same=21829 tree-difference=2
[23335/100000] reference-disagreement wide:func-body:raw:translated:testModuleSelectorCorrectCode#1 len=56 artifacts=41 advent-overaccept=30 advent-underaccept=9 reference-disagreement=1432 same=21862 tree-difference=2
[23398/100000] reference-disagreement wide:func-body:raw:translated:testBorrowingContextualParsing#5 len=145 artifacts=41 advent-overaccept=30 advent-underaccept=9 reference-disagreement=1433 same=21924 tree-difference=2
[23400/100000] reference-disagreement attribute-ifconfig-elseif-list len=104 artifacts=41 advent-overaccept=30 advent-underaccept=9 reference-disagreement=1434 same=21925 tree-difference=2
[23420/100000] reference-disagreement wide:func-body:keyword:real:ConvenienceInitializers:187+phase4-keypath:kp-chain len=85 artifacts=41 advent-overaccept=30 advent-underaccept=9 reference-disagreement=1435 same=21944 tree-difference=2
[23427/100000] reference-disagreement wide:closure:newline:phase3-modifier:final-public len=45 artifacts=41 advent-overaccept=30 advent-underaccept=9 reference-disagreement=1436 same=21950 tree-difference=2
[23428/100000] reference-disagreement tspl-divergence-protocol-body len=90 artifacts=41 advent-overaccept=30 advent-underaccept=9 reference-disagreement=1437 same=21950 tree-difference=2
[23432/100000] reference-disagreement wide:closure:raw:declaration:testOperators#1+phase4-misc:avail-cond-two len=119 artifacts=41 advent-overaccept=30 advent-underaccept=9 reference-disagreement=1438 same=21953 tree-difference=2
[23439/100000] reference-disagreement wide:top:block-comment+duplicate+line-comment:real:MacroExpansionDiagnosticMessages:64 len=287 artifacts=41 advent-overaccept=30 advent-underaccept=9 reference-disagreement=1439 same=21959 tree-difference=2
[23467/100000] reference-disagreement wide:extension-member:raw:real:SyntaxProtocol+Formatted:19 len=266 artifacts=41 advent-overaccept=30 advent-underaccept=9 reference-disagreement=1440 same=21986 tree-difference=2
[23500/100000] same frontier:interpolation-delimiter len=348 artifacts=41 advent-overaccept=30 advent-underaccept=9 reference-disagreement=1440 same=22019 tree-difference=2
[23507/100000] reference-disagreement tspl-divergence-accessor-commitment len=49 artifacts=41 advent-overaccept=30 advent-underaccept=9 reference-disagreement=1441 same=22025 tree-difference=2
[23522/100000] reference-disagreement statement-list len=621 artifacts=41 advent-overaccept=30 advent-underaccept=9 reference-disagreement=1442 same=22039 tree-difference=2
[23528/100000] reference-disagreement wide:top:delete+delete:expression:testKeypathExpression#7 len=4 artifacts=41 advent-overaccept=30 advent-underaccept=9 reference-disagreement=1443 same=22044 tree-difference=2
[23540/100000] reference-disagreement wide:closure:newline:real:Syntax:548 len=50 artifacts=41 advent-overaccept=30 advent-underaccept=9 reference-disagreement=1444 same=22055 tree-difference=2
[23553/100000] reference-disagreement wide:func-body:raw:real:Syntax+StringInterpolation:469 len=80 artifacts=41 advent-overaccept=30 advent-underaccept=9 reference-disagreement=1445 same=22067 tree-difference=2
[23572/100000] reference-disagreement wide:closure:newline+newline:real:SyntaxCollections:1054 len=545 artifacts=41 advent-overaccept=30 advent-underaccept=9 reference-disagreement=1446 same=22085 tree-difference=2
[23591/100000] reference-disagreement wide:func-body:line-comment:real:SyntaxExpressibleByStringInterpolationConformances:262 len=184 artifacts=41 advent-overaccept=30 advent-underaccept=9 reference-disagreement=1447 same=22103 tree-difference=2
[23620/100000] reference-disagreement wide:extension-member:raw:real:Syntax+StringInterpolation:269 len=256 artifacts=41 advent-overaccept=30 advent-underaccept=9 reference-disagreement=1448 same=22131 tree-difference=2
[23651/100000] reference-disagreement wide:func-body:newline+space+glue:translated:testDeprecatedWhere10#1 len=121 artifacts=41 advent-overaccept=30 advent-underaccept=9 reference-disagreement=1449 same=22161 tree-difference=2
[23653/100000] reference-disagreement tspl-divergence-protocol-body len=162 artifacts=41 advent-overaccept=30 advent-underaccept=9 reference-disagreement=1450 same=22162 tree-difference=2
[23655/100000] reference-disagreement wide:func-body:raw:real:Statements:815 len=597 artifacts=41 advent-overaccept=30 advent-underaccept=9 reference-disagreement=1451 same=22163 tree-difference=2
[23700/100000] reference-disagreement wide:closure:raw:declaration:testParseIsolatedConformances#4 len=61 artifacts=41 advent-overaccept=30 advent-underaccept=9 reference-disagreement=1452 same=22207 tree-difference=2
[23719/100000] reference-disagreement tspl-divergence-protocol-body len=237 artifacts=41 advent-overaccept=30 advent-underaccept=9 reference-disagreement=1453 same=22225 tree-difference=2
[23737/100000] reference-disagreement wide:extension-member:raw:translated:testDeprecatedWhere11#1+real:SwiftSyntaxCompatibility:252 len=502 artifacts=41 advent-overaccept=30 advent-underaccept=9 reference-disagreement=1454 same=22242 tree-difference=2
[23750/100000] reference-disagreement keypath-component-matrix len=40 artifacts=41 advent-overaccept=30 advent-underaccept=9 reference-disagreement=1455 same=22254 tree-difference=2
[23756/100000] reference-disagreement wide:trailing-closure:newline:real:ScopeImplementations:978 len=280 artifacts=41 advent-overaccept=30 advent-underaccept=9 reference-disagreement=1456 same=22259 tree-difference=2
[23781/100000] reference-disagreement wide:trailing-closure:space:real:Operator:38+attribute:testTypeAttributeInExprContext#1 len=506 artifacts=41 advent-overaccept=30 advent-underaccept=9 reference-disagreement=1457 same=22283 tree-difference=2
[23806/100000] reference-disagreement grammarish-member-list len=331 artifacts=41 advent-overaccept=30 advent-underaccept=9 reference-disagreement=1458 same=22307 tree-difference=2
[23807/100000] reference-disagreement tspl-divergence-accessor-commitment len=49 artifacts=41 advent-overaccept=30 advent-underaccept=9 reference-disagreement=1459 same=22307 tree-difference=2
[23808/100000] reference-disagreement wide:ifconfig:newline:type:testNamedOpaqueReturnTypes#1 len=352 artifacts=41 advent-overaccept=30 advent-underaccept=9 reference-disagreement=1460 same=22307 tree-difference=2
[23809/100000] reference-disagreement tspl-divergence-protocol-body len=100 artifacts=41 advent-overaccept=30 advent-underaccept=9 reference-disagreement=1461 same=22307 tree-difference=2
[23814/100000] reference-disagreement wide:func-body:raw:attribute:testQualifiedAttribute#1 len=85 artifacts=41 advent-overaccept=30 advent-underaccept=9 reference-disagreement=1462 same=22311 tree-difference=2
[23831/100000] reference-disagreement wide:func-body:block-comment+swap+glue:real:SyntaxCollections:761 len=463 artifacts=41 advent-overaccept=30 advent-underaccept=9 reference-disagreement=1463 same=22327 tree-difference=2
[23839/100000] reference-disagreement tspl-divergence-accessor-commitment len=49 artifacts=41 advent-overaccept=30 advent-underaccept=9 reference-disagreement=1464 same=22334 tree-difference=2
[23843/100000] reference-disagreement wide:struct-member:line-comment:real:ResultBuilders:63 len=184 artifacts=41 advent-overaccept=30 advent-underaccept=9 reference-disagreement=1465 same=22337 tree-difference=2
[23857/100000] reference-disagreement wide:trailing-closure:raw:real:Syntax+StringInterpolation:276 len=254 artifacts=41 advent-overaccept=30 advent-underaccept=9 reference-disagreement=1466 same=22350 tree-difference=2
[23869/100000] reference-disagreement wide:closure:splice+line-comment:real:Lookahead:165+real:MissingNodeInitializers:68 len=623 artifacts=41 advent-overaccept=30 advent-underaccept=9 reference-disagreement=1467 same=22361 tree-difference=2
[23895/100000] reference-disagreement attribute-ifconfig-elseif-list len=115 artifacts=41 advent-overaccept=30 advent-underaccept=9 reference-disagreement=1468 same=22386 tree-difference=2
[23898/100000] reference-disagreement wide:extension-member:glue+keyword:real:IdentifiableSyntax:16 len=105 artifacts=41 advent-overaccept=30 advent-underaccept=9 reference-disagreement=1469 same=22388 tree-difference=2
[23918/100000] reference-disagreement wide:interpolation:block-comment:expression:testNonBreakingSpace#1 len=22 artifacts=41 advent-overaccept=30 advent-underaccept=9 reference-disagreement=1470 same=22407 tree-difference=2
[23934/100000] reference-disagreement keypath-boundary len=40 artifacts=41 advent-overaccept=30 advent-underaccept=9 reference-disagreement=1471 same=22422 tree-difference=2
[23948/100000] reference-disagreement member-list-wide-boundary len=109 artifacts=41 advent-overaccept=30 advent-underaccept=9 reference-disagreement=1472 same=22435 tree-difference=2
[23960/100000] reference-disagreement wide:trailing-closure:line-comment+keyword:translated:testModuleSelectorAttrs#3 len=91 artifacts=41 advent-overaccept=30 advent-underaccept=9 reference-disagreement=1473 same=22446 tree-difference=2
[23983/100000] reference-disagreement wide:func-body:raw:real:ResultBuilders:128 len=199 artifacts=41 advent-overaccept=30 advent-underaccept=9 reference-disagreement=1474 same=22468 tree-difference=2
[23985/100000] reference-disagreement attribute-ifconfig-elseif-list len=127 artifacts=41 advent-overaccept=30 advent-underaccept=9 reference-disagreement=1475 same=22469 tree-difference=2
[23995/100000] reference-disagreement wide:func-body:raw:real:SyntaxExpressibleByStringInterpolationConformances:175 len=86 artifacts=41 advent-overaccept=30 advent-underaccept=9 reference-disagreement=1476 same=22478 tree-difference=2
[24000/100000] same wide:before-statement:raw:phase4-type:func-type-async+real:SyntaxTraits:730 len=106 artifacts=41 advent-overaccept=30 advent-underaccept=9 reference-disagreement=1476 same=22483 tree-difference=2
[24054/100000] reference-disagreement wide:func-body:raw:real:SyntaxTraits:756 len=63 artifacts=41 advent-overaccept=30 advent-underaccept=9 reference-disagreement=1477 same=22536 tree-difference=2
[24058/100000] reference-disagreement wide:trailing-closure:glue:real:SyntaxTraits:826 len=116 artifacts=41 advent-overaccept=30 advent-underaccept=9 reference-disagreement=1478 same=22539 tree-difference=2
[24084/100000] reference-disagreement wide:trailing-closure:raw:expression:testKeyPathMethodAndInitializers#18 len=40 artifacts=41 advent-overaccept=30 advent-underaccept=9 reference-disagreement=1479 same=22564 tree-difference=2
[24112/100000] reference-disagreement statement-list len=548 artifacts=41 advent-overaccept=30 advent-underaccept=9 reference-disagreement=1480 same=22591 tree-difference=2
[24115/100000] reference-disagreement wide:func-body:newline:phase3-statement:tuple-bind-nested+real:Operator:57 len=255 artifacts=41 advent-overaccept=30 advent-underaccept=9 reference-disagreement=1481 same=22593 tree-difference=2
[24153/100000] reference-disagreement wide:interpolation:block-comment:translated:testAvailabilityQueryUnavailability12#1 len=52 artifacts=41 advent-overaccept=30 advent-underaccept=9 reference-disagreement=1482 same=22630 tree-difference=2
[24194/100000] reference-disagreement attribute-ifconfig-elseif-list len=123 artifacts=41 advent-overaccept=30 advent-underaccept=9 reference-disagreement=1483 same=22670 tree-difference=2
[24203/100000] reference-disagreement wide:trailing-closure:raw:real:MissingNodeInitializers:13 len=280 artifacts=41 advent-overaccept=30 advent-underaccept=9 reference-disagreement=1484 same=22678 tree-difference=2
[24216/100000] tree-difference wide:closure:delete+space:translated:testForwardSlashRegexSkipping30#1 len=46 artifacts=42 advent-overaccept=30 advent-underaccept=9 reference-disagreement=1484 same=22690 tree-difference=3
[24217/100000] reference-disagreement wide:func-body:raw:real:Diagnostic:81 len=474 artifacts=42 advent-overaccept=30 advent-underaccept=9 reference-disagreement=1485 same=22690 tree-difference=3
[24248/100000] reference-disagreement wide:extension-member:raw:declaration:testModifiedParameter#3 len=71 artifacts=42 advent-overaccept=30 advent-underaccept=9 reference-disagreement=1486 same=22720 tree-difference=3
[24250/100000] same seed-corpus-mutated:predicate-macro len=48 artifacts=42 advent-overaccept=30 advent-underaccept=9 reference-disagreement=1486 same=22722 tree-difference=3
[24279/100000] reference-disagreement wide:closure:block-comment:real:Convenience:128 len=316 artifacts=42 advent-overaccept=30 advent-underaccept=9 reference-disagreement=1487 same=22750 tree-difference=3
[24285/100000] reference-disagreement wide:trailing-closure:newline:real:BuildableNodes:137 len=1053 artifacts=42 advent-overaccept=30 advent-underaccept=9 reference-disagreement=1488 same=22755 tree-difference=3
[24296/100000] reference-disagreement binding-pattern len=458 artifacts=42 advent-overaccept=30 advent-underaccept=9 reference-disagreement=1489 same=22765 tree-difference=3
[24304/100000] reference-disagreement wide:closure:raw:real:Parser:848+translated:testForwardSlashRegex108#2 len=621 artifacts=42 advent-overaccept=30 advent-underaccept=9 reference-disagreement=1490 same=22772 tree-difference=3
[24319/100000] reference-disagreement wide:trailing-closure:raw:attribute:testTransposeAttribute#3 len=113 artifacts=42 advent-overaccept=30 advent-underaccept=9 reference-disagreement=1491 same=22786 tree-difference=3
[24341/100000] reference-disagreement wide:closure:raw:real:RefactoringProvider:118 len=487 artifacts=42 advent-overaccept=30 advent-underaccept=9 reference-disagreement=1492 same=22807 tree-difference=3
[24375/100000] reference-disagreement wide:after-statement:raw:attribute:testTransposeAttribute#1 len=143 artifacts=42 advent-overaccept=30 advent-underaccept=9 reference-disagreement=1493 same=22840 tree-difference=3
[24422/100000] reference-disagreement wide:closure:raw:real:ExpandEditorPlaceholder:506 len=63 artifacts=42 advent-overaccept=30 advent-underaccept=9 reference-disagreement=1494 same=22886 tree-difference=3
[24426/100000] reference-disagreement tspl-divergence-accessor-commitment len=49 artifacts=42 advent-overaccept=30 advent-underaccept=9 reference-disagreement=1495 same=22889 tree-difference=3
[24430/100000] reference-disagreement wide:func-body:newline+splice:real:SyntaxExpressibleByStringInterpolationConformances:250+translated:testSuper2h#1 len=152 artifacts=42 advent-overaccept=30 advent-underaccept=9 reference-disagreement=1496 same=22892 tree-difference=3
[24431/100000] reference-disagreement tspl-divergence-protocol-body len=231 artifacts=42 advent-overaccept=30 advent-underaccept=9 reference-disagreement=1497 same=22892 tree-difference=3
[24500/100000] same attribute-decl len=51 artifacts=42 advent-overaccept=30 advent-underaccept=9 reference-disagreement=1497 same=22961 tree-difference=3
[24503/100000] reference-disagreement wide:closure:raw:real:Parser:848+phase2-infix:long-chain len=634 artifacts=42 advent-overaccept=30 advent-underaccept=9 reference-disagreement=1498 same=22963 tree-difference=3
[24509/100000] reference-disagreement tspl-divergence-protocol-body len=89 artifacts=42 advent-overaccept=30 advent-underaccept=9 reference-disagreement=1499 same=22968 tree-difference=3
[24577/100000] reference-disagreement keypath-boundary len=40 artifacts=42 advent-overaccept=30 advent-underaccept=9 reference-disagreement=1500 same=23035 tree-difference=3
[24596/100000] reference-disagreement wide:struct-member:newline+line-comment:real:ResultBuilderExtensions:117 len=368 artifacts=42 advent-overaccept=30 advent-underaccept=9 reference-disagreement=1501 same=23053 tree-difference=3
[24598/100000] reference-disagreement wide:trailing-closure:glue+duplicate:translated:testRecovery113#1 len=59 artifacts=42 advent-overaccept=30 advent-underaccept=9 reference-disagreement=1502 same=23054 tree-difference=3
[24627/100000] reference-disagreement wide:closure:newline:real:SwiftParserCompatibility:22 len=308 artifacts=42 advent-overaccept=30 advent-underaccept=9 reference-disagreement=1503 same=23082 tree-difference=3
[24631/100000] reference-disagreement wide:trailing-closure:block-comment:real:VersionTuple:58 len=64 artifacts=42 advent-overaccept=30 advent-underaccept=9 reference-disagreement=1504 same=23085 tree-difference=3
[24643/100000] reference-disagreement wide:trailing-closure:keyword:translated:testSwitch52#1 len=87 artifacts=42 advent-overaccept=30 advent-underaccept=9 reference-disagreement=1505 same=23096 tree-difference=3
[24646/100000] reference-disagreement member-list-wide-boundary len=114 artifacts=42 advent-overaccept=30 advent-underaccept=9 reference-disagreement=1506 same=23098 tree-difference=3
[24694/100000] reference-disagreement wide:ifconfig:newline:translated:testSwitch45#1+real:SyntaxExpressibleByStringInterpolationConformances:142 len=143 artifacts=42 advent-overaccept=30 advent-underaccept=9 reference-disagreement=1507 same=23145 tree-difference=3
[24724/100000] reference-disagreement wide:closure:block-comment+block-comment:real:GroupedDiagnostics:275 len=672 artifacts=42 advent-overaccept=30 advent-underaccept=9 reference-disagreement=1508 same=23174 tree-difference=3
[24737/100000] reference-disagreement tspl-divergence-protocol-body len=292 artifacts=42 advent-overaccept=30 advent-underaccept=9 reference-disagreement=1509 same=23186 tree-difference=3
[24739/100000] reference-disagreement cast-try-operator-cluster len=24 artifacts=42 advent-overaccept=30 advent-underaccept=9 reference-disagreement=1510 same=23187 tree-difference=3
[24746/100000] advent-underaccept wide:ifconfig:keyword+delete:real:CollectionNodes+Parsable:118 len=757 artifacts=43 advent-overaccept=30 advent-underaccept=10 reference-disagreement=1510 same=23193 tree-difference=3
[24748/100000] reference-disagreement wide:struct-member:raw:real:SourceLength:61+real:SyntaxTraits:798 len=1075 artifacts=43 advent-overaccept=30 advent-underaccept=10 reference-disagreement=1511 same=23194 tree-difference=3
[24750/100000] same wide:ifconfig:line-comment+space+duplicate:reject:testConflictMarkers12#1 len=152 artifacts=43 advent-overaccept=30 advent-underaccept=10 reference-disagreement=1511 same=23196 tree-difference=3
[24773/100000] reference-disagreement wide:struct-member:glue:declaration:testProtocolParsing#3 len=141 artifacts=43 advent-overaccept=30 advent-underaccept=10 reference-disagreement=1512 same=23218 tree-difference=3
[24783/100000] reference-disagreement attribute-ifconfig-elseif-list len=127 artifacts=43 advent-overaccept=30 advent-underaccept=10 reference-disagreement=1513 same=23227 tree-difference=3
[24792/100000] reference-disagreement tspl-divergence-protocol-body len=145 artifacts=43 advent-overaccept=30 advent-underaccept=10 reference-disagreement=1514 same=23235 tree-difference=3
[24800/100000] reference-disagreement attribute-ifconfig-elseif-list len=116 artifacts=43 advent-overaccept=30 advent-underaccept=10 reference-disagreement=1515 same=23242 tree-difference=3
[24802/100000] reference-disagreement member-list-wide-boundary len=113 artifacts=43 advent-overaccept=30 advent-underaccept=10 reference-disagreement=1516 same=23243 tree-difference=3
[24808/100000] reference-disagreement statement-list len=751 artifacts=43 advent-overaccept=30 advent-underaccept=10 reference-disagreement=1517 same=23248 tree-difference=3
[24848/100000] reference-disagreement wide:closure:line-comment+glue+line-comment:real:BuildableNodes:406 len=1276 artifacts=43 advent-overaccept=30 advent-underaccept=10 reference-disagreement=1518 same=23287 tree-difference=3
[24870/100000] reference-disagreement keypath-component-matrix len=41 artifacts=43 advent-overaccept=30 advent-underaccept=10 reference-disagreement=1519 same=23308 tree-difference=3
[24875/100000] reference-disagreement wide:trailing-closure:glue+block-comment:real:DiagnosticGroupInheritanceTree:32 len=904 artifacts=43 advent-overaccept=30 advent-underaccept=10 reference-disagreement=1520 same=23312 tree-difference=3
[24884/100000] reference-disagreement wide:closure:raw:real:MultiLineStringLiteralDiagnosticsGenerator:24 len=271 artifacts=43 advent-overaccept=30 advent-underaccept=10 reference-disagreement=1521 same=23320 tree-difference=3
[24885/100000] reference-disagreement wide:ifconfig:block-comment+keyword:translated:testSwitch69#1 len=61 artifacts=43 advent-overaccept=30 advent-underaccept=10 reference-disagreement=1522 same=23320 tree-difference=3
[24894/100000] reference-disagreement wide:ifconfig:newline:real:SyntaxEnum:920 len=1186 artifacts=43 advent-overaccept=30 advent-underaccept=10 reference-disagreement=1523 same=23328 tree-difference=3
[24931/100000] reference-disagreement tspl-divergence-protocol-body len=207 artifacts=43 advent-overaccept=30 advent-underaccept=10 reference-disagreement=1524 same=23364 tree-difference=3
[24972/100000] reference-disagreement attribute-ifconfig-elseif-list len=121 artifacts=43 advent-overaccept=30 advent-underaccept=10 reference-disagreement=1525 same=23404 tree-difference=3
[25000/100000] same ifconfig-boundary len=22 artifacts=43 advent-overaccept=30 advent-underaccept=10 reference-disagreement=1525 same=23432 tree-difference=3
[25006/100000] reference-disagreement wide:before-statement:glue+line-comment+block-comment:translated:testSwitch44#1 len=96 artifacts=43 advent-overaccept=30 advent-underaccept=10 reference-disagreement=1526 same=23437 tree-difference=3
[25007/100000] reference-disagreement wide:ifconfig:newline+line-comment:declaration:testAccessors#2 len=76 artifacts=43 advent-overaccept=30 advent-underaccept=10 reference-disagreement=1527 same=23437 tree-difference=3
[25011/100000] reference-disagreement wide:func-body:block-comment+duplicate+newline:translated:testObjcEnum5#1+declaration:testInitAccessor#3 len=201 artifacts=43 advent-overaccept=30 advent-underaccept=10 reference-disagreement=1528 same=23440 tree-difference=3
[25015/100000] reference-disagreement wide:closure:raw:real:Oracle:180+real:SyntaxExpressibleByStringInterpolationConformances:229 len=1030 artifacts=43 advent-overaccept=30 advent-underaccept=10 reference-disagreement=1529 same=23443 tree-difference=3
[25020/100000] reference-disagreement wide:closure:raw:real:Oracle:43 len=95 artifacts=43 advent-overaccept=30 advent-underaccept=10 reference-disagreement=1530 same=23447 tree-difference=3
[25023/100000] reference-disagreement wide:trailing-closure:raw:real:RawSyntaxNodeProtocol:85+attribute:testIsolatedTypeAttribute#4 len=503 artifacts=43 advent-overaccept=30 advent-underaccept=10 reference-disagreement=1531 same=23449 tree-difference=3
[25032/100000] reference-disagreement wide:trailing-closure:glue:real:MacroExpansion:549 len=451 artifacts=43 advent-overaccept=30 advent-underaccept=10 reference-disagreement=1532 same=23457 tree-difference=3
[25048/100000] reference-disagreement wide:trailing-closure:newline:real:SyntaxExpressibleByStringInterpolationConformances:235 len=167 artifacts=43 advent-overaccept=30 advent-underaccept=10 reference-disagreement=1533 same=23472 tree-difference=3
[25050/100000] reference-disagreement cast-try-operator-cluster len=24 artifacts=43 advent-overaccept=30 advent-underaccept=10 reference-disagreement=1534 same=23473 tree-difference=3
[25078/100000] reference-disagreement wide:closure:raw:real:SyntaxTraits:352 len=696 artifacts=43 advent-overaccept=30 advent-underaccept=10 reference-disagreement=1535 same=23500 tree-difference=3
[25101/100000] reference-disagreement attribute-ifconfig-elseif-list len=108 artifacts=43 advent-overaccept=30 advent-underaccept=10 reference-disagreement=1536 same=23522 tree-difference=3
[25129/100000] reference-disagreement keypath-boundary len=38 artifacts=43 advent-overaccept=30 advent-underaccept=10 reference-disagreement=1537 same=23549 tree-difference=3
[25151/100000] reference-disagreement wide:closure:raw:real:SwiftVersion:13 len=165 artifacts=43 advent-overaccept=30 advent-underaccept=10 reference-disagreement=1538 same=23570 tree-difference=3
[25152/100000] reference-disagreement wide:extension-member:raw:translated:testModuleSelectorExpr#8+real:SyntaxTraits:784 len=127 artifacts=43 advent-overaccept=30 advent-underaccept=10 reference-disagreement=1539 same=23570 tree-difference=3
[25177/100000] reference-disagreement wide:trailing-closure:newline+newline+keyword:real:DeclSyntaxParseable:46 len=48 artifacts=43 advent-overaccept=30 advent-underaccept=10 reference-disagreement=1540 same=23594 tree-difference=3
[25179/100000] reference-disagreement wide:trailing-closure:keyword+newline+duplicate:expression:testTrailingClosures#2 len=44 artifacts=43 advent-overaccept=30 advent-underaccept=10 reference-disagreement=1541 same=23595 tree-difference=3
[25186/100000] reference-disagreement member-list-wide-boundary len=226 artifacts=43 advent-overaccept=30 advent-underaccept=10 reference-disagreement=1542 same=23601 tree-difference=3
[25193/100000] reference-disagreement wide:struct-member:glue:real:SwiftSyntaxCompatibility:1132+real:CollectionNodes+Parsable:63 len=1731 artifacts=43 advent-overaccept=30 advent-underaccept=10 reference-disagreement=1543 same=23607 tree-difference=3
[25225/100000] reference-disagreement tspl-divergence-protocol-body len=132 artifacts=43 advent-overaccept=30 advent-underaccept=10 reference-disagreement=1544 same=23638 tree-difference=3
[25229/100000] reference-disagreement wide:func-body:raw:translated:testOperators29#1+real:SyntaxUtils:287 len=250 artifacts=43 advent-overaccept=30 advent-underaccept=10 reference-disagreement=1545 same=23641 tree-difference=3
[25249/100000] reference-disagreement tspl-divergence-accessor-commitment len=49 artifacts=43 advent-overaccept=30 advent-underaccept=10 reference-disagreement=1546 same=23660 tree-difference=3
[25250/100000] same seed-corpus-mutated:extension-optional-type len=36 artifacts=43 advent-overaccept=30 advent-underaccept=10 reference-disagreement=1546 same=23661 tree-difference=3
[25270/100000] reference-disagreement wide:trailing-closure:block-comment+keyword+duplicate:real:ResultBuilders:241 len=168 artifacts=43 advent-overaccept=30 advent-underaccept=10 reference-disagreement=1547 same=23680 tree-difference=3
[25298/100000] reference-disagreement keypath-component-matrix len=46 artifacts=43 advent-overaccept=30 advent-underaccept=10 reference-disagreement=1548 same=23707 tree-difference=3
[25391/100000] reference-disagreement wide:extension-member:raw:real:DeclSyntaxParseable:49 len=67 artifacts=43 advent-overaccept=30 advent-underaccept=10 reference-disagreement=1549 same=23799 tree-difference=3
[25450/100000] reference-disagreement wide:struct-member:glue+space+newline:real:ResultBuilders:531 len=224 artifacts=43 advent-overaccept=30 advent-underaccept=10 reference-disagreement=1550 same=23857 tree-difference=3
[25495/100000] reference-disagreement wide:closure:glue+glue:real:SyntaxEnum:1200 len=924 artifacts=43 advent-overaccept=30 advent-underaccept=10 reference-disagreement=1551 same=23901 tree-difference=3
[25500/100000] same wide:ifconfig:raw:real:ScopeImplementations:978 len=290 artifacts=43 advent-overaccept=30 advent-underaccept=10 reference-disagreement=1551 same=23906 tree-difference=3
[25508/100000] reference-disagreement wide:trailing-closure:glue+space+newline:translated:testOperatorDecl21#1 len=58 artifacts=43 advent-overaccept=30 advent-underaccept=10 reference-disagreement=1552 same=23913 tree-difference=3
[25542/100000] reference-disagreement wide:closure:raw:real:SyntaxNodeWithBody:214 len=79 artifacts=43 advent-overaccept=30 advent-underaccept=10 reference-disagreement=1553 same=23946 tree-difference=3
[25543/100000] reference-disagreement attribute-ifconfig-elseif-list len=108 artifacts=43 advent-overaccept=30 advent-underaccept=10 reference-disagreement=1554 same=23946 tree-difference=3
[25550/100000] reference-disagreement attribute-ifconfig-elseif-list len=132 artifacts=43 advent-overaccept=30 advent-underaccept=10 reference-disagreement=1555 same=23952 tree-difference=3
[25560/100000] reference-disagreement attribute-ifconfig-elseif-list len=126 artifacts=43 advent-overaccept=30 advent-underaccept=10 reference-disagreement=1556 same=23961 tree-difference=3
[25572/100000] reference-disagreement wide:extension-member:raw:real:ScopeImplementations:907 len=340 artifacts=43 advent-overaccept=30 advent-underaccept=10 reference-disagreement=1557 same=23972 tree-difference=3
[25574/100000] reference-disagreement grammarish-member-list len=261 artifacts=43 advent-overaccept=30 advent-underaccept=10 reference-disagreement=1558 same=23973 tree-difference=3
[25589/100000] advent-overaccept wide:after-statement:splice+keyword:reject:testConflictMarkers14#1 len=203 artifacts=43 advent-overaccept=31 advent-underaccept=10 reference-disagreement=1558 same=23987 tree-difference=3
[25610/100000] reference-disagreement wide:closure:newline:expression:testKeyPathMethodAndInitializers#18 len=54 artifacts=43 advent-overaccept=31 advent-underaccept=10 reference-disagreement=1559 same=24007 tree-difference=3
[25611/100000] reference-disagreement wide:func-body:newline:real:BuildConfiguration:311 len=327 artifacts=43 advent-overaccept=31 advent-underaccept=10 reference-disagreement=1560 same=24007 tree-difference=3
[25613/100000] reference-disagreement wide:func-body:block-comment+newline:real:SyntaxCollections:907 len=504 artifacts=43 advent-overaccept=31 advent-underaccept=10 reference-disagreement=1561 same=24008 tree-difference=3
[25632/100000] reference-disagreement declaration-modifier-stack len=34 artifacts=43 advent-overaccept=31 advent-underaccept=10 reference-disagreement=1562 same=24026 tree-difference=3
[25643/100000] reference-disagreement wide:func-body:glue:real:SyntaxUtils:273 len=383 artifacts=43 advent-overaccept=31 advent-underaccept=10 reference-disagreement=1563 same=24036 tree-difference=3
[25666/100000] reference-disagreement keypath-boundary len=37 artifacts=43 advent-overaccept=31 advent-underaccept=10 reference-disagreement=1564 same=24058 tree-difference=3
[25672/100000] reference-disagreement wide:func-body:space+glue:phase4-precedence:pg-lower len=66 artifacts=43 advent-overaccept=31 advent-underaccept=10 reference-disagreement=1565 same=24063 tree-difference=3
[25680/100000] reference-disagreement wide:ifconfig:space:translated:testObjcEnum5#1+reject:testForwardSlashRegex142#1 len=106 artifacts=43 advent-overaccept=31 advent-underaccept=10 reference-disagreement=1566 same=24070 tree-difference=3
[25694/100000] reference-disagreement wide:struct-member:raw:real:GrammarNode:303 len=1192 artifacts=43 advent-overaccept=31 advent-underaccept=10 reference-disagreement=1567 same=24083 tree-difference=3
[25703/100000] reference-disagreement cast-try-operator-cluster len=24 artifacts=43 advent-overaccept=31 advent-underaccept=10 reference-disagreement=1568 same=24091 tree-difference=3
[25737/100000] reference-disagreement keypath-boundary len=44 artifacts=43 advent-overaccept=31 advent-underaccept=10 reference-disagreement=1569 same=24124 tree-difference=3
[25739/100000] reference-disagreement wide:extension-member:newline:real:ResultBuilders:206 len=203 artifacts=43 advent-overaccept=31 advent-underaccept=10 reference-disagreement=1570 same=24125 tree-difference=3
[25745/100000] reference-disagreement wide:top:raw:expression:testKeyPathMethodAndInitializers#7 len=16 artifacts=43 advent-overaccept=31 advent-underaccept=10 reference-disagreement=1571 same=24130 tree-difference=3
[25746/100000] reference-disagreement wide:struct-member:raw:real:InferIndentation:127+phase1:let-grouped len=131 artifacts=43 advent-overaccept=31 advent-underaccept=10 reference-disagreement=1572 same=24130 tree-difference=3
[25750/100000] same wide:interpolation:newline+space:reject:testTrailingClosureInIfCondition#1 len=31 artifacts=43 advent-overaccept=31 advent-underaccept=10 reference-disagreement=1572 same=24134 tree-difference=3
[25765/100000] reference-disagreement wide:trailing-closure:raw:real:FunctionScopeSyntax:15 len=208 artifacts=43 advent-overaccept=31 advent-underaccept=10 reference-disagreement=1573 same=24148 tree-difference=3
[25788/100000] reference-disagreement wide:struct-member:raw:real:ResultBuilders:544 len=208 artifacts=43 advent-overaccept=31 advent-underaccept=10 reference-disagreement=1574 same=24170 tree-difference=3
[25791/100000] reference-disagreement tspl-divergence-protocol-body len=221 artifacts=43 advent-overaccept=31 advent-underaccept=10 reference-disagreement=1575 same=24172 tree-difference=3
[25795/100000] reference-disagreement wide:struct-member:raw:translated:testModuleSelectorImports#1 len=57 artifacts=43 advent-overaccept=31 advent-underaccept=10 reference-disagreement=1576 same=24175 tree-difference=3
[25811/100000] reference-disagreement attribute-ifconfig-elseif-list len=114 artifacts=43 advent-overaccept=31 advent-underaccept=10 reference-disagreement=1577 same=24190 tree-difference=3
[25816/100000] reference-disagreement keypath-component-matrix len=26 artifacts=43 advent-overaccept=31 advent-underaccept=10 reference-disagreement=1578 same=24194 tree-difference=3
[25839/100000] reference-disagreement wide:func-body:raw:translated:testForwardSlashRegex114#1+real:WarningControlRegions:188 len=817 artifacts=43 advent-overaccept=31 advent-underaccept=10 reference-disagreement=1579 same=24216 tree-difference=3
[25867/100000] reference-disagreement wide:closure:raw:real:ParserDiagnosticMessages:369 len=542 artifacts=43 advent-overaccept=31 advent-underaccept=10 reference-disagreement=1580 same=24243 tree-difference=3
[25890/100000] reference-disagreement attribute-ifconfig-elseif-list len=129 artifacts=43 advent-overaccept=31 advent-underaccept=10 reference-disagreement=1581 same=24265 tree-difference=3
[25896/100000] reference-disagreement wide:top:line-comment:translated:testInitDeinit6#1 len=49 artifacts=43 advent-overaccept=31 advent-underaccept=10 reference-disagreement=1582 same=24270 tree-difference=3
[25909/100000] reference-disagreement wide:func-body:space+block-comment+splice:real:WithTrailingCommaSyntax+EnsuringTrailingComma:19+real:IndentationUtils:77 len=991 artifacts=43 advent-overaccept=31 advent-underaccept=10 reference-disagreement=1583 same=24282 tree-difference=3
[25975/100000] reference-disagreement keypath-component-matrix len=57 artifacts=43 advent-overaccept=31 advent-underaccept=10 reference-disagreement=1584 same=24347 tree-difference=3
[26000/100000] same wide:closure:splice+splice+line-comment:reject:testDiagnoseInitializerAsTypedPattern3c#1 len=40 artifacts=43 advent-overaccept=31 advent-underaccept=10 reference-disagreement=1584 same=24372 tree-difference=3
[26017/100000] reference-disagreement wide:closure:newline:translated:testDeinitInSwiftinterfaceIsFollowedByFinalFunc#1 len=63 artifacts=43 advent-overaccept=31 advent-underaccept=10 reference-disagreement=1585 same=24388 tree-difference=3
[26021/100000] reference-disagreement tspl-divergence-protocol-body len=103 artifacts=43 advent-overaccept=31 advent-underaccept=10 reference-disagreement=1586 same=24391 tree-difference=3
[26034/100000] reference-disagreement keypath-boundary len=37 artifacts=43 advent-overaccept=31 advent-underaccept=10 reference-disagreement=1587 same=24403 tree-difference=3
[26067/100000] reference-disagreement tspl-divergence-protocol-body len=259 artifacts=43 advent-overaccept=31 advent-underaccept=10 reference-disagreement=1588 same=24435 tree-difference=3
[26073/100000] reference-disagreement grammarish-member-list len=376 artifacts=43 advent-overaccept=31 advent-underaccept=10 reference-disagreement=1589 same=24440 tree-difference=3
[26075/100000] reference-disagreement wide:closure:duplicate+newline+splice:reject:testLowercaseSelf#1 len=35 artifacts=43 advent-overaccept=31 advent-underaccept=10 reference-disagreement=1590 same=24441 tree-difference=3
[26135/100000] reference-disagreement attribute-ifconfig-elseif-list len=136 artifacts=43 advent-overaccept=31 advent-underaccept=10 reference-disagreement=1591 same=24500 tree-difference=3
[26157/100000] reference-disagreement wide:func-body:raw:translated:testEnum54#1 len=76 artifacts=43 advent-overaccept=31 advent-underaccept=10 reference-disagreement=1592 same=24521 tree-difference=3
[26202/100000] reference-disagreement member-list-wide-boundary len=260 artifacts=43 advent-overaccept=31 advent-underaccept=10 reference-disagreement=1593 same=24565 tree-difference=3
[26240/100000] reference-disagreement wide:struct-member:space:real:NominalTypeDeclSyntax:22 len=1259 artifacts=43 advent-overaccept=31 advent-underaccept=10 reference-disagreement=1594 same=24602 tree-difference=3
[26250/100000] same seed-corpus-mutated:regex-escaped-slash-and-space len=66 artifacts=43 advent-overaccept=31 advent-underaccept=10 reference-disagreement=1594 same=24612 tree-difference=3
[26265/100000] advent-overaccept wide:extension-member:newline+line-comment:translated:testTrailingClosures5#1 len=63 artifacts=44 advent-overaccept=32 advent-underaccept=10 reference-disagreement=1594 same=24626 tree-difference=3
[26272/100000] reference-disagreement wide:struct-member:duplicate+space:real:CallToTrailingClosures:181 len=190 artifacts=44 advent-overaccept=32 advent-underaccept=10 reference-disagreement=1595 same=24632 tree-difference=3
[26273/100000] reference-disagreement wide:after-statement:newline:declaration:testImports#3 len=60 artifacts=44 advent-overaccept=32 advent-underaccept=10 reference-disagreement=1596 same=24632 tree-difference=3
[26287/100000] reference-disagreement wide:func-body:newline+space:real:OperatorTable+Semantics:74 len=412 artifacts=44 advent-overaccept=32 advent-underaccept=10 reference-disagreement=1597 same=24645 tree-difference=3
[26294/100000] reference-disagreement wide:func-body:glue:translated:testSwitch42#1 len=79 artifacts=44 advent-overaccept=32 advent-underaccept=10 reference-disagreement=1598 same=24651 tree-difference=3
[26307/100000] reference-disagreement wide:func-body:glue:translated:testCompositionTypeExpr#18+real:SyntaxProtocol:710 len=92 artifacts=44 advent-overaccept=32 advent-underaccept=10 reference-disagreement=1599 same=24663 tree-difference=3
[26329/100000] reference-disagreement wide:func-body:space+newline+glue:real:SwiftSyntaxCompatibility:1159 len=78 artifacts=44 advent-overaccept=32 advent-underaccept=10 reference-disagreement=1600 same=24684 tree-difference=3
[26349/100000] reference-disagreement wide:closure:space:real:PackageTarget:149 len=361 artifacts=44 advent-overaccept=32 advent-underaccept=10 reference-disagreement=1601 same=24703 tree-difference=3
[26356/100000] reference-disagreement wide:struct-member:line-comment:real:BuildableNodes:1301 len=1066 artifacts=44 advent-overaccept=32 advent-underaccept=10 reference-disagreement=1602 same=24709 tree-difference=3
[26358/100000] reference-disagreement wide:func-body:newline+splice+duplicate:reject:testModuleSelectorExpr#1 len=46 artifacts=44 advent-overaccept=32 advent-underaccept=10 reference-disagreement=1603 same=24710 tree-difference=3
[26377/100000] reference-disagreement wide:struct-member:raw:real:SyntaxTraits:553 len=704 artifacts=44 advent-overaccept=32 advent-underaccept=10 reference-disagreement=1604 same=24728 tree-difference=3
[26379/100000] reference-disagreement tspl-divergence-protocol-body len=202 artifacts=44 advent-overaccept=32 advent-underaccept=10 reference-disagreement=1605 same=24729 tree-difference=3
[26392/100000] reference-disagreement wide:trailing-closure:space:real:ConvenienceInitializers:397 len=792 artifacts=44 advent-overaccept=32 advent-underaccept=10 reference-disagreement=1606 same=24741 tree-difference=3
[26407/100000] reference-disagreement wide:struct-member:block-comment+space:real:SyntaxTraits:716 len=79 artifacts=44 advent-overaccept=32 advent-underaccept=10 reference-disagreement=1607 same=24755 tree-difference=3
[26428/100000] reference-disagreement wide:trailing-closure:newline:real:SyntaxUtils:79 len=911 artifacts=44 advent-overaccept=32 advent-underaccept=10 reference-disagreement=1608 same=24775 tree-difference=3
[26429/100000] reference-disagreement wide:extension-member:block-comment+line-comment+duplicate:real:ResultBuilders:25 len=149 artifacts=44 advent-overaccept=32 advent-underaccept=10 reference-disagreement=1609 same=24775 tree-difference=3
[26454/100000] compiler-timeout wide:interpolation:delete:translated:testForwardSlashRegex169#1 len=16 artifacts=44 advent-overaccept=32 advent-underaccept=10 compiler-timeout=1 reference-disagreement=1609 same=24799 tree-difference=3
[26469/100000] reference-disagreement attribute-ifconfig-elseif-list len=136 artifacts=44 advent-overaccept=32 advent-underaccept=10 compiler-timeout=1 reference-disagreement=1610 same=24813 tree-difference=3
[26482/100000] reference-disagreement cast-try-operator-cluster len=24 artifacts=44 advent-overaccept=32 advent-underaccept=10 compiler-timeout=1 reference-disagreement=1611 same=24825 tree-difference=3
[26484/100000] reference-disagreement binding-pattern len=458 artifacts=44 advent-overaccept=32 advent-underaccept=10 compiler-timeout=1 reference-disagreement=1612 same=24826 tree-difference=3
[26492/100000] reference-disagreement tspl-divergence-accessor-commitment len=49 artifacts=44 advent-overaccept=32 advent-underaccept=10 compiler-timeout=1 reference-disagreement=1613 same=24833 tree-difference=3
[26498/100000] reference-disagreement wide:trailing-closure:raw:phase4-type:any-type+real:RefactoringProvider:85 len=1013 artifacts=44 advent-overaccept=32 advent-underaccept=10 compiler-timeout=1 reference-disagreement=1614 same=24838 tree-difference=3
[26500/100000] same member-list-boundary len=294 artifacts=44 advent-overaccept=32 advent-underaccept=10 compiler-timeout=1 reference-disagreement=1614 same=24840 tree-difference=3
[26516/100000] reference-disagreement attribute-ifconfig-elseif-list len=123 artifacts=44 advent-overaccept=32 advent-underaccept=10 compiler-timeout=1 reference-disagreement=1615 same=24855 tree-difference=3
[26524/100000] reference-disagreement wide:func-body:raw:type:testNamedOpaqueReturnTypes#1 len=352 artifacts=44 advent-overaccept=32 advent-underaccept=10 compiler-timeout=1 reference-disagreement=1616 same=24862 tree-difference=3
[26534/100000] reference-disagreement statement-list len=458 artifacts=44 advent-overaccept=32 advent-underaccept=10 compiler-timeout=1 reference-disagreement=1617 same=24871 tree-difference=3
[26546/100000] reference-disagreement wide:trailing-closure:delete:phase4-accessor:protocol-get-set+attribute:testABIAttribute#13 len=122 artifacts=44 advent-overaccept=32 advent-underaccept=10 compiler-timeout=1 reference-disagreement=1618 same=24882 tree-difference=3
[26559/100000] reference-disagreement wide:after-statement:keyword+glue:real:SyntaxTraits:370 len=384 artifacts=44 advent-overaccept=32 advent-underaccept=10 compiler-timeout=1 reference-disagreement=1619 same=24894 tree-difference=3
[26561/100000] reference-disagreement tspl-divergence-protocol-body len=204 artifacts=44 advent-overaccept=32 advent-underaccept=10 compiler-timeout=1 reference-disagreement=1620 same=24895 tree-difference=3
[26575/100000] reference-disagreement member-list-wide-boundary len=105 artifacts=44 advent-overaccept=32 advent-underaccept=10 compiler-timeout=1 reference-disagreement=1621 same=24908 tree-difference=3
[26579/100000] reference-disagreement wide:closure:raw:real:RawSyntax:175 len=349 artifacts=44 advent-overaccept=32 advent-underaccept=10 compiler-timeout=1 reference-disagreement=1622 same=24911 tree-difference=3
[26680/100000] reference-disagreement tspl-divergence-protocol-body len=202 artifacts=44 advent-overaccept=32 advent-underaccept=10 compiler-timeout=1 reference-disagreement=1623 same=25011 tree-difference=3
[26689/100000] reference-disagreement wide:closure:space:translated:testOperatorDeclDesignatedTypes9#1 len=81 artifacts=44 advent-overaccept=32 advent-underaccept=10 compiler-timeout=1 reference-disagreement=1624 same=25019 tree-difference=3
[26693/100000] reference-disagreement nested-ifconfig-boundary len=113 artifacts=44 advent-overaccept=32 advent-underaccept=10 compiler-timeout=1 reference-disagreement=1625 same=25022 tree-difference=3
[26704/100000] reference-disagreement wide:func-body:raw:real:RenamedChildrenBuilderCompatibility:572 len=1250 artifacts=44 advent-overaccept=32 advent-underaccept=10 compiler-timeout=1 reference-disagreement=1626 same=25032 tree-difference=3
[26726/100000] reference-disagreement wide:trailing-closure:raw:real:ResultBuilders:741 len=129 artifacts=44 advent-overaccept=32 advent-underaccept=10 compiler-timeout=1 reference-disagreement=1627 same=25053 tree-difference=3
[26750/100000] same interpolation-boundary len=95 artifacts=44 advent-overaccept=32 advent-underaccept=10 compiler-timeout=1 reference-disagreement=1627 same=25077 tree-difference=3
[26757/100000] reference-disagreement tspl-divergence-protocol-body len=177 artifacts=44 advent-overaccept=32 advent-underaccept=10 compiler-timeout=1 reference-disagreement=1628 same=25083 tree-difference=3
[26773/100000] reference-disagreement wide:closure:raw:attribute:testLexicalLifetimes#1+real:StaticBuildConfiguration:427 len=287 artifacts=44 advent-overaccept=32 advent-underaccept=10 compiler-timeout=1 reference-disagreement=1629 same=25098 tree-difference=3
[26817/100000] reference-disagreement attribute-ifconfig-elseif-list len=140 artifacts=44 advent-overaccept=32 advent-underaccept=10 compiler-timeout=1 reference-disagreement=1630 same=25141 tree-difference=3
[26826/100000] reference-disagreement wide:extension-member:space+glue:real:SyntaxTraits:682 len=123 artifacts=44 advent-overaccept=32 advent-underaccept=10 compiler-timeout=1 reference-disagreement=1631 same=25149 tree-difference=3
[26836/100000] reference-disagreement wide:trailing-closure:raw:real:ResultBuilders:137 len=145 artifacts=44 advent-overaccept=32 advent-underaccept=10 compiler-timeout=1 reference-disagreement=1632 same=25158 tree-difference=3
[26885/100000] reference-disagreement tspl-divergence-accessor-commitment len=49 artifacts=44 advent-overaccept=32 advent-underaccept=10 compiler-timeout=1 reference-disagreement=1633 same=25206 tree-difference=3
[26919/100000] reference-disagreement seed-corpus-structural-splice:extension-optional-type len=105 artifacts=44 advent-overaccept=32 advent-underaccept=10 compiler-timeout=1 reference-disagreement=1634 same=25239 tree-difference=3
[26921/100000] reference-disagreement wide:trailing-closure:raw:translated:testGenericDisambiguation6c#1+real:SyntaxTraits:860 len=75 artifacts=44 advent-overaccept=32 advent-underaccept=10 compiler-timeout=1 reference-disagreement=1635 same=25240 tree-difference=3
[26927/100000] reference-disagreement tspl-divergence-accessor-commitment len=78 artifacts=44 advent-overaccept=32 advent-underaccept=10 compiler-timeout=1 reference-disagreement=1636 same=25245 tree-difference=3
[26958/100000] reference-disagreement keypath-component-matrix len=33 artifacts=44 advent-overaccept=32 advent-underaccept=10 compiler-timeout=1 reference-disagreement=1637 same=25275 tree-difference=3
[26996/100000] reference-disagreement keypath-component-matrix len=33 artifacts=44 advent-overaccept=32 advent-underaccept=10 compiler-timeout=1 reference-disagreement=1638 same=25312 tree-difference=3
[27000/100000] same frontier:parser-mode-scope len=58 artifacts=44 advent-overaccept=32 advent-underaccept=10 compiler-timeout=1 reference-disagreement=1638 same=25316 tree-difference=3
[27001/100000] reference-disagreement wide:func-body:raw:real:MacroExpansionDiagnosticMessages:64 len=282 artifacts=44 advent-overaccept=32 advent-underaccept=10 compiler-timeout=1 reference-disagreement=1639 same=25316 tree-difference=3
[27009/100000] reference-disagreement wide:before-statement:duplicate:statement:testIf#1 len=35 artifacts=44 advent-overaccept=32 advent-underaccept=10 compiler-timeout=1 reference-disagreement=1640 same=25323 tree-difference=3
[27062/100000] reference-disagreement wide:top:raw:translated:testSwitch76#1 len=77 artifacts=44 advent-overaccept=32 advent-underaccept=10 compiler-timeout=1 reference-disagreement=1641 same=25375 tree-difference=3
[27065/100000] reference-disagreement wide:func-body:raw:real:SyntaxTraits:297 len=405 artifacts=44 advent-overaccept=32 advent-underaccept=10 compiler-timeout=1 reference-disagreement=1642 same=25377 tree-difference=3
[27106/100000] reference-disagreement wide:extension-member:raw:real:SyntaxTraits:802 len=71 artifacts=44 advent-overaccept=32 advent-underaccept=10 compiler-timeout=1 reference-disagreement=1643 same=25417 tree-difference=3
[27128/100000] reference-disagreement tspl-divergence-accessor-commitment len=49 artifacts=44 advent-overaccept=32 advent-underaccept=10 compiler-timeout=1 reference-disagreement=1644 same=25438 tree-difference=3
[27142/100000] reference-disagreement attribute-ifconfig-elseif-list len=138 artifacts=44 advent-overaccept=32 advent-underaccept=10 compiler-timeout=1 reference-disagreement=1645 same=25451 tree-difference=3
[27169/100000] reference-disagreement wide:before-statement:newline+newline:declaration:testCoroutineAccessors#2 len=149 artifacts=44 advent-overaccept=32 advent-underaccept=10 compiler-timeout=1 reference-disagreement=1646 same=25477 tree-difference=3
[27174/100000] reference-disagreement wide:trailing-closure:keyword:translated:testDollarIdentifier8#1+translated:testMultilineString1#1 len=687 artifacts=44 advent-overaccept=32 advent-underaccept=10 compiler-timeout=1 reference-disagreement=1647 same=25481 tree-difference=3
[27192/100000] reference-disagreement wide:closure:newline:real:SyntaxExpressibleByStringInterpolationConformances:40 len=93 artifacts=44 advent-overaccept=32 advent-underaccept=10 compiler-timeout=1 reference-disagreement=1648 same=25498 tree-difference=3
[27206/100000] advent-underaccept wide:closure:swap:translated:testCompositionTypeExpr#10 len=38 artifacts=45 advent-overaccept=32 advent-underaccept=11 compiler-timeout=1 reference-disagreement=1648 same=25511 tree-difference=3
[27207/100000] reference-disagreement grammarish-member-list len=163 artifacts=45 advent-overaccept=32 advent-underaccept=11 compiler-timeout=1 reference-disagreement=1649 same=25511 tree-difference=3
[27210/100000] reference-disagreement wide:ifconfig:glue+line-comment:real:BumpPtrAllocator:179+translated:testSwitch76#1 len=739 artifacts=45 advent-overaccept=32 advent-underaccept=11 compiler-timeout=1 reference-disagreement=1650 same=25513 tree-difference=3
[27213/100000] reference-disagreement wide:ifconfig:newline+space:attribute:testABIAttribute#11 len=71 artifacts=45 advent-overaccept=32 advent-underaccept=11 compiler-timeout=1 reference-disagreement=1651 same=25515 tree-difference=3
[27219/100000] reference-disagreement binding-pattern len=458 artifacts=45 advent-overaccept=32 advent-underaccept=11 compiler-timeout=1 reference-disagreement=1652 same=25520 tree-difference=3
[27250/100000] same frontier:condition-trailing-closure-scope len=489 artifacts=45 advent-overaccept=32 advent-underaccept=11 compiler-timeout=1 reference-disagreement=1652 same=25551 tree-difference=3
[27292/100000] reference-disagreement tspl-divergence-protocol-body len=132 artifacts=45 advent-overaccept=32 advent-underaccept=11 compiler-timeout=1 reference-disagreement=1653 same=25592 tree-difference=3
[27296/100000] advent-overaccept wide:closure:block-comment+newline:translated:testMultilineString46#1 len=215 artifacts=46 advent-overaccept=33 advent-underaccept=11 compiler-timeout=1 reference-disagreement=1653 same=25595 tree-difference=3
[27315/100000] reference-disagreement wide:func-body:newline+newline+newline:real:DeclSyntaxParseable:25 len=709 artifacts=46 advent-overaccept=33 advent-underaccept=11 compiler-timeout=1 reference-disagreement=1654 same=25613 tree-difference=3
[27317/100000] reference-disagreement tspl-divergence-accessor-commitment len=78 artifacts=46 advent-overaccept=33 advent-underaccept=11 compiler-timeout=1 reference-disagreement=1655 same=25614 tree-difference=3
[27324/100000] reference-disagreement tspl-divergence-accessor-commitment len=78 artifacts=46 advent-overaccept=33 advent-underaccept=11 compiler-timeout=1 reference-disagreement=1656 same=25620 tree-difference=3
[27327/100000] reference-disagreement wide:ifconfig:duplicate:phase4-keypath:kp-rootless len=32 artifacts=46 advent-overaccept=33 advent-underaccept=11 compiler-timeout=1 reference-disagreement=1657 same=25622 tree-difference=3
[27328/100000] reference-disagreement wide:trailing-closure:space:real:SwiftSyntaxCompatibility:188 len=129 artifacts=46 advent-overaccept=33 advent-underaccept=11 compiler-timeout=1 reference-disagreement=1658 same=25622 tree-difference=3
[27357/100000] reference-disagreement wide:trailing-closure:raw:real:SyntaxTraits:329 len=352 artifacts=46 advent-overaccept=33 advent-underaccept=11 compiler-timeout=1 reference-disagreement=1659 same=25650 tree-difference=3
[27394/100000] reference-disagreement wide:trailing-closure:newline:real:ResultBuilders:332 len=126 artifacts=46 advent-overaccept=33 advent-underaccept=11 compiler-timeout=1 reference-disagreement=1660 same=25686 tree-difference=3
[27402/100000] reference-disagreement wide:func-body:block-comment+line-comment+swap:real:IndentationUtils:33+attribute:testTransposeAttribute#3 len=927 artifacts=46 advent-overaccept=33 advent-underaccept=11 compiler-timeout=1 reference-disagreement=1661 same=25693 tree-difference=3
[27411/100000] reference-disagreement wide:extension-member:space+newline:translated:testOperatorDecl17#1 len=96 artifacts=46 advent-overaccept=33 advent-underaccept=11 compiler-timeout=1 reference-disagreement=1662 same=25701 tree-difference=3
[27426/100000] reference-disagreement wide:before-statement:raw:translated:testSwitch66#1 len=59 artifacts=46 advent-overaccept=33 advent-underaccept=11 compiler-timeout=1 reference-disagreement=1663 same=25715 tree-difference=3
[27433/100000] reference-disagreement wide:struct-member:keyword:real:SyntaxTraits:836 len=106 artifacts=46 advent-overaccept=33 advent-underaccept=11 compiler-timeout=1 reference-disagreement=1664 same=25721 tree-difference=3
[27444/100000] reference-disagreement wide:closure:newline+space+block-comment:real:ResultBuilders:111 len=142 artifacts=46 advent-overaccept=33 advent-underaccept=11 compiler-timeout=1 reference-disagreement=1665 same=25731 tree-difference=3
[27463/100000] reference-disagreement tspl-divergence-protocol-body len=222 artifacts=46 advent-overaccept=33 advent-underaccept=11 compiler-timeout=1 reference-disagreement=1666 same=25749 tree-difference=3
[27482/100000] reference-disagreement wide:struct-member:newline+glue:real:DeclSyntaxParseable:60 len=65 artifacts=46 advent-overaccept=33 advent-underaccept=11 compiler-timeout=1 reference-disagreement=1667 same=25767 tree-difference=3
[27500/100000] same wide:struct-member:delete+line-comment:real:ConvenienceInitializers:389 len=174 artifacts=46 advent-overaccept=33 advent-underaccept=11 compiler-timeout=1 reference-disagreement=1667 same=25785 tree-difference=3
[27503/100000] reference-disagreement attribute-ifconfig-elseif-list len=121 artifacts=46 advent-overaccept=33 advent-underaccept=11 compiler-timeout=1 reference-disagreement=1668 same=25787 tree-difference=3
[27519/100000] reference-disagreement wide:struct-member:raw:real:SyntaxExpressibleByStringInterpolationConformances:190 len=168 artifacts=46 advent-overaccept=33 advent-underaccept=11 compiler-timeout=1 reference-disagreement=1669 same=25802 tree-difference=3
[27593/100000] reference-disagreement wide:after-statement:newline+block-comment:real:OperatorError:20 len=875 artifacts=46 advent-overaccept=33 advent-underaccept=11 compiler-timeout=1 reference-disagreement=1670 same=25875 tree-difference=3
[27605/100000] reference-disagreement wide:after-statement:newline+newline:declaration:testAccessors#2 len=74 artifacts=46 advent-overaccept=33 advent-underaccept=11 compiler-timeout=1 reference-disagreement=1671 same=25886 tree-difference=3
[27634/100000] reference-disagreement tspl-divergence-protocol-body len=155 artifacts=46 advent-overaccept=33 advent-underaccept=11 compiler-timeout=1 reference-disagreement=1672 same=25914 tree-difference=3
[27635/100000] reference-disagreement wide:struct-member:raw:real:Nominals:381 len=365 artifacts=46 advent-overaccept=33 advent-underaccept=11 compiler-timeout=1 reference-disagreement=1673 same=25914 tree-difference=3
[27638/100000] reference-disagreement attribute-ifconfig-elseif-list len=129 artifacts=46 advent-overaccept=33 advent-underaccept=11 compiler-timeout=1 reference-disagreement=1674 same=25916 tree-difference=3
[27639/100000] reference-disagreement wide:func-body:raw:real:SyntaxBaseNodes:139 len=687 artifacts=46 advent-overaccept=33 advent-underaccept=11 compiler-timeout=1 reference-disagreement=1675 same=25916 tree-difference=3
[27648/100000] reference-disagreement tspl-divergence-protocol-body len=102 artifacts=46 advent-overaccept=33 advent-underaccept=11 compiler-timeout=1 reference-disagreement=1676 same=25924 tree-difference=3
[27651/100000] reference-disagreement attribute-ifconfig-elseif-list len=122 artifacts=46 advent-overaccept=33 advent-underaccept=11 compiler-timeout=1 reference-disagreement=1677 same=25926 tree-difference=3
[27675/100000] reference-disagreement wide:trailing-closure:raw:attribute:testUnavailableFromAsync#4 len=59 artifacts=46 advent-overaccept=33 advent-underaccept=11 compiler-timeout=1 reference-disagreement=1678 same=25949 tree-difference=3
[27676/100000] reference-disagreement tspl-divergence-protocol-body len=235 artifacts=46 advent-overaccept=33 advent-underaccept=11 compiler-timeout=1 reference-disagreement=1679 same=25949 tree-difference=3
[27711/100000] reference-disagreement wide:func-body:newline:real:Assertions:648 len=450 artifacts=46 advent-overaccept=33 advent-underaccept=11 compiler-timeout=1 reference-disagreement=1680 same=25983 tree-difference=3
[27731/100000] reference-disagreement keypath-boundary len=38 artifacts=46 advent-overaccept=33 advent-underaccept=11 compiler-timeout=1 reference-disagreement=1681 same=26002 tree-difference=3
[27736/100000] reference-disagreement member-list-wide-boundary len=218 artifacts=46 advent-overaccept=33 advent-underaccept=11 compiler-timeout=1 reference-disagreement=1682 same=26006 tree-difference=3
[27750/100000] same wide:func-body:glue+newline:translated:testRecovery11#1 len=64 artifacts=46 advent-overaccept=33 advent-underaccept=11 compiler-timeout=1 reference-disagreement=1682 same=26020 tree-difference=3
[27759/100000] reference-disagreement wide:before-statement:raw:attribute:testABIAttribute#6 len=40 artifacts=46 advent-overaccept=33 advent-underaccept=11 compiler-timeout=1 reference-disagreement=1683 same=26028 tree-difference=3
[27795/100000] reference-disagreement wide:closure:line-comment+delete:real:ResultBuilders:493 len=204 artifacts=46 advent-overaccept=33 advent-underaccept=11 compiler-timeout=1 reference-disagreement=1684 same=26063 tree-difference=3
[27803/100000] reference-disagreement wide:closure:newline+glue:real:NominalTypeDeclSyntax:16 len=326 artifacts=46 advent-overaccept=33 advent-underaccept=11 compiler-timeout=1 reference-disagreement=1685 same=26070 tree-difference=3
[27806/100000] reference-disagreement wide:trailing-closure:line-comment:real:Lookahead:104 len=112 artifacts=46 advent-overaccept=33 advent-underaccept=11 compiler-timeout=1 reference-disagreement=1686 same=26072 tree-difference=3
[27826/100000] reference-disagreement cast-try-operator-cluster len=24 artifacts=46 advent-overaccept=33 advent-underaccept=11 compiler-timeout=1 reference-disagreement=1687 same=26091 tree-difference=3
[27875/100000] reference-disagreement wide:struct-member:splice+keyword:real:ConvenienceInitializers:93 len=531 artifacts=46 advent-overaccept=33 advent-underaccept=11 compiler-timeout=1 reference-disagreement=1688 same=26139 tree-difference=3
[27885/100000] reference-disagreement declaration-modifier-stack len=34 artifacts=46 advent-overaccept=33 advent-underaccept=11 compiler-timeout=1 reference-disagreement=1689 same=26148 tree-difference=3
[27935/100000] reference-disagreement keypath-boundary len=38 artifacts=46 advent-overaccept=33 advent-underaccept=11 compiler-timeout=1 reference-disagreement=1690 same=26197 tree-difference=3
[27950/100000] reference-disagreement nested-ifconfig-boundary len=117 artifacts=46 advent-overaccept=33 advent-underaccept=11 compiler-timeout=1 reference-disagreement=1691 same=26211 tree-difference=3
[27993/100000] reference-disagreement wide:ifconfig:newline+splice:declaration:testInitializerWithReturnType#2 len=46 artifacts=46 advent-overaccept=33 advent-underaccept=11 compiler-timeout=1 reference-disagreement=1692 same=26253 tree-difference=3
[27994/100000] reference-disagreement grammarish-member-list len=542 artifacts=46 advent-overaccept=33 advent-underaccept=11 compiler-timeout=1 reference-disagreement=1693 same=26253 tree-difference=3
[28000/100000] reference-disagreement wide:func-body:newline:real:FixIt:103 len=672 artifacts=46 advent-overaccept=33 advent-underaccept=11 compiler-timeout=1 reference-disagreement=1694 same=26258 tree-difference=3
[28002/100000] reference-disagreement wide:closure:raw:attribute:testDerivativeAttribute#2 len=305 artifacts=46 advent-overaccept=33 advent-underaccept=11 compiler-timeout=1 reference-disagreement=1695 same=26259 tree-difference=3
[28011/100000] reference-disagreement keypath-component-matrix len=53 artifacts=46 advent-overaccept=33 advent-underaccept=11 compiler-timeout=1 reference-disagreement=1696 same=26267 tree-difference=3
[28017/100000] reference-disagreement wide:after-statement:line-comment+glue+newline:translated:testDeinitAsync#1 len=75 artifacts=46 advent-overaccept=33 advent-underaccept=11 compiler-timeout=1 reference-disagreement=1697 same=26272 tree-difference=3
[28019/100000] reference-disagreement wide:before-statement:space:translated:testOperatorDeclDesignatedTypes9#1 len=77 artifacts=46 advent-overaccept=33 advent-underaccept=11 compiler-timeout=1 reference-disagreement=1698 same=26273 tree-difference=3
[28030/100000] reference-disagreement attribute-ifconfig-elseif-list len=127 artifacts=46 advent-overaccept=33 advent-underaccept=11 compiler-timeout=1 reference-disagreement=1699 same=26283 tree-difference=3
[28046/100000] reference-disagreement wide:ifconfig:raw:attribute:testBackDeployed#3+translated:testForwardSlashRegexSkipping10#1 len=159 artifacts=46 advent-overaccept=33 advent-underaccept=11 compiler-timeout=1 reference-disagreement=1700 same=26298 tree-difference=3
[28051/100000] reference-disagreement keypath-component-matrix len=45 artifacts=46 advent-overaccept=33 advent-underaccept=11 compiler-timeout=1 reference-disagreement=1701 same=26302 tree-difference=3
[28089/100000] reference-disagreement tspl-divergence-protocol-body len=97 artifacts=46 advent-overaccept=33 advent-underaccept=11 compiler-timeout=1 reference-disagreement=1702 same=26339 tree-difference=3
[28092/100000] reference-disagreement wide:trailing-closure:newline+newline:real:CompilerPluginMessageHandler:287 len=376 artifacts=46 advent-overaccept=33 advent-underaccept=11 compiler-timeout=1 reference-disagreement=1703 same=26341 tree-difference=3
[28156/100000] reference-disagreement grammarish-member-list len=435 artifacts=46 advent-overaccept=33 advent-underaccept=11 compiler-timeout=1 reference-disagreement=1704 same=26404 tree-difference=3
[28158/100000] reference-disagreement wide:trailing-closure:swap+newline:real:MacroSystem:623 len=812 artifacts=46 advent-overaccept=33 advent-underaccept=11 compiler-timeout=1 reference-disagreement=1705 same=26405 tree-difference=3
[28170/100000] reference-disagreement wide:trailing-closure:block-comment:real:SyntaxTraits:694 len=99 artifacts=46 advent-overaccept=33 advent-underaccept=11 compiler-timeout=1 reference-disagreement=1706 same=26416 tree-difference=3
[28190/100000] reference-disagreement declaration-modifier-stack len=34 artifacts=46 advent-overaccept=33 advent-underaccept=11 compiler-timeout=1 reference-disagreement=1707 same=26435 tree-difference=3
[28229/100000] reference-disagreement attribute-ifconfig-elseif-list len=113 artifacts=46 advent-overaccept=33 advent-underaccept=11 compiler-timeout=1 reference-disagreement=1708 same=26473 tree-difference=3
[28250/100000] same frontier:protocol-accessor-shape len=86 artifacts=46 advent-overaccept=33 advent-underaccept=11 compiler-timeout=1 reference-disagreement=1708 same=26494 tree-difference=3
[28317/100000] reference-disagreement binding-pattern len=458 artifacts=46 advent-overaccept=33 advent-underaccept=11 compiler-timeout=1 reference-disagreement=1709 same=26560 tree-difference=3
[28319/100000] reference-disagreement wide:trailing-closure:space+block-comment:real:ResultBuilders:531 len=226 artifacts=46 advent-overaccept=33 advent-underaccept=11 compiler-timeout=1 reference-disagreement=1710 same=26561 tree-difference=3
[28321/100000] reference-disagreement wide:closure:line-comment:real:MissingNodeInitializers:58 len=154 artifacts=46 advent-overaccept=33 advent-underaccept=11 compiler-timeout=1 reference-disagreement=1711 same=26562 tree-difference=3
[28323/100000] reference-disagreement member-list-wide-boundary len=174 artifacts=46 advent-overaccept=33 advent-underaccept=11 compiler-timeout=1 reference-disagreement=1712 same=26563 tree-difference=3
[28324/100000] reference-disagreement wide:func-body:line-comment+line-comment:real:SyntaxNodeWithBody:88 len=335 artifacts=46 advent-overaccept=33 advent-underaccept=11 compiler-timeout=1 reference-disagreement=1713 same=26563 tree-difference=3
[28339/100000] reference-disagreement tspl-divergence-accessor-commitment len=78 artifacts=46 advent-overaccept=33 advent-underaccept=11 compiler-timeout=1 reference-disagreement=1714 same=26577 tree-difference=3
[28343/100000] reference-disagreement wide:func-body:duplicate+block-comment:real:SyntaxTraits:684 len=89 artifacts=46 advent-overaccept=33 advent-underaccept=11 compiler-timeout=1 reference-disagreement=1715 same=26580 tree-difference=3
[28346/100000] reference-disagreement wide:extension-member:space:real:SwiftSyntaxCompatibility:94 len=918 artifacts=46 advent-overaccept=33 advent-underaccept=11 compiler-timeout=1 reference-disagreement=1716 same=26582 tree-difference=3
[28385/100000] reference-disagreement wide:extension-member:raw:real:SyntaxTraits:836 len=123 artifacts=46 advent-overaccept=33 advent-underaccept=11 compiler-timeout=1 reference-disagreement=1717 same=26620 tree-difference=3
[28386/100000] reference-disagreement tspl-divergence-protocol-body len=108 artifacts=46 advent-overaccept=33 advent-underaccept=11 compiler-timeout=1 reference-disagreement=1718 same=26620 tree-difference=3
[28402/100000] reference-disagreement wide:trailing-closure:glue+block-comment:real:BuildConfiguration:28 len=348 artifacts=46 advent-overaccept=33 advent-underaccept=11 compiler-timeout=1 reference-disagreement=1719 same=26635 tree-difference=3
[28407/100000] reference-disagreement tspl-divergence-protocol-body len=102 artifacts=46 advent-overaccept=33 advent-underaccept=11 compiler-timeout=1 reference-disagreement=1720 same=26639 tree-difference=3
[28413/100000] reference-disagreement wide:trailing-closure:raw:translated:testOrinalDefinedInAttr12#1 len=85 artifacts=46 advent-overaccept=33 advent-underaccept=11 compiler-timeout=1 reference-disagreement=1721 same=26644 tree-difference=3
[28414/100000] reference-disagreement tspl-divergence-protocol-body len=68 artifacts=46 advent-overaccept=33 advent-underaccept=11 compiler-timeout=1 reference-disagreement=1722 same=26644 tree-difference=3
[28444/100000] reference-disagreement wide:func-body:space+space:real:PackageDependency:91 len=205 artifacts=46 advent-overaccept=33 advent-underaccept=11 compiler-timeout=1 reference-disagreement=1723 same=26673 tree-difference=3
[28472/100000] reference-disagreement wide:struct-member:glue:real:ScopeImplementations:376+real:Macros:245 len=713 artifacts=46 advent-overaccept=33 advent-underaccept=11 compiler-timeout=1 reference-disagreement=1724 same=26700 tree-difference=3
[28478/100000] reference-disagreement tspl-divergence-accessor-commitment len=78 artifacts=46 advent-overaccept=33 advent-underaccept=11 compiler-timeout=1 reference-disagreement=1725 same=26705 tree-difference=3
[28487/100000] reference-disagreement wide:closure:block-comment+newline:real:WarningControlDeclSyntax:55 len=401 artifacts=46 advent-overaccept=33 advent-underaccept=11 compiler-timeout=1 reference-disagreement=1726 same=26713 tree-difference=3
[28500/100000] same wide:extension-member:raw:translated:testSwitch43#1 len=83 artifacts=46 advent-overaccept=33 advent-underaccept=11 compiler-timeout=1 reference-disagreement=1726 same=26726 tree-difference=3
[28527/100000] reference-disagreement tspl-divergence-protocol-body len=112 artifacts=46 advent-overaccept=33 advent-underaccept=11 compiler-timeout=1 reference-disagreement=1727 same=26752 tree-difference=3
[28538/100000] reference-disagreement wide:struct-member:duplicate:real:Oracle:210 len=833 artifacts=46 advent-overaccept=33 advent-underaccept=11 compiler-timeout=1 reference-disagreement=1728 same=26762 tree-difference=3
[28553/100000] reference-disagreement wide:after-statement:newline:declaration:testAttributedMacroExpansionDeclaration#10 len=75 artifacts=46 advent-overaccept=33 advent-underaccept=11 compiler-timeout=1 reference-disagreement=1729 same=26776 tree-difference=3
[28559/100000] reference-disagreement keypath-boundary len=38 artifacts=46 advent-overaccept=33 advent-underaccept=11 compiler-timeout=1 reference-disagreement=1730 same=26781 tree-difference=3
[28598/100000] reference-disagreement wide:closure:space:real:ResultBuilders:228 len=143 artifacts=46 advent-overaccept=33 advent-underaccept=11 compiler-timeout=1 reference-disagreement=1731 same=26819 tree-difference=3
[28601/100000] reference-disagreement wide:closure:raw:real:SyntaxExpressibleByStringInterpolationConformances:193 len=91 artifacts=46 advent-overaccept=33 advent-underaccept=11 compiler-timeout=1 reference-disagreement=1732 same=26821 tree-difference=3
[28610/100000] reference-disagreement wide:closure:raw:real:SyntaxProtocol+Initializer:104 len=533 artifacts=46 advent-overaccept=33 advent-underaccept=11 compiler-timeout=1 reference-disagreement=1733 same=26829 tree-difference=3
[28634/100000] reference-disagreement wide:func-body:line-comment+glue:real:ScopeSyntax:51 len=825 artifacts=46 advent-overaccept=33 advent-underaccept=11 compiler-timeout=1 reference-disagreement=1734 same=26852 tree-difference=3
[28642/100000] reference-disagreement grammarish-member-list len=210 artifacts=46 advent-overaccept=33 advent-underaccept=11 compiler-timeout=1 reference-disagreement=1735 same=26859 tree-difference=3
[28659/100000] reference-disagreement cast-try-operator-cluster len=24 artifacts=46 advent-overaccept=33 advent-underaccept=11 compiler-timeout=1 reference-disagreement=1736 same=26875 tree-difference=3
[28679/100000] reference-disagreement wide:trailing-closure:raw:real:MissingNodeInitializers:83 len=230 artifacts=46 advent-overaccept=33 advent-underaccept=11 compiler-timeout=1 reference-disagreement=1737 same=26894 tree-difference=3
[28682/100000] reference-disagreement declaration-modifier-stack len=34 artifacts=46 advent-overaccept=33 advent-underaccept=11 compiler-timeout=1 reference-disagreement=1738 same=26896 tree-difference=3
[28686/100000] reference-disagreement attribute-ifconfig-elseif-list len=118 artifacts=46 advent-overaccept=33 advent-underaccept=11 compiler-timeout=1 reference-disagreement=1739 same=26899 tree-difference=3
[28692/100000] reference-disagreement wide:after-statement:block-comment+keyword:phase4-coroutine:op-designated+real:SyntaxCollections:880 len=551 artifacts=46 advent-overaccept=33 advent-underaccept=11 compiler-timeout=1 reference-disagreement=1740 same=26904 tree-difference=3
[28703/100000] reference-disagreement wide:interpolation:raw:expression:testClosureWithExternalParameterName#2 len=35 artifacts=46 advent-overaccept=33 advent-underaccept=11 compiler-timeout=1 reference-disagreement=1741 same=26914 tree-difference=3
[28729/100000] advent-overaccept wide:trailing-closure:space+duplicate:expression:testCollectionLiterals#7 len=73 artifacts=47 advent-overaccept=34 advent-underaccept=11 compiler-timeout=1 reference-disagreement=1741 same=26939 tree-difference=3
[28741/100000] reference-disagreement tspl-divergence-protocol-body len=188 artifacts=47 advent-overaccept=34 advent-underaccept=11 compiler-timeout=1 reference-disagreement=1742 same=26950 tree-difference=3
[28750/100000] same frontier:condition-trailing-closure-scope len=487 artifacts=47 advent-overaccept=34 advent-underaccept=11 compiler-timeout=1 reference-disagreement=1742 same=26959 tree-difference=3
[28758/100000] reference-disagreement wide:before-statement:newline+newline:expression:testClosureParameterWithAttribute#3 len=98 artifacts=47 advent-overaccept=34 advent-underaccept=11 compiler-timeout=1 reference-disagreement=1743 same=26966 tree-difference=3
[28764/100000] reference-disagreement wide:trailing-closure:line-comment:real:DeclSyntaxParseable:49 len=63 artifacts=47 advent-overaccept=34 advent-underaccept=11 compiler-timeout=1 reference-disagreement=1744 same=26971 tree-difference=3
[28819/100000] reference-disagreement wide:closure:line-comment:real:ParserDiagnosticMessages:618 len=555 artifacts=47 advent-overaccept=34 advent-underaccept=11 compiler-timeout=1 reference-disagreement=1745 same=27025 tree-difference=3
[28822/100000] reference-disagreement tspl-divergence-protocol-body len=201 artifacts=47 advent-overaccept=34 advent-underaccept=11 compiler-timeout=1 reference-disagreement=1746 same=27027 tree-difference=3
[28838/100000] reference-disagreement wide:trailing-closure:block-comment+glue+newline:real:SyntaxLiteralUtils:28 len=307 artifacts=47 advent-overaccept=34 advent-underaccept=11 compiler-timeout=1 reference-disagreement=1747 same=27042 tree-difference=3
[28841/100000] reference-disagreement wide:struct-member:raw:real:TokenSequence:188 len=263 artifacts=47 advent-overaccept=34 advent-underaccept=11 compiler-timeout=1 reference-disagreement=1748 same=27044 tree-difference=3
[28857/100000] reference-disagreement binding-pattern len=458 artifacts=47 advent-overaccept=34 advent-underaccept=11 compiler-timeout=1 reference-disagreement=1749 same=27059 tree-difference=3
[28879/100000] reference-disagreement wide:extension-member:raw:phase4-keypath:kp-rooted+real:SyntaxTraits:728 len=144 artifacts=47 advent-overaccept=34 advent-underaccept=11 compiler-timeout=1 reference-disagreement=1750 same=27080 tree-difference=3
[28887/100000] reference-disagreement wide:closure:glue:real:Statements:344 len=868 artifacts=47 advent-overaccept=34 advent-underaccept=11 compiler-timeout=1 reference-disagreement=1751 same=27087 tree-difference=3
[28908/100000] reference-disagreement wide:top:raw:translated:testOperatorDecl5#1 len=26 artifacts=47 advent-overaccept=34 advent-underaccept=11 compiler-timeout=1 reference-disagreement=1752 same=27107 tree-difference=3
[28918/100000] reference-disagreement attribute-ifconfig-elseif-list len=122 artifacts=47 advent-overaccept=34 advent-underaccept=11 compiler-timeout=1 reference-disagreement=1753 same=27116 tree-difference=3
[28939/100000] reference-disagreement keypath-component-matrix len=53 artifacts=47 advent-overaccept=34 advent-underaccept=11 compiler-timeout=1 reference-disagreement=1754 same=27136 tree-difference=3
[28977/100000] reference-disagreement wide:struct-member:space+glue:translated:testOperatorDecl18#1 len=91 artifacts=47 advent-overaccept=34 advent-underaccept=11 compiler-timeout=1 reference-disagreement=1755 same=27173 tree-difference=3
[28982/100000] advent-overaccept wide:ifconfig:raw:phase4-coroutine:op-trailing-comma+translated:testIdentifiers5#1 len=132 artifacts=48 advent-overaccept=35 advent-underaccept=11 compiler-timeout=1 reference-disagreement=1755 same=27177 tree-difference=3
[28993/100000] reference-disagreement wide:extension-member:newline+newline:real:CustomTraits:57 len=182 artifacts=48 advent-overaccept=35 advent-underaccept=11 compiler-timeout=1 reference-disagreement=1756 same=27187 tree-difference=3
[29000/100000] same collection-type-boundary len=105 artifacts=48 advent-overaccept=35 advent-underaccept=11 compiler-timeout=1 reference-disagreement=1756 same=27194 tree-difference=3
[29005/100000] reference-disagreement wide:trailing-closure:newline+newline:declaration:testInitializerWithReturnType#2 len=30 artifacts=48 advent-overaccept=35 advent-underaccept=11 compiler-timeout=1 reference-disagreement=1757 same=27198 tree-difference=3
[29008/100000] reference-disagreement binding-pattern len=458 artifacts=48 advent-overaccept=35 advent-underaccept=11 compiler-timeout=1 reference-disagreement=1758 same=27200 tree-difference=3
[29009/100000] reference-disagreement wide:ifconfig:line-comment+newline:translated:testOperatorDeclDesignatedTypes16#1 len=63 artifacts=48 advent-overaccept=35 advent-underaccept=11 compiler-timeout=1 reference-disagreement=1759 same=27200 tree-difference=3
[29046/100000] reference-disagreement attribute-ifconfig-elseif-list len=133 artifacts=48 advent-overaccept=35 advent-underaccept=11 compiler-timeout=1 reference-disagreement=1760 same=27236 tree-difference=3
[29076/100000] reference-disagreement tspl-divergence-protocol-body len=228 artifacts=48 advent-overaccept=35 advent-underaccept=11 compiler-timeout=1 reference-disagreement=1761 same=27265 tree-difference=3
[29083/100000] reference-disagreement wide:trailing-closure:newline:real:ResultBuilders:476+translated:testSwitch47#1 len=218 artifacts=48 advent-overaccept=35 advent-underaccept=11 compiler-timeout=1 reference-disagreement=1762 same=27271 tree-difference=3
[29102/100000] reference-disagreement wide:func-body:raw:real:Assertions:187 len=1169 artifacts=48 advent-overaccept=35 advent-underaccept=11 compiler-timeout=1 reference-disagreement=1763 same=27289 tree-difference=3
[29128/100000] reference-disagreement wide:closure:block-comment+space:real:TokenSyntax:211 len=443 artifacts=48 advent-overaccept=35 advent-underaccept=11 compiler-timeout=1 reference-disagreement=1764 same=27314 tree-difference=3
[29130/100000] reference-disagreement wide:struct-member:raw:phase4-type:func-type+declaration:testPrecedenceGroup#2 len=132 artifacts=48 advent-overaccept=35 advent-underaccept=11 compiler-timeout=1 reference-disagreement=1765 same=27315 tree-difference=3
[29135/100000] reference-disagreement wide:extension-member:space+newline+newline:attribute:testMacroRoleNames#5 len=85 artifacts=48 advent-overaccept=35 advent-underaccept=11 compiler-timeout=1 reference-disagreement=1766 same=27319 tree-difference=3
[29174/100000] reference-disagreement declaration-modifier-stack len=34 artifacts=48 advent-overaccept=35 advent-underaccept=11 compiler-timeout=1 reference-disagreement=1767 same=27357 tree-difference=3
[29178/100000] reference-disagreement wide:extension-member:line-comment:real:RawSyntax:367 len=663 artifacts=48 advent-overaccept=35 advent-underaccept=11 compiler-timeout=1 reference-disagreement=1768 same=27360 tree-difference=3
[29195/100000] reference-disagreement keypath-boundary len=40 artifacts=48 advent-overaccept=35 advent-underaccept=11 compiler-timeout=1 reference-disagreement=1769 same=27376 tree-difference=3
[29226/100000] reference-disagreement wide:struct-member:raw:translated:testOperatorDecl18#1 len=90 artifacts=48 advent-overaccept=35 advent-underaccept=11 compiler-timeout=1 reference-disagreement=1770 same=27406 tree-difference=3
[29236/100000] reference-disagreement tspl-divergence-protocol-body len=76 artifacts=48 advent-overaccept=35 advent-underaccept=11 compiler-timeout=1 reference-disagreement=1771 same=27415 tree-difference=3
[29242/100000] advent-overaccept wide:after-statement:newline:type:testLifetimeSpecifier#2+real:RawSyntax:958 len=392 artifacts=49 advent-overaccept=36 advent-underaccept=11 compiler-timeout=1 reference-disagreement=1771 same=27420 tree-difference=3
[29250/100000] same wide:struct-member:newline:reject:testTry11g#1 len=61 artifacts=49 advent-overaccept=36 advent-underaccept=11 compiler-timeout=1 reference-disagreement=1771 same=27428 tree-difference=3
[29272/100000] reference-disagreement wide:trailing-closure:block-comment:attribute:testABIAttribute#11+real:SyntaxTraits:840 len=125 artifacts=49 advent-overaccept=36 advent-underaccept=11 compiler-timeout=1 reference-disagreement=1772 same=27449 tree-difference=3
[29276/100000] reference-disagreement member-list-wide-boundary len=243 artifacts=49 advent-overaccept=36 advent-underaccept=11 compiler-timeout=1 reference-disagreement=1773 same=27452 tree-difference=3
[29289/100000] reference-disagreement wide:trailing-closure:raw:real:LayoutNodes+Parsable:127 len=182 artifacts=49 advent-overaccept=36 advent-underaccept=11 compiler-timeout=1 reference-disagreement=1774 same=27464 tree-difference=3
[29314/100000] reference-disagreement wide:top:raw:declaration:testOpenVarInCodeBlockItemList#1 len=34 artifacts=49 advent-overaccept=36 advent-underaccept=11 compiler-timeout=1 reference-disagreement=1775 same=27488 tree-difference=3
[29324/100000] reference-disagreement wide:func-body:glue:real:SyntaxCollections:372+real:SyntaxExpressibleByStringInterpolationConformances:217 len=694 artifacts=49 advent-overaccept=36 advent-underaccept=11 compiler-timeout=1 reference-disagreement=1776 same=27497 tree-difference=3
[29335/100000] reference-disagreement tspl-divergence-protocol-body len=90 artifacts=49 advent-overaccept=36 advent-underaccept=11 compiler-timeout=1 reference-disagreement=1777 same=27507 tree-difference=3
[29407/100000] reference-disagreement wide:closure:raw:real:Syntax+StringInterpolation:530+real:SyntaxComparison:24 len=178 artifacts=49 advent-overaccept=36 advent-underaccept=11 compiler-timeout=1 reference-disagreement=1778 same=27578 tree-difference=3
[29417/100000] reference-disagreement wide:func-body:newline:real:DeclSyntaxParseable:52 len=67 artifacts=49 advent-overaccept=36 advent-underaccept=11 compiler-timeout=1 reference-disagreement=1779 same=27587 tree-difference=3
[29447/100000] reference-disagreement member-list-wide-boundary len=144 artifacts=49 advent-overaccept=36 advent-underaccept=11 compiler-timeout=1 reference-disagreement=1780 same=27616 tree-difference=3
[29450/100000] reference-disagreement wide:closure:keyword+glue+block-comment:real:SyntaxExpressibleByStringInterpolationConformances:142 len=87 artifacts=49 advent-overaccept=36 advent-underaccept=11 compiler-timeout=1 reference-disagreement=1781 same=27618 tree-difference=3
[29463/100000] reference-disagreement wide:trailing-closure:line-comment:real:ResultBuilders:63 len=177 artifacts=49 advent-overaccept=36 advent-underaccept=11 compiler-timeout=1 reference-disagreement=1782 same=27630 tree-difference=3
[29475/100000] reference-disagreement wide:struct-member:newline:translated:testModuleSelectorExpr#8 len=69 artifacts=49 advent-overaccept=36 advent-underaccept=11 compiler-timeout=1 reference-disagreement=1783 same=27641 tree-difference=3
[29476/100000] reference-disagreement wide:func-body:glue+space+line-comment:real:SyntaxTraits:762 len=86 artifacts=49 advent-overaccept=36 advent-underaccept=11 compiler-timeout=1 reference-disagreement=1784 same=27641 tree-difference=3
[29489/100000] reference-disagreement wide:extension-member:glue:real:IsLexerClassified:139 len=503 artifacts=49 advent-overaccept=36 advent-underaccept=11 compiler-timeout=1 reference-disagreement=1785 same=27653 tree-difference=3
[29500/100000] same wide:ifconfig:raw:reject:testRecovery116#1 len=86 artifacts=49 advent-overaccept=36 advent-underaccept=11 compiler-timeout=1 reference-disagreement=1785 same=27664 tree-difference=3
[29507/100000] reference-disagreement keypath-boundary len=40 artifacts=49 advent-overaccept=36 advent-underaccept=11 compiler-timeout=1 reference-disagreement=1786 same=27670 tree-difference=3
[29519/100000] reference-disagreement wide:closure:newline:translated:testOperators26#1+phase4-misc:typealias-public len=73 artifacts=49 advent-overaccept=36 advent-underaccept=11 compiler-timeout=1 reference-disagreement=1787 same=27681 tree-difference=3
[29522/100000] reference-disagreement member-list-wide-boundary len=330 artifacts=49 advent-overaccept=36 advent-underaccept=11 compiler-timeout=1 reference-disagreement=1788 same=27683 tree-difference=3
[29557/100000] advent-overaccept wide:func-body:newline+splice:translated:testTry4#1 len=159 artifacts=50 advent-overaccept=37 advent-underaccept=11 compiler-timeout=1 reference-disagreement=1788 same=27717 tree-difference=3
[29573/100000] reference-disagreement attribute-ifconfig-elseif-list len=117 artifacts=50 advent-overaccept=37 advent-underaccept=11 compiler-timeout=1 reference-disagreement=1789 same=27732 tree-difference=3
[29583/100000] reference-disagreement keypath-component-matrix len=38 artifacts=50 advent-overaccept=37 advent-underaccept=11 compiler-timeout=1 reference-disagreement=1790 same=27741 tree-difference=3
[29598/100000] reference-disagreement tspl-divergence-protocol-body len=242 artifacts=50 advent-overaccept=37 advent-underaccept=11 compiler-timeout=1 reference-disagreement=1791 same=27755 tree-difference=3
[29610/100000] reference-disagreement tspl-divergence-protocol-body len=174 artifacts=50 advent-overaccept=37 advent-underaccept=11 compiler-timeout=1 reference-disagreement=1792 same=27766 tree-difference=3
[29621/100000] reference-disagreement wide:extension-member:raw:real:SyntaxExpressibleByStringInterpolationConformances:112 len=87 artifacts=50 advent-overaccept=37 advent-underaccept=11 compiler-timeout=1 reference-disagreement=1793 same=27776 tree-difference=3
[29628/100000] reference-disagreement wide:before-statement:newline:attribute:testABIAttribute#12 len=44 artifacts=50 advent-overaccept=37 advent-underaccept=11 compiler-timeout=1 reference-disagreement=1794 same=27782 tree-difference=3
[29643/100000] reference-disagreement keypath-component-matrix len=33 artifacts=50 advent-overaccept=37 advent-underaccept=11 compiler-timeout=1 reference-disagreement=1795 same=27796 tree-difference=3
[29647/100000] reference-disagreement grammarish-member-list len=204 artifacts=50 advent-overaccept=37 advent-underaccept=11 compiler-timeout=1 reference-disagreement=1796 same=27799 tree-difference=3
[29649/100000] reference-disagreement tspl-divergence-protocol-body len=171 artifacts=50 advent-overaccept=37 advent-underaccept=11 compiler-timeout=1 reference-disagreement=1797 same=27800 tree-difference=3
[29669/100000] reference-disagreement wide:trailing-closure:raw:declaration:testVariableDeclarations#7+real:Diagnostic:97 len=319 artifacts=50 advent-overaccept=37 advent-underaccept=11 compiler-timeout=1 reference-disagreement=1798 same=27819 tree-difference=3
[29680/100000] reference-disagreement wide:extension-member:space:real:SyntaxTraits:776 len=66 artifacts=50 advent-overaccept=37 advent-underaccept=11 compiler-timeout=1 reference-disagreement=1799 same=27829 tree-difference=3
[29683/100000] reference-disagreement wide:ifconfig:raw:attribute:testIsolatedTypeAttribute#2 len=51 artifacts=50 advent-overaccept=37 advent-underaccept=11 compiler-timeout=1 reference-disagreement=1800 same=27831 tree-difference=3
[29696/100000] reference-disagreement grammarish-member-list len=332 artifacts=50 advent-overaccept=37 advent-underaccept=11 compiler-timeout=1 reference-disagreement=1801 same=27843 tree-difference=3
[29703/100000] reference-disagreement wide:trailing-closure:raw:real:SyntaxEnum:1225 len=687 artifacts=50 advent-overaccept=37 advent-underaccept=11 compiler-timeout=1 reference-disagreement=1802 same=27849 tree-difference=3
[29714/100000] reference-disagreement tspl-divergence-protocol-body len=94 artifacts=50 advent-overaccept=37 advent-underaccept=11 compiler-timeout=1 reference-disagreement=1803 same=27859 tree-difference=3
[29730/100000] reference-disagreement tspl-divergence-protocol-body len=117 artifacts=50 advent-overaccept=37 advent-underaccept=11 compiler-timeout=1 reference-disagreement=1804 same=27874 tree-difference=3
[29749/100000] reference-disagreement wide:closure:delete:attribute:testMacroRoleNames#11 len=67 artifacts=50 advent-overaccept=37 advent-underaccept=11 compiler-timeout=1 reference-disagreement=1805 same=27892 tree-difference=3
[29750/100000] same wide:top:raw:reject:testStringLiteralEof6#1 len=22 artifacts=50 advent-overaccept=37 advent-underaccept=11 compiler-timeout=1 reference-disagreement=1805 same=27893 tree-difference=3
[29770/100000] reference-disagreement wide:func-body:raw:reject:testMacroRoleNames#1 len=64 artifacts=50 advent-overaccept=37 advent-underaccept=11 compiler-timeout=1 reference-disagreement=1806 same=27912 tree-difference=3
[29794/100000] reference-disagreement wide:ifconfig:newline+swap+duplicate:real:ResultBuilders:689 len=593 artifacts=50 advent-overaccept=37 advent-underaccept=11 compiler-timeout=1 reference-disagreement=1807 same=27935 tree-difference=3
[29845/100000] reference-disagreement wide:closure:block-comment+space+splice:real:SyntaxTraits:778 len=100 artifacts=50 advent-overaccept=37 advent-underaccept=11 compiler-timeout=1 reference-disagreement=1808 same=27985 tree-difference=3
[29848/100000] reference-disagreement wide:trailing-closure:raw:real:Names:371 len=250 artifacts=50 advent-overaccept=37 advent-underaccept=11 compiler-timeout=1 reference-disagreement=1809 same=27987 tree-difference=3
[29849/100000] reference-disagreement wide:trailing-closure:space:real:SyntaxTraits:830 len=61 artifacts=50 advent-overaccept=37 advent-underaccept=11 compiler-timeout=1 reference-disagreement=1810 same=27987 tree-difference=3
[29865/100000] reference-disagreement wide:trailing-closure:raw:real:SwiftSyntaxCompatibility:259+translated:testMatchingPatterns26#1 len=351 artifacts=50 advent-overaccept=37 advent-underaccept=11 compiler-timeout=1 reference-disagreement=1811 same=28002 tree-difference=3
[29866/100000] reference-disagreement func-body len=458 artifacts=50 advent-overaccept=37 advent-underaccept=11 compiler-timeout=1 reference-disagreement=1812 same=28002 tree-difference=3
[29888/100000] reference-disagreement wide:closure:raw:attribute:testDocumentationAttribute#2 len=92 artifacts=50 advent-overaccept=37 advent-underaccept=11 compiler-timeout=1 reference-disagreement=1813 same=28023 tree-difference=3
[29903/100000] reference-disagreement tspl-divergence-protocol-body len=235 artifacts=50 advent-overaccept=37 advent-underaccept=11 compiler-timeout=1 reference-disagreement=1814 same=28037 tree-difference=3
[29918/100000] reference-disagreement wide:after-statement:splice+space+line-comment:translated:testSwitch41#1 len=727 artifacts=50 advent-overaccept=37 advent-underaccept=11 compiler-timeout=1 reference-disagreement=1815 same=28051 tree-difference=3
[29924/100000] reference-disagreement wide:func-body:splice:real:ParserDiagnosticMessages:665 len=236 artifacts=50 advent-overaccept=37 advent-underaccept=11 compiler-timeout=1 reference-disagreement=1816 same=28056 tree-difference=3
[29973/100000] reference-disagreement wide:trailing-closure:raw:translated:testSwitch13#1 len=45 artifacts=50 advent-overaccept=37 advent-underaccept=11 compiler-timeout=1 reference-disagreement=1817 same=28104 tree-difference=3
[30000/100000] same import-attribute-boundary len=39 artifacts=50 advent-overaccept=37 advent-underaccept=11 compiler-timeout=1 reference-disagreement=1817 same=28131 tree-difference=3
[30020/100000] advent-overaccept wide:func-body:line-comment:translated:testForwardSlashRegexSkipping52#1+declaration:testUsing#11 len=88 artifacts=51 advent-overaccept=38 advent-underaccept=11 compiler-timeout=1 reference-disagreement=1817 same=28150 tree-difference=3
[30048/100000] reference-disagreement wide:func-body:newline+newline:real:Syntax+StringInterpolation:263 len=171 artifacts=51 advent-overaccept=38 advent-underaccept=11 compiler-timeout=1 reference-disagreement=1818 same=28177 tree-difference=3
[30068/100000] reference-disagreement wide:struct-member:newline:real:RenamedChildrenBuilderCompatibility:977 len=1114 artifacts=51 advent-overaccept=38 advent-underaccept=11 compiler-timeout=1 reference-disagreement=1819 same=28196 tree-difference=3
[30092/100000] reference-disagreement member-list-wide-boundary len=399 artifacts=51 advent-overaccept=38 advent-underaccept=11 compiler-timeout=1 reference-disagreement=1820 same=28219 tree-difference=3
[30116/100000] reference-disagreement tspl-divergence-protocol-body len=169 artifacts=51 advent-overaccept=38 advent-underaccept=11 compiler-timeout=1 reference-disagreement=1821 same=28242 tree-difference=3
[30125/100000] reference-disagreement wide:closure:raw:real:ResultBuilders:540 len=146 artifacts=51 advent-overaccept=38 advent-underaccept=11 compiler-timeout=1 reference-disagreement=1822 same=28250 tree-difference=3
[30130/100000] reference-disagreement wide:closure:raw:real:ResultBuilders:358 len=144 artifacts=51 advent-overaccept=38 advent-underaccept=11 compiler-timeout=1 reference-disagreement=1823 same=28254 tree-difference=3
[30156/100000] reference-disagreement wide:func-body:line-comment+newline:real:PeerMacro:19 len=529 artifacts=51 advent-overaccept=38 advent-underaccept=11 compiler-timeout=1 reference-disagreement=1824 same=28279 tree-difference=3
[30190/100000] reference-disagreement tspl-divergence-protocol-body len=101 artifacts=51 advent-overaccept=38 advent-underaccept=11 compiler-timeout=1 reference-disagreement=1825 same=28312 tree-difference=3
[30204/100000] reference-disagreement wide:extension-member:duplicate:phase2-literal:tuple-labelled len=43 artifacts=51 advent-overaccept=38 advent-underaccept=11 compiler-timeout=1 reference-disagreement=1826 same=28325 tree-difference=3
[30210/100000] reference-disagreement wide:trailing-closure:glue+newline:real:SyntaxCollections:591 len=499 artifacts=51 advent-overaccept=38 advent-underaccept=11 compiler-timeout=1 reference-disagreement=1827 same=28330 tree-difference=3
[30238/100000] reference-disagreement attribute-ifconfig-elseif-list len=124 artifacts=51 advent-overaccept=38 advent-underaccept=11 compiler-timeout=1 reference-disagreement=1828 same=28357 tree-difference=3
[30250/100000] same expr-let len=24 artifacts=51 advent-overaccept=38 advent-underaccept=11 compiler-timeout=1 reference-disagreement=1828 same=28369 tree-difference=3
[30254/100000] reference-disagreement wide:trailing-closure:line-comment:real:ConvenienceInitializers:68 len=134 artifacts=51 advent-overaccept=38 advent-underaccept=11 compiler-timeout=1 reference-disagreement=1829 same=28372 tree-difference=3
[30282/100000] reference-disagreement wide:closure:raw:real:SyntaxTraits:722 len=80 artifacts=51 advent-overaccept=38 advent-underaccept=11 compiler-timeout=1 reference-disagreement=1830 same=28399 tree-difference=3
[30295/100000] reference-disagreement keypath-boundary len=36 artifacts=51 advent-overaccept=38 advent-underaccept=11 compiler-timeout=1 reference-disagreement=1831 same=28411 tree-difference=3
[30330/100000] reference-disagreement wide:top:block-comment+glue+block-comment:reject:testAvailabilityQueryUnavailability23#1+translated:testModuleSelectorExpr#19 len=64 artifacts=51 advent-overaccept=38 advent-underaccept=11 compiler-timeout=1 reference-disagreement=1832 same=28445 tree-difference=3
[30337/100000] reference-disagreement member-list-wide-boundary len=125 artifacts=51 advent-overaccept=38 advent-underaccept=11 compiler-timeout=1 reference-disagreement=1833 same=28451 tree-difference=3
[30349/100000] reference-disagreement wide:struct-member:raw:real:Utils:46 len=265 artifacts=51 advent-overaccept=38 advent-underaccept=11 compiler-timeout=1 reference-disagreement=1834 same=28462 tree-difference=3
[30350/100000] reference-disagreement wide:func-body:line-comment+block-comment:translated:testSwitch13#1 len=67 artifacts=51 advent-overaccept=38 advent-underaccept=11 compiler-timeout=1 reference-disagreement=1835 same=28462 tree-difference=3
[30352/100000] reference-disagreement wide:ifconfig:newline+duplicate:translated:testMatchingPatterns15#1 len=36 artifacts=51 advent-overaccept=38 advent-underaccept=11 compiler-timeout=1 reference-disagreement=1836 same=28463 tree-difference=3
[30364/100000] reference-disagreement wide:extension-member:newline:real:ResultBuilders:42 len=190 artifacts=51 advent-overaccept=38 advent-underaccept=11 compiler-timeout=1 reference-disagreement=1837 same=28474 tree-difference=3
[30366/100000] reference-disagreement wide:trailing-closure:glue:phase3-type:extension-empty len=23 artifacts=51 advent-overaccept=38 advent-underaccept=11 compiler-timeout=1 reference-disagreement=1838 same=28475 tree-difference=3
[30382/100000] reference-disagreement wide:trailing-closure:block-comment:translated:testOrinalDefinedInAttr12#1 len=94 artifacts=51 advent-overaccept=38 advent-underaccept=11 compiler-timeout=1 reference-disagreement=1839 same=28490 tree-difference=3
[30385/100000] reference-disagreement wide:closure:space+glue:real:PackageDependency:69 len=344 artifacts=51 advent-overaccept=38 advent-underaccept=11 compiler-timeout=1 reference-disagreement=1840 same=28492 tree-difference=3
[30389/100000] reference-disagreement wide:closure:raw:declaration:testVariableDeclarations#11 len=73 artifacts=51 advent-overaccept=38 advent-underaccept=11 compiler-timeout=1 reference-disagreement=1841 same=28495 tree-difference=3
[30404/100000] reference-disagreement wide:closure:keyword+glue+newline:real:SyntaxUtils:79 len=923 artifacts=51 advent-overaccept=38 advent-underaccept=11 compiler-timeout=1 reference-disagreement=1842 same=28509 tree-difference=3
[30413/100000] reference-disagreement wide:func-body:raw:phase4-available:avail-unavailable+real:Names:19 len=973 artifacts=51 advent-overaccept=38 advent-underaccept=11 compiler-timeout=1 reference-disagreement=1843 same=28517 tree-difference=3
[30415/100000] reference-disagreement attribute-ifconfig-elseif-list len=118 artifacts=51 advent-overaccept=38 advent-underaccept=11 compiler-timeout=1 reference-disagreement=1844 same=28518 tree-difference=3
[30478/100000] reference-disagreement tspl-divergence-accessor-commitment len=49 artifacts=51 advent-overaccept=38 advent-underaccept=11 compiler-timeout=1 reference-disagreement=1845 same=28580 tree-difference=3
[30482/100000] reference-disagreement wide:func-body:glue:real:SyntaxUtils:21 len=1050 artifacts=51 advent-overaccept=38 advent-underaccept=11 compiler-timeout=1 reference-disagreement=1846 same=28583 tree-difference=3
[30500/100000] same pattern-matrix-boundary len=515 artifacts=51 advent-overaccept=38 advent-underaccept=11 compiler-timeout=1 reference-disagreement=1846 same=28601 tree-difference=3
[30510/100000] reference-disagreement wide:struct-member:raw:real:ConvenienceInitializers:76 len=226 artifacts=51 advent-overaccept=38 advent-underaccept=11 compiler-timeout=1 reference-disagreement=1847 same=28610 tree-difference=3
[30546/100000] reference-disagreement member-list-wide-boundary len=258 artifacts=51 advent-overaccept=38 advent-underaccept=11 compiler-timeout=1 reference-disagreement=1848 same=28645 tree-difference=3
[30557/100000] reference-disagreement wide:ifconfig:splice+glue:expression:testKeypathExpressionWithSugaredRoot#2 len=21 artifacts=51 advent-overaccept=38 advent-underaccept=11 compiler-timeout=1 reference-disagreement=1849 same=28655 tree-difference=3
[30566/100000] reference-disagreement wide:closure:raw:translated:testMultilineString13#1+real:ResultBuilders:557 len=261 artifacts=51 advent-overaccept=38 advent-underaccept=11 compiler-timeout=1 reference-disagreement=1850 same=28663 tree-difference=3
[30579/100000] reference-disagreement wide:closure:raw:real:FormatRawStringLiteral:72 len=439 artifacts=51 advent-overaccept=38 advent-underaccept=11 compiler-timeout=1 reference-disagreement=1851 same=28675 tree-difference=3
[30580/100000] reference-disagreement wide:struct-member:raw:real:LexerDiagnosticMessages:30 len=292 artifacts=51 advent-overaccept=38 advent-underaccept=11 compiler-timeout=1 reference-disagreement=1852 same=28675 tree-difference=3
[30581/100000] advent-underaccept wide:func-body:keyword+newline:translated:testForwardSlashRegexSkipping37#1 len=44 artifacts=52 advent-overaccept=38 advent-underaccept=12 compiler-timeout=1 reference-disagreement=1852 same=28675 tree-difference=3
[30593/100000] reference-disagreement attribute-ifconfig-elseif-list len=112 artifacts=52 advent-overaccept=38 advent-underaccept=12 compiler-timeout=1 reference-disagreement=1853 same=28686 tree-difference=3
[30643/100000] reference-disagreement tspl-divergence-protocol-body len=131 artifacts=52 advent-overaccept=38 advent-underaccept=12 compiler-timeout=1 reference-disagreement=1854 same=28735 tree-difference=3
[30704/100000] reference-disagreement wide:extension-member:duplicate:translated:testSemicolon1#1 len=47 artifacts=52 advent-overaccept=38 advent-underaccept=12 compiler-timeout=1 reference-disagreement=1855 same=28795 tree-difference=3
[30712/100000] reference-disagreement wide:extension-member:line-comment:translated:testEnum33#1+real:PackageTarget:149 len=463 artifacts=52 advent-overaccept=38 advent-underaccept=12 compiler-timeout=1 reference-disagreement=1856 same=28802 tree-difference=3
[30735/100000] reference-disagreement wide:struct-member:raw:real:ResultBuilders:154 len=190 artifacts=52 advent-overaccept=38 advent-underaccept=12 compiler-timeout=1 reference-disagreement=1857 same=28824 tree-difference=3
[30750/100000] same wide:func-body:space+delete+duplicate:reject:testEnum89#1+translated:testDollarIdentifier7#1 len=278 artifacts=52 advent-overaccept=38 advent-underaccept=12 compiler-timeout=1 reference-disagreement=1857 same=28839 tree-difference=3
[30763/100000] reference-disagreement nested-ifconfig-boundary len=117 artifacts=52 advent-overaccept=38 advent-underaccept=12 compiler-timeout=1 reference-disagreement=1858 same=28851 tree-difference=3
[30766/100000] reference-disagreement keypath-component-matrix len=37 artifacts=52 advent-overaccept=38 advent-underaccept=12 compiler-timeout=1 reference-disagreement=1859 same=28853 tree-difference=3
[30784/100000] reference-disagreement wide:func-body:newline:real:LocationMarkers:55 len=580 artifacts=52 advent-overaccept=38 advent-underaccept=12 compiler-timeout=1 reference-disagreement=1860 same=28870 tree-difference=3
[30795/100000] reference-disagreement tspl-divergence-protocol-body len=145 artifacts=52 advent-overaccept=38 advent-underaccept=12 compiler-timeout=1 reference-disagreement=1861 same=28880 tree-difference=3
[30797/100000] reference-disagreement wide:after-statement:newline:statement:testSwitch#2 len=55 artifacts=52 advent-overaccept=38 advent-underaccept=12 compiler-timeout=1 reference-disagreement=1862 same=28881 tree-difference=3
[30800/100000] reference-disagreement wide:trailing-closure:keyword:real:MissingNodeInitializers:26 len=139 artifacts=52 advent-overaccept=38 advent-underaccept=12 compiler-timeout=1 reference-disagreement=1863 same=28883 tree-difference=3
[30802/100000] reference-disagreement attribute-boundary len=43 artifacts=52 advent-overaccept=38 advent-underaccept=12 compiler-timeout=1 reference-disagreement=1864 same=28884 tree-difference=3
[30824/100000] reference-disagreement wide:after-statement:glue:declaration:testLiteralInitializerWithTrailingClosure#1 len=41 artifacts=52 advent-overaccept=38 advent-underaccept=12 compiler-timeout=1 reference-disagreement=1865 same=28905 tree-difference=3
[30835/100000] reference-disagreement wide:func-body:raw:translated:testInvalidStringInterpolationProtocol4#1 len=283 artifacts=52 advent-overaccept=38 advent-underaccept=12 compiler-timeout=1 reference-disagreement=1866 same=28915 tree-difference=3
[30843/100000] advent-overaccept wide:closure:raw:declaration:testUsing#11 len=47 artifacts=53 advent-overaccept=39 advent-underaccept=12 compiler-timeout=1 reference-disagreement=1866 same=28922 tree-difference=3
[30861/100000] reference-disagreement tspl-divergence-protocol-body len=114 artifacts=53 advent-overaccept=39 advent-underaccept=12 compiler-timeout=1 reference-disagreement=1867 same=28939 tree-difference=3
[30865/100000] reference-disagreement wide:trailing-closure:raw:real:SourceLocation:477 len=67 artifacts=53 advent-overaccept=39 advent-underaccept=12 compiler-timeout=1 reference-disagreement=1868 same=28942 tree-difference=3
[30868/100000] reference-disagreement member-list-wide-boundary len=178 artifacts=53 advent-overaccept=39 advent-underaccept=12 compiler-timeout=1 reference-disagreement=1869 same=28944 tree-difference=3
[30875/100000] reference-disagreement attribute-ifconfig-elseif-list len=128 artifacts=53 advent-overaccept=39 advent-underaccept=12 compiler-timeout=1 reference-disagreement=1870 same=28950 tree-difference=3
[30876/100000] reference-disagreement wide:before-statement:raw:translated:testEnum83#1 len=52 artifacts=53 advent-overaccept=39 advent-underaccept=12 compiler-timeout=1 reference-disagreement=1871 same=28950 tree-difference=3
[30877/100000] reference-disagreement tspl-divergence-protocol-body len=128 artifacts=53 advent-overaccept=39 advent-underaccept=12 compiler-timeout=1 reference-disagreement=1872 same=28950 tree-difference=3
[30878/100000] reference-disagreement wide:trailing-closure:raw:real:ResultBuilders:189 len=119 artifacts=53 advent-overaccept=39 advent-underaccept=12 compiler-timeout=1 reference-disagreement=1873 same=28950 tree-difference=3
[30879/100000] reference-disagreement wide:closure:raw:real:SyntaxBaseNodes:325+translated:testDeinitInSwiftinterfaceIsFollowedByFinalFunc#1 len=117 artifacts=53 advent-overaccept=39 advent-underaccept=12 compiler-timeout=1 reference-disagreement=1874 same=28950 tree-difference=3
[30903/100000] reference-disagreement member-list-wide-boundary len=248 artifacts=53 advent-overaccept=39 advent-underaccept=12 compiler-timeout=1 reference-disagreement=1875 same=28973 tree-difference=3
[30916/100000] reference-disagreement wide:struct-member:glue:real:BuildableNodes:137 len=1060 artifacts=53 advent-overaccept=39 advent-underaccept=12 compiler-timeout=1 reference-disagreement=1876 same=28985 tree-difference=3
[30947/100000] reference-disagreement wide:trailing-closure:raw:translated:testOptionalLvalues12#1+real:SyntaxCollections:961 len=508 artifacts=53 advent-overaccept=39 advent-underaccept=12 compiler-timeout=1 reference-disagreement=1877 same=29015 tree-difference=3
[30950/100000] reference-disagreement wide:closure:raw:real:SyntaxCollections:961 len=496 artifacts=53 advent-overaccept=39 advent-underaccept=12 compiler-timeout=1 reference-disagreement=1878 same=29017 tree-difference=3
[30960/100000] reference-disagreement wide:func-body:splice+keyword+newline:real:RawSyntaxLayoutView:13 len=413 artifacts=53 advent-overaccept=39 advent-underaccept=12 compiler-timeout=1 reference-disagreement=1879 same=29026 tree-difference=3
[30976/100000] advent-overaccept wide:interpolation:block-comment:translated:testTypeExpr11#3 len=25 artifacts=54 advent-overaccept=40 advent-underaccept=12 compiler-timeout=1 reference-disagreement=1879 same=29041 tree-difference=3
[30989/100000] reference-disagreement wide:extension-member:space:real:SwiftVersion:13 len=163 artifacts=54 advent-overaccept=40 advent-underaccept=12 compiler-timeout=1 reference-disagreement=1880 same=29053 tree-difference=3
[31000/100000] same binding-pattern len=474 artifacts=54 advent-overaccept=40 advent-underaccept=12 compiler-timeout=1 reference-disagreement=1880 same=29064 tree-difference=3
[31013/100000] tree-difference wide:after-statement:block-comment+newline:phase4-type:generic-member-call len=42 artifacts=55 advent-overaccept=40 advent-underaccept=12 compiler-timeout=1 reference-disagreement=1880 same=29076 tree-difference=4
[31014/100000] reference-disagreement wide:func-body:raw:real:SyntaxExpressibleByStringInterpolationConformances:97 len=88 artifacts=55 advent-overaccept=40 advent-underaccept=12 compiler-timeout=1 reference-disagreement=1881 same=29076 tree-difference=4
[31044/100000] reference-disagreement wide:ifconfig:space:attribute:testMacroRoleNames#5 len=79 artifacts=55 advent-overaccept=40 advent-underaccept=12 compiler-timeout=1 reference-disagreement=1882 same=29105 tree-difference=4
[31047/100000] reference-disagreement tspl-divergence-protocol-body len=196 artifacts=55 advent-overaccept=40 advent-underaccept=12 compiler-timeout=1 reference-disagreement=1883 same=29107 tree-difference=4
[31057/100000] reference-disagreement wide:closure:line-comment+newline:translated:testIfconfigExpr10#1+real:SyntaxExpressibleByStringInterpolationConformances:163 len=350 artifacts=55 advent-overaccept=40 advent-underaccept=12 compiler-timeout=1 reference-disagreement=1884 same=29116 tree-difference=4
[31080/100000] reference-disagreement attribute-ifconfig-elseif-list len=120 artifacts=55 advent-overaccept=40 advent-underaccept=12 compiler-timeout=1 reference-disagreement=1885 same=29138 tree-difference=4
[31082/100000] reference-disagreement tspl-divergence-accessor-commitment len=49 artifacts=55 advent-overaccept=40 advent-underaccept=12 compiler-timeout=1 reference-disagreement=1886 same=29139 tree-difference=4
[31109/100000] reference-disagreement wide:trailing-closure:glue:real:CompilerPluginMessageHandler:144 len=529 artifacts=55 advent-overaccept=40 advent-underaccept=12 compiler-timeout=1 reference-disagreement=1887 same=29165 tree-difference=4
[31127/100000] reference-disagreement wide:ifconfig:raw:declaration:testInitializerWithReturnType#2 len=35 artifacts=55 advent-overaccept=40 advent-underaccept=12 compiler-timeout=1 reference-disagreement=1888 same=29182 tree-difference=4
[31130/100000] reference-disagreement attribute-boundary len=34 artifacts=55 advent-overaccept=40 advent-underaccept=12 compiler-timeout=1 reference-disagreement=1889 same=29184 tree-difference=4
[31166/100000] reference-disagreement wide:closure:space+glue:real:SourceEdit:112 len=451 artifacts=55 advent-overaccept=40 advent-underaccept=12 compiler-timeout=1 reference-disagreement=1890 same=29219 tree-difference=4
[31173/100000] reference-disagreement wide:after-statement:keyword+block-comment:statement:testIfHasSymbol#1 len=51 artifacts=55 advent-overaccept=40 advent-underaccept=12 compiler-timeout=1 reference-disagreement=1891 same=29225 tree-difference=4
[31175/100000] reference-disagreement attribute-ifconfig-elseif-list len=133 artifacts=55 advent-overaccept=40 advent-underaccept=12 compiler-timeout=1 reference-disagreement=1892 same=29226 tree-difference=4
[31240/100000] reference-disagreement keypath-component-matrix len=41 artifacts=55 advent-overaccept=40 advent-underaccept=12 compiler-timeout=1 reference-disagreement=1893 same=29290 tree-difference=4
[31250/100000] same wide:interpolation:newline+splice+delete:translated:testForwardSlashRegex110#1 len=20 artifacts=55 advent-overaccept=40 advent-underaccept=12 compiler-timeout=1 reference-disagreement=1893 same=29300 tree-difference=4
[31256/100000] reference-disagreement wide:struct-member:glue:real:SyntaxExtensions:72 len=255 artifacts=55 advent-overaccept=40 advent-underaccept=12 compiler-timeout=1 reference-disagreement=1894 same=29305 tree-difference=4
[31263/100000] reference-disagreement wide:trailing-closure:raw:real:ConvenienceInitializers:88 len=75 artifacts=55 advent-overaccept=40 advent-underaccept=12 compiler-timeout=1 reference-disagreement=1895 same=29311 tree-difference=4
[31279/100000] reference-disagreement grammarish-member-list len=299 artifacts=55 advent-overaccept=40 advent-underaccept=12 compiler-timeout=1 reference-disagreement=1896 same=29326 tree-difference=4
[31286/100000] reference-disagreement keypath-boundary len=38 artifacts=55 advent-overaccept=40 advent-underaccept=12 compiler-timeout=1 reference-disagreement=1897 same=29332 tree-difference=4
[31345/100000] reference-disagreement member-list-wide-boundary len=344 artifacts=55 advent-overaccept=40 advent-underaccept=12 compiler-timeout=1 reference-disagreement=1898 same=29390 tree-difference=4
[31349/100000] reference-disagreement binding-pattern len=458 artifacts=55 advent-overaccept=40 advent-underaccept=12 compiler-timeout=1 reference-disagreement=1899 same=29393 tree-difference=4
[31350/100000] reference-disagreement wide:func-body:raw:translated:testInvalidStringInterpolationProtocol7#1+real:LayoutNodes+Parsable:55 len=828 artifacts=55 advent-overaccept=40 advent-underaccept=12 compiler-timeout=1 reference-disagreement=1900 same=29393 tree-difference=4
[31353/100000] reference-disagreement wide:ifconfig:keyword+space+newline:attribute:testAttachedExtensionAttribute#2 len=67 artifacts=55 advent-overaccept=40 advent-underaccept=12 compiler-timeout=1 reference-disagreement=1901 same=29395 tree-difference=4
[31399/100000] reference-disagreement wide:trailing-closure:raw:real:LayoutNodes+Parsable:231 len=188 artifacts=55 advent-overaccept=40 advent-underaccept=12 compiler-timeout=1 reference-disagreement=1902 same=29440 tree-difference=4
[31421/100000] reference-disagreement tspl-divergence-protocol-body len=246 artifacts=55 advent-overaccept=40 advent-underaccept=12 compiler-timeout=1 reference-disagreement=1903 same=29461 tree-difference=4
[31448/100000] reference-disagreement cast-try-operator-cluster len=24 artifacts=55 advent-overaccept=40 advent-underaccept=12 compiler-timeout=1 reference-disagreement=1904 same=29487 tree-difference=4
[31452/100000] reference-disagreement wide:before-statement:raw:attribute:testABIAttribute#7 len=84 artifacts=55 advent-overaccept=40 advent-underaccept=12 compiler-timeout=1 reference-disagreement=1905 same=29490 tree-difference=4
[31475/100000] reference-disagreement declaration-modifier-stack len=34 artifacts=55 advent-overaccept=40 advent-underaccept=12 compiler-timeout=1 reference-disagreement=1906 same=29512 tree-difference=4
[31492/100000] reference-disagreement tspl-divergence-protocol-body len=195 artifacts=55 advent-overaccept=40 advent-underaccept=12 compiler-timeout=1 reference-disagreement=1907 same=29528 tree-difference=4
[31500/100000] reference-disagreement tspl-divergence-protocol-body len=213 artifacts=55 advent-overaccept=40 advent-underaccept=12 compiler-timeout=1 reference-disagreement=1908 same=29535 tree-difference=4
[31519/100000] reference-disagreement keypath-boundary len=40 artifacts=55 advent-overaccept=40 advent-underaccept=12 compiler-timeout=1 reference-disagreement=1909 same=29553 tree-difference=4
[31541/100000] reference-disagreement tspl-divergence-accessor-commitment len=78 artifacts=55 advent-overaccept=40 advent-underaccept=12 compiler-timeout=1 reference-disagreement=1910 same=29574 tree-difference=4
[31552/100000] reference-disagreement wide:closure:raw:real:Specifiers:581 len=521 artifacts=55 advent-overaccept=40 advent-underaccept=12 compiler-timeout=1 reference-disagreement=1911 same=29584 tree-difference=4
[31557/100000] reference-disagreement attribute-ifconfig-elseif-list len=131 artifacts=55 advent-overaccept=40 advent-underaccept=12 compiler-timeout=1 reference-disagreement=1912 same=29588 tree-difference=4
[31563/100000] reference-disagreement wide:extension-member:raw:real:SwiftSyntaxCompatibility:813 len=218 artifacts=55 advent-overaccept=40 advent-underaccept=12 compiler-timeout=1 reference-disagreement=1913 same=29593 tree-difference=4
[31573/100000] reference-disagreement wide:trailing-closure:raw:real:SyntaxProtocol+Formatted:19+real:SyntaxCollections:647 len=799 artifacts=55 advent-overaccept=40 advent-underaccept=12 compiler-timeout=1 reference-disagreement=1914 same=29602 tree-difference=4
[31651/100000] reference-disagreement wide:trailing-closure:block-comment+line-comment+space:translated:testIdentifiers5#1+declaration:testOpenVarInCodeBlockItemList#1 len=132 artifacts=55 advent-overaccept=40 advent-underaccept=12 compiler-timeout=1 reference-disagreement=1915 same=29679 tree-difference=4
[31670/100000] reference-disagreement wide:closure:delete+delete:real:MacroExpansion:41 len=563 artifacts=55 advent-overaccept=40 advent-underaccept=12 compiler-timeout=1 reference-disagreement=1916 same=29697 tree-difference=4
[31750/100000] same wide:ifconfig:raw:real:BuildableNodes:1282 len=629 artifacts=55 advent-overaccept=40 advent-underaccept=12 compiler-timeout=1 reference-disagreement=1916 same=29777 tree-difference=4
[31755/100000] reference-disagreement wide:extension-member:block-comment+space:real:BuildableNodes:1557 len=1272 artifacts=55 advent-overaccept=40 advent-underaccept=12 compiler-timeout=1 reference-disagreement=1917 same=29781 tree-difference=4
[31764/100000] reference-disagreement wide:after-statement:block-comment+newline:translated:testTypeExpr5#1 len=51 artifacts=55 advent-overaccept=40 advent-underaccept=12 compiler-timeout=1 reference-disagreement=1918 same=29789 tree-difference=4
[31768/100000] reference-disagreement wide:extension-member:raw:real:Convenience:13 len=1067 artifacts=55 advent-overaccept=40 advent-underaccept=12 compiler-timeout=1 reference-disagreement=1919 same=29792 tree-difference=4
[31772/100000] reference-disagreement member-list-wide-boundary len=227 artifacts=55 advent-overaccept=40 advent-underaccept=12 compiler-timeout=1 reference-disagreement=1920 same=29795 tree-difference=4
[31774/100000] reference-disagreement wide:func-body:raw:translated:testConsumeExpr3#1+real:IsValidIdentifier:68 len=1185 artifacts=55 advent-overaccept=40 advent-underaccept=12 compiler-timeout=1 reference-disagreement=1921 same=29796 tree-difference=4
[31778/100000] reference-disagreement wide:extension-member:raw:translated:testOperatorDeclDesignatedTypes17#1 len=106 artifacts=55 advent-overaccept=40 advent-underaccept=12 compiler-timeout=1 reference-disagreement=1922 same=29799 tree-difference=4
[31786/100000] reference-disagreement wide:extension-member:raw:phase3-enum-case:case-ifconfig+real:Diagnostic:110 len=901 artifacts=55 advent-overaccept=40 advent-underaccept=12 compiler-timeout=1 reference-disagreement=1923 same=29806 tree-difference=4
[31787/100000] reference-disagreement wide:closure:raw:real:RawSyntaxNodesTUVWXYZ:17 len=89 artifacts=55 advent-overaccept=40 advent-underaccept=12 compiler-timeout=1 reference-disagreement=1924 same=29806 tree-difference=4
[31814/100000] reference-disagreement statement-list len=568 artifacts=55 advent-overaccept=40 advent-underaccept=12 compiler-timeout=1 reference-disagreement=1925 same=29832 tree-difference=4
[31868/100000] reference-disagreement wide:func-body:raw:real:SourceEdit:112 len=444 artifacts=55 advent-overaccept=40 advent-underaccept=12 compiler-timeout=1 reference-disagreement=1926 same=29885 tree-difference=4
[31874/100000] reference-disagreement wide:after-statement:line-comment+line-comment+keyword:statement:testIfHasSymbol#2+real:LexerDiagnosticMessages:26 len=158 artifacts=55 advent-overaccept=40 advent-underaccept=12 compiler-timeout=1 reference-disagreement=1927 same=29890 tree-difference=4
[31881/100000] reference-disagreement wide:trailing-closure:keyword+line-comment+glue:real:ResultBuilders:245 len=214 artifacts=55 advent-overaccept=40 advent-underaccept=12 compiler-timeout=1 reference-disagreement=1928 same=29896 tree-difference=4
[31888/100000] reference-disagreement attribute-ifconfig-elseif-list len=126 artifacts=55 advent-overaccept=40 advent-underaccept=12 compiler-timeout=1 reference-disagreement=1929 same=29902 tree-difference=4
[31908/100000] reference-disagreement wide:func-body:newline:translated:testIdentifiers11#1+real:SyntaxClassifier:45 len=642 artifacts=55 advent-overaccept=40 advent-underaccept=12 compiler-timeout=1 reference-disagreement=1930 same=29921 tree-difference=4
[31910/100000] reference-disagreement tspl-divergence-protocol-body len=131 artifacts=55 advent-overaccept=40 advent-underaccept=12 compiler-timeout=1 reference-disagreement=1931 same=29922 tree-difference=4
[31949/100000] reference-disagreement wide:closure:raw:real:CallLikeSyntax:20 len=364 artifacts=55 advent-overaccept=40 advent-underaccept=12 compiler-timeout=1 reference-disagreement=1932 same=29960 tree-difference=4
[31954/100000] reference-disagreement wide:extension-member:glue:real:DeclSyntaxParseable:59 len=70 artifacts=55 advent-overaccept=40 advent-underaccept=12 compiler-timeout=1 reference-disagreement=1933 same=29964 tree-difference=4
[31963/100000] reference-disagreement wide:trailing-closure:raw:real:SyntaxUtils:19 len=103 artifacts=55 advent-overaccept=40 advent-underaccept=12 compiler-timeout=1 reference-disagreement=1934 same=29972 tree-difference=4
[31975/100000] reference-disagreement tspl-divergence-protocol-body len=230 artifacts=55 advent-overaccept=40 advent-underaccept=12 compiler-timeout=1 reference-disagreement=1935 same=29983 tree-difference=4
[31997/100000] reference-disagreement wide:extension-member:raw:real:ParserDiagnosticMessages:48 len=358 artifacts=55 advent-overaccept=40 advent-underaccept=12 compiler-timeout=1 reference-disagreement=1936 same=30004 tree-difference=4
[32000/100000] same interpolation-boundary len=71 artifacts=55 advent-overaccept=40 advent-underaccept=12 compiler-timeout=1 reference-disagreement=1936 same=30007 tree-difference=4
[32007/100000] reference-disagreement keypath-boundary len=36 artifacts=55 advent-overaccept=40 advent-underaccept=12 compiler-timeout=1 reference-disagreement=1937 same=30013 tree-difference=4
[32022/100000] reference-disagreement wide:trailing-closure:glue:real:SyntaxCollections:224 len=506 artifacts=55 advent-overaccept=40 advent-underaccept=12 compiler-timeout=1 reference-disagreement=1938 same=30027 tree-difference=4
[32026/100000] reference-disagreement keypath-component-matrix len=53 artifacts=55 advent-overaccept=40 advent-underaccept=12 compiler-timeout=1 reference-disagreement=1939 same=30030 tree-difference=4
[32027/100000] reference-disagreement member-list-wide-boundary len=261 artifacts=55 advent-overaccept=40 advent-underaccept=12 compiler-timeout=1 reference-disagreement=1940 same=30030 tree-difference=4
[32039/100000] reference-disagreement keypath-component-matrix len=40 artifacts=55 advent-overaccept=40 advent-underaccept=12 compiler-timeout=1 reference-disagreement=1941 same=30041 tree-difference=4
[32058/100000] reference-disagreement member-list-wide-boundary len=261 artifacts=55 advent-overaccept=40 advent-underaccept=12 compiler-timeout=1 reference-disagreement=1942 same=30059 tree-difference=4
[32061/100000] reference-disagreement wide:extension-member:duplicate+delete:declaration:testParsePoundError#1 len=49 artifacts=55 advent-overaccept=40 advent-underaccept=12 compiler-timeout=1 reference-disagreement=1943 same=30061 tree-difference=4
[32105/100000] reference-disagreement wide:interpolation:swap+glue:declaration:testDeinitializers#1 len=19 artifacts=55 advent-overaccept=40 advent-underaccept=12 compiler-timeout=1 reference-disagreement=1944 same=30104 tree-difference=4
[32113/100000] reference-disagreement keypath-boundary len=33 artifacts=55 advent-overaccept=40 advent-underaccept=12 compiler-timeout=1 reference-disagreement=1945 same=30111 tree-difference=4
[32115/100000] reference-disagreement wide:after-statement:block-comment+newline:attribute:testABIAttribute#18 len=58 artifacts=55 advent-overaccept=40 advent-underaccept=12 compiler-timeout=1 reference-disagreement=1946 same=30112 tree-difference=4
[32118/100000] reference-disagreement attribute-ifconfig-elseif-list len=133 artifacts=55 advent-overaccept=40 advent-underaccept=12 compiler-timeout=1 reference-disagreement=1947 same=30114 tree-difference=4
[32121/100000] reference-disagreement wide:func-body:raw:real:ManifestEditError:28 len=891 artifacts=55 advent-overaccept=40 advent-underaccept=12 compiler-timeout=1 reference-disagreement=1948 same=30116 tree-difference=4
[32131/100000] reference-disagreement wide:before-statement:space:translated:testSwitch46#1 len=108 artifacts=55 advent-overaccept=40 advent-underaccept=12 compiler-timeout=1 reference-disagreement=1949 same=30125 tree-difference=4
[32212/100000] reference-disagreement attribute-ifconfig-elseif-list len=133 artifacts=55 advent-overaccept=40 advent-underaccept=12 compiler-timeout=1 reference-disagreement=1950 same=30205 tree-difference=4
[32213/100000] reference-disagreement wide:after-statement:line-comment:declaration:testParsePoundError#1+translated:testSwitch73#1 len=153 artifacts=55 advent-overaccept=40 advent-underaccept=12 compiler-timeout=1 reference-disagreement=1951 same=30205 tree-difference=4
[32214/100000] reference-disagreement attribute-ifconfig-elseif-list len=115 artifacts=55 advent-overaccept=40 advent-underaccept=12 compiler-timeout=1 reference-disagreement=1952 same=30205 tree-difference=4
[32224/100000] reference-disagreement wide:before-statement:raw:declaration:testAccessors#1 len=56 artifacts=55 advent-overaccept=40 advent-underaccept=12 compiler-timeout=1 reference-disagreement=1953 same=30214 tree-difference=4
[32250/100000] same wide:func-body:keyword+glue:reject:testLifetimeSpecifier#1 len=43 artifacts=55 advent-overaccept=40 advent-underaccept=12 compiler-timeout=1 reference-disagreement=1953 same=30240 tree-difference=4
[32252/100000] reference-disagreement wide:after-statement:raw:declaration:testReferenceToOpenThatLooksLikeDeclarationModifier#1 len=54 artifacts=55 advent-overaccept=40 advent-underaccept=12 compiler-timeout=1 reference-disagreement=1954 same=30241 tree-difference=4
[32270/100000] reference-disagreement nested-ifconfig-boundary len=113 artifacts=55 advent-overaccept=40 advent-underaccept=12 compiler-timeout=1 reference-disagreement=1955 same=30258 tree-difference=4
[32278/100000] reference-disagreement tspl-divergence-accessor-commitment len=78 artifacts=55 advent-overaccept=40 advent-underaccept=12 compiler-timeout=1 reference-disagreement=1956 same=30265 tree-difference=4
[32302/100000] reference-disagreement member-list-wide-boundary len=137 artifacts=55 advent-overaccept=40 advent-underaccept=12 compiler-timeout=1 reference-disagreement=1957 same=30288 tree-difference=4
[32313/100000] reference-disagreement wide:top:newline+keyword+line-comment:declaration:testTrailingCommas#1 len=72 artifacts=55 advent-overaccept=40 advent-underaccept=12 compiler-timeout=1 reference-disagreement=1958 same=30298 tree-difference=4
[32324/100000] reference-disagreement declaration-modifier-stack len=34 artifacts=55 advent-overaccept=40 advent-underaccept=12 compiler-timeout=1 reference-disagreement=1959 same=30308 tree-difference=4
[32328/100000] reference-disagreement wide:closure:raw:declaration:testAccessorBlockDisambiguationMarker#1 len=72 artifacts=55 advent-overaccept=40 advent-underaccept=12 compiler-timeout=1 reference-disagreement=1960 same=30311 tree-difference=4
[32343/100000] reference-disagreement wide:before-statement:newline:translated:testSwitch42#1 len=81 artifacts=55 advent-overaccept=40 advent-underaccept=12 compiler-timeout=1 reference-disagreement=1961 same=30325 tree-difference=4
[32366/100000] reference-disagreement wide:closure:newline+newline:real:RenamedChildrenBuilderCompatibility:547 len=1043 artifacts=55 advent-overaccept=40 advent-underaccept=12 compiler-timeout=1 reference-disagreement=1962 same=30347 tree-difference=4
[32374/100000] reference-disagreement wide:ifconfig:newline:translated:testOperatorDeclDesignatedTypes14#1+attribute:testSemanticsAttribute#1 len=290 artifacts=55 advent-overaccept=40 advent-underaccept=12 compiler-timeout=1 reference-disagreement=1963 same=30354 tree-difference=4
[32454/100000] reference-disagreement wide:top:block-comment+duplicate+block-comment:translated:testInvalidStringInterpolationProtocol5#1+real:NameMatcher:447 len=731 artifacts=55 advent-overaccept=40 advent-underaccept=12 compiler-timeout=1 reference-disagreement=1964 same=30433 tree-difference=4
[32456/100000] reference-disagreement wide:struct-member:splice+glue:real:SyntaxEditUtils:270 len=442 artifacts=55 advent-overaccept=40 advent-underaccept=12 compiler-timeout=1 reference-disagreement=1965 same=30434 tree-difference=4
[32498/100000] reference-disagreement wide:func-body:newline+newline+line-comment:real:SwiftSyntaxCompatibility:238 len=148 artifacts=55 advent-overaccept=40 advent-underaccept=12 compiler-timeout=1 reference-disagreement=1966 same=30475 tree-difference=4
[32500/100000] reference-disagreement tspl-divergence-accessor-commitment len=78 artifacts=55 advent-overaccept=40 advent-underaccept=12 compiler-timeout=1 reference-disagreement=1967 same=30476 tree-difference=4
[32516/100000] advent-underaccept wide:after-statement:swap:real:DeclSyntaxParseable:54+translated:testForwardSlashRegex135#1 len=80 artifacts=56 advent-overaccept=40 advent-underaccept=13 compiler-timeout=1 reference-disagreement=1967 same=30491 tree-difference=4
[32534/100000] reference-disagreement wide:func-body:line-comment+newline:type:testInverseTypesInParameter#5+translated:testAvailabilityQuery23#1 len=143 artifacts=56 advent-overaccept=40 advent-underaccept=13 compiler-timeout=1 reference-disagreement=1968 same=30508 tree-difference=4
[32546/100000] reference-disagreement member-list-wide-boundary len=193 artifacts=56 advent-overaccept=40 advent-underaccept=13 compiler-timeout=1 reference-disagreement=1969 same=30519 tree-difference=4
[32549/100000] reference-disagreement wide:closure:space:real:LayoutNodes+Parsable:175 len=224 artifacts=56 advent-overaccept=40 advent-underaccept=13 compiler-timeout=1 reference-disagreement=1970 same=30521 tree-difference=4
[32585/100000] reference-disagreement wide:after-statement:raw:translated:testInitDeinit16#1 len=71 artifacts=56 advent-overaccept=40 advent-underaccept=13 compiler-timeout=1 reference-disagreement=1971 same=30556 tree-difference=4
[32612/100000] reference-disagreement wide:extension-member:raw:real:RawSyntax:175 len=346 artifacts=56 advent-overaccept=40 advent-underaccept=13 compiler-timeout=1 reference-disagreement=1972 same=30582 tree-difference=4
[32632/100000] reference-disagreement binding-pattern len=458 artifacts=56 advent-overaccept=40 advent-underaccept=13 compiler-timeout=1 reference-disagreement=1973 same=30601 tree-difference=4
[32662/100000] reference-disagreement wide:func-body:raw:real:ScopeSyntax:51 len=824 artifacts=56 advent-overaccept=40 advent-underaccept=13 compiler-timeout=1 reference-disagreement=1974 same=30630 tree-difference=4
[32667/100000] reference-disagreement wide:closure:raw:real:SyntaxCollections:1166+real:SyntaxExpressibleByStringInterpolationConformances:166 len=583 artifacts=56 advent-overaccept=40 advent-underaccept=13 compiler-timeout=1 reference-disagreement=1975 same=30634 tree-difference=4
[32671/100000] reference-disagreement wide:extension-member:line-comment:real:Attributes:839 len=535 artifacts=56 advent-overaccept=40 advent-underaccept=13 compiler-timeout=1 reference-disagreement=1976 same=30637 tree-difference=4
[32686/100000] reference-disagreement keypath-component-matrix len=37 artifacts=56 advent-overaccept=40 advent-underaccept=13 compiler-timeout=1 reference-disagreement=1977 same=30651 tree-differenc